This file contains any messages produced by compilers while
running configure, to aid debugging if configure makes a mistake.

It was created by GNU patch configure 2.7.6, which was
generated by GNU Autoconf 2.71.  Invocation command line was

  $ ../patch-2.7.6/configure --build=x86_64-linux --host=x86_64-linux --target=x86_64-linux --prefix=/home/ubuntu/yocto/rpi-build/tmp/work/x86_64-linux/patch-native/2.7.6-r0/recipe-sysroot-native/usr --exec_prefix=/home/ubuntu/yocto/rpi-build/tmp/work/x86_64-linux/patch-native/2.7.6-r0/recipe-sysroot-native/usr --bindir=/home/ubuntu/yocto/rpi-build/tmp/work/x86_64-linux/patch-native/2.7.6-r0/recipe-sysroot-native/usr/bin --sbindir=/home/ubuntu/yocto/rpi-build/tmp/work/x86_64-linux/patch-native/2.7.6-r0/recipe-sysroot-native/usr/sbin --libexecdir=/home/ubuntu/yocto/rpi-build/tmp/work/x86_64-linux/patch-native/2.7.6-r0/recipe-sysroot-native/usr/libexec --datadir=/home/ubuntu/yocto/rpi-build/tmp/work/x86_64-linux/patch-native/2.7.6-r0/recipe-sysroot-native/usr/share --sysconfdir=/home/ubuntu/yocto/rpi-build/tmp/work/x86_64-linux/patch-native/2.7.6-r0/recipe-sysroot-native/etc --sharedstatedir=/home/ubuntu/yocto/rpi-build/tmp/work/x86_64-linux/patch-native/2.7.6-r0/recipe-sysroot-native/com --localstatedir=/home/ubuntu/yocto/rpi-build/tmp/work/x86_64-linux/patch-native/2.7.6-r0/recipe-sysroot-native/var --libdir=/home/ubuntu/yocto/rpi-build/tmp/work/x86_64-linux/patch-native/2.7.6-r0/recipe-sysroot-native/usr/lib --includedir=/home/ubuntu/yocto/rpi-build/tmp/work/x86_64-linux/patch-native/2.7.6-r0/recipe-sysroot-native/usr/include --oldincludedir=/home/ubuntu/yocto/rpi-build/tmp/work/x86_64-linux/patch-native/2.7.6-r0/recipe-sysroot-native/usr/include --infodir=/home/ubuntu/yocto/rpi-build/tmp/work/x86_64-linux/patch-native/2.7.6-r0/recipe-sysroot-native/usr/share/info --mandir=/home/ubuntu/yocto/rpi-build/tmp/work/x86_64-linux/patch-native/2.7.6-r0/recipe-sysroot-native/usr/share/man --disable-silent-rules --disable-dependency-tracking --disable-static --enable-xattr

## --------- ##
## Platform. ##
## --------- ##

hostname = DESKTOP-CSPIOE3
uname -m = x86_64
uname -r = 6.6.87.2-microsoft-standard-WSL2
uname -s = Linux
uname -v = #1 SMP PREEMPT_DYNAMIC Thu Jun  5 18:30:46 UTC 2025

/usr/bin/uname -p = x86_64
/bin/uname -X     = unknown

/bin/arch              = x86_64
/usr/bin/arch -k       = unknown
/usr/convex/getsysinfo = unknown
/usr/bin/hostinfo      = unknown
/bin/machine           = unknown
/usr/bin/oslevel       = unknown
/bin/universe          = unknown

PATH: /home/ubuntu/yocto/poky/scripts/native-intercept/
PATH: /home/ubuntu/yocto/rpi-build/tmp/sysroots-uninative/x86_64-linux/usr/bin/
PATH: /home/ubuntu/yocto/poky/scripts/
PATH: /home/ubuntu/yocto/rpi-build/tmp/work/x86_64-linux/patch-native/2.7.6-r0/recipe-sysroot-native/usr/bin/x86_64-linux/
PATH: /home/ubuntu/yocto/rpi-build/tmp/work/x86_64-linux/patch-native/2.7.6-r0/recipe-sysroot-native/usr/bin/
PATH: /home/ubuntu/yocto/rpi-build/tmp/work/x86_64-linux/patch-native/2.7.6-r0/recipe-sysroot-native/usr/sbin/
PATH: /home/ubuntu/yocto/rpi-build/tmp/work/x86_64-linux/patch-native/2.7.6-r0/recipe-sysroot-native/usr/bin/
PATH: /home/ubuntu/yocto/rpi-build/tmp/work/x86_64-linux/patch-native/2.7.6-r0/recipe-sysroot-native/sbin/
PATH: /home/ubuntu/yocto/rpi-build/tmp/work/x86_64-linux/patch-native/2.7.6-r0/recipe-sysroot-native/bin/
PATH: /home/ubuntu/yocto/poky/bitbake/bin/
PATH: /home/ubuntu/yocto/rpi-build/tmp/hosttools/


## ----------- ##
## Core tests. ##
## ----------- ##

configure:3194: loading site script /home/ubuntu/yocto/poky/meta/site/endian-little
| ac_cv_c_littleendian=${ac_cv_c_littleendian=yes}
| ac_cv_c_bigendian=${ac_cv_c_bigendian=no}
| 
| # libnet
| ac_cv_libnet_endianess=${ac_cv_libnet_endianess=lil}
| 
| # libmemcached
| ac_cv_c_endian=little
configure:3194: loading site script /home/ubuntu/yocto/poky/meta/site/common-linux
| # gettext - these add sleep delays otherwise
| gl_cv_func_sleep_works=${gl_cv_func_sleep_works=yes}
| gl_cv_header_working_fcntl_h=${gl_cv_header_working_fcntl_h=yes}
| # the euc-jp tests in iconv.m4 break elfutils and libunistring depending on the
| # host locales installed. Avoid this by skipping the tests, we're not on HP-UX!
| am_cv_func_iconv_works=${am_cv_func_iconv_works=yes}
| 
| # apr
| ac_cv_file__dev_zero=${ac_cv_file__dev_zero=yes}
| ac_cv_sizeof_pid_t=${ac_cv_sizeof_pid_t=4}
| ac_cv_func_pthread_key_delete=${ac_cv_func_pthread_key_delete=yes}
| apr_cv_tcp_nodelay_with_cork=${apr_cv_tcp_nodelay_with_cork=yes}
| apr_cv_process_shared_works=${apr_cv_process_shared_works=no}
| 
| # samba
| samba_cv_HAVE_IFACE_AIX=${samba_cv_HAVE_IFACE_AIX=no}
| samba_cv_HAVE_IFACE_IFCONF=${samba_cv_HAVE_IFACE_IFCONF=yes}
| samba_cv_HAVE_IFACE_IFREQ=${samba_cv_HAVE_IFACE_IFREQ=yes}
| samba_cv_HAVE_IRIX_SPECIFIC_CAPABILITIES=${samba_cv_HAVE_IRIX_SPECIFIC_CAPABILITIES=no}
| 
| # db
| db_cv_path_ar=${db_cv_path_ar=/usr/bin/ar}
| db_cv_path_chmod=${db_cv_path_chmod=/bin/chmod}
| db_cv_path_cp=${db_cv_path_cp=/bin/cp}
| db_cv_path_ln=${db_cv_path_ln=/bin/ln}
| db_cv_path_mkdir=${db_cv_path_mkdir=/bin/mkdir}
| db_cv_path_ranlib=${db_cv_path_ranlib=/usr/bin/ranlib}
| db_cv_path_rm=${db_cv_path_rm=/bin/rm}
| db_cv_path_sh=${db_cv_path_sh=/bin/sh}
| db_cv_path_strip=${db_cv_path_strip=/usr/bin/strip}
| 
| # bash
| bash_cv_have_mbstate_t=${bash_cv_have_mbstate_t=yes}
| bash_cv_must_reinstall_sighandlers=${bash_cv_must_reinstall_sighandlers=no}
| bash_cv_func_strcoll_broken=${bash_cv_func_strcoll_broken=no}
| bash_cv_dup2_broken=${bash_cv_dup2_broken=no}
| bash_cv_opendir_not_robust=${bash_cv_opendir_not_robust=no}
| bash_cv_type_rlimit=${bash_cv_type_rlimit=rlim_t}
| bash_cv_getenv_redef=${bash_cv_getenv_redef=yes}
| bash_cv_ulimit_maxfds=${bash_cv_ulimit_maxfds=yes}
| bash_cv_getcwd_calls_popen=${bash_cv_getcwd_calls_popen=no}
| bash_cv_printf_a_format=${bash_cv_printf_a_format=yes}
| bash_cv_pgrp_pipe=${bash_cv_pgrp_pipe=no}
| bash_cv_job_control_missing=${bash_cv_job_control_missing=present}
| bash_cv_sys_named_pipes=${bash_cv_sys_named_pipes=present}
| bash_cv_unusable_rtsigs=${bash_cv_unusable_rtsigs=no}
| 
| # ccache
| hw_cv_func_snprintf_c99=${hw_cv_func_snprintf_c99=yes}
| hw_cv_func_vsnprintf_c99=${hw_cv_func_vsnprintf_c99=yes}
| 
| # coreutils
| ac_cv_func_chown_works=${ac_cv_func_chown_works=yes}
| ac_cv_func_utime_null=${ac_cv_func_utime_null=yes}
| gl_cv_func_fstatat_zero_flag=${gl_cv_func_fstatat_zero_flag=yes}
| gl_cv_func_link_follows_symlink=${gl_cv_func_link_follows_symlink=no}
| gl_cv_func_unlink_busy_text=${gl_cv_func_unlink_busy_text=yes}
| gl_cv_have_proc_uptime=${gl_cv_have_proc_uptime=yes}
| gl_cv_pipes_are_fifos=${gl_cv_pipes_are_fifos='yes (1)'}
| 
| # mysql
| ac_cv_sys_restartable_syscalls=${ac_cv_sys_restartable_syscalls=yes}
| ac_cv_conv_longlong_to_float=${ac_cv_conv_longlong_to_float=yes}
| 
| # TCL
| tcl_cv_api_serial=${tcl_cv_api_serial=termios}
| 
| # python
| ac_cv_have_long_long_format=yes
| 
| # apache
| ac_cv_o_nonblock_inherited=${ac_cv_o_nonblock_inherited=no}
| 
| # rsync
| rsync_cv_HAVE_C99_VSNPRINTF=${rsync_cv_HAVE_C99_VSNPRINTF=yes}
configure:3194: loading site script /home/ubuntu/yocto/poky/meta/site/common-glibc
| # general
| ac_cv_func_calloc_0_nonnull=${ac_cv_func_calloc_0_nonnull=yes}
| ac_cv_func_realloc_works=${ac_cv_func_realloc_works=yes}
| ac_cv_func_realloc_0_nonnull=${ac_cv_func_realloc_0_nonnull=yes}
| ac_cv_func_malloc_works=${ac_cv_func_malloc_works=yes}
| ac_cv_func_malloc_0_nonnull=${ac_cv_func_malloc_0_nonnull=yes}
| ac_cv_func_memcmp_working=${ac_cv_func_memcmp_working=yes}
| ac_cv_func_getpgrp_void=yes
| ac_cv_func_setpgrp_void=yes
| ac_cv_func_setgrent_void=yes
| ac_cv_func_getgrgid_r=${ac_cv_func_getgrgid_r=yes}
| ac_cv_func_getpwuid_r=${ac_cv_func_getpwuid_r=yes}
| ac_cv_func_posix_getpwuid_r=${ac_cv_func_posix_getpwuid_r=yes}
| ac_cv_func_posix_getgrgid_r=${ac_cv_func_posix_getgrgid_r=yes}
| ac_cv_type_uid_t={ac_cv_type_uid_t=yes}
| ac_cv_func_getaddrinfo=${ac_cv_func_getaddrinfo=yes}
| ac_cv_func_strtod=${ac_cv_func_strtod=yes}
| 
| # bash
| bash_cv_getcwd_malloc=${bash_cv_getcwd_malloc=yes}
| 
| # clamav
| clamav_av_func_working_snprintf_long=${clamav_av_func_working_snprintf_long=yes}
| clamav_av_have_in_port_t=${clamav_av_have_in_port_t=yes}
| clamav_av_have_in_addr_t=${clamav_av_have_in_addr_t=yes}
| ac_cv_func_mmap_fixed_mapped=${ac_cv_func_mmap_fixed_mapped=yes}
| 
| # coreutils
| fu_cv_sys_stat_statfs2_bsize=${fu_cv_sys_stat_statfs2_bsize=yes}
| gl_cv_func_getcwd_abort_bug=${gl_cv_func_getcwd_abort_bug=no}
| gl_cv_func_getcwd_null=${gl_cv_func_getcwd_null=yes}
| gl_cv_func_getcwd_path_max=${gl_cv_func_getcwd_path_max=yes}
| ac_cv_func_getgroups_works=${ac_cv_func_getgroups_works=yes}
| gl_cv_func_nanosleep=${gl_cv_func_nanosleep='no (mishandles large arguments)'}
| gl_cv_func_working_mkstemp=${gl_cv_func_working_mkstemp=yes}
| gl_cv_func_working_mktime=${gl_cv_func_working_mktime=yes}
| gl_cv_func_working_utimes=${gl_cv_func_working_utimes=yes}
| 
| # glib
| glib_cv_strlcpy=${glib_cv_strlcpy=no}
| ac_cv_func_printf_unix98=${ac_cv_func_printf_unix98=yes}
| ac_cv_func_snprintf_c99=${ac_cv_func_snprintf_c99=yes}
| ac_cv_func_vsnprintf_c99=${ac_cv_func_vsnprintf_c99=yes}
| glib_cv_compliant_posix_memalign=${glib_cv_compliant_posix_memalign=1}
| glib_cv_long_long_format=${glib_cv_long_long_format=ll}
| # glib-1.x requires this and pkgconfig-native / pkgconfig-nativesdk use
| # that to avoid a dependency loop.
| glib_cv___va_copy=${glib_cv___va_copy=yes}
| glib_cv_va_copy=${glib_cv_va_copy=yes}
| glib_cv_have_qsort_r=${glib_cv_have_qsort_r=yes}
| 
| #dbus-glib
| ac_cv_have_abstract_sockets=${ac_cv_have_abstract_sockets=yes}
| 
| # gnucash
| am_cv_scanf_lld=${am_cv_scanf_lld=yes}
| 
| # guile
| ac_cv_func_pthread_attr_getstack=${ac_cv_func_pthread_attr_getstack=yes}
| 
| #gcc-zlib
| ac_cv_func_getpagesize=${ac_cv_func_getpagesize=yes}
| ac_cv_func_memcpy=${ac_cv_func_memcpy=yes}
| ac_cv_func_strerror=${ac_cv_func_strerror=yes}
| 
| # squid
| ac_cv_af_unix_large_dgram=${ac_cv_af_unix_large_dgram=yes}
| ac_cv_func_setresuid=${ac_cv_func_setresuid=yes}
| ac_cv_func_va_copy=${ac_cv_func_va_copy=yes}
| ac_cv_func___va_copy=${ac_cv_func___va_copy=yes}
| ac_cv_epoll_works=${ac_cv_epoll_works=yes}
| 
| ac_cv_check_sjlj=ssjlj
| 
| # m4
| gt_cv_locale_fr=${gt_cv_locale_fr=fr_FR}
| gl_cv_func_btowc_eof=${gl_cv_func_btowc_eof=yes}
| gl_cv_func_wcrtomb_retval=${gl_cv_func_wcrtomb_retval=yes}
| gl_cv_func_wctob_works=${gl_cv_func_wctob_works=yes}
| gl_cv_func_mbrtowc_incomplete_state=${gl_cv_func_mbrtowc_incomplete_state=yes}
| gl_cv_func_mbrtowc_sanitycheck=${gl_cv_func_mbrtowc_sanitycheck=yes}
| gl_cv_func_mbrtowc_null_arg=${gl_cv_func_mbrtowc_null_arg=yes}
| gl_cv_func_mbrtowc_retval=${gl_cv_func_mbrtowc_retval=yes}
| gl_cv_func_mbrtowc_nul_retval=${gl_cv_func_mbrtowc_nul_retval=yes}
| 
| # va_copy and _va_copy
| ac_cv_va_copy=${ac_cv_va_copy=yes}
| ac_cv___va_copy=${ac_cv___va_copy=yes}
| ac_cv_func_va_copy=${ac_cv_func_va_copy=yes}
| ac_cv_func___va_copy=${ac_cv_func___va_copy=yes}
| 
| # Xorg
| xorg_cv_malloc0_returns_null=${xorg_cv_malloc0_returns_null=yes}
configure:3194: loading site script /home/ubuntu/yocto/poky/meta/site/x86_64-linux
| # general
| ac_cv_va_val_copy=${ac_cv_va_val_copy=no}
| ac_cv_func_lstat_dereferences_slashed_symlink=${ac_cv_func_lstat_dereferences_slashed_symlink=yes}
| ac_cv_func_lstat_empty_string_bug=${ac_cv_func_lstat_empty_string_bug=no}
| ac_cv_func_posix_getpwnam_r=${ac_cv_func_posix_getpwnam_r=yes}
| ac_cv_func_setvbuf_reversed=${ac_cv_func_setvbuf_reversed=no}
| ac_cv_func_stat_empty_string_bug=${ac_cv_func_stat_empty_string_bug=no}
| ac_cv_func_stat_ignores_trailing_slash=${ac_cv_func_stat_ignores_trailing_slash=no}
| ac_libnet_have_packet_socket=${ac_libnet_have_packet_socket=yes}
| ac_cv_linux_vers=${ac_cv_linux_vers=2}
| ac_cv_need_trio=${ac_cv_need_trio=no}
| ac_cv_sizeof_char=${ac_cv_sizeof_char=1}
| ac_cv_sizeof_int=${ac_cv_sizeof_int=4}
| ac_cv_sizeof_unsigned_int=${ac_cv_sizeof_unsigned_int=4}
| ac_cv_sizeof___int64=${ac_cv_sizeof___int64=0}
| ac_cv_sizeof_long=${ac_cv_sizeof_long=8}
| ac_cv_sizeof_unsigned_long=${ac_cv_sizeof_unsigned_long=8}
| ac_cv_sizeof_long_double=${ac_cv_sizeof_long_double=16}
| ac_cv_sizeof_long_int=${ac_cv_sizeof_long_int=8}
| ac_cv_sizeof_long_long=${ac_cv_sizeof_long_long=8}
| ac_cv_sizeof_short=${ac_cv_sizeof_short=2}
| ac_cv_sizeof_unsigned_short=${ac_cv_sizeof_unsigned_short=2}
| ac_cv_sizeof_short_int=${ac_cv_sizeof_short_int=2}
| ac_cv_sizeof_size_t=${ac_cv_sizeof_size_t=8}
| ac_cv_sizeof_uid_t=${ac_cv_sizeof_uid_t=4}
| ac_cv_sizeof_gid_t=${ac_cv_sizeof_gid_t=4}
| ac_cv_sizeof_dev_t=${ac_cv_sizeof_dev_t=8}
| ac_cv_sizeof_void_p=${ac_cv_sizeof_void_p=8}
| ac_cv_strerror_r_SUSv3=${ac_cv_strerror_r_SUSv3=no}
| db_cv_alignp_t=${db_cv_alignp_t='unsigned long long'}
| db_cv_align_t=${db_cv_align_t='unsigned long long'}
| db_cv_fcntl_f_setfd=${db_cv_fcntl_f_setfd=yes}
| db_cv_sprintf_count=${db_cv_sprintf_count=yes}
| 
| # glib
| glib_cv_hasinline=${glib_cv_hasinline=yes}
| glib_cv_has__inline=${glib_cv_has__inline=yes}
| glib_cv_has__inline__=${glib_cv_has__inline__=yes}
| glib_cv_long_long_format=${glib_cv_long_long_format=ll}
| glib_cv_rtldglobal_broken=${glib_cv_rtldglobal_broken=yes}
| glib_cv_sane_realloc=${glib_cv_sane_realloc=yes}
| glib_cv_sizeof_gmutex=${glib_cv_sizeof_gmutex=40}
| glib_cv_sizeof_intmax_t=${glib_cv_sizeof_intmax_t=8}
| glib_cv_sizeof_ptrdiff_t=${glib_cv_sizeof_ptrdiff_t=8}
| glib_cv_sizeof_size_t=${glib_cv_sizeof_size_t=8}
| glib_cv_sizeof_system_thread=${glib_cv_sizeof_system_thread=8}
| glib_cv_stack_grows=${glib_cv_stack_grows=no}
| glib_cv_sys_pthread_cond_timedwait_posix=${glib_cv_sys_pthread_cond_timedwait_posix=yes}
| glib_cv_sys_pthread_getspecific_posix=${glib_cv_sys_pthread_getspecific_posix=yes}
| glib_cv_sys_pthread_mutex_trylock_posix=${glib_cv_sys_pthread_mutex_trylock_posix=yes}
| glib_cv_uscore=${glib_cv_uscore=no}
| glib_cv_va_val_copy=${glib_cv_va_val_copy=no}
| ac_cv_alignof_guint32=4
| ac_cv_alignof_guint64=8
| ac_cv_alignof_unsigned_long=8
| 
| nano_cv_func_regexec_segv_emptystr=${nano_cv_func_regexec_segv_emptystr=no}
| samba_cv_HAVE_VA_COPY=${samba_cv_HAVE_VA_COPY=yes}
| screen_cv_sys_bcopy_overlap=${screen_cv_sys_bcopy_overlap=no}
| screen_cv_sys_fifo_broken_impl=${screen_cv_sys_fifo_broken_impl=yes}
| screen_cv_sys_fifo_usable=${screen_cv_sys_fifo_usable=yes}
| screen_cv_sys_memcpy_overlap=${screen_cv_sys_memcpy_overlap=no}
| screen_cv_sys_memmove_overlap=${screen_cv_sys_memmove_overlap=no}
| screen_cv_sys_select_broken_retval=${screen_cv_sys_select_broken_retval=no}
| screen_cv_sys_sockets_nofs=${screen_cv_sys_sockets_nofs=no}
| screen_cv_sys_sockets_usable=${screen_cv_sys_sockets_usable=yes}
| screen_cv_sys_terminfo_used=${screen_cv_sys_terminfo_used=yes}
| utils_cv_sys_open_max=${utils_cv_sys_open_max=1015}
| 
| # gettext
| am_cv_func_working_getline=${am_cv_func_working_getline=yes}
| 
| #gcc
| ac_cv_lib_m_sin=${ac_cv_lib_m_sin=yes}
| 
| # bash
| bash_cv_func_sigsetjmp=${bash_cv_func_sigsetjmp=present}
| 
| lf_cv_sane_realloc=yes
| as_cv_unaligned_access=${as_cv_unaligned_access=yes}
| 
| #unfs3
| nfsd_cv_broken_setfsuid=${nfsd_cv_broken_setfsuid=0}
| nfsd_cv_func_statfs=${nfsd_cv_func_statfs=statfs2_bsize}
| nfsd_cv_bsd_signals=${nfsd_cv_bsd_signals=yes}
| 
| #apr
| apr_cv_tcp_nodelay_with_cork=${apr_cv_tcp_nodelay_with_cork=yes}
| 
| # lftp
| lftp_cv_va_val_copy=${lftp_cv_va_val_copy=no}
| 
| # slrn
| slrn_cv_va_val_copy=${slrn_cv_va_val_copy=no}
| 
| # grub
| ac_cv_func___ashldi3=no
| ac_cv_func___ashrdi3=no
| ac_cv_func___bswapdi2=no
| ac_cv_func___bswapsi2=no
| ac_cv_func___lshrdi3=no
| ac_cv_func___trampoline_setup=no
| ac_cv_func___ucmpdi2=no
| ac_cv_func__restgpr_14_x=no
| 
| # cvs
| cvs_cv_func_printf_ptr=${cvs_cv_func_printf_ptr=yes}
| 
| # at-spi2-core
| ac_cv_alignof_char=1
| ac_cv_alignof_dbind_pointer=8
| ac_cv_alignof_dbind_struct=1
| ac_cv_alignof_dbus_bool_t=4
| ac_cv_alignof_dbus_int16_t=2
| ac_cv_alignof_dbus_int32_t=4
| ac_cv_alignof_dbus_int64_t=8
| ac_cv_alignof_double=8
configure:3194: loading site script /home/ubuntu/yocto/poky/meta/site/common
| # libelf
| mr_cv_target_elf=${mr_cv_target_elf=yes}
| 
| # Normally kernels have /dev/random enabled
| ac_cv_file__dev_random=${ac_cv_file__dev_random=yes}
| 
| # Avoid sudo to assume void for unsetenv in cross environment, or else it conflicts with
| # target stdlib.h prototype which follows POSIX compiliance. Mark for upstream.
| sudo_cv_func_unsetenv_void=no
| 
| # shadow dir info, to avoid searching build system
| shadow_cv_maildir=${localstatedir}/spool/mail
| shadow_cv_mailfile=Mailbox
| shadow_cv_utmpdir=${localstatedir}/run
| shadow_cv_logdir=${localstatedir}/log
| shadow_cv_passwd_dir=${bindir}
| 
| # python: deactivate a runtime check for ipv6-support in python >=2.7.1 that fails when cross-compiling
| ac_cv_buggy_getaddrinfo=no
| 
| ac_cv_path_SED=${ac_cv_path_SED=sed}
| 
| # General
| ac_cv_have_decl_sys_siglist=${ac_cv_have_decl_sys_siglist=no}
| 
| # bash
| bash_cv_under_sys_siglist=${bash_cv_under_sys_siglist=no}
| bash_cv_sys_siglist=${bash_cv_sys_siglist=no}
configure:3616: looking for aux files: config.guess config.sub ar-lib compile missing install-sh
configure:3629:  trying ../patch-2.7.6/build-aux/
configure:3658:   ../patch-2.7.6/build-aux/config.guess found
configure:3658:   ../patch-2.7.6/build-aux/config.sub found
configure:3658:   ../patch-2.7.6/build-aux/ar-lib found
configure:3658:   ../patch-2.7.6/build-aux/compile found
configure:3658:   ../patch-2.7.6/build-aux/missing found
configure:3640:   ../patch-2.7.6/build-aux/install-sh found
configure:3815: checking for a BSD-compatible install
configure:3888: result: /home/ubuntu/yocto/rpi-build/tmp/hosttools/install -c
configure:3899: checking whether build environment is sane
configure:3914: result: yes
configure:4064: checking for a race-free mkdir -p
configure:4108: result: /home/ubuntu/yocto/rpi-build/tmp/hosttools/mkdir -p
configure:4115: checking for gawk
configure:4136: found /home/ubuntu/yocto/rpi-build/tmp/hosttools/gawk
configure:4147: result: gawk
configure:4158: checking whether make sets $(MAKE)
configure:4181: result: yes
configure:4211: checking whether make supports nested variables
configure:4229: result: yes
configure:4377: checking whether make supports nested variables
configure:4395: result: yes
configure:4427: checking for x86_64-linux-gcc
configure:4459: result: gcc 
configure:4857: checking for C compiler version
configure:4866: gcc  --version >&5
gcc (Ubuntu 11.4.0-1ubuntu1~22.04.2) 11.4.0
Copyright (C) 2021 Free Software Foundation, Inc.
This is free software; see the source for copying conditions.  There is NO
warranty; not even for MERCHANTABILITY or FITNESS FOR A PARTICULAR PURPOSE.

configure:4877: $? = 0
configure:4866: gcc  -v >&5
Using built-in specs.
COLLECT_GCC=gcc
COLLECT_LTO_WRAPPER=/usr/lib/gcc/x86_64-linux-gnu/11/lto-wrapper
OFFLOAD_TARGET_NAMES=nvptx-none:amdgcn-amdhsa
OFFLOAD_TARGET_DEFAULT=1
Target: x86_64-linux-gnu
Configured with: ../src/configure -v --with-pkgversion='Ubuntu 11.4.0-1ubuntu1~22.04.2' --with-bugurl=file:///usr/share/doc/gcc-11/README.Bugs --enable-languages=c,ada,c++,go,brig,d,fortran,objc,obj-c++,m2 --prefix=/usr --with-gcc-major-version-only --program-suffix=-11 --program-prefix=x86_64-linux-gnu- --enable-shared --enable-linker-build-id --libexecdir=/usr/lib --without-included-gettext --enable-threads=posix --libdir=/usr/lib --enable-nls --enable-bootstrap --enable-clocale=gnu --enable-libstdcxx-debug --enable-libstdcxx-time=yes --with-default-libstdcxx-abi=new --enable-gnu-unique-object --disable-vtable-verify --enable-plugin --enable-default-pie --with-system-zlib --enable-libphobos-checking=release --with-target-system-zlib=auto --enable-objc-gc=auto --enable-multiarch --disable-werror --enable-cet --with-arch-32=i686 --with-abi=m64 --with-multilib-list=m32,m64,mx32 --enable-multilib --with-tune=generic --enable-offload-targets=nvptx-none=/build/gcc-11-2Y5pKs/gcc-11-11.4.0/debian/tmp-nvptx/usr,amdgcn-amdhsa=/build/gcc-11-2Y5pKs/gcc-11-11.4.0/debian/tmp-gcn/usr --without-cuda-driver --enable-checking=release --build=x86_64-linux-gnu --host=x86_64-linux-gnu --target=x86_64-linux-gnu --with-build-config=bootstrap-lto-lean --enable-link-serialization=2
Thread model: posix
Supported LTO compression algorithms: zlib zstd
gcc version 11.4.0 (Ubuntu 11.4.0-1ubuntu1~22.04.2) 
... rest of stderr output deleted ...
configure:4877: $? = 0
configure:4866: gcc  -V >&5
gcc: error: unrecognized command-line option '-V'
gcc: fatal error: no input files
compilation terminated.
configure:4877: $? = 1
configure:4866: gcc  -qversion >&5
gcc: error: unrecognized command-line option '-qversion'; did you mean '--version'?
gcc: fatal error: no input files
compilation terminated.
configure:4877: $? = 1
configure:4866: gcc  -version >&5
gcc: error: unrecognized command-line option '-version'
gcc: fatal error: no input files
compilation terminated.
configure:4877: $? = 1
configure:4897: checking whether the C compiler works
configure:4919: gcc  -isystem/home/ubuntu/yocto/rpi-build/tmp/work/x86_64-linux/patch-native/2.7.6-r0/recipe-sysroot-native/usr/include -O2 -pipe -isystem/home/ubuntu/yocto/rpi-build/tmp/work/x86_64-linux/patch-native/2.7.6-r0/recipe-sysroot-native/usr/include -L/home/ubuntu/yocto/rpi-build/tmp/work/x86_64-linux/patch-native/2.7.6-r0/recipe-sysroot-native/usr/lib                         -L/home/ubuntu/yocto/rpi-build/tmp/work/x86_64-linux/patch-native/2.7.6-r0/recipe-sysroot-native/lib                         -Wl,--enable-new-dtags                         -Wl,-rpath-link,/home/ubuntu/yocto/rpi-build/tmp/work/x86_64-linux/patch-native/2.7.6-r0/recipe-sysroot-native/usr/lib                         -Wl,-rpath-link,/home/ubuntu/yocto/rpi-build/tmp/work/x86_64-linux/patch-native/2.7.6-r0/recipe-sysroot-native/lib                         -Wl,-rpath,/home/ubuntu/yocto/rpi-build/tmp/work/x86_64-linux/patch-native/2.7.6-r0/recipe-sysroot-native/usr/lib                         -Wl,-rpath,/home/ubuntu/yocto/rpi-build/tmp/work/x86_64-linux/patch-native/2.7.6-r0/recipe-sysroot-native/lib                         -Wl,-O1 -Wl,--allow-shlib-undefined -Wl,--dynamic-linker=/home/ubuntu/yocto/rpi-build/tmp/sysroots-uninative/x86_64-linux/lib/ld-linux-x86-64.so.2 conftest.c  >&5
configure:4923: $? = 0
configure:4973: result: yes
configure:4976: checking for C compiler default output file name
configure:4978: result: a.out
configure:4984: checking for suffix of executables
configure:4991: gcc  -o conftest -isystem/home/ubuntu/yocto/rpi-build/tmp/work/x86_64-linux/patch-native/2.7.6-r0/recipe-sysroot-native/usr/include -O2 -pipe -isystem/home/ubuntu/yocto/rpi-build/tmp/work/x86_64-linux/patch-native/2.7.6-r0/recipe-sysroot-native/usr/include -L/home/ubuntu/yocto/rpi-build/tmp/work/x86_64-linux/patch-native/2.7.6-r0/recipe-sysroot-native/usr/lib                         -L/home/ubuntu/yocto/rpi-build/tmp/work/x86_64-linux/patch-native/2.7.6-r0/recipe-sysroot-native/lib                         -Wl,--enable-new-dtags                         -Wl,-rpath-link,/home/ubuntu/yocto/rpi-build/tmp/work/x86_64-linux/patch-native/2.7.6-r0/recipe-sysroot-native/usr/lib                         -Wl,-rpath-link,/home/ubuntu/yocto/rpi-build/tmp/work/x86_64-linux/patch-native/2.7.6-r0/recipe-sysroot-native/lib                         -Wl,-rpath,/home/ubuntu/yocto/rpi-build/tmp/work/x86_64-linux/patch-native/2.7.6-r0/recipe-sysroot-native/usr/lib                         -Wl,-rpath,/home/ubuntu/yocto/rpi-build/tmp/work/x86_64-linux/patch-native/2.7.6-r0/recipe-sysroot-native/lib                         -Wl,-O1 -Wl,--allow-shlib-undefined -Wl,--dynamic-linker=/home/ubuntu/yocto/rpi-build/tmp/sysroots-uninative/x86_64-linux/lib/ld-linux-x86-64.so.2 conftest.c  >&5
configure:4995: $? = 0
configure:5018: result: 
configure:5040: checking whether we are cross compiling
configure:5048: gcc  -o conftest -isystem/home/ubuntu/yocto/rpi-build/tmp/work/x86_64-linux/patch-native/2.7.6-r0/recipe-sysroot-native/usr/include -O2 -pipe -isystem/home/ubuntu/yocto/rpi-build/tmp/work/x86_64-linux/patch-native/2.7.6-r0/recipe-sysroot-native/usr/include -L/home/ubuntu/yocto/rpi-build/tmp/work/x86_64-linux/patch-native/2.7.6-r0/recipe-sysroot-native/usr/lib                         -L/home/ubuntu/yocto/rpi-build/tmp/work/x86_64-linux/patch-native/2.7.6-r0/recipe-sysroot-native/lib                         -Wl,--enable-new-dtags                         -Wl,-rpath-link,/home/ubuntu/yocto/rpi-build/tmp/work/x86_64-linux/patch-native/2.7.6-r0/recipe-sysroot-native/usr/lib                         -Wl,-rpath-link,/home/ubuntu/yocto/rpi-build/tmp/work/x86_64-linux/patch-native/2.7.6-r0/recipe-sysroot-native/lib                         -Wl,-rpath,/home/ubuntu/yocto/rpi-build/tmp/work/x86_64-linux/patch-native/2.7.6-r0/recipe-sysroot-native/usr/lib                         -Wl,-rpath,/home/ubuntu/yocto/rpi-build/tmp/work/x86_64-linux/patch-native/2.7.6-r0/recipe-sysroot-native/lib                         -Wl,-O1 -Wl,--allow-shlib-undefined -Wl,--dynamic-linker=/home/ubuntu/yocto/rpi-build/tmp/sysroots-uninative/x86_64-linux/lib/ld-linux-x86-64.so.2 conftest.c  >&5
configure:5052: $? = 0
configure:5059: ./conftest
configure:5063: $? = 0
configure:5078: result: no
configure:5083: checking for suffix of object files
configure:5106: gcc  -c -isystem/home/ubuntu/yocto/rpi-build/tmp/work/x86_64-linux/patch-native/2.7.6-r0/recipe-sysroot-native/usr/include -O2 -pipe -isystem/home/ubuntu/yocto/rpi-build/tmp/work/x86_64-linux/patch-native/2.7.6-r0/recipe-sysroot-native/usr/include conftest.c >&5
configure:5110: $? = 0
configure:5132: result: o
configure:5136: checking whether the compiler supports GNU C
configure:5156: gcc  -c -isystem/home/ubuntu/yocto/rpi-build/tmp/work/x86_64-linux/patch-native/2.7.6-r0/recipe-sysroot-native/usr/include -O2 -pipe -isystem/home/ubuntu/yocto/rpi-build/tmp/work/x86_64-linux/patch-native/2.7.6-r0/recipe-sysroot-native/usr/include conftest.c >&5
configure:5156: $? = 0
configure:5166: result: yes
configure:5177: checking whether gcc  accepts -g
configure:5198: gcc  -c -g -isystem/home/ubuntu/yocto/rpi-build/tmp/work/x86_64-linux/patch-native/2.7.6-r0/recipe-sysroot-native/usr/include conftest.c >&5
configure:5198: $? = 0
configure:5242: result: yes
configure:5262: checking for gcc  option to enable C11 features
configure:5277: gcc   -c -isystem/home/ubuntu/yocto/rpi-build/tmp/work/x86_64-linux/patch-native/2.7.6-r0/recipe-sysroot-native/usr/include -O2 -pipe -isystem/home/ubuntu/yocto/rpi-build/tmp/work/x86_64-linux/patch-native/2.7.6-r0/recipe-sysroot-native/usr/include conftest.c >&5
configure:5277: $? = 0
configure:5295: result: none needed
configure:5411: checking whether gcc  understands -c and -o together
configure:5434: gcc  -c conftest.c -o conftest2.o
configure:5437: $? = 0
configure:5434: gcc  -c conftest.c -o conftest2.o
configure:5437: $? = 0
configure:5449: result: yes
configure:5469: checking whether make supports the include directive
configure:5484: make -f confmf.GNU && cat confinc.out
this is the am__doit target
configure:5487: $? = 0
configure:5506: result: yes (GNU style)
configure:5532: checking dependency style of gcc 
configure:5644: result: none
configure:5665: checking for stdio.h
configure:5665: gcc  -c -isystem/home/ubuntu/yocto/rpi-build/tmp/work/x86_64-linux/patch-native/2.7.6-r0/recipe-sysroot-native/usr/include -O2 -pipe -isystem/home/ubuntu/yocto/rpi-build/tmp/work/x86_64-linux/patch-native/2.7.6-r0/recipe-sysroot-native/usr/include conftest.c >&5
configure:5665: $? = 0
configure:5665: result: yes
configure:5665: checking for stdlib.h
configure:5665: gcc  -c -isystem/home/ubuntu/yocto/rpi-build/tmp/work/x86_64-linux/patch-native/2.7.6-r0/recipe-sysroot-native/usr/include -O2 -pipe -isystem/home/ubuntu/yocto/rpi-build/tmp/work/x86_64-linux/patch-native/2.7.6-r0/recipe-sysroot-native/usr/include conftest.c >&5
configure:5665: $? = 0
configure:5665: result: yes
configure:5665: checking for string.h
configure:5665: gcc  -c -isystem/home/ubuntu/yocto/rpi-build/tmp/work/x86_64-linux/patch-native/2.7.6-r0/recipe-sysroot-native/usr/include -O2 -pipe -isystem/home/ubuntu/yocto/rpi-build/tmp/work/x86_64-linux/patch-native/2.7.6-r0/recipe-sysroot-native/usr/include conftest.c >&5
configure:5665: $? = 0
configure:5665: result: yes
configure:5665: checking for inttypes.h
configure:5665: gcc  -c -isystem/home/ubuntu/yocto/rpi-build/tmp/work/x86_64-linux/patch-native/2.7.6-r0/recipe-sysroot-native/usr/include -O2 -pipe -isystem/home/ubuntu/yocto/rpi-build/tmp/work/x86_64-linux/patch-native/2.7.6-r0/recipe-sysroot-native/usr/include conftest.c >&5
configure:5665: $? = 0
configure:5665: result: yes
configure:5665: checking for stdint.h
configure:5665: gcc  -c -isystem/home/ubuntu/yocto/rpi-build/tmp/work/x86_64-linux/patch-native/2.7.6-r0/recipe-sysroot-native/usr/include -O2 -pipe -isystem/home/ubuntu/yocto/rpi-build/tmp/work/x86_64-linux/patch-native/2.7.6-r0/recipe-sysroot-native/usr/include conftest.c >&5
configure:5665: $? = 0
configure:5665: result: yes
configure:5665: checking for strings.h
configure:5665: gcc  -c -isystem/home/ubuntu/yocto/rpi-build/tmp/work/x86_64-linux/patch-native/2.7.6-r0/recipe-sysroot-native/usr/include -O2 -pipe -isystem/home/ubuntu/yocto/rpi-build/tmp/work/x86_64-linux/patch-native/2.7.6-r0/recipe-sysroot-native/usr/include conftest.c >&5
configure:5665: $? = 0
configure:5665: result: yes
configure:5665: checking for sys/stat.h
configure:5665: gcc  -c -isystem/home/ubuntu/yocto/rpi-build/tmp/work/x86_64-linux/patch-native/2.7.6-r0/recipe-sysroot-native/usr/include -O2 -pipe -isystem/home/ubuntu/yocto/rpi-build/tmp/work/x86_64-linux/patch-native/2.7.6-r0/recipe-sysroot-native/usr/include conftest.c >&5
configure:5665: $? = 0
configure:5665: result: yes
configure:5665: checking for sys/types.h
configure:5665: gcc  -c -isystem/home/ubuntu/yocto/rpi-build/tmp/work/x86_64-linux/patch-native/2.7.6-r0/recipe-sysroot-native/usr/include -O2 -pipe -isystem/home/ubuntu/yocto/rpi-build/tmp/work/x86_64-linux/patch-native/2.7.6-r0/recipe-sysroot-native/usr/include conftest.c >&5
configure:5665: $? = 0
configure:5665: result: yes
configure:5665: checking for unistd.h
configure:5665: gcc  -c -isystem/home/ubuntu/yocto/rpi-build/tmp/work/x86_64-linux/patch-native/2.7.6-r0/recipe-sysroot-native/usr/include -O2 -pipe -isystem/home/ubuntu/yocto/rpi-build/tmp/work/x86_64-linux/patch-native/2.7.6-r0/recipe-sysroot-native/usr/include conftest.c >&5
configure:5665: $? = 0
configure:5665: result: yes
configure:5665: checking for sys/param.h
configure:5665: gcc  -c -isystem/home/ubuntu/yocto/rpi-build/tmp/work/x86_64-linux/patch-native/2.7.6-r0/recipe-sysroot-native/usr/include -O2 -pipe -isystem/home/ubuntu/yocto/rpi-build/tmp/work/x86_64-linux/patch-native/2.7.6-r0/recipe-sysroot-native/usr/include conftest.c >&5
configure:5665: $? = 0
configure:5665: result: yes
configure:5665: checking for sys/socket.h
configure:5665: gcc  -c -isystem/home/ubuntu/yocto/rpi-build/tmp/work/x86_64-linux/patch-native/2.7.6-r0/recipe-sysroot-native/usr/include -O2 -pipe -isystem/home/ubuntu/yocto/rpi-build/tmp/work/x86_64-linux/patch-native/2.7.6-r0/recipe-sysroot-native/usr/include conftest.c >&5
configure:5665: $? = 0
configure:5665: result: yes
configure:5665: checking for dirent.h
configure:5665: gcc  -c -isystem/home/ubuntu/yocto/rpi-build/tmp/work/x86_64-linux/patch-native/2.7.6-r0/recipe-sysroot-native/usr/include -O2 -pipe -isystem/home/ubuntu/yocto/rpi-build/tmp/work/x86_64-linux/patch-native/2.7.6-r0/recipe-sysroot-native/usr/include conftest.c >&5
configure:5665: $? = 0
configure:5665: result: yes
configure:5665: checking for getopt.h
configure:5665: gcc  -c -isystem/home/ubuntu/yocto/rpi-build/tmp/work/x86_64-linux/patch-native/2.7.6-r0/recipe-sysroot-native/usr/include -O2 -pipe -isystem/home/ubuntu/yocto/rpi-build/tmp/work/x86_64-linux/patch-native/2.7.6-r0/recipe-sysroot-native/usr/include conftest.c >&5
configure:5665: $? = 0
configure:5665: result: yes
configure:5665: checking for sys/cdefs.h
configure:5665: gcc  -c -isystem/home/ubuntu/yocto/rpi-build/tmp/work/x86_64-linux/patch-native/2.7.6-r0/recipe-sysroot-native/usr/include -O2 -pipe -isystem/home/ubuntu/yocto/rpi-build/tmp/work/x86_64-linux/patch-native/2.7.6-r0/recipe-sysroot-native/usr/include conftest.c >&5
configure:5665: $? = 0
configure:5665: result: yes
configure:5665: checking for sys/time.h
configure:5665: gcc  -c -isystem/home/ubuntu/yocto/rpi-build/tmp/work/x86_64-linux/patch-native/2.7.6-r0/recipe-sysroot-native/usr/include -O2 -pipe -isystem/home/ubuntu/yocto/rpi-build/tmp/work/x86_64-linux/patch-native/2.7.6-r0/recipe-sysroot-native/usr/include conftest.c >&5
configure:5665: $? = 0
configure:5665: result: yes
configure:5665: checking for limits.h
configure:5665: gcc  -c -isystem/home/ubuntu/yocto/rpi-build/tmp/work/x86_64-linux/patch-native/2.7.6-r0/recipe-sysroot-native/usr/include -O2 -pipe -isystem/home/ubuntu/yocto/rpi-build/tmp/work/x86_64-linux/patch-native/2.7.6-r0/recipe-sysroot-native/usr/include conftest.c >&5
configure:5665: $? = 0
configure:5665: result: yes
configure:5665: checking for wchar.h
configure:5665: gcc  -c -isystem/home/ubuntu/yocto/rpi-build/tmp/work/x86_64-linux/patch-native/2.7.6-r0/recipe-sysroot-native/usr/include -O2 -pipe -isystem/home/ubuntu/yocto/rpi-build/tmp/work/x86_64-linux/patch-native/2.7.6-r0/recipe-sysroot-native/usr/include conftest.c >&5
configure:5665: $? = 0
configure:5665: result: yes
configure:5665: checking for sys/mman.h
configure:5665: gcc  -c -isystem/home/ubuntu/yocto/rpi-build/tmp/work/x86_64-linux/patch-native/2.7.6-r0/recipe-sysroot-native/usr/include -O2 -pipe -isystem/home/ubuntu/yocto/rpi-build/tmp/work/x86_64-linux/patch-native/2.7.6-r0/recipe-sysroot-native/usr/include conftest.c >&5
configure:5665: $? = 0
configure:5665: result: yes
configure:5665: checking for utime.h
configure:5665: gcc  -c -isystem/home/ubuntu/yocto/rpi-build/tmp/work/x86_64-linux/patch-native/2.7.6-r0/recipe-sysroot-native/usr/include -O2 -pipe -isystem/home/ubuntu/yocto/rpi-build/tmp/work/x86_64-linux/patch-native/2.7.6-r0/recipe-sysroot-native/usr/include conftest.c >&5
configure:5665: $? = 0
configure:5665: result: yes
configure:5665: checking for features.h
configure:5665: gcc  -c -isystem/home/ubuntu/yocto/rpi-build/tmp/work/x86_64-linux/patch-native/2.7.6-r0/recipe-sysroot-native/usr/include -O2 -pipe -isystem/home/ubuntu/yocto/rpi-build/tmp/work/x86_64-linux/patch-native/2.7.6-r0/recipe-sysroot-native/usr/include conftest.c >&5
configure:5665: $? = 0
configure:5665: result: yes
configure:5665: checking for crtdefs.h
configure:5665: gcc  -c -isystem/home/ubuntu/yocto/rpi-build/tmp/work/x86_64-linux/patch-native/2.7.6-r0/recipe-sysroot-native/usr/include -O2 -pipe -isystem/home/ubuntu/yocto/rpi-build/tmp/work/x86_64-linux/patch-native/2.7.6-r0/recipe-sysroot-native/usr/include conftest.c >&5
conftest.c:59:10: fatal error: crtdefs.h: No such file or directory
   59 | #include <crtdefs.h>
      |          ^~~~~~~~~~~
compilation terminated.
configure:5665: $? = 1
configure: failed program was:
| /* confdefs.h */
| #define PACKAGE_NAME "GNU patch"
| #define PACKAGE_TARNAME "patch"
| #define PACKAGE_VERSION "2.7.6"
| #define PACKAGE_STRING "GNU patch 2.7.6"
| #define PACKAGE_BUGREPORT "bug-patch@gnu.org"
| #define PACKAGE_URL "https://www.gnu.org/software/patch/"
| #define PACKAGE "patch"
| #define VERSION "2.7.6"
| #define HAVE_STDIO_H 1
| #define HAVE_STDLIB_H 1
| #define HAVE_STRING_H 1
| #define HAVE_INTTYPES_H 1
| #define HAVE_STDINT_H 1
| #define HAVE_STRINGS_H 1
| #define HAVE_SYS_STAT_H 1
| #define HAVE_SYS_TYPES_H 1
| #define HAVE_UNISTD_H 1
| #define HAVE_SYS_PARAM_H 1
| #define HAVE_SYS_SOCKET_H 1
| #define HAVE_DIRENT_H 1
| #define HAVE_GETOPT_H 1
| #define HAVE_SYS_CDEFS_H 1
| #define HAVE_SYS_TIME_H 1
| #define HAVE_LIMITS_H 1
| #define HAVE_WCHAR_H 1
| #define HAVE_SYS_MMAN_H 1
| #define HAVE_UTIME_H 1
| #define HAVE_FEATURES_H 1
| /* end confdefs.h.  */
| #include <stddef.h>
| #ifdef HAVE_STDIO_H
| # include <stdio.h>
| #endif
| #ifdef HAVE_STDLIB_H
| # include <stdlib.h>
| #endif
| #ifdef HAVE_STRING_H
| # include <string.h>
| #endif
| #ifdef HAVE_INTTYPES_H
| # include <inttypes.h>
| #endif
| #ifdef HAVE_STDINT_H
| # include <stdint.h>
| #endif
| #ifdef HAVE_STRINGS_H
| # include <strings.h>
| #endif
| #ifdef HAVE_SYS_TYPES_H
| # include <sys/types.h>
| #endif
| #ifdef HAVE_SYS_STAT_H
| # include <sys/stat.h>
| #endif
| #ifdef HAVE_UNISTD_H
| # include <unistd.h>
| #endif
| #include <crtdefs.h>
configure:5665: result: no
configure:5665: checking for wctype.h
configure:5665: gcc  -c -isystem/home/ubuntu/yocto/rpi-build/tmp/work/x86_64-linux/patch-native/2.7.6-r0/recipe-sysroot-native/usr/include -O2 -pipe -isystem/home/ubuntu/yocto/rpi-build/tmp/work/x86_64-linux/patch-native/2.7.6-r0/recipe-sysroot-native/usr/include conftest.c >&5
configure:5665: $? = 0
configure:5665: result: yes
configure:5691: checking for minix/config.h
configure:5691: gcc  -c -isystem/home/ubuntu/yocto/rpi-build/tmp/work/x86_64-linux/patch-native/2.7.6-r0/recipe-sysroot-native/usr/include -O2 -pipe -isystem/home/ubuntu/yocto/rpi-build/tmp/work/x86_64-linux/patch-native/2.7.6-r0/recipe-sysroot-native/usr/include conftest.c >&5
conftest.c:61:10: fatal error: minix/config.h: No such file or directory
   61 | #include <minix/config.h>
      |          ^~~~~~~~~~~~~~~~
compilation terminated.
configure:5691: $? = 1
configure: failed program was:
| /* confdefs.h */
| #define PACKAGE_NAME "GNU patch"
| #define PACKAGE_TARNAME "patch"
| #define PACKAGE_VERSION "2.7.6"
| #define PACKAGE_STRING "GNU patch 2.7.6"
| #define PACKAGE_BUGREPORT "bug-patch@gnu.org"
| #define PACKAGE_URL "https://www.gnu.org/software/patch/"
| #define PACKAGE "patch"
| #define VERSION "2.7.6"
| #define HAVE_STDIO_H 1
| #define HAVE_STDLIB_H 1
| #define HAVE_STRING_H 1
| #define HAVE_INTTYPES_H 1
| #define HAVE_STDINT_H 1
| #define HAVE_STRINGS_H 1
| #define HAVE_SYS_STAT_H 1
| #define HAVE_SYS_TYPES_H 1
| #define HAVE_UNISTD_H 1
| #define HAVE_SYS_PARAM_H 1
| #define HAVE_SYS_SOCKET_H 1
| #define HAVE_DIRENT_H 1
| #define HAVE_GETOPT_H 1
| #define HAVE_SYS_CDEFS_H 1
| #define HAVE_SYS_TIME_H 1
| #define HAVE_LIMITS_H 1
| #define HAVE_WCHAR_H 1
| #define HAVE_SYS_MMAN_H 1
| #define HAVE_UTIME_H 1
| #define HAVE_FEATURES_H 1
| #define HAVE_WCTYPE_H 1
| #define STDC_HEADERS 1
| /* end confdefs.h.  */
| #include <stddef.h>
| #ifdef HAVE_STDIO_H
| # include <stdio.h>
| #endif
| #ifdef HAVE_STDLIB_H
| # include <stdlib.h>
| #endif
| #ifdef HAVE_STRING_H
| # include <string.h>
| #endif
| #ifdef HAVE_INTTYPES_H
| # include <inttypes.h>
| #endif
| #ifdef HAVE_STDINT_H
| # include <stdint.h>
| #endif
| #ifdef HAVE_STRINGS_H
| # include <strings.h>
| #endif
| #ifdef HAVE_SYS_TYPES_H
| # include <sys/types.h>
| #endif
| #ifdef HAVE_SYS_STAT_H
| # include <sys/stat.h>
| #endif
| #ifdef HAVE_UNISTD_H
| # include <unistd.h>
| #endif
| #include <minix/config.h>
configure:5691: result: no
configure:5715: checking whether it is safe to define __EXTENSIONS__
configure:5734: gcc  -c -isystem/home/ubuntu/yocto/rpi-build/tmp/work/x86_64-linux/patch-native/2.7.6-r0/recipe-sysroot-native/usr/include -O2 -pipe -isystem/home/ubuntu/yocto/rpi-build/tmp/work/x86_64-linux/patch-native/2.7.6-r0/recipe-sysroot-native/usr/include conftest.c >&5
configure:5734: $? = 0
configure:5742: result: yes
configure:5775: checking whether _XOPEN_SOURCE should be defined
configure:5795: gcc  -c -isystem/home/ubuntu/yocto/rpi-build/tmp/work/x86_64-linux/patch-native/2.7.6-r0/recipe-sysroot-native/usr/include -O2 -pipe -isystem/home/ubuntu/yocto/rpi-build/tmp/work/x86_64-linux/patch-native/2.7.6-r0/recipe-sysroot-native/usr/include conftest.c >&5
configure:5795: $? = 0
configure:5821: result: no
configure:5840: checking how to run the C preprocessor
configure:5908: result: gcc  -E
configure:5922: gcc  -E -isystem/home/ubuntu/yocto/rpi-build/tmp/work/x86_64-linux/patch-native/2.7.6-r0/recipe-sysroot-native/usr/include conftest.c
configure:5922: $? = 0
configure:5937: gcc  -E -isystem/home/ubuntu/yocto/rpi-build/tmp/work/x86_64-linux/patch-native/2.7.6-r0/recipe-sysroot-native/usr/include conftest.c
conftest.c:49:10: fatal error: ac_nonexistent.h: No such file or directory
   49 | #include <ac_nonexistent.h>
      |          ^~~~~~~~~~~~~~~~~~
compilation terminated.
configure:5937: $? = 1
configure: failed program was:
| /* confdefs.h */
| #define PACKAGE_NAME "GNU patch"
| #define PACKAGE_TARNAME "patch"
| #define PACKAGE_VERSION "2.7.6"
| #define PACKAGE_STRING "GNU patch 2.7.6"
| #define PACKAGE_BUGREPORT "bug-patch@gnu.org"
| #define PACKAGE_URL "https://www.gnu.org/software/patch/"
| #define PACKAGE "patch"
| #define VERSION "2.7.6"
| #define HAVE_STDIO_H 1
| #define HAVE_STDLIB_H 1
| #define HAVE_STRING_H 1
| #define HAVE_INTTYPES_H 1
| #define HAVE_STDINT_H 1
| #define HAVE_STRINGS_H 1
| #define HAVE_SYS_STAT_H 1
| #define HAVE_SYS_TYPES_H 1
| #define HAVE_UNISTD_H 1
| #define HAVE_SYS_PARAM_H 1
| #define HAVE_SYS_SOCKET_H 1
| #define HAVE_DIRENT_H 1
| #define HAVE_GETOPT_H 1
| #define HAVE_SYS_CDEFS_H 1
| #define HAVE_SYS_TIME_H 1
| #define HAVE_LIMITS_H 1
| #define HAVE_WCHAR_H 1
| #define HAVE_SYS_MMAN_H 1
| #define HAVE_UTIME_H 1
| #define HAVE_FEATURES_H 1
| #define HAVE_WCTYPE_H 1
| #define STDC_HEADERS 1
| #define __EXTENSIONS__ 1
| #define _ALL_SOURCE 1
| #define _DARWIN_C_SOURCE 1
| #define _GNU_SOURCE 1
| #define _NETBSD_SOURCE 1
| #define _OPENBSD_SOURCE 1
| #define _POSIX_PTHREAD_SEMANTICS 1
| #define __STDC_WANT_IEC_60559_ATTRIBS_EXT__ 1
| #define __STDC_WANT_IEC_60559_BFP_EXT__ 1
| #define __STDC_WANT_IEC_60559_DFP_EXT__ 1
| #define __STDC_WANT_IEC_60559_FUNCS_EXT__ 1
| #define __STDC_WANT_IEC_60559_TYPES_EXT__ 1
| #define __STDC_WANT_LIB_EXT2__ 1
| #define __STDC_WANT_MATH_SPEC_FUNCS__ 1
| #define _TANDEM_SOURCE 1
| #define _HPUX_ALT_XOPEN_SOCKET_API 1
| /* end confdefs.h.  */
| #include <ac_nonexistent.h>
configure:5968: checking for grep that handles long lines and -e
configure:6032: result: /home/ubuntu/yocto/rpi-build/tmp/hosttools/grep
configure:6037: checking for egrep
configure:6105: result: /home/ubuntu/yocto/rpi-build/tmp/hosttools/grep -E
configure:6113: checking for Minix Amsterdam compiler
configure:6139: result: no
configure:6156: checking for x86_64-linux-ar
configure:6188: result: ar
configure:6263: checking the archiver (ar) interface
configure:6280: gcc  -c -isystem/home/ubuntu/yocto/rpi-build/tmp/work/x86_64-linux/patch-native/2.7.6-r0/recipe-sysroot-native/usr/include -O2 -pipe -isystem/home/ubuntu/yocto/rpi-build/tmp/work/x86_64-linux/patch-native/2.7.6-r0/recipe-sysroot-native/usr/include conftest.c >&5
configure:6280: $? = 0
configure:6283: ar cru libconftest.a conftest.o >&5
configure:6286: $? = 0
configure:6314: result: ar
configure:6339: checking for x86_64-linux-ar
configure:6371: result: ar
configure:6562: checking for special C compiler options needed for large files
configure:6610: result: no
configure:6616: checking for _FILE_OFFSET_BITS value needed for large files
configure:6642: gcc  -c -isystem/home/ubuntu/yocto/rpi-build/tmp/work/x86_64-linux/patch-native/2.7.6-r0/recipe-sysroot-native/usr/include -O2 -pipe -isystem/home/ubuntu/yocto/rpi-build/tmp/work/x86_64-linux/patch-native/2.7.6-r0/recipe-sysroot-native/usr/include conftest.c >&5
configure:6642: $? = 0
configure:6676: result: no
configure:6966: checking for egrep
configure:7034: result: /home/ubuntu/yocto/rpi-build/tmp/hosttools/grep -E
configure:7048: checking for size_t
configure:7048: gcc  -c -isystem/home/ubuntu/yocto/rpi-build/tmp/work/x86_64-linux/patch-native/2.7.6-r0/recipe-sysroot-native/usr/include -O2 -pipe -isystem/home/ubuntu/yocto/rpi-build/tmp/work/x86_64-linux/patch-native/2.7.6-r0/recipe-sysroot-native/usr/include conftest.c >&5
configure:7048: $? = 0
configure:7048: gcc  -c -isystem/home/ubuntu/yocto/rpi-build/tmp/work/x86_64-linux/patch-native/2.7.6-r0/recipe-sysroot-native/usr/include -O2 -pipe -isystem/home/ubuntu/yocto/rpi-build/tmp/work/x86_64-linux/patch-native/2.7.6-r0/recipe-sysroot-native/usr/include conftest.c >&5
conftest.c: In function 'main':
conftest.c:80:21: error: expected expression before ')' token
   80 | if (sizeof ((size_t)))
      |                     ^
configure:7048: $? = 1
configure: failed program was:
| /* confdefs.h */
| #define PACKAGE_NAME "GNU patch"
| #define PACKAGE_TARNAME "patch"
| #define PACKAGE_VERSION "2.7.6"
| #define PACKAGE_STRING "GNU patch 2.7.6"
| #define PACKAGE_BUGREPORT "bug-patch@gnu.org"
| #define PACKAGE_URL "https://www.gnu.org/software/patch/"
| #define PACKAGE "patch"
| #define VERSION "2.7.6"
| #define HAVE_STDIO_H 1
| #define HAVE_STDLIB_H 1
| #define HAVE_STRING_H 1
| #define HAVE_INTTYPES_H 1
| #define HAVE_STDINT_H 1
| #define HAVE_STRINGS_H 1
| #define HAVE_SYS_STAT_H 1
| #define HAVE_SYS_TYPES_H 1
| #define HAVE_UNISTD_H 1
| #define HAVE_SYS_PARAM_H 1
| #define HAVE_SYS_SOCKET_H 1
| #define HAVE_DIRENT_H 1
| #define HAVE_GETOPT_H 1
| #define HAVE_SYS_CDEFS_H 1
| #define HAVE_SYS_TIME_H 1
| #define HAVE_LIMITS_H 1
| #define HAVE_WCHAR_H 1
| #define HAVE_SYS_MMAN_H 1
| #define HAVE_UTIME_H 1
| #define HAVE_FEATURES_H 1
| #define HAVE_WCTYPE_H 1
| #define STDC_HEADERS 1
| #define __EXTENSIONS__ 1
| #define _ALL_SOURCE 1
| #define _DARWIN_C_SOURCE 1
| #define _GNU_SOURCE 1
| #define _NETBSD_SOURCE 1
| #define _OPENBSD_SOURCE 1
| #define _POSIX_PTHREAD_SEMANTICS 1
| #define __STDC_WANT_IEC_60559_ATTRIBS_EXT__ 1
| #define __STDC_WANT_IEC_60559_BFP_EXT__ 1
| #define __STDC_WANT_IEC_60559_DFP_EXT__ 1
| #define __STDC_WANT_IEC_60559_FUNCS_EXT__ 1
| #define __STDC_WANT_IEC_60559_TYPES_EXT__ 1
| #define __STDC_WANT_LIB_EXT2__ 1
| #define __STDC_WANT_MATH_SPEC_FUNCS__ 1
| #define _TANDEM_SOURCE 1
| #define _HPUX_ALT_XOPEN_SOCKET_API 1
| /* end confdefs.h.  */
| #include <stddef.h>
| #ifdef HAVE_STDIO_H
| # include <stdio.h>
| #endif
| #ifdef HAVE_STDLIB_H
| # include <stdlib.h>
| #endif
| #ifdef HAVE_STRING_H
| # include <string.h>
| #endif
| #ifdef HAVE_INTTYPES_H
| # include <inttypes.h>
| #endif
| #ifdef HAVE_STDINT_H
| # include <stdint.h>
| #endif
| #ifdef HAVE_STRINGS_H
| # include <strings.h>
| #endif
| #ifdef HAVE_SYS_TYPES_H
| # include <sys/types.h>
| #endif
| #ifdef HAVE_SYS_STAT_H
| # include <sys/stat.h>
| #endif
| #ifdef HAVE_UNISTD_H
| # include <unistd.h>
| #endif
| int
| main (void)
| {
| if (sizeof ((size_t)))
| 	    return 0;
|   ;
|   return 0;
| }
configure:7048: result: yes
configure:7060: checking for working alloca.h
configure:7078: gcc  -o conftest -isystem/home/ubuntu/yocto/rpi-build/tmp/work/x86_64-linux/patch-native/2.7.6-r0/recipe-sysroot-native/usr/include -O2 -pipe -isystem/home/ubuntu/yocto/rpi-build/tmp/work/x86_64-linux/patch-native/2.7.6-r0/recipe-sysroot-native/usr/include -L/home/ubuntu/yocto/rpi-build/tmp/work/x86_64-linux/patch-native/2.7.6-r0/recipe-sysroot-native/usr/lib                         -L/home/ubuntu/yocto/rpi-build/tmp/work/x86_64-linux/patch-native/2.7.6-r0/recipe-sysroot-native/lib                         -Wl,--enable-new-dtags                         -Wl,-rpath-link,/home/ubuntu/yocto/rpi-build/tmp/work/x86_64-linux/patch-native/2.7.6-r0/recipe-sysroot-native/usr/lib                         -Wl,-rpath-link,/home/ubuntu/yocto/rpi-build/tmp/work/x86_64-linux/patch-native/2.7.6-r0/recipe-sysroot-native/lib                         -Wl,-rpath,/home/ubuntu/yocto/rpi-build/tmp/work/x86_64-linux/patch-native/2.7.6-r0/recipe-sysroot-native/usr/lib                         -Wl,-rpath,/home/ubuntu/yocto/rpi-build/tmp/work/x86_64-linux/patch-native/2.7.6-r0/recipe-sysroot-native/lib                         -Wl,-O1 -Wl,--allow-shlib-undefined -Wl,--dynamic-linker=/home/ubuntu/yocto/rpi-build/tmp/sysroots-uninative/x86_64-linux/lib/ld-linux-x86-64.so.2 conftest.c  >&5
configure:7078: $? = 0
configure:7087: result: yes
configure:7095: checking for alloca
configure:7140: result: yes
configure:7217: checking build system type
configure:7232: result: x86_64-pc-linux-gnu
configure:7252: checking host system type
configure:7266: result: x86_64-pc-linux-gnu
configure:7286: checking for d_ino member in directory struct
configure:7332: gcc  -o conftest -isystem/home/ubuntu/yocto/rpi-build/tmp/work/x86_64-linux/patch-native/2.7.6-r0/recipe-sysroot-native/usr/include -O2 -pipe -isystem/home/ubuntu/yocto/rpi-build/tmp/work/x86_64-linux/patch-native/2.7.6-r0/recipe-sysroot-native/usr/include -L/home/ubuntu/yocto/rpi-build/tmp/work/x86_64-linux/patch-native/2.7.6-r0/recipe-sysroot-native/usr/lib                         -L/home/ubuntu/yocto/rpi-build/tmp/work/x86_64-linux/patch-native/2.7.6-r0/recipe-sysroot-native/lib                         -Wl,--enable-new-dtags                         -Wl,-rpath-link,/home/ubuntu/yocto/rpi-build/tmp/work/x86_64-linux/patch-native/2.7.6-r0/recipe-sysroot-native/usr/lib                         -Wl,-rpath-link,/home/ubuntu/yocto/rpi-build/tmp/work/x86_64-linux/patch-native/2.7.6-r0/recipe-sysroot-native/lib                         -Wl,-rpath,/home/ubuntu/yocto/rpi-build/tmp/work/x86_64-linux/patch-native/2.7.6-r0/recipe-sysroot-native/usr/lib                         -Wl,-rpath,/home/ubuntu/yocto/rpi-build/tmp/work/x86_64-linux/patch-native/2.7.6-r0/recipe-sysroot-native/lib                         -Wl,-O1 -Wl,--allow-shlib-undefined -Wl,--dynamic-linker=/home/ubuntu/yocto/rpi-build/tmp/sysroots-uninative/x86_64-linux/lib/ld-linux-x86-64.so.2 conftest.c  >&5
configure:7332: $? = 0
configure:7332: ./conftest
configure:7332: $? = 0
configure:7343: result: yes
configure:7354: checking for long file names
configure:7387: result: yes
configure:7399: checking for pathconf
configure:7399: gcc  -o conftest -isystem/home/ubuntu/yocto/rpi-build/tmp/work/x86_64-linux/patch-native/2.7.6-r0/recipe-sysroot-native/usr/include -O2 -pipe -isystem/home/ubuntu/yocto/rpi-build/tmp/work/x86_64-linux/patch-native/2.7.6-r0/recipe-sysroot-native/usr/include -L/home/ubuntu/yocto/rpi-build/tmp/work/x86_64-linux/patch-native/2.7.6-r0/recipe-sysroot-native/usr/lib                         -L/home/ubuntu/yocto/rpi-build/tmp/work/x86_64-linux/patch-native/2.7.6-r0/recipe-sysroot-native/lib                         -Wl,--enable-new-dtags                         -Wl,-rpath-link,/home/ubuntu/yocto/rpi-build/tmp/work/x86_64-linux/patch-native/2.7.6-r0/recipe-sysroot-native/usr/lib                         -Wl,-rpath-link,/home/ubuntu/yocto/rpi-build/tmp/work/x86_64-linux/patch-native/2.7.6-r0/recipe-sysroot-native/lib                         -Wl,-rpath,/home/ubuntu/yocto/rpi-build/tmp/work/x86_64-linux/patch-native/2.7.6-r0/recipe-sysroot-native/usr/lib                         -Wl,-rpath,/home/ubuntu/yocto/rpi-build/tmp/work/x86_64-linux/patch-native/2.7.6-r0/recipe-sysroot-native/lib                         -Wl,-O1 -Wl,--allow-shlib-undefined -Wl,--dynamic-linker=/home/ubuntu/yocto/rpi-build/tmp/sysroots-uninative/x86_64-linux/lib/ld-linux-x86-64.so.2 conftest.c  >&5
configure:7399: $? = 0
configure:7399: result: yes
configure:7399: checking for canonicalize_file_name
configure:7399: gcc  -o conftest -isystem/home/ubuntu/yocto/rpi-build/tmp/work/x86_64-linux/patch-native/2.7.6-r0/recipe-sysroot-native/usr/include -O2 -pipe -isystem/home/ubuntu/yocto/rpi-build/tmp/work/x86_64-linux/patch-native/2.7.6-r0/recipe-sysroot-native/usr/include -L/home/ubuntu/yocto/rpi-build/tmp/work/x86_64-linux/patch-native/2.7.6-r0/recipe-sysroot-native/usr/lib                         -L/home/ubuntu/yocto/rpi-build/tmp/work/x86_64-linux/patch-native/2.7.6-r0/recipe-sysroot-native/lib                         -Wl,--enable-new-dtags                         -Wl,-rpath-link,/home/ubuntu/yocto/rpi-build/tmp/work/x86_64-linux/patch-native/2.7.6-r0/recipe-sysroot-native/usr/lib                         -Wl,-rpath-link,/home/ubuntu/yocto/rpi-build/tmp/work/x86_64-linux/patch-native/2.7.6-r0/recipe-sysroot-native/lib                         -Wl,-rpath,/home/ubuntu/yocto/rpi-build/tmp/work/x86_64-linux/patch-native/2.7.6-r0/recipe-sysroot-native/usr/lib                         -Wl,-rpath,/home/ubuntu/yocto/rpi-build/tmp/work/x86_64-linux/patch-native/2.7.6-r0/recipe-sysroot-native/lib                         -Wl,-O1 -Wl,--allow-shlib-undefined -Wl,--dynamic-linker=/home/ubuntu/yocto/rpi-build/tmp/sysroots-uninative/x86_64-linux/lib/ld-linux-x86-64.so.2 conftest.c  >&5
configure:7399: $? = 0
configure:7399: result: yes
configure:7399: checking for getcwd
configure:7399: gcc  -o conftest -isystem/home/ubuntu/yocto/rpi-build/tmp/work/x86_64-linux/patch-native/2.7.6-r0/recipe-sysroot-native/usr/include -O2 -pipe -isystem/home/ubuntu/yocto/rpi-build/tmp/work/x86_64-linux/patch-native/2.7.6-r0/recipe-sysroot-native/usr/include -L/home/ubuntu/yocto/rpi-build/tmp/work/x86_64-linux/patch-native/2.7.6-r0/recipe-sysroot-native/usr/lib                         -L/home/ubuntu/yocto/rpi-build/tmp/work/x86_64-linux/patch-native/2.7.6-r0/recipe-sysroot-native/lib                         -Wl,--enable-new-dtags                         -Wl,-rpath-link,/home/ubuntu/yocto/rpi-build/tmp/work/x86_64-linux/patch-native/2.7.6-r0/recipe-sysroot-native/usr/lib                         -Wl,-rpath-link,/home/ubuntu/yocto/rpi-build/tmp/work/x86_64-linux/patch-native/2.7.6-r0/recipe-sysroot-native/lib                         -Wl,-rpath,/home/ubuntu/yocto/rpi-build/tmp/work/x86_64-linux/patch-native/2.7.6-r0/recipe-sysroot-native/usr/lib                         -Wl,-rpath,/home/ubuntu/yocto/rpi-build/tmp/work/x86_64-linux/patch-native/2.7.6-r0/recipe-sysroot-native/lib                         -Wl,-O1 -Wl,--allow-shlib-undefined -Wl,--dynamic-linker=/home/ubuntu/yocto/rpi-build/tmp/sysroots-uninative/x86_64-linux/lib/ld-linux-x86-64.so.2 conftest.c  >&5
configure:7399: $? = 0
configure:7399: result: yes
configure:7399: checking for readlink
configure:7399: gcc  -o conftest -isystem/home/ubuntu/yocto/rpi-build/tmp/work/x86_64-linux/patch-native/2.7.6-r0/recipe-sysroot-native/usr/include -O2 -pipe -isystem/home/ubuntu/yocto/rpi-build/tmp/work/x86_64-linux/patch-native/2.7.6-r0/recipe-sysroot-native/usr/include -L/home/ubuntu/yocto/rpi-build/tmp/work/x86_64-linux/patch-native/2.7.6-r0/recipe-sysroot-native/usr/lib                         -L/home/ubuntu/yocto/rpi-build/tmp/work/x86_64-linux/patch-native/2.7.6-r0/recipe-sysroot-native/lib                         -Wl,--enable-new-dtags                         -Wl,-rpath-link,/home/ubuntu/yocto/rpi-build/tmp/work/x86_64-linux/patch-native/2.7.6-r0/recipe-sysroot-native/usr/lib                         -Wl,-rpath-link,/home/ubuntu/yocto/rpi-build/tmp/work/x86_64-linux/patch-native/2.7.6-r0/recipe-sysroot-native/lib                         -Wl,-rpath,/home/ubuntu/yocto/rpi-build/tmp/work/x86_64-linux/patch-native/2.7.6-r0/recipe-sysroot-native/usr/lib                         -Wl,-rpath,/home/ubuntu/yocto/rpi-build/tmp/work/x86_64-linux/patch-native/2.7.6-r0/recipe-sysroot-native/lib                         -Wl,-O1 -Wl,--allow-shlib-undefined -Wl,--dynamic-linker=/home/ubuntu/yocto/rpi-build/tmp/sysroots-uninative/x86_64-linux/lib/ld-linux-x86-64.so.2 conftest.c  >&5
configure:7399: $? = 0
configure:7399: result: yes
configure:7399: checking for realpath
configure:7399: gcc  -o conftest -isystem/home/ubuntu/yocto/rpi-build/tmp/work/x86_64-linux/patch-native/2.7.6-r0/recipe-sysroot-native/usr/include -O2 -pipe -isystem/home/ubuntu/yocto/rpi-build/tmp/work/x86_64-linux/patch-native/2.7.6-r0/recipe-sysroot-native/usr/include -L/home/ubuntu/yocto/rpi-build/tmp/work/x86_64-linux/patch-native/2.7.6-r0/recipe-sysroot-native/usr/lib                         -L/home/ubuntu/yocto/rpi-build/tmp/work/x86_64-linux/patch-native/2.7.6-r0/recipe-sysroot-native/lib                         -Wl,--enable-new-dtags                         -Wl,-rpath-link,/home/ubuntu/yocto/rpi-build/tmp/work/x86_64-linux/patch-native/2.7.6-r0/recipe-sysroot-native/usr/lib                         -Wl,-rpath-link,/home/ubuntu/yocto/rpi-build/tmp/work/x86_64-linux/patch-native/2.7.6-r0/recipe-sysroot-native/lib                         -Wl,-rpath,/home/ubuntu/yocto/rpi-build/tmp/work/x86_64-linux/patch-native/2.7.6-r0/recipe-sysroot-native/usr/lib                         -Wl,-rpath,/home/ubuntu/yocto/rpi-build/tmp/work/x86_64-linux/patch-native/2.7.6-r0/recipe-sysroot-native/lib                         -Wl,-O1 -Wl,--allow-shlib-undefined -Wl,--dynamic-linker=/home/ubuntu/yocto/rpi-build/tmp/sysroots-uninative/x86_64-linux/lib/ld-linux-x86-64.so.2 conftest.c  >&5
configure:7399: $? = 0
configure:7399: result: yes
configure:7399: checking for chown
configure:7399: gcc  -o conftest -isystem/home/ubuntu/yocto/rpi-build/tmp/work/x86_64-linux/patch-native/2.7.6-r0/recipe-sysroot-native/usr/include -O2 -pipe -isystem/home/ubuntu/yocto/rpi-build/tmp/work/x86_64-linux/patch-native/2.7.6-r0/recipe-sysroot-native/usr/include -L/home/ubuntu/yocto/rpi-build/tmp/work/x86_64-linux/patch-native/2.7.6-r0/recipe-sysroot-native/usr/lib                         -L/home/ubuntu/yocto/rpi-build/tmp/work/x86_64-linux/patch-native/2.7.6-r0/recipe-sysroot-native/lib                         -Wl,--enable-new-dtags                         -Wl,-rpath-link,/home/ubuntu/yocto/rpi-build/tmp/work/x86_64-linux/patch-native/2.7.6-r0/recipe-sysroot-native/usr/lib                         -Wl,-rpath-link,/home/ubuntu/yocto/rpi-build/tmp/work/x86_64-linux/patch-native/2.7.6-r0/recipe-sysroot-native/lib                         -Wl,-rpath,/home/ubuntu/yocto/rpi-build/tmp/work/x86_64-linux/patch-native/2.7.6-r0/recipe-sysroot-native/usr/lib                         -Wl,-rpath,/home/ubuntu/yocto/rpi-build/tmp/work/x86_64-linux/patch-native/2.7.6-r0/recipe-sysroot-native/lib                         -Wl,-O1 -Wl,--allow-shlib-undefined -Wl,--dynamic-linker=/home/ubuntu/yocto/rpi-build/tmp/sysroots-uninative/x86_64-linux/lib/ld-linux-x86-64.so.2 conftest.c  >&5
configure:7399: $? = 0
configure:7399: result: yes
configure:7399: checking for fchown
configure:7399: gcc  -o conftest -isystem/home/ubuntu/yocto/rpi-build/tmp/work/x86_64-linux/patch-native/2.7.6-r0/recipe-sysroot-native/usr/include -O2 -pipe -isystem/home/ubuntu/yocto/rpi-build/tmp/work/x86_64-linux/patch-native/2.7.6-r0/recipe-sysroot-native/usr/include -L/home/ubuntu/yocto/rpi-build/tmp/work/x86_64-linux/patch-native/2.7.6-r0/recipe-sysroot-native/usr/lib                         -L/home/ubuntu/yocto/rpi-build/tmp/work/x86_64-linux/patch-native/2.7.6-r0/recipe-sysroot-native/lib                         -Wl,--enable-new-dtags                         -Wl,-rpath-link,/home/ubuntu/yocto/rpi-build/tmp/work/x86_64-linux/patch-native/2.7.6-r0/recipe-sysroot-native/usr/lib                         -Wl,-rpath-link,/home/ubuntu/yocto/rpi-build/tmp/work/x86_64-linux/patch-native/2.7.6-r0/recipe-sysroot-native/lib                         -Wl,-rpath,/home/ubuntu/yocto/rpi-build/tmp/work/x86_64-linux/patch-native/2.7.6-r0/recipe-sysroot-native/usr/lib                         -Wl,-rpath,/home/ubuntu/yocto/rpi-build/tmp/work/x86_64-linux/patch-native/2.7.6-r0/recipe-sysroot-native/lib                         -Wl,-O1 -Wl,--allow-shlib-undefined -Wl,--dynamic-linker=/home/ubuntu/yocto/rpi-build/tmp/sysroots-uninative/x86_64-linux/lib/ld-linux-x86-64.so.2 conftest.c  >&5
configure:7399: $? = 0
configure:7399: result: yes
configure:7399: checking for _set_invalid_parameter_handler
configure:7399: gcc  -o conftest -isystem/home/ubuntu/yocto/rpi-build/tmp/work/x86_64-linux/patch-native/2.7.6-r0/recipe-sysroot-native/usr/include -O2 -pipe -isystem/home/ubuntu/yocto/rpi-build/tmp/work/x86_64-linux/patch-native/2.7.6-r0/recipe-sysroot-native/usr/include -L/home/ubuntu/yocto/rpi-build/tmp/work/x86_64-linux/patch-native/2.7.6-r0/recipe-sysroot-native/usr/lib                         -L/home/ubuntu/yocto/rpi-build/tmp/work/x86_64-linux/patch-native/2.7.6-r0/recipe-sysroot-native/lib                         -Wl,--enable-new-dtags                         -Wl,-rpath-link,/home/ubuntu/yocto/rpi-build/tmp/work/x86_64-linux/patch-native/2.7.6-r0/recipe-sysroot-native/usr/lib                         -Wl,-rpath-link,/home/ubuntu/yocto/rpi-build/tmp/work/x86_64-linux/patch-native/2.7.6-r0/recipe-sysroot-native/lib                         -Wl,-rpath,/home/ubuntu/yocto/rpi-build/tmp/work/x86_64-linux/patch-native/2.7.6-r0/recipe-sysroot-native/usr/lib                         -Wl,-rpath,/home/ubuntu/yocto/rpi-build/tmp/work/x86_64-linux/patch-native/2.7.6-r0/recipe-sysroot-native/lib                         -Wl,-O1 -Wl,--allow-shlib-undefined -Wl,--dynamic-linker=/home/ubuntu/yocto/rpi-build/tmp/sysroots-uninative/x86_64-linux/lib/ld-linux-x86-64.so.2 conftest.c  >&5
/home/ubuntu/yocto/rpi-build/tmp/hosttools/ld: /tmp/cceZdTqW.o: in function `main':
conftest.c:(.text.startup+0x9): undefined reference to `_set_invalid_parameter_handler'
collect2: error: ld returned 1 exit status
configure:7399: $? = 1
configure: failed program was:
| /* confdefs.h */
| #define PACKAGE_NAME "GNU patch"
| #define PACKAGE_TARNAME "patch"
| #define PACKAGE_VERSION "2.7.6"
| #define PACKAGE_STRING "GNU patch 2.7.6"
| #define PACKAGE_BUGREPORT "bug-patch@gnu.org"
| #define PACKAGE_URL "https://www.gnu.org/software/patch/"
| #define PACKAGE "patch"
| #define VERSION "2.7.6"
| #define HAVE_STDIO_H 1
| #define HAVE_STDLIB_H 1
| #define HAVE_STRING_H 1
| #define HAVE_INTTYPES_H 1
| #define HAVE_STDINT_H 1
| #define HAVE_STRINGS_H 1
| #define HAVE_SYS_STAT_H 1
| #define HAVE_SYS_TYPES_H 1
| #define HAVE_UNISTD_H 1
| #define HAVE_SYS_PARAM_H 1
| #define HAVE_SYS_SOCKET_H 1
| #define HAVE_DIRENT_H 1
| #define HAVE_GETOPT_H 1
| #define HAVE_SYS_CDEFS_H 1
| #define HAVE_SYS_TIME_H 1
| #define HAVE_LIMITS_H 1
| #define HAVE_WCHAR_H 1
| #define HAVE_SYS_MMAN_H 1
| #define HAVE_UTIME_H 1
| #define HAVE_FEATURES_H 1
| #define HAVE_WCTYPE_H 1
| #define STDC_HEADERS 1
| #define __EXTENSIONS__ 1
| #define _ALL_SOURCE 1
| #define _DARWIN_C_SOURCE 1
| #define _GNU_SOURCE 1
| #define _NETBSD_SOURCE 1
| #define _OPENBSD_SOURCE 1
| #define _POSIX_PTHREAD_SEMANTICS 1
| #define __STDC_WANT_IEC_60559_ATTRIBS_EXT__ 1
| #define __STDC_WANT_IEC_60559_BFP_EXT__ 1
| #define __STDC_WANT_IEC_60559_DFP_EXT__ 1
| #define __STDC_WANT_IEC_60559_FUNCS_EXT__ 1
| #define __STDC_WANT_IEC_60559_TYPES_EXT__ 1
| #define __STDC_WANT_LIB_EXT2__ 1
| #define __STDC_WANT_MATH_SPEC_FUNCS__ 1
| #define _TANDEM_SOURCE 1
| #define _HPUX_ALT_XOPEN_SOCKET_API 1
| #define HAVE_ALLOCA_H 1
| #define HAVE_ALLOCA 1
| #define D_INO_IN_DIRENT 1
| #define HAVE_LONG_FILE_NAMES 1
| #define HAVE_PATHCONF 1
| #define HAVE_CANONICALIZE_FILE_NAME 1
| #define HAVE_GETCWD 1
| #define HAVE_READLINK 1
| #define HAVE_REALPATH 1
| #define HAVE_CHOWN 1
| #define HAVE_FCHOWN 1
| /* end confdefs.h.  */
| /* Define _set_invalid_parameter_handler to an innocuous variant, in case <limits.h> declares _set_invalid_parameter_handler.
|    For example, HP-UX 11i <limits.h> declares gettimeofday.  */
| #define _set_invalid_parameter_handler innocuous__set_invalid_parameter_handler
| 
| /* System header to define __stub macros and hopefully few prototypes,
|    which can conflict with char _set_invalid_parameter_handler (void); below.  */
| 
| #include <limits.h>
| #undef _set_invalid_parameter_handler
| 
| /* Override any GCC internal prototype to avoid an error.
|    Use char because int might match the return type of a GCC
|    builtin and then its argument prototype would still apply.  */
| #ifdef __cplusplus
| extern "C"
| #endif
| char _set_invalid_parameter_handler (void);
| /* The GNU C library defines this for functions which it implements
|     to always fail with ENOSYS.  Some functions are actually named
|     something starting with __ and the normal name is an alias.  */
| #if defined __stub__set_invalid_parameter_handler || defined __stub____set_invalid_parameter_handler
| choke me
| #endif
| 
| int
| main (void)
| {
| return _set_invalid_parameter_handler ();
|   ;
|   return 0;
| }
configure:7399: result: no
configure:7399: checking for fchdir
configure:7399: gcc  -o conftest -isystem/home/ubuntu/yocto/rpi-build/tmp/work/x86_64-linux/patch-native/2.7.6-r0/recipe-sysroot-native/usr/include -O2 -pipe -isystem/home/ubuntu/yocto/rpi-build/tmp/work/x86_64-linux/patch-native/2.7.6-r0/recipe-sysroot-native/usr/include -L/home/ubuntu/yocto/rpi-build/tmp/work/x86_64-linux/patch-native/2.7.6-r0/recipe-sysroot-native/usr/lib                         -L/home/ubuntu/yocto/rpi-build/tmp/work/x86_64-linux/patch-native/2.7.6-r0/recipe-sysroot-native/lib                         -Wl,--enable-new-dtags                         -Wl,-rpath-link,/home/ubuntu/yocto/rpi-build/tmp/work/x86_64-linux/patch-native/2.7.6-r0/recipe-sysroot-native/usr/lib                         -Wl,-rpath-link,/home/ubuntu/yocto/rpi-build/tmp/work/x86_64-linux/patch-native/2.7.6-r0/recipe-sysroot-native/lib                         -Wl,-rpath,/home/ubuntu/yocto/rpi-build/tmp/work/x86_64-linux/patch-native/2.7.6-r0/recipe-sysroot-native/usr/lib                         -Wl,-rpath,/home/ubuntu/yocto/rpi-build/tmp/work/x86_64-linux/patch-native/2.7.6-r0/recipe-sysroot-native/lib                         -Wl,-O1 -Wl,--allow-shlib-undefined -Wl,--dynamic-linker=/home/ubuntu/yocto/rpi-build/tmp/sysroots-uninative/x86_64-linux/lib/ld-linux-x86-64.so.2 conftest.c  >&5
configure:7399: $? = 0
configure:7399: result: yes
configure:7399: checking for fdopendir
configure:7399: gcc  -o conftest -isystem/home/ubuntu/yocto/rpi-build/tmp/work/x86_64-linux/patch-native/2.7.6-r0/recipe-sysroot-native/usr/include -O2 -pipe -isystem/home/ubuntu/yocto/rpi-build/tmp/work/x86_64-linux/patch-native/2.7.6-r0/recipe-sysroot-native/usr/include -L/home/ubuntu/yocto/rpi-build/tmp/work/x86_64-linux/patch-native/2.7.6-r0/recipe-sysroot-native/usr/lib                         -L/home/ubuntu/yocto/rpi-build/tmp/work/x86_64-linux/patch-native/2.7.6-r0/recipe-sysroot-native/lib                         -Wl,--enable-new-dtags                         -Wl,-rpath-link,/home/ubuntu/yocto/rpi-build/tmp/work/x86_64-linux/patch-native/2.7.6-r0/recipe-sysroot-native/usr/lib                         -Wl,-rpath-link,/home/ubuntu/yocto/rpi-build/tmp/work/x86_64-linux/patch-native/2.7.6-r0/recipe-sysroot-native/lib                         -Wl,-rpath,/home/ubuntu/yocto/rpi-build/tmp/work/x86_64-linux/patch-native/2.7.6-r0/recipe-sysroot-native/usr/lib                         -Wl,-rpath,/home/ubuntu/yocto/rpi-build/tmp/work/x86_64-linux/patch-native/2.7.6-r0/recipe-sysroot-native/lib                         -Wl,-O1 -Wl,--allow-shlib-undefined -Wl,--dynamic-linker=/home/ubuntu/yocto/rpi-build/tmp/sysroots-uninative/x86_64-linux/lib/ld-linux-x86-64.so.2 conftest.c  >&5
configure:7399: $? = 0
configure:7399: result: yes
configure:7399: checking for faccessat
configure:7399: gcc  -o conftest -isystem/home/ubuntu/yocto/rpi-build/tmp/work/x86_64-linux/patch-native/2.7.6-r0/recipe-sysroot-native/usr/include -O2 -pipe -isystem/home/ubuntu/yocto/rpi-build/tmp/work/x86_64-linux/patch-native/2.7.6-r0/recipe-sysroot-native/usr/include -L/home/ubuntu/yocto/rpi-build/tmp/work/x86_64-linux/patch-native/2.7.6-r0/recipe-sysroot-native/usr/lib                         -L/home/ubuntu/yocto/rpi-build/tmp/work/x86_64-linux/patch-native/2.7.6-r0/recipe-sysroot-native/lib                         -Wl,--enable-new-dtags                         -Wl,-rpath-link,/home/ubuntu/yocto/rpi-build/tmp/work/x86_64-linux/patch-native/2.7.6-r0/recipe-sysroot-native/usr/lib                         -Wl,-rpath-link,/home/ubuntu/yocto/rpi-build/tmp/work/x86_64-linux/patch-native/2.7.6-r0/recipe-sysroot-native/lib                         -Wl,-rpath,/home/ubuntu/yocto/rpi-build/tmp/work/x86_64-linux/patch-native/2.7.6-r0/recipe-sysroot-native/usr/lib                         -Wl,-rpath,/home/ubuntu/yocto/rpi-build/tmp/work/x86_64-linux/patch-native/2.7.6-r0/recipe-sysroot-native/lib                         -Wl,-O1 -Wl,--allow-shlib-undefined -Wl,--dynamic-linker=/home/ubuntu/yocto/rpi-build/tmp/sysroots-uninative/x86_64-linux/lib/ld-linux-x86-64.so.2 conftest.c  >&5
configure:7399: $? = 0
configure:7399: result: yes
configure:7399: checking for fchmodat
configure:7399: gcc  -o conftest -isystem/home/ubuntu/yocto/rpi-build/tmp/work/x86_64-linux/patch-native/2.7.6-r0/recipe-sysroot-native/usr/include -O2 -pipe -isystem/home/ubuntu/yocto/rpi-build/tmp/work/x86_64-linux/patch-native/2.7.6-r0/recipe-sysroot-native/usr/include -L/home/ubuntu/yocto/rpi-build/tmp/work/x86_64-linux/patch-native/2.7.6-r0/recipe-sysroot-native/usr/lib                         -L/home/ubuntu/yocto/rpi-build/tmp/work/x86_64-linux/patch-native/2.7.6-r0/recipe-sysroot-native/lib                         -Wl,--enable-new-dtags                         -Wl,-rpath-link,/home/ubuntu/yocto/rpi-build/tmp/work/x86_64-linux/patch-native/2.7.6-r0/recipe-sysroot-native/usr/lib                         -Wl,-rpath-link,/home/ubuntu/yocto/rpi-build/tmp/work/x86_64-linux/patch-native/2.7.6-r0/recipe-sysroot-native/lib                         -Wl,-rpath,/home/ubuntu/yocto/rpi-build/tmp/work/x86_64-linux/patch-native/2.7.6-r0/recipe-sysroot-native/usr/lib                         -Wl,-rpath,/home/ubuntu/yocto/rpi-build/tmp/work/x86_64-linux/patch-native/2.7.6-r0/recipe-sysroot-native/lib                         -Wl,-O1 -Wl,--allow-shlib-undefined -Wl,--dynamic-linker=/home/ubuntu/yocto/rpi-build/tmp/sysroots-uninative/x86_64-linux/lib/ld-linux-x86-64.so.2 conftest.c  >&5
configure:7399: $? = 0
configure:7399: result: yes
configure:7399: checking for lchmod
configure:7399: gcc  -o conftest -isystem/home/ubuntu/yocto/rpi-build/tmp/work/x86_64-linux/patch-native/2.7.6-r0/recipe-sysroot-native/usr/include -O2 -pipe -isystem/home/ubuntu/yocto/rpi-build/tmp/work/x86_64-linux/patch-native/2.7.6-r0/recipe-sysroot-native/usr/include -L/home/ubuntu/yocto/rpi-build/tmp/work/x86_64-linux/patch-native/2.7.6-r0/recipe-sysroot-native/usr/lib                         -L/home/ubuntu/yocto/rpi-build/tmp/work/x86_64-linux/patch-native/2.7.6-r0/recipe-sysroot-native/lib                         -Wl,--enable-new-dtags                         -Wl,-rpath-link,/home/ubuntu/yocto/rpi-build/tmp/work/x86_64-linux/patch-native/2.7.6-r0/recipe-sysroot-native/usr/lib                         -Wl,-rpath-link,/home/ubuntu/yocto/rpi-build/tmp/work/x86_64-linux/patch-native/2.7.6-r0/recipe-sysroot-native/lib                         -Wl,-rpath,/home/ubuntu/yocto/rpi-build/tmp/work/x86_64-linux/patch-native/2.7.6-r0/recipe-sysroot-native/usr/lib                         -Wl,-rpath,/home/ubuntu/yocto/rpi-build/tmp/work/x86_64-linux/patch-native/2.7.6-r0/recipe-sysroot-native/lib                         -Wl,-O1 -Wl,--allow-shlib-undefined -Wl,--dynamic-linker=/home/ubuntu/yocto/rpi-build/tmp/sysroots-uninative/x86_64-linux/lib/ld-linux-x86-64.so.2 conftest.c  >&5
configure:7399: $? = 0
configure:7399: result: yes
configure:7399: checking for fcntl
configure:7399: gcc  -o conftest -isystem/home/ubuntu/yocto/rpi-build/tmp/work/x86_64-linux/patch-native/2.7.6-r0/recipe-sysroot-native/usr/include -O2 -pipe -isystem/home/ubuntu/yocto/rpi-build/tmp/work/x86_64-linux/patch-native/2.7.6-r0/recipe-sysroot-native/usr/include -L/home/ubuntu/yocto/rpi-build/tmp/work/x86_64-linux/patch-native/2.7.6-r0/recipe-sysroot-native/usr/lib                         -L/home/ubuntu/yocto/rpi-build/tmp/work/x86_64-linux/patch-native/2.7.6-r0/recipe-sysroot-native/lib                         -Wl,--enable-new-dtags                         -Wl,-rpath-link,/home/ubuntu/yocto/rpi-build/tmp/work/x86_64-linux/patch-native/2.7.6-r0/recipe-sysroot-native/usr/lib                         -Wl,-rpath-link,/home/ubuntu/yocto/rpi-build/tmp/work/x86_64-linux/patch-native/2.7.6-r0/recipe-sysroot-native/lib                         -Wl,-rpath,/home/ubuntu/yocto/rpi-build/tmp/work/x86_64-linux/patch-native/2.7.6-r0/recipe-sysroot-native/usr/lib                         -Wl,-rpath,/home/ubuntu/yocto/rpi-build/tmp/work/x86_64-linux/patch-native/2.7.6-r0/recipe-sysroot-native/lib                         -Wl,-O1 -Wl,--allow-shlib-undefined -Wl,--dynamic-linker=/home/ubuntu/yocto/rpi-build/tmp/sysroots-uninative/x86_64-linux/lib/ld-linux-x86-64.so.2 conftest.c  >&5
configure:7399: $? = 0
configure:7399: result: yes
configure:7399: checking for symlink
configure:7399: gcc  -o conftest -isystem/home/ubuntu/yocto/rpi-build/tmp/work/x86_64-linux/patch-native/2.7.6-r0/recipe-sysroot-native/usr/include -O2 -pipe -isystem/home/ubuntu/yocto/rpi-build/tmp/work/x86_64-linux/patch-native/2.7.6-r0/recipe-sysroot-native/usr/include -L/home/ubuntu/yocto/rpi-build/tmp/work/x86_64-linux/patch-native/2.7.6-r0/recipe-sysroot-native/usr/lib                         -L/home/ubuntu/yocto/rpi-build/tmp/work/x86_64-linux/patch-native/2.7.6-r0/recipe-sysroot-native/lib                         -Wl,--enable-new-dtags                         -Wl,-rpath-link,/home/ubuntu/yocto/rpi-build/tmp/work/x86_64-linux/patch-native/2.7.6-r0/recipe-sysroot-native/usr/lib                         -Wl,-rpath-link,/home/ubuntu/yocto/rpi-build/tmp/work/x86_64-linux/patch-native/2.7.6-r0/recipe-sysroot-native/lib                         -Wl,-rpath,/home/ubuntu/yocto/rpi-build/tmp/work/x86_64-linux/patch-native/2.7.6-r0/recipe-sysroot-native/usr/lib                         -Wl,-rpath,/home/ubuntu/yocto/rpi-build/tmp/work/x86_64-linux/patch-native/2.7.6-r0/recipe-sysroot-native/lib                         -Wl,-O1 -Wl,--allow-shlib-undefined -Wl,--dynamic-linker=/home/ubuntu/yocto/rpi-build/tmp/sysroots-uninative/x86_64-linux/lib/ld-linux-x86-64.so.2 conftest.c  >&5
configure:7399: $? = 0
configure:7399: result: yes
configure:7399: checking for mempcpy
configure:7399: gcc  -o conftest -isystem/home/ubuntu/yocto/rpi-build/tmp/work/x86_64-linux/patch-native/2.7.6-r0/recipe-sysroot-native/usr/include -O2 -pipe -isystem/home/ubuntu/yocto/rpi-build/tmp/work/x86_64-linux/patch-native/2.7.6-r0/recipe-sysroot-native/usr/include -L/home/ubuntu/yocto/rpi-build/tmp/work/x86_64-linux/patch-native/2.7.6-r0/recipe-sysroot-native/usr/lib                         -L/home/ubuntu/yocto/rpi-build/tmp/work/x86_64-linux/patch-native/2.7.6-r0/recipe-sysroot-native/lib                         -Wl,--enable-new-dtags                         -Wl,-rpath-link,/home/ubuntu/yocto/rpi-build/tmp/work/x86_64-linux/patch-native/2.7.6-r0/recipe-sysroot-native/usr/lib                         -Wl,-rpath-link,/home/ubuntu/yocto/rpi-build/tmp/work/x86_64-linux/patch-native/2.7.6-r0/recipe-sysroot-native/lib                         -Wl,-rpath,/home/ubuntu/yocto/rpi-build/tmp/work/x86_64-linux/patch-native/2.7.6-r0/recipe-sysroot-native/usr/lib                         -Wl,-rpath,/home/ubuntu/yocto/rpi-build/tmp/work/x86_64-linux/patch-native/2.7.6-r0/recipe-sysroot-native/lib                         -Wl,-O1 -Wl,--allow-shlib-undefined -Wl,--dynamic-linker=/home/ubuntu/yocto/rpi-build/tmp/sysroots-uninative/x86_64-linux/lib/ld-linux-x86-64.so.2 conftest.c  >&5
conftest.c:83:6: warning: conflicting types for built-in function 'mempcpy'; expected 'void *(void *, const void *, long unsigned int)' [-Wbuiltin-declaration-mismatch]
   83 | char mempcpy (void);
      |      ^~~~~~~
configure:7399: $? = 0
configure:7399: result: yes
configure:7399: checking for fstatat
configure:7399: gcc  -o conftest -isystem/home/ubuntu/yocto/rpi-build/tmp/work/x86_64-linux/patch-native/2.7.6-r0/recipe-sysroot-native/usr/include -O2 -pipe -isystem/home/ubuntu/yocto/rpi-build/tmp/work/x86_64-linux/patch-native/2.7.6-r0/recipe-sysroot-native/usr/include -L/home/ubuntu/yocto/rpi-build/tmp/work/x86_64-linux/patch-native/2.7.6-r0/recipe-sysroot-native/usr/lib                         -L/home/ubuntu/yocto/rpi-build/tmp/work/x86_64-linux/patch-native/2.7.6-r0/recipe-sysroot-native/lib                         -Wl,--enable-new-dtags                         -Wl,-rpath-link,/home/ubuntu/yocto/rpi-build/tmp/work/x86_64-linux/patch-native/2.7.6-r0/recipe-sysroot-native/usr/lib                         -Wl,-rpath-link,/home/ubuntu/yocto/rpi-build/tmp/work/x86_64-linux/patch-native/2.7.6-r0/recipe-sysroot-native/lib                         -Wl,-rpath,/home/ubuntu/yocto/rpi-build/tmp/work/x86_64-linux/patch-native/2.7.6-r0/recipe-sysroot-native/usr/lib                         -Wl,-rpath,/home/ubuntu/yocto/rpi-build/tmp/work/x86_64-linux/patch-native/2.7.6-r0/recipe-sysroot-native/lib                         -Wl,-O1 -Wl,--allow-shlib-undefined -Wl,--dynamic-linker=/home/ubuntu/yocto/rpi-build/tmp/sysroots-uninative/x86_64-linux/lib/ld-linux-x86-64.so.2 conftest.c  >&5
configure:7399: $? = 0
configure:7399: result: yes
configure:7399: checking for getdtablesize
configure:7399: gcc  -o conftest -isystem/home/ubuntu/yocto/rpi-build/tmp/work/x86_64-linux/patch-native/2.7.6-r0/recipe-sysroot-native/usr/include -O2 -pipe -isystem/home/ubuntu/yocto/rpi-build/tmp/work/x86_64-linux/patch-native/2.7.6-r0/recipe-sysroot-native/usr/include -L/home/ubuntu/yocto/rpi-build/tmp/work/x86_64-linux/patch-native/2.7.6-r0/recipe-sysroot-native/usr/lib                         -L/home/ubuntu/yocto/rpi-build/tmp/work/x86_64-linux/patch-native/2.7.6-r0/recipe-sysroot-native/lib                         -Wl,--enable-new-dtags                         -Wl,-rpath-link,/home/ubuntu/yocto/rpi-build/tmp/work/x86_64-linux/patch-native/2.7.6-r0/recipe-sysroot-native/usr/lib                         -Wl,-rpath-link,/home/ubuntu/yocto/rpi-build/tmp/work/x86_64-linux/patch-native/2.7.6-r0/recipe-sysroot-native/lib                         -Wl,-rpath,/home/ubuntu/yocto/rpi-build/tmp/work/x86_64-linux/patch-native/2.7.6-r0/recipe-sysroot-native/usr/lib                         -Wl,-rpath,/home/ubuntu/yocto/rpi-build/tmp/work/x86_64-linux/patch-native/2.7.6-r0/recipe-sysroot-native/lib                         -Wl,-O1 -Wl,--allow-shlib-undefined -Wl,--dynamic-linker=/home/ubuntu/yocto/rpi-build/tmp/sysroots-uninative/x86_64-linux/lib/ld-linux-x86-64.so.2 conftest.c  >&5
configure:7399: $? = 0
configure:7399: result: yes
configure:7399: checking for getprogname
configure:7399: gcc  -o conftest -isystem/home/ubuntu/yocto/rpi-build/tmp/work/x86_64-linux/patch-native/2.7.6-r0/recipe-sysroot-native/usr/include -O2 -pipe -isystem/home/ubuntu/yocto/rpi-build/tmp/work/x86_64-linux/patch-native/2.7.6-r0/recipe-sysroot-native/usr/include -L/home/ubuntu/yocto/rpi-build/tmp/work/x86_64-linux/patch-native/2.7.6-r0/recipe-sysroot-native/usr/lib                         -L/home/ubuntu/yocto/rpi-build/tmp/work/x86_64-linux/patch-native/2.7.6-r0/recipe-sysroot-native/lib                         -Wl,--enable-new-dtags                         -Wl,-rpath-link,/home/ubuntu/yocto/rpi-build/tmp/work/x86_64-linux/patch-native/2.7.6-r0/recipe-sysroot-native/usr/lib                         -Wl,-rpath-link,/home/ubuntu/yocto/rpi-build/tmp/work/x86_64-linux/patch-native/2.7.6-r0/recipe-sysroot-native/lib                         -Wl,-rpath,/home/ubuntu/yocto/rpi-build/tmp/work/x86_64-linux/patch-native/2.7.6-r0/recipe-sysroot-native/usr/lib                         -Wl,-rpath,/home/ubuntu/yocto/rpi-build/tmp/work/x86_64-linux/patch-native/2.7.6-r0/recipe-sysroot-native/lib                         -Wl,-O1 -Wl,--allow-shlib-undefined -Wl,--dynamic-linker=/home/ubuntu/yocto/rpi-build/tmp/sysroots-uninative/x86_64-linux/lib/ld-linux-x86-64.so.2 conftest.c  >&5
/home/ubuntu/yocto/rpi-build/tmp/hosttools/ld: /tmp/ccLujuLq.o: in function `main':
conftest.c:(.text.startup+0x9): undefined reference to `getprogname'
collect2: error: ld returned 1 exit status
configure:7399: $? = 1
configure: failed program was:
| /* confdefs.h */
| #define PACKAGE_NAME "GNU patch"
| #define PACKAGE_TARNAME "patch"
| #define PACKAGE_VERSION "2.7.6"
| #define PACKAGE_STRING "GNU patch 2.7.6"
| #define PACKAGE_BUGREPORT "bug-patch@gnu.org"
| #define PACKAGE_URL "https://www.gnu.org/software/patch/"
| #define PACKAGE "patch"
| #define VERSION "2.7.6"
| #define HAVE_STDIO_H 1
| #define HAVE_STDLIB_H 1
| #define HAVE_STRING_H 1
| #define HAVE_INTTYPES_H 1
| #define HAVE_STDINT_H 1
| #define HAVE_STRINGS_H 1
| #define HAVE_SYS_STAT_H 1
| #define HAVE_SYS_TYPES_H 1
| #define HAVE_UNISTD_H 1
| #define HAVE_SYS_PARAM_H 1
| #define HAVE_SYS_SOCKET_H 1
| #define HAVE_DIRENT_H 1
| #define HAVE_GETOPT_H 1
| #define HAVE_SYS_CDEFS_H 1
| #define HAVE_SYS_TIME_H 1
| #define HAVE_LIMITS_H 1
| #define HAVE_WCHAR_H 1
| #define HAVE_SYS_MMAN_H 1
| #define HAVE_UTIME_H 1
| #define HAVE_FEATURES_H 1
| #define HAVE_WCTYPE_H 1
| #define STDC_HEADERS 1
| #define __EXTENSIONS__ 1
| #define _ALL_SOURCE 1
| #define _DARWIN_C_SOURCE 1
| #define _GNU_SOURCE 1
| #define _NETBSD_SOURCE 1
| #define _OPENBSD_SOURCE 1
| #define _POSIX_PTHREAD_SEMANTICS 1
| #define __STDC_WANT_IEC_60559_ATTRIBS_EXT__ 1
| #define __STDC_WANT_IEC_60559_BFP_EXT__ 1
| #define __STDC_WANT_IEC_60559_DFP_EXT__ 1
| #define __STDC_WANT_IEC_60559_FUNCS_EXT__ 1
| #define __STDC_WANT_IEC_60559_TYPES_EXT__ 1
| #define __STDC_WANT_LIB_EXT2__ 1
| #define __STDC_WANT_MATH_SPEC_FUNCS__ 1
| #define _TANDEM_SOURCE 1
| #define _HPUX_ALT_XOPEN_SOCKET_API 1
| #define HAVE_ALLOCA_H 1
| #define HAVE_ALLOCA 1
| #define D_INO_IN_DIRENT 1
| #define HAVE_LONG_FILE_NAMES 1
| #define HAVE_PATHCONF 1
| #define HAVE_CANONICALIZE_FILE_NAME 1
| #define HAVE_GETCWD 1
| #define HAVE_READLINK 1
| #define HAVE_REALPATH 1
| #define HAVE_CHOWN 1
| #define HAVE_FCHOWN 1
| #define HAVE_FCHDIR 1
| #define HAVE_FDOPENDIR 1
| #define HAVE_FACCESSAT 1
| #define HAVE_FCHMODAT 1
| #define HAVE_LCHMOD 1
| #define HAVE_FCNTL 1
| #define HAVE_SYMLINK 1
| #define HAVE_MEMPCPY 1
| #define HAVE_FSTATAT 1
| #define HAVE_GETDTABLESIZE 1
| /* end confdefs.h.  */
| /* Define getprogname to an innocuous variant, in case <limits.h> declares getprogname.
|    For example, HP-UX 11i <limits.h> declares gettimeofday.  */
| #define getprogname innocuous_getprogname
| 
| /* System header to define __stub macros and hopefully few prototypes,
|    which can conflict with char getprogname (void); below.  */
| 
| #include <limits.h>
| #undef getprogname
| 
| /* Override any GCC internal prototype to avoid an error.
|    Use char because int might match the return type of a GCC
|    builtin and then its argument prototype would still apply.  */
| #ifdef __cplusplus
| extern "C"
| #endif
| char getprogname (void);
| /* The GNU C library defines this for functions which it implements
|     to always fail with ENOSYS.  Some functions are actually named
|     something starting with __ and the normal name is an alias.  */
| #if defined __stub_getprogname || defined __stub___getprogname
| choke me
| #endif
| 
| int
| main (void)
| {
| return getprogname ();
|   ;
|   return 0;
| }
configure:7399: result: no
configure:7399: checking for getexecname
configure:7399: gcc  -o conftest -isystem/home/ubuntu/yocto/rpi-build/tmp/work/x86_64-linux/patch-native/2.7.6-r0/recipe-sysroot-native/usr/include -O2 -pipe -isystem/home/ubuntu/yocto/rpi-build/tmp/work/x86_64-linux/patch-native/2.7.6-r0/recipe-sysroot-native/usr/include -L/home/ubuntu/yocto/rpi-build/tmp/work/x86_64-linux/patch-native/2.7.6-r0/recipe-sysroot-native/usr/lib                         -L/home/ubuntu/yocto/rpi-build/tmp/work/x86_64-linux/patch-native/2.7.6-r0/recipe-sysroot-native/lib                         -Wl,--enable-new-dtags                         -Wl,-rpath-link,/home/ubuntu/yocto/rpi-build/tmp/work/x86_64-linux/patch-native/2.7.6-r0/recipe-sysroot-native/usr/lib                         -Wl,-rpath-link,/home/ubuntu/yocto/rpi-build/tmp/work/x86_64-linux/patch-native/2.7.6-r0/recipe-sysroot-native/lib                         -Wl,-rpath,/home/ubuntu/yocto/rpi-build/tmp/work/x86_64-linux/patch-native/2.7.6-r0/recipe-sysroot-native/usr/lib                         -Wl,-rpath,/home/ubuntu/yocto/rpi-build/tmp/work/x86_64-linux/patch-native/2.7.6-r0/recipe-sysroot-native/lib                         -Wl,-O1 -Wl,--allow-shlib-undefined -Wl,--dynamic-linker=/home/ubuntu/yocto/rpi-build/tmp/sysroots-uninative/x86_64-linux/lib/ld-linux-x86-64.so.2 conftest.c  >&5
/home/ubuntu/yocto/rpi-build/tmp/hosttools/ld: /tmp/cczMgp1g.o: in function `main':
conftest.c:(.text.startup+0x9): undefined reference to `getexecname'
collect2: error: ld returned 1 exit status
configure:7399: $? = 1
configure: failed program was:
| /* confdefs.h */
| #define PACKAGE_NAME "GNU patch"
| #define PACKAGE_TARNAME "patch"
| #define PACKAGE_VERSION "2.7.6"
| #define PACKAGE_STRING "GNU patch 2.7.6"
| #define PACKAGE_BUGREPORT "bug-patch@gnu.org"
| #define PACKAGE_URL "https://www.gnu.org/software/patch/"
| #define PACKAGE "patch"
| #define VERSION "2.7.6"
| #define HAVE_STDIO_H 1
| #define HAVE_STDLIB_H 1
| #define HAVE_STRING_H 1
| #define HAVE_INTTYPES_H 1
| #define HAVE_STDINT_H 1
| #define HAVE_STRINGS_H 1
| #define HAVE_SYS_STAT_H 1
| #define HAVE_SYS_TYPES_H 1
| #define HAVE_UNISTD_H 1
| #define HAVE_SYS_PARAM_H 1
| #define HAVE_SYS_SOCKET_H 1
| #define HAVE_DIRENT_H 1
| #define HAVE_GETOPT_H 1
| #define HAVE_SYS_CDEFS_H 1
| #define HAVE_SYS_TIME_H 1
| #define HAVE_LIMITS_H 1
| #define HAVE_WCHAR_H 1
| #define HAVE_SYS_MMAN_H 1
| #define HAVE_UTIME_H 1
| #define HAVE_FEATURES_H 1
| #define HAVE_WCTYPE_H 1
| #define STDC_HEADERS 1
| #define __EXTENSIONS__ 1
| #define _ALL_SOURCE 1
| #define _DARWIN_C_SOURCE 1
| #define _GNU_SOURCE 1
| #define _NETBSD_SOURCE 1
| #define _OPENBSD_SOURCE 1
| #define _POSIX_PTHREAD_SEMANTICS 1
| #define __STDC_WANT_IEC_60559_ATTRIBS_EXT__ 1
| #define __STDC_WANT_IEC_60559_BFP_EXT__ 1
| #define __STDC_WANT_IEC_60559_DFP_EXT__ 1
| #define __STDC_WANT_IEC_60559_FUNCS_EXT__ 1
| #define __STDC_WANT_IEC_60559_TYPES_EXT__ 1
| #define __STDC_WANT_LIB_EXT2__ 1
| #define __STDC_WANT_MATH_SPEC_FUNCS__ 1
| #define _TANDEM_SOURCE 1
| #define _HPUX_ALT_XOPEN_SOCKET_API 1
| #define HAVE_ALLOCA_H 1
| #define HAVE_ALLOCA 1
| #define D_INO_IN_DIRENT 1
| #define HAVE_LONG_FILE_NAMES 1
| #define HAVE_PATHCONF 1
| #define HAVE_CANONICALIZE_FILE_NAME 1
| #define HAVE_GETCWD 1
| #define HAVE_READLINK 1
| #define HAVE_REALPATH 1
| #define HAVE_CHOWN 1
| #define HAVE_FCHOWN 1
| #define HAVE_FCHDIR 1
| #define HAVE_FDOPENDIR 1
| #define HAVE_FACCESSAT 1
| #define HAVE_FCHMODAT 1
| #define HAVE_LCHMOD 1
| #define HAVE_FCNTL 1
| #define HAVE_SYMLINK 1
| #define HAVE_MEMPCPY 1
| #define HAVE_FSTATAT 1
| #define HAVE_GETDTABLESIZE 1
| /* end confdefs.h.  */
| /* Define getexecname to an innocuous variant, in case <limits.h> declares getexecname.
|    For example, HP-UX 11i <limits.h> declares gettimeofday.  */
| #define getexecname innocuous_getexecname
| 
| /* System header to define __stub macros and hopefully few prototypes,
|    which can conflict with char getexecname (void); below.  */
| 
| #include <limits.h>
| #undef getexecname
| 
| /* Override any GCC internal prototype to avoid an error.
|    Use char because int might match the return type of a GCC
|    builtin and then its argument prototype would still apply.  */
| #ifdef __cplusplus
| extern "C"
| #endif
| char getexecname (void);
| /* The GNU C library defines this for functions which it implements
|     to always fail with ENOSYS.  Some functions are actually named
|     something starting with __ and the normal name is an alias.  */
| #if defined __stub_getexecname || defined __stub___getexecname
| choke me
| #endif
| 
| int
| main (void)
| {
| return getexecname ();
|   ;
|   return 0;
| }
configure:7399: result: no
configure:7399: checking for gettimeofday
configure:7399: gcc  -o conftest -isystem/home/ubuntu/yocto/rpi-build/tmp/work/x86_64-linux/patch-native/2.7.6-r0/recipe-sysroot-native/usr/include -O2 -pipe -isystem/home/ubuntu/yocto/rpi-build/tmp/work/x86_64-linux/patch-native/2.7.6-r0/recipe-sysroot-native/usr/include -L/home/ubuntu/yocto/rpi-build/tmp/work/x86_64-linux/patch-native/2.7.6-r0/recipe-sysroot-native/usr/lib                         -L/home/ubuntu/yocto/rpi-build/tmp/work/x86_64-linux/patch-native/2.7.6-r0/recipe-sysroot-native/lib                         -Wl,--enable-new-dtags                         -Wl,-rpath-link,/home/ubuntu/yocto/rpi-build/tmp/work/x86_64-linux/patch-native/2.7.6-r0/recipe-sysroot-native/usr/lib                         -Wl,-rpath-link,/home/ubuntu/yocto/rpi-build/tmp/work/x86_64-linux/patch-native/2.7.6-r0/recipe-sysroot-native/lib                         -Wl,-rpath,/home/ubuntu/yocto/rpi-build/tmp/work/x86_64-linux/patch-native/2.7.6-r0/recipe-sysroot-native/usr/lib                         -Wl,-rpath,/home/ubuntu/yocto/rpi-build/tmp/work/x86_64-linux/patch-native/2.7.6-r0/recipe-sysroot-native/lib                         -Wl,-O1 -Wl,--allow-shlib-undefined -Wl,--dynamic-linker=/home/ubuntu/yocto/rpi-build/tmp/sysroots-uninative/x86_64-linux/lib/ld-linux-x86-64.so.2 conftest.c  >&5
configure:7399: $? = 0
configure:7399: result: yes
configure:7399: checking for nanotime
configure:7399: gcc  -o conftest -isystem/home/ubuntu/yocto/rpi-build/tmp/work/x86_64-linux/patch-native/2.7.6-r0/recipe-sysroot-native/usr/include -O2 -pipe -isystem/home/ubuntu/yocto/rpi-build/tmp/work/x86_64-linux/patch-native/2.7.6-r0/recipe-sysroot-native/usr/include -L/home/ubuntu/yocto/rpi-build/tmp/work/x86_64-linux/patch-native/2.7.6-r0/recipe-sysroot-native/usr/lib                         -L/home/ubuntu/yocto/rpi-build/tmp/work/x86_64-linux/patch-native/2.7.6-r0/recipe-sysroot-native/lib                         -Wl,--enable-new-dtags                         -Wl,-rpath-link,/home/ubuntu/yocto/rpi-build/tmp/work/x86_64-linux/patch-native/2.7.6-r0/recipe-sysroot-native/usr/lib                         -Wl,-rpath-link,/home/ubuntu/yocto/rpi-build/tmp/work/x86_64-linux/patch-native/2.7.6-r0/recipe-sysroot-native/lib                         -Wl,-rpath,/home/ubuntu/yocto/rpi-build/tmp/work/x86_64-linux/patch-native/2.7.6-r0/recipe-sysroot-native/usr/lib                         -Wl,-rpath,/home/ubuntu/yocto/rpi-build/tmp/work/x86_64-linux/patch-native/2.7.6-r0/recipe-sysroot-native/lib                         -Wl,-O1 -Wl,--allow-shlib-undefined -Wl,--dynamic-linker=/home/ubuntu/yocto/rpi-build/tmp/sysroots-uninative/x86_64-linux/lib/ld-linux-x86-64.so.2 conftest.c  >&5
/home/ubuntu/yocto/rpi-build/tmp/hosttools/ld: /tmp/cces4x4y.o: in function `main':
conftest.c:(.text.startup+0x9): undefined reference to `nanotime'
collect2: error: ld returned 1 exit status
configure:7399: $? = 1
configure: failed program was:
| /* confdefs.h */
| #define PACKAGE_NAME "GNU patch"
| #define PACKAGE_TARNAME "patch"
| #define PACKAGE_VERSION "2.7.6"
| #define PACKAGE_STRING "GNU patch 2.7.6"
| #define PACKAGE_BUGREPORT "bug-patch@gnu.org"
| #define PACKAGE_URL "https://www.gnu.org/software/patch/"
| #define PACKAGE "patch"
| #define VERSION "2.7.6"
| #define HAVE_STDIO_H 1
| #define HAVE_STDLIB_H 1
| #define HAVE_STRING_H 1
| #define HAVE_INTTYPES_H 1
| #define HAVE_STDINT_H 1
| #define HAVE_STRINGS_H 1
| #define HAVE_SYS_STAT_H 1
| #define HAVE_SYS_TYPES_H 1
| #define HAVE_UNISTD_H 1
| #define HAVE_SYS_PARAM_H 1
| #define HAVE_SYS_SOCKET_H 1
| #define HAVE_DIRENT_H 1
| #define HAVE_GETOPT_H 1
| #define HAVE_SYS_CDEFS_H 1
| #define HAVE_SYS_TIME_H 1
| #define HAVE_LIMITS_H 1
| #define HAVE_WCHAR_H 1
| #define HAVE_SYS_MMAN_H 1
| #define HAVE_UTIME_H 1
| #define HAVE_FEATURES_H 1
| #define HAVE_WCTYPE_H 1
| #define STDC_HEADERS 1
| #define __EXTENSIONS__ 1
| #define _ALL_SOURCE 1
| #define _DARWIN_C_SOURCE 1
| #define _GNU_SOURCE 1
| #define _NETBSD_SOURCE 1
| #define _OPENBSD_SOURCE 1
| #define _POSIX_PTHREAD_SEMANTICS 1
| #define __STDC_WANT_IEC_60559_ATTRIBS_EXT__ 1
| #define __STDC_WANT_IEC_60559_BFP_EXT__ 1
| #define __STDC_WANT_IEC_60559_DFP_EXT__ 1
| #define __STDC_WANT_IEC_60559_FUNCS_EXT__ 1
| #define __STDC_WANT_IEC_60559_TYPES_EXT__ 1
| #define __STDC_WANT_LIB_EXT2__ 1
| #define __STDC_WANT_MATH_SPEC_FUNCS__ 1
| #define _TANDEM_SOURCE 1
| #define _HPUX_ALT_XOPEN_SOCKET_API 1
| #define HAVE_ALLOCA_H 1
| #define HAVE_ALLOCA 1
| #define D_INO_IN_DIRENT 1
| #define HAVE_LONG_FILE_NAMES 1
| #define HAVE_PATHCONF 1
| #define HAVE_CANONICALIZE_FILE_NAME 1
| #define HAVE_GETCWD 1
| #define HAVE_READLINK 1
| #define HAVE_REALPATH 1
| #define HAVE_CHOWN 1
| #define HAVE_FCHOWN 1
| #define HAVE_FCHDIR 1
| #define HAVE_FDOPENDIR 1
| #define HAVE_FACCESSAT 1
| #define HAVE_FCHMODAT 1
| #define HAVE_LCHMOD 1
| #define HAVE_FCNTL 1
| #define HAVE_SYMLINK 1
| #define HAVE_MEMPCPY 1
| #define HAVE_FSTATAT 1
| #define HAVE_GETDTABLESIZE 1
| #define HAVE_GETTIMEOFDAY 1
| /* end confdefs.h.  */
| /* Define nanotime to an innocuous variant, in case <limits.h> declares nanotime.
|    For example, HP-UX 11i <limits.h> declares gettimeofday.  */
| #define nanotime innocuous_nanotime
| 
| /* System header to define __stub macros and hopefully few prototypes,
|    which can conflict with char nanotime (void); below.  */
| 
| #include <limits.h>
| #undef nanotime
| 
| /* Override any GCC internal prototype to avoid an error.
|    Use char because int might match the return type of a GCC
|    builtin and then its argument prototype would still apply.  */
| #ifdef __cplusplus
| extern "C"
| #endif
| char nanotime (void);
| /* The GNU C library defines this for functions which it implements
|     to always fail with ENOSYS.  Some functions are actually named
|     something starting with __ and the normal name is an alias.  */
| #if defined __stub_nanotime || defined __stub___nanotime
| choke me
| #endif
| 
| int
| main (void)
| {
| return nanotime ();
|   ;
|   return 0;
| }
configure:7399: result: no
configure:7399: checking for lstat
configure:7399: gcc  -o conftest -isystem/home/ubuntu/yocto/rpi-build/tmp/work/x86_64-linux/patch-native/2.7.6-r0/recipe-sysroot-native/usr/include -O2 -pipe -isystem/home/ubuntu/yocto/rpi-build/tmp/work/x86_64-linux/patch-native/2.7.6-r0/recipe-sysroot-native/usr/include -L/home/ubuntu/yocto/rpi-build/tmp/work/x86_64-linux/patch-native/2.7.6-r0/recipe-sysroot-native/usr/lib                         -L/home/ubuntu/yocto/rpi-build/tmp/work/x86_64-linux/patch-native/2.7.6-r0/recipe-sysroot-native/lib                         -Wl,--enable-new-dtags                         -Wl,-rpath-link,/home/ubuntu/yocto/rpi-build/tmp/work/x86_64-linux/patch-native/2.7.6-r0/recipe-sysroot-native/usr/lib                         -Wl,-rpath-link,/home/ubuntu/yocto/rpi-build/tmp/work/x86_64-linux/patch-native/2.7.6-r0/recipe-sysroot-native/lib                         -Wl,-rpath,/home/ubuntu/yocto/rpi-build/tmp/work/x86_64-linux/patch-native/2.7.6-r0/recipe-sysroot-native/usr/lib                         -Wl,-rpath,/home/ubuntu/yocto/rpi-build/tmp/work/x86_64-linux/patch-native/2.7.6-r0/recipe-sysroot-native/lib                         -Wl,-O1 -Wl,--allow-shlib-undefined -Wl,--dynamic-linker=/home/ubuntu/yocto/rpi-build/tmp/sysroots-uninative/x86_64-linux/lib/ld-linux-x86-64.so.2 conftest.c  >&5
configure:7399: $? = 0
configure:7399: result: yes
configure:7399: checking for mbsinit
configure:7399: gcc  -o conftest -isystem/home/ubuntu/yocto/rpi-build/tmp/work/x86_64-linux/patch-native/2.7.6-r0/recipe-sysroot-native/usr/include -O2 -pipe -isystem/home/ubuntu/yocto/rpi-build/tmp/work/x86_64-linux/patch-native/2.7.6-r0/recipe-sysroot-native/usr/include -L/home/ubuntu/yocto/rpi-build/tmp/work/x86_64-linux/patch-native/2.7.6-r0/recipe-sysroot-native/usr/lib                         -L/home/ubuntu/yocto/rpi-build/tmp/work/x86_64-linux/patch-native/2.7.6-r0/recipe-sysroot-native/lib                         -Wl,--enable-new-dtags                         -Wl,-rpath-link,/home/ubuntu/yocto/rpi-build/tmp/work/x86_64-linux/patch-native/2.7.6-r0/recipe-sysroot-native/usr/lib                         -Wl,-rpath-link,/home/ubuntu/yocto/rpi-build/tmp/work/x86_64-linux/patch-native/2.7.6-r0/recipe-sysroot-native/lib                         -Wl,-rpath,/home/ubuntu/yocto/rpi-build/tmp/work/x86_64-linux/patch-native/2.7.6-r0/recipe-sysroot-native/usr/lib                         -Wl,-rpath,/home/ubuntu/yocto/rpi-build/tmp/work/x86_64-linux/patch-native/2.7.6-r0/recipe-sysroot-native/lib                         -Wl,-O1 -Wl,--allow-shlib-undefined -Wl,--dynamic-linker=/home/ubuntu/yocto/rpi-build/tmp/sysroots-uninative/x86_64-linux/lib/ld-linux-x86-64.so.2 conftest.c  >&5
configure:7399: $? = 0
configure:7399: result: yes
configure:7399: checking for mbrtowc
configure:7399: gcc  -o conftest -isystem/home/ubuntu/yocto/rpi-build/tmp/work/x86_64-linux/patch-native/2.7.6-r0/recipe-sysroot-native/usr/include -O2 -pipe -isystem/home/ubuntu/yocto/rpi-build/tmp/work/x86_64-linux/patch-native/2.7.6-r0/recipe-sysroot-native/usr/include -L/home/ubuntu/yocto/rpi-build/tmp/work/x86_64-linux/patch-native/2.7.6-r0/recipe-sysroot-native/usr/lib                         -L/home/ubuntu/yocto/rpi-build/tmp/work/x86_64-linux/patch-native/2.7.6-r0/recipe-sysroot-native/lib                         -Wl,--enable-new-dtags                         -Wl,-rpath-link,/home/ubuntu/yocto/rpi-build/tmp/work/x86_64-linux/patch-native/2.7.6-r0/recipe-sysroot-native/usr/lib                         -Wl,-rpath-link,/home/ubuntu/yocto/rpi-build/tmp/work/x86_64-linux/patch-native/2.7.6-r0/recipe-sysroot-native/lib                         -Wl,-rpath,/home/ubuntu/yocto/rpi-build/tmp/work/x86_64-linux/patch-native/2.7.6-r0/recipe-sysroot-native/usr/lib                         -Wl,-rpath,/home/ubuntu/yocto/rpi-build/tmp/work/x86_64-linux/patch-native/2.7.6-r0/recipe-sysroot-native/lib                         -Wl,-O1 -Wl,--allow-shlib-undefined -Wl,--dynamic-linker=/home/ubuntu/yocto/rpi-build/tmp/sysroots-uninative/x86_64-linux/lib/ld-linux-x86-64.so.2 conftest.c  >&5
configure:7399: $? = 0
configure:7399: result: yes
configure:7399: checking for mprotect
configure:7399: gcc  -o conftest -isystem/home/ubuntu/yocto/rpi-build/tmp/work/x86_64-linux/patch-native/2.7.6-r0/recipe-sysroot-native/usr/include -O2 -pipe -isystem/home/ubuntu/yocto/rpi-build/tmp/work/x86_64-linux/patch-native/2.7.6-r0/recipe-sysroot-native/usr/include -L/home/ubuntu/yocto/rpi-build/tmp/work/x86_64-linux/patch-native/2.7.6-r0/recipe-sysroot-native/usr/lib                         -L/home/ubuntu/yocto/rpi-build/tmp/work/x86_64-linux/patch-native/2.7.6-r0/recipe-sysroot-native/lib                         -Wl,--enable-new-dtags                         -Wl,-rpath-link,/home/ubuntu/yocto/rpi-build/tmp/work/x86_64-linux/patch-native/2.7.6-r0/recipe-sysroot-native/usr/lib                         -Wl,-rpath-link,/home/ubuntu/yocto/rpi-build/tmp/work/x86_64-linux/patch-native/2.7.6-r0/recipe-sysroot-native/lib                         -Wl,-rpath,/home/ubuntu/yocto/rpi-build/tmp/work/x86_64-linux/patch-native/2.7.6-r0/recipe-sysroot-native/usr/lib                         -Wl,-rpath,/home/ubuntu/yocto/rpi-build/tmp/work/x86_64-linux/patch-native/2.7.6-r0/recipe-sysroot-native/lib                         -Wl,-O1 -Wl,--allow-shlib-undefined -Wl,--dynamic-linker=/home/ubuntu/yocto/rpi-build/tmp/sysroots-uninative/x86_64-linux/lib/ld-linux-x86-64.so.2 conftest.c  >&5
configure:7399: $? = 0
configure:7399: result: yes
configure:7399: checking for mkdirat
configure:7399: gcc  -o conftest -isystem/home/ubuntu/yocto/rpi-build/tmp/work/x86_64-linux/patch-native/2.7.6-r0/recipe-sysroot-native/usr/include -O2 -pipe -isystem/home/ubuntu/yocto/rpi-build/tmp/work/x86_64-linux/patch-native/2.7.6-r0/recipe-sysroot-native/usr/include -L/home/ubuntu/yocto/rpi-build/tmp/work/x86_64-linux/patch-native/2.7.6-r0/recipe-sysroot-native/usr/lib                         -L/home/ubuntu/yocto/rpi-build/tmp/work/x86_64-linux/patch-native/2.7.6-r0/recipe-sysroot-native/lib                         -Wl,--enable-new-dtags                         -Wl,-rpath-link,/home/ubuntu/yocto/rpi-build/tmp/work/x86_64-linux/patch-native/2.7.6-r0/recipe-sysroot-native/usr/lib                         -Wl,-rpath-link,/home/ubuntu/yocto/rpi-build/tmp/work/x86_64-linux/patch-native/2.7.6-r0/recipe-sysroot-native/lib                         -Wl,-rpath,/home/ubuntu/yocto/rpi-build/tmp/work/x86_64-linux/patch-native/2.7.6-r0/recipe-sysroot-native/usr/lib                         -Wl,-rpath,/home/ubuntu/yocto/rpi-build/tmp/work/x86_64-linux/patch-native/2.7.6-r0/recipe-sysroot-native/lib                         -Wl,-O1 -Wl,--allow-shlib-undefined -Wl,--dynamic-linker=/home/ubuntu/yocto/rpi-build/tmp/sysroots-uninative/x86_64-linux/lib/ld-linux-x86-64.so.2 conftest.c  >&5
configure:7399: $? = 0
configure:7399: result: yes
configure:7399: checking for tzset
configure:7399: gcc  -o conftest -isystem/home/ubuntu/yocto/rpi-build/tmp/work/x86_64-linux/patch-native/2.7.6-r0/recipe-sysroot-native/usr/include -O2 -pipe -isystem/home/ubuntu/yocto/rpi-build/tmp/work/x86_64-linux/patch-native/2.7.6-r0/recipe-sysroot-native/usr/include -L/home/ubuntu/yocto/rpi-build/tmp/work/x86_64-linux/patch-native/2.7.6-r0/recipe-sysroot-native/usr/lib                         -L/home/ubuntu/yocto/rpi-build/tmp/work/x86_64-linux/patch-native/2.7.6-r0/recipe-sysroot-native/lib                         -Wl,--enable-new-dtags                         -Wl,-rpath-link,/home/ubuntu/yocto/rpi-build/tmp/work/x86_64-linux/patch-native/2.7.6-r0/recipe-sysroot-native/usr/lib                         -Wl,-rpath-link,/home/ubuntu/yocto/rpi-build/tmp/work/x86_64-linux/patch-native/2.7.6-r0/recipe-sysroot-native/lib                         -Wl,-rpath,/home/ubuntu/yocto/rpi-build/tmp/work/x86_64-linux/patch-native/2.7.6-r0/recipe-sysroot-native/usr/lib                         -Wl,-rpath,/home/ubuntu/yocto/rpi-build/tmp/work/x86_64-linux/patch-native/2.7.6-r0/recipe-sysroot-native/lib                         -Wl,-O1 -Wl,--allow-shlib-undefined -Wl,--dynamic-linker=/home/ubuntu/yocto/rpi-build/tmp/sysroots-uninative/x86_64-linux/lib/ld-linux-x86-64.so.2 conftest.c  >&5
configure:7399: $? = 0
configure:7399: result: yes
configure:7399: checking for openat
configure:7399: gcc  -o conftest -isystem/home/ubuntu/yocto/rpi-build/tmp/work/x86_64-linux/patch-native/2.7.6-r0/recipe-sysroot-native/usr/include -O2 -pipe -isystem/home/ubuntu/yocto/rpi-build/tmp/work/x86_64-linux/patch-native/2.7.6-r0/recipe-sysroot-native/usr/include -L/home/ubuntu/yocto/rpi-build/tmp/work/x86_64-linux/patch-native/2.7.6-r0/recipe-sysroot-native/usr/lib                         -L/home/ubuntu/yocto/rpi-build/tmp/work/x86_64-linux/patch-native/2.7.6-r0/recipe-sysroot-native/lib                         -Wl,--enable-new-dtags                         -Wl,-rpath-link,/home/ubuntu/yocto/rpi-build/tmp/work/x86_64-linux/patch-native/2.7.6-r0/recipe-sysroot-native/usr/lib                         -Wl,-rpath-link,/home/ubuntu/yocto/rpi-build/tmp/work/x86_64-linux/patch-native/2.7.6-r0/recipe-sysroot-native/lib                         -Wl,-rpath,/home/ubuntu/yocto/rpi-build/tmp/work/x86_64-linux/patch-native/2.7.6-r0/recipe-sysroot-native/usr/lib                         -Wl,-rpath,/home/ubuntu/yocto/rpi-build/tmp/work/x86_64-linux/patch-native/2.7.6-r0/recipe-sysroot-native/lib                         -Wl,-O1 -Wl,--allow-shlib-undefined -Wl,--dynamic-linker=/home/ubuntu/yocto/rpi-build/tmp/sysroots-uninative/x86_64-linux/lib/ld-linux-x86-64.so.2 conftest.c  >&5
configure:7399: $? = 0
configure:7399: result: yes
configure:7399: checking for readlinkat
configure:7399: gcc  -o conftest -isystem/home/ubuntu/yocto/rpi-build/tmp/work/x86_64-linux/patch-native/2.7.6-r0/recipe-sysroot-native/usr/include -O2 -pipe -isystem/home/ubuntu/yocto/rpi-build/tmp/work/x86_64-linux/patch-native/2.7.6-r0/recipe-sysroot-native/usr/include -L/home/ubuntu/yocto/rpi-build/tmp/work/x86_64-linux/patch-native/2.7.6-r0/recipe-sysroot-native/usr/lib                         -L/home/ubuntu/yocto/rpi-build/tmp/work/x86_64-linux/patch-native/2.7.6-r0/recipe-sysroot-native/lib                         -Wl,--enable-new-dtags                         -Wl,-rpath-link,/home/ubuntu/yocto/rpi-build/tmp/work/x86_64-linux/patch-native/2.7.6-r0/recipe-sysroot-native/usr/lib                         -Wl,-rpath-link,/home/ubuntu/yocto/rpi-build/tmp/work/x86_64-linux/patch-native/2.7.6-r0/recipe-sysroot-native/lib                         -Wl,-rpath,/home/ubuntu/yocto/rpi-build/tmp/work/x86_64-linux/patch-native/2.7.6-r0/recipe-sysroot-native/usr/lib                         -Wl,-rpath,/home/ubuntu/yocto/rpi-build/tmp/work/x86_64-linux/patch-native/2.7.6-r0/recipe-sysroot-native/lib                         -Wl,-O1 -Wl,--allow-shlib-undefined -Wl,--dynamic-linker=/home/ubuntu/yocto/rpi-build/tmp/sysroots-uninative/x86_64-linux/lib/ld-linux-x86-64.so.2 conftest.c  >&5
configure:7399: $? = 0
configure:7399: result: yes
configure:7399: checking for link
configure:7399: gcc  -o conftest -isystem/home/ubuntu/yocto/rpi-build/tmp/work/x86_64-linux/patch-native/2.7.6-r0/recipe-sysroot-native/usr/include -O2 -pipe -isystem/home/ubuntu/yocto/rpi-build/tmp/work/x86_64-linux/patch-native/2.7.6-r0/recipe-sysroot-native/usr/include -L/home/ubuntu/yocto/rpi-build/tmp/work/x86_64-linux/patch-native/2.7.6-r0/recipe-sysroot-native/usr/lib                         -L/home/ubuntu/yocto/rpi-build/tmp/work/x86_64-linux/patch-native/2.7.6-r0/recipe-sysroot-native/lib                         -Wl,--enable-new-dtags                         -Wl,-rpath-link,/home/ubuntu/yocto/rpi-build/tmp/work/x86_64-linux/patch-native/2.7.6-r0/recipe-sysroot-native/usr/lib                         -Wl,-rpath-link,/home/ubuntu/yocto/rpi-build/tmp/work/x86_64-linux/patch-native/2.7.6-r0/recipe-sysroot-native/lib                         -Wl,-rpath,/home/ubuntu/yocto/rpi-build/tmp/work/x86_64-linux/patch-native/2.7.6-r0/recipe-sysroot-native/usr/lib                         -Wl,-rpath,/home/ubuntu/yocto/rpi-build/tmp/work/x86_64-linux/patch-native/2.7.6-r0/recipe-sysroot-native/lib                         -Wl,-O1 -Wl,--allow-shlib-undefined -Wl,--dynamic-linker=/home/ubuntu/yocto/rpi-build/tmp/sysroots-uninative/x86_64-linux/lib/ld-linux-x86-64.so.2 conftest.c  >&5
configure:7399: $? = 0
configure:7399: result: yes
configure:7399: checking for renameat
configure:7399: gcc  -o conftest -isystem/home/ubuntu/yocto/rpi-build/tmp/work/x86_64-linux/patch-native/2.7.6-r0/recipe-sysroot-native/usr/include -O2 -pipe -isystem/home/ubuntu/yocto/rpi-build/tmp/work/x86_64-linux/patch-native/2.7.6-r0/recipe-sysroot-native/usr/include -L/home/ubuntu/yocto/rpi-build/tmp/work/x86_64-linux/patch-native/2.7.6-r0/recipe-sysroot-native/usr/lib                         -L/home/ubuntu/yocto/rpi-build/tmp/work/x86_64-linux/patch-native/2.7.6-r0/recipe-sysroot-native/lib                         -Wl,--enable-new-dtags                         -Wl,-rpath-link,/home/ubuntu/yocto/rpi-build/tmp/work/x86_64-linux/patch-native/2.7.6-r0/recipe-sysroot-native/usr/lib                         -Wl,-rpath-link,/home/ubuntu/yocto/rpi-build/tmp/work/x86_64-linux/patch-native/2.7.6-r0/recipe-sysroot-native/lib                         -Wl,-rpath,/home/ubuntu/yocto/rpi-build/tmp/work/x86_64-linux/patch-native/2.7.6-r0/recipe-sysroot-native/usr/lib                         -Wl,-rpath,/home/ubuntu/yocto/rpi-build/tmp/work/x86_64-linux/patch-native/2.7.6-r0/recipe-sysroot-native/lib                         -Wl,-O1 -Wl,--allow-shlib-undefined -Wl,--dynamic-linker=/home/ubuntu/yocto/rpi-build/tmp/sysroots-uninative/x86_64-linux/lib/ld-linux-x86-64.so.2 conftest.c  >&5
configure:7399: $? = 0
configure:7399: result: yes
configure:7399: checking for setenv
configure:7399: gcc  -o conftest -isystem/home/ubuntu/yocto/rpi-build/tmp/work/x86_64-linux/patch-native/2.7.6-r0/recipe-sysroot-native/usr/include -O2 -pipe -isystem/home/ubuntu/yocto/rpi-build/tmp/work/x86_64-linux/patch-native/2.7.6-r0/recipe-sysroot-native/usr/include -L/home/ubuntu/yocto/rpi-build/tmp/work/x86_64-linux/patch-native/2.7.6-r0/recipe-sysroot-native/usr/lib                         -L/home/ubuntu/yocto/rpi-build/tmp/work/x86_64-linux/patch-native/2.7.6-r0/recipe-sysroot-native/lib                         -Wl,--enable-new-dtags                         -Wl,-rpath-link,/home/ubuntu/yocto/rpi-build/tmp/work/x86_64-linux/patch-native/2.7.6-r0/recipe-sysroot-native/usr/lib                         -Wl,-rpath-link,/home/ubuntu/yocto/rpi-build/tmp/work/x86_64-linux/patch-native/2.7.6-r0/recipe-sysroot-native/lib                         -Wl,-rpath,/home/ubuntu/yocto/rpi-build/tmp/work/x86_64-linux/patch-native/2.7.6-r0/recipe-sysroot-native/usr/lib                         -Wl,-rpath,/home/ubuntu/yocto/rpi-build/tmp/work/x86_64-linux/patch-native/2.7.6-r0/recipe-sysroot-native/lib                         -Wl,-O1 -Wl,--allow-shlib-undefined -Wl,--dynamic-linker=/home/ubuntu/yocto/rpi-build/tmp/sysroots-uninative/x86_64-linux/lib/ld-linux-x86-64.so.2 conftest.c  >&5
configure:7399: $? = 0
configure:7399: result: yes
configure:7399: checking for strdup
configure:7399: gcc  -o conftest -isystem/home/ubuntu/yocto/rpi-build/tmp/work/x86_64-linux/patch-native/2.7.6-r0/recipe-sysroot-native/usr/include -O2 -pipe -isystem/home/ubuntu/yocto/rpi-build/tmp/work/x86_64-linux/patch-native/2.7.6-r0/recipe-sysroot-native/usr/include -L/home/ubuntu/yocto/rpi-build/tmp/work/x86_64-linux/patch-native/2.7.6-r0/recipe-sysroot-native/usr/lib                         -L/home/ubuntu/yocto/rpi-build/tmp/work/x86_64-linux/patch-native/2.7.6-r0/recipe-sysroot-native/lib                         -Wl,--enable-new-dtags                         -Wl,-rpath-link,/home/ubuntu/yocto/rpi-build/tmp/work/x86_64-linux/patch-native/2.7.6-r0/recipe-sysroot-native/usr/lib                         -Wl,-rpath-link,/home/ubuntu/yocto/rpi-build/tmp/work/x86_64-linux/patch-native/2.7.6-r0/recipe-sysroot-native/lib                         -Wl,-rpath,/home/ubuntu/yocto/rpi-build/tmp/work/x86_64-linux/patch-native/2.7.6-r0/recipe-sysroot-native/usr/lib                         -Wl,-rpath,/home/ubuntu/yocto/rpi-build/tmp/work/x86_64-linux/patch-native/2.7.6-r0/recipe-sysroot-native/lib                         -Wl,-O1 -Wl,--allow-shlib-undefined -Wl,--dynamic-linker=/home/ubuntu/yocto/rpi-build/tmp/sysroots-uninative/x86_64-linux/lib/ld-linux-x86-64.so.2 conftest.c  >&5
conftest.c:98:6: warning: conflicting types for built-in function 'strdup'; expected 'char *(const char *)' [-Wbuiltin-declaration-mismatch]
   98 | char strdup (void);
      |      ^~~~~~
configure:7399: $? = 0
configure:7399: result: yes
configure:7399: checking for strndup
configure:7399: gcc  -o conftest -isystem/home/ubuntu/yocto/rpi-build/tmp/work/x86_64-linux/patch-native/2.7.6-r0/recipe-sysroot-native/usr/include -O2 -pipe -isystem/home/ubuntu/yocto/rpi-build/tmp/work/x86_64-linux/patch-native/2.7.6-r0/recipe-sysroot-native/usr/include -L/home/ubuntu/yocto/rpi-build/tmp/work/x86_64-linux/patch-native/2.7.6-r0/recipe-sysroot-native/usr/lib                         -L/home/ubuntu/yocto/rpi-build/tmp/work/x86_64-linux/patch-native/2.7.6-r0/recipe-sysroot-native/lib                         -Wl,--enable-new-dtags                         -Wl,-rpath-link,/home/ubuntu/yocto/rpi-build/tmp/work/x86_64-linux/patch-native/2.7.6-r0/recipe-sysroot-native/usr/lib                         -Wl,-rpath-link,/home/ubuntu/yocto/rpi-build/tmp/work/x86_64-linux/patch-native/2.7.6-r0/recipe-sysroot-native/lib                         -Wl,-rpath,/home/ubuntu/yocto/rpi-build/tmp/work/x86_64-linux/patch-native/2.7.6-r0/recipe-sysroot-native/usr/lib                         -Wl,-rpath,/home/ubuntu/yocto/rpi-build/tmp/work/x86_64-linux/patch-native/2.7.6-r0/recipe-sysroot-native/lib                         -Wl,-O1 -Wl,--allow-shlib-undefined -Wl,--dynamic-linker=/home/ubuntu/yocto/rpi-build/tmp/sysroots-uninative/x86_64-linux/lib/ld-linux-x86-64.so.2 conftest.c  >&5
conftest.c:99:6: warning: conflicting types for built-in function 'strndup'; expected 'char *(const char *, long unsigned int)' [-Wbuiltin-declaration-mismatch]
   99 | char strndup (void);
      |      ^~~~~~~
configure:7399: $? = 0
configure:7399: result: yes
configure:7399: checking for symlinkat
configure:7399: gcc  -o conftest -isystem/home/ubuntu/yocto/rpi-build/tmp/work/x86_64-linux/patch-native/2.7.6-r0/recipe-sysroot-native/usr/include -O2 -pipe -isystem/home/ubuntu/yocto/rpi-build/tmp/work/x86_64-linux/patch-native/2.7.6-r0/recipe-sysroot-native/usr/include -L/home/ubuntu/yocto/rpi-build/tmp/work/x86_64-linux/patch-native/2.7.6-r0/recipe-sysroot-native/usr/lib                         -L/home/ubuntu/yocto/rpi-build/tmp/work/x86_64-linux/patch-native/2.7.6-r0/recipe-sysroot-native/lib                         -Wl,--enable-new-dtags                         -Wl,-rpath-link,/home/ubuntu/yocto/rpi-build/tmp/work/x86_64-linux/patch-native/2.7.6-r0/recipe-sysroot-native/usr/lib                         -Wl,-rpath-link,/home/ubuntu/yocto/rpi-build/tmp/work/x86_64-linux/patch-native/2.7.6-r0/recipe-sysroot-native/lib                         -Wl,-rpath,/home/ubuntu/yocto/rpi-build/tmp/work/x86_64-linux/patch-native/2.7.6-r0/recipe-sysroot-native/usr/lib                         -Wl,-rpath,/home/ubuntu/yocto/rpi-build/tmp/work/x86_64-linux/patch-native/2.7.6-r0/recipe-sysroot-native/lib                         -Wl,-O1 -Wl,--allow-shlib-undefined -Wl,--dynamic-linker=/home/ubuntu/yocto/rpi-build/tmp/sysroots-uninative/x86_64-linux/lib/ld-linux-x86-64.so.2 conftest.c  >&5
configure:7399: $? = 0
configure:7399: result: yes
configure:7399: checking for localtime_r
configure:7399: gcc  -o conftest -isystem/home/ubuntu/yocto/rpi-build/tmp/work/x86_64-linux/patch-native/2.7.6-r0/recipe-sysroot-native/usr/include -O2 -pipe -isystem/home/ubuntu/yocto/rpi-build/tmp/work/x86_64-linux/patch-native/2.7.6-r0/recipe-sysroot-native/usr/include -L/home/ubuntu/yocto/rpi-build/tmp/work/x86_64-linux/patch-native/2.7.6-r0/recipe-sysroot-native/usr/lib                         -L/home/ubuntu/yocto/rpi-build/tmp/work/x86_64-linux/patch-native/2.7.6-r0/recipe-sysroot-native/lib                         -Wl,--enable-new-dtags                         -Wl,-rpath-link,/home/ubuntu/yocto/rpi-build/tmp/work/x86_64-linux/patch-native/2.7.6-r0/recipe-sysroot-native/usr/lib                         -Wl,-rpath-link,/home/ubuntu/yocto/rpi-build/tmp/work/x86_64-linux/patch-native/2.7.6-r0/recipe-sysroot-native/lib                         -Wl,-rpath,/home/ubuntu/yocto/rpi-build/tmp/work/x86_64-linux/patch-native/2.7.6-r0/recipe-sysroot-native/usr/lib                         -Wl,-rpath,/home/ubuntu/yocto/rpi-build/tmp/work/x86_64-linux/patch-native/2.7.6-r0/recipe-sysroot-native/lib                         -Wl,-O1 -Wl,--allow-shlib-undefined -Wl,--dynamic-linker=/home/ubuntu/yocto/rpi-build/tmp/sysroots-uninative/x86_64-linux/lib/ld-linux-x86-64.so.2 conftest.c  >&5
configure:7399: $? = 0
configure:7399: result: yes
configure:7399: checking for timegm
configure:7399: gcc  -o conftest -isystem/home/ubuntu/yocto/rpi-build/tmp/work/x86_64-linux/patch-native/2.7.6-r0/recipe-sysroot-native/usr/include -O2 -pipe -isystem/home/ubuntu/yocto/rpi-build/tmp/work/x86_64-linux/patch-native/2.7.6-r0/recipe-sysroot-native/usr/include -L/home/ubuntu/yocto/rpi-build/tmp/work/x86_64-linux/patch-native/2.7.6-r0/recipe-sysroot-native/usr/lib                         -L/home/ubuntu/yocto/rpi-build/tmp/work/x86_64-linux/patch-native/2.7.6-r0/recipe-sysroot-native/lib                         -Wl,--enable-new-dtags                         -Wl,-rpath-link,/home/ubuntu/yocto/rpi-build/tmp/work/x86_64-linux/patch-native/2.7.6-r0/recipe-sysroot-native/usr/lib                         -Wl,-rpath-link,/home/ubuntu/yocto/rpi-build/tmp/work/x86_64-linux/patch-native/2.7.6-r0/recipe-sysroot-native/lib                         -Wl,-rpath,/home/ubuntu/yocto/rpi-build/tmp/work/x86_64-linux/patch-native/2.7.6-r0/recipe-sysroot-native/usr/lib                         -Wl,-rpath,/home/ubuntu/yocto/rpi-build/tmp/work/x86_64-linux/patch-native/2.7.6-r0/recipe-sysroot-native/lib                         -Wl,-O1 -Wl,--allow-shlib-undefined -Wl,--dynamic-linker=/home/ubuntu/yocto/rpi-build/tmp/sysroots-uninative/x86_64-linux/lib/ld-linux-x86-64.so.2 conftest.c  >&5
configure:7399: $? = 0
configure:7399: result: yes
configure:7399: checking for pipe
configure:7399: gcc  -o conftest -isystem/home/ubuntu/yocto/rpi-build/tmp/work/x86_64-linux/patch-native/2.7.6-r0/recipe-sysroot-native/usr/include -O2 -pipe -isystem/home/ubuntu/yocto/rpi-build/tmp/work/x86_64-linux/patch-native/2.7.6-r0/recipe-sysroot-native/usr/include -L/home/ubuntu/yocto/rpi-build/tmp/work/x86_64-linux/patch-native/2.7.6-r0/recipe-sysroot-native/usr/lib                         -L/home/ubuntu/yocto/rpi-build/tmp/work/x86_64-linux/patch-native/2.7.6-r0/recipe-sysroot-native/lib                         -Wl,--enable-new-dtags                         -Wl,-rpath-link,/home/ubuntu/yocto/rpi-build/tmp/work/x86_64-linux/patch-native/2.7.6-r0/recipe-sysroot-native/usr/lib                         -Wl,-rpath-link,/home/ubuntu/yocto/rpi-build/tmp/work/x86_64-linux/patch-native/2.7.6-r0/recipe-sysroot-native/lib                         -Wl,-rpath,/home/ubuntu/yocto/rpi-build/tmp/work/x86_64-linux/patch-native/2.7.6-r0/recipe-sysroot-native/usr/lib                         -Wl,-rpath,/home/ubuntu/yocto/rpi-build/tmp/work/x86_64-linux/patch-native/2.7.6-r0/recipe-sysroot-native/lib                         -Wl,-O1 -Wl,--allow-shlib-undefined -Wl,--dynamic-linker=/home/ubuntu/yocto/rpi-build/tmp/sysroots-uninative/x86_64-linux/lib/ld-linux-x86-64.so.2 conftest.c  >&5
configure:7399: $? = 0
configure:7399: result: yes
configure:7399: checking for unlinkat
configure:7399: gcc  -o conftest -isystem/home/ubuntu/yocto/rpi-build/tmp/work/x86_64-linux/patch-native/2.7.6-r0/recipe-sysroot-native/usr/include -O2 -pipe -isystem/home/ubuntu/yocto/rpi-build/tmp/work/x86_64-linux/patch-native/2.7.6-r0/recipe-sysroot-native/usr/include -L/home/ubuntu/yocto/rpi-build/tmp/work/x86_64-linux/patch-native/2.7.6-r0/recipe-sysroot-native/usr/lib                         -L/home/ubuntu/yocto/rpi-build/tmp/work/x86_64-linux/patch-native/2.7.6-r0/recipe-sysroot-native/lib                         -Wl,--enable-new-dtags                         -Wl,-rpath-link,/home/ubuntu/yocto/rpi-build/tmp/work/x86_64-linux/patch-native/2.7.6-r0/recipe-sysroot-native/usr/lib                         -Wl,-rpath-link,/home/ubuntu/yocto/rpi-build/tmp/work/x86_64-linux/patch-native/2.7.6-r0/recipe-sysroot-native/lib                         -Wl,-rpath,/home/ubuntu/yocto/rpi-build/tmp/work/x86_64-linux/patch-native/2.7.6-r0/recipe-sysroot-native/usr/lib                         -Wl,-rpath,/home/ubuntu/yocto/rpi-build/tmp/work/x86_64-linux/patch-native/2.7.6-r0/recipe-sysroot-native/lib                         -Wl,-O1 -Wl,--allow-shlib-undefined -Wl,--dynamic-linker=/home/ubuntu/yocto/rpi-build/tmp/sysroots-uninative/x86_64-linux/lib/ld-linux-x86-64.so.2 conftest.c  >&5
configure:7399: $? = 0
configure:7399: result: yes
configure:7399: checking for utime
configure:7399: gcc  -o conftest -isystem/home/ubuntu/yocto/rpi-build/tmp/work/x86_64-linux/patch-native/2.7.6-r0/recipe-sysroot-native/usr/include -O2 -pipe -isystem/home/ubuntu/yocto/rpi-build/tmp/work/x86_64-linux/patch-native/2.7.6-r0/recipe-sysroot-native/usr/include -L/home/ubuntu/yocto/rpi-build/tmp/work/x86_64-linux/patch-native/2.7.6-r0/recipe-sysroot-native/usr/lib                         -L/home/ubuntu/yocto/rpi-build/tmp/work/x86_64-linux/patch-native/2.7.6-r0/recipe-sysroot-native/lib                         -Wl,--enable-new-dtags                         -Wl,-rpath-link,/home/ubuntu/yocto/rpi-build/tmp/work/x86_64-linux/patch-native/2.7.6-r0/recipe-sysroot-native/usr/lib                         -Wl,-rpath-link,/home/ubuntu/yocto/rpi-build/tmp/work/x86_64-linux/patch-native/2.7.6-r0/recipe-sysroot-native/lib                         -Wl,-rpath,/home/ubuntu/yocto/rpi-build/tmp/work/x86_64-linux/patch-native/2.7.6-r0/recipe-sysroot-native/usr/lib                         -Wl,-rpath,/home/ubuntu/yocto/rpi-build/tmp/work/x86_64-linux/patch-native/2.7.6-r0/recipe-sysroot-native/lib                         -Wl,-O1 -Wl,--allow-shlib-undefined -Wl,--dynamic-linker=/home/ubuntu/yocto/rpi-build/tmp/sysroots-uninative/x86_64-linux/lib/ld-linux-x86-64.so.2 conftest.c  >&5
configure:7399: $? = 0
configure:7399: result: yes
configure:7399: checking for futimes
configure:7399: gcc  -o conftest -isystem/home/ubuntu/yocto/rpi-build/tmp/work/x86_64-linux/patch-native/2.7.6-r0/recipe-sysroot-native/usr/include -O2 -pipe -isystem/home/ubuntu/yocto/rpi-build/tmp/work/x86_64-linux/patch-native/2.7.6-r0/recipe-sysroot-native/usr/include -L/home/ubuntu/yocto/rpi-build/tmp/work/x86_64-linux/patch-native/2.7.6-r0/recipe-sysroot-native/usr/lib                         -L/home/ubuntu/yocto/rpi-build/tmp/work/x86_64-linux/patch-native/2.7.6-r0/recipe-sysroot-native/lib                         -Wl,--enable-new-dtags                         -Wl,-rpath-link,/home/ubuntu/yocto/rpi-build/tmp/work/x86_64-linux/patch-native/2.7.6-r0/recipe-sysroot-native/usr/lib                         -Wl,-rpath-link,/home/ubuntu/yocto/rpi-build/tmp/work/x86_64-linux/patch-native/2.7.6-r0/recipe-sysroot-native/lib                         -Wl,-rpath,/home/ubuntu/yocto/rpi-build/tmp/work/x86_64-linux/patch-native/2.7.6-r0/recipe-sysroot-native/usr/lib                         -Wl,-rpath,/home/ubuntu/yocto/rpi-build/tmp/work/x86_64-linux/patch-native/2.7.6-r0/recipe-sysroot-native/lib                         -Wl,-O1 -Wl,--allow-shlib-undefined -Wl,--dynamic-linker=/home/ubuntu/yocto/rpi-build/tmp/sysroots-uninative/x86_64-linux/lib/ld-linux-x86-64.so.2 conftest.c  >&5
configure:7399: $? = 0
configure:7399: result: yes
configure:7399: checking for futimesat
configure:7399: gcc  -o conftest -isystem/home/ubuntu/yocto/rpi-build/tmp/work/x86_64-linux/patch-native/2.7.6-r0/recipe-sysroot-native/usr/include -O2 -pipe -isystem/home/ubuntu/yocto/rpi-build/tmp/work/x86_64-linux/patch-native/2.7.6-r0/recipe-sysroot-native/usr/include -L/home/ubuntu/yocto/rpi-build/tmp/work/x86_64-linux/patch-native/2.7.6-r0/recipe-sysroot-native/usr/lib                         -L/home/ubuntu/yocto/rpi-build/tmp/work/x86_64-linux/patch-native/2.7.6-r0/recipe-sysroot-native/lib                         -Wl,--enable-new-dtags                         -Wl,-rpath-link,/home/ubuntu/yocto/rpi-build/tmp/work/x86_64-linux/patch-native/2.7.6-r0/recipe-sysroot-native/usr/lib                         -Wl,-rpath-link,/home/ubuntu/yocto/rpi-build/tmp/work/x86_64-linux/patch-native/2.7.6-r0/recipe-sysroot-native/lib                         -Wl,-rpath,/home/ubuntu/yocto/rpi-build/tmp/work/x86_64-linux/patch-native/2.7.6-r0/recipe-sysroot-native/usr/lib                         -Wl,-rpath,/home/ubuntu/yocto/rpi-build/tmp/work/x86_64-linux/patch-native/2.7.6-r0/recipe-sysroot-native/lib                         -Wl,-O1 -Wl,--allow-shlib-undefined -Wl,--dynamic-linker=/home/ubuntu/yocto/rpi-build/tmp/sysroots-uninative/x86_64-linux/lib/ld-linux-x86-64.so.2 conftest.c  >&5
configure:7399: $? = 0
configure:7399: result: yes
configure:7399: checking for futimens
configure:7399: gcc  -o conftest -isystem/home/ubuntu/yocto/rpi-build/tmp/work/x86_64-linux/patch-native/2.7.6-r0/recipe-sysroot-native/usr/include -O2 -pipe -isystem/home/ubuntu/yocto/rpi-build/tmp/work/x86_64-linux/patch-native/2.7.6-r0/recipe-sysroot-native/usr/include -L/home/ubuntu/yocto/rpi-build/tmp/work/x86_64-linux/patch-native/2.7.6-r0/recipe-sysroot-native/usr/lib                         -L/home/ubuntu/yocto/rpi-build/tmp/work/x86_64-linux/patch-native/2.7.6-r0/recipe-sysroot-native/lib                         -Wl,--enable-new-dtags                         -Wl,-rpath-link,/home/ubuntu/yocto/rpi-build/tmp/work/x86_64-linux/patch-native/2.7.6-r0/recipe-sysroot-native/usr/lib                         -Wl,-rpath-link,/home/ubuntu/yocto/rpi-build/tmp/work/x86_64-linux/patch-native/2.7.6-r0/recipe-sysroot-native/lib                         -Wl,-rpath,/home/ubuntu/yocto/rpi-build/tmp/work/x86_64-linux/patch-native/2.7.6-r0/recipe-sysroot-native/usr/lib                         -Wl,-rpath,/home/ubuntu/yocto/rpi-build/tmp/work/x86_64-linux/patch-native/2.7.6-r0/recipe-sysroot-native/lib                         -Wl,-O1 -Wl,--allow-shlib-undefined -Wl,--dynamic-linker=/home/ubuntu/yocto/rpi-build/tmp/sysroots-uninative/x86_64-linux/lib/ld-linux-x86-64.so.2 conftest.c  >&5
configure:7399: $? = 0
configure:7399: result: yes
configure:7399: checking for utimensat
configure:7399: gcc  -o conftest -isystem/home/ubuntu/yocto/rpi-build/tmp/work/x86_64-linux/patch-native/2.7.6-r0/recipe-sysroot-native/usr/include -O2 -pipe -isystem/home/ubuntu/yocto/rpi-build/tmp/work/x86_64-linux/patch-native/2.7.6-r0/recipe-sysroot-native/usr/include -L/home/ubuntu/yocto/rpi-build/tmp/work/x86_64-linux/patch-native/2.7.6-r0/recipe-sysroot-native/usr/lib                         -L/home/ubuntu/yocto/rpi-build/tmp/work/x86_64-linux/patch-native/2.7.6-r0/recipe-sysroot-native/lib                         -Wl,--enable-new-dtags                         -Wl,-rpath-link,/home/ubuntu/yocto/rpi-build/tmp/work/x86_64-linux/patch-native/2.7.6-r0/recipe-sysroot-native/usr/lib                         -Wl,-rpath-link,/home/ubuntu/yocto/rpi-build/tmp/work/x86_64-linux/patch-native/2.7.6-r0/recipe-sysroot-native/lib                         -Wl,-rpath,/home/ubuntu/yocto/rpi-build/tmp/work/x86_64-linux/patch-native/2.7.6-r0/recipe-sysroot-native/usr/lib                         -Wl,-rpath,/home/ubuntu/yocto/rpi-build/tmp/work/x86_64-linux/patch-native/2.7.6-r0/recipe-sysroot-native/lib                         -Wl,-O1 -Wl,--allow-shlib-undefined -Wl,--dynamic-linker=/home/ubuntu/yocto/rpi-build/tmp/sysroots-uninative/x86_64-linux/lib/ld-linux-x86-64.so.2 conftest.c  >&5
configure:7399: $? = 0
configure:7399: result: yes
configure:7399: checking for lutimes
configure:7399: gcc  -o conftest -isystem/home/ubuntu/yocto/rpi-build/tmp/work/x86_64-linux/patch-native/2.7.6-r0/recipe-sysroot-native/usr/include -O2 -pipe -isystem/home/ubuntu/yocto/rpi-build/tmp/work/x86_64-linux/patch-native/2.7.6-r0/recipe-sysroot-native/usr/include -L/home/ubuntu/yocto/rpi-build/tmp/work/x86_64-linux/patch-native/2.7.6-r0/recipe-sysroot-native/usr/lib                         -L/home/ubuntu/yocto/rpi-build/tmp/work/x86_64-linux/patch-native/2.7.6-r0/recipe-sysroot-native/lib                         -Wl,--enable-new-dtags                         -Wl,-rpath-link,/home/ubuntu/yocto/rpi-build/tmp/work/x86_64-linux/patch-native/2.7.6-r0/recipe-sysroot-native/usr/lib                         -Wl,-rpath-link,/home/ubuntu/yocto/rpi-build/tmp/work/x86_64-linux/patch-native/2.7.6-r0/recipe-sysroot-native/lib                         -Wl,-rpath,/home/ubuntu/yocto/rpi-build/tmp/work/x86_64-linux/patch-native/2.7.6-r0/recipe-sysroot-native/usr/lib                         -Wl,-rpath,/home/ubuntu/yocto/rpi-build/tmp/work/x86_64-linux/patch-native/2.7.6-r0/recipe-sysroot-native/lib                         -Wl,-O1 -Wl,--allow-shlib-undefined -Wl,--dynamic-linker=/home/ubuntu/yocto/rpi-build/tmp/sysroots-uninative/x86_64-linux/lib/ld-linux-x86-64.so.2 conftest.c  >&5
configure:7399: $? = 0
configure:7399: result: yes
configure:7399: checking for vasnprintf
configure:7399: gcc  -o conftest -isystem/home/ubuntu/yocto/rpi-build/tmp/work/x86_64-linux/patch-native/2.7.6-r0/recipe-sysroot-native/usr/include -O2 -pipe -isystem/home/ubuntu/yocto/rpi-build/tmp/work/x86_64-linux/patch-native/2.7.6-r0/recipe-sysroot-native/usr/include -L/home/ubuntu/yocto/rpi-build/tmp/work/x86_64-linux/patch-native/2.7.6-r0/recipe-sysroot-native/usr/lib                         -L/home/ubuntu/yocto/rpi-build/tmp/work/x86_64-linux/patch-native/2.7.6-r0/recipe-sysroot-native/lib                         -Wl,--enable-new-dtags                         -Wl,-rpath-link,/home/ubuntu/yocto/rpi-build/tmp/work/x86_64-linux/patch-native/2.7.6-r0/recipe-sysroot-native/usr/lib                         -Wl,-rpath-link,/home/ubuntu/yocto/rpi-build/tmp/work/x86_64-linux/patch-native/2.7.6-r0/recipe-sysroot-native/lib                         -Wl,-rpath,/home/ubuntu/yocto/rpi-build/tmp/work/x86_64-linux/patch-native/2.7.6-r0/recipe-sysroot-native/usr/lib                         -Wl,-rpath,/home/ubuntu/yocto/rpi-build/tmp/work/x86_64-linux/patch-native/2.7.6-r0/recipe-sysroot-native/lib                         -Wl,-O1 -Wl,--allow-shlib-undefined -Wl,--dynamic-linker=/home/ubuntu/yocto/rpi-build/tmp/sysroots-uninative/x86_64-linux/lib/ld-linux-x86-64.so.2 conftest.c  >&5
/home/ubuntu/yocto/rpi-build/tmp/hosttools/ld: /tmp/ccspDX5E.o: in function `main':
conftest.c:(.text.startup+0x9): undefined reference to `vasnprintf'
collect2: error: ld returned 1 exit status
configure:7399: $? = 1
configure: failed program was:
| /* confdefs.h */
| #define PACKAGE_NAME "GNU patch"
| #define PACKAGE_TARNAME "patch"
| #define PACKAGE_VERSION "2.7.6"
| #define PACKAGE_STRING "GNU patch 2.7.6"
| #define PACKAGE_BUGREPORT "bug-patch@gnu.org"
| #define PACKAGE_URL "https://www.gnu.org/software/patch/"
| #define PACKAGE "patch"
| #define VERSION "2.7.6"
| #define HAVE_STDIO_H 1
| #define HAVE_STDLIB_H 1
| #define HAVE_STRING_H 1
| #define HAVE_INTTYPES_H 1
| #define HAVE_STDINT_H 1
| #define HAVE_STRINGS_H 1
| #define HAVE_SYS_STAT_H 1
| #define HAVE_SYS_TYPES_H 1
| #define HAVE_UNISTD_H 1
| #define HAVE_SYS_PARAM_H 1
| #define HAVE_SYS_SOCKET_H 1
| #define HAVE_DIRENT_H 1
| #define HAVE_GETOPT_H 1
| #define HAVE_SYS_CDEFS_H 1
| #define HAVE_SYS_TIME_H 1
| #define HAVE_LIMITS_H 1
| #define HAVE_WCHAR_H 1
| #define HAVE_SYS_MMAN_H 1
| #define HAVE_UTIME_H 1
| #define HAVE_FEATURES_H 1
| #define HAVE_WCTYPE_H 1
| #define STDC_HEADERS 1
| #define __EXTENSIONS__ 1
| #define _ALL_SOURCE 1
| #define _DARWIN_C_SOURCE 1
| #define _GNU_SOURCE 1
| #define _NETBSD_SOURCE 1
| #define _OPENBSD_SOURCE 1
| #define _POSIX_PTHREAD_SEMANTICS 1
| #define __STDC_WANT_IEC_60559_ATTRIBS_EXT__ 1
| #define __STDC_WANT_IEC_60559_BFP_EXT__ 1
| #define __STDC_WANT_IEC_60559_DFP_EXT__ 1
| #define __STDC_WANT_IEC_60559_FUNCS_EXT__ 1
| #define __STDC_WANT_IEC_60559_TYPES_EXT__ 1
| #define __STDC_WANT_LIB_EXT2__ 1
| #define __STDC_WANT_MATH_SPEC_FUNCS__ 1
| #define _TANDEM_SOURCE 1
| #define _HPUX_ALT_XOPEN_SOCKET_API 1
| #define HAVE_ALLOCA_H 1
| #define HAVE_ALLOCA 1
| #define D_INO_IN_DIRENT 1
| #define HAVE_LONG_FILE_NAMES 1
| #define HAVE_PATHCONF 1
| #define HAVE_CANONICALIZE_FILE_NAME 1
| #define HAVE_GETCWD 1
| #define HAVE_READLINK 1
| #define HAVE_REALPATH 1
| #define HAVE_CHOWN 1
| #define HAVE_FCHOWN 1
| #define HAVE_FCHDIR 1
| #define HAVE_FDOPENDIR 1
| #define HAVE_FACCESSAT 1
| #define HAVE_FCHMODAT 1
| #define HAVE_LCHMOD 1
| #define HAVE_FCNTL 1
| #define HAVE_SYMLINK 1
| #define HAVE_MEMPCPY 1
| #define HAVE_FSTATAT 1
| #define HAVE_GETDTABLESIZE 1
| #define HAVE_GETTIMEOFDAY 1
| #define HAVE_LSTAT 1
| #define HAVE_MBSINIT 1
| #define HAVE_MBRTOWC 1
| #define HAVE_MPROTECT 1
| #define HAVE_MKDIRAT 1
| #define HAVE_TZSET 1
| #define HAVE_OPENAT 1
| #define HAVE_READLINKAT 1
| #define HAVE_LINK 1
| #define HAVE_RENAMEAT 1
| #define HAVE_SETENV 1
| #define HAVE_STRDUP 1
| #define HAVE_STRNDUP 1
| #define HAVE_SYMLINKAT 1
| #define HAVE_LOCALTIME_R 1
| #define HAVE_TIMEGM 1
| #define HAVE_PIPE 1
| #define HAVE_UNLINKAT 1
| #define HAVE_UTIME 1
| #define HAVE_FUTIMES 1
| #define HAVE_FUTIMESAT 1
| #define HAVE_FUTIMENS 1
| #define HAVE_UTIMENSAT 1
| #define HAVE_LUTIMES 1
| /* end confdefs.h.  */
| /* Define vasnprintf to an innocuous variant, in case <limits.h> declares vasnprintf.
|    For example, HP-UX 11i <limits.h> declares gettimeofday.  */
| #define vasnprintf innocuous_vasnprintf
| 
| /* System header to define __stub macros and hopefully few prototypes,
|    which can conflict with char vasnprintf (void); below.  */
| 
| #include <limits.h>
| #undef vasnprintf
| 
| /* Override any GCC internal prototype to avoid an error.
|    Use char because int might match the return type of a GCC
|    builtin and then its argument prototype would still apply.  */
| #ifdef __cplusplus
| extern "C"
| #endif
| char vasnprintf (void);
| /* The GNU C library defines this for functions which it implements
|     to always fail with ENOSYS.  Some functions are actually named
|     something starting with __ and the normal name is an alias.  */
| #if defined __stub_vasnprintf || defined __stub___vasnprintf
| choke me
| #endif
| 
| int
| main (void)
| {
| return vasnprintf ();
|   ;
|   return 0;
| }
configure:7399: result: no
configure:7399: checking for snprintf
configure:7399: gcc  -o conftest -isystem/home/ubuntu/yocto/rpi-build/tmp/work/x86_64-linux/patch-native/2.7.6-r0/recipe-sysroot-native/usr/include -O2 -pipe -isystem/home/ubuntu/yocto/rpi-build/tmp/work/x86_64-linux/patch-native/2.7.6-r0/recipe-sysroot-native/usr/include -L/home/ubuntu/yocto/rpi-build/tmp/work/x86_64-linux/patch-native/2.7.6-r0/recipe-sysroot-native/usr/lib                         -L/home/ubuntu/yocto/rpi-build/tmp/work/x86_64-linux/patch-native/2.7.6-r0/recipe-sysroot-native/lib                         -Wl,--enable-new-dtags                         -Wl,-rpath-link,/home/ubuntu/yocto/rpi-build/tmp/work/x86_64-linux/patch-native/2.7.6-r0/recipe-sysroot-native/usr/lib                         -Wl,-rpath-link,/home/ubuntu/yocto/rpi-build/tmp/work/x86_64-linux/patch-native/2.7.6-r0/recipe-sysroot-native/lib                         -Wl,-rpath,/home/ubuntu/yocto/rpi-build/tmp/work/x86_64-linux/patch-native/2.7.6-r0/recipe-sysroot-native/usr/lib                         -Wl,-rpath,/home/ubuntu/yocto/rpi-build/tmp/work/x86_64-linux/patch-native/2.7.6-r0/recipe-sysroot-native/lib                         -Wl,-O1 -Wl,--allow-shlib-undefined -Wl,--dynamic-linker=/home/ubuntu/yocto/rpi-build/tmp/sysroots-uninative/x86_64-linux/lib/ld-linux-x86-64.so.2 conftest.c  >&5
conftest.c:111:6: warning: conflicting types for built-in function 'snprintf'; expected 'int(char *, long unsigned int,  const char *, ...)' [-Wbuiltin-declaration-mismatch]
  111 | char snprintf (void);
      |      ^~~~~~~~
conftest.c:103:1: note: 'snprintf' is declared in header '<stdio.h>'
  102 | #include <limits.h>
  103 | #undef snprintf
configure:7399: $? = 0
configure:7399: result: yes
configure:7399: checking for iswcntrl
configure:7399: gcc  -o conftest -isystem/home/ubuntu/yocto/rpi-build/tmp/work/x86_64-linux/patch-native/2.7.6-r0/recipe-sysroot-native/usr/include -O2 -pipe -isystem/home/ubuntu/yocto/rpi-build/tmp/work/x86_64-linux/patch-native/2.7.6-r0/recipe-sysroot-native/usr/include -L/home/ubuntu/yocto/rpi-build/tmp/work/x86_64-linux/patch-native/2.7.6-r0/recipe-sysroot-native/usr/lib                         -L/home/ubuntu/yocto/rpi-build/tmp/work/x86_64-linux/patch-native/2.7.6-r0/recipe-sysroot-native/lib                         -Wl,--enable-new-dtags                         -Wl,-rpath-link,/home/ubuntu/yocto/rpi-build/tmp/work/x86_64-linux/patch-native/2.7.6-r0/recipe-sysroot-native/usr/lib                         -Wl,-rpath-link,/home/ubuntu/yocto/rpi-build/tmp/work/x86_64-linux/patch-native/2.7.6-r0/recipe-sysroot-native/lib                         -Wl,-rpath,/home/ubuntu/yocto/rpi-build/tmp/work/x86_64-linux/patch-native/2.7.6-r0/recipe-sysroot-native/usr/lib                         -Wl,-rpath,/home/ubuntu/yocto/rpi-build/tmp/work/x86_64-linux/patch-native/2.7.6-r0/recipe-sysroot-native/lib                         -Wl,-O1 -Wl,--allow-shlib-undefined -Wl,--dynamic-linker=/home/ubuntu/yocto/rpi-build/tmp/sysroots-uninative/x86_64-linux/lib/ld-linux-x86-64.so.2 conftest.c  >&5
conftest.c:112:6: warning: conflicting types for built-in function 'iswcntrl'; expected 'int(unsigned int)' [-Wbuiltin-declaration-mismatch]
  112 | char iswcntrl (void);
      |      ^~~~~~~~
conftest.c:104:1: note: 'iswcntrl' is declared in header '<wctype.h>'
  103 | #include <limits.h>
  104 | #undef iswcntrl
configure:7399: $? = 0
configure:7399: result: yes
configure:7498: checking whether // is distinct from /
configure:7528: result: no
configure:7539: checking whether realpath works
configure:7719: gcc  -o conftest -isystem/home/ubuntu/yocto/rpi-build/tmp/work/x86_64-linux/patch-native/2.7.6-r0/recipe-sysroot-native/usr/include -O2 -pipe -isystem/home/ubuntu/yocto/rpi-build/tmp/work/x86_64-linux/patch-native/2.7.6-r0/recipe-sysroot-native/usr/include -L/home/ubuntu/yocto/rpi-build/tmp/work/x86_64-linux/patch-native/2.7.6-r0/recipe-sysroot-native/usr/lib                         -L/home/ubuntu/yocto/rpi-build/tmp/work/x86_64-linux/patch-native/2.7.6-r0/recipe-sysroot-native/lib                         -Wl,--enable-new-dtags                         -Wl,-rpath-link,/home/ubuntu/yocto/rpi-build/tmp/work/x86_64-linux/patch-native/2.7.6-r0/recipe-sysroot-native/usr/lib                         -Wl,-rpath-link,/home/ubuntu/yocto/rpi-build/tmp/work/x86_64-linux/patch-native/2.7.6-r0/recipe-sysroot-native/lib                         -Wl,-rpath,/home/ubuntu/yocto/rpi-build/tmp/work/x86_64-linux/patch-native/2.7.6-r0/recipe-sysroot-native/usr/lib                         -Wl,-rpath,/home/ubuntu/yocto/rpi-build/tmp/work/x86_64-linux/patch-native/2.7.6-r0/recipe-sysroot-native/lib                         -Wl,-O1 -Wl,--allow-shlib-undefined -Wl,--dynamic-linker=/home/ubuntu/yocto/rpi-build/tmp/sysroots-uninative/x86_64-linux/lib/ld-linux-x86-64.so.2 conftest.c  >&5
configure:7719: $? = 0
configure:7719: ./conftest
configure:7719: $? = 0
configure:7732: result: yes
configure:7884: checking for uid_t in sys/types.h
configure:7905: result: {ac_cv_type_uid_t=yes}
configure:7917: checking for unistd.h
configure:7917: result: yes
configure:7924: checking for working chown
configure:7982: result: yes
configure:7993: checking whether chown dereferences symlinks
configure:8032: gcc  -o conftest -isystem/home/ubuntu/yocto/rpi-build/tmp/work/x86_64-linux/patch-native/2.7.6-r0/recipe-sysroot-native/usr/include -O2 -pipe -isystem/home/ubuntu/yocto/rpi-build/tmp/work/x86_64-linux/patch-native/2.7.6-r0/recipe-sysroot-native/usr/include -L/home/ubuntu/yocto/rpi-build/tmp/work/x86_64-linux/patch-native/2.7.6-r0/recipe-sysroot-native/usr/lib                         -L/home/ubuntu/yocto/rpi-build/tmp/work/x86_64-linux/patch-native/2.7.6-r0/recipe-sysroot-native/lib                         -Wl,--enable-new-dtags                         -Wl,-rpath-link,/home/ubuntu/yocto/rpi-build/tmp/work/x86_64-linux/patch-native/2.7.6-r0/recipe-sysroot-native/usr/lib                         -Wl,-rpath-link,/home/ubuntu/yocto/rpi-build/tmp/work/x86_64-linux/patch-native/2.7.6-r0/recipe-sysroot-native/lib                         -Wl,-rpath,/home/ubuntu/yocto/rpi-build/tmp/work/x86_64-linux/patch-native/2.7.6-r0/recipe-sysroot-native/usr/lib                         -Wl,-rpath,/home/ubuntu/yocto/rpi-build/tmp/work/x86_64-linux/patch-native/2.7.6-r0/recipe-sysroot-native/lib                         -Wl,-O1 -Wl,--allow-shlib-undefined -Wl,--dynamic-linker=/home/ubuntu/yocto/rpi-build/tmp/sysroots-uninative/x86_64-linux/lib/ld-linux-x86-64.so.2 conftest.c  >&5
configure:8032: $? = 0
configure:8032: ./conftest
configure:8032: $? = 0
configure:8045: result: yes
configure:8079: checking whether chown honors trailing slash
configure:8113: gcc  -o conftest -isystem/home/ubuntu/yocto/rpi-build/tmp/work/x86_64-linux/patch-native/2.7.6-r0/recipe-sysroot-native/usr/include -O2 -pipe -isystem/home/ubuntu/yocto/rpi-build/tmp/work/x86_64-linux/patch-native/2.7.6-r0/recipe-sysroot-native/usr/include -L/home/ubuntu/yocto/rpi-build/tmp/work/x86_64-linux/patch-native/2.7.6-r0/recipe-sysroot-native/usr/lib                         -L/home/ubuntu/yocto/rpi-build/tmp/work/x86_64-linux/patch-native/2.7.6-r0/recipe-sysroot-native/lib                         -Wl,--enable-new-dtags                         -Wl,-rpath-link,/home/ubuntu/yocto/rpi-build/tmp/work/x86_64-linux/patch-native/2.7.6-r0/recipe-sysroot-native/usr/lib                         -Wl,-rpath-link,/home/ubuntu/yocto/rpi-build/tmp/work/x86_64-linux/patch-native/2.7.6-r0/recipe-sysroot-native/lib                         -Wl,-rpath,/home/ubuntu/yocto/rpi-build/tmp/work/x86_64-linux/patch-native/2.7.6-r0/recipe-sysroot-native/usr/lib                         -Wl,-rpath,/home/ubuntu/yocto/rpi-build/tmp/work/x86_64-linux/patch-native/2.7.6-r0/recipe-sysroot-native/lib                         -Wl,-O1 -Wl,--allow-shlib-undefined -Wl,--dynamic-linker=/home/ubuntu/yocto/rpi-build/tmp/sysroots-uninative/x86_64-linux/lib/ld-linux-x86-64.so.2 conftest.c  >&5
configure:8113: $? = 0
configure:8113: ./conftest
configure:8113: $? = 0
configure:8125: result: yes
configure:8137: checking whether chown always updates ctime
configure:8177: gcc  -o conftest -isystem/home/ubuntu/yocto/rpi-build/tmp/work/x86_64-linux/patch-native/2.7.6-r0/recipe-sysroot-native/usr/include -O2 -pipe -isystem/home/ubuntu/yocto/rpi-build/tmp/work/x86_64-linux/patch-native/2.7.6-r0/recipe-sysroot-native/usr/include -L/home/ubuntu/yocto/rpi-build/tmp/work/x86_64-linux/patch-native/2.7.6-r0/recipe-sysroot-native/usr/lib                         -L/home/ubuntu/yocto/rpi-build/tmp/work/x86_64-linux/patch-native/2.7.6-r0/recipe-sysroot-native/lib                         -Wl,--enable-new-dtags                         -Wl,-rpath-link,/home/ubuntu/yocto/rpi-build/tmp/work/x86_64-linux/patch-native/2.7.6-r0/recipe-sysroot-native/usr/lib                         -Wl,-rpath-link,/home/ubuntu/yocto/rpi-build/tmp/work/x86_64-linux/patch-native/2.7.6-r0/recipe-sysroot-native/lib                         -Wl,-rpath,/home/ubuntu/yocto/rpi-build/tmp/work/x86_64-linux/patch-native/2.7.6-r0/recipe-sysroot-native/usr/lib                         -Wl,-rpath,/home/ubuntu/yocto/rpi-build/tmp/work/x86_64-linux/patch-native/2.7.6-r0/recipe-sysroot-native/lib                         -Wl,-O1 -Wl,--allow-shlib-undefined -Wl,--dynamic-linker=/home/ubuntu/yocto/rpi-build/tmp/sysroots-uninative/x86_64-linux/lib/ld-linux-x86-64.so.2 conftest.c  >&5
configure:8177: $? = 0
configure:8177: ./conftest
configure:8177: $? = 0
configure:8189: result: yes
configure:8242: checking whether the preprocessor supports include_next
configure:8281: gcc  -c -isystem/home/ubuntu/yocto/rpi-build/tmp/work/x86_64-linux/patch-native/2.7.6-r0/recipe-sysroot-native/usr/include -O2 -pipe -isystem/home/ubuntu/yocto/rpi-build/tmp/work/x86_64-linux/patch-native/2.7.6-r0/recipe-sysroot-native/usr/include -Iconftestd1b -Iconftestd2 conftest.c >&5
configure:8281: $? = 0
configure:8304: result: yes
configure:8325: checking whether system header files limit the line length
configure:8350: result: no
configure:8361: checking for gcc  options needed to detect all undeclared functions
configure:8383: gcc  -c -isystem/home/ubuntu/yocto/rpi-build/tmp/work/x86_64-linux/patch-native/2.7.6-r0/recipe-sysroot-native/usr/include -O2 -pipe  -isystem/home/ubuntu/yocto/rpi-build/tmp/work/x86_64-linux/patch-native/2.7.6-r0/recipe-sysroot-native/usr/include conftest.c >&5
conftest.c: In function 'main':
conftest.c:104:8: error: 'strchr' undeclared (first use in this function)
  104 | (void) strchr;
      |        ^~~~~~
conftest.c:1:1: note: 'strchr' is defined in header '<string.h>'; did you forget to '#include <string.h>'?
    1 | /* confdefs.h */
conftest.c:104:8: note: each undeclared identifier is reported only once for each function it appears in
  104 | (void) strchr;
      |        ^~~~~~
configure:8383: $? = 1
configure: failed program was:
| /* confdefs.h */
| #define PACKAGE_NAME "GNU patch"
| #define PACKAGE_TARNAME "patch"
| #define PACKAGE_VERSION "2.7.6"
| #define PACKAGE_STRING "GNU patch 2.7.6"
| #define PACKAGE_BUGREPORT "bug-patch@gnu.org"
| #define PACKAGE_URL "https://www.gnu.org/software/patch/"
| #define PACKAGE "patch"
| #define VERSION "2.7.6"
| #define HAVE_STDIO_H 1
| #define HAVE_STDLIB_H 1
| #define HAVE_STRING_H 1
| #define HAVE_INTTYPES_H 1
| #define HAVE_STDINT_H 1
| #define HAVE_STRINGS_H 1
| #define HAVE_SYS_STAT_H 1
| #define HAVE_SYS_TYPES_H 1
| #define HAVE_UNISTD_H 1
| #define HAVE_SYS_PARAM_H 1
| #define HAVE_SYS_SOCKET_H 1
| #define HAVE_DIRENT_H 1
| #define HAVE_GETOPT_H 1
| #define HAVE_SYS_CDEFS_H 1
| #define HAVE_SYS_TIME_H 1
| #define HAVE_LIMITS_H 1
| #define HAVE_WCHAR_H 1
| #define HAVE_SYS_MMAN_H 1
| #define HAVE_UTIME_H 1
| #define HAVE_FEATURES_H 1
| #define HAVE_WCTYPE_H 1
| #define STDC_HEADERS 1
| #define __EXTENSIONS__ 1
| #define _ALL_SOURCE 1
| #define _DARWIN_C_SOURCE 1
| #define _GNU_SOURCE 1
| #define _NETBSD_SOURCE 1
| #define _OPENBSD_SOURCE 1
| #define _POSIX_PTHREAD_SEMANTICS 1
| #define __STDC_WANT_IEC_60559_ATTRIBS_EXT__ 1
| #define __STDC_WANT_IEC_60559_BFP_EXT__ 1
| #define __STDC_WANT_IEC_60559_DFP_EXT__ 1
| #define __STDC_WANT_IEC_60559_FUNCS_EXT__ 1
| #define __STDC_WANT_IEC_60559_TYPES_EXT__ 1
| #define __STDC_WANT_LIB_EXT2__ 1
| #define __STDC_WANT_MATH_SPEC_FUNCS__ 1
| #define _TANDEM_SOURCE 1
| #define _HPUX_ALT_XOPEN_SOCKET_API 1
| #define HAVE_ALLOCA_H 1
| #define HAVE_ALLOCA 1
| #define D_INO_IN_DIRENT 1
| #define HAVE_LONG_FILE_NAMES 1
| #define HAVE_PATHCONF 1
| #define HAVE_CANONICALIZE_FILE_NAME 1
| #define HAVE_GETCWD 1
| #define HAVE_READLINK 1
| #define HAVE_REALPATH 1
| #define HAVE_CHOWN 1
| #define HAVE_FCHOWN 1
| #define HAVE_FCHDIR 1
| #define HAVE_FDOPENDIR 1
| #define HAVE_FACCESSAT 1
| #define HAVE_FCHMODAT 1
| #define HAVE_LCHMOD 1
| #define HAVE_FCNTL 1
| #define HAVE_SYMLINK 1
| #define HAVE_MEMPCPY 1
| #define HAVE_FSTATAT 1
| #define HAVE_GETDTABLESIZE 1
| #define HAVE_GETTIMEOFDAY 1
| #define HAVE_LSTAT 1
| #define HAVE_MBSINIT 1
| #define HAVE_MBRTOWC 1
| #define HAVE_MPROTECT 1
| #define HAVE_MKDIRAT 1
| #define HAVE_TZSET 1
| #define HAVE_OPENAT 1
| #define HAVE_READLINKAT 1
| #define HAVE_LINK 1
| #define HAVE_RENAMEAT 1
| #define HAVE_SETENV 1
| #define HAVE_STRDUP 1
| #define HAVE_STRNDUP 1
| #define HAVE_SYMLINKAT 1
| #define HAVE_LOCALTIME_R 1
| #define HAVE_TIMEGM 1
| #define HAVE_PIPE 1
| #define HAVE_UNLINKAT 1
| #define HAVE_UTIME 1
| #define HAVE_FUTIMES 1
| #define HAVE_FUTIMESAT 1
| #define HAVE_FUTIMENS 1
| #define HAVE_UTIMENSAT 1
| #define HAVE_LUTIMES 1
| #define HAVE_SNPRINTF 1
| #define HAVE_ISWCNTRL 1
| #define FUNC_REALPATH_WORKS 1
| #define HAVE_UNISTD_H 1
| #define HAVE_CHOWN 1
| /* end confdefs.h.  */
| 
| int
| main (void)
| {
| (void) strchr;
|   ;
|   return 0;
| }
configure:8410: gcc  -c -isystem/home/ubuntu/yocto/rpi-build/tmp/work/x86_64-linux/patch-native/2.7.6-r0/recipe-sysroot-native/usr/include -O2 -pipe  -isystem/home/ubuntu/yocto/rpi-build/tmp/work/x86_64-linux/patch-native/2.7.6-r0/recipe-sysroot-native/usr/include conftest.c >&5
configure:8410: $? = 0
configure:8427: result: none needed
configure:8452: checking if environ is properly declared
configure:8476: gcc  -c -isystem/home/ubuntu/yocto/rpi-build/tmp/work/x86_64-linux/patch-native/2.7.6-r0/recipe-sysroot-native/usr/include -O2 -pipe -isystem/home/ubuntu/yocto/rpi-build/tmp/work/x86_64-linux/patch-native/2.7.6-r0/recipe-sysroot-native/usr/include conftest.c >&5
conftest.c:106:39: error: conflicting types for 'environ'; have 'struct <anonymous>'
  106 |            extern struct { int foo; } environ;
      |                                       ^~~~~~~
In file included from conftest.c:101:
/usr/include/unistd.h:566:15: note: previous declaration of 'environ' with type 'char **'
  566 | extern char **environ;
      |               ^~~~~~~
configure:8476: $? = 1
configure: failed program was:
| /* confdefs.h */
| #define PACKAGE_NAME "GNU patch"
| #define PACKAGE_TARNAME "patch"
| #define PACKAGE_VERSION "2.7.6"
| #define PACKAGE_STRING "GNU patch 2.7.6"
| #define PACKAGE_BUGREPORT "bug-patch@gnu.org"
| #define PACKAGE_URL "https://www.gnu.org/software/patch/"
| #define PACKAGE "patch"
| #define VERSION "2.7.6"
| #define HAVE_STDIO_H 1
| #define HAVE_STDLIB_H 1
| #define HAVE_STRING_H 1
| #define HAVE_INTTYPES_H 1
| #define HAVE_STDINT_H 1
| #define HAVE_STRINGS_H 1
| #define HAVE_SYS_STAT_H 1
| #define HAVE_SYS_TYPES_H 1
| #define HAVE_UNISTD_H 1
| #define HAVE_SYS_PARAM_H 1
| #define HAVE_SYS_SOCKET_H 1
| #define HAVE_DIRENT_H 1
| #define HAVE_GETOPT_H 1
| #define HAVE_SYS_CDEFS_H 1
| #define HAVE_SYS_TIME_H 1
| #define HAVE_LIMITS_H 1
| #define HAVE_WCHAR_H 1
| #define HAVE_SYS_MMAN_H 1
| #define HAVE_UTIME_H 1
| #define HAVE_FEATURES_H 1
| #define HAVE_WCTYPE_H 1
| #define STDC_HEADERS 1
| #define __EXTENSIONS__ 1
| #define _ALL_SOURCE 1
| #define _DARWIN_C_SOURCE 1
| #define _GNU_SOURCE 1
| #define _NETBSD_SOURCE 1
| #define _OPENBSD_SOURCE 1
| #define _POSIX_PTHREAD_SEMANTICS 1
| #define __STDC_WANT_IEC_60559_ATTRIBS_EXT__ 1
| #define __STDC_WANT_IEC_60559_BFP_EXT__ 1
| #define __STDC_WANT_IEC_60559_DFP_EXT__ 1
| #define __STDC_WANT_IEC_60559_FUNCS_EXT__ 1
| #define __STDC_WANT_IEC_60559_TYPES_EXT__ 1
| #define __STDC_WANT_LIB_EXT2__ 1
| #define __STDC_WANT_MATH_SPEC_FUNCS__ 1
| #define _TANDEM_SOURCE 1
| #define _HPUX_ALT_XOPEN_SOCKET_API 1
| #define HAVE_ALLOCA_H 1
| #define HAVE_ALLOCA 1
| #define D_INO_IN_DIRENT 1
| #define HAVE_LONG_FILE_NAMES 1
| #define HAVE_PATHCONF 1
| #define HAVE_CANONICALIZE_FILE_NAME 1
| #define HAVE_GETCWD 1
| #define HAVE_READLINK 1
| #define HAVE_REALPATH 1
| #define HAVE_CHOWN 1
| #define HAVE_FCHOWN 1
| #define HAVE_FCHDIR 1
| #define HAVE_FDOPENDIR 1
| #define HAVE_FACCESSAT 1
| #define HAVE_FCHMODAT 1
| #define HAVE_LCHMOD 1
| #define HAVE_FCNTL 1
| #define HAVE_SYMLINK 1
| #define HAVE_MEMPCPY 1
| #define HAVE_FSTATAT 1
| #define HAVE_GETDTABLESIZE 1
| #define HAVE_GETTIMEOFDAY 1
| #define HAVE_LSTAT 1
| #define HAVE_MBSINIT 1
| #define HAVE_MBRTOWC 1
| #define HAVE_MPROTECT 1
| #define HAVE_MKDIRAT 1
| #define HAVE_TZSET 1
| #define HAVE_OPENAT 1
| #define HAVE_READLINKAT 1
| #define HAVE_LINK 1
| #define HAVE_RENAMEAT 1
| #define HAVE_SETENV 1
| #define HAVE_STRDUP 1
| #define HAVE_STRNDUP 1
| #define HAVE_SYMLINKAT 1
| #define HAVE_LOCALTIME_R 1
| #define HAVE_TIMEGM 1
| #define HAVE_PIPE 1
| #define HAVE_UNLINKAT 1
| #define HAVE_UTIME 1
| #define HAVE_FUTIMES 1
| #define HAVE_FUTIMESAT 1
| #define HAVE_FUTIMENS 1
| #define HAVE_UTIMENSAT 1
| #define HAVE_LUTIMES 1
| #define HAVE_SNPRINTF 1
| #define HAVE_ISWCNTRL 1
| #define FUNC_REALPATH_WORKS 1
| #define HAVE_UNISTD_H 1
| #define HAVE_CHOWN 1
| /* end confdefs.h.  */
| #if HAVE_UNISTD_H
|      #include <unistd.h>
|      #endif
|      /* mingw, BeOS, Haiku declare environ in <stdlib.h>, not in <unistd.h>.  */
|      #include <stdlib.h>
| 
|            extern struct { int foo; } environ;
| int
| main (void)
| {
| environ.foo = 1;
|   ;
|   return 0;
| }
configure:8485: result: yes
configure:8500: checking for complete errno.h
configure:8575: result: yes
configure:8889: checking whether strerror_r is declared
configure:8889: gcc  -c -isystem/home/ubuntu/yocto/rpi-build/tmp/work/x86_64-linux/patch-native/2.7.6-r0/recipe-sysroot-native/usr/include -O2 -pipe  -isystem/home/ubuntu/yocto/rpi-build/tmp/work/x86_64-linux/patch-native/2.7.6-r0/recipe-sysroot-native/usr/include conftest.c >&5
configure:8889: $? = 0
configure:8889: result: yes
configure:8908: checking whether strerror_r returns char *
configure:8933: gcc  -c -isystem/home/ubuntu/yocto/rpi-build/tmp/work/x86_64-linux/patch-native/2.7.6-r0/recipe-sysroot-native/usr/include -O2 -pipe -isystem/home/ubuntu/yocto/rpi-build/tmp/work/x86_64-linux/patch-native/2.7.6-r0/recipe-sysroot-native/usr/include conftest.c >&5
configure:8933: $? = 0
configure:8942: result: yes
configure:8954: checking type of array argument to getgroups
configure:8990: gcc  -o conftest -isystem/home/ubuntu/yocto/rpi-build/tmp/work/x86_64-linux/patch-native/2.7.6-r0/recipe-sysroot-native/usr/include -O2 -pipe -isystem/home/ubuntu/yocto/rpi-build/tmp/work/x86_64-linux/patch-native/2.7.6-r0/recipe-sysroot-native/usr/include -L/home/ubuntu/yocto/rpi-build/tmp/work/x86_64-linux/patch-native/2.7.6-r0/recipe-sysroot-native/usr/lib                         -L/home/ubuntu/yocto/rpi-build/tmp/work/x86_64-linux/patch-native/2.7.6-r0/recipe-sysroot-native/lib                         -Wl,--enable-new-dtags                         -Wl,-rpath-link,/home/ubuntu/yocto/rpi-build/tmp/work/x86_64-linux/patch-native/2.7.6-r0/recipe-sysroot-native/usr/lib                         -Wl,-rpath-link,/home/ubuntu/yocto/rpi-build/tmp/work/x86_64-linux/patch-native/2.7.6-r0/recipe-sysroot-native/lib                         -Wl,-rpath,/home/ubuntu/yocto/rpi-build/tmp/work/x86_64-linux/patch-native/2.7.6-r0/recipe-sysroot-native/usr/lib                         -Wl,-rpath,/home/ubuntu/yocto/rpi-build/tmp/work/x86_64-linux/patch-native/2.7.6-r0/recipe-sysroot-native/lib                         -Wl,-O1 -Wl,--allow-shlib-undefined -Wl,--dynamic-linker=/home/ubuntu/yocto/rpi-build/tmp/sysroots-uninative/x86_64-linux/lib/ld-linux-x86-64.so.2 conftest.c  >&5
configure:8990: $? = 0
configure:8990: ./conftest
configure:8990: $? = 0
configure:9017: result: gid_t
configure:9027: checking whether lstat correctly handles trailing slash
configure:9068: gcc  -o conftest -isystem/home/ubuntu/yocto/rpi-build/tmp/work/x86_64-linux/patch-native/2.7.6-r0/recipe-sysroot-native/usr/include -O2 -pipe -isystem/home/ubuntu/yocto/rpi-build/tmp/work/x86_64-linux/patch-native/2.7.6-r0/recipe-sysroot-native/usr/include -L/home/ubuntu/yocto/rpi-build/tmp/work/x86_64-linux/patch-native/2.7.6-r0/recipe-sysroot-native/usr/lib                         -L/home/ubuntu/yocto/rpi-build/tmp/work/x86_64-linux/patch-native/2.7.6-r0/recipe-sysroot-native/lib                         -Wl,--enable-new-dtags                         -Wl,-rpath-link,/home/ubuntu/yocto/rpi-build/tmp/work/x86_64-linux/patch-native/2.7.6-r0/recipe-sysroot-native/usr/lib                         -Wl,-rpath-link,/home/ubuntu/yocto/rpi-build/tmp/work/x86_64-linux/patch-native/2.7.6-r0/recipe-sysroot-native/lib                         -Wl,-rpath,/home/ubuntu/yocto/rpi-build/tmp/work/x86_64-linux/patch-native/2.7.6-r0/recipe-sysroot-native/usr/lib                         -Wl,-rpath,/home/ubuntu/yocto/rpi-build/tmp/work/x86_64-linux/patch-native/2.7.6-r0/recipe-sysroot-native/lib                         -Wl,-O1 -Wl,--allow-shlib-undefined -Wl,--dynamic-linker=/home/ubuntu/yocto/rpi-build/tmp/sysroots-uninative/x86_64-linux/lib/ld-linux-x86-64.so.2 conftest.c  >&5
configure:9068: $? = 0
configure:9068: ./conftest
configure:9068: $? = 0
configure:9081: result: yes
configure:9091: checking whether fchdir is declared
configure:9091: gcc  -c -isystem/home/ubuntu/yocto/rpi-build/tmp/work/x86_64-linux/patch-native/2.7.6-r0/recipe-sysroot-native/usr/include -O2 -pipe  -isystem/home/ubuntu/yocto/rpi-build/tmp/work/x86_64-linux/patch-native/2.7.6-r0/recipe-sysroot-native/usr/include conftest.c >&5
configure:9091: $? = 0
configure:9091: result: yes
configure:9156: checking for working fcntl.h
configure:9283: result: yes
configure:9303: checking for pid_t
configure:9303: gcc  -c -isystem/home/ubuntu/yocto/rpi-build/tmp/work/x86_64-linux/patch-native/2.7.6-r0/recipe-sysroot-native/usr/include -O2 -pipe -isystem/home/ubuntu/yocto/rpi-build/tmp/work/x86_64-linux/patch-native/2.7.6-r0/recipe-sysroot-native/usr/include conftest.c >&5
configure:9303: $? = 0
configure:9303: gcc  -c -isystem/home/ubuntu/yocto/rpi-build/tmp/work/x86_64-linux/patch-native/2.7.6-r0/recipe-sysroot-native/usr/include -O2 -pipe -isystem/home/ubuntu/yocto/rpi-build/tmp/work/x86_64-linux/patch-native/2.7.6-r0/recipe-sysroot-native/usr/include conftest.c >&5
conftest.c: In function 'main':
conftest.c:141:20: error: expected expression before ')' token
  141 | if (sizeof ((pid_t)))
      |                    ^
configure:9303: $? = 1
configure: failed program was:
| /* confdefs.h */
| #define PACKAGE_NAME "GNU patch"
| #define PACKAGE_TARNAME "patch"
| #define PACKAGE_VERSION "2.7.6"
| #define PACKAGE_STRING "GNU patch 2.7.6"
| #define PACKAGE_BUGREPORT "bug-patch@gnu.org"
| #define PACKAGE_URL "https://www.gnu.org/software/patch/"
| #define PACKAGE "patch"
| #define VERSION "2.7.6"
| #define HAVE_STDIO_H 1
| #define HAVE_STDLIB_H 1
| #define HAVE_STRING_H 1
| #define HAVE_INTTYPES_H 1
| #define HAVE_STDINT_H 1
| #define HAVE_STRINGS_H 1
| #define HAVE_SYS_STAT_H 1
| #define HAVE_SYS_TYPES_H 1
| #define HAVE_UNISTD_H 1
| #define HAVE_SYS_PARAM_H 1
| #define HAVE_SYS_SOCKET_H 1
| #define HAVE_DIRENT_H 1
| #define HAVE_GETOPT_H 1
| #define HAVE_SYS_CDEFS_H 1
| #define HAVE_SYS_TIME_H 1
| #define HAVE_LIMITS_H 1
| #define HAVE_WCHAR_H 1
| #define HAVE_SYS_MMAN_H 1
| #define HAVE_UTIME_H 1
| #define HAVE_FEATURES_H 1
| #define HAVE_WCTYPE_H 1
| #define STDC_HEADERS 1
| #define __EXTENSIONS__ 1
| #define _ALL_SOURCE 1
| #define _DARWIN_C_SOURCE 1
| #define _GNU_SOURCE 1
| #define _NETBSD_SOURCE 1
| #define _OPENBSD_SOURCE 1
| #define _POSIX_PTHREAD_SEMANTICS 1
| #define __STDC_WANT_IEC_60559_ATTRIBS_EXT__ 1
| #define __STDC_WANT_IEC_60559_BFP_EXT__ 1
| #define __STDC_WANT_IEC_60559_DFP_EXT__ 1
| #define __STDC_WANT_IEC_60559_FUNCS_EXT__ 1
| #define __STDC_WANT_IEC_60559_TYPES_EXT__ 1
| #define __STDC_WANT_LIB_EXT2__ 1
| #define __STDC_WANT_MATH_SPEC_FUNCS__ 1
| #define _TANDEM_SOURCE 1
| #define _HPUX_ALT_XOPEN_SOCKET_API 1
| #define HAVE_ALLOCA_H 1
| #define HAVE_ALLOCA 1
| #define D_INO_IN_DIRENT 1
| #define HAVE_LONG_FILE_NAMES 1
| #define HAVE_PATHCONF 1
| #define HAVE_CANONICALIZE_FILE_NAME 1
| #define HAVE_GETCWD 1
| #define HAVE_READLINK 1
| #define HAVE_REALPATH 1
| #define HAVE_CHOWN 1
| #define HAVE_FCHOWN 1
| #define HAVE_FCHDIR 1
| #define HAVE_FDOPENDIR 1
| #define HAVE_FACCESSAT 1
| #define HAVE_FCHMODAT 1
| #define HAVE_LCHMOD 1
| #define HAVE_FCNTL 1
| #define HAVE_SYMLINK 1
| #define HAVE_MEMPCPY 1
| #define HAVE_FSTATAT 1
| #define HAVE_GETDTABLESIZE 1
| #define HAVE_GETTIMEOFDAY 1
| #define HAVE_LSTAT 1
| #define HAVE_MBSINIT 1
| #define HAVE_MBRTOWC 1
| #define HAVE_MPROTECT 1
| #define HAVE_MKDIRAT 1
| #define HAVE_TZSET 1
| #define HAVE_OPENAT 1
| #define HAVE_READLINKAT 1
| #define HAVE_LINK 1
| #define HAVE_RENAMEAT 1
| #define HAVE_SETENV 1
| #define HAVE_STRDUP 1
| #define HAVE_STRNDUP 1
| #define HAVE_SYMLINKAT 1
| #define HAVE_LOCALTIME_R 1
| #define HAVE_TIMEGM 1
| #define HAVE_PIPE 1
| #define HAVE_UNLINKAT 1
| #define HAVE_UTIME 1
| #define HAVE_FUTIMES 1
| #define HAVE_FUTIMESAT 1
| #define HAVE_FUTIMENS 1
| #define HAVE_UTIMENSAT 1
| #define HAVE_LUTIMES 1
| #define HAVE_SNPRINTF 1
| #define HAVE_ISWCNTRL 1
| #define FUNC_REALPATH_WORKS 1
| #define HAVE_UNISTD_H 1
| #define HAVE_CHOWN 1
| #define HAVE_ENVIRON_DECL 1
| #define HAVE_DECL_STRERROR_R 1
| #define HAVE_STRERROR_R 1
| #define STRERROR_R_CHAR_P 1
| #define GETGROUPS_T gid_t
| #define LSTAT_FOLLOWS_SLASHED_SYMLINK 1
| #define HAVE_DECL_FCHDIR 1
| #define HAVE_WORKING_O_NOATIME 1
| #define HAVE_WORKING_O_NOFOLLOW 1
| /* end confdefs.h.  */
| #include <stddef.h>
| #ifdef HAVE_STDIO_H
| # include <stdio.h>
| #endif
| #ifdef HAVE_STDLIB_H
| # include <stdlib.h>
| #endif
| #ifdef HAVE_STRING_H
| # include <string.h>
| #endif
| #ifdef HAVE_INTTYPES_H
| # include <inttypes.h>
| #endif
| #ifdef HAVE_STDINT_H
| # include <stdint.h>
| #endif
| #ifdef HAVE_STRINGS_H
| # include <strings.h>
| #endif
| #ifdef HAVE_SYS_TYPES_H
| # include <sys/types.h>
| #endif
| #ifdef HAVE_SYS_STAT_H
| # include <sys/stat.h>
| #endif
| #ifdef HAVE_UNISTD_H
| # include <unistd.h>
| #endif
| 
| int
| main (void)
| {
| if (sizeof ((pid_t)))
| 	    return 0;
|   ;
|   return 0;
| }
configure:9303: result: yes
configure:9339: checking for mode_t
configure:9339: gcc  -c -isystem/home/ubuntu/yocto/rpi-build/tmp/work/x86_64-linux/patch-native/2.7.6-r0/recipe-sysroot-native/usr/include -O2 -pipe -isystem/home/ubuntu/yocto/rpi-build/tmp/work/x86_64-linux/patch-native/2.7.6-r0/recipe-sysroot-native/usr/include conftest.c >&5
configure:9339: $? = 0
configure:9339: gcc  -c -isystem/home/ubuntu/yocto/rpi-build/tmp/work/x86_64-linux/patch-native/2.7.6-r0/recipe-sysroot-native/usr/include -O2 -pipe -isystem/home/ubuntu/yocto/rpi-build/tmp/work/x86_64-linux/patch-native/2.7.6-r0/recipe-sysroot-native/usr/include conftest.c >&5
conftest.c: In function 'main':
conftest.c:140:21: error: expected expression before ')' token
  140 | if (sizeof ((mode_t)))
      |                     ^
configure:9339: $? = 1
configure: failed program was:
| /* confdefs.h */
| #define PACKAGE_NAME "GNU patch"
| #define PACKAGE_TARNAME "patch"
| #define PACKAGE_VERSION "2.7.6"
| #define PACKAGE_STRING "GNU patch 2.7.6"
| #define PACKAGE_BUGREPORT "bug-patch@gnu.org"
| #define PACKAGE_URL "https://www.gnu.org/software/patch/"
| #define PACKAGE "patch"
| #define VERSION "2.7.6"
| #define HAVE_STDIO_H 1
| #define HAVE_STDLIB_H 1
| #define HAVE_STRING_H 1
| #define HAVE_INTTYPES_H 1
| #define HAVE_STDINT_H 1
| #define HAVE_STRINGS_H 1
| #define HAVE_SYS_STAT_H 1
| #define HAVE_SYS_TYPES_H 1
| #define HAVE_UNISTD_H 1
| #define HAVE_SYS_PARAM_H 1
| #define HAVE_SYS_SOCKET_H 1
| #define HAVE_DIRENT_H 1
| #define HAVE_GETOPT_H 1
| #define HAVE_SYS_CDEFS_H 1
| #define HAVE_SYS_TIME_H 1
| #define HAVE_LIMITS_H 1
| #define HAVE_WCHAR_H 1
| #define HAVE_SYS_MMAN_H 1
| #define HAVE_UTIME_H 1
| #define HAVE_FEATURES_H 1
| #define HAVE_WCTYPE_H 1
| #define STDC_HEADERS 1
| #define __EXTENSIONS__ 1
| #define _ALL_SOURCE 1
| #define _DARWIN_C_SOURCE 1
| #define _GNU_SOURCE 1
| #define _NETBSD_SOURCE 1
| #define _OPENBSD_SOURCE 1
| #define _POSIX_PTHREAD_SEMANTICS 1
| #define __STDC_WANT_IEC_60559_ATTRIBS_EXT__ 1
| #define __STDC_WANT_IEC_60559_BFP_EXT__ 1
| #define __STDC_WANT_IEC_60559_DFP_EXT__ 1
| #define __STDC_WANT_IEC_60559_FUNCS_EXT__ 1
| #define __STDC_WANT_IEC_60559_TYPES_EXT__ 1
| #define __STDC_WANT_LIB_EXT2__ 1
| #define __STDC_WANT_MATH_SPEC_FUNCS__ 1
| #define _TANDEM_SOURCE 1
| #define _HPUX_ALT_XOPEN_SOCKET_API 1
| #define HAVE_ALLOCA_H 1
| #define HAVE_ALLOCA 1
| #define D_INO_IN_DIRENT 1
| #define HAVE_LONG_FILE_NAMES 1
| #define HAVE_PATHCONF 1
| #define HAVE_CANONICALIZE_FILE_NAME 1
| #define HAVE_GETCWD 1
| #define HAVE_READLINK 1
| #define HAVE_REALPATH 1
| #define HAVE_CHOWN 1
| #define HAVE_FCHOWN 1
| #define HAVE_FCHDIR 1
| #define HAVE_FDOPENDIR 1
| #define HAVE_FACCESSAT 1
| #define HAVE_FCHMODAT 1
| #define HAVE_LCHMOD 1
| #define HAVE_FCNTL 1
| #define HAVE_SYMLINK 1
| #define HAVE_MEMPCPY 1
| #define HAVE_FSTATAT 1
| #define HAVE_GETDTABLESIZE 1
| #define HAVE_GETTIMEOFDAY 1
| #define HAVE_LSTAT 1
| #define HAVE_MBSINIT 1
| #define HAVE_MBRTOWC 1
| #define HAVE_MPROTECT 1
| #define HAVE_MKDIRAT 1
| #define HAVE_TZSET 1
| #define HAVE_OPENAT 1
| #define HAVE_READLINKAT 1
| #define HAVE_LINK 1
| #define HAVE_RENAMEAT 1
| #define HAVE_SETENV 1
| #define HAVE_STRDUP 1
| #define HAVE_STRNDUP 1
| #define HAVE_SYMLINKAT 1
| #define HAVE_LOCALTIME_R 1
| #define HAVE_TIMEGM 1
| #define HAVE_PIPE 1
| #define HAVE_UNLINKAT 1
| #define HAVE_UTIME 1
| #define HAVE_FUTIMES 1
| #define HAVE_FUTIMESAT 1
| #define HAVE_FUTIMENS 1
| #define HAVE_UTIMENSAT 1
| #define HAVE_LUTIMES 1
| #define HAVE_SNPRINTF 1
| #define HAVE_ISWCNTRL 1
| #define FUNC_REALPATH_WORKS 1
| #define HAVE_UNISTD_H 1
| #define HAVE_CHOWN 1
| #define HAVE_ENVIRON_DECL 1
| #define HAVE_DECL_STRERROR_R 1
| #define HAVE_STRERROR_R 1
| #define STRERROR_R_CHAR_P 1
| #define GETGROUPS_T gid_t
| #define LSTAT_FOLLOWS_SLASHED_SYMLINK 1
| #define HAVE_DECL_FCHDIR 1
| #define HAVE_WORKING_O_NOATIME 1
| #define HAVE_WORKING_O_NOFOLLOW 1
| /* end confdefs.h.  */
| #include <stddef.h>
| #ifdef HAVE_STDIO_H
| # include <stdio.h>
| #endif
| #ifdef HAVE_STDLIB_H
| # include <stdlib.h>
| #endif
| #ifdef HAVE_STRING_H
| # include <string.h>
| #endif
| #ifdef HAVE_INTTYPES_H
| # include <inttypes.h>
| #endif
| #ifdef HAVE_STDINT_H
| # include <stdint.h>
| #endif
| #ifdef HAVE_STRINGS_H
| # include <strings.h>
| #endif
| #ifdef HAVE_SYS_TYPES_H
| # include <sys/types.h>
| #endif
| #ifdef HAVE_SYS_STAT_H
| # include <sys/stat.h>
| #endif
| #ifdef HAVE_UNISTD_H
| # include <unistd.h>
| #endif
| int
| main (void)
| {
| if (sizeof ((mode_t)))
| 	    return 0;
|   ;
|   return 0;
| }
configure:9339: result: yes
configure:9350: checking whether stat file-mode macros are broken
configure:9378: gcc  -c -isystem/home/ubuntu/yocto/rpi-build/tmp/work/x86_64-linux/patch-native/2.7.6-r0/recipe-sysroot-native/usr/include -O2 -pipe -isystem/home/ubuntu/yocto/rpi-build/tmp/work/x86_64-linux/patch-native/2.7.6-r0/recipe-sysroot-native/usr/include conftest.c >&5
configure:9378: $? = 0
configure:9386: result: no
configure:9573: checking for nlink_t
configure:9573: gcc  -c -isystem/home/ubuntu/yocto/rpi-build/tmp/work/x86_64-linux/patch-native/2.7.6-r0/recipe-sysroot-native/usr/include -O2 -pipe -isystem/home/ubuntu/yocto/rpi-build/tmp/work/x86_64-linux/patch-native/2.7.6-r0/recipe-sysroot-native/usr/include conftest.c >&5
configure:9573: $? = 0
configure:9573: gcc  -c -isystem/home/ubuntu/yocto/rpi-build/tmp/work/x86_64-linux/patch-native/2.7.6-r0/recipe-sysroot-native/usr/include -O2 -pipe -isystem/home/ubuntu/yocto/rpi-build/tmp/work/x86_64-linux/patch-native/2.7.6-r0/recipe-sysroot-native/usr/include conftest.c >&5
conftest.c: In function 'main':
conftest.c:115:22: error: expected expression before ')' token
  115 | if (sizeof ((nlink_t)))
      |                      ^
configure:9573: $? = 1
configure: failed program was:
| /* confdefs.h */
| #define PACKAGE_NAME "GNU patch"
| #define PACKAGE_TARNAME "patch"
| #define PACKAGE_VERSION "2.7.6"
| #define PACKAGE_STRING "GNU patch 2.7.6"
| #define PACKAGE_BUGREPORT "bug-patch@gnu.org"
| #define PACKAGE_URL "https://www.gnu.org/software/patch/"
| #define PACKAGE "patch"
| #define VERSION "2.7.6"
| #define HAVE_STDIO_H 1
| #define HAVE_STDLIB_H 1
| #define HAVE_STRING_H 1
| #define HAVE_INTTYPES_H 1
| #define HAVE_STDINT_H 1
| #define HAVE_STRINGS_H 1
| #define HAVE_SYS_STAT_H 1
| #define HAVE_SYS_TYPES_H 1
| #define HAVE_UNISTD_H 1
| #define HAVE_SYS_PARAM_H 1
| #define HAVE_SYS_SOCKET_H 1
| #define HAVE_DIRENT_H 1
| #define HAVE_GETOPT_H 1
| #define HAVE_SYS_CDEFS_H 1
| #define HAVE_SYS_TIME_H 1
| #define HAVE_LIMITS_H 1
| #define HAVE_WCHAR_H 1
| #define HAVE_SYS_MMAN_H 1
| #define HAVE_UTIME_H 1
| #define HAVE_FEATURES_H 1
| #define HAVE_WCTYPE_H 1
| #define STDC_HEADERS 1
| #define __EXTENSIONS__ 1
| #define _ALL_SOURCE 1
| #define _DARWIN_C_SOURCE 1
| #define _GNU_SOURCE 1
| #define _NETBSD_SOURCE 1
| #define _OPENBSD_SOURCE 1
| #define _POSIX_PTHREAD_SEMANTICS 1
| #define __STDC_WANT_IEC_60559_ATTRIBS_EXT__ 1
| #define __STDC_WANT_IEC_60559_BFP_EXT__ 1
| #define __STDC_WANT_IEC_60559_DFP_EXT__ 1
| #define __STDC_WANT_IEC_60559_FUNCS_EXT__ 1
| #define __STDC_WANT_IEC_60559_TYPES_EXT__ 1
| #define __STDC_WANT_LIB_EXT2__ 1
| #define __STDC_WANT_MATH_SPEC_FUNCS__ 1
| #define _TANDEM_SOURCE 1
| #define _HPUX_ALT_XOPEN_SOCKET_API 1
| #define HAVE_ALLOCA_H 1
| #define HAVE_ALLOCA 1
| #define D_INO_IN_DIRENT 1
| #define HAVE_LONG_FILE_NAMES 1
| #define HAVE_PATHCONF 1
| #define HAVE_CANONICALIZE_FILE_NAME 1
| #define HAVE_GETCWD 1
| #define HAVE_READLINK 1
| #define HAVE_REALPATH 1
| #define HAVE_CHOWN 1
| #define HAVE_FCHOWN 1
| #define HAVE_FCHDIR 1
| #define HAVE_FDOPENDIR 1
| #define HAVE_FACCESSAT 1
| #define HAVE_FCHMODAT 1
| #define HAVE_LCHMOD 1
| #define HAVE_FCNTL 1
| #define HAVE_SYMLINK 1
| #define HAVE_MEMPCPY 1
| #define HAVE_FSTATAT 1
| #define HAVE_GETDTABLESIZE 1
| #define HAVE_GETTIMEOFDAY 1
| #define HAVE_LSTAT 1
| #define HAVE_MBSINIT 1
| #define HAVE_MBRTOWC 1
| #define HAVE_MPROTECT 1
| #define HAVE_MKDIRAT 1
| #define HAVE_TZSET 1
| #define HAVE_OPENAT 1
| #define HAVE_READLINKAT 1
| #define HAVE_LINK 1
| #define HAVE_RENAMEAT 1
| #define HAVE_SETENV 1
| #define HAVE_STRDUP 1
| #define HAVE_STRNDUP 1
| #define HAVE_SYMLINKAT 1
| #define HAVE_LOCALTIME_R 1
| #define HAVE_TIMEGM 1
| #define HAVE_PIPE 1
| #define HAVE_UNLINKAT 1
| #define HAVE_UTIME 1
| #define HAVE_FUTIMES 1
| #define HAVE_FUTIMESAT 1
| #define HAVE_FUTIMENS 1
| #define HAVE_UTIMENSAT 1
| #define HAVE_LUTIMES 1
| #define HAVE_SNPRINTF 1
| #define HAVE_ISWCNTRL 1
| #define FUNC_REALPATH_WORKS 1
| #define HAVE_UNISTD_H 1
| #define HAVE_CHOWN 1
| #define HAVE_ENVIRON_DECL 1
| #define HAVE_DECL_STRERROR_R 1
| #define HAVE_STRERROR_R 1
| #define STRERROR_R_CHAR_P 1
| #define GETGROUPS_T gid_t
| #define LSTAT_FOLLOWS_SLASHED_SYMLINK 1
| #define HAVE_DECL_FCHDIR 1
| #define HAVE_WORKING_O_NOATIME 1
| #define HAVE_WORKING_O_NOFOLLOW 1
| /* end confdefs.h.  */
| #include <sys/types.h>
|      #include <sys/stat.h>
| 
| int
| main (void)
| {
| if (sizeof ((nlink_t)))
| 	    return 0;
|   ;
|   return 0;
| }
configure:9573: result: yes
configure:9589: checking whether fchmodat is declared without a macro
configure:9608: gcc  -c -isystem/home/ubuntu/yocto/rpi-build/tmp/work/x86_64-linux/patch-native/2.7.6-r0/recipe-sysroot-native/usr/include -O2 -pipe -isystem/home/ubuntu/yocto/rpi-build/tmp/work/x86_64-linux/patch-native/2.7.6-r0/recipe-sysroot-native/usr/include conftest.c >&5
configure:9608: $? = 0
configure:9617: result: yes
configure:9589: checking whether fstat is declared without a macro
configure:9608: gcc  -c -isystem/home/ubuntu/yocto/rpi-build/tmp/work/x86_64-linux/patch-native/2.7.6-r0/recipe-sysroot-native/usr/include -O2 -pipe -isystem/home/ubuntu/yocto/rpi-build/tmp/work/x86_64-linux/patch-native/2.7.6-r0/recipe-sysroot-native/usr/include conftest.c >&5
configure:9608: $? = 0
configure:9617: result: yes
configure:9589: checking whether fstatat is declared without a macro
configure:9608: gcc  -c -isystem/home/ubuntu/yocto/rpi-build/tmp/work/x86_64-linux/patch-native/2.7.6-r0/recipe-sysroot-native/usr/include -O2 -pipe -isystem/home/ubuntu/yocto/rpi-build/tmp/work/x86_64-linux/patch-native/2.7.6-r0/recipe-sysroot-native/usr/include conftest.c >&5
configure:9608: $? = 0
configure:9617: result: yes
configure:9589: checking whether futimens is declared without a macro
configure:9608: gcc  -c -isystem/home/ubuntu/yocto/rpi-build/tmp/work/x86_64-linux/patch-native/2.7.6-r0/recipe-sysroot-native/usr/include -O2 -pipe -isystem/home/ubuntu/yocto/rpi-build/tmp/work/x86_64-linux/patch-native/2.7.6-r0/recipe-sysroot-native/usr/include conftest.c >&5
configure:9608: $? = 0
configure:9617: result: yes
configure:9589: checking whether lchmod is declared without a macro
configure:9608: gcc  -c -isystem/home/ubuntu/yocto/rpi-build/tmp/work/x86_64-linux/patch-native/2.7.6-r0/recipe-sysroot-native/usr/include -O2 -pipe -isystem/home/ubuntu/yocto/rpi-build/tmp/work/x86_64-linux/patch-native/2.7.6-r0/recipe-sysroot-native/usr/include conftest.c >&5
configure:9608: $? = 0
configure:9617: result: yes
configure:9589: checking whether lstat is declared without a macro
configure:9608: gcc  -c -isystem/home/ubuntu/yocto/rpi-build/tmp/work/x86_64-linux/patch-native/2.7.6-r0/recipe-sysroot-native/usr/include -O2 -pipe -isystem/home/ubuntu/yocto/rpi-build/tmp/work/x86_64-linux/patch-native/2.7.6-r0/recipe-sysroot-native/usr/include conftest.c >&5
configure:9608: $? = 0
configure:9617: result: yes
configure:9589: checking whether mkdirat is declared without a macro
configure:9608: gcc  -c -isystem/home/ubuntu/yocto/rpi-build/tmp/work/x86_64-linux/patch-native/2.7.6-r0/recipe-sysroot-native/usr/include -O2 -pipe -isystem/home/ubuntu/yocto/rpi-build/tmp/work/x86_64-linux/patch-native/2.7.6-r0/recipe-sysroot-native/usr/include conftest.c >&5
configure:9608: $? = 0
configure:9617: result: yes
configure:9589: checking whether mkfifo is declared without a macro
configure:9608: gcc  -c -isystem/home/ubuntu/yocto/rpi-build/tmp/work/x86_64-linux/patch-native/2.7.6-r0/recipe-sysroot-native/usr/include -O2 -pipe -isystem/home/ubuntu/yocto/rpi-build/tmp/work/x86_64-linux/patch-native/2.7.6-r0/recipe-sysroot-native/usr/include conftest.c >&5
configure:9608: $? = 0
configure:9617: result: yes
configure:9589: checking whether mkfifoat is declared without a macro
configure:9608: gcc  -c -isystem/home/ubuntu/yocto/rpi-build/tmp/work/x86_64-linux/patch-native/2.7.6-r0/recipe-sysroot-native/usr/include -O2 -pipe -isystem/home/ubuntu/yocto/rpi-build/tmp/work/x86_64-linux/patch-native/2.7.6-r0/recipe-sysroot-native/usr/include conftest.c >&5
configure:9608: $? = 0
configure:9617: result: yes
configure:9589: checking whether mknod is declared without a macro
configure:9608: gcc  -c -isystem/home/ubuntu/yocto/rpi-build/tmp/work/x86_64-linux/patch-native/2.7.6-r0/recipe-sysroot-native/usr/include -O2 -pipe -isystem/home/ubuntu/yocto/rpi-build/tmp/work/x86_64-linux/patch-native/2.7.6-r0/recipe-sysroot-native/usr/include conftest.c >&5
configure:9608: $? = 0
configure:9617: result: yes
configure:9589: checking whether mknodat is declared without a macro
configure:9608: gcc  -c -isystem/home/ubuntu/yocto/rpi-build/tmp/work/x86_64-linux/patch-native/2.7.6-r0/recipe-sysroot-native/usr/include -O2 -pipe -isystem/home/ubuntu/yocto/rpi-build/tmp/work/x86_64-linux/patch-native/2.7.6-r0/recipe-sysroot-native/usr/include conftest.c >&5
configure:9608: $? = 0
configure:9617: result: yes
configure:9589: checking whether stat is declared without a macro
configure:9608: gcc  -c -isystem/home/ubuntu/yocto/rpi-build/tmp/work/x86_64-linux/patch-native/2.7.6-r0/recipe-sysroot-native/usr/include -O2 -pipe -isystem/home/ubuntu/yocto/rpi-build/tmp/work/x86_64-linux/patch-native/2.7.6-r0/recipe-sysroot-native/usr/include conftest.c >&5
configure:9608: $? = 0
configure:9617: result: yes
configure:9589: checking whether utimensat is declared without a macro
configure:9608: gcc  -c -isystem/home/ubuntu/yocto/rpi-build/tmp/work/x86_64-linux/patch-native/2.7.6-r0/recipe-sysroot-native/usr/include -O2 -pipe -isystem/home/ubuntu/yocto/rpi-build/tmp/work/x86_64-linux/patch-native/2.7.6-r0/recipe-sysroot-native/usr/include conftest.c >&5
configure:9608: $? = 0
configure:9617: result: yes
configure:9633: checking whether getcwd (NULL, 0) allocates memory for result
configure:9703: result: yes
configure:9707: checking for getcwd with POSIX signature
configure:9730: gcc  -c -isystem/home/ubuntu/yocto/rpi-build/tmp/work/x86_64-linux/patch-native/2.7.6-r0/recipe-sysroot-native/usr/include -O2 -pipe -isystem/home/ubuntu/yocto/rpi-build/tmp/work/x86_64-linux/patch-native/2.7.6-r0/recipe-sysroot-native/usr/include conftest.c >&5
configure:9730: $? = 0
configure:9739: result: yes
configure:9743: checking whether getdtablesize is declared
configure:9743: gcc  -c -isystem/home/ubuntu/yocto/rpi-build/tmp/work/x86_64-linux/patch-native/2.7.6-r0/recipe-sysroot-native/usr/include -O2 -pipe  -isystem/home/ubuntu/yocto/rpi-build/tmp/work/x86_64-linux/patch-native/2.7.6-r0/recipe-sysroot-native/usr/include conftest.c >&5
configure:9743: $? = 0
configure:9743: result: yes
configure:9848: checking for getopt.h
configure:9848: result: yes
configure:9864: checking for getopt_long_only
configure:9864: gcc  -o conftest -isystem/home/ubuntu/yocto/rpi-build/tmp/work/x86_64-linux/patch-native/2.7.6-r0/recipe-sysroot-native/usr/include -O2 -pipe -isystem/home/ubuntu/yocto/rpi-build/tmp/work/x86_64-linux/patch-native/2.7.6-r0/recipe-sysroot-native/usr/include -L/home/ubuntu/yocto/rpi-build/tmp/work/x86_64-linux/patch-native/2.7.6-r0/recipe-sysroot-native/usr/lib                         -L/home/ubuntu/yocto/rpi-build/tmp/work/x86_64-linux/patch-native/2.7.6-r0/recipe-sysroot-native/lib                         -Wl,--enable-new-dtags                         -Wl,-rpath-link,/home/ubuntu/yocto/rpi-build/tmp/work/x86_64-linux/patch-native/2.7.6-r0/recipe-sysroot-native/usr/lib                         -Wl,-rpath-link,/home/ubuntu/yocto/rpi-build/tmp/work/x86_64-linux/patch-native/2.7.6-r0/recipe-sysroot-native/lib                         -Wl,-rpath,/home/ubuntu/yocto/rpi-build/tmp/work/x86_64-linux/patch-native/2.7.6-r0/recipe-sysroot-native/usr/lib                         -Wl,-rpath,/home/ubuntu/yocto/rpi-build/tmp/work/x86_64-linux/patch-native/2.7.6-r0/recipe-sysroot-native/lib                         -Wl,-O1 -Wl,--allow-shlib-undefined -Wl,--dynamic-linker=/home/ubuntu/yocto/rpi-build/tmp/sysroots-uninative/x86_64-linux/lib/ld-linux-x86-64.so.2 conftest.c  >&5
configure:9864: $? = 0
configure:9864: result: yes
configure:9877: checking whether getopt is POSIX compatible
configure:9921: gcc  -o conftest -isystem/home/ubuntu/yocto/rpi-build/tmp/work/x86_64-linux/patch-native/2.7.6-r0/recipe-sysroot-native/usr/include -O2 -pipe -isystem/home/ubuntu/yocto/rpi-build/tmp/work/x86_64-linux/patch-native/2.7.6-r0/recipe-sysroot-native/usr/include -L/home/ubuntu/yocto/rpi-build/tmp/work/x86_64-linux/patch-native/2.7.6-r0/recipe-sysroot-native/usr/lib                         -L/home/ubuntu/yocto/rpi-build/tmp/work/x86_64-linux/patch-native/2.7.6-r0/recipe-sysroot-native/lib                         -Wl,--enable-new-dtags                         -Wl,-rpath-link,/home/ubuntu/yocto/rpi-build/tmp/work/x86_64-linux/patch-native/2.7.6-r0/recipe-sysroot-native/usr/lib                         -Wl,-rpath-link,/home/ubuntu/yocto/rpi-build/tmp/work/x86_64-linux/patch-native/2.7.6-r0/recipe-sysroot-native/lib                         -Wl,-rpath,/home/ubuntu/yocto/rpi-build/tmp/work/x86_64-linux/patch-native/2.7.6-r0/recipe-sysroot-native/usr/lib                         -Wl,-rpath,/home/ubuntu/yocto/rpi-build/tmp/work/x86_64-linux/patch-native/2.7.6-r0/recipe-sysroot-native/lib                         -Wl,-O1 -Wl,--allow-shlib-undefined -Wl,--dynamic-linker=/home/ubuntu/yocto/rpi-build/tmp/sysroots-uninative/x86_64-linux/lib/ld-linux-x86-64.so.2 conftest.c  >&5
configure:9921: $? = 0
configure:9921: ./conftest
configure:9921: $? = 0
configure:9982: gcc  -o conftest -isystem/home/ubuntu/yocto/rpi-build/tmp/work/x86_64-linux/patch-native/2.7.6-r0/recipe-sysroot-native/usr/include -O2 -pipe -isystem/home/ubuntu/yocto/rpi-build/tmp/work/x86_64-linux/patch-native/2.7.6-r0/recipe-sysroot-native/usr/include -L/home/ubuntu/yocto/rpi-build/tmp/work/x86_64-linux/patch-native/2.7.6-r0/recipe-sysroot-native/usr/lib                         -L/home/ubuntu/yocto/rpi-build/tmp/work/x86_64-linux/patch-native/2.7.6-r0/recipe-sysroot-native/lib                         -Wl,--enable-new-dtags                         -Wl,-rpath-link,/home/ubuntu/yocto/rpi-build/tmp/work/x86_64-linux/patch-native/2.7.6-r0/recipe-sysroot-native/usr/lib                         -Wl,-rpath-link,/home/ubuntu/yocto/rpi-build/tmp/work/x86_64-linux/patch-native/2.7.6-r0/recipe-sysroot-native/lib                         -Wl,-rpath,/home/ubuntu/yocto/rpi-build/tmp/work/x86_64-linux/patch-native/2.7.6-r0/recipe-sysroot-native/usr/lib                         -Wl,-rpath,/home/ubuntu/yocto/rpi-build/tmp/work/x86_64-linux/patch-native/2.7.6-r0/recipe-sysroot-native/lib                         -Wl,-O1 -Wl,--allow-shlib-undefined -Wl,--dynamic-linker=/home/ubuntu/yocto/rpi-build/tmp/sysroots-uninative/x86_64-linux/lib/ld-linux-x86-64.so.2 conftest.c  >&5
configure:9982: $? = 0
configure:9982: ./conftest
configure:9982: $? = 0
configure:10026: gcc  -o conftest -isystem/home/ubuntu/yocto/rpi-build/tmp/work/x86_64-linux/patch-native/2.7.6-r0/recipe-sysroot-native/usr/include -O2 -pipe -isystem/home/ubuntu/yocto/rpi-build/tmp/work/x86_64-linux/patch-native/2.7.6-r0/recipe-sysroot-native/usr/include -L/home/ubuntu/yocto/rpi-build/tmp/work/x86_64-linux/patch-native/2.7.6-r0/recipe-sysroot-native/usr/lib                         -L/home/ubuntu/yocto/rpi-build/tmp/work/x86_64-linux/patch-native/2.7.6-r0/recipe-sysroot-native/lib                         -Wl,--enable-new-dtags                         -Wl,-rpath-link,/home/ubuntu/yocto/rpi-build/tmp/work/x86_64-linux/patch-native/2.7.6-r0/recipe-sysroot-native/usr/lib                         -Wl,-rpath-link,/home/ubuntu/yocto/rpi-build/tmp/work/x86_64-linux/patch-native/2.7.6-r0/recipe-sysroot-native/lib                         -Wl,-rpath,/home/ubuntu/yocto/rpi-build/tmp/work/x86_64-linux/patch-native/2.7.6-r0/recipe-sysroot-native/usr/lib                         -Wl,-rpath,/home/ubuntu/yocto/rpi-build/tmp/work/x86_64-linux/patch-native/2.7.6-r0/recipe-sysroot-native/lib                         -Wl,-O1 -Wl,--allow-shlib-undefined -Wl,--dynamic-linker=/home/ubuntu/yocto/rpi-build/tmp/sysroots-uninative/x86_64-linux/lib/ld-linux-x86-64.so.2 conftest.c  >&5
configure:10026: $? = 0
configure:10026: ./conftest
program: option requires an argument -- 'b'
configure:10026: $? = 0
configure:10045: result: yes
configure:10053: checking for working GNU getopt function
configure:10277: gcc  -o conftest -isystem/home/ubuntu/yocto/rpi-build/tmp/work/x86_64-linux/patch-native/2.7.6-r0/recipe-sysroot-native/usr/include -O2 -pipe -isystem/home/ubuntu/yocto/rpi-build/tmp/work/x86_64-linux/patch-native/2.7.6-r0/recipe-sysroot-native/usr/include -L/home/ubuntu/yocto/rpi-build/tmp/work/x86_64-linux/patch-native/2.7.6-r0/recipe-sysroot-native/usr/lib                         -L/home/ubuntu/yocto/rpi-build/tmp/work/x86_64-linux/patch-native/2.7.6-r0/recipe-sysroot-native/lib                         -Wl,--enable-new-dtags                         -Wl,-rpath-link,/home/ubuntu/yocto/rpi-build/tmp/work/x86_64-linux/patch-native/2.7.6-r0/recipe-sysroot-native/usr/lib                         -Wl,-rpath-link,/home/ubuntu/yocto/rpi-build/tmp/work/x86_64-linux/patch-native/2.7.6-r0/recipe-sysroot-native/lib                         -Wl,-rpath,/home/ubuntu/yocto/rpi-build/tmp/work/x86_64-linux/patch-native/2.7.6-r0/recipe-sysroot-native/usr/lib                         -Wl,-rpath,/home/ubuntu/yocto/rpi-build/tmp/work/x86_64-linux/patch-native/2.7.6-r0/recipe-sysroot-native/lib                         -Wl,-O1 -Wl,--allow-shlib-undefined -Wl,--dynamic-linker=/home/ubuntu/yocto/rpi-build/tmp/sysroots-uninative/x86_64-linux/lib/ld-linux-x86-64.so.2 conftest.c  >&5
configure:10277: $? = 0
configure:10277: ./conftest
configure:10277: $? = 0
configure:10294: result: yes
configure:10299: checking for working GNU getopt_long function
configure:10346: gcc  -o conftest -isystem/home/ubuntu/yocto/rpi-build/tmp/work/x86_64-linux/patch-native/2.7.6-r0/recipe-sysroot-native/usr/include -O2 -pipe -isystem/home/ubuntu/yocto/rpi-build/tmp/work/x86_64-linux/patch-native/2.7.6-r0/recipe-sysroot-native/usr/include -L/home/ubuntu/yocto/rpi-build/tmp/work/x86_64-linux/patch-native/2.7.6-r0/recipe-sysroot-native/usr/lib                         -L/home/ubuntu/yocto/rpi-build/tmp/work/x86_64-linux/patch-native/2.7.6-r0/recipe-sysroot-native/lib                         -Wl,--enable-new-dtags                         -Wl,-rpath-link,/home/ubuntu/yocto/rpi-build/tmp/work/x86_64-linux/patch-native/2.7.6-r0/recipe-sysroot-native/usr/lib                         -Wl,-rpath-link,/home/ubuntu/yocto/rpi-build/tmp/work/x86_64-linux/patch-native/2.7.6-r0/recipe-sysroot-native/lib                         -Wl,-rpath,/home/ubuntu/yocto/rpi-build/tmp/work/x86_64-linux/patch-native/2.7.6-r0/recipe-sysroot-native/usr/lib                         -Wl,-rpath,/home/ubuntu/yocto/rpi-build/tmp/work/x86_64-linux/patch-native/2.7.6-r0/recipe-sysroot-native/lib                         -Wl,-O1 -Wl,--allow-shlib-undefined -Wl,--dynamic-linker=/home/ubuntu/yocto/rpi-build/tmp/sysroots-uninative/x86_64-linux/lib/ld-linux-x86-64.so.2 conftest.c  >&5
configure:10346: $? = 0
configure:10346: ./conftest
configure:10346: $? = 0
configure:10358: result: yes
configure:10381: checking for C/C++ restrict keyword
configure:10409: gcc  -c -isystem/home/ubuntu/yocto/rpi-build/tmp/work/x86_64-linux/patch-native/2.7.6-r0/recipe-sysroot-native/usr/include -O2 -pipe -isystem/home/ubuntu/yocto/rpi-build/tmp/work/x86_64-linux/patch-native/2.7.6-r0/recipe-sysroot-native/usr/include conftest.c >&5
configure:10409: $? = 0
configure:10418: result: __restrict
configure:10540: checking for struct timeval
configure:10564: gcc  -c -isystem/home/ubuntu/yocto/rpi-build/tmp/work/x86_64-linux/patch-native/2.7.6-r0/recipe-sysroot-native/usr/include -O2 -pipe -isystem/home/ubuntu/yocto/rpi-build/tmp/work/x86_64-linux/patch-native/2.7.6-r0/recipe-sysroot-native/usr/include conftest.c >&5
configure:10564: $? = 0
configure:10573: result: yes
configure:10578: checking for wide-enough struct timeval.tv_sec member
configure:10606: gcc  -c -isystem/home/ubuntu/yocto/rpi-build/tmp/work/x86_64-linux/patch-native/2.7.6-r0/recipe-sysroot-native/usr/include -O2 -pipe -isystem/home/ubuntu/yocto/rpi-build/tmp/work/x86_64-linux/patch-native/2.7.6-r0/recipe-sysroot-native/usr/include conftest.c >&5
configure:10606: $? = 0
configure:10615: result: yes
configure:10625: checking whether gettimeofday is declared without a macro
configure:10648: gcc  -c -isystem/home/ubuntu/yocto/rpi-build/tmp/work/x86_64-linux/patch-native/2.7.6-r0/recipe-sysroot-native/usr/include -O2 -pipe -isystem/home/ubuntu/yocto/rpi-build/tmp/work/x86_64-linux/patch-native/2.7.6-r0/recipe-sysroot-native/usr/include conftest.c >&5
configure:10648: $? = 0
configure:10657: result: yes
configure:10787: checking whether limits.h has ULLONG_WIDTH etc.
configure:10808: gcc  -c -isystem/home/ubuntu/yocto/rpi-build/tmp/work/x86_64-linux/patch-native/2.7.6-r0/recipe-sysroot-native/usr/include -O2 -pipe -isystem/home/ubuntu/yocto/rpi-build/tmp/work/x86_64-linux/patch-native/2.7.6-r0/recipe-sysroot-native/usr/include conftest.c >&5
configure:10808: $? = 0
configure:10816: result: yes
configure:10834: checking for wint_t
configure:10860: gcc  -c -isystem/home/ubuntu/yocto/rpi-build/tmp/work/x86_64-linux/patch-native/2.7.6-r0/recipe-sysroot-native/usr/include -O2 -pipe -isystem/home/ubuntu/yocto/rpi-build/tmp/work/x86_64-linux/patch-native/2.7.6-r0/recipe-sysroot-native/usr/include conftest.c >&5
configure:10860: $? = 0
configure:10868: result: yes
configure:10875: checking whether wint_t is too small
configure:10904: gcc  -c -isystem/home/ubuntu/yocto/rpi-build/tmp/work/x86_64-linux/patch-native/2.7.6-r0/recipe-sysroot-native/usr/include -O2 -pipe -isystem/home/ubuntu/yocto/rpi-build/tmp/work/x86_64-linux/patch-native/2.7.6-r0/recipe-sysroot-native/usr/include conftest.c >&5
configure:10904: $? = 0
configure:10912: result: no
configure:10925: checking for unsigned long long int
configure:10965: gcc  -o conftest -isystem/home/ubuntu/yocto/rpi-build/tmp/work/x86_64-linux/patch-native/2.7.6-r0/recipe-sysroot-native/usr/include -O2 -pipe -isystem/home/ubuntu/yocto/rpi-build/tmp/work/x86_64-linux/patch-native/2.7.6-r0/recipe-sysroot-native/usr/include -L/home/ubuntu/yocto/rpi-build/tmp/work/x86_64-linux/patch-native/2.7.6-r0/recipe-sysroot-native/usr/lib                         -L/home/ubuntu/yocto/rpi-build/tmp/work/x86_64-linux/patch-native/2.7.6-r0/recipe-sysroot-native/lib                         -Wl,--enable-new-dtags                         -Wl,-rpath-link,/home/ubuntu/yocto/rpi-build/tmp/work/x86_64-linux/patch-native/2.7.6-r0/recipe-sysroot-native/usr/lib                         -Wl,-rpath-link,/home/ubuntu/yocto/rpi-build/tmp/work/x86_64-linux/patch-native/2.7.6-r0/recipe-sysroot-native/lib                         -Wl,-rpath,/home/ubuntu/yocto/rpi-build/tmp/work/x86_64-linux/patch-native/2.7.6-r0/recipe-sysroot-native/usr/lib                         -Wl,-rpath,/home/ubuntu/yocto/rpi-build/tmp/work/x86_64-linux/patch-native/2.7.6-r0/recipe-sysroot-native/lib                         -Wl,-O1 -Wl,--allow-shlib-undefined -Wl,--dynamic-linker=/home/ubuntu/yocto/rpi-build/tmp/sysroots-uninative/x86_64-linux/lib/ld-linux-x86-64.so.2 conftest.c  >&5
configure:10965: $? = 0
configure:10975: result: yes
configure:10985: checking for long long int
configure:11025: gcc  -o conftest -isystem/home/ubuntu/yocto/rpi-build/tmp/work/x86_64-linux/patch-native/2.7.6-r0/recipe-sysroot-native/usr/include -O2 -pipe -isystem/home/ubuntu/yocto/rpi-build/tmp/work/x86_64-linux/patch-native/2.7.6-r0/recipe-sysroot-native/usr/include -L/home/ubuntu/yocto/rpi-build/tmp/work/x86_64-linux/patch-native/2.7.6-r0/recipe-sysroot-native/usr/lib                         -L/home/ubuntu/yocto/rpi-build/tmp/work/x86_64-linux/patch-native/2.7.6-r0/recipe-sysroot-native/lib                         -Wl,--enable-new-dtags                         -Wl,-rpath-link,/home/ubuntu/yocto/rpi-build/tmp/work/x86_64-linux/patch-native/2.7.6-r0/recipe-sysroot-native/usr/lib                         -Wl,-rpath-link,/home/ubuntu/yocto/rpi-build/tmp/work/x86_64-linux/patch-native/2.7.6-r0/recipe-sysroot-native/lib                         -Wl,-rpath,/home/ubuntu/yocto/rpi-build/tmp/work/x86_64-linux/patch-native/2.7.6-r0/recipe-sysroot-native/usr/lib                         -Wl,-rpath,/home/ubuntu/yocto/rpi-build/tmp/work/x86_64-linux/patch-native/2.7.6-r0/recipe-sysroot-native/lib                         -Wl,-O1 -Wl,--allow-shlib-undefined -Wl,--dynamic-linker=/home/ubuntu/yocto/rpi-build/tmp/sysroots-uninative/x86_64-linux/lib/ld-linux-x86-64.so.2 conftest.c  >&5
configure:11025: $? = 0
configure:11025: ./conftest
configure:11025: $? = 0
configure:11038: result: yes
configure:11057: gcc  -c -isystem/home/ubuntu/yocto/rpi-build/tmp/work/x86_64-linux/patch-native/2.7.6-r0/recipe-sysroot-native/usr/include -O2 -pipe -isystem/home/ubuntu/yocto/rpi-build/tmp/work/x86_64-linux/patch-native/2.7.6-r0/recipe-sysroot-native/usr/include conftest.c >&5
conftest.c:131:10: error: unknown type name 'not'
  131 |          not a universal capable compiler
      |          ^~~
conftest.c:131:16: error: expected '=', ',', ';', 'asm' or '__attribute__' before 'universal'
  131 |          not a universal capable compiler
      |                ^~~~~~~~~
conftest.c:131:16: error: unknown type name 'universal'
configure:11057: $? = 1
configure: failed program was:
| /* confdefs.h */
| #define PACKAGE_NAME "GNU patch"
| #define PACKAGE_TARNAME "patch"
| #define PACKAGE_VERSION "2.7.6"
| #define PACKAGE_STRING "GNU patch 2.7.6"
| #define PACKAGE_BUGREPORT "bug-patch@gnu.org"
| #define PACKAGE_URL "https://www.gnu.org/software/patch/"
| #define PACKAGE "patch"
| #define VERSION "2.7.6"
| #define HAVE_STDIO_H 1
| #define HAVE_STDLIB_H 1
| #define HAVE_STRING_H 1
| #define HAVE_INTTYPES_H 1
| #define HAVE_STDINT_H 1
| #define HAVE_STRINGS_H 1
| #define HAVE_SYS_STAT_H 1
| #define HAVE_SYS_TYPES_H 1
| #define HAVE_UNISTD_H 1
| #define HAVE_SYS_PARAM_H 1
| #define HAVE_SYS_SOCKET_H 1
| #define HAVE_DIRENT_H 1
| #define HAVE_GETOPT_H 1
| #define HAVE_SYS_CDEFS_H 1
| #define HAVE_SYS_TIME_H 1
| #define HAVE_LIMITS_H 1
| #define HAVE_WCHAR_H 1
| #define HAVE_SYS_MMAN_H 1
| #define HAVE_UTIME_H 1
| #define HAVE_FEATURES_H 1
| #define HAVE_WCTYPE_H 1
| #define STDC_HEADERS 1
| #define __EXTENSIONS__ 1
| #define _ALL_SOURCE 1
| #define _DARWIN_C_SOURCE 1
| #define _GNU_SOURCE 1
| #define _NETBSD_SOURCE 1
| #define _OPENBSD_SOURCE 1
| #define _POSIX_PTHREAD_SEMANTICS 1
| #define __STDC_WANT_IEC_60559_ATTRIBS_EXT__ 1
| #define __STDC_WANT_IEC_60559_BFP_EXT__ 1
| #define __STDC_WANT_IEC_60559_DFP_EXT__ 1
| #define __STDC_WANT_IEC_60559_FUNCS_EXT__ 1
| #define __STDC_WANT_IEC_60559_TYPES_EXT__ 1
| #define __STDC_WANT_LIB_EXT2__ 1
| #define __STDC_WANT_MATH_SPEC_FUNCS__ 1
| #define _TANDEM_SOURCE 1
| #define _HPUX_ALT_XOPEN_SOCKET_API 1
| #define HAVE_ALLOCA_H 1
| #define HAVE_ALLOCA 1
| #define D_INO_IN_DIRENT 1
| #define HAVE_LONG_FILE_NAMES 1
| #define HAVE_PATHCONF 1
| #define HAVE_CANONICALIZE_FILE_NAME 1
| #define HAVE_GETCWD 1
| #define HAVE_READLINK 1
| #define HAVE_REALPATH 1
| #define HAVE_CHOWN 1
| #define HAVE_FCHOWN 1
| #define HAVE_FCHDIR 1
| #define HAVE_FDOPENDIR 1
| #define HAVE_FACCESSAT 1
| #define HAVE_FCHMODAT 1
| #define HAVE_LCHMOD 1
| #define HAVE_FCNTL 1
| #define HAVE_SYMLINK 1
| #define HAVE_MEMPCPY 1
| #define HAVE_FSTATAT 1
| #define HAVE_GETDTABLESIZE 1
| #define HAVE_GETTIMEOFDAY 1
| #define HAVE_LSTAT 1
| #define HAVE_MBSINIT 1
| #define HAVE_MBRTOWC 1
| #define HAVE_MPROTECT 1
| #define HAVE_MKDIRAT 1
| #define HAVE_TZSET 1
| #define HAVE_OPENAT 1
| #define HAVE_READLINKAT 1
| #define HAVE_LINK 1
| #define HAVE_RENAMEAT 1
| #define HAVE_SETENV 1
| #define HAVE_STRDUP 1
| #define HAVE_STRNDUP 1
| #define HAVE_SYMLINKAT 1
| #define HAVE_LOCALTIME_R 1
| #define HAVE_TIMEGM 1
| #define HAVE_PIPE 1
| #define HAVE_UNLINKAT 1
| #define HAVE_UTIME 1
| #define HAVE_FUTIMES 1
| #define HAVE_FUTIMESAT 1
| #define HAVE_FUTIMENS 1
| #define HAVE_UTIMENSAT 1
| #define HAVE_LUTIMES 1
| #define HAVE_SNPRINTF 1
| #define HAVE_ISWCNTRL 1
| #define FUNC_REALPATH_WORKS 1
| #define HAVE_UNISTD_H 1
| #define HAVE_CHOWN 1
| #define HAVE_ENVIRON_DECL 1
| #define HAVE_DECL_STRERROR_R 1
| #define HAVE_STRERROR_R 1
| #define STRERROR_R_CHAR_P 1
| #define GETGROUPS_T gid_t
| #define LSTAT_FOLLOWS_SLASHED_SYMLINK 1
| #define HAVE_DECL_FCHDIR 1
| #define HAVE_WORKING_O_NOATIME 1
| #define HAVE_WORKING_O_NOFOLLOW 1
| #define HAVE_RAW_DECL_FCHMODAT 1
| #define HAVE_RAW_DECL_FSTAT 1
| #define HAVE_RAW_DECL_FSTATAT 1
| #define HAVE_RAW_DECL_FUTIMENS 1
| #define HAVE_RAW_DECL_LCHMOD 1
| #define HAVE_RAW_DECL_LSTAT 1
| #define HAVE_RAW_DECL_MKDIRAT 1
| #define HAVE_RAW_DECL_MKFIFO 1
| #define HAVE_RAW_DECL_MKFIFOAT 1
| #define HAVE_RAW_DECL_MKNOD 1
| #define HAVE_RAW_DECL_MKNODAT 1
| #define HAVE_RAW_DECL_STAT 1
| #define HAVE_RAW_DECL_UTIMENSAT 1
| #define HAVE_DECL_GETDTABLESIZE 1
| #define HAVE_GETOPT_H 1
| #define HAVE_GETOPT_LONG_ONLY 1
| #define restrict __restrict
| #define HAVE_RAW_DECL_GETTIMEOFDAY 1
| #define HAVE_WINT_T 1
| #define HAVE_UNSIGNED_LONG_LONG_INT 1
| #define HAVE_LONG_LONG_INT 1
| /* end confdefs.h.  */
| #ifndef __APPLE_CC__
|          not a universal capable compiler
|         #endif
|         typedef int dummy;
| 
configure:11219: checking whether stdint.h conforms to C99
configure:11400: gcc  -c -isystem/home/ubuntu/yocto/rpi-build/tmp/work/x86_64-linux/patch-native/2.7.6-r0/recipe-sysroot-native/usr/include -O2 -pipe -isystem/home/ubuntu/yocto/rpi-build/tmp/work/x86_64-linux/patch-native/2.7.6-r0/recipe-sysroot-native/usr/include conftest.c >&5
configure:11400: $? = 0
configure:11489: gcc  -o conftest -isystem/home/ubuntu/yocto/rpi-build/tmp/work/x86_64-linux/patch-native/2.7.6-r0/recipe-sysroot-native/usr/include -O2 -pipe -isystem/home/ubuntu/yocto/rpi-build/tmp/work/x86_64-linux/patch-native/2.7.6-r0/recipe-sysroot-native/usr/include -L/home/ubuntu/yocto/rpi-build/tmp/work/x86_64-linux/patch-native/2.7.6-r0/recipe-sysroot-native/usr/lib                         -L/home/ubuntu/yocto/rpi-build/tmp/work/x86_64-linux/patch-native/2.7.6-r0/recipe-sysroot-native/lib                         -Wl,--enable-new-dtags                         -Wl,-rpath-link,/home/ubuntu/yocto/rpi-build/tmp/work/x86_64-linux/patch-native/2.7.6-r0/recipe-sysroot-native/usr/lib                         -Wl,-rpath-link,/home/ubuntu/yocto/rpi-build/tmp/work/x86_64-linux/patch-native/2.7.6-r0/recipe-sysroot-native/lib                         -Wl,-rpath,/home/ubuntu/yocto/rpi-build/tmp/work/x86_64-linux/patch-native/2.7.6-r0/recipe-sysroot-native/usr/lib                         -Wl,-rpath,/home/ubuntu/yocto/rpi-build/tmp/work/x86_64-linux/patch-native/2.7.6-r0/recipe-sysroot-native/lib                         -Wl,-O1 -Wl,--allow-shlib-undefined -Wl,--dynamic-linker=/home/ubuntu/yocto/rpi-build/tmp/sysroots-uninative/x86_64-linux/lib/ld-linux-x86-64.so.2 conftest.c  >&5
configure:11489: $? = 0
configure:11489: ./conftest
configure:11489: $? = 0
configure:11502: result: yes
configure:11513: checking whether stdint.h predates C++11
configure:11550: gcc  -c -isystem/home/ubuntu/yocto/rpi-build/tmp/work/x86_64-linux/patch-native/2.7.6-r0/recipe-sysroot-native/usr/include -O2 -pipe -isystem/home/ubuntu/yocto/rpi-build/tmp/work/x86_64-linux/patch-native/2.7.6-r0/recipe-sysroot-native/usr/include conftest.c >&5
configure:11550: $? = 0
configure:11556: result: no
configure:11567: checking whether stdint.h has UINTMAX_WIDTH etc.
configure:11604: gcc  -c -isystem/home/ubuntu/yocto/rpi-build/tmp/work/x86_64-linux/patch-native/2.7.6-r0/recipe-sysroot-native/usr/include -O2 -pipe -isystem/home/ubuntu/yocto/rpi-build/tmp/work/x86_64-linux/patch-native/2.7.6-r0/recipe-sysroot-native/usr/include conftest.c >&5
configure:11604: $? = 0
configure:11610: result: yes
configure:12069: checking whether imaxabs is declared without a macro
configure:12088: gcc  -c -isystem/home/ubuntu/yocto/rpi-build/tmp/work/x86_64-linux/patch-native/2.7.6-r0/recipe-sysroot-native/usr/include -O2 -pipe -isystem/home/ubuntu/yocto/rpi-build/tmp/work/x86_64-linux/patch-native/2.7.6-r0/recipe-sysroot-native/usr/include conftest.c >&5
configure:12088: $? = 0
configure:12097: result: yes
configure:12069: checking whether imaxdiv is declared without a macro
configure:12088: gcc  -c -isystem/home/ubuntu/yocto/rpi-build/tmp/work/x86_64-linux/patch-native/2.7.6-r0/recipe-sysroot-native/usr/include -O2 -pipe -isystem/home/ubuntu/yocto/rpi-build/tmp/work/x86_64-linux/patch-native/2.7.6-r0/recipe-sysroot-native/usr/include conftest.c >&5
configure:12088: $? = 0
configure:12097: result: yes
configure:12069: checking whether strtoimax is declared without a macro
configure:12088: gcc  -c -isystem/home/ubuntu/yocto/rpi-build/tmp/work/x86_64-linux/patch-native/2.7.6-r0/recipe-sysroot-native/usr/include -O2 -pipe -isystem/home/ubuntu/yocto/rpi-build/tmp/work/x86_64-linux/patch-native/2.7.6-r0/recipe-sysroot-native/usr/include conftest.c >&5
configure:12088: $? = 0
configure:12097: result: yes
configure:12069: checking whether strtoumax is declared without a macro
configure:12088: gcc  -c -isystem/home/ubuntu/yocto/rpi-build/tmp/work/x86_64-linux/patch-native/2.7.6-r0/recipe-sysroot-native/usr/include -O2 -pipe -isystem/home/ubuntu/yocto/rpi-build/tmp/work/x86_64-linux/patch-native/2.7.6-r0/recipe-sysroot-native/usr/include conftest.c >&5
configure:12088: $? = 0
configure:12097: result: yes
configure:12111: checking for inttypes.h
configure:12111: result: yes
configure:12119: checking whether the inttypes.h PRIxNN macros are broken
configure:12142: gcc  -c -isystem/home/ubuntu/yocto/rpi-build/tmp/work/x86_64-linux/patch-native/2.7.6-r0/recipe-sysroot-native/usr/include -O2 -pipe -isystem/home/ubuntu/yocto/rpi-build/tmp/work/x86_64-linux/patch-native/2.7.6-r0/recipe-sysroot-native/usr/include conftest.c >&5
configure:12142: $? = 0
configure:12151: result: no
configure:12165: checking for nl_langinfo and CODESET
configure:12182: gcc  -o conftest -isystem/home/ubuntu/yocto/rpi-build/tmp/work/x86_64-linux/patch-native/2.7.6-r0/recipe-sysroot-native/usr/include -O2 -pipe -isystem/home/ubuntu/yocto/rpi-build/tmp/work/x86_64-linux/patch-native/2.7.6-r0/recipe-sysroot-native/usr/include -L/home/ubuntu/yocto/rpi-build/tmp/work/x86_64-linux/patch-native/2.7.6-r0/recipe-sysroot-native/usr/lib                         -L/home/ubuntu/yocto/rpi-build/tmp/work/x86_64-linux/patch-native/2.7.6-r0/recipe-sysroot-native/lib                         -Wl,--enable-new-dtags                         -Wl,-rpath-link,/home/ubuntu/yocto/rpi-build/tmp/work/x86_64-linux/patch-native/2.7.6-r0/recipe-sysroot-native/usr/lib                         -Wl,-rpath-link,/home/ubuntu/yocto/rpi-build/tmp/work/x86_64-linux/patch-native/2.7.6-r0/recipe-sysroot-native/lib                         -Wl,-rpath,/home/ubuntu/yocto/rpi-build/tmp/work/x86_64-linux/patch-native/2.7.6-r0/recipe-sysroot-native/usr/lib                         -Wl,-rpath,/home/ubuntu/yocto/rpi-build/tmp/work/x86_64-linux/patch-native/2.7.6-r0/recipe-sysroot-native/lib                         -Wl,-O1 -Wl,--allow-shlib-undefined -Wl,--dynamic-linker=/home/ubuntu/yocto/rpi-build/tmp/sysroots-uninative/x86_64-linux/lib/ld-linux-x86-64.so.2 conftest.c  >&5
configure:12182: $? = 0
configure:12192: result: yes
configure:12200: checking whether getc_unlocked is declared
configure:12200: gcc  -c -isystem/home/ubuntu/yocto/rpi-build/tmp/work/x86_64-linux/patch-native/2.7.6-r0/recipe-sysroot-native/usr/include -O2 -pipe  -isystem/home/ubuntu/yocto/rpi-build/tmp/work/x86_64-linux/patch-native/2.7.6-r0/recipe-sysroot-native/usr/include conftest.c >&5
configure:12200: $? = 0
configure:12200: result: yes
configure:12210: checking whether we are using the GNU C Library >= 2.1 or uClibc
configure:12242: result: yes
configure:12249: checking for a sed that does not truncate output
configure:12319: result: sed
configure:12325: checking whether malloc, realloc, calloc are POSIX compliant
configure:12346: gcc  -c -isystem/home/ubuntu/yocto/rpi-build/tmp/work/x86_64-linux/patch-native/2.7.6-r0/recipe-sysroot-native/usr/include -O2 -pipe -isystem/home/ubuntu/yocto/rpi-build/tmp/work/x86_64-linux/patch-native/2.7.6-r0/recipe-sysroot-native/usr/include conftest.c >&5
configure:12346: $? = 0
configure:12355: result: yes
configure:12359: checking for GNU libc compatible malloc
configure:12402: result: yes
configure:12513: checking for mbstate_t
configure:12538: gcc  -c -isystem/home/ubuntu/yocto/rpi-build/tmp/work/x86_64-linux/patch-native/2.7.6-r0/recipe-sysroot-native/usr/include -O2 -pipe -isystem/home/ubuntu/yocto/rpi-build/tmp/work/x86_64-linux/patch-native/2.7.6-r0/recipe-sysroot-native/usr/include conftest.c >&5
configure:12538: $? = 0
configure:12546: result: yes
configure:12563: checking for a traditional japanese locale
configure:12643: gcc  -o conftest -isystem/home/ubuntu/yocto/rpi-build/tmp/work/x86_64-linux/patch-native/2.7.6-r0/recipe-sysroot-native/usr/include -O2 -pipe -isystem/home/ubuntu/yocto/rpi-build/tmp/work/x86_64-linux/patch-native/2.7.6-r0/recipe-sysroot-native/usr/include -L/home/ubuntu/yocto/rpi-build/tmp/work/x86_64-linux/patch-native/2.7.6-r0/recipe-sysroot-native/usr/lib                         -L/home/ubuntu/yocto/rpi-build/tmp/work/x86_64-linux/patch-native/2.7.6-r0/recipe-sysroot-native/lib                         -Wl,--enable-new-dtags                         -Wl,-rpath-link,/home/ubuntu/yocto/rpi-build/tmp/work/x86_64-linux/patch-native/2.7.6-r0/recipe-sysroot-native/usr/lib                         -Wl,-rpath-link,/home/ubuntu/yocto/rpi-build/tmp/work/x86_64-linux/patch-native/2.7.6-r0/recipe-sysroot-native/lib                         -Wl,-rpath,/home/ubuntu/yocto/rpi-build/tmp/work/x86_64-linux/patch-native/2.7.6-r0/recipe-sysroot-native/usr/lib                         -Wl,-rpath,/home/ubuntu/yocto/rpi-build/tmp/work/x86_64-linux/patch-native/2.7.6-r0/recipe-sysroot-native/lib                         -Wl,-O1 -Wl,--allow-shlib-undefined -Wl,--dynamic-linker=/home/ubuntu/yocto/rpi-build/tmp/sysroots-uninative/x86_64-linux/lib/ld-linux-x86-64.so.2 conftest.c  >&5
configure:12646: $? = 0
configure:12704: result: none
configure:12712: checking for a transitional chinese locale
configure:12793: gcc  -o conftest -isystem/home/ubuntu/yocto/rpi-build/tmp/work/x86_64-linux/patch-native/2.7.6-r0/recipe-sysroot-native/usr/include -O2 -pipe -isystem/home/ubuntu/yocto/rpi-build/tmp/work/x86_64-linux/patch-native/2.7.6-r0/recipe-sysroot-native/usr/include -L/home/ubuntu/yocto/rpi-build/tmp/work/x86_64-linux/patch-native/2.7.6-r0/recipe-sysroot-native/usr/lib                         -L/home/ubuntu/yocto/rpi-build/tmp/work/x86_64-linux/patch-native/2.7.6-r0/recipe-sysroot-native/lib                         -Wl,--enable-new-dtags                         -Wl,-rpath-link,/home/ubuntu/yocto/rpi-build/tmp/work/x86_64-linux/patch-native/2.7.6-r0/recipe-sysroot-native/usr/lib                         -Wl,-rpath-link,/home/ubuntu/yocto/rpi-build/tmp/work/x86_64-linux/patch-native/2.7.6-r0/recipe-sysroot-native/lib                         -Wl,-rpath,/home/ubuntu/yocto/rpi-build/tmp/work/x86_64-linux/patch-native/2.7.6-r0/recipe-sysroot-native/usr/lib                         -Wl,-rpath,/home/ubuntu/yocto/rpi-build/tmp/work/x86_64-linux/patch-native/2.7.6-r0/recipe-sysroot-native/lib                         -Wl,-O1 -Wl,--allow-shlib-undefined -Wl,--dynamic-linker=/home/ubuntu/yocto/rpi-build/tmp/sysroots-uninative/x86_64-linux/lib/ld-linux-x86-64.so.2 conftest.c  >&5
configure:12796: $? = 0
configure:12847: result: none
configure:12854: checking for a french Unicode locale
configure:12927: gcc  -o conftest -isystem/home/ubuntu/yocto/rpi-build/tmp/work/x86_64-linux/patch-native/2.7.6-r0/recipe-sysroot-native/usr/include -O2 -pipe -isystem/home/ubuntu/yocto/rpi-build/tmp/work/x86_64-linux/patch-native/2.7.6-r0/recipe-sysroot-native/usr/include -L/home/ubuntu/yocto/rpi-build/tmp/work/x86_64-linux/patch-native/2.7.6-r0/recipe-sysroot-native/usr/lib                         -L/home/ubuntu/yocto/rpi-build/tmp/work/x86_64-linux/patch-native/2.7.6-r0/recipe-sysroot-native/lib                         -Wl,--enable-new-dtags                         -Wl,-rpath-link,/home/ubuntu/yocto/rpi-build/tmp/work/x86_64-linux/patch-native/2.7.6-r0/recipe-sysroot-native/usr/lib                         -Wl,-rpath-link,/home/ubuntu/yocto/rpi-build/tmp/work/x86_64-linux/patch-native/2.7.6-r0/recipe-sysroot-native/lib                         -Wl,-rpath,/home/ubuntu/yocto/rpi-build/tmp/work/x86_64-linux/patch-native/2.7.6-r0/recipe-sysroot-native/usr/lib                         -Wl,-rpath,/home/ubuntu/yocto/rpi-build/tmp/work/x86_64-linux/patch-native/2.7.6-r0/recipe-sysroot-native/lib                         -Wl,-O1 -Wl,--allow-shlib-undefined -Wl,--dynamic-linker=/home/ubuntu/yocto/rpi-build/tmp/sysroots-uninative/x86_64-linux/lib/ld-linux-x86-64.so.2 conftest.c  >&5
configure:12930: $? = 0
configure:12976: result: fr_FR.UTF-8
configure:13068: checking for mmap
configure:13068: gcc  -o conftest -isystem/home/ubuntu/yocto/rpi-build/tmp/work/x86_64-linux/patch-native/2.7.6-r0/recipe-sysroot-native/usr/include -O2 -pipe -isystem/home/ubuntu/yocto/rpi-build/tmp/work/x86_64-linux/patch-native/2.7.6-r0/recipe-sysroot-native/usr/include -L/home/ubuntu/yocto/rpi-build/tmp/work/x86_64-linux/patch-native/2.7.6-r0/recipe-sysroot-native/usr/lib                         -L/home/ubuntu/yocto/rpi-build/tmp/work/x86_64-linux/patch-native/2.7.6-r0/recipe-sysroot-native/lib                         -Wl,--enable-new-dtags                         -Wl,-rpath-link,/home/ubuntu/yocto/rpi-build/tmp/work/x86_64-linux/patch-native/2.7.6-r0/recipe-sysroot-native/usr/lib                         -Wl,-rpath-link,/home/ubuntu/yocto/rpi-build/tmp/work/x86_64-linux/patch-native/2.7.6-r0/recipe-sysroot-native/lib                         -Wl,-rpath,/home/ubuntu/yocto/rpi-build/tmp/work/x86_64-linux/patch-native/2.7.6-r0/recipe-sysroot-native/usr/lib                         -Wl,-rpath,/home/ubuntu/yocto/rpi-build/tmp/work/x86_64-linux/patch-native/2.7.6-r0/recipe-sysroot-native/lib                         -Wl,-O1 -Wl,--allow-shlib-undefined -Wl,--dynamic-linker=/home/ubuntu/yocto/rpi-build/tmp/sysroots-uninative/x86_64-linux/lib/ld-linux-x86-64.so.2 conftest.c  >&5
configure:13068: $? = 0
configure:13068: result: yes
configure:13080: checking for MAP_ANONYMOUS
configure:13119: result: yes
configure:13141: checking whether memchr works
configure:13212: gcc  -o conftest -isystem/home/ubuntu/yocto/rpi-build/tmp/work/x86_64-linux/patch-native/2.7.6-r0/recipe-sysroot-native/usr/include -O2 -pipe -isystem/home/ubuntu/yocto/rpi-build/tmp/work/x86_64-linux/patch-native/2.7.6-r0/recipe-sysroot-native/usr/include -L/home/ubuntu/yocto/rpi-build/tmp/work/x86_64-linux/patch-native/2.7.6-r0/recipe-sysroot-native/usr/lib                         -L/home/ubuntu/yocto/rpi-build/tmp/work/x86_64-linux/patch-native/2.7.6-r0/recipe-sysroot-native/lib                         -Wl,--enable-new-dtags                         -Wl,-rpath-link,/home/ubuntu/yocto/rpi-build/tmp/work/x86_64-linux/patch-native/2.7.6-r0/recipe-sysroot-native/usr/lib                         -Wl,-rpath-link,/home/ubuntu/yocto/rpi-build/tmp/work/x86_64-linux/patch-native/2.7.6-r0/recipe-sysroot-native/lib                         -Wl,-rpath,/home/ubuntu/yocto/rpi-build/tmp/work/x86_64-linux/patch-native/2.7.6-r0/recipe-sysroot-native/usr/lib                         -Wl,-rpath,/home/ubuntu/yocto/rpi-build/tmp/work/x86_64-linux/patch-native/2.7.6-r0/recipe-sysroot-native/lib                         -Wl,-O1 -Wl,--allow-shlib-undefined -Wl,--dynamic-linker=/home/ubuntu/yocto/rpi-build/tmp/sysroots-uninative/x86_64-linux/lib/ld-linux-x86-64.so.2 conftest.c  >&5
configure:13212: $? = 0
configure:13212: ./conftest
configure:13212: $? = 0
configure:13224: result: yes
configure:13232: checking whether memrchr is declared
configure:13232: gcc  -c -isystem/home/ubuntu/yocto/rpi-build/tmp/work/x86_64-linux/patch-native/2.7.6-r0/recipe-sysroot-native/usr/include -O2 -pipe  -isystem/home/ubuntu/yocto/rpi-build/tmp/work/x86_64-linux/patch-native/2.7.6-r0/recipe-sysroot-native/usr/include conftest.c >&5
configure:13232: $? = 0
configure:13232: result: yes
configure:13245: checking whether <limits.h> defines MIN and MAX
configure:13263: gcc  -c -isystem/home/ubuntu/yocto/rpi-build/tmp/work/x86_64-linux/patch-native/2.7.6-r0/recipe-sysroot-native/usr/include -O2 -pipe -isystem/home/ubuntu/yocto/rpi-build/tmp/work/x86_64-linux/patch-native/2.7.6-r0/recipe-sysroot-native/usr/include conftest.c >&5
conftest.c:142:21: warning: implicit declaration of function 'MIN' [-Wimplicit-function-declaration]
  142 |             int x = MIN (42, 17);
      |                     ^~~
conftest.c:142:21: error: initializer element is not constant
configure:13263: $? = 1
configure: failed program was:
| /* confdefs.h */
| #define PACKAGE_NAME "GNU patch"
| #define PACKAGE_TARNAME "patch"
| #define PACKAGE_VERSION "2.7.6"
| #define PACKAGE_STRING "GNU patch 2.7.6"
| #define PACKAGE_BUGREPORT "bug-patch@gnu.org"
| #define PACKAGE_URL "https://www.gnu.org/software/patch/"
| #define PACKAGE "patch"
| #define VERSION "2.7.6"
| #define HAVE_STDIO_H 1
| #define HAVE_STDLIB_H 1
| #define HAVE_STRING_H 1
| #define HAVE_INTTYPES_H 1
| #define HAVE_STDINT_H 1
| #define HAVE_STRINGS_H 1
| #define HAVE_SYS_STAT_H 1
| #define HAVE_SYS_TYPES_H 1
| #define HAVE_UNISTD_H 1
| #define HAVE_SYS_PARAM_H 1
| #define HAVE_SYS_SOCKET_H 1
| #define HAVE_DIRENT_H 1
| #define HAVE_GETOPT_H 1
| #define HAVE_SYS_CDEFS_H 1
| #define HAVE_SYS_TIME_H 1
| #define HAVE_LIMITS_H 1
| #define HAVE_WCHAR_H 1
| #define HAVE_SYS_MMAN_H 1
| #define HAVE_UTIME_H 1
| #define HAVE_FEATURES_H 1
| #define HAVE_WCTYPE_H 1
| #define STDC_HEADERS 1
| #define __EXTENSIONS__ 1
| #define _ALL_SOURCE 1
| #define _DARWIN_C_SOURCE 1
| #define _GNU_SOURCE 1
| #define _NETBSD_SOURCE 1
| #define _OPENBSD_SOURCE 1
| #define _POSIX_PTHREAD_SEMANTICS 1
| #define __STDC_WANT_IEC_60559_ATTRIBS_EXT__ 1
| #define __STDC_WANT_IEC_60559_BFP_EXT__ 1
| #define __STDC_WANT_IEC_60559_DFP_EXT__ 1
| #define __STDC_WANT_IEC_60559_FUNCS_EXT__ 1
| #define __STDC_WANT_IEC_60559_TYPES_EXT__ 1
| #define __STDC_WANT_LIB_EXT2__ 1
| #define __STDC_WANT_MATH_SPEC_FUNCS__ 1
| #define _TANDEM_SOURCE 1
| #define _HPUX_ALT_XOPEN_SOCKET_API 1
| #define HAVE_ALLOCA_H 1
| #define HAVE_ALLOCA 1
| #define D_INO_IN_DIRENT 1
| #define HAVE_LONG_FILE_NAMES 1
| #define HAVE_PATHCONF 1
| #define HAVE_CANONICALIZE_FILE_NAME 1
| #define HAVE_GETCWD 1
| #define HAVE_READLINK 1
| #define HAVE_REALPATH 1
| #define HAVE_CHOWN 1
| #define HAVE_FCHOWN 1
| #define HAVE_FCHDIR 1
| #define HAVE_FDOPENDIR 1
| #define HAVE_FACCESSAT 1
| #define HAVE_FCHMODAT 1
| #define HAVE_LCHMOD 1
| #define HAVE_FCNTL 1
| #define HAVE_SYMLINK 1
| #define HAVE_MEMPCPY 1
| #define HAVE_FSTATAT 1
| #define HAVE_GETDTABLESIZE 1
| #define HAVE_GETTIMEOFDAY 1
| #define HAVE_LSTAT 1
| #define HAVE_MBSINIT 1
| #define HAVE_MBRTOWC 1
| #define HAVE_MPROTECT 1
| #define HAVE_MKDIRAT 1
| #define HAVE_TZSET 1
| #define HAVE_OPENAT 1
| #define HAVE_READLINKAT 1
| #define HAVE_LINK 1
| #define HAVE_RENAMEAT 1
| #define HAVE_SETENV 1
| #define HAVE_STRDUP 1
| #define HAVE_STRNDUP 1
| #define HAVE_SYMLINKAT 1
| #define HAVE_LOCALTIME_R 1
| #define HAVE_TIMEGM 1
| #define HAVE_PIPE 1
| #define HAVE_UNLINKAT 1
| #define HAVE_UTIME 1
| #define HAVE_FUTIMES 1
| #define HAVE_FUTIMESAT 1
| #define HAVE_FUTIMENS 1
| #define HAVE_UTIMENSAT 1
| #define HAVE_LUTIMES 1
| #define HAVE_SNPRINTF 1
| #define HAVE_ISWCNTRL 1
| #define FUNC_REALPATH_WORKS 1
| #define HAVE_UNISTD_H 1
| #define HAVE_CHOWN 1
| #define HAVE_ENVIRON_DECL 1
| #define HAVE_DECL_STRERROR_R 1
| #define HAVE_STRERROR_R 1
| #define STRERROR_R_CHAR_P 1
| #define GETGROUPS_T gid_t
| #define LSTAT_FOLLOWS_SLASHED_SYMLINK 1
| #define HAVE_DECL_FCHDIR 1
| #define HAVE_WORKING_O_NOATIME 1
| #define HAVE_WORKING_O_NOFOLLOW 1
| #define HAVE_RAW_DECL_FCHMODAT 1
| #define HAVE_RAW_DECL_FSTAT 1
| #define HAVE_RAW_DECL_FSTATAT 1
| #define HAVE_RAW_DECL_FUTIMENS 1
| #define HAVE_RAW_DECL_LCHMOD 1
| #define HAVE_RAW_DECL_LSTAT 1
| #define HAVE_RAW_DECL_MKDIRAT 1
| #define HAVE_RAW_DECL_MKFIFO 1
| #define HAVE_RAW_DECL_MKFIFOAT 1
| #define HAVE_RAW_DECL_MKNOD 1
| #define HAVE_RAW_DECL_MKNODAT 1
| #define HAVE_RAW_DECL_STAT 1
| #define HAVE_RAW_DECL_UTIMENSAT 1
| #define HAVE_DECL_GETDTABLESIZE 1
| #define HAVE_GETOPT_H 1
| #define HAVE_GETOPT_LONG_ONLY 1
| #define restrict __restrict
| #define HAVE_RAW_DECL_GETTIMEOFDAY 1
| #define HAVE_WINT_T 1
| #define HAVE_UNSIGNED_LONG_LONG_INT 1
| #define HAVE_LONG_LONG_INT 1
| #define HAVE_RAW_DECL_IMAXABS 1
| #define HAVE_RAW_DECL_IMAXDIV 1
| #define HAVE_RAW_DECL_STRTOIMAX 1
| #define HAVE_RAW_DECL_STRTOUMAX 1
| #define HAVE_INTTYPES_H 1
| #define HAVE_LANGINFO_CODESET 1
| #define HAVE_DECL_GETC_UNLOCKED 1
| #define MALLOC_0_IS_NONNULL 1
| #define HAVE_MBSTATE_T 1
| #define HAVE_MAP_ANONYMOUS 1
| #define HAVE_DECL_MEMRCHR 1
| /* end confdefs.h.  */
| #include <limits.h>
|             int x = MIN (42, 17);
| int
| main (void)
| {
| 
|   ;
|   return 0;
| }
configure:13271: result: no
configure:13284: checking whether <sys/param.h> defines MIN and MAX
configure:13302: gcc  -c -isystem/home/ubuntu/yocto/rpi-build/tmp/work/x86_64-linux/patch-native/2.7.6-r0/recipe-sysroot-native/usr/include -O2 -pipe -isystem/home/ubuntu/yocto/rpi-build/tmp/work/x86_64-linux/patch-native/2.7.6-r0/recipe-sysroot-native/usr/include conftest.c >&5
configure:13302: $? = 0
configure:13310: result: yes
configure:13323: checking whether time_t is signed
configure:13341: gcc  -c -isystem/home/ubuntu/yocto/rpi-build/tmp/work/x86_64-linux/patch-native/2.7.6-r0/recipe-sysroot-native/usr/include -O2 -pipe -isystem/home/ubuntu/yocto/rpi-build/tmp/work/x86_64-linux/patch-native/2.7.6-r0/recipe-sysroot-native/usr/include conftest.c >&5
configure:13341: $? = 0
configure:13349: result: yes
configure:13357: checking whether alarm is declared
configure:13357: gcc  -c -isystem/home/ubuntu/yocto/rpi-build/tmp/work/x86_64-linux/patch-native/2.7.6-r0/recipe-sysroot-native/usr/include -O2 -pipe  -isystem/home/ubuntu/yocto/rpi-build/tmp/work/x86_64-linux/patch-native/2.7.6-r0/recipe-sysroot-native/usr/include conftest.c >&5
configure:13357: $? = 0
configure:13357: result: yes
configure:13380: checking for working mktime
configure:13610: result: yes
configure:13616: checking whether struct tm is in sys/time.h or time.h
configure:13637: gcc  -c -isystem/home/ubuntu/yocto/rpi-build/tmp/work/x86_64-linux/patch-native/2.7.6-r0/recipe-sysroot-native/usr/include -O2 -pipe -isystem/home/ubuntu/yocto/rpi-build/tmp/work/x86_64-linux/patch-native/2.7.6-r0/recipe-sysroot-native/usr/include conftest.c >&5
configure:13637: $? = 0
configure:13645: result: time.h
configure:13653: checking for struct tm.tm_zone
configure:13653: gcc  -c -isystem/home/ubuntu/yocto/rpi-build/tmp/work/x86_64-linux/patch-native/2.7.6-r0/recipe-sysroot-native/usr/include -O2 -pipe -isystem/home/ubuntu/yocto/rpi-build/tmp/work/x86_64-linux/patch-native/2.7.6-r0/recipe-sysroot-native/usr/include conftest.c >&5
configure:13653: $? = 0
configure:13653: result: yes
configure:13720: checking for struct tm.tm_gmtoff
configure:13720: gcc  -c -isystem/home/ubuntu/yocto/rpi-build/tmp/work/x86_64-linux/patch-native/2.7.6-r0/recipe-sysroot-native/usr/include -O2 -pipe -isystem/home/ubuntu/yocto/rpi-build/tmp/work/x86_64-linux/patch-native/2.7.6-r0/recipe-sysroot-native/usr/include conftest.c >&5
configure:13720: $? = 0
configure:13720: result: yes
configure:13731: checking for O_CLOEXEC
configure:13752: gcc  -c -isystem/home/ubuntu/yocto/rpi-build/tmp/work/x86_64-linux/patch-native/2.7.6-r0/recipe-sysroot-native/usr/include -O2 -pipe -isystem/home/ubuntu/yocto/rpi-build/tmp/work/x86_64-linux/patch-native/2.7.6-r0/recipe-sysroot-native/usr/include conftest.c >&5
configure:13752: $? = 0
configure:13760: result: yes
configure:13765: checking for promoted mode_t type
configure:13783: gcc  -c -isystem/home/ubuntu/yocto/rpi-build/tmp/work/x86_64-linux/patch-native/2.7.6-r0/recipe-sysroot-native/usr/include -O2 -pipe -isystem/home/ubuntu/yocto/rpi-build/tmp/work/x86_64-linux/patch-native/2.7.6-r0/recipe-sysroot-native/usr/include conftest.c >&5
conftest.c: In function 'main':
conftest.c:151:13: error: size of array 'array' is negative
  151 | typedef int array[2 * (sizeof (mode_t) < sizeof (int)) - 1];
      |             ^~~~~
configure:13783: $? = 1
configure: failed program was:
| /* confdefs.h */
| #define PACKAGE_NAME "GNU patch"
| #define PACKAGE_TARNAME "patch"
| #define PACKAGE_VERSION "2.7.6"
| #define PACKAGE_STRING "GNU patch 2.7.6"
| #define PACKAGE_BUGREPORT "bug-patch@gnu.org"
| #define PACKAGE_URL "https://www.gnu.org/software/patch/"
| #define PACKAGE "patch"
| #define VERSION "2.7.6"
| #define HAVE_STDIO_H 1
| #define HAVE_STDLIB_H 1
| #define HAVE_STRING_H 1
| #define HAVE_INTTYPES_H 1
| #define HAVE_STDINT_H 1
| #define HAVE_STRINGS_H 1
| #define HAVE_SYS_STAT_H 1
| #define HAVE_SYS_TYPES_H 1
| #define HAVE_UNISTD_H 1
| #define HAVE_SYS_PARAM_H 1
| #define HAVE_SYS_SOCKET_H 1
| #define HAVE_DIRENT_H 1
| #define HAVE_GETOPT_H 1
| #define HAVE_SYS_CDEFS_H 1
| #define HAVE_SYS_TIME_H 1
| #define HAVE_LIMITS_H 1
| #define HAVE_WCHAR_H 1
| #define HAVE_SYS_MMAN_H 1
| #define HAVE_UTIME_H 1
| #define HAVE_FEATURES_H 1
| #define HAVE_WCTYPE_H 1
| #define STDC_HEADERS 1
| #define __EXTENSIONS__ 1
| #define _ALL_SOURCE 1
| #define _DARWIN_C_SOURCE 1
| #define _GNU_SOURCE 1
| #define _NETBSD_SOURCE 1
| #define _OPENBSD_SOURCE 1
| #define _POSIX_PTHREAD_SEMANTICS 1
| #define __STDC_WANT_IEC_60559_ATTRIBS_EXT__ 1
| #define __STDC_WANT_IEC_60559_BFP_EXT__ 1
| #define __STDC_WANT_IEC_60559_DFP_EXT__ 1
| #define __STDC_WANT_IEC_60559_FUNCS_EXT__ 1
| #define __STDC_WANT_IEC_60559_TYPES_EXT__ 1
| #define __STDC_WANT_LIB_EXT2__ 1
| #define __STDC_WANT_MATH_SPEC_FUNCS__ 1
| #define _TANDEM_SOURCE 1
| #define _HPUX_ALT_XOPEN_SOCKET_API 1
| #define HAVE_ALLOCA_H 1
| #define HAVE_ALLOCA 1
| #define D_INO_IN_DIRENT 1
| #define HAVE_LONG_FILE_NAMES 1
| #define HAVE_PATHCONF 1
| #define HAVE_CANONICALIZE_FILE_NAME 1
| #define HAVE_GETCWD 1
| #define HAVE_READLINK 1
| #define HAVE_REALPATH 1
| #define HAVE_CHOWN 1
| #define HAVE_FCHOWN 1
| #define HAVE_FCHDIR 1
| #define HAVE_FDOPENDIR 1
| #define HAVE_FACCESSAT 1
| #define HAVE_FCHMODAT 1
| #define HAVE_LCHMOD 1
| #define HAVE_FCNTL 1
| #define HAVE_SYMLINK 1
| #define HAVE_MEMPCPY 1
| #define HAVE_FSTATAT 1
| #define HAVE_GETDTABLESIZE 1
| #define HAVE_GETTIMEOFDAY 1
| #define HAVE_LSTAT 1
| #define HAVE_MBSINIT 1
| #define HAVE_MBRTOWC 1
| #define HAVE_MPROTECT 1
| #define HAVE_MKDIRAT 1
| #define HAVE_TZSET 1
| #define HAVE_OPENAT 1
| #define HAVE_READLINKAT 1
| #define HAVE_LINK 1
| #define HAVE_RENAMEAT 1
| #define HAVE_SETENV 1
| #define HAVE_STRDUP 1
| #define HAVE_STRNDUP 1
| #define HAVE_SYMLINKAT 1
| #define HAVE_LOCALTIME_R 1
| #define HAVE_TIMEGM 1
| #define HAVE_PIPE 1
| #define HAVE_UNLINKAT 1
| #define HAVE_UTIME 1
| #define HAVE_FUTIMES 1
| #define HAVE_FUTIMESAT 1
| #define HAVE_FUTIMENS 1
| #define HAVE_UTIMENSAT 1
| #define HAVE_LUTIMES 1
| #define HAVE_SNPRINTF 1
| #define HAVE_ISWCNTRL 1
| #define FUNC_REALPATH_WORKS 1
| #define HAVE_UNISTD_H 1
| #define HAVE_CHOWN 1
| #define HAVE_ENVIRON_DECL 1
| #define HAVE_DECL_STRERROR_R 1
| #define HAVE_STRERROR_R 1
| #define STRERROR_R_CHAR_P 1
| #define GETGROUPS_T gid_t
| #define LSTAT_FOLLOWS_SLASHED_SYMLINK 1
| #define HAVE_DECL_FCHDIR 1
| #define HAVE_WORKING_O_NOATIME 1
| #define HAVE_WORKING_O_NOFOLLOW 1
| #define HAVE_RAW_DECL_FCHMODAT 1
| #define HAVE_RAW_DECL_FSTAT 1
| #define HAVE_RAW_DECL_FSTATAT 1
| #define HAVE_RAW_DECL_FUTIMENS 1
| #define HAVE_RAW_DECL_LCHMOD 1
| #define HAVE_RAW_DECL_LSTAT 1
| #define HAVE_RAW_DECL_MKDIRAT 1
| #define HAVE_RAW_DECL_MKFIFO 1
| #define HAVE_RAW_DECL_MKFIFOAT 1
| #define HAVE_RAW_DECL_MKNOD 1
| #define HAVE_RAW_DECL_MKNODAT 1
| #define HAVE_RAW_DECL_STAT 1
| #define HAVE_RAW_DECL_UTIMENSAT 1
| #define HAVE_DECL_GETDTABLESIZE 1
| #define HAVE_GETOPT_H 1
| #define HAVE_GETOPT_LONG_ONLY 1
| #define restrict __restrict
| #define HAVE_RAW_DECL_GETTIMEOFDAY 1
| #define HAVE_WINT_T 1
| #define HAVE_UNSIGNED_LONG_LONG_INT 1
| #define HAVE_LONG_LONG_INT 1
| #define HAVE_RAW_DECL_IMAXABS 1
| #define HAVE_RAW_DECL_IMAXDIV 1
| #define HAVE_RAW_DECL_STRTOIMAX 1
| #define HAVE_RAW_DECL_STRTOUMAX 1
| #define HAVE_INTTYPES_H 1
| #define HAVE_LANGINFO_CODESET 1
| #define HAVE_DECL_GETC_UNLOCKED 1
| #define MALLOC_0_IS_NONNULL 1
| #define HAVE_MBSTATE_T 1
| #define HAVE_MAP_ANONYMOUS 1
| #define HAVE_DECL_MEMRCHR 1
| #define HAVE_MINMAX_IN_SYS_PARAM_H 1
| #define TIME_T_IS_SIGNED 1
| #define HAVE_DECL_ALARM 1
| #define HAVE_STRUCT_TM_TM_ZONE 1
| #define HAVE_TM_ZONE 1
| #define HAVE_TM_GMTOFF 1
| /* end confdefs.h.  */
| #include <sys/types.h>
| int
| main (void)
| {
| typedef int array[2 * (sizeof (mode_t) < sizeof (int)) - 1];
|   ;
|   return 0;
| }
configure:13792: result: mode_t
configure:13799: checking for stdbool.h that conforms to C99
configure:13875: gcc  -c -isystem/home/ubuntu/yocto/rpi-build/tmp/work/x86_64-linux/patch-native/2.7.6-r0/recipe-sysroot-native/usr/include -O2 -pipe -isystem/home/ubuntu/yocto/rpi-build/tmp/work/x86_64-linux/patch-native/2.7.6-r0/recipe-sysroot-native/usr/include conftest.c >&5
configure:13875: $? = 0
configure:13883: result: yes
configure:13885: checking for _Bool
configure:13885: gcc  -c -isystem/home/ubuntu/yocto/rpi-build/tmp/work/x86_64-linux/patch-native/2.7.6-r0/recipe-sysroot-native/usr/include -O2 -pipe -isystem/home/ubuntu/yocto/rpi-build/tmp/work/x86_64-linux/patch-native/2.7.6-r0/recipe-sysroot-native/usr/include conftest.c >&5
configure:13885: $? = 0
configure:13885: gcc  -c -isystem/home/ubuntu/yocto/rpi-build/tmp/work/x86_64-linux/patch-native/2.7.6-r0/recipe-sysroot-native/usr/include -O2 -pipe -isystem/home/ubuntu/yocto/rpi-build/tmp/work/x86_64-linux/patch-native/2.7.6-r0/recipe-sysroot-native/usr/include conftest.c >&5
conftest.c: In function 'main':
conftest.c:179:20: error: expected expression before ')' token
  179 | if (sizeof ((_Bool)))
      |                    ^
configure:13885: $? = 1
configure: failed program was:
| /* confdefs.h */
| #define PACKAGE_NAME "GNU patch"
| #define PACKAGE_TARNAME "patch"
| #define PACKAGE_VERSION "2.7.6"
| #define PACKAGE_STRING "GNU patch 2.7.6"
| #define PACKAGE_BUGREPORT "bug-patch@gnu.org"
| #define PACKAGE_URL "https://www.gnu.org/software/patch/"
| #define PACKAGE "patch"
| #define VERSION "2.7.6"
| #define HAVE_STDIO_H 1
| #define HAVE_STDLIB_H 1
| #define HAVE_STRING_H 1
| #define HAVE_INTTYPES_H 1
| #define HAVE_STDINT_H 1
| #define HAVE_STRINGS_H 1
| #define HAVE_SYS_STAT_H 1
| #define HAVE_SYS_TYPES_H 1
| #define HAVE_UNISTD_H 1
| #define HAVE_SYS_PARAM_H 1
| #define HAVE_SYS_SOCKET_H 1
| #define HAVE_DIRENT_H 1
| #define HAVE_GETOPT_H 1
| #define HAVE_SYS_CDEFS_H 1
| #define HAVE_SYS_TIME_H 1
| #define HAVE_LIMITS_H 1
| #define HAVE_WCHAR_H 1
| #define HAVE_SYS_MMAN_H 1
| #define HAVE_UTIME_H 1
| #define HAVE_FEATURES_H 1
| #define HAVE_WCTYPE_H 1
| #define STDC_HEADERS 1
| #define __EXTENSIONS__ 1
| #define _ALL_SOURCE 1
| #define _DARWIN_C_SOURCE 1
| #define _GNU_SOURCE 1
| #define _NETBSD_SOURCE 1
| #define _OPENBSD_SOURCE 1
| #define _POSIX_PTHREAD_SEMANTICS 1
| #define __STDC_WANT_IEC_60559_ATTRIBS_EXT__ 1
| #define __STDC_WANT_IEC_60559_BFP_EXT__ 1
| #define __STDC_WANT_IEC_60559_DFP_EXT__ 1
| #define __STDC_WANT_IEC_60559_FUNCS_EXT__ 1
| #define __STDC_WANT_IEC_60559_TYPES_EXT__ 1
| #define __STDC_WANT_LIB_EXT2__ 1
| #define __STDC_WANT_MATH_SPEC_FUNCS__ 1
| #define _TANDEM_SOURCE 1
| #define _HPUX_ALT_XOPEN_SOCKET_API 1
| #define HAVE_ALLOCA_H 1
| #define HAVE_ALLOCA 1
| #define D_INO_IN_DIRENT 1
| #define HAVE_LONG_FILE_NAMES 1
| #define HAVE_PATHCONF 1
| #define HAVE_CANONICALIZE_FILE_NAME 1
| #define HAVE_GETCWD 1
| #define HAVE_READLINK 1
| #define HAVE_REALPATH 1
| #define HAVE_CHOWN 1
| #define HAVE_FCHOWN 1
| #define HAVE_FCHDIR 1
| #define HAVE_FDOPENDIR 1
| #define HAVE_FACCESSAT 1
| #define HAVE_FCHMODAT 1
| #define HAVE_LCHMOD 1
| #define HAVE_FCNTL 1
| #define HAVE_SYMLINK 1
| #define HAVE_MEMPCPY 1
| #define HAVE_FSTATAT 1
| #define HAVE_GETDTABLESIZE 1
| #define HAVE_GETTIMEOFDAY 1
| #define HAVE_LSTAT 1
| #define HAVE_MBSINIT 1
| #define HAVE_MBRTOWC 1
| #define HAVE_MPROTECT 1
| #define HAVE_MKDIRAT 1
| #define HAVE_TZSET 1
| #define HAVE_OPENAT 1
| #define HAVE_READLINKAT 1
| #define HAVE_LINK 1
| #define HAVE_RENAMEAT 1
| #define HAVE_SETENV 1
| #define HAVE_STRDUP 1
| #define HAVE_STRNDUP 1
| #define HAVE_SYMLINKAT 1
| #define HAVE_LOCALTIME_R 1
| #define HAVE_TIMEGM 1
| #define HAVE_PIPE 1
| #define HAVE_UNLINKAT 1
| #define HAVE_UTIME 1
| #define HAVE_FUTIMES 1
| #define HAVE_FUTIMESAT 1
| #define HAVE_FUTIMENS 1
| #define HAVE_UTIMENSAT 1
| #define HAVE_LUTIMES 1
| #define HAVE_SNPRINTF 1
| #define HAVE_ISWCNTRL 1
| #define FUNC_REALPATH_WORKS 1
| #define HAVE_UNISTD_H 1
| #define HAVE_CHOWN 1
| #define HAVE_ENVIRON_DECL 1
| #define HAVE_DECL_STRERROR_R 1
| #define HAVE_STRERROR_R 1
| #define STRERROR_R_CHAR_P 1
| #define GETGROUPS_T gid_t
| #define LSTAT_FOLLOWS_SLASHED_SYMLINK 1
| #define HAVE_DECL_FCHDIR 1
| #define HAVE_WORKING_O_NOATIME 1
| #define HAVE_WORKING_O_NOFOLLOW 1
| #define HAVE_RAW_DECL_FCHMODAT 1
| #define HAVE_RAW_DECL_FSTAT 1
| #define HAVE_RAW_DECL_FSTATAT 1
| #define HAVE_RAW_DECL_FUTIMENS 1
| #define HAVE_RAW_DECL_LCHMOD 1
| #define HAVE_RAW_DECL_LSTAT 1
| #define HAVE_RAW_DECL_MKDIRAT 1
| #define HAVE_RAW_DECL_MKFIFO 1
| #define HAVE_RAW_DECL_MKFIFOAT 1
| #define HAVE_RAW_DECL_MKNOD 1
| #define HAVE_RAW_DECL_MKNODAT 1
| #define HAVE_RAW_DECL_STAT 1
| #define HAVE_RAW_DECL_UTIMENSAT 1
| #define HAVE_DECL_GETDTABLESIZE 1
| #define HAVE_GETOPT_H 1
| #define HAVE_GETOPT_LONG_ONLY 1
| #define restrict __restrict
| #define HAVE_RAW_DECL_GETTIMEOFDAY 1
| #define HAVE_WINT_T 1
| #define HAVE_UNSIGNED_LONG_LONG_INT 1
| #define HAVE_LONG_LONG_INT 1
| #define HAVE_RAW_DECL_IMAXABS 1
| #define HAVE_RAW_DECL_IMAXDIV 1
| #define HAVE_RAW_DECL_STRTOIMAX 1
| #define HAVE_RAW_DECL_STRTOUMAX 1
| #define HAVE_INTTYPES_H 1
| #define HAVE_LANGINFO_CODESET 1
| #define HAVE_DECL_GETC_UNLOCKED 1
| #define MALLOC_0_IS_NONNULL 1
| #define HAVE_MBSTATE_T 1
| #define HAVE_MAP_ANONYMOUS 1
| #define HAVE_DECL_MEMRCHR 1
| #define HAVE_MINMAX_IN_SYS_PARAM_H 1
| #define TIME_T_IS_SIGNED 1
| #define HAVE_DECL_ALARM 1
| #define HAVE_STRUCT_TM_TM_ZONE 1
| #define HAVE_TM_ZONE 1
| #define HAVE_TM_GMTOFF 1
| #define PROMOTED_MODE_T mode_t
| /* end confdefs.h.  */
| #include <stddef.h>
| #ifdef HAVE_STDIO_H
| # include <stdio.h>
| #endif
| #ifdef HAVE_STDLIB_H
| # include <stdlib.h>
| #endif
| #ifdef HAVE_STRING_H
| # include <string.h>
| #endif
| #ifdef HAVE_INTTYPES_H
| # include <inttypes.h>
| #endif
| #ifdef HAVE_STDINT_H
| # include <stdint.h>
| #endif
| #ifdef HAVE_STRINGS_H
| # include <strings.h>
| #endif
| #ifdef HAVE_SYS_TYPES_H
| # include <sys/types.h>
| #endif
| #ifdef HAVE_SYS_STAT_H
| # include <sys/stat.h>
| #endif
| #ifdef HAVE_UNISTD_H
| # include <unistd.h>
| #endif
| int
| main (void)
| {
| if (sizeof ((_Bool)))
| 	    return 0;
|   ;
|   return 0;
| }
configure:13885: result: yes
configure:13927: checking for compound literals
configure:13945: gcc  -c -isystem/home/ubuntu/yocto/rpi-build/tmp/work/x86_64-linux/patch-native/2.7.6-r0/recipe-sysroot-native/usr/include -O2 -pipe -isystem/home/ubuntu/yocto/rpi-build/tmp/work/x86_64-linux/patch-native/2.7.6-r0/recipe-sysroot-native/usr/include conftest.c >&5
configure:13945: $? = 0
configure:13953: result: yes
configure:14088: checking for ssize_t
configure:14106: gcc  -c -isystem/home/ubuntu/yocto/rpi-build/tmp/work/x86_64-linux/patch-native/2.7.6-r0/recipe-sysroot-native/usr/include -O2 -pipe -isystem/home/ubuntu/yocto/rpi-build/tmp/work/x86_64-linux/patch-native/2.7.6-r0/recipe-sysroot-native/usr/include conftest.c >&5
configure:14106: $? = 0
configure:14114: result: yes
configure:14122: checking whether setenv is declared
configure:14122: gcc  -c -isystem/home/ubuntu/yocto/rpi-build/tmp/work/x86_64-linux/patch-native/2.7.6-r0/recipe-sysroot-native/usr/include -O2 -pipe  -isystem/home/ubuntu/yocto/rpi-build/tmp/work/x86_64-linux/patch-native/2.7.6-r0/recipe-sysroot-native/usr/include conftest.c >&5
configure:14122: $? = 0
configure:14122: result: yes
configure:14143: checking for search.h
configure:14143: gcc  -c -isystem/home/ubuntu/yocto/rpi-build/tmp/work/x86_64-linux/patch-native/2.7.6-r0/recipe-sysroot-native/usr/include -O2 -pipe -isystem/home/ubuntu/yocto/rpi-build/tmp/work/x86_64-linux/patch-native/2.7.6-r0/recipe-sysroot-native/usr/include conftest.c >&5
configure:14143: $? = 0
configure:14143: result: yes
configure:14150: checking for tsearch
configure:14150: gcc  -o conftest -isystem/home/ubuntu/yocto/rpi-build/tmp/work/x86_64-linux/patch-native/2.7.6-r0/recipe-sysroot-native/usr/include -O2 -pipe -isystem/home/ubuntu/yocto/rpi-build/tmp/work/x86_64-linux/patch-native/2.7.6-r0/recipe-sysroot-native/usr/include -L/home/ubuntu/yocto/rpi-build/tmp/work/x86_64-linux/patch-native/2.7.6-r0/recipe-sysroot-native/usr/lib                         -L/home/ubuntu/yocto/rpi-build/tmp/work/x86_64-linux/patch-native/2.7.6-r0/recipe-sysroot-native/lib                         -Wl,--enable-new-dtags                         -Wl,-rpath-link,/home/ubuntu/yocto/rpi-build/tmp/work/x86_64-linux/patch-native/2.7.6-r0/recipe-sysroot-native/usr/lib                         -Wl,-rpath-link,/home/ubuntu/yocto/rpi-build/tmp/work/x86_64-linux/patch-native/2.7.6-r0/recipe-sysroot-native/lib                         -Wl,-rpath,/home/ubuntu/yocto/rpi-build/tmp/work/x86_64-linux/patch-native/2.7.6-r0/recipe-sysroot-native/usr/lib                         -Wl,-rpath,/home/ubuntu/yocto/rpi-build/tmp/work/x86_64-linux/patch-native/2.7.6-r0/recipe-sysroot-native/lib                         -Wl,-O1 -Wl,--allow-shlib-undefined -Wl,--dynamic-linker=/home/ubuntu/yocto/rpi-build/tmp/sysroots-uninative/x86_64-linux/lib/ld-linux-x86-64.so.2 conftest.c  >&5
configure:14150: $? = 0
configure:14150: result: yes
configure:14160: checking for sigset_t
configure:14160: gcc  -c -isystem/home/ubuntu/yocto/rpi-build/tmp/work/x86_64-linux/patch-native/2.7.6-r0/recipe-sysroot-native/usr/include -O2 -pipe -isystem/home/ubuntu/yocto/rpi-build/tmp/work/x86_64-linux/patch-native/2.7.6-r0/recipe-sysroot-native/usr/include conftest.c >&5
configure:14160: $? = 0
configure:14160: gcc  -c -isystem/home/ubuntu/yocto/rpi-build/tmp/work/x86_64-linux/patch-native/2.7.6-r0/recipe-sysroot-native/usr/include -O2 -pipe -isystem/home/ubuntu/yocto/rpi-build/tmp/work/x86_64-linux/patch-native/2.7.6-r0/recipe-sysroot-native/usr/include conftest.c >&5
conftest.c: In function 'main':
conftest.c:162:23: error: expected expression before ')' token
  162 | if (sizeof ((sigset_t)))
      |                       ^
configure:14160: $? = 1
configure: failed program was:
| /* confdefs.h */
| #define PACKAGE_NAME "GNU patch"
| #define PACKAGE_TARNAME "patch"
| #define PACKAGE_VERSION "2.7.6"
| #define PACKAGE_STRING "GNU patch 2.7.6"
| #define PACKAGE_BUGREPORT "bug-patch@gnu.org"
| #define PACKAGE_URL "https://www.gnu.org/software/patch/"
| #define PACKAGE "patch"
| #define VERSION "2.7.6"
| #define HAVE_STDIO_H 1
| #define HAVE_STDLIB_H 1
| #define HAVE_STRING_H 1
| #define HAVE_INTTYPES_H 1
| #define HAVE_STDINT_H 1
| #define HAVE_STRINGS_H 1
| #define HAVE_SYS_STAT_H 1
| #define HAVE_SYS_TYPES_H 1
| #define HAVE_UNISTD_H 1
| #define HAVE_SYS_PARAM_H 1
| #define HAVE_SYS_SOCKET_H 1
| #define HAVE_DIRENT_H 1
| #define HAVE_GETOPT_H 1
| #define HAVE_SYS_CDEFS_H 1
| #define HAVE_SYS_TIME_H 1
| #define HAVE_LIMITS_H 1
| #define HAVE_WCHAR_H 1
| #define HAVE_SYS_MMAN_H 1
| #define HAVE_UTIME_H 1
| #define HAVE_FEATURES_H 1
| #define HAVE_WCTYPE_H 1
| #define STDC_HEADERS 1
| #define __EXTENSIONS__ 1
| #define _ALL_SOURCE 1
| #define _DARWIN_C_SOURCE 1
| #define _GNU_SOURCE 1
| #define _NETBSD_SOURCE 1
| #define _OPENBSD_SOURCE 1
| #define _POSIX_PTHREAD_SEMANTICS 1
| #define __STDC_WANT_IEC_60559_ATTRIBS_EXT__ 1
| #define __STDC_WANT_IEC_60559_BFP_EXT__ 1
| #define __STDC_WANT_IEC_60559_DFP_EXT__ 1
| #define __STDC_WANT_IEC_60559_FUNCS_EXT__ 1
| #define __STDC_WANT_IEC_60559_TYPES_EXT__ 1
| #define __STDC_WANT_LIB_EXT2__ 1
| #define __STDC_WANT_MATH_SPEC_FUNCS__ 1
| #define _TANDEM_SOURCE 1
| #define _HPUX_ALT_XOPEN_SOCKET_API 1
| #define HAVE_ALLOCA_H 1
| #define HAVE_ALLOCA 1
| #define D_INO_IN_DIRENT 1
| #define HAVE_LONG_FILE_NAMES 1
| #define HAVE_PATHCONF 1
| #define HAVE_CANONICALIZE_FILE_NAME 1
| #define HAVE_GETCWD 1
| #define HAVE_READLINK 1
| #define HAVE_REALPATH 1
| #define HAVE_CHOWN 1
| #define HAVE_FCHOWN 1
| #define HAVE_FCHDIR 1
| #define HAVE_FDOPENDIR 1
| #define HAVE_FACCESSAT 1
| #define HAVE_FCHMODAT 1
| #define HAVE_LCHMOD 1
| #define HAVE_FCNTL 1
| #define HAVE_SYMLINK 1
| #define HAVE_MEMPCPY 1
| #define HAVE_FSTATAT 1
| #define HAVE_GETDTABLESIZE 1
| #define HAVE_GETTIMEOFDAY 1
| #define HAVE_LSTAT 1
| #define HAVE_MBSINIT 1
| #define HAVE_MBRTOWC 1
| #define HAVE_MPROTECT 1
| #define HAVE_MKDIRAT 1
| #define HAVE_TZSET 1
| #define HAVE_OPENAT 1
| #define HAVE_READLINKAT 1
| #define HAVE_LINK 1
| #define HAVE_RENAMEAT 1
| #define HAVE_SETENV 1
| #define HAVE_STRDUP 1
| #define HAVE_STRNDUP 1
| #define HAVE_SYMLINKAT 1
| #define HAVE_LOCALTIME_R 1
| #define HAVE_TIMEGM 1
| #define HAVE_PIPE 1
| #define HAVE_UNLINKAT 1
| #define HAVE_UTIME 1
| #define HAVE_FUTIMES 1
| #define HAVE_FUTIMESAT 1
| #define HAVE_FUTIMENS 1
| #define HAVE_UTIMENSAT 1
| #define HAVE_LUTIMES 1
| #define HAVE_SNPRINTF 1
| #define HAVE_ISWCNTRL 1
| #define FUNC_REALPATH_WORKS 1
| #define HAVE_UNISTD_H 1
| #define HAVE_CHOWN 1
| #define HAVE_ENVIRON_DECL 1
| #define HAVE_DECL_STRERROR_R 1
| #define HAVE_STRERROR_R 1
| #define STRERROR_R_CHAR_P 1
| #define GETGROUPS_T gid_t
| #define LSTAT_FOLLOWS_SLASHED_SYMLINK 1
| #define HAVE_DECL_FCHDIR 1
| #define HAVE_WORKING_O_NOATIME 1
| #define HAVE_WORKING_O_NOFOLLOW 1
| #define HAVE_RAW_DECL_FCHMODAT 1
| #define HAVE_RAW_DECL_FSTAT 1
| #define HAVE_RAW_DECL_FSTATAT 1
| #define HAVE_RAW_DECL_FUTIMENS 1
| #define HAVE_RAW_DECL_LCHMOD 1
| #define HAVE_RAW_DECL_LSTAT 1
| #define HAVE_RAW_DECL_MKDIRAT 1
| #define HAVE_RAW_DECL_MKFIFO 1
| #define HAVE_RAW_DECL_MKFIFOAT 1
| #define HAVE_RAW_DECL_MKNOD 1
| #define HAVE_RAW_DECL_MKNODAT 1
| #define HAVE_RAW_DECL_STAT 1
| #define HAVE_RAW_DECL_UTIMENSAT 1
| #define HAVE_DECL_GETDTABLESIZE 1
| #define HAVE_GETOPT_H 1
| #define HAVE_GETOPT_LONG_ONLY 1
| #define restrict __restrict
| #define HAVE_RAW_DECL_GETTIMEOFDAY 1
| #define HAVE_WINT_T 1
| #define HAVE_UNSIGNED_LONG_LONG_INT 1
| #define HAVE_LONG_LONG_INT 1
| #define HAVE_RAW_DECL_IMAXABS 1
| #define HAVE_RAW_DECL_IMAXDIV 1
| #define HAVE_RAW_DECL_STRTOIMAX 1
| #define HAVE_RAW_DECL_STRTOUMAX 1
| #define HAVE_INTTYPES_H 1
| #define HAVE_LANGINFO_CODESET 1
| #define HAVE_DECL_GETC_UNLOCKED 1
| #define MALLOC_0_IS_NONNULL 1
| #define HAVE_MBSTATE_T 1
| #define HAVE_MAP_ANONYMOUS 1
| #define HAVE_DECL_MEMRCHR 1
| #define HAVE_MINMAX_IN_SYS_PARAM_H 1
| #define TIME_T_IS_SIGNED 1
| #define HAVE_DECL_ALARM 1
| #define HAVE_STRUCT_TM_TM_ZONE 1
| #define HAVE_TM_ZONE 1
| #define HAVE_TM_GMTOFF 1
| #define PROMOTED_MODE_T mode_t
| #define HAVE__BOOL 1
| #define HAVE_COMPOUND_LITERALS 1
| #define HAVE_DECL_SETENV 1
| #define HAVE_SEARCH_H 1
| #define HAVE_TSEARCH 1
| /* end confdefs.h.  */
| 
|       #include <signal.h>
|       /* Mingw defines sigset_t not in <signal.h>, but in <sys/types.h>.  */
|       #include <sys/types.h>
| 
| 
| int
| main (void)
| {
| if (sizeof ((sigset_t)))
| 	    return 0;
|   ;
|   return 0;
| }
configure:14160: result: yes
configure:14186: checking for wchar_t
configure:14204: gcc  -c -isystem/home/ubuntu/yocto/rpi-build/tmp/work/x86_64-linux/patch-native/2.7.6-r0/recipe-sysroot-native/usr/include -O2 -pipe -isystem/home/ubuntu/yocto/rpi-build/tmp/work/x86_64-linux/patch-native/2.7.6-r0/recipe-sysroot-native/usr/include conftest.c >&5
configure:14204: $? = 0
configure:14212: result: yes
configure:14221: checking whether strdup is declared
configure:14221: gcc  -c -isystem/home/ubuntu/yocto/rpi-build/tmp/work/x86_64-linux/patch-native/2.7.6-r0/recipe-sysroot-native/usr/include -O2 -pipe  -isystem/home/ubuntu/yocto/rpi-build/tmp/work/x86_64-linux/patch-native/2.7.6-r0/recipe-sysroot-native/usr/include conftest.c >&5
configure:14221: $? = 0
configure:14221: result: yes
configure:14232: checking whether strerror(0) succeeds
configure:14271: gcc  -o conftest -isystem/home/ubuntu/yocto/rpi-build/tmp/work/x86_64-linux/patch-native/2.7.6-r0/recipe-sysroot-native/usr/include -O2 -pipe -isystem/home/ubuntu/yocto/rpi-build/tmp/work/x86_64-linux/patch-native/2.7.6-r0/recipe-sysroot-native/usr/include -L/home/ubuntu/yocto/rpi-build/tmp/work/x86_64-linux/patch-native/2.7.6-r0/recipe-sysroot-native/usr/lib                         -L/home/ubuntu/yocto/rpi-build/tmp/work/x86_64-linux/patch-native/2.7.6-r0/recipe-sysroot-native/lib                         -Wl,--enable-new-dtags                         -Wl,-rpath-link,/home/ubuntu/yocto/rpi-build/tmp/work/x86_64-linux/patch-native/2.7.6-r0/recipe-sysroot-native/usr/lib                         -Wl,-rpath-link,/home/ubuntu/yocto/rpi-build/tmp/work/x86_64-linux/patch-native/2.7.6-r0/recipe-sysroot-native/lib                         -Wl,-rpath,/home/ubuntu/yocto/rpi-build/tmp/work/x86_64-linux/patch-native/2.7.6-r0/recipe-sysroot-native/usr/lib                         -Wl,-rpath,/home/ubuntu/yocto/rpi-build/tmp/work/x86_64-linux/patch-native/2.7.6-r0/recipe-sysroot-native/lib                         -Wl,-O1 -Wl,--allow-shlib-undefined -Wl,--dynamic-linker=/home/ubuntu/yocto/rpi-build/tmp/sysroots-uninative/x86_64-linux/lib/ld-linux-x86-64.so.2 conftest.c  >&5
configure:14271: $? = 0
configure:14271: ./conftest
configure:14271: $? = 0
configure:14283: result: yes
configure:14374: checking whether ffsl is declared without a macro
configure:14393: gcc  -c -isystem/home/ubuntu/yocto/rpi-build/tmp/work/x86_64-linux/patch-native/2.7.6-r0/recipe-sysroot-native/usr/include -O2 -pipe -isystem/home/ubuntu/yocto/rpi-build/tmp/work/x86_64-linux/patch-native/2.7.6-r0/recipe-sysroot-native/usr/include conftest.c >&5
configure:14393: $? = 0
configure:14402: result: yes
configure:14374: checking whether ffsll is declared without a macro
configure:14393: gcc  -c -isystem/home/ubuntu/yocto/rpi-build/tmp/work/x86_64-linux/patch-native/2.7.6-r0/recipe-sysroot-native/usr/include -O2 -pipe -isystem/home/ubuntu/yocto/rpi-build/tmp/work/x86_64-linux/patch-native/2.7.6-r0/recipe-sysroot-native/usr/include conftest.c >&5
configure:14393: $? = 0
configure:14402: result: yes
configure:14374: checking whether memmem is declared without a macro
configure:14393: gcc  -c -isystem/home/ubuntu/yocto/rpi-build/tmp/work/x86_64-linux/patch-native/2.7.6-r0/recipe-sysroot-native/usr/include -O2 -pipe -isystem/home/ubuntu/yocto/rpi-build/tmp/work/x86_64-linux/patch-native/2.7.6-r0/recipe-sysroot-native/usr/include conftest.c >&5
configure:14393: $? = 0
configure:14402: result: yes
configure:14374: checking whether mempcpy is declared without a macro
configure:14393: gcc  -c -isystem/home/ubuntu/yocto/rpi-build/tmp/work/x86_64-linux/patch-native/2.7.6-r0/recipe-sysroot-native/usr/include -O2 -pipe -isystem/home/ubuntu/yocto/rpi-build/tmp/work/x86_64-linux/patch-native/2.7.6-r0/recipe-sysroot-native/usr/include conftest.c >&5
configure:14393: $? = 0
configure:14402: result: yes
configure:14374: checking whether memrchr is declared without a macro
configure:14393: gcc  -c -isystem/home/ubuntu/yocto/rpi-build/tmp/work/x86_64-linux/patch-native/2.7.6-r0/recipe-sysroot-native/usr/include -O2 -pipe -isystem/home/ubuntu/yocto/rpi-build/tmp/work/x86_64-linux/patch-native/2.7.6-r0/recipe-sysroot-native/usr/include conftest.c >&5
configure:14393: $? = 0
configure:14402: result: yes
configure:14374: checking whether rawmemchr is declared without a macro
configure:14393: gcc  -c -isystem/home/ubuntu/yocto/rpi-build/tmp/work/x86_64-linux/patch-native/2.7.6-r0/recipe-sysroot-native/usr/include -O2 -pipe -isystem/home/ubuntu/yocto/rpi-build/tmp/work/x86_64-linux/patch-native/2.7.6-r0/recipe-sysroot-native/usr/include conftest.c >&5
configure:14393: $? = 0
configure:14402: result: yes
configure:14374: checking whether stpcpy is declared without a macro
configure:14393: gcc  -c -isystem/home/ubuntu/yocto/rpi-build/tmp/work/x86_64-linux/patch-native/2.7.6-r0/recipe-sysroot-native/usr/include -O2 -pipe -isystem/home/ubuntu/yocto/rpi-build/tmp/work/x86_64-linux/patch-native/2.7.6-r0/recipe-sysroot-native/usr/include conftest.c >&5
configure:14393: $? = 0
configure:14402: result: yes
configure:14374: checking whether stpncpy is declared without a macro
configure:14393: gcc  -c -isystem/home/ubuntu/yocto/rpi-build/tmp/work/x86_64-linux/patch-native/2.7.6-r0/recipe-sysroot-native/usr/include -O2 -pipe -isystem/home/ubuntu/yocto/rpi-build/tmp/work/x86_64-linux/patch-native/2.7.6-r0/recipe-sysroot-native/usr/include conftest.c >&5
configure:14393: $? = 0
configure:14402: result: yes
configure:14374: checking whether strchrnul is declared without a macro
configure:14393: gcc  -c -isystem/home/ubuntu/yocto/rpi-build/tmp/work/x86_64-linux/patch-native/2.7.6-r0/recipe-sysroot-native/usr/include -O2 -pipe -isystem/home/ubuntu/yocto/rpi-build/tmp/work/x86_64-linux/patch-native/2.7.6-r0/recipe-sysroot-native/usr/include conftest.c >&5
configure:14393: $? = 0
configure:14402: result: yes
configure:14374: checking whether strdup is declared without a macro
configure:14393: gcc  -c -isystem/home/ubuntu/yocto/rpi-build/tmp/work/x86_64-linux/patch-native/2.7.6-r0/recipe-sysroot-native/usr/include -O2 -pipe -isystem/home/ubuntu/yocto/rpi-build/tmp/work/x86_64-linux/patch-native/2.7.6-r0/recipe-sysroot-native/usr/include conftest.c >&5
configure:14393: $? = 0
configure:14402: result: yes
configure:14374: checking whether strncat is declared without a macro
configure:14393: gcc  -c -isystem/home/ubuntu/yocto/rpi-build/tmp/work/x86_64-linux/patch-native/2.7.6-r0/recipe-sysroot-native/usr/include -O2 -pipe -isystem/home/ubuntu/yocto/rpi-build/tmp/work/x86_64-linux/patch-native/2.7.6-r0/recipe-sysroot-native/usr/include conftest.c >&5
configure:14393: $? = 0
configure:14402: result: yes
configure:14374: checking whether strndup is declared without a macro
configure:14393: gcc  -c -isystem/home/ubuntu/yocto/rpi-build/tmp/work/x86_64-linux/patch-native/2.7.6-r0/recipe-sysroot-native/usr/include -O2 -pipe -isystem/home/ubuntu/yocto/rpi-build/tmp/work/x86_64-linux/patch-native/2.7.6-r0/recipe-sysroot-native/usr/include conftest.c >&5
configure:14393: $? = 0
configure:14402: result: yes
configure:14374: checking whether strnlen is declared without a macro
configure:14393: gcc  -c -isystem/home/ubuntu/yocto/rpi-build/tmp/work/x86_64-linux/patch-native/2.7.6-r0/recipe-sysroot-native/usr/include -O2 -pipe -isystem/home/ubuntu/yocto/rpi-build/tmp/work/x86_64-linux/patch-native/2.7.6-r0/recipe-sysroot-native/usr/include conftest.c >&5
configure:14393: $? = 0
configure:14402: result: yes
configure:14374: checking whether strpbrk is declared without a macro
configure:14393: gcc  -c -isystem/home/ubuntu/yocto/rpi-build/tmp/work/x86_64-linux/patch-native/2.7.6-r0/recipe-sysroot-native/usr/include -O2 -pipe -isystem/home/ubuntu/yocto/rpi-build/tmp/work/x86_64-linux/patch-native/2.7.6-r0/recipe-sysroot-native/usr/include conftest.c >&5
configure:14393: $? = 0
configure:14402: result: yes
configure:14374: checking whether strsep is declared without a macro
configure:14393: gcc  -c -isystem/home/ubuntu/yocto/rpi-build/tmp/work/x86_64-linux/patch-native/2.7.6-r0/recipe-sysroot-native/usr/include -O2 -pipe -isystem/home/ubuntu/yocto/rpi-build/tmp/work/x86_64-linux/patch-native/2.7.6-r0/recipe-sysroot-native/usr/include conftest.c >&5
configure:14393: $? = 0
configure:14402: result: yes
configure:14374: checking whether strcasestr is declared without a macro
configure:14393: gcc  -c -isystem/home/ubuntu/yocto/rpi-build/tmp/work/x86_64-linux/patch-native/2.7.6-r0/recipe-sysroot-native/usr/include -O2 -pipe -isystem/home/ubuntu/yocto/rpi-build/tmp/work/x86_64-linux/patch-native/2.7.6-r0/recipe-sysroot-native/usr/include conftest.c >&5
configure:14393: $? = 0
configure:14402: result: yes
configure:14374: checking whether strtok_r is declared without a macro
configure:14393: gcc  -c -isystem/home/ubuntu/yocto/rpi-build/tmp/work/x86_64-linux/patch-native/2.7.6-r0/recipe-sysroot-native/usr/include -O2 -pipe -isystem/home/ubuntu/yocto/rpi-build/tmp/work/x86_64-linux/patch-native/2.7.6-r0/recipe-sysroot-native/usr/include conftest.c >&5
configure:14393: $? = 0
configure:14402: result: yes
configure:14374: checking whether strerror_r is declared without a macro
configure:14393: gcc  -c -isystem/home/ubuntu/yocto/rpi-build/tmp/work/x86_64-linux/patch-native/2.7.6-r0/recipe-sysroot-native/usr/include -O2 -pipe -isystem/home/ubuntu/yocto/rpi-build/tmp/work/x86_64-linux/patch-native/2.7.6-r0/recipe-sysroot-native/usr/include conftest.c >&5
configure:14393: $? = 0
configure:14402: result: yes
configure:14374: checking whether strsignal is declared without a macro
configure:14393: gcc  -c -isystem/home/ubuntu/yocto/rpi-build/tmp/work/x86_64-linux/patch-native/2.7.6-r0/recipe-sysroot-native/usr/include -O2 -pipe -isystem/home/ubuntu/yocto/rpi-build/tmp/work/x86_64-linux/patch-native/2.7.6-r0/recipe-sysroot-native/usr/include conftest.c >&5
configure:14393: $? = 0
configure:14402: result: yes
configure:14374: checking whether strverscmp is declared without a macro
configure:14393: gcc  -c -isystem/home/ubuntu/yocto/rpi-build/tmp/work/x86_64-linux/patch-native/2.7.6-r0/recipe-sysroot-native/usr/include -O2 -pipe -isystem/home/ubuntu/yocto/rpi-build/tmp/work/x86_64-linux/patch-native/2.7.6-r0/recipe-sysroot-native/usr/include conftest.c >&5
configure:14393: $? = 0
configure:14402: result: yes
configure:14415: checking whether strndup is declared
configure:14415: result: yes
configure:14425: checking whether strnlen is declared
configure:14425: result: yes
configure:14535: checking for struct timespec in <time.h>
configure:14553: gcc  -c -isystem/home/ubuntu/yocto/rpi-build/tmp/work/x86_64-linux/patch-native/2.7.6-r0/recipe-sysroot-native/usr/include -O2 -pipe -isystem/home/ubuntu/yocto/rpi-build/tmp/work/x86_64-linux/patch-native/2.7.6-r0/recipe-sysroot-native/usr/include conftest.c >&5
configure:14553: $? = 0
configure:14561: result: yes
configure:14753: checking whether unsetenv is declared
configure:14753: gcc  -c -isystem/home/ubuntu/yocto/rpi-build/tmp/work/x86_64-linux/patch-native/2.7.6-r0/recipe-sysroot-native/usr/include -O2 -pipe  -isystem/home/ubuntu/yocto/rpi-build/tmp/work/x86_64-linux/patch-native/2.7.6-r0/recipe-sysroot-native/usr/include conftest.c >&5
configure:14753: $? = 0
configure:14753: result: yes
configure:14770: checking whether the utimes function works
configure:14917: result: yes
configure:14945: checking for inttypes.h
configure:14965: gcc  -c -isystem/home/ubuntu/yocto/rpi-build/tmp/work/x86_64-linux/patch-native/2.7.6-r0/recipe-sysroot-native/usr/include -O2 -pipe -isystem/home/ubuntu/yocto/rpi-build/tmp/work/x86_64-linux/patch-native/2.7.6-r0/recipe-sysroot-native/usr/include conftest.c >&5
configure:14965: $? = 0
configure:14973: result: yes
configure:14982: checking for stdint.h
configure:15000: gcc  -c -isystem/home/ubuntu/yocto/rpi-build/tmp/work/x86_64-linux/patch-native/2.7.6-r0/recipe-sysroot-native/usr/include -O2 -pipe -isystem/home/ubuntu/yocto/rpi-build/tmp/work/x86_64-linux/patch-native/2.7.6-r0/recipe-sysroot-native/usr/include conftest.c >&5
configure:15000: $? = 0
configure:15008: result: yes
configure:15019: checking for intmax_t
configure:15045: gcc  -c -isystem/home/ubuntu/yocto/rpi-build/tmp/work/x86_64-linux/patch-native/2.7.6-r0/recipe-sysroot-native/usr/include -O2 -pipe -isystem/home/ubuntu/yocto/rpi-build/tmp/work/x86_64-linux/patch-native/2.7.6-r0/recipe-sysroot-native/usr/include conftest.c >&5
configure:15045: $? = 0
configure:15053: result: yes
configure:15070: checking where to find the exponent in a 'double'
configure:15396: gcc  -o conftest -isystem/home/ubuntu/yocto/rpi-build/tmp/work/x86_64-linux/patch-native/2.7.6-r0/recipe-sysroot-native/usr/include -O2 -pipe -isystem/home/ubuntu/yocto/rpi-build/tmp/work/x86_64-linux/patch-native/2.7.6-r0/recipe-sysroot-native/usr/include -L/home/ubuntu/yocto/rpi-build/tmp/work/x86_64-linux/patch-native/2.7.6-r0/recipe-sysroot-native/usr/lib                         -L/home/ubuntu/yocto/rpi-build/tmp/work/x86_64-linux/patch-native/2.7.6-r0/recipe-sysroot-native/lib                         -Wl,--enable-new-dtags                         -Wl,-rpath-link,/home/ubuntu/yocto/rpi-build/tmp/work/x86_64-linux/patch-native/2.7.6-r0/recipe-sysroot-native/usr/lib                         -Wl,-rpath-link,/home/ubuntu/yocto/rpi-build/tmp/work/x86_64-linux/patch-native/2.7.6-r0/recipe-sysroot-native/lib                         -Wl,-rpath,/home/ubuntu/yocto/rpi-build/tmp/work/x86_64-linux/patch-native/2.7.6-r0/recipe-sysroot-native/usr/lib                         -Wl,-rpath,/home/ubuntu/yocto/rpi-build/tmp/work/x86_64-linux/patch-native/2.7.6-r0/recipe-sysroot-native/lib                         -Wl,-O1 -Wl,--allow-shlib-undefined -Wl,--dynamic-linker=/home/ubuntu/yocto/rpi-build/tmp/sysroots-uninative/x86_64-linux/lib/ld-linux-x86-64.so.2 conftest.c  >&5
configure:15396: $? = 0
configure:15396: ./conftest
configure:15396: $? = 0
configure:15409: result: word 1 bit 20
configure:15431: checking whether snprintf returns a byte count as in C99
configure:15521: gcc  -o conftest -isystem/home/ubuntu/yocto/rpi-build/tmp/work/x86_64-linux/patch-native/2.7.6-r0/recipe-sysroot-native/usr/include -O2 -pipe -isystem/home/ubuntu/yocto/rpi-build/tmp/work/x86_64-linux/patch-native/2.7.6-r0/recipe-sysroot-native/usr/include -L/home/ubuntu/yocto/rpi-build/tmp/work/x86_64-linux/patch-native/2.7.6-r0/recipe-sysroot-native/usr/lib                         -L/home/ubuntu/yocto/rpi-build/tmp/work/x86_64-linux/patch-native/2.7.6-r0/recipe-sysroot-native/lib                         -Wl,--enable-new-dtags                         -Wl,-rpath-link,/home/ubuntu/yocto/rpi-build/tmp/work/x86_64-linux/patch-native/2.7.6-r0/recipe-sysroot-native/usr/lib                         -Wl,-rpath-link,/home/ubuntu/yocto/rpi-build/tmp/work/x86_64-linux/patch-native/2.7.6-r0/recipe-sysroot-native/lib                         -Wl,-rpath,/home/ubuntu/yocto/rpi-build/tmp/work/x86_64-linux/patch-native/2.7.6-r0/recipe-sysroot-native/usr/lib                         -Wl,-rpath,/home/ubuntu/yocto/rpi-build/tmp/work/x86_64-linux/patch-native/2.7.6-r0/recipe-sysroot-native/lib                         -Wl,-O1 -Wl,--allow-shlib-undefined -Wl,--dynamic-linker=/home/ubuntu/yocto/rpi-build/tmp/sysroots-uninative/x86_64-linux/lib/ld-linux-x86-64.so.2 conftest.c  >&5
conftest.c: In function 'main':
conftest.c:190:22: warning: '%d' directive output truncated writing 4 bytes into a region of size 3 [-Wformat-truncation=]
  190 | # define my_snprintf snprintf
      |                      ^
conftest.c:207:7: note: in expansion of macro 'my_snprintf'
  207 |   if (my_snprintf (buf, 3, "%d %d", 4567, 89) != 7)
      |       ^~~~~~~~~~~
In file included from /usr/include/stdio.h:894,
                 from conftest.c:187:
/usr/include/x86_64-linux-gnu/bits/stdio2.h:71:10: note: '__builtin___snprintf_chk' output 8 bytes into a destination of size 3
   71 |   return __builtin___snprintf_chk (__s, __n, __USE_FORTIFY_LEVEL - 1,
      |          ^~~~~~~~~~~~~~~~~~~~~~~~~~~~~~~~~~~~~~~~~~~~~~~~~~~~~~~~~~~~
   72 |                                    __glibc_objsize (__s), __fmt,
      |                                    ~~~~~~~~~~~~~~~~~~~~~~~~~~~~~
   73 |                                    __va_arg_pack ());
      |                                    ~~~~~~~~~~~~~~~~~
configure:15521: $? = 0
configure:15521: ./conftest
configure:15521: $? = 0
configure:15533: result: yes
configure:15541: checking for snprintf
configure:15541: result: yes
configure:15547: checking for strnlen
configure:15547: gcc  -o conftest -isystem/home/ubuntu/yocto/rpi-build/tmp/work/x86_64-linux/patch-native/2.7.6-r0/recipe-sysroot-native/usr/include -O2 -pipe -isystem/home/ubuntu/yocto/rpi-build/tmp/work/x86_64-linux/patch-native/2.7.6-r0/recipe-sysroot-native/usr/include -L/home/ubuntu/yocto/rpi-build/tmp/work/x86_64-linux/patch-native/2.7.6-r0/recipe-sysroot-native/usr/lib                         -L/home/ubuntu/yocto/rpi-build/tmp/work/x86_64-linux/patch-native/2.7.6-r0/recipe-sysroot-native/lib                         -Wl,--enable-new-dtags                         -Wl,-rpath-link,/home/ubuntu/yocto/rpi-build/tmp/work/x86_64-linux/patch-native/2.7.6-r0/recipe-sysroot-native/usr/lib                         -Wl,-rpath-link,/home/ubuntu/yocto/rpi-build/tmp/work/x86_64-linux/patch-native/2.7.6-r0/recipe-sysroot-native/lib                         -Wl,-rpath,/home/ubuntu/yocto/rpi-build/tmp/work/x86_64-linux/patch-native/2.7.6-r0/recipe-sysroot-native/usr/lib                         -Wl,-rpath,/home/ubuntu/yocto/rpi-build/tmp/work/x86_64-linux/patch-native/2.7.6-r0/recipe-sysroot-native/lib                         -Wl,-O1 -Wl,--allow-shlib-undefined -Wl,--dynamic-linker=/home/ubuntu/yocto/rpi-build/tmp/sysroots-uninative/x86_64-linux/lib/ld-linux-x86-64.so.2 conftest.c  >&5
conftest.c:203:6: warning: conflicting types for built-in function 'strnlen'; expected 'long unsigned int(const char *, long unsigned int)' [-Wbuiltin-declaration-mismatch]
  203 | char strnlen (void);
      |      ^~~~~~~
configure:15547: $? = 0
configure:15547: result: yes
configure:15553: checking for wcslen
configure:15553: gcc  -o conftest -isystem/home/ubuntu/yocto/rpi-build/tmp/work/x86_64-linux/patch-native/2.7.6-r0/recipe-sysroot-native/usr/include -O2 -pipe -isystem/home/ubuntu/yocto/rpi-build/tmp/work/x86_64-linux/patch-native/2.7.6-r0/recipe-sysroot-native/usr/include -L/home/ubuntu/yocto/rpi-build/tmp/work/x86_64-linux/patch-native/2.7.6-r0/recipe-sysroot-native/usr/lib                         -L/home/ubuntu/yocto/rpi-build/tmp/work/x86_64-linux/patch-native/2.7.6-r0/recipe-sysroot-native/lib                         -Wl,--enable-new-dtags                         -Wl,-rpath-link,/home/ubuntu/yocto/rpi-build/tmp/work/x86_64-linux/patch-native/2.7.6-r0/recipe-sysroot-native/usr/lib                         -Wl,-rpath-link,/home/ubuntu/yocto/rpi-build/tmp/work/x86_64-linux/patch-native/2.7.6-r0/recipe-sysroot-native/lib                         -Wl,-rpath,/home/ubuntu/yocto/rpi-build/tmp/work/x86_64-linux/patch-native/2.7.6-r0/recipe-sysroot-native/usr/lib                         -Wl,-rpath,/home/ubuntu/yocto/rpi-build/tmp/work/x86_64-linux/patch-native/2.7.6-r0/recipe-sysroot-native/lib                         -Wl,-O1 -Wl,--allow-shlib-undefined -Wl,--dynamic-linker=/home/ubuntu/yocto/rpi-build/tmp/sysroots-uninative/x86_64-linux/lib/ld-linux-x86-64.so.2 conftest.c  >&5
configure:15553: $? = 0
configure:15553: result: yes
configure:15559: checking for wcsnlen
configure:15559: gcc  -o conftest -isystem/home/ubuntu/yocto/rpi-build/tmp/work/x86_64-linux/patch-native/2.7.6-r0/recipe-sysroot-native/usr/include -O2 -pipe -isystem/home/ubuntu/yocto/rpi-build/tmp/work/x86_64-linux/patch-native/2.7.6-r0/recipe-sysroot-native/usr/include -L/home/ubuntu/yocto/rpi-build/tmp/work/x86_64-linux/patch-native/2.7.6-r0/recipe-sysroot-native/usr/lib                         -L/home/ubuntu/yocto/rpi-build/tmp/work/x86_64-linux/patch-native/2.7.6-r0/recipe-sysroot-native/lib                         -Wl,--enable-new-dtags                         -Wl,-rpath-link,/home/ubuntu/yocto/rpi-build/tmp/work/x86_64-linux/patch-native/2.7.6-r0/recipe-sysroot-native/usr/lib                         -Wl,-rpath-link,/home/ubuntu/yocto/rpi-build/tmp/work/x86_64-linux/patch-native/2.7.6-r0/recipe-sysroot-native/lib                         -Wl,-rpath,/home/ubuntu/yocto/rpi-build/tmp/work/x86_64-linux/patch-native/2.7.6-r0/recipe-sysroot-native/usr/lib                         -Wl,-rpath,/home/ubuntu/yocto/rpi-build/tmp/work/x86_64-linux/patch-native/2.7.6-r0/recipe-sysroot-native/lib                         -Wl,-O1 -Wl,--allow-shlib-undefined -Wl,--dynamic-linker=/home/ubuntu/yocto/rpi-build/tmp/sysroots-uninative/x86_64-linux/lib/ld-linux-x86-64.so.2 conftest.c  >&5
configure:15559: $? = 0
configure:15559: result: yes
configure:15565: checking for mbrtowc
configure:15565: result: yes
configure:15571: checking for wcrtomb
configure:15571: gcc  -o conftest -isystem/home/ubuntu/yocto/rpi-build/tmp/work/x86_64-linux/patch-native/2.7.6-r0/recipe-sysroot-native/usr/include -O2 -pipe -isystem/home/ubuntu/yocto/rpi-build/tmp/work/x86_64-linux/patch-native/2.7.6-r0/recipe-sysroot-native/usr/include -L/home/ubuntu/yocto/rpi-build/tmp/work/x86_64-linux/patch-native/2.7.6-r0/recipe-sysroot-native/usr/lib                         -L/home/ubuntu/yocto/rpi-build/tmp/work/x86_64-linux/patch-native/2.7.6-r0/recipe-sysroot-native/lib                         -Wl,--enable-new-dtags                         -Wl,-rpath-link,/home/ubuntu/yocto/rpi-build/tmp/work/x86_64-linux/patch-native/2.7.6-r0/recipe-sysroot-native/usr/lib                         -Wl,-rpath-link,/home/ubuntu/yocto/rpi-build/tmp/work/x86_64-linux/patch-native/2.7.6-r0/recipe-sysroot-native/lib                         -Wl,-rpath,/home/ubuntu/yocto/rpi-build/tmp/work/x86_64-linux/patch-native/2.7.6-r0/recipe-sysroot-native/usr/lib                         -Wl,-rpath,/home/ubuntu/yocto/rpi-build/tmp/work/x86_64-linux/patch-native/2.7.6-r0/recipe-sysroot-native/lib                         -Wl,-O1 -Wl,--allow-shlib-undefined -Wl,--dynamic-linker=/home/ubuntu/yocto/rpi-build/tmp/sysroots-uninative/x86_64-linux/lib/ld-linux-x86-64.so.2 conftest.c  >&5
configure:15571: $? = 0
configure:15571: result: yes
configure:15578: checking whether _snprintf is declared
configure:15578: gcc  -c -isystem/home/ubuntu/yocto/rpi-build/tmp/work/x86_64-linux/patch-native/2.7.6-r0/recipe-sysroot-native/usr/include -O2 -pipe  -isystem/home/ubuntu/yocto/rpi-build/tmp/work/x86_64-linux/patch-native/2.7.6-r0/recipe-sysroot-native/usr/include conftest.c >&5
conftest.c: In function 'main':
conftest.c:201:10: error: '_snprintf' undeclared (first use in this function); did you mean 'vsnprintf'?
  201 |   (void) _snprintf;
      |          ^~~~~~~~~
      |          vsnprintf
conftest.c:201:10: note: each undeclared identifier is reported only once for each function it appears in
configure:15578: $? = 1
configure: failed program was:
| /* confdefs.h */
| #define PACKAGE_NAME "GNU patch"
| #define PACKAGE_TARNAME "patch"
| #define PACKAGE_VERSION "2.7.6"
| #define PACKAGE_STRING "GNU patch 2.7.6"
| #define PACKAGE_BUGREPORT "bug-patch@gnu.org"
| #define PACKAGE_URL "https://www.gnu.org/software/patch/"
| #define PACKAGE "patch"
| #define VERSION "2.7.6"
| #define HAVE_STDIO_H 1
| #define HAVE_STDLIB_H 1
| #define HAVE_STRING_H 1
| #define HAVE_INTTYPES_H 1
| #define HAVE_STDINT_H 1
| #define HAVE_STRINGS_H 1
| #define HAVE_SYS_STAT_H 1
| #define HAVE_SYS_TYPES_H 1
| #define HAVE_UNISTD_H 1
| #define HAVE_SYS_PARAM_H 1
| #define HAVE_SYS_SOCKET_H 1
| #define HAVE_DIRENT_H 1
| #define HAVE_GETOPT_H 1
| #define HAVE_SYS_CDEFS_H 1
| #define HAVE_SYS_TIME_H 1
| #define HAVE_LIMITS_H 1
| #define HAVE_WCHAR_H 1
| #define HAVE_SYS_MMAN_H 1
| #define HAVE_UTIME_H 1
| #define HAVE_FEATURES_H 1
| #define HAVE_WCTYPE_H 1
| #define STDC_HEADERS 1
| #define __EXTENSIONS__ 1
| #define _ALL_SOURCE 1
| #define _DARWIN_C_SOURCE 1
| #define _GNU_SOURCE 1
| #define _NETBSD_SOURCE 1
| #define _OPENBSD_SOURCE 1
| #define _POSIX_PTHREAD_SEMANTICS 1
| #define __STDC_WANT_IEC_60559_ATTRIBS_EXT__ 1
| #define __STDC_WANT_IEC_60559_BFP_EXT__ 1
| #define __STDC_WANT_IEC_60559_DFP_EXT__ 1
| #define __STDC_WANT_IEC_60559_FUNCS_EXT__ 1
| #define __STDC_WANT_IEC_60559_TYPES_EXT__ 1
| #define __STDC_WANT_LIB_EXT2__ 1
| #define __STDC_WANT_MATH_SPEC_FUNCS__ 1
| #define _TANDEM_SOURCE 1
| #define _HPUX_ALT_XOPEN_SOCKET_API 1
| #define HAVE_ALLOCA_H 1
| #define HAVE_ALLOCA 1
| #define D_INO_IN_DIRENT 1
| #define HAVE_LONG_FILE_NAMES 1
| #define HAVE_PATHCONF 1
| #define HAVE_CANONICALIZE_FILE_NAME 1
| #define HAVE_GETCWD 1
| #define HAVE_READLINK 1
| #define HAVE_REALPATH 1
| #define HAVE_CHOWN 1
| #define HAVE_FCHOWN 1
| #define HAVE_FCHDIR 1
| #define HAVE_FDOPENDIR 1
| #define HAVE_FACCESSAT 1
| #define HAVE_FCHMODAT 1
| #define HAVE_LCHMOD 1
| #define HAVE_FCNTL 1
| #define HAVE_SYMLINK 1
| #define HAVE_MEMPCPY 1
| #define HAVE_FSTATAT 1
| #define HAVE_GETDTABLESIZE 1
| #define HAVE_GETTIMEOFDAY 1
| #define HAVE_LSTAT 1
| #define HAVE_MBSINIT 1
| #define HAVE_MBRTOWC 1
| #define HAVE_MPROTECT 1
| #define HAVE_MKDIRAT 1
| #define HAVE_TZSET 1
| #define HAVE_OPENAT 1
| #define HAVE_READLINKAT 1
| #define HAVE_LINK 1
| #define HAVE_RENAMEAT 1
| #define HAVE_SETENV 1
| #define HAVE_STRDUP 1
| #define HAVE_STRNDUP 1
| #define HAVE_SYMLINKAT 1
| #define HAVE_LOCALTIME_R 1
| #define HAVE_TIMEGM 1
| #define HAVE_PIPE 1
| #define HAVE_UNLINKAT 1
| #define HAVE_UTIME 1
| #define HAVE_FUTIMES 1
| #define HAVE_FUTIMESAT 1
| #define HAVE_FUTIMENS 1
| #define HAVE_UTIMENSAT 1
| #define HAVE_LUTIMES 1
| #define HAVE_SNPRINTF 1
| #define HAVE_ISWCNTRL 1
| #define FUNC_REALPATH_WORKS 1
| #define HAVE_UNISTD_H 1
| #define HAVE_CHOWN 1
| #define HAVE_ENVIRON_DECL 1
| #define HAVE_DECL_STRERROR_R 1
| #define HAVE_STRERROR_R 1
| #define STRERROR_R_CHAR_P 1
| #define GETGROUPS_T gid_t
| #define LSTAT_FOLLOWS_SLASHED_SYMLINK 1
| #define HAVE_DECL_FCHDIR 1
| #define HAVE_WORKING_O_NOATIME 1
| #define HAVE_WORKING_O_NOFOLLOW 1
| #define HAVE_RAW_DECL_FCHMODAT 1
| #define HAVE_RAW_DECL_FSTAT 1
| #define HAVE_RAW_DECL_FSTATAT 1
| #define HAVE_RAW_DECL_FUTIMENS 1
| #define HAVE_RAW_DECL_LCHMOD 1
| #define HAVE_RAW_DECL_LSTAT 1
| #define HAVE_RAW_DECL_MKDIRAT 1
| #define HAVE_RAW_DECL_MKFIFO 1
| #define HAVE_RAW_DECL_MKFIFOAT 1
| #define HAVE_RAW_DECL_MKNOD 1
| #define HAVE_RAW_DECL_MKNODAT 1
| #define HAVE_RAW_DECL_STAT 1
| #define HAVE_RAW_DECL_UTIMENSAT 1
| #define HAVE_DECL_GETDTABLESIZE 1
| #define HAVE_GETOPT_H 1
| #define HAVE_GETOPT_LONG_ONLY 1
| #define restrict __restrict
| #define HAVE_RAW_DECL_GETTIMEOFDAY 1
| #define HAVE_WINT_T 1
| #define HAVE_UNSIGNED_LONG_LONG_INT 1
| #define HAVE_LONG_LONG_INT 1
| #define HAVE_RAW_DECL_IMAXABS 1
| #define HAVE_RAW_DECL_IMAXDIV 1
| #define HAVE_RAW_DECL_STRTOIMAX 1
| #define HAVE_RAW_DECL_STRTOUMAX 1
| #define HAVE_INTTYPES_H 1
| #define HAVE_LANGINFO_CODESET 1
| #define HAVE_DECL_GETC_UNLOCKED 1
| #define MALLOC_0_IS_NONNULL 1
| #define HAVE_MBSTATE_T 1
| #define HAVE_MAP_ANONYMOUS 1
| #define HAVE_DECL_MEMRCHR 1
| #define HAVE_MINMAX_IN_SYS_PARAM_H 1
| #define TIME_T_IS_SIGNED 1
| #define HAVE_DECL_ALARM 1
| #define HAVE_STRUCT_TM_TM_ZONE 1
| #define HAVE_TM_ZONE 1
| #define HAVE_TM_GMTOFF 1
| #define PROMOTED_MODE_T mode_t
| #define HAVE__BOOL 1
| #define HAVE_COMPOUND_LITERALS 1
| #define HAVE_DECL_SETENV 1
| #define HAVE_SEARCH_H 1
| #define HAVE_TSEARCH 1
| #define HAVE_SIGSET_T 1
| #define HAVE_WCHAR_T 1
| #define HAVE_DECL_STRDUP 1
| #define HAVE_RAW_DECL_FFSL 1
| #define HAVE_RAW_DECL_FFSLL 1
| #define HAVE_RAW_DECL_MEMMEM 1
| #define HAVE_RAW_DECL_MEMPCPY 1
| #define HAVE_RAW_DECL_MEMRCHR 1
| #define HAVE_RAW_DECL_RAWMEMCHR 1
| #define HAVE_RAW_DECL_STPCPY 1
| #define HAVE_RAW_DECL_STPNCPY 1
| #define HAVE_RAW_DECL_STRCHRNUL 1
| #define HAVE_RAW_DECL_STRDUP 1
| #define HAVE_RAW_DECL_STRNCAT 1
| #define HAVE_RAW_DECL_STRNDUP 1
| #define HAVE_RAW_DECL_STRNLEN 1
| #define HAVE_RAW_DECL_STRPBRK 1
| #define HAVE_RAW_DECL_STRSEP 1
| #define HAVE_RAW_DECL_STRCASESTR 1
| #define HAVE_RAW_DECL_STRTOK_R 1
| #define HAVE_RAW_DECL_STRERROR_R 1
| #define HAVE_RAW_DECL_STRSIGNAL 1
| #define HAVE_RAW_DECL_STRVERSCMP 1
| #define HAVE_DECL_STRNDUP 1
| #define HAVE_DECL_STRNLEN 1
| #define _USE_STD_STAT 1
| #define HAVE_DECL_UNSETENV 1
| #define HAVE_WORKING_UTIMES 1
| #define HAVE_INTTYPES_H_WITH_UINTMAX 1
| #define HAVE_STDINT_H_WITH_UINTMAX 1
| #define HAVE_INTMAX_T 1
| #define DBL_EXPBIT0_WORD 1
| #define DBL_EXPBIT0_BIT 20
| #define HAVE_SNPRINTF 1
| #define HAVE_STRNLEN 1
| #define HAVE_WCSLEN 1
| #define HAVE_WCSNLEN 1
| #define HAVE_MBRTOWC 1
| #define HAVE_WCRTOMB 1
| /* end confdefs.h.  */
| #include <stdio.h>
| 
| int
| main (void)
| {
| #ifndef _snprintf
| #ifdef __cplusplus
|   (void) _snprintf;
| #else
|   (void) _snprintf;
| #endif
| #endif
| 
|   ;
|   return 0;
| }
configure:15578: result: no
configure:15599: checking whether <wchar.h> uses 'inline' correctly
configure:15624: gcc  -c -isystem/home/ubuntu/yocto/rpi-build/tmp/work/x86_64-linux/patch-native/2.7.6-r0/recipe-sysroot-native/usr/include -O2 -pipe -isystem/home/ubuntu/yocto/rpi-build/tmp/work/x86_64-linux/patch-native/2.7.6-r0/recipe-sysroot-native/usr/include conftest1.c >&5
cc1: fatal error: conftest1.c: No such file or directory
compilation terminated.
configure:15627: $? = 1
configure:15661: result: yes
configure:15729: checking for alloca as a compiler built-in
configure:15755: result: yes
configure:15881: checking whether this system has an arbitrary file name length limit
configure:15924: result: yes
configure:15992: checking for library containing clock_gettime
configure:16022: gcc  -o conftest -isystem/home/ubuntu/yocto/rpi-build/tmp/work/x86_64-linux/patch-native/2.7.6-r0/recipe-sysroot-native/usr/include -O2 -pipe -isystem/home/ubuntu/yocto/rpi-build/tmp/work/x86_64-linux/patch-native/2.7.6-r0/recipe-sysroot-native/usr/include -L/home/ubuntu/yocto/rpi-build/tmp/work/x86_64-linux/patch-native/2.7.6-r0/recipe-sysroot-native/usr/lib                         -L/home/ubuntu/yocto/rpi-build/tmp/work/x86_64-linux/patch-native/2.7.6-r0/recipe-sysroot-native/lib                         -Wl,--enable-new-dtags                         -Wl,-rpath-link,/home/ubuntu/yocto/rpi-build/tmp/work/x86_64-linux/patch-native/2.7.6-r0/recipe-sysroot-native/usr/lib                         -Wl,-rpath-link,/home/ubuntu/yocto/rpi-build/tmp/work/x86_64-linux/patch-native/2.7.6-r0/recipe-sysroot-native/lib                         -Wl,-rpath,/home/ubuntu/yocto/rpi-build/tmp/work/x86_64-linux/patch-native/2.7.6-r0/recipe-sysroot-native/usr/lib                         -Wl,-rpath,/home/ubuntu/yocto/rpi-build/tmp/work/x86_64-linux/patch-native/2.7.6-r0/recipe-sysroot-native/lib                         -Wl,-O1 -Wl,--allow-shlib-undefined -Wl,--dynamic-linker=/home/ubuntu/yocto/rpi-build/tmp/sysroots-uninative/x86_64-linux/lib/ld-linux-x86-64.so.2 conftest.c  >&5
configure:16022: $? = 0
configure:16042: result: none required
configure:16052: checking for clock_gettime
configure:16052: gcc  -o conftest -isystem/home/ubuntu/yocto/rpi-build/tmp/work/x86_64-linux/patch-native/2.7.6-r0/recipe-sysroot-native/usr/include -O2 -pipe -isystem/home/ubuntu/yocto/rpi-build/tmp/work/x86_64-linux/patch-native/2.7.6-r0/recipe-sysroot-native/usr/include -L/home/ubuntu/yocto/rpi-build/tmp/work/x86_64-linux/patch-native/2.7.6-r0/recipe-sysroot-native/usr/lib                         -L/home/ubuntu/yocto/rpi-build/tmp/work/x86_64-linux/patch-native/2.7.6-r0/recipe-sysroot-native/lib                         -Wl,--enable-new-dtags                         -Wl,-rpath-link,/home/ubuntu/yocto/rpi-build/tmp/work/x86_64-linux/patch-native/2.7.6-r0/recipe-sysroot-native/usr/lib                         -Wl,-rpath-link,/home/ubuntu/yocto/rpi-build/tmp/work/x86_64-linux/patch-native/2.7.6-r0/recipe-sysroot-native/lib                         -Wl,-rpath,/home/ubuntu/yocto/rpi-build/tmp/work/x86_64-linux/patch-native/2.7.6-r0/recipe-sysroot-native/usr/lib                         -Wl,-rpath,/home/ubuntu/yocto/rpi-build/tmp/work/x86_64-linux/patch-native/2.7.6-r0/recipe-sysroot-native/lib                         -Wl,-O1 -Wl,--allow-shlib-undefined -Wl,--dynamic-linker=/home/ubuntu/yocto/rpi-build/tmp/sysroots-uninative/x86_64-linux/lib/ld-linux-x86-64.so.2 conftest.c  >&5
configure:16052: $? = 0
configure:16052: result: yes
configure:16058: checking for clock_settime
configure:16058: gcc  -o conftest -isystem/home/ubuntu/yocto/rpi-build/tmp/work/x86_64-linux/patch-native/2.7.6-r0/recipe-sysroot-native/usr/include -O2 -pipe -isystem/home/ubuntu/yocto/rpi-build/tmp/work/x86_64-linux/patch-native/2.7.6-r0/recipe-sysroot-native/usr/include -L/home/ubuntu/yocto/rpi-build/tmp/work/x86_64-linux/patch-native/2.7.6-r0/recipe-sysroot-native/usr/lib                         -L/home/ubuntu/yocto/rpi-build/tmp/work/x86_64-linux/patch-native/2.7.6-r0/recipe-sysroot-native/lib                         -Wl,--enable-new-dtags                         -Wl,-rpath-link,/home/ubuntu/yocto/rpi-build/tmp/work/x86_64-linux/patch-native/2.7.6-r0/recipe-sysroot-native/usr/lib                         -Wl,-rpath-link,/home/ubuntu/yocto/rpi-build/tmp/work/x86_64-linux/patch-native/2.7.6-r0/recipe-sysroot-native/lib                         -Wl,-rpath,/home/ubuntu/yocto/rpi-build/tmp/work/x86_64-linux/patch-native/2.7.6-r0/recipe-sysroot-native/usr/lib                         -Wl,-rpath,/home/ubuntu/yocto/rpi-build/tmp/work/x86_64-linux/patch-native/2.7.6-r0/recipe-sysroot-native/lib                         -Wl,-O1 -Wl,--allow-shlib-undefined -Wl,--dynamic-linker=/home/ubuntu/yocto/rpi-build/tmp/sysroots-uninative/x86_64-linux/lib/ld-linux-x86-64.so.2 conftest.c  >&5
configure:16058: $? = 0
configure:16058: result: yes
configure:16152: checking for closedir
configure:16152: gcc  -o conftest -isystem/home/ubuntu/yocto/rpi-build/tmp/work/x86_64-linux/patch-native/2.7.6-r0/recipe-sysroot-native/usr/include -O2 -pipe -isystem/home/ubuntu/yocto/rpi-build/tmp/work/x86_64-linux/patch-native/2.7.6-r0/recipe-sysroot-native/usr/include -L/home/ubuntu/yocto/rpi-build/tmp/work/x86_64-linux/patch-native/2.7.6-r0/recipe-sysroot-native/usr/lib                         -L/home/ubuntu/yocto/rpi-build/tmp/work/x86_64-linux/patch-native/2.7.6-r0/recipe-sysroot-native/lib                         -Wl,--enable-new-dtags                         -Wl,-rpath-link,/home/ubuntu/yocto/rpi-build/tmp/work/x86_64-linux/patch-native/2.7.6-r0/recipe-sysroot-native/usr/lib                         -Wl,-rpath-link,/home/ubuntu/yocto/rpi-build/tmp/work/x86_64-linux/patch-native/2.7.6-r0/recipe-sysroot-native/lib                         -Wl,-rpath,/home/ubuntu/yocto/rpi-build/tmp/work/x86_64-linux/patch-native/2.7.6-r0/recipe-sysroot-native/usr/lib                         -Wl,-rpath,/home/ubuntu/yocto/rpi-build/tmp/work/x86_64-linux/patch-native/2.7.6-r0/recipe-sysroot-native/lib                         -Wl,-O1 -Wl,--allow-shlib-undefined -Wl,--dynamic-linker=/home/ubuntu/yocto/rpi-build/tmp/sysroots-uninative/x86_64-linux/lib/ld-linux-x86-64.so.2 conftest.c  >&5
configure:16152: $? = 0
configure:16152: result: yes
configure:16249: checking for d_ino member in directory struct
configure:16306: result: yes
configure:16409: checking whether alphasort is declared without a macro
configure:16428: gcc  -c -isystem/home/ubuntu/yocto/rpi-build/tmp/work/x86_64-linux/patch-native/2.7.6-r0/recipe-sysroot-native/usr/include -O2 -pipe -isystem/home/ubuntu/yocto/rpi-build/tmp/work/x86_64-linux/patch-native/2.7.6-r0/recipe-sysroot-native/usr/include conftest.c >&5
configure:16428: $? = 0
configure:16437: result: yes
configure:16409: checking whether closedir is declared without a macro
configure:16428: gcc  -c -isystem/home/ubuntu/yocto/rpi-build/tmp/work/x86_64-linux/patch-native/2.7.6-r0/recipe-sysroot-native/usr/include -O2 -pipe -isystem/home/ubuntu/yocto/rpi-build/tmp/work/x86_64-linux/patch-native/2.7.6-r0/recipe-sysroot-native/usr/include conftest.c >&5
configure:16428: $? = 0
configure:16437: result: yes
configure:16409: checking whether dirfd is declared without a macro
configure:16428: gcc  -c -isystem/home/ubuntu/yocto/rpi-build/tmp/work/x86_64-linux/patch-native/2.7.6-r0/recipe-sysroot-native/usr/include -O2 -pipe -isystem/home/ubuntu/yocto/rpi-build/tmp/work/x86_64-linux/patch-native/2.7.6-r0/recipe-sysroot-native/usr/include conftest.c >&5
configure:16428: $? = 0
configure:16437: result: yes
configure:16409: checking whether fdopendir is declared without a macro
configure:16428: gcc  -c -isystem/home/ubuntu/yocto/rpi-build/tmp/work/x86_64-linux/patch-native/2.7.6-r0/recipe-sysroot-native/usr/include -O2 -pipe -isystem/home/ubuntu/yocto/rpi-build/tmp/work/x86_64-linux/patch-native/2.7.6-r0/recipe-sysroot-native/usr/include conftest.c >&5
configure:16428: $? = 0
configure:16437: result: yes
configure:16409: checking whether opendir is declared without a macro
configure:16428: gcc  -c -isystem/home/ubuntu/yocto/rpi-build/tmp/work/x86_64-linux/patch-native/2.7.6-r0/recipe-sysroot-native/usr/include -O2 -pipe -isystem/home/ubuntu/yocto/rpi-build/tmp/work/x86_64-linux/patch-native/2.7.6-r0/recipe-sysroot-native/usr/include conftest.c >&5
configure:16428: $? = 0
configure:16437: result: yes
configure:16409: checking whether readdir is declared without a macro
configure:16428: gcc  -c -isystem/home/ubuntu/yocto/rpi-build/tmp/work/x86_64-linux/patch-native/2.7.6-r0/recipe-sysroot-native/usr/include -O2 -pipe -isystem/home/ubuntu/yocto/rpi-build/tmp/work/x86_64-linux/patch-native/2.7.6-r0/recipe-sysroot-native/usr/include conftest.c >&5
configure:16428: $? = 0
configure:16437: result: yes
configure:16409: checking whether rewinddir is declared without a macro
configure:16428: gcc  -c -isystem/home/ubuntu/yocto/rpi-build/tmp/work/x86_64-linux/patch-native/2.7.6-r0/recipe-sysroot-native/usr/include -O2 -pipe -isystem/home/ubuntu/yocto/rpi-build/tmp/work/x86_64-linux/patch-native/2.7.6-r0/recipe-sysroot-native/usr/include conftest.c >&5
configure:16428: $? = 0
configure:16437: result: yes
configure:16409: checking whether scandir is declared without a macro
configure:16428: gcc  -c -isystem/home/ubuntu/yocto/rpi-build/tmp/work/x86_64-linux/patch-native/2.7.6-r0/recipe-sysroot-native/usr/include -O2 -pipe -isystem/home/ubuntu/yocto/rpi-build/tmp/work/x86_64-linux/patch-native/2.7.6-r0/recipe-sysroot-native/usr/include conftest.c >&5
configure:16428: $? = 0
configure:16437: result: yes
configure:16463: checking for dirfd
configure:16463: gcc  -o conftest -isystem/home/ubuntu/yocto/rpi-build/tmp/work/x86_64-linux/patch-native/2.7.6-r0/recipe-sysroot-native/usr/include -O2 -pipe -isystem/home/ubuntu/yocto/rpi-build/tmp/work/x86_64-linux/patch-native/2.7.6-r0/recipe-sysroot-native/usr/include -L/home/ubuntu/yocto/rpi-build/tmp/work/x86_64-linux/patch-native/2.7.6-r0/recipe-sysroot-native/usr/lib                         -L/home/ubuntu/yocto/rpi-build/tmp/work/x86_64-linux/patch-native/2.7.6-r0/recipe-sysroot-native/lib                         -Wl,--enable-new-dtags                         -Wl,-rpath-link,/home/ubuntu/yocto/rpi-build/tmp/work/x86_64-linux/patch-native/2.7.6-r0/recipe-sysroot-native/usr/lib                         -Wl,-rpath-link,/home/ubuntu/yocto/rpi-build/tmp/work/x86_64-linux/patch-native/2.7.6-r0/recipe-sysroot-native/lib                         -Wl,-rpath,/home/ubuntu/yocto/rpi-build/tmp/work/x86_64-linux/patch-native/2.7.6-r0/recipe-sysroot-native/usr/lib                         -Wl,-rpath,/home/ubuntu/yocto/rpi-build/tmp/work/x86_64-linux/patch-native/2.7.6-r0/recipe-sysroot-native/lib                         -Wl,-O1 -Wl,--allow-shlib-undefined -Wl,--dynamic-linker=/home/ubuntu/yocto/rpi-build/tmp/sysroots-uninative/x86_64-linux/lib/ld-linux-x86-64.so.2 conftest.c  >&5
configure:16463: $? = 0
configure:16463: result: yes
configure:16470: checking whether dirfd is declared
configure:16470: result: yes
configure:16485: checking whether dirfd is a macro
configure:16510: result: no
configure:16615: checking whether // is distinct from /
configure:16645: result: no
configure:16662: checking whether dup2 works
configure:16752: gcc  -o conftest -isystem/home/ubuntu/yocto/rpi-build/tmp/work/x86_64-linux/patch-native/2.7.6-r0/recipe-sysroot-native/usr/include -O2 -pipe -isystem/home/ubuntu/yocto/rpi-build/tmp/work/x86_64-linux/patch-native/2.7.6-r0/recipe-sysroot-native/usr/include -L/home/ubuntu/yocto/rpi-build/tmp/work/x86_64-linux/patch-native/2.7.6-r0/recipe-sysroot-native/usr/lib                         -L/home/ubuntu/yocto/rpi-build/tmp/work/x86_64-linux/patch-native/2.7.6-r0/recipe-sysroot-native/lib                         -Wl,--enable-new-dtags                         -Wl,-rpath-link,/home/ubuntu/yocto/rpi-build/tmp/work/x86_64-linux/patch-native/2.7.6-r0/recipe-sysroot-native/usr/lib                         -Wl,-rpath-link,/home/ubuntu/yocto/rpi-build/tmp/work/x86_64-linux/patch-native/2.7.6-r0/recipe-sysroot-native/lib                         -Wl,-rpath,/home/ubuntu/yocto/rpi-build/tmp/work/x86_64-linux/patch-native/2.7.6-r0/recipe-sysroot-native/usr/lib                         -Wl,-rpath,/home/ubuntu/yocto/rpi-build/tmp/work/x86_64-linux/patch-native/2.7.6-r0/recipe-sysroot-native/lib                         -Wl,-O1 -Wl,--allow-shlib-undefined -Wl,--dynamic-linker=/home/ubuntu/yocto/rpi-build/tmp/sysroots-uninative/x86_64-linux/lib/ld-linux-x86-64.so.2 conftest.c  >&5
configure:16752: $? = 0
configure:16752: ./conftest
configure:16752: $? = 0
configure:16764: result: yes
configure:16841: checking for error_at_line
configure:16858: gcc  -o conftest -isystem/home/ubuntu/yocto/rpi-build/tmp/work/x86_64-linux/patch-native/2.7.6-r0/recipe-sysroot-native/usr/include -O2 -pipe -isystem/home/ubuntu/yocto/rpi-build/tmp/work/x86_64-linux/patch-native/2.7.6-r0/recipe-sysroot-native/usr/include -L/home/ubuntu/yocto/rpi-build/tmp/work/x86_64-linux/patch-native/2.7.6-r0/recipe-sysroot-native/usr/lib                         -L/home/ubuntu/yocto/rpi-build/tmp/work/x86_64-linux/patch-native/2.7.6-r0/recipe-sysroot-native/lib                         -Wl,--enable-new-dtags                         -Wl,-rpath-link,/home/ubuntu/yocto/rpi-build/tmp/work/x86_64-linux/patch-native/2.7.6-r0/recipe-sysroot-native/usr/lib                         -Wl,-rpath-link,/home/ubuntu/yocto/rpi-build/tmp/work/x86_64-linux/patch-native/2.7.6-r0/recipe-sysroot-native/lib                         -Wl,-rpath,/home/ubuntu/yocto/rpi-build/tmp/work/x86_64-linux/patch-native/2.7.6-r0/recipe-sysroot-native/usr/lib                         -Wl,-rpath,/home/ubuntu/yocto/rpi-build/tmp/work/x86_64-linux/patch-native/2.7.6-r0/recipe-sysroot-native/lib                         -Wl,-O1 -Wl,--allow-shlib-undefined -Wl,--dynamic-linker=/home/ubuntu/yocto/rpi-build/tmp/sysroots-uninative/x86_64-linux/lib/ld-linux-x86-64.so.2 conftest.c  >&5
configure:16858: $? = 0
configure:16867: result: yes
configure:16899: checking for euidaccess
configure:16899: gcc  -o conftest -isystem/home/ubuntu/yocto/rpi-build/tmp/work/x86_64-linux/patch-native/2.7.6-r0/recipe-sysroot-native/usr/include -O2 -pipe -isystem/home/ubuntu/yocto/rpi-build/tmp/work/x86_64-linux/patch-native/2.7.6-r0/recipe-sysroot-native/usr/include -L/home/ubuntu/yocto/rpi-build/tmp/work/x86_64-linux/patch-native/2.7.6-r0/recipe-sysroot-native/usr/lib                         -L/home/ubuntu/yocto/rpi-build/tmp/work/x86_64-linux/patch-native/2.7.6-r0/recipe-sysroot-native/lib                         -Wl,--enable-new-dtags                         -Wl,-rpath-link,/home/ubuntu/yocto/rpi-build/tmp/work/x86_64-linux/patch-native/2.7.6-r0/recipe-sysroot-native/usr/lib                         -Wl,-rpath-link,/home/ubuntu/yocto/rpi-build/tmp/work/x86_64-linux/patch-native/2.7.6-r0/recipe-sysroot-native/lib                         -Wl,-rpath,/home/ubuntu/yocto/rpi-build/tmp/work/x86_64-linux/patch-native/2.7.6-r0/recipe-sysroot-native/usr/lib                         -Wl,-rpath,/home/ubuntu/yocto/rpi-build/tmp/work/x86_64-linux/patch-native/2.7.6-r0/recipe-sysroot-native/lib                         -Wl,-O1 -Wl,--allow-shlib-undefined -Wl,--dynamic-linker=/home/ubuntu/yocto/rpi-build/tmp/sysroots-uninative/x86_64-linux/lib/ld-linux-x86-64.so.2 conftest.c  >&5
configure:16899: $? = 0
configure:16899: result: yes
configure:17326: checking for fchownat
configure:17326: gcc  -o conftest -isystem/home/ubuntu/yocto/rpi-build/tmp/work/x86_64-linux/patch-native/2.7.6-r0/recipe-sysroot-native/usr/include -O2 -pipe -isystem/home/ubuntu/yocto/rpi-build/tmp/work/x86_64-linux/patch-native/2.7.6-r0/recipe-sysroot-native/usr/include -L/home/ubuntu/yocto/rpi-build/tmp/work/x86_64-linux/patch-native/2.7.6-r0/recipe-sysroot-native/usr/lib                         -L/home/ubuntu/yocto/rpi-build/tmp/work/x86_64-linux/patch-native/2.7.6-r0/recipe-sysroot-native/lib                         -Wl,--enable-new-dtags                         -Wl,-rpath-link,/home/ubuntu/yocto/rpi-build/tmp/work/x86_64-linux/patch-native/2.7.6-r0/recipe-sysroot-native/usr/lib                         -Wl,-rpath-link,/home/ubuntu/yocto/rpi-build/tmp/work/x86_64-linux/patch-native/2.7.6-r0/recipe-sysroot-native/lib                         -Wl,-rpath,/home/ubuntu/yocto/rpi-build/tmp/work/x86_64-linux/patch-native/2.7.6-r0/recipe-sysroot-native/usr/lib                         -Wl,-rpath,/home/ubuntu/yocto/rpi-build/tmp/work/x86_64-linux/patch-native/2.7.6-r0/recipe-sysroot-native/lib                         -Wl,-O1 -Wl,--allow-shlib-undefined -Wl,--dynamic-linker=/home/ubuntu/yocto/rpi-build/tmp/sysroots-uninative/x86_64-linux/lib/ld-linux-x86-64.so.2 conftest.c  >&5
configure:17326: $? = 0
configure:17326: result: yes
configure:17332: checking whether fchownat works with AT_SYMLINK_NOFOLLOW
configure:17366: gcc  -o conftest -isystem/home/ubuntu/yocto/rpi-build/tmp/work/x86_64-linux/patch-native/2.7.6-r0/recipe-sysroot-native/usr/include -O2 -pipe -isystem/home/ubuntu/yocto/rpi-build/tmp/work/x86_64-linux/patch-native/2.7.6-r0/recipe-sysroot-native/usr/include -L/home/ubuntu/yocto/rpi-build/tmp/work/x86_64-linux/patch-native/2.7.6-r0/recipe-sysroot-native/usr/lib                         -L/home/ubuntu/yocto/rpi-build/tmp/work/x86_64-linux/patch-native/2.7.6-r0/recipe-sysroot-native/lib                         -Wl,--enable-new-dtags                         -Wl,-rpath-link,/home/ubuntu/yocto/rpi-build/tmp/work/x86_64-linux/patch-native/2.7.6-r0/recipe-sysroot-native/usr/lib                         -Wl,-rpath-link,/home/ubuntu/yocto/rpi-build/tmp/work/x86_64-linux/patch-native/2.7.6-r0/recipe-sysroot-native/lib                         -Wl,-rpath,/home/ubuntu/yocto/rpi-build/tmp/work/x86_64-linux/patch-native/2.7.6-r0/recipe-sysroot-native/usr/lib                         -Wl,-rpath,/home/ubuntu/yocto/rpi-build/tmp/work/x86_64-linux/patch-native/2.7.6-r0/recipe-sysroot-native/lib                         -Wl,-O1 -Wl,--allow-shlib-undefined -Wl,--dynamic-linker=/home/ubuntu/yocto/rpi-build/tmp/sysroots-uninative/x86_64-linux/lib/ld-linux-x86-64.so.2 conftest.c  >&5
configure:17366: $? = 0
configure:17366: ./conftest
configure:17366: $? = 0
configure:17378: result: yes
configure:17392: checking whether fchownat works with an empty file name
configure:17426: gcc  -o conftest -isystem/home/ubuntu/yocto/rpi-build/tmp/work/x86_64-linux/patch-native/2.7.6-r0/recipe-sysroot-native/usr/include -O2 -pipe -isystem/home/ubuntu/yocto/rpi-build/tmp/work/x86_64-linux/patch-native/2.7.6-r0/recipe-sysroot-native/usr/include -L/home/ubuntu/yocto/rpi-build/tmp/work/x86_64-linux/patch-native/2.7.6-r0/recipe-sysroot-native/usr/lib                         -L/home/ubuntu/yocto/rpi-build/tmp/work/x86_64-linux/patch-native/2.7.6-r0/recipe-sysroot-native/lib                         -Wl,--enable-new-dtags                         -Wl,-rpath-link,/home/ubuntu/yocto/rpi-build/tmp/work/x86_64-linux/patch-native/2.7.6-r0/recipe-sysroot-native/usr/lib                         -Wl,-rpath-link,/home/ubuntu/yocto/rpi-build/tmp/work/x86_64-linux/patch-native/2.7.6-r0/recipe-sysroot-native/lib                         -Wl,-rpath,/home/ubuntu/yocto/rpi-build/tmp/work/x86_64-linux/patch-native/2.7.6-r0/recipe-sysroot-native/usr/lib                         -Wl,-rpath,/home/ubuntu/yocto/rpi-build/tmp/work/x86_64-linux/patch-native/2.7.6-r0/recipe-sysroot-native/lib                         -Wl,-O1 -Wl,--allow-shlib-undefined -Wl,--dynamic-linker=/home/ubuntu/yocto/rpi-build/tmp/sysroots-uninative/x86_64-linux/lib/ld-linux-x86-64.so.2 conftest.c  >&5
conftest.c: In function 'main':
conftest.c:238:17: warning: implicit declaration of function 'mkdir' [-Wimplicit-function-declaration]
  238 |             if (mkdir ("conftestdir", 0700) < 0)
      |                 ^~~~~
configure:17426: $? = 0
configure:17426: ./conftest
configure:17426: $? = 0
configure:17438: result: yes
configure:17504: checking whether fcntl handles F_DUPFD correctly
configure:17564: gcc  -o conftest -isystem/home/ubuntu/yocto/rpi-build/tmp/work/x86_64-linux/patch-native/2.7.6-r0/recipe-sysroot-native/usr/include -O2 -pipe -isystem/home/ubuntu/yocto/rpi-build/tmp/work/x86_64-linux/patch-native/2.7.6-r0/recipe-sysroot-native/usr/include -L/home/ubuntu/yocto/rpi-build/tmp/work/x86_64-linux/patch-native/2.7.6-r0/recipe-sysroot-native/usr/lib                         -L/home/ubuntu/yocto/rpi-build/tmp/work/x86_64-linux/patch-native/2.7.6-r0/recipe-sysroot-native/lib                         -Wl,--enable-new-dtags                         -Wl,-rpath-link,/home/ubuntu/yocto/rpi-build/tmp/work/x86_64-linux/patch-native/2.7.6-r0/recipe-sysroot-native/usr/lib                         -Wl,-rpath-link,/home/ubuntu/yocto/rpi-build/tmp/work/x86_64-linux/patch-native/2.7.6-r0/recipe-sysroot-native/lib                         -Wl,-rpath,/home/ubuntu/yocto/rpi-build/tmp/work/x86_64-linux/patch-native/2.7.6-r0/recipe-sysroot-native/usr/lib                         -Wl,-rpath,/home/ubuntu/yocto/rpi-build/tmp/work/x86_64-linux/patch-native/2.7.6-r0/recipe-sysroot-native/lib                         -Wl,-O1 -Wl,--allow-shlib-undefined -Wl,--dynamic-linker=/home/ubuntu/yocto/rpi-build/tmp/sysroots-uninative/x86_64-linux/lib/ld-linux-x86-64.so.2 conftest.c  >&5
configure:17564: $? = 0
configure:17564: ./conftest
configure:17564: $? = 0
configure:17575: result: yes
configure:17593: checking whether fcntl understands F_DUPFD_CLOEXEC
configure:17615: gcc  -c -isystem/home/ubuntu/yocto/rpi-build/tmp/work/x86_64-linux/patch-native/2.7.6-r0/recipe-sysroot-native/usr/include -O2 -pipe -isystem/home/ubuntu/yocto/rpi-build/tmp/work/x86_64-linux/patch-native/2.7.6-r0/recipe-sysroot-native/usr/include conftest.c >&5
configure:17615: $? = 0
configure:17634: gcc  -c -isystem/home/ubuntu/yocto/rpi-build/tmp/work/x86_64-linux/patch-native/2.7.6-r0/recipe-sysroot-native/usr/include -O2 -pipe -isystem/home/ubuntu/yocto/rpi-build/tmp/work/x86_64-linux/patch-native/2.7.6-r0/recipe-sysroot-native/usr/include conftest.c >&5
conftest.c:236:1: error: unknown type name 'choke'
  236 | choke me
      | ^~~~~
conftest.c:236:9: error: expected ';' before 'int'
  236 | choke me
      |         ^
      |         ;
......
  239 | int
      | ~~~      
configure:17634: $? = 1
configure: failed program was:
| /* confdefs.h */
| #define PACKAGE_NAME "GNU patch"
| #define PACKAGE_TARNAME "patch"
| #define PACKAGE_VERSION "2.7.6"
| #define PACKAGE_STRING "GNU patch 2.7.6"
| #define PACKAGE_BUGREPORT "bug-patch@gnu.org"
| #define PACKAGE_URL "https://www.gnu.org/software/patch/"
| #define PACKAGE "patch"
| #define VERSION "2.7.6"
| #define HAVE_STDIO_H 1
| #define HAVE_STDLIB_H 1
| #define HAVE_STRING_H 1
| #define HAVE_INTTYPES_H 1
| #define HAVE_STDINT_H 1
| #define HAVE_STRINGS_H 1
| #define HAVE_SYS_STAT_H 1
| #define HAVE_SYS_TYPES_H 1
| #define HAVE_UNISTD_H 1
| #define HAVE_SYS_PARAM_H 1
| #define HAVE_SYS_SOCKET_H 1
| #define HAVE_DIRENT_H 1
| #define HAVE_GETOPT_H 1
| #define HAVE_SYS_CDEFS_H 1
| #define HAVE_SYS_TIME_H 1
| #define HAVE_LIMITS_H 1
| #define HAVE_WCHAR_H 1
| #define HAVE_SYS_MMAN_H 1
| #define HAVE_UTIME_H 1
| #define HAVE_FEATURES_H 1
| #define HAVE_WCTYPE_H 1
| #define STDC_HEADERS 1
| #define __EXTENSIONS__ 1
| #define _ALL_SOURCE 1
| #define _DARWIN_C_SOURCE 1
| #define _GNU_SOURCE 1
| #define _NETBSD_SOURCE 1
| #define _OPENBSD_SOURCE 1
| #define _POSIX_PTHREAD_SEMANTICS 1
| #define __STDC_WANT_IEC_60559_ATTRIBS_EXT__ 1
| #define __STDC_WANT_IEC_60559_BFP_EXT__ 1
| #define __STDC_WANT_IEC_60559_DFP_EXT__ 1
| #define __STDC_WANT_IEC_60559_FUNCS_EXT__ 1
| #define __STDC_WANT_IEC_60559_TYPES_EXT__ 1
| #define __STDC_WANT_LIB_EXT2__ 1
| #define __STDC_WANT_MATH_SPEC_FUNCS__ 1
| #define _TANDEM_SOURCE 1
| #define _HPUX_ALT_XOPEN_SOCKET_API 1
| #define HAVE_ALLOCA_H 1
| #define HAVE_ALLOCA 1
| #define D_INO_IN_DIRENT 1
| #define HAVE_LONG_FILE_NAMES 1
| #define HAVE_PATHCONF 1
| #define HAVE_CANONICALIZE_FILE_NAME 1
| #define HAVE_GETCWD 1
| #define HAVE_READLINK 1
| #define HAVE_REALPATH 1
| #define HAVE_CHOWN 1
| #define HAVE_FCHOWN 1
| #define HAVE_FCHDIR 1
| #define HAVE_FDOPENDIR 1
| #define HAVE_FACCESSAT 1
| #define HAVE_FCHMODAT 1
| #define HAVE_LCHMOD 1
| #define HAVE_FCNTL 1
| #define HAVE_SYMLINK 1
| #define HAVE_MEMPCPY 1
| #define HAVE_FSTATAT 1
| #define HAVE_GETDTABLESIZE 1
| #define HAVE_GETTIMEOFDAY 1
| #define HAVE_LSTAT 1
| #define HAVE_MBSINIT 1
| #define HAVE_MBRTOWC 1
| #define HAVE_MPROTECT 1
| #define HAVE_MKDIRAT 1
| #define HAVE_TZSET 1
| #define HAVE_OPENAT 1
| #define HAVE_READLINKAT 1
| #define HAVE_LINK 1
| #define HAVE_RENAMEAT 1
| #define HAVE_SETENV 1
| #define HAVE_STRDUP 1
| #define HAVE_STRNDUP 1
| #define HAVE_SYMLINKAT 1
| #define HAVE_LOCALTIME_R 1
| #define HAVE_TIMEGM 1
| #define HAVE_PIPE 1
| #define HAVE_UNLINKAT 1
| #define HAVE_UTIME 1
| #define HAVE_FUTIMES 1
| #define HAVE_FUTIMESAT 1
| #define HAVE_FUTIMENS 1
| #define HAVE_UTIMENSAT 1
| #define HAVE_LUTIMES 1
| #define HAVE_SNPRINTF 1
| #define HAVE_ISWCNTRL 1
| #define FUNC_REALPATH_WORKS 1
| #define HAVE_UNISTD_H 1
| #define HAVE_CHOWN 1
| #define HAVE_ENVIRON_DECL 1
| #define HAVE_DECL_STRERROR_R 1
| #define HAVE_STRERROR_R 1
| #define STRERROR_R_CHAR_P 1
| #define GETGROUPS_T gid_t
| #define LSTAT_FOLLOWS_SLASHED_SYMLINK 1
| #define HAVE_DECL_FCHDIR 1
| #define HAVE_WORKING_O_NOATIME 1
| #define HAVE_WORKING_O_NOFOLLOW 1
| #define HAVE_RAW_DECL_FCHMODAT 1
| #define HAVE_RAW_DECL_FSTAT 1
| #define HAVE_RAW_DECL_FSTATAT 1
| #define HAVE_RAW_DECL_FUTIMENS 1
| #define HAVE_RAW_DECL_LCHMOD 1
| #define HAVE_RAW_DECL_LSTAT 1
| #define HAVE_RAW_DECL_MKDIRAT 1
| #define HAVE_RAW_DECL_MKFIFO 1
| #define HAVE_RAW_DECL_MKFIFOAT 1
| #define HAVE_RAW_DECL_MKNOD 1
| #define HAVE_RAW_DECL_MKNODAT 1
| #define HAVE_RAW_DECL_STAT 1
| #define HAVE_RAW_DECL_UTIMENSAT 1
| #define HAVE_DECL_GETDTABLESIZE 1
| #define HAVE_GETOPT_H 1
| #define HAVE_GETOPT_LONG_ONLY 1
| #define restrict __restrict
| #define HAVE_RAW_DECL_GETTIMEOFDAY 1
| #define HAVE_WINT_T 1
| #define HAVE_UNSIGNED_LONG_LONG_INT 1
| #define HAVE_LONG_LONG_INT 1
| #define HAVE_RAW_DECL_IMAXABS 1
| #define HAVE_RAW_DECL_IMAXDIV 1
| #define HAVE_RAW_DECL_STRTOIMAX 1
| #define HAVE_RAW_DECL_STRTOUMAX 1
| #define HAVE_INTTYPES_H 1
| #define HAVE_LANGINFO_CODESET 1
| #define HAVE_DECL_GETC_UNLOCKED 1
| #define MALLOC_0_IS_NONNULL 1
| #define HAVE_MBSTATE_T 1
| #define HAVE_MAP_ANONYMOUS 1
| #define HAVE_DECL_MEMRCHR 1
| #define HAVE_MINMAX_IN_SYS_PARAM_H 1
| #define TIME_T_IS_SIGNED 1
| #define HAVE_DECL_ALARM 1
| #define HAVE_STRUCT_TM_TM_ZONE 1
| #define HAVE_TM_ZONE 1
| #define HAVE_TM_GMTOFF 1
| #define PROMOTED_MODE_T mode_t
| #define HAVE__BOOL 1
| #define HAVE_COMPOUND_LITERALS 1
| #define HAVE_DECL_SETENV 1
| #define HAVE_SEARCH_H 1
| #define HAVE_TSEARCH 1
| #define HAVE_SIGSET_T 1
| #define HAVE_WCHAR_T 1
| #define HAVE_DECL_STRDUP 1
| #define HAVE_RAW_DECL_FFSL 1
| #define HAVE_RAW_DECL_FFSLL 1
| #define HAVE_RAW_DECL_MEMMEM 1
| #define HAVE_RAW_DECL_MEMPCPY 1
| #define HAVE_RAW_DECL_MEMRCHR 1
| #define HAVE_RAW_DECL_RAWMEMCHR 1
| #define HAVE_RAW_DECL_STPCPY 1
| #define HAVE_RAW_DECL_STPNCPY 1
| #define HAVE_RAW_DECL_STRCHRNUL 1
| #define HAVE_RAW_DECL_STRDUP 1
| #define HAVE_RAW_DECL_STRNCAT 1
| #define HAVE_RAW_DECL_STRNDUP 1
| #define HAVE_RAW_DECL_STRNLEN 1
| #define HAVE_RAW_DECL_STRPBRK 1
| #define HAVE_RAW_DECL_STRSEP 1
| #define HAVE_RAW_DECL_STRCASESTR 1
| #define HAVE_RAW_DECL_STRTOK_R 1
| #define HAVE_RAW_DECL_STRERROR_R 1
| #define HAVE_RAW_DECL_STRSIGNAL 1
| #define HAVE_RAW_DECL_STRVERSCMP 1
| #define HAVE_DECL_STRNDUP 1
| #define HAVE_DECL_STRNLEN 1
| #define _USE_STD_STAT 1
| #define HAVE_DECL_UNSETENV 1
| #define HAVE_WORKING_UTIMES 1
| #define HAVE_INTTYPES_H_WITH_UINTMAX 1
| #define HAVE_STDINT_H_WITH_UINTMAX 1
| #define HAVE_INTMAX_T 1
| #define DBL_EXPBIT0_WORD 1
| #define DBL_EXPBIT0_BIT 20
| #define HAVE_SNPRINTF 1
| #define HAVE_STRNLEN 1
| #define HAVE_WCSLEN 1
| #define HAVE_WCSNLEN 1
| #define HAVE_MBRTOWC 1
| #define HAVE_WCRTOMB 1
| #define HAVE_DECL__SNPRINTF 0
| #define HAVE_SNPRINTF_RETVAL_C99 1
| #define HAVE_ALLOCA 1
| #define GNULIB_CANONICALIZE_LGPL 1
| #define GNULIB_TEST_CANONICALIZE_FILE_NAME 1
| #define GNULIB_TEST_REALPATH 1
| #define GNULIB_TEST_CHDIR 1
| #define GNULIB_TEST_CHOWN 1
| #define HAVE_CLOCK_GETTIME 1
| #define HAVE_CLOCK_SETTIME 1
| #define GNULIB_TEST_CLOEXEC 1
| #define GNULIB_TEST_CLOSE 1
| #define HAVE_CLOSEDIR 1
| #define GNULIB_TEST_CLOSEDIR 1
| #define D_INO_IN_DIRENT 1
| #define HAVE_RAW_DECL_ALPHASORT 1
| #define HAVE_RAW_DECL_CLOSEDIR 1
| #define HAVE_RAW_DECL_DIRFD 1
| #define HAVE_RAW_DECL_FDOPENDIR 1
| #define HAVE_RAW_DECL_OPENDIR 1
| #define HAVE_RAW_DECL_READDIR 1
| #define HAVE_RAW_DECL_REWINDDIR 1
| #define HAVE_RAW_DECL_SCANDIR 1
| #define GNULIB_DIRENT_SAFER 1
| #define HAVE_DIRFD 1
| #define HAVE_DECL_DIRFD 1
| #define GNULIB_TEST_DIRFD 1
| #define GNULIB_DIRNAME 1
| #define HAVE_DUP2 1
| #define GNULIB_TEST_DUP2 1
| #define GNULIB_TEST_ENVIRON 1
| #define HAVE_EUIDACCESS 1
| #define GNULIB_TEST_EUIDACCESS 1
| #define GNULIB_FACCESSAT 1
| #define GNULIB_TEST_FACCESSAT 1
| #define GNULIB_TEST_FCHDIR 1
| #define GNULIB_FCHMODAT 1
| #define GNULIB_TEST_FCHMODAT 1
| #define GNULIB_FCHOWNAT 1
| #define GNULIB_TEST_FCHOWNAT 1
| /* end confdefs.h.  */
| 
| #ifdef __linux__
| /* The Linux kernel only added F_DUPFD_CLOEXEC in 2.6.24, so we always replace
|    it to support the semantics on older kernels that failed with EINVAL.  */
| choke me
| #endif
| 
| int
| main (void)
| {
| 
|   ;
|   return 0;
| }
configure:17646: result: needs runtime check
configure:17791: checking whether fcntl is declared without a macro
configure:17810: gcc  -c -isystem/home/ubuntu/yocto/rpi-build/tmp/work/x86_64-linux/patch-native/2.7.6-r0/recipe-sysroot-native/usr/include -O2 -pipe -isystem/home/ubuntu/yocto/rpi-build/tmp/work/x86_64-linux/patch-native/2.7.6-r0/recipe-sysroot-native/usr/include conftest.c >&5
configure:17810: $? = 0
configure:17819: result: yes
configure:17791: checking whether openat is declared without a macro
configure:17810: gcc  -c -isystem/home/ubuntu/yocto/rpi-build/tmp/work/x86_64-linux/patch-native/2.7.6-r0/recipe-sysroot-native/usr/include -O2 -pipe -isystem/home/ubuntu/yocto/rpi-build/tmp/work/x86_64-linux/patch-native/2.7.6-r0/recipe-sysroot-native/usr/include conftest.c >&5
configure:17810: $? = 0
configure:17819: result: yes
configure:17841: checking for flexible array member
configure:17870: gcc  -c -isystem/home/ubuntu/yocto/rpi-build/tmp/work/x86_64-linux/patch-native/2.7.6-r0/recipe-sysroot-native/usr/include -O2 -pipe -isystem/home/ubuntu/yocto/rpi-build/tmp/work/x86_64-linux/patch-native/2.7.6-r0/recipe-sysroot-native/usr/include conftest.c >&5
configure:17870: $? = 0
configure:17878: result: yes
configure:17942: checking whether conversion from 'int' to 'long double' works
configure:17989: gcc  -o conftest -isystem/home/ubuntu/yocto/rpi-build/tmp/work/x86_64-linux/patch-native/2.7.6-r0/recipe-sysroot-native/usr/include -O2 -pipe -isystem/home/ubuntu/yocto/rpi-build/tmp/work/x86_64-linux/patch-native/2.7.6-r0/recipe-sysroot-native/usr/include -L/home/ubuntu/yocto/rpi-build/tmp/work/x86_64-linux/patch-native/2.7.6-r0/recipe-sysroot-native/usr/lib                         -L/home/ubuntu/yocto/rpi-build/tmp/work/x86_64-linux/patch-native/2.7.6-r0/recipe-sysroot-native/lib                         -Wl,--enable-new-dtags                         -Wl,-rpath-link,/home/ubuntu/yocto/rpi-build/tmp/work/x86_64-linux/patch-native/2.7.6-r0/recipe-sysroot-native/usr/lib                         -Wl,-rpath-link,/home/ubuntu/yocto/rpi-build/tmp/work/x86_64-linux/patch-native/2.7.6-r0/recipe-sysroot-native/lib                         -Wl,-rpath,/home/ubuntu/yocto/rpi-build/tmp/work/x86_64-linux/patch-native/2.7.6-r0/recipe-sysroot-native/usr/lib                         -Wl,-rpath,/home/ubuntu/yocto/rpi-build/tmp/work/x86_64-linux/patch-native/2.7.6-r0/recipe-sysroot-native/lib                         -Wl,-O1 -Wl,--allow-shlib-undefined -Wl,--dynamic-linker=/home/ubuntu/yocto/rpi-build/tmp/sysroots-uninative/x86_64-linux/lib/ld-linux-x86-64.so.2 conftest.c  >&5
configure:17989: $? = 0
configure:17989: ./conftest
configure:17989: $? = 0
configure:18001: result: yes
configure:18202: checking whether fstatat (..., 0) works
configure:18241: result: yes
configure:18336: checking whether getdtablesize works
configure:18371: gcc  -o conftest -isystem/home/ubuntu/yocto/rpi-build/tmp/work/x86_64-linux/patch-native/2.7.6-r0/recipe-sysroot-native/usr/include -O2 -pipe -isystem/home/ubuntu/yocto/rpi-build/tmp/work/x86_64-linux/patch-native/2.7.6-r0/recipe-sysroot-native/usr/include -L/home/ubuntu/yocto/rpi-build/tmp/work/x86_64-linux/patch-native/2.7.6-r0/recipe-sysroot-native/usr/lib                         -L/home/ubuntu/yocto/rpi-build/tmp/work/x86_64-linux/patch-native/2.7.6-r0/recipe-sysroot-native/lib                         -Wl,--enable-new-dtags                         -Wl,-rpath-link,/home/ubuntu/yocto/rpi-build/tmp/work/x86_64-linux/patch-native/2.7.6-r0/recipe-sysroot-native/usr/lib                         -Wl,-rpath-link,/home/ubuntu/yocto/rpi-build/tmp/work/x86_64-linux/patch-native/2.7.6-r0/recipe-sysroot-native/lib                         -Wl,-rpath,/home/ubuntu/yocto/rpi-build/tmp/work/x86_64-linux/patch-native/2.7.6-r0/recipe-sysroot-native/usr/lib                         -Wl,-rpath,/home/ubuntu/yocto/rpi-build/tmp/work/x86_64-linux/patch-native/2.7.6-r0/recipe-sysroot-native/lib                         -Wl,-O1 -Wl,--allow-shlib-undefined -Wl,--dynamic-linker=/home/ubuntu/yocto/rpi-build/tmp/sysroots-uninative/x86_64-linux/lib/ld-linux-x86-64.so.2 conftest.c  >&5
configure:18371: $? = 0
configure:18371: ./conftest
configure:18371: $? = 0
configure:18385: result: yes
configure:18427: checking for getgroups
configure:18427: gcc  -o conftest -isystem/home/ubuntu/yocto/rpi-build/tmp/work/x86_64-linux/patch-native/2.7.6-r0/recipe-sysroot-native/usr/include -O2 -pipe -isystem/home/ubuntu/yocto/rpi-build/tmp/work/x86_64-linux/patch-native/2.7.6-r0/recipe-sysroot-native/usr/include -L/home/ubuntu/yocto/rpi-build/tmp/work/x86_64-linux/patch-native/2.7.6-r0/recipe-sysroot-native/usr/lib                         -L/home/ubuntu/yocto/rpi-build/tmp/work/x86_64-linux/patch-native/2.7.6-r0/recipe-sysroot-native/lib                         -Wl,--enable-new-dtags                         -Wl,-rpath-link,/home/ubuntu/yocto/rpi-build/tmp/work/x86_64-linux/patch-native/2.7.6-r0/recipe-sysroot-native/usr/lib                         -Wl,-rpath-link,/home/ubuntu/yocto/rpi-build/tmp/work/x86_64-linux/patch-native/2.7.6-r0/recipe-sysroot-native/lib                         -Wl,-rpath,/home/ubuntu/yocto/rpi-build/tmp/work/x86_64-linux/patch-native/2.7.6-r0/recipe-sysroot-native/usr/lib                         -Wl,-rpath,/home/ubuntu/yocto/rpi-build/tmp/work/x86_64-linux/patch-native/2.7.6-r0/recipe-sysroot-native/lib                         -Wl,-O1 -Wl,--allow-shlib-undefined -Wl,--dynamic-linker=/home/ubuntu/yocto/rpi-build/tmp/sysroots-uninative/x86_64-linux/lib/ld-linux-x86-64.so.2 conftest.c  >&5
configure:18427: $? = 0
configure:18427: result: yes
configure:18483: checking for working getgroups
configure:18522: result: yes
configure:18550: checking whether getgroups handles negative values
configure:18581: gcc  -o conftest -isystem/home/ubuntu/yocto/rpi-build/tmp/work/x86_64-linux/patch-native/2.7.6-r0/recipe-sysroot-native/usr/include -O2 -pipe -isystem/home/ubuntu/yocto/rpi-build/tmp/work/x86_64-linux/patch-native/2.7.6-r0/recipe-sysroot-native/usr/include -L/home/ubuntu/yocto/rpi-build/tmp/work/x86_64-linux/patch-native/2.7.6-r0/recipe-sysroot-native/usr/lib                         -L/home/ubuntu/yocto/rpi-build/tmp/work/x86_64-linux/patch-native/2.7.6-r0/recipe-sysroot-native/lib                         -Wl,--enable-new-dtags                         -Wl,-rpath-link,/home/ubuntu/yocto/rpi-build/tmp/work/x86_64-linux/patch-native/2.7.6-r0/recipe-sysroot-native/usr/lib                         -Wl,-rpath-link,/home/ubuntu/yocto/rpi-build/tmp/work/x86_64-linux/patch-native/2.7.6-r0/recipe-sysroot-native/lib                         -Wl,-rpath,/home/ubuntu/yocto/rpi-build/tmp/work/x86_64-linux/patch-native/2.7.6-r0/recipe-sysroot-native/usr/lib                         -Wl,-rpath,/home/ubuntu/yocto/rpi-build/tmp/work/x86_64-linux/patch-native/2.7.6-r0/recipe-sysroot-native/lib                         -Wl,-O1 -Wl,--allow-shlib-undefined -Wl,--dynamic-linker=/home/ubuntu/yocto/rpi-build/tmp/sysroots-uninative/x86_64-linux/lib/ld-linux-x86-64.so.2 conftest.c  >&5
configure:18581: $? = 0
configure:18581: ./conftest
configure:18581: $? = 0
configure:18592: result: yes
configure:18691: checking whether program_invocation_name is declared
configure:18691: gcc  -c -isystem/home/ubuntu/yocto/rpi-build/tmp/work/x86_64-linux/patch-native/2.7.6-r0/recipe-sysroot-native/usr/include -O2 -pipe  -isystem/home/ubuntu/yocto/rpi-build/tmp/work/x86_64-linux/patch-native/2.7.6-r0/recipe-sysroot-native/usr/include conftest.c >&5
configure:18691: $? = 0
configure:18691: result: yes
configure:18705: checking whether program_invocation_short_name is declared
configure:18705: gcc  -c -isystem/home/ubuntu/yocto/rpi-build/tmp/work/x86_64-linux/patch-native/2.7.6-r0/recipe-sysroot-native/usr/include -O2 -pipe  -isystem/home/ubuntu/yocto/rpi-build/tmp/work/x86_64-linux/patch-native/2.7.6-r0/recipe-sysroot-native/usr/include conftest.c >&5
configure:18705: $? = 0
configure:18705: result: yes
configure:18719: checking whether __argv is declared
configure:18719: gcc  -c -isystem/home/ubuntu/yocto/rpi-build/tmp/work/x86_64-linux/patch-native/2.7.6-r0/recipe-sysroot-native/usr/include -O2 -pipe  -isystem/home/ubuntu/yocto/rpi-build/tmp/work/x86_64-linux/patch-native/2.7.6-r0/recipe-sysroot-native/usr/include conftest.c >&5
conftest.c: In function 'main':
conftest.c:254:10: error: '__argv' undeclared (first use in this function)
  254 |   (void) __argv;
      |          ^~~~~~
conftest.c:254:10: note: each undeclared identifier is reported only once for each function it appears in
configure:18719: $? = 1
configure: failed program was:
| /* confdefs.h */
| #define PACKAGE_NAME "GNU patch"
| #define PACKAGE_TARNAME "patch"
| #define PACKAGE_VERSION "2.7.6"
| #define PACKAGE_STRING "GNU patch 2.7.6"
| #define PACKAGE_BUGREPORT "bug-patch@gnu.org"
| #define PACKAGE_URL "https://www.gnu.org/software/patch/"
| #define PACKAGE "patch"
| #define VERSION "2.7.6"
| #define HAVE_STDIO_H 1
| #define HAVE_STDLIB_H 1
| #define HAVE_STRING_H 1
| #define HAVE_INTTYPES_H 1
| #define HAVE_STDINT_H 1
| #define HAVE_STRINGS_H 1
| #define HAVE_SYS_STAT_H 1
| #define HAVE_SYS_TYPES_H 1
| #define HAVE_UNISTD_H 1
| #define HAVE_SYS_PARAM_H 1
| #define HAVE_SYS_SOCKET_H 1
| #define HAVE_DIRENT_H 1
| #define HAVE_GETOPT_H 1
| #define HAVE_SYS_CDEFS_H 1
| #define HAVE_SYS_TIME_H 1
| #define HAVE_LIMITS_H 1
| #define HAVE_WCHAR_H 1
| #define HAVE_SYS_MMAN_H 1
| #define HAVE_UTIME_H 1
| #define HAVE_FEATURES_H 1
| #define HAVE_WCTYPE_H 1
| #define STDC_HEADERS 1
| #define __EXTENSIONS__ 1
| #define _ALL_SOURCE 1
| #define _DARWIN_C_SOURCE 1
| #define _GNU_SOURCE 1
| #define _NETBSD_SOURCE 1
| #define _OPENBSD_SOURCE 1
| #define _POSIX_PTHREAD_SEMANTICS 1
| #define __STDC_WANT_IEC_60559_ATTRIBS_EXT__ 1
| #define __STDC_WANT_IEC_60559_BFP_EXT__ 1
| #define __STDC_WANT_IEC_60559_DFP_EXT__ 1
| #define __STDC_WANT_IEC_60559_FUNCS_EXT__ 1
| #define __STDC_WANT_IEC_60559_TYPES_EXT__ 1
| #define __STDC_WANT_LIB_EXT2__ 1
| #define __STDC_WANT_MATH_SPEC_FUNCS__ 1
| #define _TANDEM_SOURCE 1
| #define _HPUX_ALT_XOPEN_SOCKET_API 1
| #define HAVE_ALLOCA_H 1
| #define HAVE_ALLOCA 1
| #define D_INO_IN_DIRENT 1
| #define HAVE_LONG_FILE_NAMES 1
| #define HAVE_PATHCONF 1
| #define HAVE_CANONICALIZE_FILE_NAME 1
| #define HAVE_GETCWD 1
| #define HAVE_READLINK 1
| #define HAVE_REALPATH 1
| #define HAVE_CHOWN 1
| #define HAVE_FCHOWN 1
| #define HAVE_FCHDIR 1
| #define HAVE_FDOPENDIR 1
| #define HAVE_FACCESSAT 1
| #define HAVE_FCHMODAT 1
| #define HAVE_LCHMOD 1
| #define HAVE_FCNTL 1
| #define HAVE_SYMLINK 1
| #define HAVE_MEMPCPY 1
| #define HAVE_FSTATAT 1
| #define HAVE_GETDTABLESIZE 1
| #define HAVE_GETTIMEOFDAY 1
| #define HAVE_LSTAT 1
| #define HAVE_MBSINIT 1
| #define HAVE_MBRTOWC 1
| #define HAVE_MPROTECT 1
| #define HAVE_MKDIRAT 1
| #define HAVE_TZSET 1
| #define HAVE_OPENAT 1
| #define HAVE_READLINKAT 1
| #define HAVE_LINK 1
| #define HAVE_RENAMEAT 1
| #define HAVE_SETENV 1
| #define HAVE_STRDUP 1
| #define HAVE_STRNDUP 1
| #define HAVE_SYMLINKAT 1
| #define HAVE_LOCALTIME_R 1
| #define HAVE_TIMEGM 1
| #define HAVE_PIPE 1
| #define HAVE_UNLINKAT 1
| #define HAVE_UTIME 1
| #define HAVE_FUTIMES 1
| #define HAVE_FUTIMESAT 1
| #define HAVE_FUTIMENS 1
| #define HAVE_UTIMENSAT 1
| #define HAVE_LUTIMES 1
| #define HAVE_SNPRINTF 1
| #define HAVE_ISWCNTRL 1
| #define FUNC_REALPATH_WORKS 1
| #define HAVE_UNISTD_H 1
| #define HAVE_CHOWN 1
| #define HAVE_ENVIRON_DECL 1
| #define HAVE_DECL_STRERROR_R 1
| #define HAVE_STRERROR_R 1
| #define STRERROR_R_CHAR_P 1
| #define GETGROUPS_T gid_t
| #define LSTAT_FOLLOWS_SLASHED_SYMLINK 1
| #define HAVE_DECL_FCHDIR 1
| #define HAVE_WORKING_O_NOATIME 1
| #define HAVE_WORKING_O_NOFOLLOW 1
| #define HAVE_RAW_DECL_FCHMODAT 1
| #define HAVE_RAW_DECL_FSTAT 1
| #define HAVE_RAW_DECL_FSTATAT 1
| #define HAVE_RAW_DECL_FUTIMENS 1
| #define HAVE_RAW_DECL_LCHMOD 1
| #define HAVE_RAW_DECL_LSTAT 1
| #define HAVE_RAW_DECL_MKDIRAT 1
| #define HAVE_RAW_DECL_MKFIFO 1
| #define HAVE_RAW_DECL_MKFIFOAT 1
| #define HAVE_RAW_DECL_MKNOD 1
| #define HAVE_RAW_DECL_MKNODAT 1
| #define HAVE_RAW_DECL_STAT 1
| #define HAVE_RAW_DECL_UTIMENSAT 1
| #define HAVE_DECL_GETDTABLESIZE 1
| #define HAVE_GETOPT_H 1
| #define HAVE_GETOPT_LONG_ONLY 1
| #define restrict __restrict
| #define HAVE_RAW_DECL_GETTIMEOFDAY 1
| #define HAVE_WINT_T 1
| #define HAVE_UNSIGNED_LONG_LONG_INT 1
| #define HAVE_LONG_LONG_INT 1
| #define HAVE_RAW_DECL_IMAXABS 1
| #define HAVE_RAW_DECL_IMAXDIV 1
| #define HAVE_RAW_DECL_STRTOIMAX 1
| #define HAVE_RAW_DECL_STRTOUMAX 1
| #define HAVE_INTTYPES_H 1
| #define HAVE_LANGINFO_CODESET 1
| #define HAVE_DECL_GETC_UNLOCKED 1
| #define MALLOC_0_IS_NONNULL 1
| #define HAVE_MBSTATE_T 1
| #define HAVE_MAP_ANONYMOUS 1
| #define HAVE_DECL_MEMRCHR 1
| #define HAVE_MINMAX_IN_SYS_PARAM_H 1
| #define TIME_T_IS_SIGNED 1
| #define HAVE_DECL_ALARM 1
| #define HAVE_STRUCT_TM_TM_ZONE 1
| #define HAVE_TM_ZONE 1
| #define HAVE_TM_GMTOFF 1
| #define PROMOTED_MODE_T mode_t
| #define HAVE__BOOL 1
| #define HAVE_COMPOUND_LITERALS 1
| #define HAVE_DECL_SETENV 1
| #define HAVE_SEARCH_H 1
| #define HAVE_TSEARCH 1
| #define HAVE_SIGSET_T 1
| #define HAVE_WCHAR_T 1
| #define HAVE_DECL_STRDUP 1
| #define HAVE_RAW_DECL_FFSL 1
| #define HAVE_RAW_DECL_FFSLL 1
| #define HAVE_RAW_DECL_MEMMEM 1
| #define HAVE_RAW_DECL_MEMPCPY 1
| #define HAVE_RAW_DECL_MEMRCHR 1
| #define HAVE_RAW_DECL_RAWMEMCHR 1
| #define HAVE_RAW_DECL_STPCPY 1
| #define HAVE_RAW_DECL_STPNCPY 1
| #define HAVE_RAW_DECL_STRCHRNUL 1
| #define HAVE_RAW_DECL_STRDUP 1
| #define HAVE_RAW_DECL_STRNCAT 1
| #define HAVE_RAW_DECL_STRNDUP 1
| #define HAVE_RAW_DECL_STRNLEN 1
| #define HAVE_RAW_DECL_STRPBRK 1
| #define HAVE_RAW_DECL_STRSEP 1
| #define HAVE_RAW_DECL_STRCASESTR 1
| #define HAVE_RAW_DECL_STRTOK_R 1
| #define HAVE_RAW_DECL_STRERROR_R 1
| #define HAVE_RAW_DECL_STRSIGNAL 1
| #define HAVE_RAW_DECL_STRVERSCMP 1
| #define HAVE_DECL_STRNDUP 1
| #define HAVE_DECL_STRNLEN 1
| #define _USE_STD_STAT 1
| #define HAVE_DECL_UNSETENV 1
| #define HAVE_WORKING_UTIMES 1
| #define HAVE_INTTYPES_H_WITH_UINTMAX 1
| #define HAVE_STDINT_H_WITH_UINTMAX 1
| #define HAVE_INTMAX_T 1
| #define DBL_EXPBIT0_WORD 1
| #define DBL_EXPBIT0_BIT 20
| #define HAVE_SNPRINTF 1
| #define HAVE_STRNLEN 1
| #define HAVE_WCSLEN 1
| #define HAVE_WCSNLEN 1
| #define HAVE_MBRTOWC 1
| #define HAVE_WCRTOMB 1
| #define HAVE_DECL__SNPRINTF 0
| #define HAVE_SNPRINTF_RETVAL_C99 1
| #define HAVE_ALLOCA 1
| #define GNULIB_CANONICALIZE_LGPL 1
| #define GNULIB_TEST_CANONICALIZE_FILE_NAME 1
| #define GNULIB_TEST_REALPATH 1
| #define GNULIB_TEST_CHDIR 1
| #define GNULIB_TEST_CHOWN 1
| #define HAVE_CLOCK_GETTIME 1
| #define HAVE_CLOCK_SETTIME 1
| #define GNULIB_TEST_CLOEXEC 1
| #define GNULIB_TEST_CLOSE 1
| #define HAVE_CLOSEDIR 1
| #define GNULIB_TEST_CLOSEDIR 1
| #define D_INO_IN_DIRENT 1
| #define HAVE_RAW_DECL_ALPHASORT 1
| #define HAVE_RAW_DECL_CLOSEDIR 1
| #define HAVE_RAW_DECL_DIRFD 1
| #define HAVE_RAW_DECL_FDOPENDIR 1
| #define HAVE_RAW_DECL_OPENDIR 1
| #define HAVE_RAW_DECL_READDIR 1
| #define HAVE_RAW_DECL_REWINDDIR 1
| #define HAVE_RAW_DECL_SCANDIR 1
| #define GNULIB_DIRENT_SAFER 1
| #define HAVE_DIRFD 1
| #define HAVE_DECL_DIRFD 1
| #define GNULIB_TEST_DIRFD 1
| #define GNULIB_DIRNAME 1
| #define HAVE_DUP2 1
| #define GNULIB_TEST_DUP2 1
| #define GNULIB_TEST_ENVIRON 1
| #define HAVE_EUIDACCESS 1
| #define GNULIB_TEST_EUIDACCESS 1
| #define GNULIB_FACCESSAT 1
| #define GNULIB_TEST_FACCESSAT 1
| #define GNULIB_TEST_FCHDIR 1
| #define GNULIB_FCHMODAT 1
| #define GNULIB_TEST_FCHMODAT 1
| #define GNULIB_FCHOWNAT 1
| #define GNULIB_TEST_FCHOWNAT 1
| #define GNULIB_TEST_FCNTL 1
| #define HAVE_RAW_DECL_FCNTL 1
| #define HAVE_RAW_DECL_OPENAT 1
| #define GNULIB_FD_SAFER_FLAG 1
| #define FLEXIBLE_ARRAY_MEMBER /**/
| #define GNULIB_TEST_FSTAT 1
| #define GNULIB_TEST_FSTATAT 1
| #define GNULIB_TEST_GETCWD 1
| #define GNULIB_TEST_GETDTABLESIZE 1
| #define HAVE_GETGROUPS 1
| #define GNULIB_TEST_GETGROUPS 1
| #define HAVE_DECL_PROGRAM_INVOCATION_NAME 1
| #define HAVE_DECL_PROGRAM_INVOCATION_SHORT_NAME 1
| /* end confdefs.h.  */
| #include <stdlib.h>
| 
| int
| main (void)
| {
| #ifndef __argv
| #ifdef __cplusplus
|   (void) __argv;
| #else
|   (void) __argv;
| #endif
| #endif
| 
|   ;
|   return 0;
| }
configure:18719: result: no
configure:18799: checking whether gettimeofday clobbers localtime buffer
configure:18842: gcc  -o conftest -isystem/home/ubuntu/yocto/rpi-build/tmp/work/x86_64-linux/patch-native/2.7.6-r0/recipe-sysroot-native/usr/include -O2 -pipe -isystem/home/ubuntu/yocto/rpi-build/tmp/work/x86_64-linux/patch-native/2.7.6-r0/recipe-sysroot-native/usr/include -L/home/ubuntu/yocto/rpi-build/tmp/work/x86_64-linux/patch-native/2.7.6-r0/recipe-sysroot-native/usr/lib                         -L/home/ubuntu/yocto/rpi-build/tmp/work/x86_64-linux/patch-native/2.7.6-r0/recipe-sysroot-native/lib                         -Wl,--enable-new-dtags                         -Wl,-rpath-link,/home/ubuntu/yocto/rpi-build/tmp/work/x86_64-linux/patch-native/2.7.6-r0/recipe-sysroot-native/usr/lib                         -Wl,-rpath-link,/home/ubuntu/yocto/rpi-build/tmp/work/x86_64-linux/patch-native/2.7.6-r0/recipe-sysroot-native/lib                         -Wl,-rpath,/home/ubuntu/yocto/rpi-build/tmp/work/x86_64-linux/patch-native/2.7.6-r0/recipe-sysroot-native/usr/lib                         -Wl,-rpath,/home/ubuntu/yocto/rpi-build/tmp/work/x86_64-linux/patch-native/2.7.6-r0/recipe-sysroot-native/lib                         -Wl,-O1 -Wl,--allow-shlib-undefined -Wl,--dynamic-linker=/home/ubuntu/yocto/rpi-build/tmp/sysroots-uninative/x86_64-linux/lib/ld-linux-x86-64.so.2 conftest.c  >&5
configure:18842: $? = 0
configure:18842: ./conftest
configure:18842: $? = 0
configure:18853: result: no
configure:18872: checking for gettimeofday with POSIX signature
configure:18901: gcc  -c -isystem/home/ubuntu/yocto/rpi-build/tmp/work/x86_64-linux/patch-native/2.7.6-r0/recipe-sysroot-native/usr/include -O2 -pipe -isystem/home/ubuntu/yocto/rpi-build/tmp/work/x86_64-linux/patch-native/2.7.6-r0/recipe-sysroot-native/usr/include conftest.c >&5
configure:18901: $? = 0
configure:18928: result: yes
configure:18987: checking for group_member
configure:18987: gcc  -o conftest -isystem/home/ubuntu/yocto/rpi-build/tmp/work/x86_64-linux/patch-native/2.7.6-r0/recipe-sysroot-native/usr/include -O2 -pipe -isystem/home/ubuntu/yocto/rpi-build/tmp/work/x86_64-linux/patch-native/2.7.6-r0/recipe-sysroot-native/usr/include -L/home/ubuntu/yocto/rpi-build/tmp/work/x86_64-linux/patch-native/2.7.6-r0/recipe-sysroot-native/usr/lib                         -L/home/ubuntu/yocto/rpi-build/tmp/work/x86_64-linux/patch-native/2.7.6-r0/recipe-sysroot-native/lib                         -Wl,--enable-new-dtags                         -Wl,-rpath-link,/home/ubuntu/yocto/rpi-build/tmp/work/x86_64-linux/patch-native/2.7.6-r0/recipe-sysroot-native/usr/lib                         -Wl,-rpath-link,/home/ubuntu/yocto/rpi-build/tmp/work/x86_64-linux/patch-native/2.7.6-r0/recipe-sysroot-native/lib                         -Wl,-rpath,/home/ubuntu/yocto/rpi-build/tmp/work/x86_64-linux/patch-native/2.7.6-r0/recipe-sysroot-native/usr/lib                         -Wl,-rpath,/home/ubuntu/yocto/rpi-build/tmp/work/x86_64-linux/patch-native/2.7.6-r0/recipe-sysroot-native/lib                         -Wl,-O1 -Wl,--allow-shlib-undefined -Wl,--dynamic-linker=/home/ubuntu/yocto/rpi-build/tmp/sysroots-uninative/x86_64-linux/lib/ld-linux-x86-64.so.2 conftest.c  >&5
configure:18987: $? = 0
configure:18987: result: yes
configure:19060: gcc  -c -isystem/home/ubuntu/yocto/rpi-build/tmp/work/x86_64-linux/patch-native/2.7.6-r0/recipe-sysroot-native/usr/include -O2 -pipe -isystem/home/ubuntu/yocto/rpi-build/tmp/work/x86_64-linux/patch-native/2.7.6-r0/recipe-sysroot-native/usr/include conftest.c >&5
conftest.c:251:23: error: conflicting types for 'foo'; have 'int'
  251 |            extern int foo;
      |                       ^~~
conftest.c:250:28: note: previous declaration of 'foo' with type 'intptr_t' {aka 'long int'}
  250 |            extern intptr_t foo;
      |                            ^~~
configure:19060: $? = 1
configure: failed program was:
| /* confdefs.h */
| #define PACKAGE_NAME "GNU patch"
| #define PACKAGE_TARNAME "patch"
| #define PACKAGE_VERSION "2.7.6"
| #define PACKAGE_STRING "GNU patch 2.7.6"
| #define PACKAGE_BUGREPORT "bug-patch@gnu.org"
| #define PACKAGE_URL "https://www.gnu.org/software/patch/"
| #define PACKAGE "patch"
| #define VERSION "2.7.6"
| #define HAVE_STDIO_H 1
| #define HAVE_STDLIB_H 1
| #define HAVE_STRING_H 1
| #define HAVE_INTTYPES_H 1
| #define HAVE_STDINT_H 1
| #define HAVE_STRINGS_H 1
| #define HAVE_SYS_STAT_H 1
| #define HAVE_SYS_TYPES_H 1
| #define HAVE_UNISTD_H 1
| #define HAVE_SYS_PARAM_H 1
| #define HAVE_SYS_SOCKET_H 1
| #define HAVE_DIRENT_H 1
| #define HAVE_GETOPT_H 1
| #define HAVE_SYS_CDEFS_H 1
| #define HAVE_SYS_TIME_H 1
| #define HAVE_LIMITS_H 1
| #define HAVE_WCHAR_H 1
| #define HAVE_SYS_MMAN_H 1
| #define HAVE_UTIME_H 1
| #define HAVE_FEATURES_H 1
| #define HAVE_WCTYPE_H 1
| #define STDC_HEADERS 1
| #define __EXTENSIONS__ 1
| #define _ALL_SOURCE 1
| #define _DARWIN_C_SOURCE 1
| #define _GNU_SOURCE 1
| #define _NETBSD_SOURCE 1
| #define _OPENBSD_SOURCE 1
| #define _POSIX_PTHREAD_SEMANTICS 1
| #define __STDC_WANT_IEC_60559_ATTRIBS_EXT__ 1
| #define __STDC_WANT_IEC_60559_BFP_EXT__ 1
| #define __STDC_WANT_IEC_60559_DFP_EXT__ 1
| #define __STDC_WANT_IEC_60559_FUNCS_EXT__ 1
| #define __STDC_WANT_IEC_60559_TYPES_EXT__ 1
| #define __STDC_WANT_LIB_EXT2__ 1
| #define __STDC_WANT_MATH_SPEC_FUNCS__ 1
| #define _TANDEM_SOURCE 1
| #define _HPUX_ALT_XOPEN_SOCKET_API 1
| #define HAVE_ALLOCA_H 1
| #define HAVE_ALLOCA 1
| #define D_INO_IN_DIRENT 1
| #define HAVE_LONG_FILE_NAMES 1
| #define HAVE_PATHCONF 1
| #define HAVE_CANONICALIZE_FILE_NAME 1
| #define HAVE_GETCWD 1
| #define HAVE_READLINK 1
| #define HAVE_REALPATH 1
| #define HAVE_CHOWN 1
| #define HAVE_FCHOWN 1
| #define HAVE_FCHDIR 1
| #define HAVE_FDOPENDIR 1
| #define HAVE_FACCESSAT 1
| #define HAVE_FCHMODAT 1
| #define HAVE_LCHMOD 1
| #define HAVE_FCNTL 1
| #define HAVE_SYMLINK 1
| #define HAVE_MEMPCPY 1
| #define HAVE_FSTATAT 1
| #define HAVE_GETDTABLESIZE 1
| #define HAVE_GETTIMEOFDAY 1
| #define HAVE_LSTAT 1
| #define HAVE_MBSINIT 1
| #define HAVE_MBRTOWC 1
| #define HAVE_MPROTECT 1
| #define HAVE_MKDIRAT 1
| #define HAVE_TZSET 1
| #define HAVE_OPENAT 1
| #define HAVE_READLINKAT 1
| #define HAVE_LINK 1
| #define HAVE_RENAMEAT 1
| #define HAVE_SETENV 1
| #define HAVE_STRDUP 1
| #define HAVE_STRNDUP 1
| #define HAVE_SYMLINKAT 1
| #define HAVE_LOCALTIME_R 1
| #define HAVE_TIMEGM 1
| #define HAVE_PIPE 1
| #define HAVE_UNLINKAT 1
| #define HAVE_UTIME 1
| #define HAVE_FUTIMES 1
| #define HAVE_FUTIMESAT 1
| #define HAVE_FUTIMENS 1
| #define HAVE_UTIMENSAT 1
| #define HAVE_LUTIMES 1
| #define HAVE_SNPRINTF 1
| #define HAVE_ISWCNTRL 1
| #define FUNC_REALPATH_WORKS 1
| #define HAVE_UNISTD_H 1
| #define HAVE_CHOWN 1
| #define HAVE_ENVIRON_DECL 1
| #define HAVE_DECL_STRERROR_R 1
| #define HAVE_STRERROR_R 1
| #define STRERROR_R_CHAR_P 1
| #define GETGROUPS_T gid_t
| #define LSTAT_FOLLOWS_SLASHED_SYMLINK 1
| #define HAVE_DECL_FCHDIR 1
| #define HAVE_WORKING_O_NOATIME 1
| #define HAVE_WORKING_O_NOFOLLOW 1
| #define HAVE_RAW_DECL_FCHMODAT 1
| #define HAVE_RAW_DECL_FSTAT 1
| #define HAVE_RAW_DECL_FSTATAT 1
| #define HAVE_RAW_DECL_FUTIMENS 1
| #define HAVE_RAW_DECL_LCHMOD 1
| #define HAVE_RAW_DECL_LSTAT 1
| #define HAVE_RAW_DECL_MKDIRAT 1
| #define HAVE_RAW_DECL_MKFIFO 1
| #define HAVE_RAW_DECL_MKFIFOAT 1
| #define HAVE_RAW_DECL_MKNOD 1
| #define HAVE_RAW_DECL_MKNODAT 1
| #define HAVE_RAW_DECL_STAT 1
| #define HAVE_RAW_DECL_UTIMENSAT 1
| #define HAVE_DECL_GETDTABLESIZE 1
| #define HAVE_GETOPT_H 1
| #define HAVE_GETOPT_LONG_ONLY 1
| #define restrict __restrict
| #define HAVE_RAW_DECL_GETTIMEOFDAY 1
| #define HAVE_WINT_T 1
| #define HAVE_UNSIGNED_LONG_LONG_INT 1
| #define HAVE_LONG_LONG_INT 1
| #define HAVE_RAW_DECL_IMAXABS 1
| #define HAVE_RAW_DECL_IMAXDIV 1
| #define HAVE_RAW_DECL_STRTOIMAX 1
| #define HAVE_RAW_DECL_STRTOUMAX 1
| #define HAVE_INTTYPES_H 1
| #define HAVE_LANGINFO_CODESET 1
| #define HAVE_DECL_GETC_UNLOCKED 1
| #define MALLOC_0_IS_NONNULL 1
| #define HAVE_MBSTATE_T 1
| #define HAVE_MAP_ANONYMOUS 1
| #define HAVE_DECL_MEMRCHR 1
| #define HAVE_MINMAX_IN_SYS_PARAM_H 1
| #define TIME_T_IS_SIGNED 1
| #define HAVE_DECL_ALARM 1
| #define HAVE_STRUCT_TM_TM_ZONE 1
| #define HAVE_TM_ZONE 1
| #define HAVE_TM_GMTOFF 1
| #define PROMOTED_MODE_T mode_t
| #define HAVE__BOOL 1
| #define HAVE_COMPOUND_LITERALS 1
| #define HAVE_DECL_SETENV 1
| #define HAVE_SEARCH_H 1
| #define HAVE_TSEARCH 1
| #define HAVE_SIGSET_T 1
| #define HAVE_WCHAR_T 1
| #define HAVE_DECL_STRDUP 1
| #define HAVE_RAW_DECL_FFSL 1
| #define HAVE_RAW_DECL_FFSLL 1
| #define HAVE_RAW_DECL_MEMMEM 1
| #define HAVE_RAW_DECL_MEMPCPY 1
| #define HAVE_RAW_DECL_MEMRCHR 1
| #define HAVE_RAW_DECL_RAWMEMCHR 1
| #define HAVE_RAW_DECL_STPCPY 1
| #define HAVE_RAW_DECL_STPNCPY 1
| #define HAVE_RAW_DECL_STRCHRNUL 1
| #define HAVE_RAW_DECL_STRDUP 1
| #define HAVE_RAW_DECL_STRNCAT 1
| #define HAVE_RAW_DECL_STRNDUP 1
| #define HAVE_RAW_DECL_STRNLEN 1
| #define HAVE_RAW_DECL_STRPBRK 1
| #define HAVE_RAW_DECL_STRSEP 1
| #define HAVE_RAW_DECL_STRCASESTR 1
| #define HAVE_RAW_DECL_STRTOK_R 1
| #define HAVE_RAW_DECL_STRERROR_R 1
| #define HAVE_RAW_DECL_STRSIGNAL 1
| #define HAVE_RAW_DECL_STRVERSCMP 1
| #define HAVE_DECL_STRNDUP 1
| #define HAVE_DECL_STRNLEN 1
| #define _USE_STD_STAT 1
| #define HAVE_DECL_UNSETENV 1
| #define HAVE_WORKING_UTIMES 1
| #define HAVE_INTTYPES_H_WITH_UINTMAX 1
| #define HAVE_STDINT_H_WITH_UINTMAX 1
| #define HAVE_INTMAX_T 1
| #define DBL_EXPBIT0_WORD 1
| #define DBL_EXPBIT0_BIT 20
| #define HAVE_SNPRINTF 1
| #define HAVE_STRNLEN 1
| #define HAVE_WCSLEN 1
| #define HAVE_WCSNLEN 1
| #define HAVE_MBRTOWC 1
| #define HAVE_WCRTOMB 1
| #define HAVE_DECL__SNPRINTF 0
| #define HAVE_SNPRINTF_RETVAL_C99 1
| #define HAVE_ALLOCA 1
| #define GNULIB_CANONICALIZE_LGPL 1
| #define GNULIB_TEST_CANONICALIZE_FILE_NAME 1
| #define GNULIB_TEST_REALPATH 1
| #define GNULIB_TEST_CHDIR 1
| #define GNULIB_TEST_CHOWN 1
| #define HAVE_CLOCK_GETTIME 1
| #define HAVE_CLOCK_SETTIME 1
| #define GNULIB_TEST_CLOEXEC 1
| #define GNULIB_TEST_CLOSE 1
| #define HAVE_CLOSEDIR 1
| #define GNULIB_TEST_CLOSEDIR 1
| #define D_INO_IN_DIRENT 1
| #define HAVE_RAW_DECL_ALPHASORT 1
| #define HAVE_RAW_DECL_CLOSEDIR 1
| #define HAVE_RAW_DECL_DIRFD 1
| #define HAVE_RAW_DECL_FDOPENDIR 1
| #define HAVE_RAW_DECL_OPENDIR 1
| #define HAVE_RAW_DECL_READDIR 1
| #define HAVE_RAW_DECL_REWINDDIR 1
| #define HAVE_RAW_DECL_SCANDIR 1
| #define GNULIB_DIRENT_SAFER 1
| #define HAVE_DIRFD 1
| #define HAVE_DECL_DIRFD 1
| #define GNULIB_TEST_DIRFD 1
| #define GNULIB_DIRNAME 1
| #define HAVE_DUP2 1
| #define GNULIB_TEST_DUP2 1
| #define GNULIB_TEST_ENVIRON 1
| #define HAVE_EUIDACCESS 1
| #define GNULIB_TEST_EUIDACCESS 1
| #define GNULIB_FACCESSAT 1
| #define GNULIB_TEST_FACCESSAT 1
| #define GNULIB_TEST_FCHDIR 1
| #define GNULIB_FCHMODAT 1
| #define GNULIB_TEST_FCHMODAT 1
| #define GNULIB_FCHOWNAT 1
| #define GNULIB_TEST_FCHOWNAT 1
| #define GNULIB_TEST_FCNTL 1
| #define HAVE_RAW_DECL_FCNTL 1
| #define HAVE_RAW_DECL_OPENAT 1
| #define GNULIB_FD_SAFER_FLAG 1
| #define FLEXIBLE_ARRAY_MEMBER /**/
| #define GNULIB_TEST_FSTAT 1
| #define GNULIB_TEST_FSTATAT 1
| #define GNULIB_TEST_GETCWD 1
| #define GNULIB_TEST_GETDTABLESIZE 1
| #define HAVE_GETGROUPS 1
| #define GNULIB_TEST_GETGROUPS 1
| #define HAVE_DECL_PROGRAM_INVOCATION_NAME 1
| #define HAVE_DECL_PROGRAM_INVOCATION_SHORT_NAME 1
| #define HAVE_DECL___ARGV 0
| #define GETTIMEOFDAY_TIMEZONE void
| #define GNULIB_TEST_GETTIMEOFDAY 1
| #define GNULIB_TEST_GROUP_MEMBER 1
| /* end confdefs.h.  */
| #include <stdint.h>
|            extern intptr_t foo;
|            extern int foo;
| int
| main (void)
| {
| 
|   ;
|   return 0;
| }
configure:19060: gcc  -c -isystem/home/ubuntu/yocto/rpi-build/tmp/work/x86_64-linux/patch-native/2.7.6-r0/recipe-sysroot-native/usr/include -O2 -pipe -isystem/home/ubuntu/yocto/rpi-build/tmp/work/x86_64-linux/patch-native/2.7.6-r0/recipe-sysroot-native/usr/include conftest.c >&5
configure:19060: $? = 0
configure:19071: checking whether INT32_MAX < INTMAX_MAX
configure:19106: gcc  -c -isystem/home/ubuntu/yocto/rpi-build/tmp/work/x86_64-linux/patch-native/2.7.6-r0/recipe-sysroot-native/usr/include -O2 -pipe -isystem/home/ubuntu/yocto/rpi-build/tmp/work/x86_64-linux/patch-native/2.7.6-r0/recipe-sysroot-native/usr/include conftest.c >&5
configure:19106: $? = 0
configure:19114: result: yes
configure:19125: checking whether INT64_MAX == LONG_MAX
configure:19160: gcc  -c -isystem/home/ubuntu/yocto/rpi-build/tmp/work/x86_64-linux/patch-native/2.7.6-r0/recipe-sysroot-native/usr/include -O2 -pipe -isystem/home/ubuntu/yocto/rpi-build/tmp/work/x86_64-linux/patch-native/2.7.6-r0/recipe-sysroot-native/usr/include conftest.c >&5
configure:19160: $? = 0
configure:19168: result: yes
configure:19181: checking whether UINT32_MAX < UINTMAX_MAX
configure:19216: gcc  -c -isystem/home/ubuntu/yocto/rpi-build/tmp/work/x86_64-linux/patch-native/2.7.6-r0/recipe-sysroot-native/usr/include -O2 -pipe -isystem/home/ubuntu/yocto/rpi-build/tmp/work/x86_64-linux/patch-native/2.7.6-r0/recipe-sysroot-native/usr/include conftest.c >&5
configure:19216: $? = 0
configure:19224: result: yes
configure:19235: checking whether UINT64_MAX == ULONG_MAX
configure:19270: gcc  -c -isystem/home/ubuntu/yocto/rpi-build/tmp/work/x86_64-linux/patch-native/2.7.6-r0/recipe-sysroot-native/usr/include -O2 -pipe -isystem/home/ubuntu/yocto/rpi-build/tmp/work/x86_64-linux/patch-native/2.7.6-r0/recipe-sysroot-native/usr/include conftest.c >&5
configure:19270: $? = 0
configure:19278: result: yes
configure:19298: checking for lchown
configure:19298: gcc  -o conftest -isystem/home/ubuntu/yocto/rpi-build/tmp/work/x86_64-linux/patch-native/2.7.6-r0/recipe-sysroot-native/usr/include -O2 -pipe -isystem/home/ubuntu/yocto/rpi-build/tmp/work/x86_64-linux/patch-native/2.7.6-r0/recipe-sysroot-native/usr/include -L/home/ubuntu/yocto/rpi-build/tmp/work/x86_64-linux/patch-native/2.7.6-r0/recipe-sysroot-native/usr/lib                         -L/home/ubuntu/yocto/rpi-build/tmp/work/x86_64-linux/patch-native/2.7.6-r0/recipe-sysroot-native/lib                         -Wl,--enable-new-dtags                         -Wl,-rpath-link,/home/ubuntu/yocto/rpi-build/tmp/work/x86_64-linux/patch-native/2.7.6-r0/recipe-sysroot-native/usr/lib                         -Wl,-rpath-link,/home/ubuntu/yocto/rpi-build/tmp/work/x86_64-linux/patch-native/2.7.6-r0/recipe-sysroot-native/lib                         -Wl,-rpath,/home/ubuntu/yocto/rpi-build/tmp/work/x86_64-linux/patch-native/2.7.6-r0/recipe-sysroot-native/usr/lib                         -Wl,-rpath,/home/ubuntu/yocto/rpi-build/tmp/work/x86_64-linux/patch-native/2.7.6-r0/recipe-sysroot-native/lib                         -Wl,-O1 -Wl,--allow-shlib-undefined -Wl,--dynamic-linker=/home/ubuntu/yocto/rpi-build/tmp/sysroots-uninative/x86_64-linux/lib/ld-linux-x86-64.so.2 conftest.c  >&5
configure:19298: $? = 0
configure:19298: result: yes
configure:19418: checking for GNU libc compatible malloc
configure:19461: result: yes
configure:19549: checking whether mbrtowc handles incomplete characters
configure:19609: result: yes
configure:19615: checking whether mbrtowc works as well as mbtowc
configure:19679: result: yes
configure:19728: checking whether mbrtowc handles a NULL pwc argument
configure:19789: gcc  -o conftest -isystem/home/ubuntu/yocto/rpi-build/tmp/work/x86_64-linux/patch-native/2.7.6-r0/recipe-sysroot-native/usr/include -O2 -pipe -isystem/home/ubuntu/yocto/rpi-build/tmp/work/x86_64-linux/patch-native/2.7.6-r0/recipe-sysroot-native/usr/include -L/home/ubuntu/yocto/rpi-build/tmp/work/x86_64-linux/patch-native/2.7.6-r0/recipe-sysroot-native/usr/lib                         -L/home/ubuntu/yocto/rpi-build/tmp/work/x86_64-linux/patch-native/2.7.6-r0/recipe-sysroot-native/lib                         -Wl,--enable-new-dtags                         -Wl,-rpath-link,/home/ubuntu/yocto/rpi-build/tmp/work/x86_64-linux/patch-native/2.7.6-r0/recipe-sysroot-native/usr/lib                         -Wl,-rpath-link,/home/ubuntu/yocto/rpi-build/tmp/work/x86_64-linux/patch-native/2.7.6-r0/recipe-sysroot-native/lib                         -Wl,-rpath,/home/ubuntu/yocto/rpi-build/tmp/work/x86_64-linux/patch-native/2.7.6-r0/recipe-sysroot-native/usr/lib                         -Wl,-rpath,/home/ubuntu/yocto/rpi-build/tmp/work/x86_64-linux/patch-native/2.7.6-r0/recipe-sysroot-native/lib                         -Wl,-O1 -Wl,--allow-shlib-undefined -Wl,--dynamic-linker=/home/ubuntu/yocto/rpi-build/tmp/sysroots-uninative/x86_64-linux/lib/ld-linux-x86-64.so.2 conftest.c  >&5
configure:19789: $? = 0
configure:19789: ./conftest
configure:19789: $? = 0
configure:19802: result: yes
configure:19808: checking whether mbrtowc handles a NULL string argument
configure:19857: gcc  -o conftest -isystem/home/ubuntu/yocto/rpi-build/tmp/work/x86_64-linux/patch-native/2.7.6-r0/recipe-sysroot-native/usr/include -O2 -pipe -isystem/home/ubuntu/yocto/rpi-build/tmp/work/x86_64-linux/patch-native/2.7.6-r0/recipe-sysroot-native/usr/include -L/home/ubuntu/yocto/rpi-build/tmp/work/x86_64-linux/patch-native/2.7.6-r0/recipe-sysroot-native/usr/lib                         -L/home/ubuntu/yocto/rpi-build/tmp/work/x86_64-linux/patch-native/2.7.6-r0/recipe-sysroot-native/lib                         -Wl,--enable-new-dtags                         -Wl,-rpath-link,/home/ubuntu/yocto/rpi-build/tmp/work/x86_64-linux/patch-native/2.7.6-r0/recipe-sysroot-native/usr/lib                         -Wl,-rpath-link,/home/ubuntu/yocto/rpi-build/tmp/work/x86_64-linux/patch-native/2.7.6-r0/recipe-sysroot-native/lib                         -Wl,-rpath,/home/ubuntu/yocto/rpi-build/tmp/work/x86_64-linux/patch-native/2.7.6-r0/recipe-sysroot-native/usr/lib                         -Wl,-rpath,/home/ubuntu/yocto/rpi-build/tmp/work/x86_64-linux/patch-native/2.7.6-r0/recipe-sysroot-native/lib                         -Wl,-O1 -Wl,--allow-shlib-undefined -Wl,--dynamic-linker=/home/ubuntu/yocto/rpi-build/tmp/sysroots-uninative/x86_64-linux/lib/ld-linux-x86-64.so.2 conftest.c  >&5
configure:19857: $? = 0
configure:19857: ./conftest
configure:19857: $? = 0
configure:19870: result: yes
configure:19878: checking whether mbrtowc has a correct return value
configure:20011: result: yes
configure:20017: checking whether mbrtowc returns 0 when parsing a NUL character
configure:20076: result: yes
configure:20081: checking whether mbrtowc works on empty input
configure:20111: gcc  -o conftest -isystem/home/ubuntu/yocto/rpi-build/tmp/work/x86_64-linux/patch-native/2.7.6-r0/recipe-sysroot-native/usr/include -O2 -pipe -isystem/home/ubuntu/yocto/rpi-build/tmp/work/x86_64-linux/patch-native/2.7.6-r0/recipe-sysroot-native/usr/include -L/home/ubuntu/yocto/rpi-build/tmp/work/x86_64-linux/patch-native/2.7.6-r0/recipe-sysroot-native/usr/lib                         -L/home/ubuntu/yocto/rpi-build/tmp/work/x86_64-linux/patch-native/2.7.6-r0/recipe-sysroot-native/lib                         -Wl,--enable-new-dtags                         -Wl,-rpath-link,/home/ubuntu/yocto/rpi-build/tmp/work/x86_64-linux/patch-native/2.7.6-r0/recipe-sysroot-native/usr/lib                         -Wl,-rpath-link,/home/ubuntu/yocto/rpi-build/tmp/work/x86_64-linux/patch-native/2.7.6-r0/recipe-sysroot-native/lib                         -Wl,-rpath,/home/ubuntu/yocto/rpi-build/tmp/work/x86_64-linux/patch-native/2.7.6-r0/recipe-sysroot-native/usr/lib                         -Wl,-rpath,/home/ubuntu/yocto/rpi-build/tmp/work/x86_64-linux/patch-native/2.7.6-r0/recipe-sysroot-native/lib                         -Wl,-O1 -Wl,--allow-shlib-undefined -Wl,--dynamic-linker=/home/ubuntu/yocto/rpi-build/tmp/sysroots-uninative/x86_64-linux/lib/ld-linux-x86-64.so.2 conftest.c  >&5
configure:20111: $? = 0
configure:20111: ./conftest
configure:20111: $? = 0
configure:20123: result: yes
configure:20127: checking whether the C locale is free of encoding errors
configure:20173: gcc  -o conftest -isystem/home/ubuntu/yocto/rpi-build/tmp/work/x86_64-linux/patch-native/2.7.6-r0/recipe-sysroot-native/usr/include -O2 -pipe -isystem/home/ubuntu/yocto/rpi-build/tmp/work/x86_64-linux/patch-native/2.7.6-r0/recipe-sysroot-native/usr/include -L/home/ubuntu/yocto/rpi-build/tmp/work/x86_64-linux/patch-native/2.7.6-r0/recipe-sysroot-native/usr/lib                         -L/home/ubuntu/yocto/rpi-build/tmp/work/x86_64-linux/patch-native/2.7.6-r0/recipe-sysroot-native/lib                         -Wl,--enable-new-dtags                         -Wl,-rpath-link,/home/ubuntu/yocto/rpi-build/tmp/work/x86_64-linux/patch-native/2.7.6-r0/recipe-sysroot-native/usr/lib                         -Wl,-rpath-link,/home/ubuntu/yocto/rpi-build/tmp/work/x86_64-linux/patch-native/2.7.6-r0/recipe-sysroot-native/lib                         -Wl,-rpath,/home/ubuntu/yocto/rpi-build/tmp/work/x86_64-linux/patch-native/2.7.6-r0/recipe-sysroot-native/usr/lib                         -Wl,-rpath,/home/ubuntu/yocto/rpi-build/tmp/work/x86_64-linux/patch-native/2.7.6-r0/recipe-sysroot-native/lib                         -Wl,-O1 -Wl,--allow-shlib-undefined -Wl,--dynamic-linker=/home/ubuntu/yocto/rpi-build/tmp/sysroots-uninative/x86_64-linux/lib/ld-linux-x86-64.so.2 conftest.c  >&5
configure:20173: $? = 0
configure:20173: ./conftest
configure:20173: $? = 3
configure: program exited with status 3
configure: failed program was:
| /* confdefs.h */
| #define PACKAGE_NAME "GNU patch"
| #define PACKAGE_TARNAME "patch"
| #define PACKAGE_VERSION "2.7.6"
| #define PACKAGE_STRING "GNU patch 2.7.6"
| #define PACKAGE_BUGREPORT "bug-patch@gnu.org"
| #define PACKAGE_URL "https://www.gnu.org/software/patch/"
| #define PACKAGE "patch"
| #define VERSION "2.7.6"
| #define HAVE_STDIO_H 1
| #define HAVE_STDLIB_H 1
| #define HAVE_STRING_H 1
| #define HAVE_INTTYPES_H 1
| #define HAVE_STDINT_H 1
| #define HAVE_STRINGS_H 1
| #define HAVE_SYS_STAT_H 1
| #define HAVE_SYS_TYPES_H 1
| #define HAVE_UNISTD_H 1
| #define HAVE_SYS_PARAM_H 1
| #define HAVE_SYS_SOCKET_H 1
| #define HAVE_DIRENT_H 1
| #define HAVE_GETOPT_H 1
| #define HAVE_SYS_CDEFS_H 1
| #define HAVE_SYS_TIME_H 1
| #define HAVE_LIMITS_H 1
| #define HAVE_WCHAR_H 1
| #define HAVE_SYS_MMAN_H 1
| #define HAVE_UTIME_H 1
| #define HAVE_FEATURES_H 1
| #define HAVE_WCTYPE_H 1
| #define STDC_HEADERS 1
| #define __EXTENSIONS__ 1
| #define _ALL_SOURCE 1
| #define _DARWIN_C_SOURCE 1
| #define _GNU_SOURCE 1
| #define _NETBSD_SOURCE 1
| #define _OPENBSD_SOURCE 1
| #define _POSIX_PTHREAD_SEMANTICS 1
| #define __STDC_WANT_IEC_60559_ATTRIBS_EXT__ 1
| #define __STDC_WANT_IEC_60559_BFP_EXT__ 1
| #define __STDC_WANT_IEC_60559_DFP_EXT__ 1
| #define __STDC_WANT_IEC_60559_FUNCS_EXT__ 1
| #define __STDC_WANT_IEC_60559_TYPES_EXT__ 1
| #define __STDC_WANT_LIB_EXT2__ 1
| #define __STDC_WANT_MATH_SPEC_FUNCS__ 1
| #define _TANDEM_SOURCE 1
| #define _HPUX_ALT_XOPEN_SOCKET_API 1
| #define HAVE_ALLOCA_H 1
| #define HAVE_ALLOCA 1
| #define D_INO_IN_DIRENT 1
| #define HAVE_LONG_FILE_NAMES 1
| #define HAVE_PATHCONF 1
| #define HAVE_CANONICALIZE_FILE_NAME 1
| #define HAVE_GETCWD 1
| #define HAVE_READLINK 1
| #define HAVE_REALPATH 1
| #define HAVE_CHOWN 1
| #define HAVE_FCHOWN 1
| #define HAVE_FCHDIR 1
| #define HAVE_FDOPENDIR 1
| #define HAVE_FACCESSAT 1
| #define HAVE_FCHMODAT 1
| #define HAVE_LCHMOD 1
| #define HAVE_FCNTL 1
| #define HAVE_SYMLINK 1
| #define HAVE_MEMPCPY 1
| #define HAVE_FSTATAT 1
| #define HAVE_GETDTABLESIZE 1
| #define HAVE_GETTIMEOFDAY 1
| #define HAVE_LSTAT 1
| #define HAVE_MBSINIT 1
| #define HAVE_MBRTOWC 1
| #define HAVE_MPROTECT 1
| #define HAVE_MKDIRAT 1
| #define HAVE_TZSET 1
| #define HAVE_OPENAT 1
| #define HAVE_READLINKAT 1
| #define HAVE_LINK 1
| #define HAVE_RENAMEAT 1
| #define HAVE_SETENV 1
| #define HAVE_STRDUP 1
| #define HAVE_STRNDUP 1
| #define HAVE_SYMLINKAT 1
| #define HAVE_LOCALTIME_R 1
| #define HAVE_TIMEGM 1
| #define HAVE_PIPE 1
| #define HAVE_UNLINKAT 1
| #define HAVE_UTIME 1
| #define HAVE_FUTIMES 1
| #define HAVE_FUTIMESAT 1
| #define HAVE_FUTIMENS 1
| #define HAVE_UTIMENSAT 1
| #define HAVE_LUTIMES 1
| #define HAVE_SNPRINTF 1
| #define HAVE_ISWCNTRL 1
| #define FUNC_REALPATH_WORKS 1
| #define HAVE_UNISTD_H 1
| #define HAVE_CHOWN 1
| #define HAVE_ENVIRON_DECL 1
| #define HAVE_DECL_STRERROR_R 1
| #define HAVE_STRERROR_R 1
| #define STRERROR_R_CHAR_P 1
| #define GETGROUPS_T gid_t
| #define LSTAT_FOLLOWS_SLASHED_SYMLINK 1
| #define HAVE_DECL_FCHDIR 1
| #define HAVE_WORKING_O_NOATIME 1
| #define HAVE_WORKING_O_NOFOLLOW 1
| #define HAVE_RAW_DECL_FCHMODAT 1
| #define HAVE_RAW_DECL_FSTAT 1
| #define HAVE_RAW_DECL_FSTATAT 1
| #define HAVE_RAW_DECL_FUTIMENS 1
| #define HAVE_RAW_DECL_LCHMOD 1
| #define HAVE_RAW_DECL_LSTAT 1
| #define HAVE_RAW_DECL_MKDIRAT 1
| #define HAVE_RAW_DECL_MKFIFO 1
| #define HAVE_RAW_DECL_MKFIFOAT 1
| #define HAVE_RAW_DECL_MKNOD 1
| #define HAVE_RAW_DECL_MKNODAT 1
| #define HAVE_RAW_DECL_STAT 1
| #define HAVE_RAW_DECL_UTIMENSAT 1
| #define HAVE_DECL_GETDTABLESIZE 1
| #define HAVE_GETOPT_H 1
| #define HAVE_GETOPT_LONG_ONLY 1
| #define restrict __restrict
| #define HAVE_RAW_DECL_GETTIMEOFDAY 1
| #define HAVE_WINT_T 1
| #define HAVE_UNSIGNED_LONG_LONG_INT 1
| #define HAVE_LONG_LONG_INT 1
| #define HAVE_RAW_DECL_IMAXABS 1
| #define HAVE_RAW_DECL_IMAXDIV 1
| #define HAVE_RAW_DECL_STRTOIMAX 1
| #define HAVE_RAW_DECL_STRTOUMAX 1
| #define HAVE_INTTYPES_H 1
| #define HAVE_LANGINFO_CODESET 1
| #define HAVE_DECL_GETC_UNLOCKED 1
| #define MALLOC_0_IS_NONNULL 1
| #define HAVE_MBSTATE_T 1
| #define HAVE_MAP_ANONYMOUS 1
| #define HAVE_DECL_MEMRCHR 1
| #define HAVE_MINMAX_IN_SYS_PARAM_H 1
| #define TIME_T_IS_SIGNED 1
| #define HAVE_DECL_ALARM 1
| #define HAVE_STRUCT_TM_TM_ZONE 1
| #define HAVE_TM_ZONE 1
| #define HAVE_TM_GMTOFF 1
| #define PROMOTED_MODE_T mode_t
| #define HAVE__BOOL 1
| #define HAVE_COMPOUND_LITERALS 1
| #define HAVE_DECL_SETENV 1
| #define HAVE_SEARCH_H 1
| #define HAVE_TSEARCH 1
| #define HAVE_SIGSET_T 1
| #define HAVE_WCHAR_T 1
| #define HAVE_DECL_STRDUP 1
| #define HAVE_RAW_DECL_FFSL 1
| #define HAVE_RAW_DECL_FFSLL 1
| #define HAVE_RAW_DECL_MEMMEM 1
| #define HAVE_RAW_DECL_MEMPCPY 1
| #define HAVE_RAW_DECL_MEMRCHR 1
| #define HAVE_RAW_DECL_RAWMEMCHR 1
| #define HAVE_RAW_DECL_STPCPY 1
| #define HAVE_RAW_DECL_STPNCPY 1
| #define HAVE_RAW_DECL_STRCHRNUL 1
| #define HAVE_RAW_DECL_STRDUP 1
| #define HAVE_RAW_DECL_STRNCAT 1
| #define HAVE_RAW_DECL_STRNDUP 1
| #define HAVE_RAW_DECL_STRNLEN 1
| #define HAVE_RAW_DECL_STRPBRK 1
| #define HAVE_RAW_DECL_STRSEP 1
| #define HAVE_RAW_DECL_STRCASESTR 1
| #define HAVE_RAW_DECL_STRTOK_R 1
| #define HAVE_RAW_DECL_STRERROR_R 1
| #define HAVE_RAW_DECL_STRSIGNAL 1
| #define HAVE_RAW_DECL_STRVERSCMP 1
| #define HAVE_DECL_STRNDUP 1
| #define HAVE_DECL_STRNLEN 1
| #define _USE_STD_STAT 1
| #define HAVE_DECL_UNSETENV 1
| #define HAVE_WORKING_UTIMES 1
| #define HAVE_INTTYPES_H_WITH_UINTMAX 1
| #define HAVE_STDINT_H_WITH_UINTMAX 1
| #define HAVE_INTMAX_T 1
| #define DBL_EXPBIT0_WORD 1
| #define DBL_EXPBIT0_BIT 20
| #define HAVE_SNPRINTF 1
| #define HAVE_STRNLEN 1
| #define HAVE_WCSLEN 1
| #define HAVE_WCSNLEN 1
| #define HAVE_MBRTOWC 1
| #define HAVE_WCRTOMB 1
| #define HAVE_DECL__SNPRINTF 0
| #define HAVE_SNPRINTF_RETVAL_C99 1
| #define HAVE_ALLOCA 1
| #define GNULIB_CANONICALIZE_LGPL 1
| #define GNULIB_TEST_CANONICALIZE_FILE_NAME 1
| #define GNULIB_TEST_REALPATH 1
| #define GNULIB_TEST_CHDIR 1
| #define GNULIB_TEST_CHOWN 1
| #define HAVE_CLOCK_GETTIME 1
| #define HAVE_CLOCK_SETTIME 1
| #define GNULIB_TEST_CLOEXEC 1
| #define GNULIB_TEST_CLOSE 1
| #define HAVE_CLOSEDIR 1
| #define GNULIB_TEST_CLOSEDIR 1
| #define D_INO_IN_DIRENT 1
| #define HAVE_RAW_DECL_ALPHASORT 1
| #define HAVE_RAW_DECL_CLOSEDIR 1
| #define HAVE_RAW_DECL_DIRFD 1
| #define HAVE_RAW_DECL_FDOPENDIR 1
| #define HAVE_RAW_DECL_OPENDIR 1
| #define HAVE_RAW_DECL_READDIR 1
| #define HAVE_RAW_DECL_REWINDDIR 1
| #define HAVE_RAW_DECL_SCANDIR 1
| #define GNULIB_DIRENT_SAFER 1
| #define HAVE_DIRFD 1
| #define HAVE_DECL_DIRFD 1
| #define GNULIB_TEST_DIRFD 1
| #define GNULIB_DIRNAME 1
| #define HAVE_DUP2 1
| #define GNULIB_TEST_DUP2 1
| #define GNULIB_TEST_ENVIRON 1
| #define HAVE_EUIDACCESS 1
| #define GNULIB_TEST_EUIDACCESS 1
| #define GNULIB_FACCESSAT 1
| #define GNULIB_TEST_FACCESSAT 1
| #define GNULIB_TEST_FCHDIR 1
| #define GNULIB_FCHMODAT 1
| #define GNULIB_TEST_FCHMODAT 1
| #define GNULIB_FCHOWNAT 1
| #define GNULIB_TEST_FCHOWNAT 1
| #define GNULIB_TEST_FCNTL 1
| #define HAVE_RAW_DECL_FCNTL 1
| #define HAVE_RAW_DECL_OPENAT 1
| #define GNULIB_FD_SAFER_FLAG 1
| #define FLEXIBLE_ARRAY_MEMBER /**/
| #define GNULIB_TEST_FSTAT 1
| #define GNULIB_TEST_FSTATAT 1
| #define GNULIB_TEST_GETCWD 1
| #define GNULIB_TEST_GETDTABLESIZE 1
| #define HAVE_GETGROUPS 1
| #define GNULIB_TEST_GETGROUPS 1
| #define HAVE_DECL_PROGRAM_INVOCATION_NAME 1
| #define HAVE_DECL_PROGRAM_INVOCATION_SHORT_NAME 1
| #define HAVE_DECL___ARGV 0
| #define GETTIMEOFDAY_TIMEZONE void
| #define GNULIB_TEST_GETTIMEOFDAY 1
| #define GNULIB_TEST_GROUP_MEMBER 1
| #define HAVE_LCHOWN 1
| #define GNULIB_TEST_LCHOWN 1
| #define GNULIB_TEST_LSTAT 1
| #define HAVE_MALLOC_GNU 1
| #define GNULIB_MALLOC_GNU 1
| #define HAVE_MALLOC_POSIX 1
| #define GNULIB_TEST_MALLOC_POSIX 1
| /* end confdefs.h.  */
| #include <limits.h>
|             #include <locale.h>
|             #include <wchar.h>
| 
| int
| main (void)
| {
| 
|             int i;
|             char *locale = setlocale (LC_ALL, "C");
|             if (! locale)
|               return 2;
|             for (i = CHAR_MIN; i <= CHAR_MAX; i++)
|               {
|                 char c = i;
|                 wchar_t wc;
|                 mbstate_t mbs = { 0, };
|                 size_t ss = mbrtowc (&wc, &c, 1, &mbs);
|                 if (1 < ss)
|                   return 3;
|               }
|             return 0;
| 
|   ;
|   return 0;
| }
configure:20185: result: no
configure:20284: checking whether mbrtowc handles incomplete characters
configure:20344: result: yes
configure:20350: checking whether mbrtowc works as well as mbtowc
configure:20414: result: yes
configure:20539: checking for mempcpy
configure:20539: result: yes
configure:20589: checking for memrchr
configure:20589: gcc  -o conftest -isystem/home/ubuntu/yocto/rpi-build/tmp/work/x86_64-linux/patch-native/2.7.6-r0/recipe-sysroot-native/usr/include -O2 -pipe -isystem/home/ubuntu/yocto/rpi-build/tmp/work/x86_64-linux/patch-native/2.7.6-r0/recipe-sysroot-native/usr/include -L/home/ubuntu/yocto/rpi-build/tmp/work/x86_64-linux/patch-native/2.7.6-r0/recipe-sysroot-native/usr/lib                         -L/home/ubuntu/yocto/rpi-build/tmp/work/x86_64-linux/patch-native/2.7.6-r0/recipe-sysroot-native/lib                         -Wl,--enable-new-dtags                         -Wl,-rpath-link,/home/ubuntu/yocto/rpi-build/tmp/work/x86_64-linux/patch-native/2.7.6-r0/recipe-sysroot-native/usr/lib                         -Wl,-rpath-link,/home/ubuntu/yocto/rpi-build/tmp/work/x86_64-linux/patch-native/2.7.6-r0/recipe-sysroot-native/lib                         -Wl,-rpath,/home/ubuntu/yocto/rpi-build/tmp/work/x86_64-linux/patch-native/2.7.6-r0/recipe-sysroot-native/usr/lib                         -Wl,-rpath,/home/ubuntu/yocto/rpi-build/tmp/work/x86_64-linux/patch-native/2.7.6-r0/recipe-sysroot-native/lib                         -Wl,-O1 -Wl,--allow-shlib-undefined -Wl,--dynamic-linker=/home/ubuntu/yocto/rpi-build/tmp/sysroots-uninative/x86_64-linux/lib/ld-linux-x86-64.so.2 conftest.c  >&5
configure:20589: $? = 0
configure:20589: result: yes
configure:20630: checking whether mkdir handles trailing slash
configure:20680: gcc  -o conftest -isystem/home/ubuntu/yocto/rpi-build/tmp/work/x86_64-linux/patch-native/2.7.6-r0/recipe-sysroot-native/usr/include -O2 -pipe -isystem/home/ubuntu/yocto/rpi-build/tmp/work/x86_64-linux/patch-native/2.7.6-r0/recipe-sysroot-native/usr/include -L/home/ubuntu/yocto/rpi-build/tmp/work/x86_64-linux/patch-native/2.7.6-r0/recipe-sysroot-native/usr/lib                         -L/home/ubuntu/yocto/rpi-build/tmp/work/x86_64-linux/patch-native/2.7.6-r0/recipe-sysroot-native/lib                         -Wl,--enable-new-dtags                         -Wl,-rpath-link,/home/ubuntu/yocto/rpi-build/tmp/work/x86_64-linux/patch-native/2.7.6-r0/recipe-sysroot-native/usr/lib                         -Wl,-rpath-link,/home/ubuntu/yocto/rpi-build/tmp/work/x86_64-linux/patch-native/2.7.6-r0/recipe-sysroot-native/lib                         -Wl,-rpath,/home/ubuntu/yocto/rpi-build/tmp/work/x86_64-linux/patch-native/2.7.6-r0/recipe-sysroot-native/usr/lib                         -Wl,-rpath,/home/ubuntu/yocto/rpi-build/tmp/work/x86_64-linux/patch-native/2.7.6-r0/recipe-sysroot-native/lib                         -Wl,-O1 -Wl,--allow-shlib-undefined -Wl,--dynamic-linker=/home/ubuntu/yocto/rpi-build/tmp/sysroots-uninative/x86_64-linux/lib/ld-linux-x86-64.so.2 conftest.c  >&5
configure:20680: $? = 0
configure:20680: ./conftest
configure:20680: $? = 0
configure:20694: result: yes
configure:20703: checking whether mkdir handles trailing dot
configure:20736: gcc  -o conftest -isystem/home/ubuntu/yocto/rpi-build/tmp/work/x86_64-linux/patch-native/2.7.6-r0/recipe-sysroot-native/usr/include -O2 -pipe -isystem/home/ubuntu/yocto/rpi-build/tmp/work/x86_64-linux/patch-native/2.7.6-r0/recipe-sysroot-native/usr/include -L/home/ubuntu/yocto/rpi-build/tmp/work/x86_64-linux/patch-native/2.7.6-r0/recipe-sysroot-native/usr/lib                         -L/home/ubuntu/yocto/rpi-build/tmp/work/x86_64-linux/patch-native/2.7.6-r0/recipe-sysroot-native/lib                         -Wl,--enable-new-dtags                         -Wl,-rpath-link,/home/ubuntu/yocto/rpi-build/tmp/work/x86_64-linux/patch-native/2.7.6-r0/recipe-sysroot-native/usr/lib                         -Wl,-rpath-link,/home/ubuntu/yocto/rpi-build/tmp/work/x86_64-linux/patch-native/2.7.6-r0/recipe-sysroot-native/lib                         -Wl,-rpath,/home/ubuntu/yocto/rpi-build/tmp/work/x86_64-linux/patch-native/2.7.6-r0/recipe-sysroot-native/usr/lib                         -Wl,-rpath,/home/ubuntu/yocto/rpi-build/tmp/work/x86_64-linux/patch-native/2.7.6-r0/recipe-sysroot-native/lib                         -Wl,-O1 -Wl,--allow-shlib-undefined -Wl,--dynamic-linker=/home/ubuntu/yocto/rpi-build/tmp/sysroots-uninative/x86_64-linux/lib/ld-linux-x86-64.so.2 conftest.c  >&5
configure:20736: $? = 0
configure:20736: ./conftest
configure:20736: $? = 0
configure:20750: result: yes
configure:20865: checking for __mktime_internal
configure:20865: gcc  -o conftest -isystem/home/ubuntu/yocto/rpi-build/tmp/work/x86_64-linux/patch-native/2.7.6-r0/recipe-sysroot-native/usr/include -O2 -pipe -isystem/home/ubuntu/yocto/rpi-build/tmp/work/x86_64-linux/patch-native/2.7.6-r0/recipe-sysroot-native/usr/include -L/home/ubuntu/yocto/rpi-build/tmp/work/x86_64-linux/patch-native/2.7.6-r0/recipe-sysroot-native/usr/lib                         -L/home/ubuntu/yocto/rpi-build/tmp/work/x86_64-linux/patch-native/2.7.6-r0/recipe-sysroot-native/lib                         -Wl,--enable-new-dtags                         -Wl,-rpath-link,/home/ubuntu/yocto/rpi-build/tmp/work/x86_64-linux/patch-native/2.7.6-r0/recipe-sysroot-native/usr/lib                         -Wl,-rpath-link,/home/ubuntu/yocto/rpi-build/tmp/work/x86_64-linux/patch-native/2.7.6-r0/recipe-sysroot-native/lib                         -Wl,-rpath,/home/ubuntu/yocto/rpi-build/tmp/work/x86_64-linux/patch-native/2.7.6-r0/recipe-sysroot-native/usr/lib                         -Wl,-rpath,/home/ubuntu/yocto/rpi-build/tmp/work/x86_64-linux/patch-native/2.7.6-r0/recipe-sysroot-native/lib                         -Wl,-O1 -Wl,--allow-shlib-undefined -Wl,--dynamic-linker=/home/ubuntu/yocto/rpi-build/tmp/sysroots-uninative/x86_64-linux/lib/ld-linux-x86-64.so.2 conftest.c  >&5
/home/ubuntu/yocto/rpi-build/tmp/hosttools/ld: /tmp/ccRPxZR9.o: in function `main':
conftest.c:(.text.startup+0x9): undefined reference to `__mktime_internal'
collect2: error: ld returned 1 exit status
configure:20865: $? = 1
configure: failed program was:
| /* confdefs.h */
| #define PACKAGE_NAME "GNU patch"
| #define PACKAGE_TARNAME "patch"
| #define PACKAGE_VERSION "2.7.6"
| #define PACKAGE_STRING "GNU patch 2.7.6"
| #define PACKAGE_BUGREPORT "bug-patch@gnu.org"
| #define PACKAGE_URL "https://www.gnu.org/software/patch/"
| #define PACKAGE "patch"
| #define VERSION "2.7.6"
| #define HAVE_STDIO_H 1
| #define HAVE_STDLIB_H 1
| #define HAVE_STRING_H 1
| #define HAVE_INTTYPES_H 1
| #define HAVE_STDINT_H 1
| #define HAVE_STRINGS_H 1
| #define HAVE_SYS_STAT_H 1
| #define HAVE_SYS_TYPES_H 1
| #define HAVE_UNISTD_H 1
| #define HAVE_SYS_PARAM_H 1
| #define HAVE_SYS_SOCKET_H 1
| #define HAVE_DIRENT_H 1
| #define HAVE_GETOPT_H 1
| #define HAVE_SYS_CDEFS_H 1
| #define HAVE_SYS_TIME_H 1
| #define HAVE_LIMITS_H 1
| #define HAVE_WCHAR_H 1
| #define HAVE_SYS_MMAN_H 1
| #define HAVE_UTIME_H 1
| #define HAVE_FEATURES_H 1
| #define HAVE_WCTYPE_H 1
| #define STDC_HEADERS 1
| #define __EXTENSIONS__ 1
| #define _ALL_SOURCE 1
| #define _DARWIN_C_SOURCE 1
| #define _GNU_SOURCE 1
| #define _NETBSD_SOURCE 1
| #define _OPENBSD_SOURCE 1
| #define _POSIX_PTHREAD_SEMANTICS 1
| #define __STDC_WANT_IEC_60559_ATTRIBS_EXT__ 1
| #define __STDC_WANT_IEC_60559_BFP_EXT__ 1
| #define __STDC_WANT_IEC_60559_DFP_EXT__ 1
| #define __STDC_WANT_IEC_60559_FUNCS_EXT__ 1
| #define __STDC_WANT_IEC_60559_TYPES_EXT__ 1
| #define __STDC_WANT_LIB_EXT2__ 1
| #define __STDC_WANT_MATH_SPEC_FUNCS__ 1
| #define _TANDEM_SOURCE 1
| #define _HPUX_ALT_XOPEN_SOCKET_API 1
| #define HAVE_ALLOCA_H 1
| #define HAVE_ALLOCA 1
| #define D_INO_IN_DIRENT 1
| #define HAVE_LONG_FILE_NAMES 1
| #define HAVE_PATHCONF 1
| #define HAVE_CANONICALIZE_FILE_NAME 1
| #define HAVE_GETCWD 1
| #define HAVE_READLINK 1
| #define HAVE_REALPATH 1
| #define HAVE_CHOWN 1
| #define HAVE_FCHOWN 1
| #define HAVE_FCHDIR 1
| #define HAVE_FDOPENDIR 1
| #define HAVE_FACCESSAT 1
| #define HAVE_FCHMODAT 1
| #define HAVE_LCHMOD 1
| #define HAVE_FCNTL 1
| #define HAVE_SYMLINK 1
| #define HAVE_MEMPCPY 1
| #define HAVE_FSTATAT 1
| #define HAVE_GETDTABLESIZE 1
| #define HAVE_GETTIMEOFDAY 1
| #define HAVE_LSTAT 1
| #define HAVE_MBSINIT 1
| #define HAVE_MBRTOWC 1
| #define HAVE_MPROTECT 1
| #define HAVE_MKDIRAT 1
| #define HAVE_TZSET 1
| #define HAVE_OPENAT 1
| #define HAVE_READLINKAT 1
| #define HAVE_LINK 1
| #define HAVE_RENAMEAT 1
| #define HAVE_SETENV 1
| #define HAVE_STRDUP 1
| #define HAVE_STRNDUP 1
| #define HAVE_SYMLINKAT 1
| #define HAVE_LOCALTIME_R 1
| #define HAVE_TIMEGM 1
| #define HAVE_PIPE 1
| #define HAVE_UNLINKAT 1
| #define HAVE_UTIME 1
| #define HAVE_FUTIMES 1
| #define HAVE_FUTIMESAT 1
| #define HAVE_FUTIMENS 1
| #define HAVE_UTIMENSAT 1
| #define HAVE_LUTIMES 1
| #define HAVE_SNPRINTF 1
| #define HAVE_ISWCNTRL 1
| #define FUNC_REALPATH_WORKS 1
| #define HAVE_UNISTD_H 1
| #define HAVE_CHOWN 1
| #define HAVE_ENVIRON_DECL 1
| #define HAVE_DECL_STRERROR_R 1
| #define HAVE_STRERROR_R 1
| #define STRERROR_R_CHAR_P 1
| #define GETGROUPS_T gid_t
| #define LSTAT_FOLLOWS_SLASHED_SYMLINK 1
| #define HAVE_DECL_FCHDIR 1
| #define HAVE_WORKING_O_NOATIME 1
| #define HAVE_WORKING_O_NOFOLLOW 1
| #define HAVE_RAW_DECL_FCHMODAT 1
| #define HAVE_RAW_DECL_FSTAT 1
| #define HAVE_RAW_DECL_FSTATAT 1
| #define HAVE_RAW_DECL_FUTIMENS 1
| #define HAVE_RAW_DECL_LCHMOD 1
| #define HAVE_RAW_DECL_LSTAT 1
| #define HAVE_RAW_DECL_MKDIRAT 1
| #define HAVE_RAW_DECL_MKFIFO 1
| #define HAVE_RAW_DECL_MKFIFOAT 1
| #define HAVE_RAW_DECL_MKNOD 1
| #define HAVE_RAW_DECL_MKNODAT 1
| #define HAVE_RAW_DECL_STAT 1
| #define HAVE_RAW_DECL_UTIMENSAT 1
| #define HAVE_DECL_GETDTABLESIZE 1
| #define HAVE_GETOPT_H 1
| #define HAVE_GETOPT_LONG_ONLY 1
| #define restrict __restrict
| #define HAVE_RAW_DECL_GETTIMEOFDAY 1
| #define HAVE_WINT_T 1
| #define HAVE_UNSIGNED_LONG_LONG_INT 1
| #define HAVE_LONG_LONG_INT 1
| #define HAVE_RAW_DECL_IMAXABS 1
| #define HAVE_RAW_DECL_IMAXDIV 1
| #define HAVE_RAW_DECL_STRTOIMAX 1
| #define HAVE_RAW_DECL_STRTOUMAX 1
| #define HAVE_INTTYPES_H 1
| #define HAVE_LANGINFO_CODESET 1
| #define HAVE_DECL_GETC_UNLOCKED 1
| #define MALLOC_0_IS_NONNULL 1
| #define HAVE_MBSTATE_T 1
| #define HAVE_MAP_ANONYMOUS 1
| #define HAVE_DECL_MEMRCHR 1
| #define HAVE_MINMAX_IN_SYS_PARAM_H 1
| #define TIME_T_IS_SIGNED 1
| #define HAVE_DECL_ALARM 1
| #define HAVE_STRUCT_TM_TM_ZONE 1
| #define HAVE_TM_ZONE 1
| #define HAVE_TM_GMTOFF 1
| #define PROMOTED_MODE_T mode_t
| #define HAVE__BOOL 1
| #define HAVE_COMPOUND_LITERALS 1
| #define HAVE_DECL_SETENV 1
| #define HAVE_SEARCH_H 1
| #define HAVE_TSEARCH 1
| #define HAVE_SIGSET_T 1
| #define HAVE_WCHAR_T 1
| #define HAVE_DECL_STRDUP 1
| #define HAVE_RAW_DECL_FFSL 1
| #define HAVE_RAW_DECL_FFSLL 1
| #define HAVE_RAW_DECL_MEMMEM 1
| #define HAVE_RAW_DECL_MEMPCPY 1
| #define HAVE_RAW_DECL_MEMRCHR 1
| #define HAVE_RAW_DECL_RAWMEMCHR 1
| #define HAVE_RAW_DECL_STPCPY 1
| #define HAVE_RAW_DECL_STPNCPY 1
| #define HAVE_RAW_DECL_STRCHRNUL 1
| #define HAVE_RAW_DECL_STRDUP 1
| #define HAVE_RAW_DECL_STRNCAT 1
| #define HAVE_RAW_DECL_STRNDUP 1
| #define HAVE_RAW_DECL_STRNLEN 1
| #define HAVE_RAW_DECL_STRPBRK 1
| #define HAVE_RAW_DECL_STRSEP 1
| #define HAVE_RAW_DECL_STRCASESTR 1
| #define HAVE_RAW_DECL_STRTOK_R 1
| #define HAVE_RAW_DECL_STRERROR_R 1
| #define HAVE_RAW_DECL_STRSIGNAL 1
| #define HAVE_RAW_DECL_STRVERSCMP 1
| #define HAVE_DECL_STRNDUP 1
| #define HAVE_DECL_STRNLEN 1
| #define _USE_STD_STAT 1
| #define HAVE_DECL_UNSETENV 1
| #define HAVE_WORKING_UTIMES 1
| #define HAVE_INTTYPES_H_WITH_UINTMAX 1
| #define HAVE_STDINT_H_WITH_UINTMAX 1
| #define HAVE_INTMAX_T 1
| #define DBL_EXPBIT0_WORD 1
| #define DBL_EXPBIT0_BIT 20
| #define HAVE_SNPRINTF 1
| #define HAVE_STRNLEN 1
| #define HAVE_WCSLEN 1
| #define HAVE_WCSNLEN 1
| #define HAVE_MBRTOWC 1
| #define HAVE_WCRTOMB 1
| #define HAVE_DECL__SNPRINTF 0
| #define HAVE_SNPRINTF_RETVAL_C99 1
| #define HAVE_ALLOCA 1
| #define GNULIB_CANONICALIZE_LGPL 1
| #define GNULIB_TEST_CANONICALIZE_FILE_NAME 1
| #define GNULIB_TEST_REALPATH 1
| #define GNULIB_TEST_CHDIR 1
| #define GNULIB_TEST_CHOWN 1
| #define HAVE_CLOCK_GETTIME 1
| #define HAVE_CLOCK_SETTIME 1
| #define GNULIB_TEST_CLOEXEC 1
| #define GNULIB_TEST_CLOSE 1
| #define HAVE_CLOSEDIR 1
| #define GNULIB_TEST_CLOSEDIR 1
| #define D_INO_IN_DIRENT 1
| #define HAVE_RAW_DECL_ALPHASORT 1
| #define HAVE_RAW_DECL_CLOSEDIR 1
| #define HAVE_RAW_DECL_DIRFD 1
| #define HAVE_RAW_DECL_FDOPENDIR 1
| #define HAVE_RAW_DECL_OPENDIR 1
| #define HAVE_RAW_DECL_READDIR 1
| #define HAVE_RAW_DECL_REWINDDIR 1
| #define HAVE_RAW_DECL_SCANDIR 1
| #define GNULIB_DIRENT_SAFER 1
| #define HAVE_DIRFD 1
| #define HAVE_DECL_DIRFD 1
| #define GNULIB_TEST_DIRFD 1
| #define GNULIB_DIRNAME 1
| #define HAVE_DUP2 1
| #define GNULIB_TEST_DUP2 1
| #define GNULIB_TEST_ENVIRON 1
| #define HAVE_EUIDACCESS 1
| #define GNULIB_TEST_EUIDACCESS 1
| #define GNULIB_FACCESSAT 1
| #define GNULIB_TEST_FACCESSAT 1
| #define GNULIB_TEST_FCHDIR 1
| #define GNULIB_FCHMODAT 1
| #define GNULIB_TEST_FCHMODAT 1
| #define GNULIB_FCHOWNAT 1
| #define GNULIB_TEST_FCHOWNAT 1
| #define GNULIB_TEST_FCNTL 1
| #define HAVE_RAW_DECL_FCNTL 1
| #define HAVE_RAW_DECL_OPENAT 1
| #define GNULIB_FD_SAFER_FLAG 1
| #define FLEXIBLE_ARRAY_MEMBER /**/
| #define GNULIB_TEST_FSTAT 1
| #define GNULIB_TEST_FSTATAT 1
| #define GNULIB_TEST_GETCWD 1
| #define GNULIB_TEST_GETDTABLESIZE 1
| #define HAVE_GETGROUPS 1
| #define GNULIB_TEST_GETGROUPS 1
| #define HAVE_DECL_PROGRAM_INVOCATION_NAME 1
| #define HAVE_DECL_PROGRAM_INVOCATION_SHORT_NAME 1
| #define HAVE_DECL___ARGV 0
| #define GETTIMEOFDAY_TIMEZONE void
| #define GNULIB_TEST_GETTIMEOFDAY 1
| #define GNULIB_TEST_GROUP_MEMBER 1
| #define HAVE_LCHOWN 1
| #define GNULIB_TEST_LCHOWN 1
| #define GNULIB_TEST_LSTAT 1
| #define HAVE_MALLOC_GNU 1
| #define GNULIB_MALLOC_GNU 1
| #define HAVE_MALLOC_POSIX 1
| #define GNULIB_TEST_MALLOC_POSIX 1
| #define C_LOCALE_MAYBE_EILSEQ 1
| #define GNULIB_TEST_MBRTOWC 1
| #define GNULIB_TEST_MBSINIT 1
| #define GNULIB_TEST_MEMCHR 1
| #define HAVE_MEMPCPY 1
| #define GNULIB_TEST_MEMPCPY 1
| #define HAVE_MEMRCHR 1
| #define GNULIB_TEST_MEMRCHR 1
| #define GNULIB_TEST_MKDIRAT 1
| #define GNULIB_TEST_MKTIME 1
| /* end confdefs.h.  */
| /* Define __mktime_internal to an innocuous variant, in case <limits.h> declares __mktime_internal.
|    For example, HP-UX 11i <limits.h> declares gettimeofday.  */
| #define __mktime_internal innocuous___mktime_internal
| 
| /* System header to define __stub macros and hopefully few prototypes,
|    which can conflict with char __mktime_internal (void); below.  */
| 
| #include <limits.h>
| #undef __mktime_internal
| 
| /* Override any GCC internal prototype to avoid an error.
|    Use char because int might match the return type of a GCC
|    builtin and then its argument prototype would still apply.  */
| #ifdef __cplusplus
| extern "C"
| #endif
| char __mktime_internal (void);
| /* The GNU C library defines this for functions which it implements
|     to always fail with ENOSYS.  Some functions are actually named
|     something starting with __ and the normal name is an alias.  */
| #if defined __stub___mktime_internal || defined __stub_____mktime_internal
| choke me
| #endif
| 
| int
| main (void)
| {
| return __mktime_internal ();
|   ;
|   return 0;
| }
configure:20865: result: no
configure:20950: checking whether open recognizes a trailing slash
configure:20991: gcc  -o conftest -isystem/home/ubuntu/yocto/rpi-build/tmp/work/x86_64-linux/patch-native/2.7.6-r0/recipe-sysroot-native/usr/include -O2 -pipe -isystem/home/ubuntu/yocto/rpi-build/tmp/work/x86_64-linux/patch-native/2.7.6-r0/recipe-sysroot-native/usr/include -L/home/ubuntu/yocto/rpi-build/tmp/work/x86_64-linux/patch-native/2.7.6-r0/recipe-sysroot-native/usr/lib                         -L/home/ubuntu/yocto/rpi-build/tmp/work/x86_64-linux/patch-native/2.7.6-r0/recipe-sysroot-native/lib                         -Wl,--enable-new-dtags                         -Wl,-rpath-link,/home/ubuntu/yocto/rpi-build/tmp/work/x86_64-linux/patch-native/2.7.6-r0/recipe-sysroot-native/usr/lib                         -Wl,-rpath-link,/home/ubuntu/yocto/rpi-build/tmp/work/x86_64-linux/patch-native/2.7.6-r0/recipe-sysroot-native/lib                         -Wl,-rpath,/home/ubuntu/yocto/rpi-build/tmp/work/x86_64-linux/patch-native/2.7.6-r0/recipe-sysroot-native/usr/lib                         -Wl,-rpath,/home/ubuntu/yocto/rpi-build/tmp/work/x86_64-linux/patch-native/2.7.6-r0/recipe-sysroot-native/lib                         -Wl,-O1 -Wl,--allow-shlib-undefined -Wl,--dynamic-linker=/home/ubuntu/yocto/rpi-build/tmp/sysroots-uninative/x86_64-linux/lib/ld-linux-x86-64.so.2 conftest.c  >&5
configure:20991: $? = 0
configure:20991: ./conftest
configure:20991: $? = 0
configure:21004: result: yes
configure:21121: checking for opendir
configure:21121: gcc  -o conftest -isystem/home/ubuntu/yocto/rpi-build/tmp/work/x86_64-linux/patch-native/2.7.6-r0/recipe-sysroot-native/usr/include -O2 -pipe -isystem/home/ubuntu/yocto/rpi-build/tmp/work/x86_64-linux/patch-native/2.7.6-r0/recipe-sysroot-native/usr/include -L/home/ubuntu/yocto/rpi-build/tmp/work/x86_64-linux/patch-native/2.7.6-r0/recipe-sysroot-native/usr/lib                         -L/home/ubuntu/yocto/rpi-build/tmp/work/x86_64-linux/patch-native/2.7.6-r0/recipe-sysroot-native/lib                         -Wl,--enable-new-dtags                         -Wl,-rpath-link,/home/ubuntu/yocto/rpi-build/tmp/work/x86_64-linux/patch-native/2.7.6-r0/recipe-sysroot-native/usr/lib                         -Wl,-rpath-link,/home/ubuntu/yocto/rpi-build/tmp/work/x86_64-linux/patch-native/2.7.6-r0/recipe-sysroot-native/lib                         -Wl,-rpath,/home/ubuntu/yocto/rpi-build/tmp/work/x86_64-linux/patch-native/2.7.6-r0/recipe-sysroot-native/usr/lib                         -Wl,-rpath,/home/ubuntu/yocto/rpi-build/tmp/work/x86_64-linux/patch-native/2.7.6-r0/recipe-sysroot-native/lib                         -Wl,-O1 -Wl,--allow-shlib-undefined -Wl,--dynamic-linker=/home/ubuntu/yocto/rpi-build/tmp/sysroots-uninative/x86_64-linux/lib/ld-linux-x86-64.so.2 conftest.c  >&5
configure:21121: $? = 0
configure:21121: result: yes
configure:21183: checking for struct tm.tm_zone
configure:21183: result: yes
configure:21255: checking whether program_invocation_name is declared
configure:21255: result: yes
configure:21265: checking whether program_invocation_short_name is declared
configure:21265: result: yes
configure:21284: checking for raise
configure:21284: gcc  -o conftest -isystem/home/ubuntu/yocto/rpi-build/tmp/work/x86_64-linux/patch-native/2.7.6-r0/recipe-sysroot-native/usr/include -O2 -pipe -isystem/home/ubuntu/yocto/rpi-build/tmp/work/x86_64-linux/patch-native/2.7.6-r0/recipe-sysroot-native/usr/include -L/home/ubuntu/yocto/rpi-build/tmp/work/x86_64-linux/patch-native/2.7.6-r0/recipe-sysroot-native/usr/lib                         -L/home/ubuntu/yocto/rpi-build/tmp/work/x86_64-linux/patch-native/2.7.6-r0/recipe-sysroot-native/lib                         -Wl,--enable-new-dtags                         -Wl,-rpath-link,/home/ubuntu/yocto/rpi-build/tmp/work/x86_64-linux/patch-native/2.7.6-r0/recipe-sysroot-native/usr/lib                         -Wl,-rpath-link,/home/ubuntu/yocto/rpi-build/tmp/work/x86_64-linux/patch-native/2.7.6-r0/recipe-sysroot-native/lib                         -Wl,-rpath,/home/ubuntu/yocto/rpi-build/tmp/work/x86_64-linux/patch-native/2.7.6-r0/recipe-sysroot-native/usr/lib                         -Wl,-rpath,/home/ubuntu/yocto/rpi-build/tmp/work/x86_64-linux/patch-native/2.7.6-r0/recipe-sysroot-native/lib                         -Wl,-O1 -Wl,--allow-shlib-undefined -Wl,--dynamic-linker=/home/ubuntu/yocto/rpi-build/tmp/sysroots-uninative/x86_64-linux/lib/ld-linux-x86-64.so.2 conftest.c  >&5
configure:21284: $? = 0
configure:21284: result: yes
configure:21334: checking for readdir
configure:21334: gcc  -o conftest -isystem/home/ubuntu/yocto/rpi-build/tmp/work/x86_64-linux/patch-native/2.7.6-r0/recipe-sysroot-native/usr/include -O2 -pipe -isystem/home/ubuntu/yocto/rpi-build/tmp/work/x86_64-linux/patch-native/2.7.6-r0/recipe-sysroot-native/usr/include -L/home/ubuntu/yocto/rpi-build/tmp/work/x86_64-linux/patch-native/2.7.6-r0/recipe-sysroot-native/usr/lib                         -L/home/ubuntu/yocto/rpi-build/tmp/work/x86_64-linux/patch-native/2.7.6-r0/recipe-sysroot-native/lib                         -Wl,--enable-new-dtags                         -Wl,-rpath-link,/home/ubuntu/yocto/rpi-build/tmp/work/x86_64-linux/patch-native/2.7.6-r0/recipe-sysroot-native/usr/lib                         -Wl,-rpath-link,/home/ubuntu/yocto/rpi-build/tmp/work/x86_64-linux/patch-native/2.7.6-r0/recipe-sysroot-native/lib                         -Wl,-rpath,/home/ubuntu/yocto/rpi-build/tmp/work/x86_64-linux/patch-native/2.7.6-r0/recipe-sysroot-native/usr/lib                         -Wl,-rpath,/home/ubuntu/yocto/rpi-build/tmp/work/x86_64-linux/patch-native/2.7.6-r0/recipe-sysroot-native/lib                         -Wl,-O1 -Wl,--allow-shlib-undefined -Wl,--dynamic-linker=/home/ubuntu/yocto/rpi-build/tmp/sysroots-uninative/x86_64-linux/lib/ld-linux-x86-64.so.2 conftest.c  >&5
configure:21334: $? = 0
configure:21334: result: yes
configure:21378: checking whether readlink signature is correct
configure:21397: gcc  -c -isystem/home/ubuntu/yocto/rpi-build/tmp/work/x86_64-linux/patch-native/2.7.6-r0/recipe-sysroot-native/usr/include -O2 -pipe -isystem/home/ubuntu/yocto/rpi-build/tmp/work/x86_64-linux/patch-native/2.7.6-r0/recipe-sysroot-native/usr/include conftest.c >&5
configure:21397: $? = 0
configure:21405: result: yes
configure:21407: checking whether readlink handles trailing slash correctly
configure:21439: gcc  -o conftest -isystem/home/ubuntu/yocto/rpi-build/tmp/work/x86_64-linux/patch-native/2.7.6-r0/recipe-sysroot-native/usr/include -O2 -pipe -isystem/home/ubuntu/yocto/rpi-build/tmp/work/x86_64-linux/patch-native/2.7.6-r0/recipe-sysroot-native/usr/include -L/home/ubuntu/yocto/rpi-build/tmp/work/x86_64-linux/patch-native/2.7.6-r0/recipe-sysroot-native/usr/lib                         -L/home/ubuntu/yocto/rpi-build/tmp/work/x86_64-linux/patch-native/2.7.6-r0/recipe-sysroot-native/lib                         -Wl,--enable-new-dtags                         -Wl,-rpath-link,/home/ubuntu/yocto/rpi-build/tmp/work/x86_64-linux/patch-native/2.7.6-r0/recipe-sysroot-native/usr/lib                         -Wl,-rpath-link,/home/ubuntu/yocto/rpi-build/tmp/work/x86_64-linux/patch-native/2.7.6-r0/recipe-sysroot-native/lib                         -Wl,-rpath,/home/ubuntu/yocto/rpi-build/tmp/work/x86_64-linux/patch-native/2.7.6-r0/recipe-sysroot-native/usr/lib                         -Wl,-rpath,/home/ubuntu/yocto/rpi-build/tmp/work/x86_64-linux/patch-native/2.7.6-r0/recipe-sysroot-native/lib                         -Wl,-O1 -Wl,--allow-shlib-undefined -Wl,--dynamic-linker=/home/ubuntu/yocto/rpi-build/tmp/sysroots-uninative/x86_64-linux/lib/ld-linux-x86-64.so.2 conftest.c  >&5
configure:21439: $? = 0
configure:21439: ./conftest
configure:21439: $? = 0
configure:21451: result: yes
configure:21506: checking whether readlinkat signature is correct
configure:21525: gcc  -c -isystem/home/ubuntu/yocto/rpi-build/tmp/work/x86_64-linux/patch-native/2.7.6-r0/recipe-sysroot-native/usr/include -O2 -pipe -isystem/home/ubuntu/yocto/rpi-build/tmp/work/x86_64-linux/patch-native/2.7.6-r0/recipe-sysroot-native/usr/include conftest.c >&5
configure:21525: $? = 0
configure:21533: result: yes
configure:21578: checking for GNU libc compatible realloc
configure:21621: result: yes
configure:21696: checking whether rename honors trailing slash on destination
configure:21745: gcc  -o conftest -isystem/home/ubuntu/yocto/rpi-build/tmp/work/x86_64-linux/patch-native/2.7.6-r0/recipe-sysroot-native/usr/include -O2 -pipe -isystem/home/ubuntu/yocto/rpi-build/tmp/work/x86_64-linux/patch-native/2.7.6-r0/recipe-sysroot-native/usr/include -L/home/ubuntu/yocto/rpi-build/tmp/work/x86_64-linux/patch-native/2.7.6-r0/recipe-sysroot-native/usr/lib                         -L/home/ubuntu/yocto/rpi-build/tmp/work/x86_64-linux/patch-native/2.7.6-r0/recipe-sysroot-native/lib                         -Wl,--enable-new-dtags                         -Wl,-rpath-link,/home/ubuntu/yocto/rpi-build/tmp/work/x86_64-linux/patch-native/2.7.6-r0/recipe-sysroot-native/usr/lib                         -Wl,-rpath-link,/home/ubuntu/yocto/rpi-build/tmp/work/x86_64-linux/patch-native/2.7.6-r0/recipe-sysroot-native/lib                         -Wl,-rpath,/home/ubuntu/yocto/rpi-build/tmp/work/x86_64-linux/patch-native/2.7.6-r0/recipe-sysroot-native/usr/lib                         -Wl,-rpath,/home/ubuntu/yocto/rpi-build/tmp/work/x86_64-linux/patch-native/2.7.6-r0/recipe-sysroot-native/lib                         -Wl,-O1 -Wl,--allow-shlib-undefined -Wl,--dynamic-linker=/home/ubuntu/yocto/rpi-build/tmp/sysroots-uninative/x86_64-linux/lib/ld-linux-x86-64.so.2 conftest.c  >&5
configure:21745: $? = 0
configure:21745: ./conftest
configure:21745: $? = 0
configure:21758: result: yes
configure:21770: checking whether rename honors trailing slash on source
configure:21819: gcc  -o conftest -isystem/home/ubuntu/yocto/rpi-build/tmp/work/x86_64-linux/patch-native/2.7.6-r0/recipe-sysroot-native/usr/include -O2 -pipe -isystem/home/ubuntu/yocto/rpi-build/tmp/work/x86_64-linux/patch-native/2.7.6-r0/recipe-sysroot-native/usr/include -L/home/ubuntu/yocto/rpi-build/tmp/work/x86_64-linux/patch-native/2.7.6-r0/recipe-sysroot-native/usr/lib                         -L/home/ubuntu/yocto/rpi-build/tmp/work/x86_64-linux/patch-native/2.7.6-r0/recipe-sysroot-native/lib                         -Wl,--enable-new-dtags                         -Wl,-rpath-link,/home/ubuntu/yocto/rpi-build/tmp/work/x86_64-linux/patch-native/2.7.6-r0/recipe-sysroot-native/usr/lib                         -Wl,-rpath-link,/home/ubuntu/yocto/rpi-build/tmp/work/x86_64-linux/patch-native/2.7.6-r0/recipe-sysroot-native/lib                         -Wl,-rpath,/home/ubuntu/yocto/rpi-build/tmp/work/x86_64-linux/patch-native/2.7.6-r0/recipe-sysroot-native/usr/lib                         -Wl,-rpath,/home/ubuntu/yocto/rpi-build/tmp/work/x86_64-linux/patch-native/2.7.6-r0/recipe-sysroot-native/lib                         -Wl,-O1 -Wl,--allow-shlib-undefined -Wl,--dynamic-linker=/home/ubuntu/yocto/rpi-build/tmp/sysroots-uninative/x86_64-linux/lib/ld-linux-x86-64.so.2 conftest.c  >&5
configure:21819: $? = 0
configure:21819: ./conftest
configure:21819: $? = 0
configure:21832: result: yes
configure:21845: checking whether rename manages hard links correctly
configure:21901: gcc  -o conftest -isystem/home/ubuntu/yocto/rpi-build/tmp/work/x86_64-linux/patch-native/2.7.6-r0/recipe-sysroot-native/usr/include -O2 -pipe -isystem/home/ubuntu/yocto/rpi-build/tmp/work/x86_64-linux/patch-native/2.7.6-r0/recipe-sysroot-native/usr/include -L/home/ubuntu/yocto/rpi-build/tmp/work/x86_64-linux/patch-native/2.7.6-r0/recipe-sysroot-native/usr/lib                         -L/home/ubuntu/yocto/rpi-build/tmp/work/x86_64-linux/patch-native/2.7.6-r0/recipe-sysroot-native/lib                         -Wl,--enable-new-dtags                         -Wl,-rpath-link,/home/ubuntu/yocto/rpi-build/tmp/work/x86_64-linux/patch-native/2.7.6-r0/recipe-sysroot-native/usr/lib                         -Wl,-rpath-link,/home/ubuntu/yocto/rpi-build/tmp/work/x86_64-linux/patch-native/2.7.6-r0/recipe-sysroot-native/lib                         -Wl,-rpath,/home/ubuntu/yocto/rpi-build/tmp/work/x86_64-linux/patch-native/2.7.6-r0/recipe-sysroot-native/usr/lib                         -Wl,-rpath,/home/ubuntu/yocto/rpi-build/tmp/work/x86_64-linux/patch-native/2.7.6-r0/recipe-sysroot-native/lib                         -Wl,-O1 -Wl,--allow-shlib-undefined -Wl,--dynamic-linker=/home/ubuntu/yocto/rpi-build/tmp/sysroots-uninative/x86_64-linux/lib/ld-linux-x86-64.so.2 conftest.c  >&5
configure:21901: $? = 0
configure:21901: ./conftest
configure:21901: $? = 0
configure:21920: result: yes
configure:21932: checking whether rename manages existing destinations correctly
configure:21973: gcc  -o conftest -isystem/home/ubuntu/yocto/rpi-build/tmp/work/x86_64-linux/patch-native/2.7.6-r0/recipe-sysroot-native/usr/include -O2 -pipe -isystem/home/ubuntu/yocto/rpi-build/tmp/work/x86_64-linux/patch-native/2.7.6-r0/recipe-sysroot-native/usr/include -L/home/ubuntu/yocto/rpi-build/tmp/work/x86_64-linux/patch-native/2.7.6-r0/recipe-sysroot-native/usr/lib                         -L/home/ubuntu/yocto/rpi-build/tmp/work/x86_64-linux/patch-native/2.7.6-r0/recipe-sysroot-native/lib                         -Wl,--enable-new-dtags                         -Wl,-rpath-link,/home/ubuntu/yocto/rpi-build/tmp/work/x86_64-linux/patch-native/2.7.6-r0/recipe-sysroot-native/usr/lib                         -Wl,-rpath-link,/home/ubuntu/yocto/rpi-build/tmp/work/x86_64-linux/patch-native/2.7.6-r0/recipe-sysroot-native/lib                         -Wl,-rpath,/home/ubuntu/yocto/rpi-build/tmp/work/x86_64-linux/patch-native/2.7.6-r0/recipe-sysroot-native/usr/lib                         -Wl,-rpath,/home/ubuntu/yocto/rpi-build/tmp/work/x86_64-linux/patch-native/2.7.6-r0/recipe-sysroot-native/lib                         -Wl,-O1 -Wl,--allow-shlib-undefined -Wl,--dynamic-linker=/home/ubuntu/yocto/rpi-build/tmp/sysroots-uninative/x86_64-linux/lib/ld-linux-x86-64.so.2 conftest.c  >&5
configure:21973: $? = 0
configure:21973: ./conftest
configure:21973: $? = 0
configure:21986: result: yes
configure:22030: checking for linux/fs.h
configure:22030: gcc  -c -isystem/home/ubuntu/yocto/rpi-build/tmp/work/x86_64-linux/patch-native/2.7.6-r0/recipe-sysroot-native/usr/include -O2 -pipe -isystem/home/ubuntu/yocto/rpi-build/tmp/work/x86_64-linux/patch-native/2.7.6-r0/recipe-sysroot-native/usr/include conftest.c >&5
configure:22030: $? = 0
configure:22030: result: yes
configure:22088: checking for linux/fs.h
configure:22088: result: yes
configure:22117: checking whether rmdir works
configure:22163: gcc  -o conftest -isystem/home/ubuntu/yocto/rpi-build/tmp/work/x86_64-linux/patch-native/2.7.6-r0/recipe-sysroot-native/usr/include -O2 -pipe -isystem/home/ubuntu/yocto/rpi-build/tmp/work/x86_64-linux/patch-native/2.7.6-r0/recipe-sysroot-native/usr/include -L/home/ubuntu/yocto/rpi-build/tmp/work/x86_64-linux/patch-native/2.7.6-r0/recipe-sysroot-native/usr/lib                         -L/home/ubuntu/yocto/rpi-build/tmp/work/x86_64-linux/patch-native/2.7.6-r0/recipe-sysroot-native/lib                         -Wl,--enable-new-dtags                         -Wl,-rpath-link,/home/ubuntu/yocto/rpi-build/tmp/work/x86_64-linux/patch-native/2.7.6-r0/recipe-sysroot-native/usr/lib                         -Wl,-rpath-link,/home/ubuntu/yocto/rpi-build/tmp/work/x86_64-linux/patch-native/2.7.6-r0/recipe-sysroot-native/lib                         -Wl,-rpath,/home/ubuntu/yocto/rpi-build/tmp/work/x86_64-linux/patch-native/2.7.6-r0/recipe-sysroot-native/usr/lib                         -Wl,-rpath,/home/ubuntu/yocto/rpi-build/tmp/work/x86_64-linux/patch-native/2.7.6-r0/recipe-sysroot-native/lib                         -Wl,-O1 -Wl,--allow-shlib-undefined -Wl,--dynamic-linker=/home/ubuntu/yocto/rpi-build/tmp/sysroots-uninative/x86_64-linux/lib/ld-linux-x86-64.so.2 conftest.c  >&5
configure:22163: $? = 0
configure:22163: ./conftest
configure:22163: $? = 0
configure:22175: result: yes
configure:22224: checking whether setenv validates arguments
configure:22270: gcc  -o conftest -isystem/home/ubuntu/yocto/rpi-build/tmp/work/x86_64-linux/patch-native/2.7.6-r0/recipe-sysroot-native/usr/include -O2 -pipe -isystem/home/ubuntu/yocto/rpi-build/tmp/work/x86_64-linux/patch-native/2.7.6-r0/recipe-sysroot-native/usr/include -L/home/ubuntu/yocto/rpi-build/tmp/work/x86_64-linux/patch-native/2.7.6-r0/recipe-sysroot-native/usr/lib                         -L/home/ubuntu/yocto/rpi-build/tmp/work/x86_64-linux/patch-native/2.7.6-r0/recipe-sysroot-native/lib                         -Wl,--enable-new-dtags                         -Wl,-rpath-link,/home/ubuntu/yocto/rpi-build/tmp/work/x86_64-linux/patch-native/2.7.6-r0/recipe-sysroot-native/usr/lib                         -Wl,-rpath-link,/home/ubuntu/yocto/rpi-build/tmp/work/x86_64-linux/patch-native/2.7.6-r0/recipe-sysroot-native/lib                         -Wl,-rpath,/home/ubuntu/yocto/rpi-build/tmp/work/x86_64-linux/patch-native/2.7.6-r0/recipe-sysroot-native/usr/lib                         -Wl,-rpath,/home/ubuntu/yocto/rpi-build/tmp/work/x86_64-linux/patch-native/2.7.6-r0/recipe-sysroot-native/lib                         -Wl,-O1 -Wl,--allow-shlib-undefined -Wl,--dynamic-linker=/home/ubuntu/yocto/rpi-build/tmp/sysroots-uninative/x86_64-linux/lib/ld-linux-x86-64.so.2 conftest.c  >&5
configure:22270: $? = 0
configure:22270: ./conftest
configure:22270: $? = 0
configure:22281: result: yes
configure:22396: checking for volatile sig_atomic_t
configure:22396: gcc  -c -isystem/home/ubuntu/yocto/rpi-build/tmp/work/x86_64-linux/patch-native/2.7.6-r0/recipe-sysroot-native/usr/include -O2 -pipe -isystem/home/ubuntu/yocto/rpi-build/tmp/work/x86_64-linux/patch-native/2.7.6-r0/recipe-sysroot-native/usr/include conftest.c >&5
configure:22396: $? = 0
configure:22396: gcc  -c -isystem/home/ubuntu/yocto/rpi-build/tmp/work/x86_64-linux/patch-native/2.7.6-r0/recipe-sysroot-native/usr/include -O2 -pipe -isystem/home/ubuntu/yocto/rpi-build/tmp/work/x86_64-linux/patch-native/2.7.6-r0/recipe-sysroot-native/usr/include conftest.c >&5
conftest.c: In function 'main':
conftest.c:301:36: error: expected expression before ')' token
  301 | if (sizeof ((volatile sig_atomic_t)))
      |                                    ^
configure:22396: $? = 1
configure: failed program was:
| /* confdefs.h */
| #define PACKAGE_NAME "GNU patch"
| #define PACKAGE_TARNAME "patch"
| #define PACKAGE_VERSION "2.7.6"
| #define PACKAGE_STRING "GNU patch 2.7.6"
| #define PACKAGE_BUGREPORT "bug-patch@gnu.org"
| #define PACKAGE_URL "https://www.gnu.org/software/patch/"
| #define PACKAGE "patch"
| #define VERSION "2.7.6"
| #define HAVE_STDIO_H 1
| #define HAVE_STDLIB_H 1
| #define HAVE_STRING_H 1
| #define HAVE_INTTYPES_H 1
| #define HAVE_STDINT_H 1
| #define HAVE_STRINGS_H 1
| #define HAVE_SYS_STAT_H 1
| #define HAVE_SYS_TYPES_H 1
| #define HAVE_UNISTD_H 1
| #define HAVE_SYS_PARAM_H 1
| #define HAVE_SYS_SOCKET_H 1
| #define HAVE_DIRENT_H 1
| #define HAVE_GETOPT_H 1
| #define HAVE_SYS_CDEFS_H 1
| #define HAVE_SYS_TIME_H 1
| #define HAVE_LIMITS_H 1
| #define HAVE_WCHAR_H 1
| #define HAVE_SYS_MMAN_H 1
| #define HAVE_UTIME_H 1
| #define HAVE_FEATURES_H 1
| #define HAVE_WCTYPE_H 1
| #define STDC_HEADERS 1
| #define __EXTENSIONS__ 1
| #define _ALL_SOURCE 1
| #define _DARWIN_C_SOURCE 1
| #define _GNU_SOURCE 1
| #define _NETBSD_SOURCE 1
| #define _OPENBSD_SOURCE 1
| #define _POSIX_PTHREAD_SEMANTICS 1
| #define __STDC_WANT_IEC_60559_ATTRIBS_EXT__ 1
| #define __STDC_WANT_IEC_60559_BFP_EXT__ 1
| #define __STDC_WANT_IEC_60559_DFP_EXT__ 1
| #define __STDC_WANT_IEC_60559_FUNCS_EXT__ 1
| #define __STDC_WANT_IEC_60559_TYPES_EXT__ 1
| #define __STDC_WANT_LIB_EXT2__ 1
| #define __STDC_WANT_MATH_SPEC_FUNCS__ 1
| #define _TANDEM_SOURCE 1
| #define _HPUX_ALT_XOPEN_SOCKET_API 1
| #define HAVE_ALLOCA_H 1
| #define HAVE_ALLOCA 1
| #define D_INO_IN_DIRENT 1
| #define HAVE_LONG_FILE_NAMES 1
| #define HAVE_PATHCONF 1
| #define HAVE_CANONICALIZE_FILE_NAME 1
| #define HAVE_GETCWD 1
| #define HAVE_READLINK 1
| #define HAVE_REALPATH 1
| #define HAVE_CHOWN 1
| #define HAVE_FCHOWN 1
| #define HAVE_FCHDIR 1
| #define HAVE_FDOPENDIR 1
| #define HAVE_FACCESSAT 1
| #define HAVE_FCHMODAT 1
| #define HAVE_LCHMOD 1
| #define HAVE_FCNTL 1
| #define HAVE_SYMLINK 1
| #define HAVE_MEMPCPY 1
| #define HAVE_FSTATAT 1
| #define HAVE_GETDTABLESIZE 1
| #define HAVE_GETTIMEOFDAY 1
| #define HAVE_LSTAT 1
| #define HAVE_MBSINIT 1
| #define HAVE_MBRTOWC 1
| #define HAVE_MPROTECT 1
| #define HAVE_MKDIRAT 1
| #define HAVE_TZSET 1
| #define HAVE_OPENAT 1
| #define HAVE_READLINKAT 1
| #define HAVE_LINK 1
| #define HAVE_RENAMEAT 1
| #define HAVE_SETENV 1
| #define HAVE_STRDUP 1
| #define HAVE_STRNDUP 1
| #define HAVE_SYMLINKAT 1
| #define HAVE_LOCALTIME_R 1
| #define HAVE_TIMEGM 1
| #define HAVE_PIPE 1
| #define HAVE_UNLINKAT 1
| #define HAVE_UTIME 1
| #define HAVE_FUTIMES 1
| #define HAVE_FUTIMESAT 1
| #define HAVE_FUTIMENS 1
| #define HAVE_UTIMENSAT 1
| #define HAVE_LUTIMES 1
| #define HAVE_SNPRINTF 1
| #define HAVE_ISWCNTRL 1
| #define FUNC_REALPATH_WORKS 1
| #define HAVE_UNISTD_H 1
| #define HAVE_CHOWN 1
| #define HAVE_ENVIRON_DECL 1
| #define HAVE_DECL_STRERROR_R 1
| #define HAVE_STRERROR_R 1
| #define STRERROR_R_CHAR_P 1
| #define GETGROUPS_T gid_t
| #define LSTAT_FOLLOWS_SLASHED_SYMLINK 1
| #define HAVE_DECL_FCHDIR 1
| #define HAVE_WORKING_O_NOATIME 1
| #define HAVE_WORKING_O_NOFOLLOW 1
| #define HAVE_RAW_DECL_FCHMODAT 1
| #define HAVE_RAW_DECL_FSTAT 1
| #define HAVE_RAW_DECL_FSTATAT 1
| #define HAVE_RAW_DECL_FUTIMENS 1
| #define HAVE_RAW_DECL_LCHMOD 1
| #define HAVE_RAW_DECL_LSTAT 1
| #define HAVE_RAW_DECL_MKDIRAT 1
| #define HAVE_RAW_DECL_MKFIFO 1
| #define HAVE_RAW_DECL_MKFIFOAT 1
| #define HAVE_RAW_DECL_MKNOD 1
| #define HAVE_RAW_DECL_MKNODAT 1
| #define HAVE_RAW_DECL_STAT 1
| #define HAVE_RAW_DECL_UTIMENSAT 1
| #define HAVE_DECL_GETDTABLESIZE 1
| #define HAVE_GETOPT_H 1
| #define HAVE_GETOPT_LONG_ONLY 1
| #define restrict __restrict
| #define HAVE_RAW_DECL_GETTIMEOFDAY 1
| #define HAVE_WINT_T 1
| #define HAVE_UNSIGNED_LONG_LONG_INT 1
| #define HAVE_LONG_LONG_INT 1
| #define HAVE_RAW_DECL_IMAXABS 1
| #define HAVE_RAW_DECL_IMAXDIV 1
| #define HAVE_RAW_DECL_STRTOIMAX 1
| #define HAVE_RAW_DECL_STRTOUMAX 1
| #define HAVE_INTTYPES_H 1
| #define HAVE_LANGINFO_CODESET 1
| #define HAVE_DECL_GETC_UNLOCKED 1
| #define MALLOC_0_IS_NONNULL 1
| #define HAVE_MBSTATE_T 1
| #define HAVE_MAP_ANONYMOUS 1
| #define HAVE_DECL_MEMRCHR 1
| #define HAVE_MINMAX_IN_SYS_PARAM_H 1
| #define TIME_T_IS_SIGNED 1
| #define HAVE_DECL_ALARM 1
| #define HAVE_STRUCT_TM_TM_ZONE 1
| #define HAVE_TM_ZONE 1
| #define HAVE_TM_GMTOFF 1
| #define PROMOTED_MODE_T mode_t
| #define HAVE__BOOL 1
| #define HAVE_COMPOUND_LITERALS 1
| #define HAVE_DECL_SETENV 1
| #define HAVE_SEARCH_H 1
| #define HAVE_TSEARCH 1
| #define HAVE_SIGSET_T 1
| #define HAVE_WCHAR_T 1
| #define HAVE_DECL_STRDUP 1
| #define HAVE_RAW_DECL_FFSL 1
| #define HAVE_RAW_DECL_FFSLL 1
| #define HAVE_RAW_DECL_MEMMEM 1
| #define HAVE_RAW_DECL_MEMPCPY 1
| #define HAVE_RAW_DECL_MEMRCHR 1
| #define HAVE_RAW_DECL_RAWMEMCHR 1
| #define HAVE_RAW_DECL_STPCPY 1
| #define HAVE_RAW_DECL_STPNCPY 1
| #define HAVE_RAW_DECL_STRCHRNUL 1
| #define HAVE_RAW_DECL_STRDUP 1
| #define HAVE_RAW_DECL_STRNCAT 1
| #define HAVE_RAW_DECL_STRNDUP 1
| #define HAVE_RAW_DECL_STRNLEN 1
| #define HAVE_RAW_DECL_STRPBRK 1
| #define HAVE_RAW_DECL_STRSEP 1
| #define HAVE_RAW_DECL_STRCASESTR 1
| #define HAVE_RAW_DECL_STRTOK_R 1
| #define HAVE_RAW_DECL_STRERROR_R 1
| #define HAVE_RAW_DECL_STRSIGNAL 1
| #define HAVE_RAW_DECL_STRVERSCMP 1
| #define HAVE_DECL_STRNDUP 1
| #define HAVE_DECL_STRNLEN 1
| #define _USE_STD_STAT 1
| #define HAVE_DECL_UNSETENV 1
| #define HAVE_WORKING_UTIMES 1
| #define HAVE_INTTYPES_H_WITH_UINTMAX 1
| #define HAVE_STDINT_H_WITH_UINTMAX 1
| #define HAVE_INTMAX_T 1
| #define DBL_EXPBIT0_WORD 1
| #define DBL_EXPBIT0_BIT 20
| #define HAVE_SNPRINTF 1
| #define HAVE_STRNLEN 1
| #define HAVE_WCSLEN 1
| #define HAVE_WCSNLEN 1
| #define HAVE_MBRTOWC 1
| #define HAVE_WCRTOMB 1
| #define HAVE_DECL__SNPRINTF 0
| #define HAVE_SNPRINTF_RETVAL_C99 1
| #define HAVE_ALLOCA 1
| #define GNULIB_CANONICALIZE_LGPL 1
| #define GNULIB_TEST_CANONICALIZE_FILE_NAME 1
| #define GNULIB_TEST_REALPATH 1
| #define GNULIB_TEST_CHDIR 1
| #define GNULIB_TEST_CHOWN 1
| #define HAVE_CLOCK_GETTIME 1
| #define HAVE_CLOCK_SETTIME 1
| #define GNULIB_TEST_CLOEXEC 1
| #define GNULIB_TEST_CLOSE 1
| #define HAVE_CLOSEDIR 1
| #define GNULIB_TEST_CLOSEDIR 1
| #define D_INO_IN_DIRENT 1
| #define HAVE_RAW_DECL_ALPHASORT 1
| #define HAVE_RAW_DECL_CLOSEDIR 1
| #define HAVE_RAW_DECL_DIRFD 1
| #define HAVE_RAW_DECL_FDOPENDIR 1
| #define HAVE_RAW_DECL_OPENDIR 1
| #define HAVE_RAW_DECL_READDIR 1
| #define HAVE_RAW_DECL_REWINDDIR 1
| #define HAVE_RAW_DECL_SCANDIR 1
| #define GNULIB_DIRENT_SAFER 1
| #define HAVE_DIRFD 1
| #define HAVE_DECL_DIRFD 1
| #define GNULIB_TEST_DIRFD 1
| #define GNULIB_DIRNAME 1
| #define HAVE_DUP2 1
| #define GNULIB_TEST_DUP2 1
| #define GNULIB_TEST_ENVIRON 1
| #define HAVE_EUIDACCESS 1
| #define GNULIB_TEST_EUIDACCESS 1
| #define GNULIB_FACCESSAT 1
| #define GNULIB_TEST_FACCESSAT 1
| #define GNULIB_TEST_FCHDIR 1
| #define GNULIB_FCHMODAT 1
| #define GNULIB_TEST_FCHMODAT 1
| #define GNULIB_FCHOWNAT 1
| #define GNULIB_TEST_FCHOWNAT 1
| #define GNULIB_TEST_FCNTL 1
| #define HAVE_RAW_DECL_FCNTL 1
| #define HAVE_RAW_DECL_OPENAT 1
| #define GNULIB_FD_SAFER_FLAG 1
| #define FLEXIBLE_ARRAY_MEMBER /**/
| #define GNULIB_TEST_FSTAT 1
| #define GNULIB_TEST_FSTATAT 1
| #define GNULIB_TEST_GETCWD 1
| #define GNULIB_TEST_GETDTABLESIZE 1
| #define HAVE_GETGROUPS 1
| #define GNULIB_TEST_GETGROUPS 1
| #define HAVE_DECL_PROGRAM_INVOCATION_NAME 1
| #define HAVE_DECL_PROGRAM_INVOCATION_SHORT_NAME 1
| #define HAVE_DECL___ARGV 0
| #define GETTIMEOFDAY_TIMEZONE void
| #define GNULIB_TEST_GETTIMEOFDAY 1
| #define GNULIB_TEST_GROUP_MEMBER 1
| #define HAVE_LCHOWN 1
| #define GNULIB_TEST_LCHOWN 1
| #define GNULIB_TEST_LSTAT 1
| #define HAVE_MALLOC_GNU 1
| #define GNULIB_MALLOC_GNU 1
| #define HAVE_MALLOC_POSIX 1
| #define GNULIB_TEST_MALLOC_POSIX 1
| #define C_LOCALE_MAYBE_EILSEQ 1
| #define GNULIB_TEST_MBRTOWC 1
| #define GNULIB_TEST_MBSINIT 1
| #define GNULIB_TEST_MEMCHR 1
| #define HAVE_MEMPCPY 1
| #define GNULIB_TEST_MEMPCPY 1
| #define HAVE_MEMRCHR 1
| #define GNULIB_TEST_MEMRCHR 1
| #define GNULIB_TEST_MKDIRAT 1
| #define GNULIB_TEST_MKTIME 1
| #define NEED_MKTIME_INTERNAL 1
| #define GNULIB_MSVC_NOTHROW 1
| #define my_strftime nstrftime
| #define GNULIB_TEST_OPEN 1
| #define GNULIB_OPENAT 1
| #define GNULIB_TEST_OPENAT 1
| #define HAVE_OPENDIR 1
| #define GNULIB_TEST_OPENDIR 1
| #define HAVE_STRUCT_TM_TM_ZONE 1
| #define HAVE_TM_ZONE 1
| #define HAVE_DECL_PROGRAM_INVOCATION_NAME 1
| #define HAVE_DECL_PROGRAM_INVOCATION_SHORT_NAME 1
| #define HAVE_RAISE 1
| #define GNULIB_TEST_RAISE 1
| #define HAVE_READDIR 1
| #define GNULIB_TEST_READDIR 1
| #define GNULIB_TEST_READLINK 1
| #define GNULIB_TEST_READLINKAT 1
| #define HAVE_REALLOC_GNU 1
| #define GNULIB_REALLOC_GNU 1
| #define HAVE_REALLOC_POSIX 1
| #define GNULIB_TEST_REALLOC_POSIX 1
| #define GNULIB_TEST_RENAME 1
| #define HAVE_LINUX_FS_H 1
| #define GNULIB_TEST_RENAMEAT 1
| #define HAVE_LINUX_FS_H 1
| #define GNULIB_TEST_RMDIR 1
| #define GNULIB_TEST_SETENV 1
| /* end confdefs.h.  */
| 
| #include <signal.h>
| 
| 
| int
| main (void)
| {
| if (sizeof ((volatile sig_atomic_t)))
| 	    return 0;
|   ;
|   return 0;
| }
configure:22396: result: yes
configure:22413: checking for sighandler_t
configure:22413: gcc  -c -isystem/home/ubuntu/yocto/rpi-build/tmp/work/x86_64-linux/patch-native/2.7.6-r0/recipe-sysroot-native/usr/include -O2 -pipe -isystem/home/ubuntu/yocto/rpi-build/tmp/work/x86_64-linux/patch-native/2.7.6-r0/recipe-sysroot-native/usr/include conftest.c >&5
configure:22413: $? = 0
configure:22413: gcc  -c -isystem/home/ubuntu/yocto/rpi-build/tmp/work/x86_64-linux/patch-native/2.7.6-r0/recipe-sysroot-native/usr/include -O2 -pipe -isystem/home/ubuntu/yocto/rpi-build/tmp/work/x86_64-linux/patch-native/2.7.6-r0/recipe-sysroot-native/usr/include conftest.c >&5
conftest.c: In function 'main':
conftest.c:301:27: error: expected expression before ')' token
  301 | if (sizeof ((sighandler_t)))
      |                           ^
configure:22413: $? = 1
configure: failed program was:
| /* confdefs.h */
| #define PACKAGE_NAME "GNU patch"
| #define PACKAGE_TARNAME "patch"
| #define PACKAGE_VERSION "2.7.6"
| #define PACKAGE_STRING "GNU patch 2.7.6"
| #define PACKAGE_BUGREPORT "bug-patch@gnu.org"
| #define PACKAGE_URL "https://www.gnu.org/software/patch/"
| #define PACKAGE "patch"
| #define VERSION "2.7.6"
| #define HAVE_STDIO_H 1
| #define HAVE_STDLIB_H 1
| #define HAVE_STRING_H 1
| #define HAVE_INTTYPES_H 1
| #define HAVE_STDINT_H 1
| #define HAVE_STRINGS_H 1
| #define HAVE_SYS_STAT_H 1
| #define HAVE_SYS_TYPES_H 1
| #define HAVE_UNISTD_H 1
| #define HAVE_SYS_PARAM_H 1
| #define HAVE_SYS_SOCKET_H 1
| #define HAVE_DIRENT_H 1
| #define HAVE_GETOPT_H 1
| #define HAVE_SYS_CDEFS_H 1
| #define HAVE_SYS_TIME_H 1
| #define HAVE_LIMITS_H 1
| #define HAVE_WCHAR_H 1
| #define HAVE_SYS_MMAN_H 1
| #define HAVE_UTIME_H 1
| #define HAVE_FEATURES_H 1
| #define HAVE_WCTYPE_H 1
| #define STDC_HEADERS 1
| #define __EXTENSIONS__ 1
| #define _ALL_SOURCE 1
| #define _DARWIN_C_SOURCE 1
| #define _GNU_SOURCE 1
| #define _NETBSD_SOURCE 1
| #define _OPENBSD_SOURCE 1
| #define _POSIX_PTHREAD_SEMANTICS 1
| #define __STDC_WANT_IEC_60559_ATTRIBS_EXT__ 1
| #define __STDC_WANT_IEC_60559_BFP_EXT__ 1
| #define __STDC_WANT_IEC_60559_DFP_EXT__ 1
| #define __STDC_WANT_IEC_60559_FUNCS_EXT__ 1
| #define __STDC_WANT_IEC_60559_TYPES_EXT__ 1
| #define __STDC_WANT_LIB_EXT2__ 1
| #define __STDC_WANT_MATH_SPEC_FUNCS__ 1
| #define _TANDEM_SOURCE 1
| #define _HPUX_ALT_XOPEN_SOCKET_API 1
| #define HAVE_ALLOCA_H 1
| #define HAVE_ALLOCA 1
| #define D_INO_IN_DIRENT 1
| #define HAVE_LONG_FILE_NAMES 1
| #define HAVE_PATHCONF 1
| #define HAVE_CANONICALIZE_FILE_NAME 1
| #define HAVE_GETCWD 1
| #define HAVE_READLINK 1
| #define HAVE_REALPATH 1
| #define HAVE_CHOWN 1
| #define HAVE_FCHOWN 1
| #define HAVE_FCHDIR 1
| #define HAVE_FDOPENDIR 1
| #define HAVE_FACCESSAT 1
| #define HAVE_FCHMODAT 1
| #define HAVE_LCHMOD 1
| #define HAVE_FCNTL 1
| #define HAVE_SYMLINK 1
| #define HAVE_MEMPCPY 1
| #define HAVE_FSTATAT 1
| #define HAVE_GETDTABLESIZE 1
| #define HAVE_GETTIMEOFDAY 1
| #define HAVE_LSTAT 1
| #define HAVE_MBSINIT 1
| #define HAVE_MBRTOWC 1
| #define HAVE_MPROTECT 1
| #define HAVE_MKDIRAT 1
| #define HAVE_TZSET 1
| #define HAVE_OPENAT 1
| #define HAVE_READLINKAT 1
| #define HAVE_LINK 1
| #define HAVE_RENAMEAT 1
| #define HAVE_SETENV 1
| #define HAVE_STRDUP 1
| #define HAVE_STRNDUP 1
| #define HAVE_SYMLINKAT 1
| #define HAVE_LOCALTIME_R 1
| #define HAVE_TIMEGM 1
| #define HAVE_PIPE 1
| #define HAVE_UNLINKAT 1
| #define HAVE_UTIME 1
| #define HAVE_FUTIMES 1
| #define HAVE_FUTIMESAT 1
| #define HAVE_FUTIMENS 1
| #define HAVE_UTIMENSAT 1
| #define HAVE_LUTIMES 1
| #define HAVE_SNPRINTF 1
| #define HAVE_ISWCNTRL 1
| #define FUNC_REALPATH_WORKS 1
| #define HAVE_UNISTD_H 1
| #define HAVE_CHOWN 1
| #define HAVE_ENVIRON_DECL 1
| #define HAVE_DECL_STRERROR_R 1
| #define HAVE_STRERROR_R 1
| #define STRERROR_R_CHAR_P 1
| #define GETGROUPS_T gid_t
| #define LSTAT_FOLLOWS_SLASHED_SYMLINK 1
| #define HAVE_DECL_FCHDIR 1
| #define HAVE_WORKING_O_NOATIME 1
| #define HAVE_WORKING_O_NOFOLLOW 1
| #define HAVE_RAW_DECL_FCHMODAT 1
| #define HAVE_RAW_DECL_FSTAT 1
| #define HAVE_RAW_DECL_FSTATAT 1
| #define HAVE_RAW_DECL_FUTIMENS 1
| #define HAVE_RAW_DECL_LCHMOD 1
| #define HAVE_RAW_DECL_LSTAT 1
| #define HAVE_RAW_DECL_MKDIRAT 1
| #define HAVE_RAW_DECL_MKFIFO 1
| #define HAVE_RAW_DECL_MKFIFOAT 1
| #define HAVE_RAW_DECL_MKNOD 1
| #define HAVE_RAW_DECL_MKNODAT 1
| #define HAVE_RAW_DECL_STAT 1
| #define HAVE_RAW_DECL_UTIMENSAT 1
| #define HAVE_DECL_GETDTABLESIZE 1
| #define HAVE_GETOPT_H 1
| #define HAVE_GETOPT_LONG_ONLY 1
| #define restrict __restrict
| #define HAVE_RAW_DECL_GETTIMEOFDAY 1
| #define HAVE_WINT_T 1
| #define HAVE_UNSIGNED_LONG_LONG_INT 1
| #define HAVE_LONG_LONG_INT 1
| #define HAVE_RAW_DECL_IMAXABS 1
| #define HAVE_RAW_DECL_IMAXDIV 1
| #define HAVE_RAW_DECL_STRTOIMAX 1
| #define HAVE_RAW_DECL_STRTOUMAX 1
| #define HAVE_INTTYPES_H 1
| #define HAVE_LANGINFO_CODESET 1
| #define HAVE_DECL_GETC_UNLOCKED 1
| #define MALLOC_0_IS_NONNULL 1
| #define HAVE_MBSTATE_T 1
| #define HAVE_MAP_ANONYMOUS 1
| #define HAVE_DECL_MEMRCHR 1
| #define HAVE_MINMAX_IN_SYS_PARAM_H 1
| #define TIME_T_IS_SIGNED 1
| #define HAVE_DECL_ALARM 1
| #define HAVE_STRUCT_TM_TM_ZONE 1
| #define HAVE_TM_ZONE 1
| #define HAVE_TM_GMTOFF 1
| #define PROMOTED_MODE_T mode_t
| #define HAVE__BOOL 1
| #define HAVE_COMPOUND_LITERALS 1
| #define HAVE_DECL_SETENV 1
| #define HAVE_SEARCH_H 1
| #define HAVE_TSEARCH 1
| #define HAVE_SIGSET_T 1
| #define HAVE_WCHAR_T 1
| #define HAVE_DECL_STRDUP 1
| #define HAVE_RAW_DECL_FFSL 1
| #define HAVE_RAW_DECL_FFSLL 1
| #define HAVE_RAW_DECL_MEMMEM 1
| #define HAVE_RAW_DECL_MEMPCPY 1
| #define HAVE_RAW_DECL_MEMRCHR 1
| #define HAVE_RAW_DECL_RAWMEMCHR 1
| #define HAVE_RAW_DECL_STPCPY 1
| #define HAVE_RAW_DECL_STPNCPY 1
| #define HAVE_RAW_DECL_STRCHRNUL 1
| #define HAVE_RAW_DECL_STRDUP 1
| #define HAVE_RAW_DECL_STRNCAT 1
| #define HAVE_RAW_DECL_STRNDUP 1
| #define HAVE_RAW_DECL_STRNLEN 1
| #define HAVE_RAW_DECL_STRPBRK 1
| #define HAVE_RAW_DECL_STRSEP 1
| #define HAVE_RAW_DECL_STRCASESTR 1
| #define HAVE_RAW_DECL_STRTOK_R 1
| #define HAVE_RAW_DECL_STRERROR_R 1
| #define HAVE_RAW_DECL_STRSIGNAL 1
| #define HAVE_RAW_DECL_STRVERSCMP 1
| #define HAVE_DECL_STRNDUP 1
| #define HAVE_DECL_STRNLEN 1
| #define _USE_STD_STAT 1
| #define HAVE_DECL_UNSETENV 1
| #define HAVE_WORKING_UTIMES 1
| #define HAVE_INTTYPES_H_WITH_UINTMAX 1
| #define HAVE_STDINT_H_WITH_UINTMAX 1
| #define HAVE_INTMAX_T 1
| #define DBL_EXPBIT0_WORD 1
| #define DBL_EXPBIT0_BIT 20
| #define HAVE_SNPRINTF 1
| #define HAVE_STRNLEN 1
| #define HAVE_WCSLEN 1
| #define HAVE_WCSNLEN 1
| #define HAVE_MBRTOWC 1
| #define HAVE_WCRTOMB 1
| #define HAVE_DECL__SNPRINTF 0
| #define HAVE_SNPRINTF_RETVAL_C99 1
| #define HAVE_ALLOCA 1
| #define GNULIB_CANONICALIZE_LGPL 1
| #define GNULIB_TEST_CANONICALIZE_FILE_NAME 1
| #define GNULIB_TEST_REALPATH 1
| #define GNULIB_TEST_CHDIR 1
| #define GNULIB_TEST_CHOWN 1
| #define HAVE_CLOCK_GETTIME 1
| #define HAVE_CLOCK_SETTIME 1
| #define GNULIB_TEST_CLOEXEC 1
| #define GNULIB_TEST_CLOSE 1
| #define HAVE_CLOSEDIR 1
| #define GNULIB_TEST_CLOSEDIR 1
| #define D_INO_IN_DIRENT 1
| #define HAVE_RAW_DECL_ALPHASORT 1
| #define HAVE_RAW_DECL_CLOSEDIR 1
| #define HAVE_RAW_DECL_DIRFD 1
| #define HAVE_RAW_DECL_FDOPENDIR 1
| #define HAVE_RAW_DECL_OPENDIR 1
| #define HAVE_RAW_DECL_READDIR 1
| #define HAVE_RAW_DECL_REWINDDIR 1
| #define HAVE_RAW_DECL_SCANDIR 1
| #define GNULIB_DIRENT_SAFER 1
| #define HAVE_DIRFD 1
| #define HAVE_DECL_DIRFD 1
| #define GNULIB_TEST_DIRFD 1
| #define GNULIB_DIRNAME 1
| #define HAVE_DUP2 1
| #define GNULIB_TEST_DUP2 1
| #define GNULIB_TEST_ENVIRON 1
| #define HAVE_EUIDACCESS 1
| #define GNULIB_TEST_EUIDACCESS 1
| #define GNULIB_FACCESSAT 1
| #define GNULIB_TEST_FACCESSAT 1
| #define GNULIB_TEST_FCHDIR 1
| #define GNULIB_FCHMODAT 1
| #define GNULIB_TEST_FCHMODAT 1
| #define GNULIB_FCHOWNAT 1
| #define GNULIB_TEST_FCHOWNAT 1
| #define GNULIB_TEST_FCNTL 1
| #define HAVE_RAW_DECL_FCNTL 1
| #define HAVE_RAW_DECL_OPENAT 1
| #define GNULIB_FD_SAFER_FLAG 1
| #define FLEXIBLE_ARRAY_MEMBER /**/
| #define GNULIB_TEST_FSTAT 1
| #define GNULIB_TEST_FSTATAT 1
| #define GNULIB_TEST_GETCWD 1
| #define GNULIB_TEST_GETDTABLESIZE 1
| #define HAVE_GETGROUPS 1
| #define GNULIB_TEST_GETGROUPS 1
| #define HAVE_DECL_PROGRAM_INVOCATION_NAME 1
| #define HAVE_DECL_PROGRAM_INVOCATION_SHORT_NAME 1
| #define HAVE_DECL___ARGV 0
| #define GETTIMEOFDAY_TIMEZONE void
| #define GNULIB_TEST_GETTIMEOFDAY 1
| #define GNULIB_TEST_GROUP_MEMBER 1
| #define HAVE_LCHOWN 1
| #define GNULIB_TEST_LCHOWN 1
| #define GNULIB_TEST_LSTAT 1
| #define HAVE_MALLOC_GNU 1
| #define GNULIB_MALLOC_GNU 1
| #define HAVE_MALLOC_POSIX 1
| #define GNULIB_TEST_MALLOC_POSIX 1
| #define C_LOCALE_MAYBE_EILSEQ 1
| #define GNULIB_TEST_MBRTOWC 1
| #define GNULIB_TEST_MBSINIT 1
| #define GNULIB_TEST_MEMCHR 1
| #define HAVE_MEMPCPY 1
| #define GNULIB_TEST_MEMPCPY 1
| #define HAVE_MEMRCHR 1
| #define GNULIB_TEST_MEMRCHR 1
| #define GNULIB_TEST_MKDIRAT 1
| #define GNULIB_TEST_MKTIME 1
| #define NEED_MKTIME_INTERNAL 1
| #define GNULIB_MSVC_NOTHROW 1
| #define my_strftime nstrftime
| #define GNULIB_TEST_OPEN 1
| #define GNULIB_OPENAT 1
| #define GNULIB_TEST_OPENAT 1
| #define HAVE_OPENDIR 1
| #define GNULIB_TEST_OPENDIR 1
| #define HAVE_STRUCT_TM_TM_ZONE 1
| #define HAVE_TM_ZONE 1
| #define HAVE_DECL_PROGRAM_INVOCATION_NAME 1
| #define HAVE_DECL_PROGRAM_INVOCATION_SHORT_NAME 1
| #define HAVE_RAISE 1
| #define GNULIB_TEST_RAISE 1
| #define HAVE_READDIR 1
| #define GNULIB_TEST_READDIR 1
| #define GNULIB_TEST_READLINK 1
| #define GNULIB_TEST_READLINKAT 1
| #define HAVE_REALLOC_GNU 1
| #define GNULIB_REALLOC_GNU 1
| #define HAVE_REALLOC_POSIX 1
| #define GNULIB_TEST_REALLOC_POSIX 1
| #define GNULIB_TEST_RENAME 1
| #define HAVE_LINUX_FS_H 1
| #define GNULIB_TEST_RENAMEAT 1
| #define HAVE_LINUX_FS_H 1
| #define GNULIB_TEST_RMDIR 1
| #define GNULIB_TEST_SETENV 1
| /* end confdefs.h.  */
| 
| #include <signal.h>
| 
| 
| int
| main (void)
| {
| if (sizeof ((sighandler_t)))
| 	    return 0;
|   ;
|   return 0;
| }
configure:22413: result: yes
configure:22428: checking whether pthread_sigmask is declared without a macro
configure:22447: gcc  -c -isystem/home/ubuntu/yocto/rpi-build/tmp/work/x86_64-linux/patch-native/2.7.6-r0/recipe-sysroot-native/usr/include -O2 -pipe -isystem/home/ubuntu/yocto/rpi-build/tmp/work/x86_64-linux/patch-native/2.7.6-r0/recipe-sysroot-native/usr/include conftest.c >&5
configure:22447: $? = 0
configure:22456: result: yes
configure:22428: checking whether sigaction is declared without a macro
configure:22447: gcc  -c -isystem/home/ubuntu/yocto/rpi-build/tmp/work/x86_64-linux/patch-native/2.7.6-r0/recipe-sysroot-native/usr/include -O2 -pipe -isystem/home/ubuntu/yocto/rpi-build/tmp/work/x86_64-linux/patch-native/2.7.6-r0/recipe-sysroot-native/usr/include conftest.c >&5
configure:22447: $? = 0
configure:22456: result: yes
configure:22428: checking whether sigaddset is declared without a macro
configure:22447: gcc  -c -isystem/home/ubuntu/yocto/rpi-build/tmp/work/x86_64-linux/patch-native/2.7.6-r0/recipe-sysroot-native/usr/include -O2 -pipe -isystem/home/ubuntu/yocto/rpi-build/tmp/work/x86_64-linux/patch-native/2.7.6-r0/recipe-sysroot-native/usr/include conftest.c >&5
configure:22447: $? = 0
configure:22456: result: yes
configure:22428: checking whether sigdelset is declared without a macro
configure:22447: gcc  -c -isystem/home/ubuntu/yocto/rpi-build/tmp/work/x86_64-linux/patch-native/2.7.6-r0/recipe-sysroot-native/usr/include -O2 -pipe -isystem/home/ubuntu/yocto/rpi-build/tmp/work/x86_64-linux/patch-native/2.7.6-r0/recipe-sysroot-native/usr/include conftest.c >&5
configure:22447: $? = 0
configure:22456: result: yes
configure:22428: checking whether sigemptyset is declared without a macro
configure:22447: gcc  -c -isystem/home/ubuntu/yocto/rpi-build/tmp/work/x86_64-linux/patch-native/2.7.6-r0/recipe-sysroot-native/usr/include -O2 -pipe -isystem/home/ubuntu/yocto/rpi-build/tmp/work/x86_64-linux/patch-native/2.7.6-r0/recipe-sysroot-native/usr/include conftest.c >&5
configure:22447: $? = 0
configure:22456: result: yes
configure:22428: checking whether sigfillset is declared without a macro
configure:22447: gcc  -c -isystem/home/ubuntu/yocto/rpi-build/tmp/work/x86_64-linux/patch-native/2.7.6-r0/recipe-sysroot-native/usr/include -O2 -pipe -isystem/home/ubuntu/yocto/rpi-build/tmp/work/x86_64-linux/patch-native/2.7.6-r0/recipe-sysroot-native/usr/include conftest.c >&5
configure:22447: $? = 0
configure:22456: result: yes
configure:22428: checking whether sigismember is declared without a macro
configure:22447: gcc  -c -isystem/home/ubuntu/yocto/rpi-build/tmp/work/x86_64-linux/patch-native/2.7.6-r0/recipe-sysroot-native/usr/include -O2 -pipe -isystem/home/ubuntu/yocto/rpi-build/tmp/work/x86_64-linux/patch-native/2.7.6-r0/recipe-sysroot-native/usr/include conftest.c >&5
configure:22447: $? = 0
configure:22456: result: yes
configure:22428: checking whether sigpending is declared without a macro
configure:22447: gcc  -c -isystem/home/ubuntu/yocto/rpi-build/tmp/work/x86_64-linux/patch-native/2.7.6-r0/recipe-sysroot-native/usr/include -O2 -pipe -isystem/home/ubuntu/yocto/rpi-build/tmp/work/x86_64-linux/patch-native/2.7.6-r0/recipe-sysroot-native/usr/include conftest.c >&5
configure:22447: $? = 0
configure:22456: result: yes
configure:22428: checking whether sigprocmask is declared without a macro
configure:22447: gcc  -c -isystem/home/ubuntu/yocto/rpi-build/tmp/work/x86_64-linux/patch-native/2.7.6-r0/recipe-sysroot-native/usr/include -O2 -pipe -isystem/home/ubuntu/yocto/rpi-build/tmp/work/x86_64-linux/patch-native/2.7.6-r0/recipe-sysroot-native/usr/include conftest.c >&5
configure:22447: $? = 0
configure:22456: result: yes
configure:22470: checking for stdint.h
configure:22470: result: yes
configure:22477: checking for SIZE_MAX
configure:22553: result: yes
configure:22563: checking for ssize_t
configure:22589: result: yes
configure:22606: checking whether stat handles trailing slashes on files
configure:22648: gcc  -o conftest -isystem/home/ubuntu/yocto/rpi-build/tmp/work/x86_64-linux/patch-native/2.7.6-r0/recipe-sysroot-native/usr/include -O2 -pipe -isystem/home/ubuntu/yocto/rpi-build/tmp/work/x86_64-linux/patch-native/2.7.6-r0/recipe-sysroot-native/usr/include -L/home/ubuntu/yocto/rpi-build/tmp/work/x86_64-linux/patch-native/2.7.6-r0/recipe-sysroot-native/usr/lib                         -L/home/ubuntu/yocto/rpi-build/tmp/work/x86_64-linux/patch-native/2.7.6-r0/recipe-sysroot-native/lib                         -Wl,--enable-new-dtags                         -Wl,-rpath-link,/home/ubuntu/yocto/rpi-build/tmp/work/x86_64-linux/patch-native/2.7.6-r0/recipe-sysroot-native/usr/lib                         -Wl,-rpath-link,/home/ubuntu/yocto/rpi-build/tmp/work/x86_64-linux/patch-native/2.7.6-r0/recipe-sysroot-native/lib                         -Wl,-rpath,/home/ubuntu/yocto/rpi-build/tmp/work/x86_64-linux/patch-native/2.7.6-r0/recipe-sysroot-native/usr/lib                         -Wl,-rpath,/home/ubuntu/yocto/rpi-build/tmp/work/x86_64-linux/patch-native/2.7.6-r0/recipe-sysroot-native/lib                         -Wl,-O1 -Wl,--allow-shlib-undefined -Wl,--dynamic-linker=/home/ubuntu/yocto/rpi-build/tmp/sysroots-uninative/x86_64-linux/lib/ld-linux-x86-64.so.2 conftest.c  >&5
configure:22648: $? = 0
configure:22648: ./conftest
configure:22648: $? = 0
configure:22660: result: yes
configure:22725: checking for struct stat.st_atim.tv_nsec
configure:22725: gcc  -c -isystem/home/ubuntu/yocto/rpi-build/tmp/work/x86_64-linux/patch-native/2.7.6-r0/recipe-sysroot-native/usr/include -O2 -pipe -isystem/home/ubuntu/yocto/rpi-build/tmp/work/x86_64-linux/patch-native/2.7.6-r0/recipe-sysroot-native/usr/include conftest.c >&5
configure:22725: $? = 0
configure:22725: result: yes
configure:22733: checking whether struct stat.st_atim is of type struct timespec
configure:22761: gcc  -c -isystem/home/ubuntu/yocto/rpi-build/tmp/work/x86_64-linux/patch-native/2.7.6-r0/recipe-sysroot-native/usr/include -O2 -pipe -isystem/home/ubuntu/yocto/rpi-build/tmp/work/x86_64-linux/patch-native/2.7.6-r0/recipe-sysroot-native/usr/include conftest.c >&5
configure:22761: $? = 0
configure:22769: result: yes
configure:22818: checking for struct stat.st_birthtimespec.tv_nsec
configure:22818: gcc  -c -isystem/home/ubuntu/yocto/rpi-build/tmp/work/x86_64-linux/patch-native/2.7.6-r0/recipe-sysroot-native/usr/include -O2 -pipe -isystem/home/ubuntu/yocto/rpi-build/tmp/work/x86_64-linux/patch-native/2.7.6-r0/recipe-sysroot-native/usr/include conftest.c >&5
conftest.c: In function 'main':
conftest.c:314:12: error: 'struct stat' has no member named 'st_birthtimespec'
  314 | if (ac_aggr.st_birthtimespec.tv_nsec)
      |            ^
configure:22818: $? = 1
configure: failed program was:
| /* confdefs.h */
| #define PACKAGE_NAME "GNU patch"
| #define PACKAGE_TARNAME "patch"
| #define PACKAGE_VERSION "2.7.6"
| #define PACKAGE_STRING "GNU patch 2.7.6"
| #define PACKAGE_BUGREPORT "bug-patch@gnu.org"
| #define PACKAGE_URL "https://www.gnu.org/software/patch/"
| #define PACKAGE "patch"
| #define VERSION "2.7.6"
| #define HAVE_STDIO_H 1
| #define HAVE_STDLIB_H 1
| #define HAVE_STRING_H 1
| #define HAVE_INTTYPES_H 1
| #define HAVE_STDINT_H 1
| #define HAVE_STRINGS_H 1
| #define HAVE_SYS_STAT_H 1
| #define HAVE_SYS_TYPES_H 1
| #define HAVE_UNISTD_H 1
| #define HAVE_SYS_PARAM_H 1
| #define HAVE_SYS_SOCKET_H 1
| #define HAVE_DIRENT_H 1
| #define HAVE_GETOPT_H 1
| #define HAVE_SYS_CDEFS_H 1
| #define HAVE_SYS_TIME_H 1
| #define HAVE_LIMITS_H 1
| #define HAVE_WCHAR_H 1
| #define HAVE_SYS_MMAN_H 1
| #define HAVE_UTIME_H 1
| #define HAVE_FEATURES_H 1
| #define HAVE_WCTYPE_H 1
| #define STDC_HEADERS 1
| #define __EXTENSIONS__ 1
| #define _ALL_SOURCE 1
| #define _DARWIN_C_SOURCE 1
| #define _GNU_SOURCE 1
| #define _NETBSD_SOURCE 1
| #define _OPENBSD_SOURCE 1
| #define _POSIX_PTHREAD_SEMANTICS 1
| #define __STDC_WANT_IEC_60559_ATTRIBS_EXT__ 1
| #define __STDC_WANT_IEC_60559_BFP_EXT__ 1
| #define __STDC_WANT_IEC_60559_DFP_EXT__ 1
| #define __STDC_WANT_IEC_60559_FUNCS_EXT__ 1
| #define __STDC_WANT_IEC_60559_TYPES_EXT__ 1
| #define __STDC_WANT_LIB_EXT2__ 1
| #define __STDC_WANT_MATH_SPEC_FUNCS__ 1
| #define _TANDEM_SOURCE 1
| #define _HPUX_ALT_XOPEN_SOCKET_API 1
| #define HAVE_ALLOCA_H 1
| #define HAVE_ALLOCA 1
| #define D_INO_IN_DIRENT 1
| #define HAVE_LONG_FILE_NAMES 1
| #define HAVE_PATHCONF 1
| #define HAVE_CANONICALIZE_FILE_NAME 1
| #define HAVE_GETCWD 1
| #define HAVE_READLINK 1
| #define HAVE_REALPATH 1
| #define HAVE_CHOWN 1
| #define HAVE_FCHOWN 1
| #define HAVE_FCHDIR 1
| #define HAVE_FDOPENDIR 1
| #define HAVE_FACCESSAT 1
| #define HAVE_FCHMODAT 1
| #define HAVE_LCHMOD 1
| #define HAVE_FCNTL 1
| #define HAVE_SYMLINK 1
| #define HAVE_MEMPCPY 1
| #define HAVE_FSTATAT 1
| #define HAVE_GETDTABLESIZE 1
| #define HAVE_GETTIMEOFDAY 1
| #define HAVE_LSTAT 1
| #define HAVE_MBSINIT 1
| #define HAVE_MBRTOWC 1
| #define HAVE_MPROTECT 1
| #define HAVE_MKDIRAT 1
| #define HAVE_TZSET 1
| #define HAVE_OPENAT 1
| #define HAVE_READLINKAT 1
| #define HAVE_LINK 1
| #define HAVE_RENAMEAT 1
| #define HAVE_SETENV 1
| #define HAVE_STRDUP 1
| #define HAVE_STRNDUP 1
| #define HAVE_SYMLINKAT 1
| #define HAVE_LOCALTIME_R 1
| #define HAVE_TIMEGM 1
| #define HAVE_PIPE 1
| #define HAVE_UNLINKAT 1
| #define HAVE_UTIME 1
| #define HAVE_FUTIMES 1
| #define HAVE_FUTIMESAT 1
| #define HAVE_FUTIMENS 1
| #define HAVE_UTIMENSAT 1
| #define HAVE_LUTIMES 1
| #define HAVE_SNPRINTF 1
| #define HAVE_ISWCNTRL 1
| #define FUNC_REALPATH_WORKS 1
| #define HAVE_UNISTD_H 1
| #define HAVE_CHOWN 1
| #define HAVE_ENVIRON_DECL 1
| #define HAVE_DECL_STRERROR_R 1
| #define HAVE_STRERROR_R 1
| #define STRERROR_R_CHAR_P 1
| #define GETGROUPS_T gid_t
| #define LSTAT_FOLLOWS_SLASHED_SYMLINK 1
| #define HAVE_DECL_FCHDIR 1
| #define HAVE_WORKING_O_NOATIME 1
| #define HAVE_WORKING_O_NOFOLLOW 1
| #define HAVE_RAW_DECL_FCHMODAT 1
| #define HAVE_RAW_DECL_FSTAT 1
| #define HAVE_RAW_DECL_FSTATAT 1
| #define HAVE_RAW_DECL_FUTIMENS 1
| #define HAVE_RAW_DECL_LCHMOD 1
| #define HAVE_RAW_DECL_LSTAT 1
| #define HAVE_RAW_DECL_MKDIRAT 1
| #define HAVE_RAW_DECL_MKFIFO 1
| #define HAVE_RAW_DECL_MKFIFOAT 1
| #define HAVE_RAW_DECL_MKNOD 1
| #define HAVE_RAW_DECL_MKNODAT 1
| #define HAVE_RAW_DECL_STAT 1
| #define HAVE_RAW_DECL_UTIMENSAT 1
| #define HAVE_DECL_GETDTABLESIZE 1
| #define HAVE_GETOPT_H 1
| #define HAVE_GETOPT_LONG_ONLY 1
| #define restrict __restrict
| #define HAVE_RAW_DECL_GETTIMEOFDAY 1
| #define HAVE_WINT_T 1
| #define HAVE_UNSIGNED_LONG_LONG_INT 1
| #define HAVE_LONG_LONG_INT 1
| #define HAVE_RAW_DECL_IMAXABS 1
| #define HAVE_RAW_DECL_IMAXDIV 1
| #define HAVE_RAW_DECL_STRTOIMAX 1
| #define HAVE_RAW_DECL_STRTOUMAX 1
| #define HAVE_INTTYPES_H 1
| #define HAVE_LANGINFO_CODESET 1
| #define HAVE_DECL_GETC_UNLOCKED 1
| #define MALLOC_0_IS_NONNULL 1
| #define HAVE_MBSTATE_T 1
| #define HAVE_MAP_ANONYMOUS 1
| #define HAVE_DECL_MEMRCHR 1
| #define HAVE_MINMAX_IN_SYS_PARAM_H 1
| #define TIME_T_IS_SIGNED 1
| #define HAVE_DECL_ALARM 1
| #define HAVE_STRUCT_TM_TM_ZONE 1
| #define HAVE_TM_ZONE 1
| #define HAVE_TM_GMTOFF 1
| #define PROMOTED_MODE_T mode_t
| #define HAVE__BOOL 1
| #define HAVE_COMPOUND_LITERALS 1
| #define HAVE_DECL_SETENV 1
| #define HAVE_SEARCH_H 1
| #define HAVE_TSEARCH 1
| #define HAVE_SIGSET_T 1
| #define HAVE_WCHAR_T 1
| #define HAVE_DECL_STRDUP 1
| #define HAVE_RAW_DECL_FFSL 1
| #define HAVE_RAW_DECL_FFSLL 1
| #define HAVE_RAW_DECL_MEMMEM 1
| #define HAVE_RAW_DECL_MEMPCPY 1
| #define HAVE_RAW_DECL_MEMRCHR 1
| #define HAVE_RAW_DECL_RAWMEMCHR 1
| #define HAVE_RAW_DECL_STPCPY 1
| #define HAVE_RAW_DECL_STPNCPY 1
| #define HAVE_RAW_DECL_STRCHRNUL 1
| #define HAVE_RAW_DECL_STRDUP 1
| #define HAVE_RAW_DECL_STRNCAT 1
| #define HAVE_RAW_DECL_STRNDUP 1
| #define HAVE_RAW_DECL_STRNLEN 1
| #define HAVE_RAW_DECL_STRPBRK 1
| #define HAVE_RAW_DECL_STRSEP 1
| #define HAVE_RAW_DECL_STRCASESTR 1
| #define HAVE_RAW_DECL_STRTOK_R 1
| #define HAVE_RAW_DECL_STRERROR_R 1
| #define HAVE_RAW_DECL_STRSIGNAL 1
| #define HAVE_RAW_DECL_STRVERSCMP 1
| #define HAVE_DECL_STRNDUP 1
| #define HAVE_DECL_STRNLEN 1
| #define _USE_STD_STAT 1
| #define HAVE_DECL_UNSETENV 1
| #define HAVE_WORKING_UTIMES 1
| #define HAVE_INTTYPES_H_WITH_UINTMAX 1
| #define HAVE_STDINT_H_WITH_UINTMAX 1
| #define HAVE_INTMAX_T 1
| #define DBL_EXPBIT0_WORD 1
| #define DBL_EXPBIT0_BIT 20
| #define HAVE_SNPRINTF 1
| #define HAVE_STRNLEN 1
| #define HAVE_WCSLEN 1
| #define HAVE_WCSNLEN 1
| #define HAVE_MBRTOWC 1
| #define HAVE_WCRTOMB 1
| #define HAVE_DECL__SNPRINTF 0
| #define HAVE_SNPRINTF_RETVAL_C99 1
| #define HAVE_ALLOCA 1
| #define GNULIB_CANONICALIZE_LGPL 1
| #define GNULIB_TEST_CANONICALIZE_FILE_NAME 1
| #define GNULIB_TEST_REALPATH 1
| #define GNULIB_TEST_CHDIR 1
| #define GNULIB_TEST_CHOWN 1
| #define HAVE_CLOCK_GETTIME 1
| #define HAVE_CLOCK_SETTIME 1
| #define GNULIB_TEST_CLOEXEC 1
| #define GNULIB_TEST_CLOSE 1
| #define HAVE_CLOSEDIR 1
| #define GNULIB_TEST_CLOSEDIR 1
| #define D_INO_IN_DIRENT 1
| #define HAVE_RAW_DECL_ALPHASORT 1
| #define HAVE_RAW_DECL_CLOSEDIR 1
| #define HAVE_RAW_DECL_DIRFD 1
| #define HAVE_RAW_DECL_FDOPENDIR 1
| #define HAVE_RAW_DECL_OPENDIR 1
| #define HAVE_RAW_DECL_READDIR 1
| #define HAVE_RAW_DECL_REWINDDIR 1
| #define HAVE_RAW_DECL_SCANDIR 1
| #define GNULIB_DIRENT_SAFER 1
| #define HAVE_DIRFD 1
| #define HAVE_DECL_DIRFD 1
| #define GNULIB_TEST_DIRFD 1
| #define GNULIB_DIRNAME 1
| #define HAVE_DUP2 1
| #define GNULIB_TEST_DUP2 1
| #define GNULIB_TEST_ENVIRON 1
| #define HAVE_EUIDACCESS 1
| #define GNULIB_TEST_EUIDACCESS 1
| #define GNULIB_FACCESSAT 1
| #define GNULIB_TEST_FACCESSAT 1
| #define GNULIB_TEST_FCHDIR 1
| #define GNULIB_FCHMODAT 1
| #define GNULIB_TEST_FCHMODAT 1
| #define GNULIB_FCHOWNAT 1
| #define GNULIB_TEST_FCHOWNAT 1
| #define GNULIB_TEST_FCNTL 1
| #define HAVE_RAW_DECL_FCNTL 1
| #define HAVE_RAW_DECL_OPENAT 1
| #define GNULIB_FD_SAFER_FLAG 1
| #define FLEXIBLE_ARRAY_MEMBER /**/
| #define GNULIB_TEST_FSTAT 1
| #define GNULIB_TEST_FSTATAT 1
| #define GNULIB_TEST_GETCWD 1
| #define GNULIB_TEST_GETDTABLESIZE 1
| #define HAVE_GETGROUPS 1
| #define GNULIB_TEST_GETGROUPS 1
| #define HAVE_DECL_PROGRAM_INVOCATION_NAME 1
| #define HAVE_DECL_PROGRAM_INVOCATION_SHORT_NAME 1
| #define HAVE_DECL___ARGV 0
| #define GETTIMEOFDAY_TIMEZONE void
| #define GNULIB_TEST_GETTIMEOFDAY 1
| #define GNULIB_TEST_GROUP_MEMBER 1
| #define HAVE_LCHOWN 1
| #define GNULIB_TEST_LCHOWN 1
| #define GNULIB_TEST_LSTAT 1
| #define HAVE_MALLOC_GNU 1
| #define GNULIB_MALLOC_GNU 1
| #define HAVE_MALLOC_POSIX 1
| #define GNULIB_TEST_MALLOC_POSIX 1
| #define C_LOCALE_MAYBE_EILSEQ 1
| #define GNULIB_TEST_MBRTOWC 1
| #define GNULIB_TEST_MBSINIT 1
| #define GNULIB_TEST_MEMCHR 1
| #define HAVE_MEMPCPY 1
| #define GNULIB_TEST_MEMPCPY 1
| #define HAVE_MEMRCHR 1
| #define GNULIB_TEST_MEMRCHR 1
| #define GNULIB_TEST_MKDIRAT 1
| #define GNULIB_TEST_MKTIME 1
| #define NEED_MKTIME_INTERNAL 1
| #define GNULIB_MSVC_NOTHROW 1
| #define my_strftime nstrftime
| #define GNULIB_TEST_OPEN 1
| #define GNULIB_OPENAT 1
| #define GNULIB_TEST_OPENAT 1
| #define HAVE_OPENDIR 1
| #define GNULIB_TEST_OPENDIR 1
| #define HAVE_STRUCT_TM_TM_ZONE 1
| #define HAVE_TM_ZONE 1
| #define HAVE_DECL_PROGRAM_INVOCATION_NAME 1
| #define HAVE_DECL_PROGRAM_INVOCATION_SHORT_NAME 1
| #define HAVE_RAISE 1
| #define GNULIB_TEST_RAISE 1
| #define HAVE_READDIR 1
| #define GNULIB_TEST_READDIR 1
| #define GNULIB_TEST_READLINK 1
| #define GNULIB_TEST_READLINKAT 1
| #define HAVE_REALLOC_GNU 1
| #define GNULIB_REALLOC_GNU 1
| #define HAVE_REALLOC_POSIX 1
| #define GNULIB_TEST_REALLOC_POSIX 1
| #define GNULIB_TEST_RENAME 1
| #define HAVE_LINUX_FS_H 1
| #define GNULIB_TEST_RENAMEAT 1
| #define HAVE_LINUX_FS_H 1
| #define GNULIB_TEST_RMDIR 1
| #define GNULIB_TEST_SETENV 1
| #define HAVE_RAW_DECL_PTHREAD_SIGMASK 1
| #define HAVE_RAW_DECL_SIGACTION 1
| #define HAVE_RAW_DECL_SIGADDSET 1
| #define HAVE_RAW_DECL_SIGDELSET 1
| #define HAVE_RAW_DECL_SIGEMPTYSET 1
| #define HAVE_RAW_DECL_SIGFILLSET 1
| #define HAVE_RAW_DECL_SIGISMEMBER 1
| #define HAVE_RAW_DECL_SIGPENDING 1
| #define HAVE_RAW_DECL_SIGPROCMASK 1
| #define HAVE_STDINT_H 1
| #define GNULIB_TEST_STAT 1
| #define HAVE_STRUCT_STAT_ST_ATIM_TV_NSEC 1
| #define TYPEOF_STRUCT_STAT_ST_ATIM_IS_STRUCT_TIMESPEC 1
| /* end confdefs.h.  */
| #include <sys/types.h>
|      #include <sys/stat.h>
| 
| int
| main (void)
| {
| static struct stat ac_aggr;
| if (ac_aggr.st_birthtimespec.tv_nsec)
| return 0;
|   ;
|   return 0;
| }
configure:22818: gcc  -c -isystem/home/ubuntu/yocto/rpi-build/tmp/work/x86_64-linux/patch-native/2.7.6-r0/recipe-sysroot-native/usr/include -O2 -pipe -isystem/home/ubuntu/yocto/rpi-build/tmp/work/x86_64-linux/patch-native/2.7.6-r0/recipe-sysroot-native/usr/include conftest.c >&5
conftest.c: In function 'main':
conftest.c:314:19: error: 'struct stat' has no member named 'st_birthtimespec'
  314 | if (sizeof ac_aggr.st_birthtimespec.tv_nsec)
      |                   ^
configure:22818: $? = 1
configure: failed program was:
| /* confdefs.h */
| #define PACKAGE_NAME "GNU patch"
| #define PACKAGE_TARNAME "patch"
| #define PACKAGE_VERSION "2.7.6"
| #define PACKAGE_STRING "GNU patch 2.7.6"
| #define PACKAGE_BUGREPORT "bug-patch@gnu.org"
| #define PACKAGE_URL "https://www.gnu.org/software/patch/"
| #define PACKAGE "patch"
| #define VERSION "2.7.6"
| #define HAVE_STDIO_H 1
| #define HAVE_STDLIB_H 1
| #define HAVE_STRING_H 1
| #define HAVE_INTTYPES_H 1
| #define HAVE_STDINT_H 1
| #define HAVE_STRINGS_H 1
| #define HAVE_SYS_STAT_H 1
| #define HAVE_SYS_TYPES_H 1
| #define HAVE_UNISTD_H 1
| #define HAVE_SYS_PARAM_H 1
| #define HAVE_SYS_SOCKET_H 1
| #define HAVE_DIRENT_H 1
| #define HAVE_GETOPT_H 1
| #define HAVE_SYS_CDEFS_H 1
| #define HAVE_SYS_TIME_H 1
| #define HAVE_LIMITS_H 1
| #define HAVE_WCHAR_H 1
| #define HAVE_SYS_MMAN_H 1
| #define HAVE_UTIME_H 1
| #define HAVE_FEATURES_H 1
| #define HAVE_WCTYPE_H 1
| #define STDC_HEADERS 1
| #define __EXTENSIONS__ 1
| #define _ALL_SOURCE 1
| #define _DARWIN_C_SOURCE 1
| #define _GNU_SOURCE 1
| #define _NETBSD_SOURCE 1
| #define _OPENBSD_SOURCE 1
| #define _POSIX_PTHREAD_SEMANTICS 1
| #define __STDC_WANT_IEC_60559_ATTRIBS_EXT__ 1
| #define __STDC_WANT_IEC_60559_BFP_EXT__ 1
| #define __STDC_WANT_IEC_60559_DFP_EXT__ 1
| #define __STDC_WANT_IEC_60559_FUNCS_EXT__ 1
| #define __STDC_WANT_IEC_60559_TYPES_EXT__ 1
| #define __STDC_WANT_LIB_EXT2__ 1
| #define __STDC_WANT_MATH_SPEC_FUNCS__ 1
| #define _TANDEM_SOURCE 1
| #define _HPUX_ALT_XOPEN_SOCKET_API 1
| #define HAVE_ALLOCA_H 1
| #define HAVE_ALLOCA 1
| #define D_INO_IN_DIRENT 1
| #define HAVE_LONG_FILE_NAMES 1
| #define HAVE_PATHCONF 1
| #define HAVE_CANONICALIZE_FILE_NAME 1
| #define HAVE_GETCWD 1
| #define HAVE_READLINK 1
| #define HAVE_REALPATH 1
| #define HAVE_CHOWN 1
| #define HAVE_FCHOWN 1
| #define HAVE_FCHDIR 1
| #define HAVE_FDOPENDIR 1
| #define HAVE_FACCESSAT 1
| #define HAVE_FCHMODAT 1
| #define HAVE_LCHMOD 1
| #define HAVE_FCNTL 1
| #define HAVE_SYMLINK 1
| #define HAVE_MEMPCPY 1
| #define HAVE_FSTATAT 1
| #define HAVE_GETDTABLESIZE 1
| #define HAVE_GETTIMEOFDAY 1
| #define HAVE_LSTAT 1
| #define HAVE_MBSINIT 1
| #define HAVE_MBRTOWC 1
| #define HAVE_MPROTECT 1
| #define HAVE_MKDIRAT 1
| #define HAVE_TZSET 1
| #define HAVE_OPENAT 1
| #define HAVE_READLINKAT 1
| #define HAVE_LINK 1
| #define HAVE_RENAMEAT 1
| #define HAVE_SETENV 1
| #define HAVE_STRDUP 1
| #define HAVE_STRNDUP 1
| #define HAVE_SYMLINKAT 1
| #define HAVE_LOCALTIME_R 1
| #define HAVE_TIMEGM 1
| #define HAVE_PIPE 1
| #define HAVE_UNLINKAT 1
| #define HAVE_UTIME 1
| #define HAVE_FUTIMES 1
| #define HAVE_FUTIMESAT 1
| #define HAVE_FUTIMENS 1
| #define HAVE_UTIMENSAT 1
| #define HAVE_LUTIMES 1
| #define HAVE_SNPRINTF 1
| #define HAVE_ISWCNTRL 1
| #define FUNC_REALPATH_WORKS 1
| #define HAVE_UNISTD_H 1
| #define HAVE_CHOWN 1
| #define HAVE_ENVIRON_DECL 1
| #define HAVE_DECL_STRERROR_R 1
| #define HAVE_STRERROR_R 1
| #define STRERROR_R_CHAR_P 1
| #define GETGROUPS_T gid_t
| #define LSTAT_FOLLOWS_SLASHED_SYMLINK 1
| #define HAVE_DECL_FCHDIR 1
| #define HAVE_WORKING_O_NOATIME 1
| #define HAVE_WORKING_O_NOFOLLOW 1
| #define HAVE_RAW_DECL_FCHMODAT 1
| #define HAVE_RAW_DECL_FSTAT 1
| #define HAVE_RAW_DECL_FSTATAT 1
| #define HAVE_RAW_DECL_FUTIMENS 1
| #define HAVE_RAW_DECL_LCHMOD 1
| #define HAVE_RAW_DECL_LSTAT 1
| #define HAVE_RAW_DECL_MKDIRAT 1
| #define HAVE_RAW_DECL_MKFIFO 1
| #define HAVE_RAW_DECL_MKFIFOAT 1
| #define HAVE_RAW_DECL_MKNOD 1
| #define HAVE_RAW_DECL_MKNODAT 1
| #define HAVE_RAW_DECL_STAT 1
| #define HAVE_RAW_DECL_UTIMENSAT 1
| #define HAVE_DECL_GETDTABLESIZE 1
| #define HAVE_GETOPT_H 1
| #define HAVE_GETOPT_LONG_ONLY 1
| #define restrict __restrict
| #define HAVE_RAW_DECL_GETTIMEOFDAY 1
| #define HAVE_WINT_T 1
| #define HAVE_UNSIGNED_LONG_LONG_INT 1
| #define HAVE_LONG_LONG_INT 1
| #define HAVE_RAW_DECL_IMAXABS 1
| #define HAVE_RAW_DECL_IMAXDIV 1
| #define HAVE_RAW_DECL_STRTOIMAX 1
| #define HAVE_RAW_DECL_STRTOUMAX 1
| #define HAVE_INTTYPES_H 1
| #define HAVE_LANGINFO_CODESET 1
| #define HAVE_DECL_GETC_UNLOCKED 1
| #define MALLOC_0_IS_NONNULL 1
| #define HAVE_MBSTATE_T 1
| #define HAVE_MAP_ANONYMOUS 1
| #define HAVE_DECL_MEMRCHR 1
| #define HAVE_MINMAX_IN_SYS_PARAM_H 1
| #define TIME_T_IS_SIGNED 1
| #define HAVE_DECL_ALARM 1
| #define HAVE_STRUCT_TM_TM_ZONE 1
| #define HAVE_TM_ZONE 1
| #define HAVE_TM_GMTOFF 1
| #define PROMOTED_MODE_T mode_t
| #define HAVE__BOOL 1
| #define HAVE_COMPOUND_LITERALS 1
| #define HAVE_DECL_SETENV 1
| #define HAVE_SEARCH_H 1
| #define HAVE_TSEARCH 1
| #define HAVE_SIGSET_T 1
| #define HAVE_WCHAR_T 1
| #define HAVE_DECL_STRDUP 1
| #define HAVE_RAW_DECL_FFSL 1
| #define HAVE_RAW_DECL_FFSLL 1
| #define HAVE_RAW_DECL_MEMMEM 1
| #define HAVE_RAW_DECL_MEMPCPY 1
| #define HAVE_RAW_DECL_MEMRCHR 1
| #define HAVE_RAW_DECL_RAWMEMCHR 1
| #define HAVE_RAW_DECL_STPCPY 1
| #define HAVE_RAW_DECL_STPNCPY 1
| #define HAVE_RAW_DECL_STRCHRNUL 1
| #define HAVE_RAW_DECL_STRDUP 1
| #define HAVE_RAW_DECL_STRNCAT 1
| #define HAVE_RAW_DECL_STRNDUP 1
| #define HAVE_RAW_DECL_STRNLEN 1
| #define HAVE_RAW_DECL_STRPBRK 1
| #define HAVE_RAW_DECL_STRSEP 1
| #define HAVE_RAW_DECL_STRCASESTR 1
| #define HAVE_RAW_DECL_STRTOK_R 1
| #define HAVE_RAW_DECL_STRERROR_R 1
| #define HAVE_RAW_DECL_STRSIGNAL 1
| #define HAVE_RAW_DECL_STRVERSCMP 1
| #define HAVE_DECL_STRNDUP 1
| #define HAVE_DECL_STRNLEN 1
| #define _USE_STD_STAT 1
| #define HAVE_DECL_UNSETENV 1
| #define HAVE_WORKING_UTIMES 1
| #define HAVE_INTTYPES_H_WITH_UINTMAX 1
| #define HAVE_STDINT_H_WITH_UINTMAX 1
| #define HAVE_INTMAX_T 1
| #define DBL_EXPBIT0_WORD 1
| #define DBL_EXPBIT0_BIT 20
| #define HAVE_SNPRINTF 1
| #define HAVE_STRNLEN 1
| #define HAVE_WCSLEN 1
| #define HAVE_WCSNLEN 1
| #define HAVE_MBRTOWC 1
| #define HAVE_WCRTOMB 1
| #define HAVE_DECL__SNPRINTF 0
| #define HAVE_SNPRINTF_RETVAL_C99 1
| #define HAVE_ALLOCA 1
| #define GNULIB_CANONICALIZE_LGPL 1
| #define GNULIB_TEST_CANONICALIZE_FILE_NAME 1
| #define GNULIB_TEST_REALPATH 1
| #define GNULIB_TEST_CHDIR 1
| #define GNULIB_TEST_CHOWN 1
| #define HAVE_CLOCK_GETTIME 1
| #define HAVE_CLOCK_SETTIME 1
| #define GNULIB_TEST_CLOEXEC 1
| #define GNULIB_TEST_CLOSE 1
| #define HAVE_CLOSEDIR 1
| #define GNULIB_TEST_CLOSEDIR 1
| #define D_INO_IN_DIRENT 1
| #define HAVE_RAW_DECL_ALPHASORT 1
| #define HAVE_RAW_DECL_CLOSEDIR 1
| #define HAVE_RAW_DECL_DIRFD 1
| #define HAVE_RAW_DECL_FDOPENDIR 1
| #define HAVE_RAW_DECL_OPENDIR 1
| #define HAVE_RAW_DECL_READDIR 1
| #define HAVE_RAW_DECL_REWINDDIR 1
| #define HAVE_RAW_DECL_SCANDIR 1
| #define GNULIB_DIRENT_SAFER 1
| #define HAVE_DIRFD 1
| #define HAVE_DECL_DIRFD 1
| #define GNULIB_TEST_DIRFD 1
| #define GNULIB_DIRNAME 1
| #define HAVE_DUP2 1
| #define GNULIB_TEST_DUP2 1
| #define GNULIB_TEST_ENVIRON 1
| #define HAVE_EUIDACCESS 1
| #define GNULIB_TEST_EUIDACCESS 1
| #define GNULIB_FACCESSAT 1
| #define GNULIB_TEST_FACCESSAT 1
| #define GNULIB_TEST_FCHDIR 1
| #define GNULIB_FCHMODAT 1
| #define GNULIB_TEST_FCHMODAT 1
| #define GNULIB_FCHOWNAT 1
| #define GNULIB_TEST_FCHOWNAT 1
| #define GNULIB_TEST_FCNTL 1
| #define HAVE_RAW_DECL_FCNTL 1
| #define HAVE_RAW_DECL_OPENAT 1
| #define GNULIB_FD_SAFER_FLAG 1
| #define FLEXIBLE_ARRAY_MEMBER /**/
| #define GNULIB_TEST_FSTAT 1
| #define GNULIB_TEST_FSTATAT 1
| #define GNULIB_TEST_GETCWD 1
| #define GNULIB_TEST_GETDTABLESIZE 1
| #define HAVE_GETGROUPS 1
| #define GNULIB_TEST_GETGROUPS 1
| #define HAVE_DECL_PROGRAM_INVOCATION_NAME 1
| #define HAVE_DECL_PROGRAM_INVOCATION_SHORT_NAME 1
| #define HAVE_DECL___ARGV 0
| #define GETTIMEOFDAY_TIMEZONE void
| #define GNULIB_TEST_GETTIMEOFDAY 1
| #define GNULIB_TEST_GROUP_MEMBER 1
| #define HAVE_LCHOWN 1
| #define GNULIB_TEST_LCHOWN 1
| #define GNULIB_TEST_LSTAT 1
| #define HAVE_MALLOC_GNU 1
| #define GNULIB_MALLOC_GNU 1
| #define HAVE_MALLOC_POSIX 1
| #define GNULIB_TEST_MALLOC_POSIX 1
| #define C_LOCALE_MAYBE_EILSEQ 1
| #define GNULIB_TEST_MBRTOWC 1
| #define GNULIB_TEST_MBSINIT 1
| #define GNULIB_TEST_MEMCHR 1
| #define HAVE_MEMPCPY 1
| #define GNULIB_TEST_MEMPCPY 1
| #define HAVE_MEMRCHR 1
| #define GNULIB_TEST_MEMRCHR 1
| #define GNULIB_TEST_MKDIRAT 1
| #define GNULIB_TEST_MKTIME 1
| #define NEED_MKTIME_INTERNAL 1
| #define GNULIB_MSVC_NOTHROW 1
| #define my_strftime nstrftime
| #define GNULIB_TEST_OPEN 1
| #define GNULIB_OPENAT 1
| #define GNULIB_TEST_OPENAT 1
| #define HAVE_OPENDIR 1
| #define GNULIB_TEST_OPENDIR 1
| #define HAVE_STRUCT_TM_TM_ZONE 1
| #define HAVE_TM_ZONE 1
| #define HAVE_DECL_PROGRAM_INVOCATION_NAME 1
| #define HAVE_DECL_PROGRAM_INVOCATION_SHORT_NAME 1
| #define HAVE_RAISE 1
| #define GNULIB_TEST_RAISE 1
| #define HAVE_READDIR 1
| #define GNULIB_TEST_READDIR 1
| #define GNULIB_TEST_READLINK 1
| #define GNULIB_TEST_READLINKAT 1
| #define HAVE_REALLOC_GNU 1
| #define GNULIB_REALLOC_GNU 1
| #define HAVE_REALLOC_POSIX 1
| #define GNULIB_TEST_REALLOC_POSIX 1
| #define GNULIB_TEST_RENAME 1
| #define HAVE_LINUX_FS_H 1
| #define GNULIB_TEST_RENAMEAT 1
| #define HAVE_LINUX_FS_H 1
| #define GNULIB_TEST_RMDIR 1
| #define GNULIB_TEST_SETENV 1
| #define HAVE_RAW_DECL_PTHREAD_SIGMASK 1
| #define HAVE_RAW_DECL_SIGACTION 1
| #define HAVE_RAW_DECL_SIGADDSET 1
| #define HAVE_RAW_DECL_SIGDELSET 1
| #define HAVE_RAW_DECL_SIGEMPTYSET 1
| #define HAVE_RAW_DECL_SIGFILLSET 1
| #define HAVE_RAW_DECL_SIGISMEMBER 1
| #define HAVE_RAW_DECL_SIGPENDING 1
| #define HAVE_RAW_DECL_SIGPROCMASK 1
| #define HAVE_STDINT_H 1
| #define GNULIB_TEST_STAT 1
| #define HAVE_STRUCT_STAT_ST_ATIM_TV_NSEC 1
| #define TYPEOF_STRUCT_STAT_ST_ATIM_IS_STRUCT_TIMESPEC 1
| /* end confdefs.h.  */
| #include <sys/types.h>
|      #include <sys/stat.h>
| 
| int
| main (void)
| {
| static struct stat ac_aggr;
| if (sizeof ac_aggr.st_birthtimespec.tv_nsec)
| return 0;
|   ;
|   return 0;
| }
configure:22818: result: no
configure:22828: checking for struct stat.st_birthtimensec
configure:22828: gcc  -c -isystem/home/ubuntu/yocto/rpi-build/tmp/work/x86_64-linux/patch-native/2.7.6-r0/recipe-sysroot-native/usr/include -O2 -pipe -isystem/home/ubuntu/yocto/rpi-build/tmp/work/x86_64-linux/patch-native/2.7.6-r0/recipe-sysroot-native/usr/include conftest.c >&5
conftest.c: In function 'main':
conftest.c:314:12: error: 'struct stat' has no member named 'st_birthtimensec'
  314 | if (ac_aggr.st_birthtimensec)
      |            ^
configure:22828: $? = 1
configure: failed program was:
| /* confdefs.h */
| #define PACKAGE_NAME "GNU patch"
| #define PACKAGE_TARNAME "patch"
| #define PACKAGE_VERSION "2.7.6"
| #define PACKAGE_STRING "GNU patch 2.7.6"
| #define PACKAGE_BUGREPORT "bug-patch@gnu.org"
| #define PACKAGE_URL "https://www.gnu.org/software/patch/"
| #define PACKAGE "patch"
| #define VERSION "2.7.6"
| #define HAVE_STDIO_H 1
| #define HAVE_STDLIB_H 1
| #define HAVE_STRING_H 1
| #define HAVE_INTTYPES_H 1
| #define HAVE_STDINT_H 1
| #define HAVE_STRINGS_H 1
| #define HAVE_SYS_STAT_H 1
| #define HAVE_SYS_TYPES_H 1
| #define HAVE_UNISTD_H 1
| #define HAVE_SYS_PARAM_H 1
| #define HAVE_SYS_SOCKET_H 1
| #define HAVE_DIRENT_H 1
| #define HAVE_GETOPT_H 1
| #define HAVE_SYS_CDEFS_H 1
| #define HAVE_SYS_TIME_H 1
| #define HAVE_LIMITS_H 1
| #define HAVE_WCHAR_H 1
| #define HAVE_SYS_MMAN_H 1
| #define HAVE_UTIME_H 1
| #define HAVE_FEATURES_H 1
| #define HAVE_WCTYPE_H 1
| #define STDC_HEADERS 1
| #define __EXTENSIONS__ 1
| #define _ALL_SOURCE 1
| #define _DARWIN_C_SOURCE 1
| #define _GNU_SOURCE 1
| #define _NETBSD_SOURCE 1
| #define _OPENBSD_SOURCE 1
| #define _POSIX_PTHREAD_SEMANTICS 1
| #define __STDC_WANT_IEC_60559_ATTRIBS_EXT__ 1
| #define __STDC_WANT_IEC_60559_BFP_EXT__ 1
| #define __STDC_WANT_IEC_60559_DFP_EXT__ 1
| #define __STDC_WANT_IEC_60559_FUNCS_EXT__ 1
| #define __STDC_WANT_IEC_60559_TYPES_EXT__ 1
| #define __STDC_WANT_LIB_EXT2__ 1
| #define __STDC_WANT_MATH_SPEC_FUNCS__ 1
| #define _TANDEM_SOURCE 1
| #define _HPUX_ALT_XOPEN_SOCKET_API 1
| #define HAVE_ALLOCA_H 1
| #define HAVE_ALLOCA 1
| #define D_INO_IN_DIRENT 1
| #define HAVE_LONG_FILE_NAMES 1
| #define HAVE_PATHCONF 1
| #define HAVE_CANONICALIZE_FILE_NAME 1
| #define HAVE_GETCWD 1
| #define HAVE_READLINK 1
| #define HAVE_REALPATH 1
| #define HAVE_CHOWN 1
| #define HAVE_FCHOWN 1
| #define HAVE_FCHDIR 1
| #define HAVE_FDOPENDIR 1
| #define HAVE_FACCESSAT 1
| #define HAVE_FCHMODAT 1
| #define HAVE_LCHMOD 1
| #define HAVE_FCNTL 1
| #define HAVE_SYMLINK 1
| #define HAVE_MEMPCPY 1
| #define HAVE_FSTATAT 1
| #define HAVE_GETDTABLESIZE 1
| #define HAVE_GETTIMEOFDAY 1
| #define HAVE_LSTAT 1
| #define HAVE_MBSINIT 1
| #define HAVE_MBRTOWC 1
| #define HAVE_MPROTECT 1
| #define HAVE_MKDIRAT 1
| #define HAVE_TZSET 1
| #define HAVE_OPENAT 1
| #define HAVE_READLINKAT 1
| #define HAVE_LINK 1
| #define HAVE_RENAMEAT 1
| #define HAVE_SETENV 1
| #define HAVE_STRDUP 1
| #define HAVE_STRNDUP 1
| #define HAVE_SYMLINKAT 1
| #define HAVE_LOCALTIME_R 1
| #define HAVE_TIMEGM 1
| #define HAVE_PIPE 1
| #define HAVE_UNLINKAT 1
| #define HAVE_UTIME 1
| #define HAVE_FUTIMES 1
| #define HAVE_FUTIMESAT 1
| #define HAVE_FUTIMENS 1
| #define HAVE_UTIMENSAT 1
| #define HAVE_LUTIMES 1
| #define HAVE_SNPRINTF 1
| #define HAVE_ISWCNTRL 1
| #define FUNC_REALPATH_WORKS 1
| #define HAVE_UNISTD_H 1
| #define HAVE_CHOWN 1
| #define HAVE_ENVIRON_DECL 1
| #define HAVE_DECL_STRERROR_R 1
| #define HAVE_STRERROR_R 1
| #define STRERROR_R_CHAR_P 1
| #define GETGROUPS_T gid_t
| #define LSTAT_FOLLOWS_SLASHED_SYMLINK 1
| #define HAVE_DECL_FCHDIR 1
| #define HAVE_WORKING_O_NOATIME 1
| #define HAVE_WORKING_O_NOFOLLOW 1
| #define HAVE_RAW_DECL_FCHMODAT 1
| #define HAVE_RAW_DECL_FSTAT 1
| #define HAVE_RAW_DECL_FSTATAT 1
| #define HAVE_RAW_DECL_FUTIMENS 1
| #define HAVE_RAW_DECL_LCHMOD 1
| #define HAVE_RAW_DECL_LSTAT 1
| #define HAVE_RAW_DECL_MKDIRAT 1
| #define HAVE_RAW_DECL_MKFIFO 1
| #define HAVE_RAW_DECL_MKFIFOAT 1
| #define HAVE_RAW_DECL_MKNOD 1
| #define HAVE_RAW_DECL_MKNODAT 1
| #define HAVE_RAW_DECL_STAT 1
| #define HAVE_RAW_DECL_UTIMENSAT 1
| #define HAVE_DECL_GETDTABLESIZE 1
| #define HAVE_GETOPT_H 1
| #define HAVE_GETOPT_LONG_ONLY 1
| #define restrict __restrict
| #define HAVE_RAW_DECL_GETTIMEOFDAY 1
| #define HAVE_WINT_T 1
| #define HAVE_UNSIGNED_LONG_LONG_INT 1
| #define HAVE_LONG_LONG_INT 1
| #define HAVE_RAW_DECL_IMAXABS 1
| #define HAVE_RAW_DECL_IMAXDIV 1
| #define HAVE_RAW_DECL_STRTOIMAX 1
| #define HAVE_RAW_DECL_STRTOUMAX 1
| #define HAVE_INTTYPES_H 1
| #define HAVE_LANGINFO_CODESET 1
| #define HAVE_DECL_GETC_UNLOCKED 1
| #define MALLOC_0_IS_NONNULL 1
| #define HAVE_MBSTATE_T 1
| #define HAVE_MAP_ANONYMOUS 1
| #define HAVE_DECL_MEMRCHR 1
| #define HAVE_MINMAX_IN_SYS_PARAM_H 1
| #define TIME_T_IS_SIGNED 1
| #define HAVE_DECL_ALARM 1
| #define HAVE_STRUCT_TM_TM_ZONE 1
| #define HAVE_TM_ZONE 1
| #define HAVE_TM_GMTOFF 1
| #define PROMOTED_MODE_T mode_t
| #define HAVE__BOOL 1
| #define HAVE_COMPOUND_LITERALS 1
| #define HAVE_DECL_SETENV 1
| #define HAVE_SEARCH_H 1
| #define HAVE_TSEARCH 1
| #define HAVE_SIGSET_T 1
| #define HAVE_WCHAR_T 1
| #define HAVE_DECL_STRDUP 1
| #define HAVE_RAW_DECL_FFSL 1
| #define HAVE_RAW_DECL_FFSLL 1
| #define HAVE_RAW_DECL_MEMMEM 1
| #define HAVE_RAW_DECL_MEMPCPY 1
| #define HAVE_RAW_DECL_MEMRCHR 1
| #define HAVE_RAW_DECL_RAWMEMCHR 1
| #define HAVE_RAW_DECL_STPCPY 1
| #define HAVE_RAW_DECL_STPNCPY 1
| #define HAVE_RAW_DECL_STRCHRNUL 1
| #define HAVE_RAW_DECL_STRDUP 1
| #define HAVE_RAW_DECL_STRNCAT 1
| #define HAVE_RAW_DECL_STRNDUP 1
| #define HAVE_RAW_DECL_STRNLEN 1
| #define HAVE_RAW_DECL_STRPBRK 1
| #define HAVE_RAW_DECL_STRSEP 1
| #define HAVE_RAW_DECL_STRCASESTR 1
| #define HAVE_RAW_DECL_STRTOK_R 1
| #define HAVE_RAW_DECL_STRERROR_R 1
| #define HAVE_RAW_DECL_STRSIGNAL 1
| #define HAVE_RAW_DECL_STRVERSCMP 1
| #define HAVE_DECL_STRNDUP 1
| #define HAVE_DECL_STRNLEN 1
| #define _USE_STD_STAT 1
| #define HAVE_DECL_UNSETENV 1
| #define HAVE_WORKING_UTIMES 1
| #define HAVE_INTTYPES_H_WITH_UINTMAX 1
| #define HAVE_STDINT_H_WITH_UINTMAX 1
| #define HAVE_INTMAX_T 1
| #define DBL_EXPBIT0_WORD 1
| #define DBL_EXPBIT0_BIT 20
| #define HAVE_SNPRINTF 1
| #define HAVE_STRNLEN 1
| #define HAVE_WCSLEN 1
| #define HAVE_WCSNLEN 1
| #define HAVE_MBRTOWC 1
| #define HAVE_WCRTOMB 1
| #define HAVE_DECL__SNPRINTF 0
| #define HAVE_SNPRINTF_RETVAL_C99 1
| #define HAVE_ALLOCA 1
| #define GNULIB_CANONICALIZE_LGPL 1
| #define GNULIB_TEST_CANONICALIZE_FILE_NAME 1
| #define GNULIB_TEST_REALPATH 1
| #define GNULIB_TEST_CHDIR 1
| #define GNULIB_TEST_CHOWN 1
| #define HAVE_CLOCK_GETTIME 1
| #define HAVE_CLOCK_SETTIME 1
| #define GNULIB_TEST_CLOEXEC 1
| #define GNULIB_TEST_CLOSE 1
| #define HAVE_CLOSEDIR 1
| #define GNULIB_TEST_CLOSEDIR 1
| #define D_INO_IN_DIRENT 1
| #define HAVE_RAW_DECL_ALPHASORT 1
| #define HAVE_RAW_DECL_CLOSEDIR 1
| #define HAVE_RAW_DECL_DIRFD 1
| #define HAVE_RAW_DECL_FDOPENDIR 1
| #define HAVE_RAW_DECL_OPENDIR 1
| #define HAVE_RAW_DECL_READDIR 1
| #define HAVE_RAW_DECL_REWINDDIR 1
| #define HAVE_RAW_DECL_SCANDIR 1
| #define GNULIB_DIRENT_SAFER 1
| #define HAVE_DIRFD 1
| #define HAVE_DECL_DIRFD 1
| #define GNULIB_TEST_DIRFD 1
| #define GNULIB_DIRNAME 1
| #define HAVE_DUP2 1
| #define GNULIB_TEST_DUP2 1
| #define GNULIB_TEST_ENVIRON 1
| #define HAVE_EUIDACCESS 1
| #define GNULIB_TEST_EUIDACCESS 1
| #define GNULIB_FACCESSAT 1
| #define GNULIB_TEST_FACCESSAT 1
| #define GNULIB_TEST_FCHDIR 1
| #define GNULIB_FCHMODAT 1
| #define GNULIB_TEST_FCHMODAT 1
| #define GNULIB_FCHOWNAT 1
| #define GNULIB_TEST_FCHOWNAT 1
| #define GNULIB_TEST_FCNTL 1
| #define HAVE_RAW_DECL_FCNTL 1
| #define HAVE_RAW_DECL_OPENAT 1
| #define GNULIB_FD_SAFER_FLAG 1
| #define FLEXIBLE_ARRAY_MEMBER /**/
| #define GNULIB_TEST_FSTAT 1
| #define GNULIB_TEST_FSTATAT 1
| #define GNULIB_TEST_GETCWD 1
| #define GNULIB_TEST_GETDTABLESIZE 1
| #define HAVE_GETGROUPS 1
| #define GNULIB_TEST_GETGROUPS 1
| #define HAVE_DECL_PROGRAM_INVOCATION_NAME 1
| #define HAVE_DECL_PROGRAM_INVOCATION_SHORT_NAME 1
| #define HAVE_DECL___ARGV 0
| #define GETTIMEOFDAY_TIMEZONE void
| #define GNULIB_TEST_GETTIMEOFDAY 1
| #define GNULIB_TEST_GROUP_MEMBER 1
| #define HAVE_LCHOWN 1
| #define GNULIB_TEST_LCHOWN 1
| #define GNULIB_TEST_LSTAT 1
| #define HAVE_MALLOC_GNU 1
| #define GNULIB_MALLOC_GNU 1
| #define HAVE_MALLOC_POSIX 1
| #define GNULIB_TEST_MALLOC_POSIX 1
| #define C_LOCALE_MAYBE_EILSEQ 1
| #define GNULIB_TEST_MBRTOWC 1
| #define GNULIB_TEST_MBSINIT 1
| #define GNULIB_TEST_MEMCHR 1
| #define HAVE_MEMPCPY 1
| #define GNULIB_TEST_MEMPCPY 1
| #define HAVE_MEMRCHR 1
| #define GNULIB_TEST_MEMRCHR 1
| #define GNULIB_TEST_MKDIRAT 1
| #define GNULIB_TEST_MKTIME 1
| #define NEED_MKTIME_INTERNAL 1
| #define GNULIB_MSVC_NOTHROW 1
| #define my_strftime nstrftime
| #define GNULIB_TEST_OPEN 1
| #define GNULIB_OPENAT 1
| #define GNULIB_TEST_OPENAT 1
| #define HAVE_OPENDIR 1
| #define GNULIB_TEST_OPENDIR 1
| #define HAVE_STRUCT_TM_TM_ZONE 1
| #define HAVE_TM_ZONE 1
| #define HAVE_DECL_PROGRAM_INVOCATION_NAME 1
| #define HAVE_DECL_PROGRAM_INVOCATION_SHORT_NAME 1
| #define HAVE_RAISE 1
| #define GNULIB_TEST_RAISE 1
| #define HAVE_READDIR 1
| #define GNULIB_TEST_READDIR 1
| #define GNULIB_TEST_READLINK 1
| #define GNULIB_TEST_READLINKAT 1
| #define HAVE_REALLOC_GNU 1
| #define GNULIB_REALLOC_GNU 1
| #define HAVE_REALLOC_POSIX 1
| #define GNULIB_TEST_REALLOC_POSIX 1
| #define GNULIB_TEST_RENAME 1
| #define HAVE_LINUX_FS_H 1
| #define GNULIB_TEST_RENAMEAT 1
| #define HAVE_LINUX_FS_H 1
| #define GNULIB_TEST_RMDIR 1
| #define GNULIB_TEST_SETENV 1
| #define HAVE_RAW_DECL_PTHREAD_SIGMASK 1
| #define HAVE_RAW_DECL_SIGACTION 1
| #define HAVE_RAW_DECL_SIGADDSET 1
| #define HAVE_RAW_DECL_SIGDELSET 1
| #define HAVE_RAW_DECL_SIGEMPTYSET 1
| #define HAVE_RAW_DECL_SIGFILLSET 1
| #define HAVE_RAW_DECL_SIGISMEMBER 1
| #define HAVE_RAW_DECL_SIGPENDING 1
| #define HAVE_RAW_DECL_SIGPROCMASK 1
| #define HAVE_STDINT_H 1
| #define GNULIB_TEST_STAT 1
| #define HAVE_STRUCT_STAT_ST_ATIM_TV_NSEC 1
| #define TYPEOF_STRUCT_STAT_ST_ATIM_IS_STRUCT_TIMESPEC 1
| /* end confdefs.h.  */
| #include <sys/types.h>
|         #include <sys/stat.h>
| 
| int
| main (void)
| {
| static struct stat ac_aggr;
| if (ac_aggr.st_birthtimensec)
| return 0;
|   ;
|   return 0;
| }
configure:22828: gcc  -c -isystem/home/ubuntu/yocto/rpi-build/tmp/work/x86_64-linux/patch-native/2.7.6-r0/recipe-sysroot-native/usr/include -O2 -pipe -isystem/home/ubuntu/yocto/rpi-build/tmp/work/x86_64-linux/patch-native/2.7.6-r0/recipe-sysroot-native/usr/include conftest.c >&5
conftest.c: In function 'main':
conftest.c:314:19: error: 'struct stat' has no member named 'st_birthtimensec'
  314 | if (sizeof ac_aggr.st_birthtimensec)
      |                   ^
configure:22828: $? = 1
configure: failed program was:
| /* confdefs.h */
| #define PACKAGE_NAME "GNU patch"
| #define PACKAGE_TARNAME "patch"
| #define PACKAGE_VERSION "2.7.6"
| #define PACKAGE_STRING "GNU patch 2.7.6"
| #define PACKAGE_BUGREPORT "bug-patch@gnu.org"
| #define PACKAGE_URL "https://www.gnu.org/software/patch/"
| #define PACKAGE "patch"
| #define VERSION "2.7.6"
| #define HAVE_STDIO_H 1
| #define HAVE_STDLIB_H 1
| #define HAVE_STRING_H 1
| #define HAVE_INTTYPES_H 1
| #define HAVE_STDINT_H 1
| #define HAVE_STRINGS_H 1
| #define HAVE_SYS_STAT_H 1
| #define HAVE_SYS_TYPES_H 1
| #define HAVE_UNISTD_H 1
| #define HAVE_SYS_PARAM_H 1
| #define HAVE_SYS_SOCKET_H 1
| #define HAVE_DIRENT_H 1
| #define HAVE_GETOPT_H 1
| #define HAVE_SYS_CDEFS_H 1
| #define HAVE_SYS_TIME_H 1
| #define HAVE_LIMITS_H 1
| #define HAVE_WCHAR_H 1
| #define HAVE_SYS_MMAN_H 1
| #define HAVE_UTIME_H 1
| #define HAVE_FEATURES_H 1
| #define HAVE_WCTYPE_H 1
| #define STDC_HEADERS 1
| #define __EXTENSIONS__ 1
| #define _ALL_SOURCE 1
| #define _DARWIN_C_SOURCE 1
| #define _GNU_SOURCE 1
| #define _NETBSD_SOURCE 1
| #define _OPENBSD_SOURCE 1
| #define _POSIX_PTHREAD_SEMANTICS 1
| #define __STDC_WANT_IEC_60559_ATTRIBS_EXT__ 1
| #define __STDC_WANT_IEC_60559_BFP_EXT__ 1
| #define __STDC_WANT_IEC_60559_DFP_EXT__ 1
| #define __STDC_WANT_IEC_60559_FUNCS_EXT__ 1
| #define __STDC_WANT_IEC_60559_TYPES_EXT__ 1
| #define __STDC_WANT_LIB_EXT2__ 1
| #define __STDC_WANT_MATH_SPEC_FUNCS__ 1
| #define _TANDEM_SOURCE 1
| #define _HPUX_ALT_XOPEN_SOCKET_API 1
| #define HAVE_ALLOCA_H 1
| #define HAVE_ALLOCA 1
| #define D_INO_IN_DIRENT 1
| #define HAVE_LONG_FILE_NAMES 1
| #define HAVE_PATHCONF 1
| #define HAVE_CANONICALIZE_FILE_NAME 1
| #define HAVE_GETCWD 1
| #define HAVE_READLINK 1
| #define HAVE_REALPATH 1
| #define HAVE_CHOWN 1
| #define HAVE_FCHOWN 1
| #define HAVE_FCHDIR 1
| #define HAVE_FDOPENDIR 1
| #define HAVE_FACCESSAT 1
| #define HAVE_FCHMODAT 1
| #define HAVE_LCHMOD 1
| #define HAVE_FCNTL 1
| #define HAVE_SYMLINK 1
| #define HAVE_MEMPCPY 1
| #define HAVE_FSTATAT 1
| #define HAVE_GETDTABLESIZE 1
| #define HAVE_GETTIMEOFDAY 1
| #define HAVE_LSTAT 1
| #define HAVE_MBSINIT 1
| #define HAVE_MBRTOWC 1
| #define HAVE_MPROTECT 1
| #define HAVE_MKDIRAT 1
| #define HAVE_TZSET 1
| #define HAVE_OPENAT 1
| #define HAVE_READLINKAT 1
| #define HAVE_LINK 1
| #define HAVE_RENAMEAT 1
| #define HAVE_SETENV 1
| #define HAVE_STRDUP 1
| #define HAVE_STRNDUP 1
| #define HAVE_SYMLINKAT 1
| #define HAVE_LOCALTIME_R 1
| #define HAVE_TIMEGM 1
| #define HAVE_PIPE 1
| #define HAVE_UNLINKAT 1
| #define HAVE_UTIME 1
| #define HAVE_FUTIMES 1
| #define HAVE_FUTIMESAT 1
| #define HAVE_FUTIMENS 1
| #define HAVE_UTIMENSAT 1
| #define HAVE_LUTIMES 1
| #define HAVE_SNPRINTF 1
| #define HAVE_ISWCNTRL 1
| #define FUNC_REALPATH_WORKS 1
| #define HAVE_UNISTD_H 1
| #define HAVE_CHOWN 1
| #define HAVE_ENVIRON_DECL 1
| #define HAVE_DECL_STRERROR_R 1
| #define HAVE_STRERROR_R 1
| #define STRERROR_R_CHAR_P 1
| #define GETGROUPS_T gid_t
| #define LSTAT_FOLLOWS_SLASHED_SYMLINK 1
| #define HAVE_DECL_FCHDIR 1
| #define HAVE_WORKING_O_NOATIME 1
| #define HAVE_WORKING_O_NOFOLLOW 1
| #define HAVE_RAW_DECL_FCHMODAT 1
| #define HAVE_RAW_DECL_FSTAT 1
| #define HAVE_RAW_DECL_FSTATAT 1
| #define HAVE_RAW_DECL_FUTIMENS 1
| #define HAVE_RAW_DECL_LCHMOD 1
| #define HAVE_RAW_DECL_LSTAT 1
| #define HAVE_RAW_DECL_MKDIRAT 1
| #define HAVE_RAW_DECL_MKFIFO 1
| #define HAVE_RAW_DECL_MKFIFOAT 1
| #define HAVE_RAW_DECL_MKNOD 1
| #define HAVE_RAW_DECL_MKNODAT 1
| #define HAVE_RAW_DECL_STAT 1
| #define HAVE_RAW_DECL_UTIMENSAT 1
| #define HAVE_DECL_GETDTABLESIZE 1
| #define HAVE_GETOPT_H 1
| #define HAVE_GETOPT_LONG_ONLY 1
| #define restrict __restrict
| #define HAVE_RAW_DECL_GETTIMEOFDAY 1
| #define HAVE_WINT_T 1
| #define HAVE_UNSIGNED_LONG_LONG_INT 1
| #define HAVE_LONG_LONG_INT 1
| #define HAVE_RAW_DECL_IMAXABS 1
| #define HAVE_RAW_DECL_IMAXDIV 1
| #define HAVE_RAW_DECL_STRTOIMAX 1
| #define HAVE_RAW_DECL_STRTOUMAX 1
| #define HAVE_INTTYPES_H 1
| #define HAVE_LANGINFO_CODESET 1
| #define HAVE_DECL_GETC_UNLOCKED 1
| #define MALLOC_0_IS_NONNULL 1
| #define HAVE_MBSTATE_T 1
| #define HAVE_MAP_ANONYMOUS 1
| #define HAVE_DECL_MEMRCHR 1
| #define HAVE_MINMAX_IN_SYS_PARAM_H 1
| #define TIME_T_IS_SIGNED 1
| #define HAVE_DECL_ALARM 1
| #define HAVE_STRUCT_TM_TM_ZONE 1
| #define HAVE_TM_ZONE 1
| #define HAVE_TM_GMTOFF 1
| #define PROMOTED_MODE_T mode_t
| #define HAVE__BOOL 1
| #define HAVE_COMPOUND_LITERALS 1
| #define HAVE_DECL_SETENV 1
| #define HAVE_SEARCH_H 1
| #define HAVE_TSEARCH 1
| #define HAVE_SIGSET_T 1
| #define HAVE_WCHAR_T 1
| #define HAVE_DECL_STRDUP 1
| #define HAVE_RAW_DECL_FFSL 1
| #define HAVE_RAW_DECL_FFSLL 1
| #define HAVE_RAW_DECL_MEMMEM 1
| #define HAVE_RAW_DECL_MEMPCPY 1
| #define HAVE_RAW_DECL_MEMRCHR 1
| #define HAVE_RAW_DECL_RAWMEMCHR 1
| #define HAVE_RAW_DECL_STPCPY 1
| #define HAVE_RAW_DECL_STPNCPY 1
| #define HAVE_RAW_DECL_STRCHRNUL 1
| #define HAVE_RAW_DECL_STRDUP 1
| #define HAVE_RAW_DECL_STRNCAT 1
| #define HAVE_RAW_DECL_STRNDUP 1
| #define HAVE_RAW_DECL_STRNLEN 1
| #define HAVE_RAW_DECL_STRPBRK 1
| #define HAVE_RAW_DECL_STRSEP 1
| #define HAVE_RAW_DECL_STRCASESTR 1
| #define HAVE_RAW_DECL_STRTOK_R 1
| #define HAVE_RAW_DECL_STRERROR_R 1
| #define HAVE_RAW_DECL_STRSIGNAL 1
| #define HAVE_RAW_DECL_STRVERSCMP 1
| #define HAVE_DECL_STRNDUP 1
| #define HAVE_DECL_STRNLEN 1
| #define _USE_STD_STAT 1
| #define HAVE_DECL_UNSETENV 1
| #define HAVE_WORKING_UTIMES 1
| #define HAVE_INTTYPES_H_WITH_UINTMAX 1
| #define HAVE_STDINT_H_WITH_UINTMAX 1
| #define HAVE_INTMAX_T 1
| #define DBL_EXPBIT0_WORD 1
| #define DBL_EXPBIT0_BIT 20
| #define HAVE_SNPRINTF 1
| #define HAVE_STRNLEN 1
| #define HAVE_WCSLEN 1
| #define HAVE_WCSNLEN 1
| #define HAVE_MBRTOWC 1
| #define HAVE_WCRTOMB 1
| #define HAVE_DECL__SNPRINTF 0
| #define HAVE_SNPRINTF_RETVAL_C99 1
| #define HAVE_ALLOCA 1
| #define GNULIB_CANONICALIZE_LGPL 1
| #define GNULIB_TEST_CANONICALIZE_FILE_NAME 1
| #define GNULIB_TEST_REALPATH 1
| #define GNULIB_TEST_CHDIR 1
| #define GNULIB_TEST_CHOWN 1
| #define HAVE_CLOCK_GETTIME 1
| #define HAVE_CLOCK_SETTIME 1
| #define GNULIB_TEST_CLOEXEC 1
| #define GNULIB_TEST_CLOSE 1
| #define HAVE_CLOSEDIR 1
| #define GNULIB_TEST_CLOSEDIR 1
| #define D_INO_IN_DIRENT 1
| #define HAVE_RAW_DECL_ALPHASORT 1
| #define HAVE_RAW_DECL_CLOSEDIR 1
| #define HAVE_RAW_DECL_DIRFD 1
| #define HAVE_RAW_DECL_FDOPENDIR 1
| #define HAVE_RAW_DECL_OPENDIR 1
| #define HAVE_RAW_DECL_READDIR 1
| #define HAVE_RAW_DECL_REWINDDIR 1
| #define HAVE_RAW_DECL_SCANDIR 1
| #define GNULIB_DIRENT_SAFER 1
| #define HAVE_DIRFD 1
| #define HAVE_DECL_DIRFD 1
| #define GNULIB_TEST_DIRFD 1
| #define GNULIB_DIRNAME 1
| #define HAVE_DUP2 1
| #define GNULIB_TEST_DUP2 1
| #define GNULIB_TEST_ENVIRON 1
| #define HAVE_EUIDACCESS 1
| #define GNULIB_TEST_EUIDACCESS 1
| #define GNULIB_FACCESSAT 1
| #define GNULIB_TEST_FACCESSAT 1
| #define GNULIB_TEST_FCHDIR 1
| #define GNULIB_FCHMODAT 1
| #define GNULIB_TEST_FCHMODAT 1
| #define GNULIB_FCHOWNAT 1
| #define GNULIB_TEST_FCHOWNAT 1
| #define GNULIB_TEST_FCNTL 1
| #define HAVE_RAW_DECL_FCNTL 1
| #define HAVE_RAW_DECL_OPENAT 1
| #define GNULIB_FD_SAFER_FLAG 1
| #define FLEXIBLE_ARRAY_MEMBER /**/
| #define GNULIB_TEST_FSTAT 1
| #define GNULIB_TEST_FSTATAT 1
| #define GNULIB_TEST_GETCWD 1
| #define GNULIB_TEST_GETDTABLESIZE 1
| #define HAVE_GETGROUPS 1
| #define GNULIB_TEST_GETGROUPS 1
| #define HAVE_DECL_PROGRAM_INVOCATION_NAME 1
| #define HAVE_DECL_PROGRAM_INVOCATION_SHORT_NAME 1
| #define HAVE_DECL___ARGV 0
| #define GETTIMEOFDAY_TIMEZONE void
| #define GNULIB_TEST_GETTIMEOFDAY 1
| #define GNULIB_TEST_GROUP_MEMBER 1
| #define HAVE_LCHOWN 1
| #define GNULIB_TEST_LCHOWN 1
| #define GNULIB_TEST_LSTAT 1
| #define HAVE_MALLOC_GNU 1
| #define GNULIB_MALLOC_GNU 1
| #define HAVE_MALLOC_POSIX 1
| #define GNULIB_TEST_MALLOC_POSIX 1
| #define C_LOCALE_MAYBE_EILSEQ 1
| #define GNULIB_TEST_MBRTOWC 1
| #define GNULIB_TEST_MBSINIT 1
| #define GNULIB_TEST_MEMCHR 1
| #define HAVE_MEMPCPY 1
| #define GNULIB_TEST_MEMPCPY 1
| #define HAVE_MEMRCHR 1
| #define GNULIB_TEST_MEMRCHR 1
| #define GNULIB_TEST_MKDIRAT 1
| #define GNULIB_TEST_MKTIME 1
| #define NEED_MKTIME_INTERNAL 1
| #define GNULIB_MSVC_NOTHROW 1
| #define my_strftime nstrftime
| #define GNULIB_TEST_OPEN 1
| #define GNULIB_OPENAT 1
| #define GNULIB_TEST_OPENAT 1
| #define HAVE_OPENDIR 1
| #define GNULIB_TEST_OPENDIR 1
| #define HAVE_STRUCT_TM_TM_ZONE 1
| #define HAVE_TM_ZONE 1
| #define HAVE_DECL_PROGRAM_INVOCATION_NAME 1
| #define HAVE_DECL_PROGRAM_INVOCATION_SHORT_NAME 1
| #define HAVE_RAISE 1
| #define GNULIB_TEST_RAISE 1
| #define HAVE_READDIR 1
| #define GNULIB_TEST_READDIR 1
| #define GNULIB_TEST_READLINK 1
| #define GNULIB_TEST_READLINKAT 1
| #define HAVE_REALLOC_GNU 1
| #define GNULIB_REALLOC_GNU 1
| #define HAVE_REALLOC_POSIX 1
| #define GNULIB_TEST_REALLOC_POSIX 1
| #define GNULIB_TEST_RENAME 1
| #define HAVE_LINUX_FS_H 1
| #define GNULIB_TEST_RENAMEAT 1
| #define HAVE_LINUX_FS_H 1
| #define GNULIB_TEST_RMDIR 1
| #define GNULIB_TEST_SETENV 1
| #define HAVE_RAW_DECL_PTHREAD_SIGMASK 1
| #define HAVE_RAW_DECL_SIGACTION 1
| #define HAVE_RAW_DECL_SIGADDSET 1
| #define HAVE_RAW_DECL_SIGDELSET 1
| #define HAVE_RAW_DECL_SIGEMPTYSET 1
| #define HAVE_RAW_DECL_SIGFILLSET 1
| #define HAVE_RAW_DECL_SIGISMEMBER 1
| #define HAVE_RAW_DECL_SIGPENDING 1
| #define HAVE_RAW_DECL_SIGPROCMASK 1
| #define HAVE_STDINT_H 1
| #define GNULIB_TEST_STAT 1
| #define HAVE_STRUCT_STAT_ST_ATIM_TV_NSEC 1
| #define TYPEOF_STRUCT_STAT_ST_ATIM_IS_STRUCT_TIMESPEC 1
| /* end confdefs.h.  */
| #include <sys/types.h>
|         #include <sys/stat.h>
| 
| int
| main (void)
| {
| static struct stat ac_aggr;
| if (sizeof ac_aggr.st_birthtimensec)
| return 0;
|   ;
|   return 0;
| }
configure:22828: result: no
configure:22838: checking for struct stat.st_birthtim.tv_nsec
configure:22838: gcc  -c -isystem/home/ubuntu/yocto/rpi-build/tmp/work/x86_64-linux/patch-native/2.7.6-r0/recipe-sysroot-native/usr/include -O2 -pipe -isystem/home/ubuntu/yocto/rpi-build/tmp/work/x86_64-linux/patch-native/2.7.6-r0/recipe-sysroot-native/usr/include conftest.c >&5
conftest.c: In function 'main':
conftest.c:314:12: error: 'struct stat' has no member named 'st_birthtim'
  314 | if (ac_aggr.st_birthtim.tv_nsec)
      |            ^
configure:22838: $? = 1
configure: failed program was:
| /* confdefs.h */
| #define PACKAGE_NAME "GNU patch"
| #define PACKAGE_TARNAME "patch"
| #define PACKAGE_VERSION "2.7.6"
| #define PACKAGE_STRING "GNU patch 2.7.6"
| #define PACKAGE_BUGREPORT "bug-patch@gnu.org"
| #define PACKAGE_URL "https://www.gnu.org/software/patch/"
| #define PACKAGE "patch"
| #define VERSION "2.7.6"
| #define HAVE_STDIO_H 1
| #define HAVE_STDLIB_H 1
| #define HAVE_STRING_H 1
| #define HAVE_INTTYPES_H 1
| #define HAVE_STDINT_H 1
| #define HAVE_STRINGS_H 1
| #define HAVE_SYS_STAT_H 1
| #define HAVE_SYS_TYPES_H 1
| #define HAVE_UNISTD_H 1
| #define HAVE_SYS_PARAM_H 1
| #define HAVE_SYS_SOCKET_H 1
| #define HAVE_DIRENT_H 1
| #define HAVE_GETOPT_H 1
| #define HAVE_SYS_CDEFS_H 1
| #define HAVE_SYS_TIME_H 1
| #define HAVE_LIMITS_H 1
| #define HAVE_WCHAR_H 1
| #define HAVE_SYS_MMAN_H 1
| #define HAVE_UTIME_H 1
| #define HAVE_FEATURES_H 1
| #define HAVE_WCTYPE_H 1
| #define STDC_HEADERS 1
| #define __EXTENSIONS__ 1
| #define _ALL_SOURCE 1
| #define _DARWIN_C_SOURCE 1
| #define _GNU_SOURCE 1
| #define _NETBSD_SOURCE 1
| #define _OPENBSD_SOURCE 1
| #define _POSIX_PTHREAD_SEMANTICS 1
| #define __STDC_WANT_IEC_60559_ATTRIBS_EXT__ 1
| #define __STDC_WANT_IEC_60559_BFP_EXT__ 1
| #define __STDC_WANT_IEC_60559_DFP_EXT__ 1
| #define __STDC_WANT_IEC_60559_FUNCS_EXT__ 1
| #define __STDC_WANT_IEC_60559_TYPES_EXT__ 1
| #define __STDC_WANT_LIB_EXT2__ 1
| #define __STDC_WANT_MATH_SPEC_FUNCS__ 1
| #define _TANDEM_SOURCE 1
| #define _HPUX_ALT_XOPEN_SOCKET_API 1
| #define HAVE_ALLOCA_H 1
| #define HAVE_ALLOCA 1
| #define D_INO_IN_DIRENT 1
| #define HAVE_LONG_FILE_NAMES 1
| #define HAVE_PATHCONF 1
| #define HAVE_CANONICALIZE_FILE_NAME 1
| #define HAVE_GETCWD 1
| #define HAVE_READLINK 1
| #define HAVE_REALPATH 1
| #define HAVE_CHOWN 1
| #define HAVE_FCHOWN 1
| #define HAVE_FCHDIR 1
| #define HAVE_FDOPENDIR 1
| #define HAVE_FACCESSAT 1
| #define HAVE_FCHMODAT 1
| #define HAVE_LCHMOD 1
| #define HAVE_FCNTL 1
| #define HAVE_SYMLINK 1
| #define HAVE_MEMPCPY 1
| #define HAVE_FSTATAT 1
| #define HAVE_GETDTABLESIZE 1
| #define HAVE_GETTIMEOFDAY 1
| #define HAVE_LSTAT 1
| #define HAVE_MBSINIT 1
| #define HAVE_MBRTOWC 1
| #define HAVE_MPROTECT 1
| #define HAVE_MKDIRAT 1
| #define HAVE_TZSET 1
| #define HAVE_OPENAT 1
| #define HAVE_READLINKAT 1
| #define HAVE_LINK 1
| #define HAVE_RENAMEAT 1
| #define HAVE_SETENV 1
| #define HAVE_STRDUP 1
| #define HAVE_STRNDUP 1
| #define HAVE_SYMLINKAT 1
| #define HAVE_LOCALTIME_R 1
| #define HAVE_TIMEGM 1
| #define HAVE_PIPE 1
| #define HAVE_UNLINKAT 1
| #define HAVE_UTIME 1
| #define HAVE_FUTIMES 1
| #define HAVE_FUTIMESAT 1
| #define HAVE_FUTIMENS 1
| #define HAVE_UTIMENSAT 1
| #define HAVE_LUTIMES 1
| #define HAVE_SNPRINTF 1
| #define HAVE_ISWCNTRL 1
| #define FUNC_REALPATH_WORKS 1
| #define HAVE_UNISTD_H 1
| #define HAVE_CHOWN 1
| #define HAVE_ENVIRON_DECL 1
| #define HAVE_DECL_STRERROR_R 1
| #define HAVE_STRERROR_R 1
| #define STRERROR_R_CHAR_P 1
| #define GETGROUPS_T gid_t
| #define LSTAT_FOLLOWS_SLASHED_SYMLINK 1
| #define HAVE_DECL_FCHDIR 1
| #define HAVE_WORKING_O_NOATIME 1
| #define HAVE_WORKING_O_NOFOLLOW 1
| #define HAVE_RAW_DECL_FCHMODAT 1
| #define HAVE_RAW_DECL_FSTAT 1
| #define HAVE_RAW_DECL_FSTATAT 1
| #define HAVE_RAW_DECL_FUTIMENS 1
| #define HAVE_RAW_DECL_LCHMOD 1
| #define HAVE_RAW_DECL_LSTAT 1
| #define HAVE_RAW_DECL_MKDIRAT 1
| #define HAVE_RAW_DECL_MKFIFO 1
| #define HAVE_RAW_DECL_MKFIFOAT 1
| #define HAVE_RAW_DECL_MKNOD 1
| #define HAVE_RAW_DECL_MKNODAT 1
| #define HAVE_RAW_DECL_STAT 1
| #define HAVE_RAW_DECL_UTIMENSAT 1
| #define HAVE_DECL_GETDTABLESIZE 1
| #define HAVE_GETOPT_H 1
| #define HAVE_GETOPT_LONG_ONLY 1
| #define restrict __restrict
| #define HAVE_RAW_DECL_GETTIMEOFDAY 1
| #define HAVE_WINT_T 1
| #define HAVE_UNSIGNED_LONG_LONG_INT 1
| #define HAVE_LONG_LONG_INT 1
| #define HAVE_RAW_DECL_IMAXABS 1
| #define HAVE_RAW_DECL_IMAXDIV 1
| #define HAVE_RAW_DECL_STRTOIMAX 1
| #define HAVE_RAW_DECL_STRTOUMAX 1
| #define HAVE_INTTYPES_H 1
| #define HAVE_LANGINFO_CODESET 1
| #define HAVE_DECL_GETC_UNLOCKED 1
| #define MALLOC_0_IS_NONNULL 1
| #define HAVE_MBSTATE_T 1
| #define HAVE_MAP_ANONYMOUS 1
| #define HAVE_DECL_MEMRCHR 1
| #define HAVE_MINMAX_IN_SYS_PARAM_H 1
| #define TIME_T_IS_SIGNED 1
| #define HAVE_DECL_ALARM 1
| #define HAVE_STRUCT_TM_TM_ZONE 1
| #define HAVE_TM_ZONE 1
| #define HAVE_TM_GMTOFF 1
| #define PROMOTED_MODE_T mode_t
| #define HAVE__BOOL 1
| #define HAVE_COMPOUND_LITERALS 1
| #define HAVE_DECL_SETENV 1
| #define HAVE_SEARCH_H 1
| #define HAVE_TSEARCH 1
| #define HAVE_SIGSET_T 1
| #define HAVE_WCHAR_T 1
| #define HAVE_DECL_STRDUP 1
| #define HAVE_RAW_DECL_FFSL 1
| #define HAVE_RAW_DECL_FFSLL 1
| #define HAVE_RAW_DECL_MEMMEM 1
| #define HAVE_RAW_DECL_MEMPCPY 1
| #define HAVE_RAW_DECL_MEMRCHR 1
| #define HAVE_RAW_DECL_RAWMEMCHR 1
| #define HAVE_RAW_DECL_STPCPY 1
| #define HAVE_RAW_DECL_STPNCPY 1
| #define HAVE_RAW_DECL_STRCHRNUL 1
| #define HAVE_RAW_DECL_STRDUP 1
| #define HAVE_RAW_DECL_STRNCAT 1
| #define HAVE_RAW_DECL_STRNDUP 1
| #define HAVE_RAW_DECL_STRNLEN 1
| #define HAVE_RAW_DECL_STRPBRK 1
| #define HAVE_RAW_DECL_STRSEP 1
| #define HAVE_RAW_DECL_STRCASESTR 1
| #define HAVE_RAW_DECL_STRTOK_R 1
| #define HAVE_RAW_DECL_STRERROR_R 1
| #define HAVE_RAW_DECL_STRSIGNAL 1
| #define HAVE_RAW_DECL_STRVERSCMP 1
| #define HAVE_DECL_STRNDUP 1
| #define HAVE_DECL_STRNLEN 1
| #define _USE_STD_STAT 1
| #define HAVE_DECL_UNSETENV 1
| #define HAVE_WORKING_UTIMES 1
| #define HAVE_INTTYPES_H_WITH_UINTMAX 1
| #define HAVE_STDINT_H_WITH_UINTMAX 1
| #define HAVE_INTMAX_T 1
| #define DBL_EXPBIT0_WORD 1
| #define DBL_EXPBIT0_BIT 20
| #define HAVE_SNPRINTF 1
| #define HAVE_STRNLEN 1
| #define HAVE_WCSLEN 1
| #define HAVE_WCSNLEN 1
| #define HAVE_MBRTOWC 1
| #define HAVE_WCRTOMB 1
| #define HAVE_DECL__SNPRINTF 0
| #define HAVE_SNPRINTF_RETVAL_C99 1
| #define HAVE_ALLOCA 1
| #define GNULIB_CANONICALIZE_LGPL 1
| #define GNULIB_TEST_CANONICALIZE_FILE_NAME 1
| #define GNULIB_TEST_REALPATH 1
| #define GNULIB_TEST_CHDIR 1
| #define GNULIB_TEST_CHOWN 1
| #define HAVE_CLOCK_GETTIME 1
| #define HAVE_CLOCK_SETTIME 1
| #define GNULIB_TEST_CLOEXEC 1
| #define GNULIB_TEST_CLOSE 1
| #define HAVE_CLOSEDIR 1
| #define GNULIB_TEST_CLOSEDIR 1
| #define D_INO_IN_DIRENT 1
| #define HAVE_RAW_DECL_ALPHASORT 1
| #define HAVE_RAW_DECL_CLOSEDIR 1
| #define HAVE_RAW_DECL_DIRFD 1
| #define HAVE_RAW_DECL_FDOPENDIR 1
| #define HAVE_RAW_DECL_OPENDIR 1
| #define HAVE_RAW_DECL_READDIR 1
| #define HAVE_RAW_DECL_REWINDDIR 1
| #define HAVE_RAW_DECL_SCANDIR 1
| #define GNULIB_DIRENT_SAFER 1
| #define HAVE_DIRFD 1
| #define HAVE_DECL_DIRFD 1
| #define GNULIB_TEST_DIRFD 1
| #define GNULIB_DIRNAME 1
| #define HAVE_DUP2 1
| #define GNULIB_TEST_DUP2 1
| #define GNULIB_TEST_ENVIRON 1
| #define HAVE_EUIDACCESS 1
| #define GNULIB_TEST_EUIDACCESS 1
| #define GNULIB_FACCESSAT 1
| #define GNULIB_TEST_FACCESSAT 1
| #define GNULIB_TEST_FCHDIR 1
| #define GNULIB_FCHMODAT 1
| #define GNULIB_TEST_FCHMODAT 1
| #define GNULIB_FCHOWNAT 1
| #define GNULIB_TEST_FCHOWNAT 1
| #define GNULIB_TEST_FCNTL 1
| #define HAVE_RAW_DECL_FCNTL 1
| #define HAVE_RAW_DECL_OPENAT 1
| #define GNULIB_FD_SAFER_FLAG 1
| #define FLEXIBLE_ARRAY_MEMBER /**/
| #define GNULIB_TEST_FSTAT 1
| #define GNULIB_TEST_FSTATAT 1
| #define GNULIB_TEST_GETCWD 1
| #define GNULIB_TEST_GETDTABLESIZE 1
| #define HAVE_GETGROUPS 1
| #define GNULIB_TEST_GETGROUPS 1
| #define HAVE_DECL_PROGRAM_INVOCATION_NAME 1
| #define HAVE_DECL_PROGRAM_INVOCATION_SHORT_NAME 1
| #define HAVE_DECL___ARGV 0
| #define GETTIMEOFDAY_TIMEZONE void
| #define GNULIB_TEST_GETTIMEOFDAY 1
| #define GNULIB_TEST_GROUP_MEMBER 1
| #define HAVE_LCHOWN 1
| #define GNULIB_TEST_LCHOWN 1
| #define GNULIB_TEST_LSTAT 1
| #define HAVE_MALLOC_GNU 1
| #define GNULIB_MALLOC_GNU 1
| #define HAVE_MALLOC_POSIX 1
| #define GNULIB_TEST_MALLOC_POSIX 1
| #define C_LOCALE_MAYBE_EILSEQ 1
| #define GNULIB_TEST_MBRTOWC 1
| #define GNULIB_TEST_MBSINIT 1
| #define GNULIB_TEST_MEMCHR 1
| #define HAVE_MEMPCPY 1
| #define GNULIB_TEST_MEMPCPY 1
| #define HAVE_MEMRCHR 1
| #define GNULIB_TEST_MEMRCHR 1
| #define GNULIB_TEST_MKDIRAT 1
| #define GNULIB_TEST_MKTIME 1
| #define NEED_MKTIME_INTERNAL 1
| #define GNULIB_MSVC_NOTHROW 1
| #define my_strftime nstrftime
| #define GNULIB_TEST_OPEN 1
| #define GNULIB_OPENAT 1
| #define GNULIB_TEST_OPENAT 1
| #define HAVE_OPENDIR 1
| #define GNULIB_TEST_OPENDIR 1
| #define HAVE_STRUCT_TM_TM_ZONE 1
| #define HAVE_TM_ZONE 1
| #define HAVE_DECL_PROGRAM_INVOCATION_NAME 1
| #define HAVE_DECL_PROGRAM_INVOCATION_SHORT_NAME 1
| #define HAVE_RAISE 1
| #define GNULIB_TEST_RAISE 1
| #define HAVE_READDIR 1
| #define GNULIB_TEST_READDIR 1
| #define GNULIB_TEST_READLINK 1
| #define GNULIB_TEST_READLINKAT 1
| #define HAVE_REALLOC_GNU 1
| #define GNULIB_REALLOC_GNU 1
| #define HAVE_REALLOC_POSIX 1
| #define GNULIB_TEST_REALLOC_POSIX 1
| #define GNULIB_TEST_RENAME 1
| #define HAVE_LINUX_FS_H 1
| #define GNULIB_TEST_RENAMEAT 1
| #define HAVE_LINUX_FS_H 1
| #define GNULIB_TEST_RMDIR 1
| #define GNULIB_TEST_SETENV 1
| #define HAVE_RAW_DECL_PTHREAD_SIGMASK 1
| #define HAVE_RAW_DECL_SIGACTION 1
| #define HAVE_RAW_DECL_SIGADDSET 1
| #define HAVE_RAW_DECL_SIGDELSET 1
| #define HAVE_RAW_DECL_SIGEMPTYSET 1
| #define HAVE_RAW_DECL_SIGFILLSET 1
| #define HAVE_RAW_DECL_SIGISMEMBER 1
| #define HAVE_RAW_DECL_SIGPENDING 1
| #define HAVE_RAW_DECL_SIGPROCMASK 1
| #define HAVE_STDINT_H 1
| #define GNULIB_TEST_STAT 1
| #define HAVE_STRUCT_STAT_ST_ATIM_TV_NSEC 1
| #define TYPEOF_STRUCT_STAT_ST_ATIM_IS_STRUCT_TIMESPEC 1
| /* end confdefs.h.  */
| #include <sys/types.h>
|           #include <sys/stat.h>
| 
| int
| main (void)
| {
| static struct stat ac_aggr;
| if (ac_aggr.st_birthtim.tv_nsec)
| return 0;
|   ;
|   return 0;
| }
configure:22838: gcc  -c -isystem/home/ubuntu/yocto/rpi-build/tmp/work/x86_64-linux/patch-native/2.7.6-r0/recipe-sysroot-native/usr/include -O2 -pipe -isystem/home/ubuntu/yocto/rpi-build/tmp/work/x86_64-linux/patch-native/2.7.6-r0/recipe-sysroot-native/usr/include conftest.c >&5
conftest.c: In function 'main':
conftest.c:314:19: error: 'struct stat' has no member named 'st_birthtim'
  314 | if (sizeof ac_aggr.st_birthtim.tv_nsec)
      |                   ^
configure:22838: $? = 1
configure: failed program was:
| /* confdefs.h */
| #define PACKAGE_NAME "GNU patch"
| #define PACKAGE_TARNAME "patch"
| #define PACKAGE_VERSION "2.7.6"
| #define PACKAGE_STRING "GNU patch 2.7.6"
| #define PACKAGE_BUGREPORT "bug-patch@gnu.org"
| #define PACKAGE_URL "https://www.gnu.org/software/patch/"
| #define PACKAGE "patch"
| #define VERSION "2.7.6"
| #define HAVE_STDIO_H 1
| #define HAVE_STDLIB_H 1
| #define HAVE_STRING_H 1
| #define HAVE_INTTYPES_H 1
| #define HAVE_STDINT_H 1
| #define HAVE_STRINGS_H 1
| #define HAVE_SYS_STAT_H 1
| #define HAVE_SYS_TYPES_H 1
| #define HAVE_UNISTD_H 1
| #define HAVE_SYS_PARAM_H 1
| #define HAVE_SYS_SOCKET_H 1
| #define HAVE_DIRENT_H 1
| #define HAVE_GETOPT_H 1
| #define HAVE_SYS_CDEFS_H 1
| #define HAVE_SYS_TIME_H 1
| #define HAVE_LIMITS_H 1
| #define HAVE_WCHAR_H 1
| #define HAVE_SYS_MMAN_H 1
| #define HAVE_UTIME_H 1
| #define HAVE_FEATURES_H 1
| #define HAVE_WCTYPE_H 1
| #define STDC_HEADERS 1
| #define __EXTENSIONS__ 1
| #define _ALL_SOURCE 1
| #define _DARWIN_C_SOURCE 1
| #define _GNU_SOURCE 1
| #define _NETBSD_SOURCE 1
| #define _OPENBSD_SOURCE 1
| #define _POSIX_PTHREAD_SEMANTICS 1
| #define __STDC_WANT_IEC_60559_ATTRIBS_EXT__ 1
| #define __STDC_WANT_IEC_60559_BFP_EXT__ 1
| #define __STDC_WANT_IEC_60559_DFP_EXT__ 1
| #define __STDC_WANT_IEC_60559_FUNCS_EXT__ 1
| #define __STDC_WANT_IEC_60559_TYPES_EXT__ 1
| #define __STDC_WANT_LIB_EXT2__ 1
| #define __STDC_WANT_MATH_SPEC_FUNCS__ 1
| #define _TANDEM_SOURCE 1
| #define _HPUX_ALT_XOPEN_SOCKET_API 1
| #define HAVE_ALLOCA_H 1
| #define HAVE_ALLOCA 1
| #define D_INO_IN_DIRENT 1
| #define HAVE_LONG_FILE_NAMES 1
| #define HAVE_PATHCONF 1
| #define HAVE_CANONICALIZE_FILE_NAME 1
| #define HAVE_GETCWD 1
| #define HAVE_READLINK 1
| #define HAVE_REALPATH 1
| #define HAVE_CHOWN 1
| #define HAVE_FCHOWN 1
| #define HAVE_FCHDIR 1
| #define HAVE_FDOPENDIR 1
| #define HAVE_FACCESSAT 1
| #define HAVE_FCHMODAT 1
| #define HAVE_LCHMOD 1
| #define HAVE_FCNTL 1
| #define HAVE_SYMLINK 1
| #define HAVE_MEMPCPY 1
| #define HAVE_FSTATAT 1
| #define HAVE_GETDTABLESIZE 1
| #define HAVE_GETTIMEOFDAY 1
| #define HAVE_LSTAT 1
| #define HAVE_MBSINIT 1
| #define HAVE_MBRTOWC 1
| #define HAVE_MPROTECT 1
| #define HAVE_MKDIRAT 1
| #define HAVE_TZSET 1
| #define HAVE_OPENAT 1
| #define HAVE_READLINKAT 1
| #define HAVE_LINK 1
| #define HAVE_RENAMEAT 1
| #define HAVE_SETENV 1
| #define HAVE_STRDUP 1
| #define HAVE_STRNDUP 1
| #define HAVE_SYMLINKAT 1
| #define HAVE_LOCALTIME_R 1
| #define HAVE_TIMEGM 1
| #define HAVE_PIPE 1
| #define HAVE_UNLINKAT 1
| #define HAVE_UTIME 1
| #define HAVE_FUTIMES 1
| #define HAVE_FUTIMESAT 1
| #define HAVE_FUTIMENS 1
| #define HAVE_UTIMENSAT 1
| #define HAVE_LUTIMES 1
| #define HAVE_SNPRINTF 1
| #define HAVE_ISWCNTRL 1
| #define FUNC_REALPATH_WORKS 1
| #define HAVE_UNISTD_H 1
| #define HAVE_CHOWN 1
| #define HAVE_ENVIRON_DECL 1
| #define HAVE_DECL_STRERROR_R 1
| #define HAVE_STRERROR_R 1
| #define STRERROR_R_CHAR_P 1
| #define GETGROUPS_T gid_t
| #define LSTAT_FOLLOWS_SLASHED_SYMLINK 1
| #define HAVE_DECL_FCHDIR 1
| #define HAVE_WORKING_O_NOATIME 1
| #define HAVE_WORKING_O_NOFOLLOW 1
| #define HAVE_RAW_DECL_FCHMODAT 1
| #define HAVE_RAW_DECL_FSTAT 1
| #define HAVE_RAW_DECL_FSTATAT 1
| #define HAVE_RAW_DECL_FUTIMENS 1
| #define HAVE_RAW_DECL_LCHMOD 1
| #define HAVE_RAW_DECL_LSTAT 1
| #define HAVE_RAW_DECL_MKDIRAT 1
| #define HAVE_RAW_DECL_MKFIFO 1
| #define HAVE_RAW_DECL_MKFIFOAT 1
| #define HAVE_RAW_DECL_MKNOD 1
| #define HAVE_RAW_DECL_MKNODAT 1
| #define HAVE_RAW_DECL_STAT 1
| #define HAVE_RAW_DECL_UTIMENSAT 1
| #define HAVE_DECL_GETDTABLESIZE 1
| #define HAVE_GETOPT_H 1
| #define HAVE_GETOPT_LONG_ONLY 1
| #define restrict __restrict
| #define HAVE_RAW_DECL_GETTIMEOFDAY 1
| #define HAVE_WINT_T 1
| #define HAVE_UNSIGNED_LONG_LONG_INT 1
| #define HAVE_LONG_LONG_INT 1
| #define HAVE_RAW_DECL_IMAXABS 1
| #define HAVE_RAW_DECL_IMAXDIV 1
| #define HAVE_RAW_DECL_STRTOIMAX 1
| #define HAVE_RAW_DECL_STRTOUMAX 1
| #define HAVE_INTTYPES_H 1
| #define HAVE_LANGINFO_CODESET 1
| #define HAVE_DECL_GETC_UNLOCKED 1
| #define MALLOC_0_IS_NONNULL 1
| #define HAVE_MBSTATE_T 1
| #define HAVE_MAP_ANONYMOUS 1
| #define HAVE_DECL_MEMRCHR 1
| #define HAVE_MINMAX_IN_SYS_PARAM_H 1
| #define TIME_T_IS_SIGNED 1
| #define HAVE_DECL_ALARM 1
| #define HAVE_STRUCT_TM_TM_ZONE 1
| #define HAVE_TM_ZONE 1
| #define HAVE_TM_GMTOFF 1
| #define PROMOTED_MODE_T mode_t
| #define HAVE__BOOL 1
| #define HAVE_COMPOUND_LITERALS 1
| #define HAVE_DECL_SETENV 1
| #define HAVE_SEARCH_H 1
| #define HAVE_TSEARCH 1
| #define HAVE_SIGSET_T 1
| #define HAVE_WCHAR_T 1
| #define HAVE_DECL_STRDUP 1
| #define HAVE_RAW_DECL_FFSL 1
| #define HAVE_RAW_DECL_FFSLL 1
| #define HAVE_RAW_DECL_MEMMEM 1
| #define HAVE_RAW_DECL_MEMPCPY 1
| #define HAVE_RAW_DECL_MEMRCHR 1
| #define HAVE_RAW_DECL_RAWMEMCHR 1
| #define HAVE_RAW_DECL_STPCPY 1
| #define HAVE_RAW_DECL_STPNCPY 1
| #define HAVE_RAW_DECL_STRCHRNUL 1
| #define HAVE_RAW_DECL_STRDUP 1
| #define HAVE_RAW_DECL_STRNCAT 1
| #define HAVE_RAW_DECL_STRNDUP 1
| #define HAVE_RAW_DECL_STRNLEN 1
| #define HAVE_RAW_DECL_STRPBRK 1
| #define HAVE_RAW_DECL_STRSEP 1
| #define HAVE_RAW_DECL_STRCASESTR 1
| #define HAVE_RAW_DECL_STRTOK_R 1
| #define HAVE_RAW_DECL_STRERROR_R 1
| #define HAVE_RAW_DECL_STRSIGNAL 1
| #define HAVE_RAW_DECL_STRVERSCMP 1
| #define HAVE_DECL_STRNDUP 1
| #define HAVE_DECL_STRNLEN 1
| #define _USE_STD_STAT 1
| #define HAVE_DECL_UNSETENV 1
| #define HAVE_WORKING_UTIMES 1
| #define HAVE_INTTYPES_H_WITH_UINTMAX 1
| #define HAVE_STDINT_H_WITH_UINTMAX 1
| #define HAVE_INTMAX_T 1
| #define DBL_EXPBIT0_WORD 1
| #define DBL_EXPBIT0_BIT 20
| #define HAVE_SNPRINTF 1
| #define HAVE_STRNLEN 1
| #define HAVE_WCSLEN 1
| #define HAVE_WCSNLEN 1
| #define HAVE_MBRTOWC 1
| #define HAVE_WCRTOMB 1
| #define HAVE_DECL__SNPRINTF 0
| #define HAVE_SNPRINTF_RETVAL_C99 1
| #define HAVE_ALLOCA 1
| #define GNULIB_CANONICALIZE_LGPL 1
| #define GNULIB_TEST_CANONICALIZE_FILE_NAME 1
| #define GNULIB_TEST_REALPATH 1
| #define GNULIB_TEST_CHDIR 1
| #define GNULIB_TEST_CHOWN 1
| #define HAVE_CLOCK_GETTIME 1
| #define HAVE_CLOCK_SETTIME 1
| #define GNULIB_TEST_CLOEXEC 1
| #define GNULIB_TEST_CLOSE 1
| #define HAVE_CLOSEDIR 1
| #define GNULIB_TEST_CLOSEDIR 1
| #define D_INO_IN_DIRENT 1
| #define HAVE_RAW_DECL_ALPHASORT 1
| #define HAVE_RAW_DECL_CLOSEDIR 1
| #define HAVE_RAW_DECL_DIRFD 1
| #define HAVE_RAW_DECL_FDOPENDIR 1
| #define HAVE_RAW_DECL_OPENDIR 1
| #define HAVE_RAW_DECL_READDIR 1
| #define HAVE_RAW_DECL_REWINDDIR 1
| #define HAVE_RAW_DECL_SCANDIR 1
| #define GNULIB_DIRENT_SAFER 1
| #define HAVE_DIRFD 1
| #define HAVE_DECL_DIRFD 1
| #define GNULIB_TEST_DIRFD 1
| #define GNULIB_DIRNAME 1
| #define HAVE_DUP2 1
| #define GNULIB_TEST_DUP2 1
| #define GNULIB_TEST_ENVIRON 1
| #define HAVE_EUIDACCESS 1
| #define GNULIB_TEST_EUIDACCESS 1
| #define GNULIB_FACCESSAT 1
| #define GNULIB_TEST_FACCESSAT 1
| #define GNULIB_TEST_FCHDIR 1
| #define GNULIB_FCHMODAT 1
| #define GNULIB_TEST_FCHMODAT 1
| #define GNULIB_FCHOWNAT 1
| #define GNULIB_TEST_FCHOWNAT 1
| #define GNULIB_TEST_FCNTL 1
| #define HAVE_RAW_DECL_FCNTL 1
| #define HAVE_RAW_DECL_OPENAT 1
| #define GNULIB_FD_SAFER_FLAG 1
| #define FLEXIBLE_ARRAY_MEMBER /**/
| #define GNULIB_TEST_FSTAT 1
| #define GNULIB_TEST_FSTATAT 1
| #define GNULIB_TEST_GETCWD 1
| #define GNULIB_TEST_GETDTABLESIZE 1
| #define HAVE_GETGROUPS 1
| #define GNULIB_TEST_GETGROUPS 1
| #define HAVE_DECL_PROGRAM_INVOCATION_NAME 1
| #define HAVE_DECL_PROGRAM_INVOCATION_SHORT_NAME 1
| #define HAVE_DECL___ARGV 0
| #define GETTIMEOFDAY_TIMEZONE void
| #define GNULIB_TEST_GETTIMEOFDAY 1
| #define GNULIB_TEST_GROUP_MEMBER 1
| #define HAVE_LCHOWN 1
| #define GNULIB_TEST_LCHOWN 1
| #define GNULIB_TEST_LSTAT 1
| #define HAVE_MALLOC_GNU 1
| #define GNULIB_MALLOC_GNU 1
| #define HAVE_MALLOC_POSIX 1
| #define GNULIB_TEST_MALLOC_POSIX 1
| #define C_LOCALE_MAYBE_EILSEQ 1
| #define GNULIB_TEST_MBRTOWC 1
| #define GNULIB_TEST_MBSINIT 1
| #define GNULIB_TEST_MEMCHR 1
| #define HAVE_MEMPCPY 1
| #define GNULIB_TEST_MEMPCPY 1
| #define HAVE_MEMRCHR 1
| #define GNULIB_TEST_MEMRCHR 1
| #define GNULIB_TEST_MKDIRAT 1
| #define GNULIB_TEST_MKTIME 1
| #define NEED_MKTIME_INTERNAL 1
| #define GNULIB_MSVC_NOTHROW 1
| #define my_strftime nstrftime
| #define GNULIB_TEST_OPEN 1
| #define GNULIB_OPENAT 1
| #define GNULIB_TEST_OPENAT 1
| #define HAVE_OPENDIR 1
| #define GNULIB_TEST_OPENDIR 1
| #define HAVE_STRUCT_TM_TM_ZONE 1
| #define HAVE_TM_ZONE 1
| #define HAVE_DECL_PROGRAM_INVOCATION_NAME 1
| #define HAVE_DECL_PROGRAM_INVOCATION_SHORT_NAME 1
| #define HAVE_RAISE 1
| #define GNULIB_TEST_RAISE 1
| #define HAVE_READDIR 1
| #define GNULIB_TEST_READDIR 1
| #define GNULIB_TEST_READLINK 1
| #define GNULIB_TEST_READLINKAT 1
| #define HAVE_REALLOC_GNU 1
| #define GNULIB_REALLOC_GNU 1
| #define HAVE_REALLOC_POSIX 1
| #define GNULIB_TEST_REALLOC_POSIX 1
| #define GNULIB_TEST_RENAME 1
| #define HAVE_LINUX_FS_H 1
| #define GNULIB_TEST_RENAMEAT 1
| #define HAVE_LINUX_FS_H 1
| #define GNULIB_TEST_RMDIR 1
| #define GNULIB_TEST_SETENV 1
| #define HAVE_RAW_DECL_PTHREAD_SIGMASK 1
| #define HAVE_RAW_DECL_SIGACTION 1
| #define HAVE_RAW_DECL_SIGADDSET 1
| #define HAVE_RAW_DECL_SIGDELSET 1
| #define HAVE_RAW_DECL_SIGEMPTYSET 1
| #define HAVE_RAW_DECL_SIGFILLSET 1
| #define HAVE_RAW_DECL_SIGISMEMBER 1
| #define HAVE_RAW_DECL_SIGPENDING 1
| #define HAVE_RAW_DECL_SIGPROCMASK 1
| #define HAVE_STDINT_H 1
| #define GNULIB_TEST_STAT 1
| #define HAVE_STRUCT_STAT_ST_ATIM_TV_NSEC 1
| #define TYPEOF_STRUCT_STAT_ST_ATIM_IS_STRUCT_TIMESPEC 1
| /* end confdefs.h.  */
| #include <sys/types.h>
|           #include <sys/stat.h>
| 
| int
| main (void)
| {
| static struct stat ac_aggr;
| if (sizeof ac_aggr.st_birthtim.tv_nsec)
| return 0;
|   ;
|   return 0;
| }
configure:22838: result: no
configure:22861: checking for va_copy
configure:22883: gcc  -c -isystem/home/ubuntu/yocto/rpi-build/tmp/work/x86_64-linux/patch-native/2.7.6-r0/recipe-sysroot-native/usr/include -O2 -pipe -isystem/home/ubuntu/yocto/rpi-build/tmp/work/x86_64-linux/patch-native/2.7.6-r0/recipe-sysroot-native/usr/include conftest.c >&5
configure:22883: $? = 0
configure:22892: result: yes
configure:23078: checking for max_align_t
configure:23078: gcc  -c -isystem/home/ubuntu/yocto/rpi-build/tmp/work/x86_64-linux/patch-native/2.7.6-r0/recipe-sysroot-native/usr/include -O2 -pipe -isystem/home/ubuntu/yocto/rpi-build/tmp/work/x86_64-linux/patch-native/2.7.6-r0/recipe-sysroot-native/usr/include conftest.c >&5
configure:23078: $? = 0
configure:23078: gcc  -c -isystem/home/ubuntu/yocto/rpi-build/tmp/work/x86_64-linux/patch-native/2.7.6-r0/recipe-sysroot-native/usr/include -O2 -pipe -isystem/home/ubuntu/yocto/rpi-build/tmp/work/x86_64-linux/patch-native/2.7.6-r0/recipe-sysroot-native/usr/include conftest.c >&5
conftest.c: In function 'main':
conftest.c:314:26: error: expected expression before ')' token
  314 | if (sizeof ((max_align_t)))
      |                          ^
configure:23078: $? = 1
configure: failed program was:
| /* confdefs.h */
| #define PACKAGE_NAME "GNU patch"
| #define PACKAGE_TARNAME "patch"
| #define PACKAGE_VERSION "2.7.6"
| #define PACKAGE_STRING "GNU patch 2.7.6"
| #define PACKAGE_BUGREPORT "bug-patch@gnu.org"
| #define PACKAGE_URL "https://www.gnu.org/software/patch/"
| #define PACKAGE "patch"
| #define VERSION "2.7.6"
| #define HAVE_STDIO_H 1
| #define HAVE_STDLIB_H 1
| #define HAVE_STRING_H 1
| #define HAVE_INTTYPES_H 1
| #define HAVE_STDINT_H 1
| #define HAVE_STRINGS_H 1
| #define HAVE_SYS_STAT_H 1
| #define HAVE_SYS_TYPES_H 1
| #define HAVE_UNISTD_H 1
| #define HAVE_SYS_PARAM_H 1
| #define HAVE_SYS_SOCKET_H 1
| #define HAVE_DIRENT_H 1
| #define HAVE_GETOPT_H 1
| #define HAVE_SYS_CDEFS_H 1
| #define HAVE_SYS_TIME_H 1
| #define HAVE_LIMITS_H 1
| #define HAVE_WCHAR_H 1
| #define HAVE_SYS_MMAN_H 1
| #define HAVE_UTIME_H 1
| #define HAVE_FEATURES_H 1
| #define HAVE_WCTYPE_H 1
| #define STDC_HEADERS 1
| #define __EXTENSIONS__ 1
| #define _ALL_SOURCE 1
| #define _DARWIN_C_SOURCE 1
| #define _GNU_SOURCE 1
| #define _NETBSD_SOURCE 1
| #define _OPENBSD_SOURCE 1
| #define _POSIX_PTHREAD_SEMANTICS 1
| #define __STDC_WANT_IEC_60559_ATTRIBS_EXT__ 1
| #define __STDC_WANT_IEC_60559_BFP_EXT__ 1
| #define __STDC_WANT_IEC_60559_DFP_EXT__ 1
| #define __STDC_WANT_IEC_60559_FUNCS_EXT__ 1
| #define __STDC_WANT_IEC_60559_TYPES_EXT__ 1
| #define __STDC_WANT_LIB_EXT2__ 1
| #define __STDC_WANT_MATH_SPEC_FUNCS__ 1
| #define _TANDEM_SOURCE 1
| #define _HPUX_ALT_XOPEN_SOCKET_API 1
| #define HAVE_ALLOCA_H 1
| #define HAVE_ALLOCA 1
| #define D_INO_IN_DIRENT 1
| #define HAVE_LONG_FILE_NAMES 1
| #define HAVE_PATHCONF 1
| #define HAVE_CANONICALIZE_FILE_NAME 1
| #define HAVE_GETCWD 1
| #define HAVE_READLINK 1
| #define HAVE_REALPATH 1
| #define HAVE_CHOWN 1
| #define HAVE_FCHOWN 1
| #define HAVE_FCHDIR 1
| #define HAVE_FDOPENDIR 1
| #define HAVE_FACCESSAT 1
| #define HAVE_FCHMODAT 1
| #define HAVE_LCHMOD 1
| #define HAVE_FCNTL 1
| #define HAVE_SYMLINK 1
| #define HAVE_MEMPCPY 1
| #define HAVE_FSTATAT 1
| #define HAVE_GETDTABLESIZE 1
| #define HAVE_GETTIMEOFDAY 1
| #define HAVE_LSTAT 1
| #define HAVE_MBSINIT 1
| #define HAVE_MBRTOWC 1
| #define HAVE_MPROTECT 1
| #define HAVE_MKDIRAT 1
| #define HAVE_TZSET 1
| #define HAVE_OPENAT 1
| #define HAVE_READLINKAT 1
| #define HAVE_LINK 1
| #define HAVE_RENAMEAT 1
| #define HAVE_SETENV 1
| #define HAVE_STRDUP 1
| #define HAVE_STRNDUP 1
| #define HAVE_SYMLINKAT 1
| #define HAVE_LOCALTIME_R 1
| #define HAVE_TIMEGM 1
| #define HAVE_PIPE 1
| #define HAVE_UNLINKAT 1
| #define HAVE_UTIME 1
| #define HAVE_FUTIMES 1
| #define HAVE_FUTIMESAT 1
| #define HAVE_FUTIMENS 1
| #define HAVE_UTIMENSAT 1
| #define HAVE_LUTIMES 1
| #define HAVE_SNPRINTF 1
| #define HAVE_ISWCNTRL 1
| #define FUNC_REALPATH_WORKS 1
| #define HAVE_UNISTD_H 1
| #define HAVE_CHOWN 1
| #define HAVE_ENVIRON_DECL 1
| #define HAVE_DECL_STRERROR_R 1
| #define HAVE_STRERROR_R 1
| #define STRERROR_R_CHAR_P 1
| #define GETGROUPS_T gid_t
| #define LSTAT_FOLLOWS_SLASHED_SYMLINK 1
| #define HAVE_DECL_FCHDIR 1
| #define HAVE_WORKING_O_NOATIME 1
| #define HAVE_WORKING_O_NOFOLLOW 1
| #define HAVE_RAW_DECL_FCHMODAT 1
| #define HAVE_RAW_DECL_FSTAT 1
| #define HAVE_RAW_DECL_FSTATAT 1
| #define HAVE_RAW_DECL_FUTIMENS 1
| #define HAVE_RAW_DECL_LCHMOD 1
| #define HAVE_RAW_DECL_LSTAT 1
| #define HAVE_RAW_DECL_MKDIRAT 1
| #define HAVE_RAW_DECL_MKFIFO 1
| #define HAVE_RAW_DECL_MKFIFOAT 1
| #define HAVE_RAW_DECL_MKNOD 1
| #define HAVE_RAW_DECL_MKNODAT 1
| #define HAVE_RAW_DECL_STAT 1
| #define HAVE_RAW_DECL_UTIMENSAT 1
| #define HAVE_DECL_GETDTABLESIZE 1
| #define HAVE_GETOPT_H 1
| #define HAVE_GETOPT_LONG_ONLY 1
| #define restrict __restrict
| #define HAVE_RAW_DECL_GETTIMEOFDAY 1
| #define HAVE_WINT_T 1
| #define HAVE_UNSIGNED_LONG_LONG_INT 1
| #define HAVE_LONG_LONG_INT 1
| #define HAVE_RAW_DECL_IMAXABS 1
| #define HAVE_RAW_DECL_IMAXDIV 1
| #define HAVE_RAW_DECL_STRTOIMAX 1
| #define HAVE_RAW_DECL_STRTOUMAX 1
| #define HAVE_INTTYPES_H 1
| #define HAVE_LANGINFO_CODESET 1
| #define HAVE_DECL_GETC_UNLOCKED 1
| #define MALLOC_0_IS_NONNULL 1
| #define HAVE_MBSTATE_T 1
| #define HAVE_MAP_ANONYMOUS 1
| #define HAVE_DECL_MEMRCHR 1
| #define HAVE_MINMAX_IN_SYS_PARAM_H 1
| #define TIME_T_IS_SIGNED 1
| #define HAVE_DECL_ALARM 1
| #define HAVE_STRUCT_TM_TM_ZONE 1
| #define HAVE_TM_ZONE 1
| #define HAVE_TM_GMTOFF 1
| #define PROMOTED_MODE_T mode_t
| #define HAVE__BOOL 1
| #define HAVE_COMPOUND_LITERALS 1
| #define HAVE_DECL_SETENV 1
| #define HAVE_SEARCH_H 1
| #define HAVE_TSEARCH 1
| #define HAVE_SIGSET_T 1
| #define HAVE_WCHAR_T 1
| #define HAVE_DECL_STRDUP 1
| #define HAVE_RAW_DECL_FFSL 1
| #define HAVE_RAW_DECL_FFSLL 1
| #define HAVE_RAW_DECL_MEMMEM 1
| #define HAVE_RAW_DECL_MEMPCPY 1
| #define HAVE_RAW_DECL_MEMRCHR 1
| #define HAVE_RAW_DECL_RAWMEMCHR 1
| #define HAVE_RAW_DECL_STPCPY 1
| #define HAVE_RAW_DECL_STPNCPY 1
| #define HAVE_RAW_DECL_STRCHRNUL 1
| #define HAVE_RAW_DECL_STRDUP 1
| #define HAVE_RAW_DECL_STRNCAT 1
| #define HAVE_RAW_DECL_STRNDUP 1
| #define HAVE_RAW_DECL_STRNLEN 1
| #define HAVE_RAW_DECL_STRPBRK 1
| #define HAVE_RAW_DECL_STRSEP 1
| #define HAVE_RAW_DECL_STRCASESTR 1
| #define HAVE_RAW_DECL_STRTOK_R 1
| #define HAVE_RAW_DECL_STRERROR_R 1
| #define HAVE_RAW_DECL_STRSIGNAL 1
| #define HAVE_RAW_DECL_STRVERSCMP 1
| #define HAVE_DECL_STRNDUP 1
| #define HAVE_DECL_STRNLEN 1
| #define _USE_STD_STAT 1
| #define HAVE_DECL_UNSETENV 1
| #define HAVE_WORKING_UTIMES 1
| #define HAVE_INTTYPES_H_WITH_UINTMAX 1
| #define HAVE_STDINT_H_WITH_UINTMAX 1
| #define HAVE_INTMAX_T 1
| #define DBL_EXPBIT0_WORD 1
| #define DBL_EXPBIT0_BIT 20
| #define HAVE_SNPRINTF 1
| #define HAVE_STRNLEN 1
| #define HAVE_WCSLEN 1
| #define HAVE_WCSNLEN 1
| #define HAVE_MBRTOWC 1
| #define HAVE_WCRTOMB 1
| #define HAVE_DECL__SNPRINTF 0
| #define HAVE_SNPRINTF_RETVAL_C99 1
| #define HAVE_ALLOCA 1
| #define GNULIB_CANONICALIZE_LGPL 1
| #define GNULIB_TEST_CANONICALIZE_FILE_NAME 1
| #define GNULIB_TEST_REALPATH 1
| #define GNULIB_TEST_CHDIR 1
| #define GNULIB_TEST_CHOWN 1
| #define HAVE_CLOCK_GETTIME 1
| #define HAVE_CLOCK_SETTIME 1
| #define GNULIB_TEST_CLOEXEC 1
| #define GNULIB_TEST_CLOSE 1
| #define HAVE_CLOSEDIR 1
| #define GNULIB_TEST_CLOSEDIR 1
| #define D_INO_IN_DIRENT 1
| #define HAVE_RAW_DECL_ALPHASORT 1
| #define HAVE_RAW_DECL_CLOSEDIR 1
| #define HAVE_RAW_DECL_DIRFD 1
| #define HAVE_RAW_DECL_FDOPENDIR 1
| #define HAVE_RAW_DECL_OPENDIR 1
| #define HAVE_RAW_DECL_READDIR 1
| #define HAVE_RAW_DECL_REWINDDIR 1
| #define HAVE_RAW_DECL_SCANDIR 1
| #define GNULIB_DIRENT_SAFER 1
| #define HAVE_DIRFD 1
| #define HAVE_DECL_DIRFD 1
| #define GNULIB_TEST_DIRFD 1
| #define GNULIB_DIRNAME 1
| #define HAVE_DUP2 1
| #define GNULIB_TEST_DUP2 1
| #define GNULIB_TEST_ENVIRON 1
| #define HAVE_EUIDACCESS 1
| #define GNULIB_TEST_EUIDACCESS 1
| #define GNULIB_FACCESSAT 1
| #define GNULIB_TEST_FACCESSAT 1
| #define GNULIB_TEST_FCHDIR 1
| #define GNULIB_FCHMODAT 1
| #define GNULIB_TEST_FCHMODAT 1
| #define GNULIB_FCHOWNAT 1
| #define GNULIB_TEST_FCHOWNAT 1
| #define GNULIB_TEST_FCNTL 1
| #define HAVE_RAW_DECL_FCNTL 1
| #define HAVE_RAW_DECL_OPENAT 1
| #define GNULIB_FD_SAFER_FLAG 1
| #define FLEXIBLE_ARRAY_MEMBER /**/
| #define GNULIB_TEST_FSTAT 1
| #define GNULIB_TEST_FSTATAT 1
| #define GNULIB_TEST_GETCWD 1
| #define GNULIB_TEST_GETDTABLESIZE 1
| #define HAVE_GETGROUPS 1
| #define GNULIB_TEST_GETGROUPS 1
| #define HAVE_DECL_PROGRAM_INVOCATION_NAME 1
| #define HAVE_DECL_PROGRAM_INVOCATION_SHORT_NAME 1
| #define HAVE_DECL___ARGV 0
| #define GETTIMEOFDAY_TIMEZONE void
| #define GNULIB_TEST_GETTIMEOFDAY 1
| #define GNULIB_TEST_GROUP_MEMBER 1
| #define HAVE_LCHOWN 1
| #define GNULIB_TEST_LCHOWN 1
| #define GNULIB_TEST_LSTAT 1
| #define HAVE_MALLOC_GNU 1
| #define GNULIB_MALLOC_GNU 1
| #define HAVE_MALLOC_POSIX 1
| #define GNULIB_TEST_MALLOC_POSIX 1
| #define C_LOCALE_MAYBE_EILSEQ 1
| #define GNULIB_TEST_MBRTOWC 1
| #define GNULIB_TEST_MBSINIT 1
| #define GNULIB_TEST_MEMCHR 1
| #define HAVE_MEMPCPY 1
| #define GNULIB_TEST_MEMPCPY 1
| #define HAVE_MEMRCHR 1
| #define GNULIB_TEST_MEMRCHR 1
| #define GNULIB_TEST_MKDIRAT 1
| #define GNULIB_TEST_MKTIME 1
| #define NEED_MKTIME_INTERNAL 1
| #define GNULIB_MSVC_NOTHROW 1
| #define my_strftime nstrftime
| #define GNULIB_TEST_OPEN 1
| #define GNULIB_OPENAT 1
| #define GNULIB_TEST_OPENAT 1
| #define HAVE_OPENDIR 1
| #define GNULIB_TEST_OPENDIR 1
| #define HAVE_STRUCT_TM_TM_ZONE 1
| #define HAVE_TM_ZONE 1
| #define HAVE_DECL_PROGRAM_INVOCATION_NAME 1
| #define HAVE_DECL_PROGRAM_INVOCATION_SHORT_NAME 1
| #define HAVE_RAISE 1
| #define GNULIB_TEST_RAISE 1
| #define HAVE_READDIR 1
| #define GNULIB_TEST_READDIR 1
| #define GNULIB_TEST_READLINK 1
| #define GNULIB_TEST_READLINKAT 1
| #define HAVE_REALLOC_GNU 1
| #define GNULIB_REALLOC_GNU 1
| #define HAVE_REALLOC_POSIX 1
| #define GNULIB_TEST_REALLOC_POSIX 1
| #define GNULIB_TEST_RENAME 1
| #define HAVE_LINUX_FS_H 1
| #define GNULIB_TEST_RENAMEAT 1
| #define HAVE_LINUX_FS_H 1
| #define GNULIB_TEST_RMDIR 1
| #define GNULIB_TEST_SETENV 1
| #define HAVE_RAW_DECL_PTHREAD_SIGMASK 1
| #define HAVE_RAW_DECL_SIGACTION 1
| #define HAVE_RAW_DECL_SIGADDSET 1
| #define HAVE_RAW_DECL_SIGDELSET 1
| #define HAVE_RAW_DECL_SIGEMPTYSET 1
| #define HAVE_RAW_DECL_SIGFILLSET 1
| #define HAVE_RAW_DECL_SIGISMEMBER 1
| #define HAVE_RAW_DECL_SIGPENDING 1
| #define HAVE_RAW_DECL_SIGPROCMASK 1
| #define HAVE_STDINT_H 1
| #define GNULIB_TEST_STAT 1
| #define HAVE_STRUCT_STAT_ST_ATIM_TV_NSEC 1
| #define TYPEOF_STRUCT_STAT_ST_ATIM_IS_STRUCT_TIMESPEC 1
| #define GNULIB_STATAT 1
| /* end confdefs.h.  */
| #include <stddef.h>
| 
| 
| int
| main (void)
| {
| if (sizeof ((max_align_t)))
| 	    return 0;
|   ;
|   return 0;
| }
configure:23078: result: yes
configure:23092: checking whether NULL can be used in arbitrary expressions
configure:23111: gcc  -c -isystem/home/ubuntu/yocto/rpi-build/tmp/work/x86_64-linux/patch-native/2.7.6-r0/recipe-sysroot-native/usr/include -O2 -pipe -isystem/home/ubuntu/yocto/rpi-build/tmp/work/x86_64-linux/patch-native/2.7.6-r0/recipe-sysroot-native/usr/include conftest.c >&5
configure:23111: $? = 0
configure:23119: result: yes
configure:23288: checking which flavor of printf attribute matches inttypes macros
configure:23316: gcc  -c -isystem/home/ubuntu/yocto/rpi-build/tmp/work/x86_64-linux/patch-native/2.7.6-r0/recipe-sysroot-native/usr/include -O2 -pipe -isystem/home/ubuntu/yocto/rpi-build/tmp/work/x86_64-linux/patch-native/2.7.6-r0/recipe-sysroot-native/usr/include conftest.c >&5
configure:23316: $? = 0
configure:23324: result: system
configure:23367: checking whether dprintf is declared without a macro
configure:23386: gcc  -c -isystem/home/ubuntu/yocto/rpi-build/tmp/work/x86_64-linux/patch-native/2.7.6-r0/recipe-sysroot-native/usr/include -O2 -pipe -isystem/home/ubuntu/yocto/rpi-build/tmp/work/x86_64-linux/patch-native/2.7.6-r0/recipe-sysroot-native/usr/include conftest.c >&5
configure:23386: $? = 0
configure:23395: result: yes
configure:23367: checking whether fpurge is declared without a macro
configure:23386: gcc  -c -isystem/home/ubuntu/yocto/rpi-build/tmp/work/x86_64-linux/patch-native/2.7.6-r0/recipe-sysroot-native/usr/include -O2 -pipe -isystem/home/ubuntu/yocto/rpi-build/tmp/work/x86_64-linux/patch-native/2.7.6-r0/recipe-sysroot-native/usr/include conftest.c >&5
conftest.c: In function 'main':
conftest.c:318:10: error: 'fpurge' undeclared (first use in this function)
  318 |   (void) fpurge;
      |          ^~~~~~
conftest.c:318:10: note: each undeclared identifier is reported only once for each function it appears in
configure:23386: $? = 1
configure: failed program was:
| /* confdefs.h */
| #define PACKAGE_NAME "GNU patch"
| #define PACKAGE_TARNAME "patch"
| #define PACKAGE_VERSION "2.7.6"
| #define PACKAGE_STRING "GNU patch 2.7.6"
| #define PACKAGE_BUGREPORT "bug-patch@gnu.org"
| #define PACKAGE_URL "https://www.gnu.org/software/patch/"
| #define PACKAGE "patch"
| #define VERSION "2.7.6"
| #define HAVE_STDIO_H 1
| #define HAVE_STDLIB_H 1
| #define HAVE_STRING_H 1
| #define HAVE_INTTYPES_H 1
| #define HAVE_STDINT_H 1
| #define HAVE_STRINGS_H 1
| #define HAVE_SYS_STAT_H 1
| #define HAVE_SYS_TYPES_H 1
| #define HAVE_UNISTD_H 1
| #define HAVE_SYS_PARAM_H 1
| #define HAVE_SYS_SOCKET_H 1
| #define HAVE_DIRENT_H 1
| #define HAVE_GETOPT_H 1
| #define HAVE_SYS_CDEFS_H 1
| #define HAVE_SYS_TIME_H 1
| #define HAVE_LIMITS_H 1
| #define HAVE_WCHAR_H 1
| #define HAVE_SYS_MMAN_H 1
| #define HAVE_UTIME_H 1
| #define HAVE_FEATURES_H 1
| #define HAVE_WCTYPE_H 1
| #define STDC_HEADERS 1
| #define __EXTENSIONS__ 1
| #define _ALL_SOURCE 1
| #define _DARWIN_C_SOURCE 1
| #define _GNU_SOURCE 1
| #define _NETBSD_SOURCE 1
| #define _OPENBSD_SOURCE 1
| #define _POSIX_PTHREAD_SEMANTICS 1
| #define __STDC_WANT_IEC_60559_ATTRIBS_EXT__ 1
| #define __STDC_WANT_IEC_60559_BFP_EXT__ 1
| #define __STDC_WANT_IEC_60559_DFP_EXT__ 1
| #define __STDC_WANT_IEC_60559_FUNCS_EXT__ 1
| #define __STDC_WANT_IEC_60559_TYPES_EXT__ 1
| #define __STDC_WANT_LIB_EXT2__ 1
| #define __STDC_WANT_MATH_SPEC_FUNCS__ 1
| #define _TANDEM_SOURCE 1
| #define _HPUX_ALT_XOPEN_SOCKET_API 1
| #define HAVE_ALLOCA_H 1
| #define HAVE_ALLOCA 1
| #define D_INO_IN_DIRENT 1
| #define HAVE_LONG_FILE_NAMES 1
| #define HAVE_PATHCONF 1
| #define HAVE_CANONICALIZE_FILE_NAME 1
| #define HAVE_GETCWD 1
| #define HAVE_READLINK 1
| #define HAVE_REALPATH 1
| #define HAVE_CHOWN 1
| #define HAVE_FCHOWN 1
| #define HAVE_FCHDIR 1
| #define HAVE_FDOPENDIR 1
| #define HAVE_FACCESSAT 1
| #define HAVE_FCHMODAT 1
| #define HAVE_LCHMOD 1
| #define HAVE_FCNTL 1
| #define HAVE_SYMLINK 1
| #define HAVE_MEMPCPY 1
| #define HAVE_FSTATAT 1
| #define HAVE_GETDTABLESIZE 1
| #define HAVE_GETTIMEOFDAY 1
| #define HAVE_LSTAT 1
| #define HAVE_MBSINIT 1
| #define HAVE_MBRTOWC 1
| #define HAVE_MPROTECT 1
| #define HAVE_MKDIRAT 1
| #define HAVE_TZSET 1
| #define HAVE_OPENAT 1
| #define HAVE_READLINKAT 1
| #define HAVE_LINK 1
| #define HAVE_RENAMEAT 1
| #define HAVE_SETENV 1
| #define HAVE_STRDUP 1
| #define HAVE_STRNDUP 1
| #define HAVE_SYMLINKAT 1
| #define HAVE_LOCALTIME_R 1
| #define HAVE_TIMEGM 1
| #define HAVE_PIPE 1
| #define HAVE_UNLINKAT 1
| #define HAVE_UTIME 1
| #define HAVE_FUTIMES 1
| #define HAVE_FUTIMESAT 1
| #define HAVE_FUTIMENS 1
| #define HAVE_UTIMENSAT 1
| #define HAVE_LUTIMES 1
| #define HAVE_SNPRINTF 1
| #define HAVE_ISWCNTRL 1
| #define FUNC_REALPATH_WORKS 1
| #define HAVE_UNISTD_H 1
| #define HAVE_CHOWN 1
| #define HAVE_ENVIRON_DECL 1
| #define HAVE_DECL_STRERROR_R 1
| #define HAVE_STRERROR_R 1
| #define STRERROR_R_CHAR_P 1
| #define GETGROUPS_T gid_t
| #define LSTAT_FOLLOWS_SLASHED_SYMLINK 1
| #define HAVE_DECL_FCHDIR 1
| #define HAVE_WORKING_O_NOATIME 1
| #define HAVE_WORKING_O_NOFOLLOW 1
| #define HAVE_RAW_DECL_FCHMODAT 1
| #define HAVE_RAW_DECL_FSTAT 1
| #define HAVE_RAW_DECL_FSTATAT 1
| #define HAVE_RAW_DECL_FUTIMENS 1
| #define HAVE_RAW_DECL_LCHMOD 1
| #define HAVE_RAW_DECL_LSTAT 1
| #define HAVE_RAW_DECL_MKDIRAT 1
| #define HAVE_RAW_DECL_MKFIFO 1
| #define HAVE_RAW_DECL_MKFIFOAT 1
| #define HAVE_RAW_DECL_MKNOD 1
| #define HAVE_RAW_DECL_MKNODAT 1
| #define HAVE_RAW_DECL_STAT 1
| #define HAVE_RAW_DECL_UTIMENSAT 1
| #define HAVE_DECL_GETDTABLESIZE 1
| #define HAVE_GETOPT_H 1
| #define HAVE_GETOPT_LONG_ONLY 1
| #define restrict __restrict
| #define HAVE_RAW_DECL_GETTIMEOFDAY 1
| #define HAVE_WINT_T 1
| #define HAVE_UNSIGNED_LONG_LONG_INT 1
| #define HAVE_LONG_LONG_INT 1
| #define HAVE_RAW_DECL_IMAXABS 1
| #define HAVE_RAW_DECL_IMAXDIV 1
| #define HAVE_RAW_DECL_STRTOIMAX 1
| #define HAVE_RAW_DECL_STRTOUMAX 1
| #define HAVE_INTTYPES_H 1
| #define HAVE_LANGINFO_CODESET 1
| #define HAVE_DECL_GETC_UNLOCKED 1
| #define MALLOC_0_IS_NONNULL 1
| #define HAVE_MBSTATE_T 1
| #define HAVE_MAP_ANONYMOUS 1
| #define HAVE_DECL_MEMRCHR 1
| #define HAVE_MINMAX_IN_SYS_PARAM_H 1
| #define TIME_T_IS_SIGNED 1
| #define HAVE_DECL_ALARM 1
| #define HAVE_STRUCT_TM_TM_ZONE 1
| #define HAVE_TM_ZONE 1
| #define HAVE_TM_GMTOFF 1
| #define PROMOTED_MODE_T mode_t
| #define HAVE__BOOL 1
| #define HAVE_COMPOUND_LITERALS 1
| #define HAVE_DECL_SETENV 1
| #define HAVE_SEARCH_H 1
| #define HAVE_TSEARCH 1
| #define HAVE_SIGSET_T 1
| #define HAVE_WCHAR_T 1
| #define HAVE_DECL_STRDUP 1
| #define HAVE_RAW_DECL_FFSL 1
| #define HAVE_RAW_DECL_FFSLL 1
| #define HAVE_RAW_DECL_MEMMEM 1
| #define HAVE_RAW_DECL_MEMPCPY 1
| #define HAVE_RAW_DECL_MEMRCHR 1
| #define HAVE_RAW_DECL_RAWMEMCHR 1
| #define HAVE_RAW_DECL_STPCPY 1
| #define HAVE_RAW_DECL_STPNCPY 1
| #define HAVE_RAW_DECL_STRCHRNUL 1
| #define HAVE_RAW_DECL_STRDUP 1
| #define HAVE_RAW_DECL_STRNCAT 1
| #define HAVE_RAW_DECL_STRNDUP 1
| #define HAVE_RAW_DECL_STRNLEN 1
| #define HAVE_RAW_DECL_STRPBRK 1
| #define HAVE_RAW_DECL_STRSEP 1
| #define HAVE_RAW_DECL_STRCASESTR 1
| #define HAVE_RAW_DECL_STRTOK_R 1
| #define HAVE_RAW_DECL_STRERROR_R 1
| #define HAVE_RAW_DECL_STRSIGNAL 1
| #define HAVE_RAW_DECL_STRVERSCMP 1
| #define HAVE_DECL_STRNDUP 1
| #define HAVE_DECL_STRNLEN 1
| #define _USE_STD_STAT 1
| #define HAVE_DECL_UNSETENV 1
| #define HAVE_WORKING_UTIMES 1
| #define HAVE_INTTYPES_H_WITH_UINTMAX 1
| #define HAVE_STDINT_H_WITH_UINTMAX 1
| #define HAVE_INTMAX_T 1
| #define DBL_EXPBIT0_WORD 1
| #define DBL_EXPBIT0_BIT 20
| #define HAVE_SNPRINTF 1
| #define HAVE_STRNLEN 1
| #define HAVE_WCSLEN 1
| #define HAVE_WCSNLEN 1
| #define HAVE_MBRTOWC 1
| #define HAVE_WCRTOMB 1
| #define HAVE_DECL__SNPRINTF 0
| #define HAVE_SNPRINTF_RETVAL_C99 1
| #define HAVE_ALLOCA 1
| #define GNULIB_CANONICALIZE_LGPL 1
| #define GNULIB_TEST_CANONICALIZE_FILE_NAME 1
| #define GNULIB_TEST_REALPATH 1
| #define GNULIB_TEST_CHDIR 1
| #define GNULIB_TEST_CHOWN 1
| #define HAVE_CLOCK_GETTIME 1
| #define HAVE_CLOCK_SETTIME 1
| #define GNULIB_TEST_CLOEXEC 1
| #define GNULIB_TEST_CLOSE 1
| #define HAVE_CLOSEDIR 1
| #define GNULIB_TEST_CLOSEDIR 1
| #define D_INO_IN_DIRENT 1
| #define HAVE_RAW_DECL_ALPHASORT 1
| #define HAVE_RAW_DECL_CLOSEDIR 1
| #define HAVE_RAW_DECL_DIRFD 1
| #define HAVE_RAW_DECL_FDOPENDIR 1
| #define HAVE_RAW_DECL_OPENDIR 1
| #define HAVE_RAW_DECL_READDIR 1
| #define HAVE_RAW_DECL_REWINDDIR 1
| #define HAVE_RAW_DECL_SCANDIR 1
| #define GNULIB_DIRENT_SAFER 1
| #define HAVE_DIRFD 1
| #define HAVE_DECL_DIRFD 1
| #define GNULIB_TEST_DIRFD 1
| #define GNULIB_DIRNAME 1
| #define HAVE_DUP2 1
| #define GNULIB_TEST_DUP2 1
| #define GNULIB_TEST_ENVIRON 1
| #define HAVE_EUIDACCESS 1
| #define GNULIB_TEST_EUIDACCESS 1
| #define GNULIB_FACCESSAT 1
| #define GNULIB_TEST_FACCESSAT 1
| #define GNULIB_TEST_FCHDIR 1
| #define GNULIB_FCHMODAT 1
| #define GNULIB_TEST_FCHMODAT 1
| #define GNULIB_FCHOWNAT 1
| #define GNULIB_TEST_FCHOWNAT 1
| #define GNULIB_TEST_FCNTL 1
| #define HAVE_RAW_DECL_FCNTL 1
| #define HAVE_RAW_DECL_OPENAT 1
| #define GNULIB_FD_SAFER_FLAG 1
| #define FLEXIBLE_ARRAY_MEMBER /**/
| #define GNULIB_TEST_FSTAT 1
| #define GNULIB_TEST_FSTATAT 1
| #define GNULIB_TEST_GETCWD 1
| #define GNULIB_TEST_GETDTABLESIZE 1
| #define HAVE_GETGROUPS 1
| #define GNULIB_TEST_GETGROUPS 1
| #define HAVE_DECL_PROGRAM_INVOCATION_NAME 1
| #define HAVE_DECL_PROGRAM_INVOCATION_SHORT_NAME 1
| #define HAVE_DECL___ARGV 0
| #define GETTIMEOFDAY_TIMEZONE void
| #define GNULIB_TEST_GETTIMEOFDAY 1
| #define GNULIB_TEST_GROUP_MEMBER 1
| #define HAVE_LCHOWN 1
| #define GNULIB_TEST_LCHOWN 1
| #define GNULIB_TEST_LSTAT 1
| #define HAVE_MALLOC_GNU 1
| #define GNULIB_MALLOC_GNU 1
| #define HAVE_MALLOC_POSIX 1
| #define GNULIB_TEST_MALLOC_POSIX 1
| #define C_LOCALE_MAYBE_EILSEQ 1
| #define GNULIB_TEST_MBRTOWC 1
| #define GNULIB_TEST_MBSINIT 1
| #define GNULIB_TEST_MEMCHR 1
| #define HAVE_MEMPCPY 1
| #define GNULIB_TEST_MEMPCPY 1
| #define HAVE_MEMRCHR 1
| #define GNULIB_TEST_MEMRCHR 1
| #define GNULIB_TEST_MKDIRAT 1
| #define GNULIB_TEST_MKTIME 1
| #define NEED_MKTIME_INTERNAL 1
| #define GNULIB_MSVC_NOTHROW 1
| #define my_strftime nstrftime
| #define GNULIB_TEST_OPEN 1
| #define GNULIB_OPENAT 1
| #define GNULIB_TEST_OPENAT 1
| #define HAVE_OPENDIR 1
| #define GNULIB_TEST_OPENDIR 1
| #define HAVE_STRUCT_TM_TM_ZONE 1
| #define HAVE_TM_ZONE 1
| #define HAVE_DECL_PROGRAM_INVOCATION_NAME 1
| #define HAVE_DECL_PROGRAM_INVOCATION_SHORT_NAME 1
| #define HAVE_RAISE 1
| #define GNULIB_TEST_RAISE 1
| #define HAVE_READDIR 1
| #define GNULIB_TEST_READDIR 1
| #define GNULIB_TEST_READLINK 1
| #define GNULIB_TEST_READLINKAT 1
| #define HAVE_REALLOC_GNU 1
| #define GNULIB_REALLOC_GNU 1
| #define HAVE_REALLOC_POSIX 1
| #define GNULIB_TEST_REALLOC_POSIX 1
| #define GNULIB_TEST_RENAME 1
| #define HAVE_LINUX_FS_H 1
| #define GNULIB_TEST_RENAMEAT 1
| #define HAVE_LINUX_FS_H 1
| #define GNULIB_TEST_RMDIR 1
| #define GNULIB_TEST_SETENV 1
| #define HAVE_RAW_DECL_PTHREAD_SIGMASK 1
| #define HAVE_RAW_DECL_SIGACTION 1
| #define HAVE_RAW_DECL_SIGADDSET 1
| #define HAVE_RAW_DECL_SIGDELSET 1
| #define HAVE_RAW_DECL_SIGEMPTYSET 1
| #define HAVE_RAW_DECL_SIGFILLSET 1
| #define HAVE_RAW_DECL_SIGISMEMBER 1
| #define HAVE_RAW_DECL_SIGPENDING 1
| #define HAVE_RAW_DECL_SIGPROCMASK 1
| #define HAVE_STDINT_H 1
| #define GNULIB_TEST_STAT 1
| #define HAVE_STRUCT_STAT_ST_ATIM_TV_NSEC 1
| #define TYPEOF_STRUCT_STAT_ST_ATIM_IS_STRUCT_TIMESPEC 1
| #define GNULIB_STATAT 1
| #define __USE_MINGW_ANSI_STDIO 1
| #define GNULIB_FSCANF 1
| #define GNULIB_SCANF 1
| #define HAVE_RAW_DECL_DPRINTF 1
| /* end confdefs.h.  */
| #include <stdio.h>
| 
| int
| main (void)
| {
| #undef fpurge
|   (void) fpurge;
|   ;
|   return 0;
| }
configure:23395: result: no
configure:23367: checking whether fseeko is declared without a macro
configure:23386: gcc  -c -isystem/home/ubuntu/yocto/rpi-build/tmp/work/x86_64-linux/patch-native/2.7.6-r0/recipe-sysroot-native/usr/include -O2 -pipe -isystem/home/ubuntu/yocto/rpi-build/tmp/work/x86_64-linux/patch-native/2.7.6-r0/recipe-sysroot-native/usr/include conftest.c >&5
configure:23386: $? = 0
configure:23395: result: yes
configure:23367: checking whether ftello is declared without a macro
configure:23386: gcc  -c -isystem/home/ubuntu/yocto/rpi-build/tmp/work/x86_64-linux/patch-native/2.7.6-r0/recipe-sysroot-native/usr/include -O2 -pipe -isystem/home/ubuntu/yocto/rpi-build/tmp/work/x86_64-linux/patch-native/2.7.6-r0/recipe-sysroot-native/usr/include conftest.c >&5
configure:23386: $? = 0
configure:23395: result: yes
configure:23367: checking whether getdelim is declared without a macro
configure:23386: gcc  -c -isystem/home/ubuntu/yocto/rpi-build/tmp/work/x86_64-linux/patch-native/2.7.6-r0/recipe-sysroot-native/usr/include -O2 -pipe -isystem/home/ubuntu/yocto/rpi-build/tmp/work/x86_64-linux/patch-native/2.7.6-r0/recipe-sysroot-native/usr/include conftest.c >&5
configure:23386: $? = 0
configure:23395: result: yes
configure:23367: checking whether getline is declared without a macro
configure:23386: gcc  -c -isystem/home/ubuntu/yocto/rpi-build/tmp/work/x86_64-linux/patch-native/2.7.6-r0/recipe-sysroot-native/usr/include -O2 -pipe -isystem/home/ubuntu/yocto/rpi-build/tmp/work/x86_64-linux/patch-native/2.7.6-r0/recipe-sysroot-native/usr/include conftest.c >&5
configure:23386: $? = 0
configure:23395: result: yes
configure:23367: checking whether gets is declared without a macro
configure:23386: gcc  -c -isystem/home/ubuntu/yocto/rpi-build/tmp/work/x86_64-linux/patch-native/2.7.6-r0/recipe-sysroot-native/usr/include -O2 -pipe -isystem/home/ubuntu/yocto/rpi-build/tmp/work/x86_64-linux/patch-native/2.7.6-r0/recipe-sysroot-native/usr/include conftest.c >&5
conftest.c: In function 'main':
conftest.c:322:10: error: 'gets' undeclared (first use in this function); did you mean 'fgets'?
  322 |   (void) gets;
      |          ^~~~
      |          fgets
conftest.c:322:10: note: each undeclared identifier is reported only once for each function it appears in
configure:23386: $? = 1
configure: failed program was:
| /* confdefs.h */
| #define PACKAGE_NAME "GNU patch"
| #define PACKAGE_TARNAME "patch"
| #define PACKAGE_VERSION "2.7.6"
| #define PACKAGE_STRING "GNU patch 2.7.6"
| #define PACKAGE_BUGREPORT "bug-patch@gnu.org"
| #define PACKAGE_URL "https://www.gnu.org/software/patch/"
| #define PACKAGE "patch"
| #define VERSION "2.7.6"
| #define HAVE_STDIO_H 1
| #define HAVE_STDLIB_H 1
| #define HAVE_STRING_H 1
| #define HAVE_INTTYPES_H 1
| #define HAVE_STDINT_H 1
| #define HAVE_STRINGS_H 1
| #define HAVE_SYS_STAT_H 1
| #define HAVE_SYS_TYPES_H 1
| #define HAVE_UNISTD_H 1
| #define HAVE_SYS_PARAM_H 1
| #define HAVE_SYS_SOCKET_H 1
| #define HAVE_DIRENT_H 1
| #define HAVE_GETOPT_H 1
| #define HAVE_SYS_CDEFS_H 1
| #define HAVE_SYS_TIME_H 1
| #define HAVE_LIMITS_H 1
| #define HAVE_WCHAR_H 1
| #define HAVE_SYS_MMAN_H 1
| #define HAVE_UTIME_H 1
| #define HAVE_FEATURES_H 1
| #define HAVE_WCTYPE_H 1
| #define STDC_HEADERS 1
| #define __EXTENSIONS__ 1
| #define _ALL_SOURCE 1
| #define _DARWIN_C_SOURCE 1
| #define _GNU_SOURCE 1
| #define _NETBSD_SOURCE 1
| #define _OPENBSD_SOURCE 1
| #define _POSIX_PTHREAD_SEMANTICS 1
| #define __STDC_WANT_IEC_60559_ATTRIBS_EXT__ 1
| #define __STDC_WANT_IEC_60559_BFP_EXT__ 1
| #define __STDC_WANT_IEC_60559_DFP_EXT__ 1
| #define __STDC_WANT_IEC_60559_FUNCS_EXT__ 1
| #define __STDC_WANT_IEC_60559_TYPES_EXT__ 1
| #define __STDC_WANT_LIB_EXT2__ 1
| #define __STDC_WANT_MATH_SPEC_FUNCS__ 1
| #define _TANDEM_SOURCE 1
| #define _HPUX_ALT_XOPEN_SOCKET_API 1
| #define HAVE_ALLOCA_H 1
| #define HAVE_ALLOCA 1
| #define D_INO_IN_DIRENT 1
| #define HAVE_LONG_FILE_NAMES 1
| #define HAVE_PATHCONF 1
| #define HAVE_CANONICALIZE_FILE_NAME 1
| #define HAVE_GETCWD 1
| #define HAVE_READLINK 1
| #define HAVE_REALPATH 1
| #define HAVE_CHOWN 1
| #define HAVE_FCHOWN 1
| #define HAVE_FCHDIR 1
| #define HAVE_FDOPENDIR 1
| #define HAVE_FACCESSAT 1
| #define HAVE_FCHMODAT 1
| #define HAVE_LCHMOD 1
| #define HAVE_FCNTL 1
| #define HAVE_SYMLINK 1
| #define HAVE_MEMPCPY 1
| #define HAVE_FSTATAT 1
| #define HAVE_GETDTABLESIZE 1
| #define HAVE_GETTIMEOFDAY 1
| #define HAVE_LSTAT 1
| #define HAVE_MBSINIT 1
| #define HAVE_MBRTOWC 1
| #define HAVE_MPROTECT 1
| #define HAVE_MKDIRAT 1
| #define HAVE_TZSET 1
| #define HAVE_OPENAT 1
| #define HAVE_READLINKAT 1
| #define HAVE_LINK 1
| #define HAVE_RENAMEAT 1
| #define HAVE_SETENV 1
| #define HAVE_STRDUP 1
| #define HAVE_STRNDUP 1
| #define HAVE_SYMLINKAT 1
| #define HAVE_LOCALTIME_R 1
| #define HAVE_TIMEGM 1
| #define HAVE_PIPE 1
| #define HAVE_UNLINKAT 1
| #define HAVE_UTIME 1
| #define HAVE_FUTIMES 1
| #define HAVE_FUTIMESAT 1
| #define HAVE_FUTIMENS 1
| #define HAVE_UTIMENSAT 1
| #define HAVE_LUTIMES 1
| #define HAVE_SNPRINTF 1
| #define HAVE_ISWCNTRL 1
| #define FUNC_REALPATH_WORKS 1
| #define HAVE_UNISTD_H 1
| #define HAVE_CHOWN 1
| #define HAVE_ENVIRON_DECL 1
| #define HAVE_DECL_STRERROR_R 1
| #define HAVE_STRERROR_R 1
| #define STRERROR_R_CHAR_P 1
| #define GETGROUPS_T gid_t
| #define LSTAT_FOLLOWS_SLASHED_SYMLINK 1
| #define HAVE_DECL_FCHDIR 1
| #define HAVE_WORKING_O_NOATIME 1
| #define HAVE_WORKING_O_NOFOLLOW 1
| #define HAVE_RAW_DECL_FCHMODAT 1
| #define HAVE_RAW_DECL_FSTAT 1
| #define HAVE_RAW_DECL_FSTATAT 1
| #define HAVE_RAW_DECL_FUTIMENS 1
| #define HAVE_RAW_DECL_LCHMOD 1
| #define HAVE_RAW_DECL_LSTAT 1
| #define HAVE_RAW_DECL_MKDIRAT 1
| #define HAVE_RAW_DECL_MKFIFO 1
| #define HAVE_RAW_DECL_MKFIFOAT 1
| #define HAVE_RAW_DECL_MKNOD 1
| #define HAVE_RAW_DECL_MKNODAT 1
| #define HAVE_RAW_DECL_STAT 1
| #define HAVE_RAW_DECL_UTIMENSAT 1
| #define HAVE_DECL_GETDTABLESIZE 1
| #define HAVE_GETOPT_H 1
| #define HAVE_GETOPT_LONG_ONLY 1
| #define restrict __restrict
| #define HAVE_RAW_DECL_GETTIMEOFDAY 1
| #define HAVE_WINT_T 1
| #define HAVE_UNSIGNED_LONG_LONG_INT 1
| #define HAVE_LONG_LONG_INT 1
| #define HAVE_RAW_DECL_IMAXABS 1
| #define HAVE_RAW_DECL_IMAXDIV 1
| #define HAVE_RAW_DECL_STRTOIMAX 1
| #define HAVE_RAW_DECL_STRTOUMAX 1
| #define HAVE_INTTYPES_H 1
| #define HAVE_LANGINFO_CODESET 1
| #define HAVE_DECL_GETC_UNLOCKED 1
| #define MALLOC_0_IS_NONNULL 1
| #define HAVE_MBSTATE_T 1
| #define HAVE_MAP_ANONYMOUS 1
| #define HAVE_DECL_MEMRCHR 1
| #define HAVE_MINMAX_IN_SYS_PARAM_H 1
| #define TIME_T_IS_SIGNED 1
| #define HAVE_DECL_ALARM 1
| #define HAVE_STRUCT_TM_TM_ZONE 1
| #define HAVE_TM_ZONE 1
| #define HAVE_TM_GMTOFF 1
| #define PROMOTED_MODE_T mode_t
| #define HAVE__BOOL 1
| #define HAVE_COMPOUND_LITERALS 1
| #define HAVE_DECL_SETENV 1
| #define HAVE_SEARCH_H 1
| #define HAVE_TSEARCH 1
| #define HAVE_SIGSET_T 1
| #define HAVE_WCHAR_T 1
| #define HAVE_DECL_STRDUP 1
| #define HAVE_RAW_DECL_FFSL 1
| #define HAVE_RAW_DECL_FFSLL 1
| #define HAVE_RAW_DECL_MEMMEM 1
| #define HAVE_RAW_DECL_MEMPCPY 1
| #define HAVE_RAW_DECL_MEMRCHR 1
| #define HAVE_RAW_DECL_RAWMEMCHR 1
| #define HAVE_RAW_DECL_STPCPY 1
| #define HAVE_RAW_DECL_STPNCPY 1
| #define HAVE_RAW_DECL_STRCHRNUL 1
| #define HAVE_RAW_DECL_STRDUP 1
| #define HAVE_RAW_DECL_STRNCAT 1
| #define HAVE_RAW_DECL_STRNDUP 1
| #define HAVE_RAW_DECL_STRNLEN 1
| #define HAVE_RAW_DECL_STRPBRK 1
| #define HAVE_RAW_DECL_STRSEP 1
| #define HAVE_RAW_DECL_STRCASESTR 1
| #define HAVE_RAW_DECL_STRTOK_R 1
| #define HAVE_RAW_DECL_STRERROR_R 1
| #define HAVE_RAW_DECL_STRSIGNAL 1
| #define HAVE_RAW_DECL_STRVERSCMP 1
| #define HAVE_DECL_STRNDUP 1
| #define HAVE_DECL_STRNLEN 1
| #define _USE_STD_STAT 1
| #define HAVE_DECL_UNSETENV 1
| #define HAVE_WORKING_UTIMES 1
| #define HAVE_INTTYPES_H_WITH_UINTMAX 1
| #define HAVE_STDINT_H_WITH_UINTMAX 1
| #define HAVE_INTMAX_T 1
| #define DBL_EXPBIT0_WORD 1
| #define DBL_EXPBIT0_BIT 20
| #define HAVE_SNPRINTF 1
| #define HAVE_STRNLEN 1
| #define HAVE_WCSLEN 1
| #define HAVE_WCSNLEN 1
| #define HAVE_MBRTOWC 1
| #define HAVE_WCRTOMB 1
| #define HAVE_DECL__SNPRINTF 0
| #define HAVE_SNPRINTF_RETVAL_C99 1
| #define HAVE_ALLOCA 1
| #define GNULIB_CANONICALIZE_LGPL 1
| #define GNULIB_TEST_CANONICALIZE_FILE_NAME 1
| #define GNULIB_TEST_REALPATH 1
| #define GNULIB_TEST_CHDIR 1
| #define GNULIB_TEST_CHOWN 1
| #define HAVE_CLOCK_GETTIME 1
| #define HAVE_CLOCK_SETTIME 1
| #define GNULIB_TEST_CLOEXEC 1
| #define GNULIB_TEST_CLOSE 1
| #define HAVE_CLOSEDIR 1
| #define GNULIB_TEST_CLOSEDIR 1
| #define D_INO_IN_DIRENT 1
| #define HAVE_RAW_DECL_ALPHASORT 1
| #define HAVE_RAW_DECL_CLOSEDIR 1
| #define HAVE_RAW_DECL_DIRFD 1
| #define HAVE_RAW_DECL_FDOPENDIR 1
| #define HAVE_RAW_DECL_OPENDIR 1
| #define HAVE_RAW_DECL_READDIR 1
| #define HAVE_RAW_DECL_REWINDDIR 1
| #define HAVE_RAW_DECL_SCANDIR 1
| #define GNULIB_DIRENT_SAFER 1
| #define HAVE_DIRFD 1
| #define HAVE_DECL_DIRFD 1
| #define GNULIB_TEST_DIRFD 1
| #define GNULIB_DIRNAME 1
| #define HAVE_DUP2 1
| #define GNULIB_TEST_DUP2 1
| #define GNULIB_TEST_ENVIRON 1
| #define HAVE_EUIDACCESS 1
| #define GNULIB_TEST_EUIDACCESS 1
| #define GNULIB_FACCESSAT 1
| #define GNULIB_TEST_FACCESSAT 1
| #define GNULIB_TEST_FCHDIR 1
| #define GNULIB_FCHMODAT 1
| #define GNULIB_TEST_FCHMODAT 1
| #define GNULIB_FCHOWNAT 1
| #define GNULIB_TEST_FCHOWNAT 1
| #define GNULIB_TEST_FCNTL 1
| #define HAVE_RAW_DECL_FCNTL 1
| #define HAVE_RAW_DECL_OPENAT 1
| #define GNULIB_FD_SAFER_FLAG 1
| #define FLEXIBLE_ARRAY_MEMBER /**/
| #define GNULIB_TEST_FSTAT 1
| #define GNULIB_TEST_FSTATAT 1
| #define GNULIB_TEST_GETCWD 1
| #define GNULIB_TEST_GETDTABLESIZE 1
| #define HAVE_GETGROUPS 1
| #define GNULIB_TEST_GETGROUPS 1
| #define HAVE_DECL_PROGRAM_INVOCATION_NAME 1
| #define HAVE_DECL_PROGRAM_INVOCATION_SHORT_NAME 1
| #define HAVE_DECL___ARGV 0
| #define GETTIMEOFDAY_TIMEZONE void
| #define GNULIB_TEST_GETTIMEOFDAY 1
| #define GNULIB_TEST_GROUP_MEMBER 1
| #define HAVE_LCHOWN 1
| #define GNULIB_TEST_LCHOWN 1
| #define GNULIB_TEST_LSTAT 1
| #define HAVE_MALLOC_GNU 1
| #define GNULIB_MALLOC_GNU 1
| #define HAVE_MALLOC_POSIX 1
| #define GNULIB_TEST_MALLOC_POSIX 1
| #define C_LOCALE_MAYBE_EILSEQ 1
| #define GNULIB_TEST_MBRTOWC 1
| #define GNULIB_TEST_MBSINIT 1
| #define GNULIB_TEST_MEMCHR 1
| #define HAVE_MEMPCPY 1
| #define GNULIB_TEST_MEMPCPY 1
| #define HAVE_MEMRCHR 1
| #define GNULIB_TEST_MEMRCHR 1
| #define GNULIB_TEST_MKDIRAT 1
| #define GNULIB_TEST_MKTIME 1
| #define NEED_MKTIME_INTERNAL 1
| #define GNULIB_MSVC_NOTHROW 1
| #define my_strftime nstrftime
| #define GNULIB_TEST_OPEN 1
| #define GNULIB_OPENAT 1
| #define GNULIB_TEST_OPENAT 1
| #define HAVE_OPENDIR 1
| #define GNULIB_TEST_OPENDIR 1
| #define HAVE_STRUCT_TM_TM_ZONE 1
| #define HAVE_TM_ZONE 1
| #define HAVE_DECL_PROGRAM_INVOCATION_NAME 1
| #define HAVE_DECL_PROGRAM_INVOCATION_SHORT_NAME 1
| #define HAVE_RAISE 1
| #define GNULIB_TEST_RAISE 1
| #define HAVE_READDIR 1
| #define GNULIB_TEST_READDIR 1
| #define GNULIB_TEST_READLINK 1
| #define GNULIB_TEST_READLINKAT 1
| #define HAVE_REALLOC_GNU 1
| #define GNULIB_REALLOC_GNU 1
| #define HAVE_REALLOC_POSIX 1
| #define GNULIB_TEST_REALLOC_POSIX 1
| #define GNULIB_TEST_RENAME 1
| #define HAVE_LINUX_FS_H 1
| #define GNULIB_TEST_RENAMEAT 1
| #define HAVE_LINUX_FS_H 1
| #define GNULIB_TEST_RMDIR 1
| #define GNULIB_TEST_SETENV 1
| #define HAVE_RAW_DECL_PTHREAD_SIGMASK 1
| #define HAVE_RAW_DECL_SIGACTION 1
| #define HAVE_RAW_DECL_SIGADDSET 1
| #define HAVE_RAW_DECL_SIGDELSET 1
| #define HAVE_RAW_DECL_SIGEMPTYSET 1
| #define HAVE_RAW_DECL_SIGFILLSET 1
| #define HAVE_RAW_DECL_SIGISMEMBER 1
| #define HAVE_RAW_DECL_SIGPENDING 1
| #define HAVE_RAW_DECL_SIGPROCMASK 1
| #define HAVE_STDINT_H 1
| #define GNULIB_TEST_STAT 1
| #define HAVE_STRUCT_STAT_ST_ATIM_TV_NSEC 1
| #define TYPEOF_STRUCT_STAT_ST_ATIM_IS_STRUCT_TIMESPEC 1
| #define GNULIB_STATAT 1
| #define __USE_MINGW_ANSI_STDIO 1
| #define GNULIB_FSCANF 1
| #define GNULIB_SCANF 1
| #define HAVE_RAW_DECL_DPRINTF 1
| #define HAVE_RAW_DECL_FSEEKO 1
| #define HAVE_RAW_DECL_FTELLO 1
| #define HAVE_RAW_DECL_GETDELIM 1
| #define HAVE_RAW_DECL_GETLINE 1
| /* end confdefs.h.  */
| #include <stdio.h>
| 
| int
| main (void)
| {
| #undef gets
|   (void) gets;
|   ;
|   return 0;
| }
configure:23395: result: no
configure:23367: checking whether pclose is declared without a macro
configure:23386: gcc  -c -isystem/home/ubuntu/yocto/rpi-build/tmp/work/x86_64-linux/patch-native/2.7.6-r0/recipe-sysroot-native/usr/include -O2 -pipe -isystem/home/ubuntu/yocto/rpi-build/tmp/work/x86_64-linux/patch-native/2.7.6-r0/recipe-sysroot-native/usr/include conftest.c >&5
configure:23386: $? = 0
configure:23395: result: yes
configure:23367: checking whether popen is declared without a macro
configure:23386: gcc  -c -isystem/home/ubuntu/yocto/rpi-build/tmp/work/x86_64-linux/patch-native/2.7.6-r0/recipe-sysroot-native/usr/include -O2 -pipe -isystem/home/ubuntu/yocto/rpi-build/tmp/work/x86_64-linux/patch-native/2.7.6-r0/recipe-sysroot-native/usr/include conftest.c >&5
configure:23386: $? = 0
configure:23395: result: yes
configure:23367: checking whether renameat is declared without a macro
configure:23386: gcc  -c -isystem/home/ubuntu/yocto/rpi-build/tmp/work/x86_64-linux/patch-native/2.7.6-r0/recipe-sysroot-native/usr/include -O2 -pipe -isystem/home/ubuntu/yocto/rpi-build/tmp/work/x86_64-linux/patch-native/2.7.6-r0/recipe-sysroot-native/usr/include conftest.c >&5
configure:23386: $? = 0
configure:23395: result: yes
configure:23367: checking whether snprintf is declared without a macro
configure:23386: gcc  -c -isystem/home/ubuntu/yocto/rpi-build/tmp/work/x86_64-linux/patch-native/2.7.6-r0/recipe-sysroot-native/usr/include -O2 -pipe -isystem/home/ubuntu/yocto/rpi-build/tmp/work/x86_64-linux/patch-native/2.7.6-r0/recipe-sysroot-native/usr/include conftest.c >&5
configure:23386: $? = 0
configure:23395: result: yes
configure:23367: checking whether tmpfile is declared without a macro
configure:23386: gcc  -c -isystem/home/ubuntu/yocto/rpi-build/tmp/work/x86_64-linux/patch-native/2.7.6-r0/recipe-sysroot-native/usr/include -O2 -pipe -isystem/home/ubuntu/yocto/rpi-build/tmp/work/x86_64-linux/patch-native/2.7.6-r0/recipe-sysroot-native/usr/include conftest.c >&5
configure:23386: $? = 0
configure:23395: result: yes
configure:23367: checking whether vdprintf is declared without a macro
configure:23386: gcc  -c -isystem/home/ubuntu/yocto/rpi-build/tmp/work/x86_64-linux/patch-native/2.7.6-r0/recipe-sysroot-native/usr/include -O2 -pipe -isystem/home/ubuntu/yocto/rpi-build/tmp/work/x86_64-linux/patch-native/2.7.6-r0/recipe-sysroot-native/usr/include conftest.c >&5
configure:23386: $? = 0
configure:23395: result: yes
configure:23367: checking whether vsnprintf is declared without a macro
configure:23386: gcc  -c -isystem/home/ubuntu/yocto/rpi-build/tmp/work/x86_64-linux/patch-native/2.7.6-r0/recipe-sysroot-native/usr/include -O2 -pipe -isystem/home/ubuntu/yocto/rpi-build/tmp/work/x86_64-linux/patch-native/2.7.6-r0/recipe-sysroot-native/usr/include conftest.c >&5
configure:23386: $? = 0
configure:23395: result: yes
configure:23486: checking whether _Exit is declared without a macro
configure:23511: gcc  -c -isystem/home/ubuntu/yocto/rpi-build/tmp/work/x86_64-linux/patch-native/2.7.6-r0/recipe-sysroot-native/usr/include -O2 -pipe -isystem/home/ubuntu/yocto/rpi-build/tmp/work/x86_64-linux/patch-native/2.7.6-r0/recipe-sysroot-native/usr/include conftest.c >&5
configure:23511: $? = 0
configure:23520: result: yes
configure:23486: checking whether atoll is declared without a macro
configure:23511: gcc  -c -isystem/home/ubuntu/yocto/rpi-build/tmp/work/x86_64-linux/patch-native/2.7.6-r0/recipe-sysroot-native/usr/include -O2 -pipe -isystem/home/ubuntu/yocto/rpi-build/tmp/work/x86_64-linux/patch-native/2.7.6-r0/recipe-sysroot-native/usr/include conftest.c >&5
configure:23511: $? = 0
configure:23520: result: yes
configure:23486: checking whether canonicalize_file_name is declared without a macro
configure:23511: gcc  -c -isystem/home/ubuntu/yocto/rpi-build/tmp/work/x86_64-linux/patch-native/2.7.6-r0/recipe-sysroot-native/usr/include -O2 -pipe -isystem/home/ubuntu/yocto/rpi-build/tmp/work/x86_64-linux/patch-native/2.7.6-r0/recipe-sysroot-native/usr/include conftest.c >&5
configure:23511: $? = 0
configure:23520: result: yes
configure:23486: checking whether getloadavg is declared without a macro
configure:23511: gcc  -c -isystem/home/ubuntu/yocto/rpi-build/tmp/work/x86_64-linux/patch-native/2.7.6-r0/recipe-sysroot-native/usr/include -O2 -pipe -isystem/home/ubuntu/yocto/rpi-build/tmp/work/x86_64-linux/patch-native/2.7.6-r0/recipe-sysroot-native/usr/include conftest.c >&5
configure:23511: $? = 0
configure:23520: result: yes
configure:23486: checking whether getsubopt is declared without a macro
configure:23511: gcc  -c -isystem/home/ubuntu/yocto/rpi-build/tmp/work/x86_64-linux/patch-native/2.7.6-r0/recipe-sysroot-native/usr/include -O2 -pipe -isystem/home/ubuntu/yocto/rpi-build/tmp/work/x86_64-linux/patch-native/2.7.6-r0/recipe-sysroot-native/usr/include conftest.c >&5
configure:23511: $? = 0
configure:23520: result: yes
configure:23486: checking whether grantpt is declared without a macro
configure:23511: gcc  -c -isystem/home/ubuntu/yocto/rpi-build/tmp/work/x86_64-linux/patch-native/2.7.6-r0/recipe-sysroot-native/usr/include -O2 -pipe -isystem/home/ubuntu/yocto/rpi-build/tmp/work/x86_64-linux/patch-native/2.7.6-r0/recipe-sysroot-native/usr/include conftest.c >&5
configure:23511: $? = 0
configure:23520: result: yes
configure:23486: checking whether initstate is declared without a macro
configure:23511: gcc  -c -isystem/home/ubuntu/yocto/rpi-build/tmp/work/x86_64-linux/patch-native/2.7.6-r0/recipe-sysroot-native/usr/include -O2 -pipe -isystem/home/ubuntu/yocto/rpi-build/tmp/work/x86_64-linux/patch-native/2.7.6-r0/recipe-sysroot-native/usr/include conftest.c >&5
configure:23511: $? = 0
configure:23520: result: yes
configure:23486: checking whether initstate_r is declared without a macro
configure:23511: gcc  -c -isystem/home/ubuntu/yocto/rpi-build/tmp/work/x86_64-linux/patch-native/2.7.6-r0/recipe-sysroot-native/usr/include -O2 -pipe -isystem/home/ubuntu/yocto/rpi-build/tmp/work/x86_64-linux/patch-native/2.7.6-r0/recipe-sysroot-native/usr/include conftest.c >&5
configure:23511: $? = 0
configure:23520: result: yes
configure:23486: checking whether mkdtemp is declared without a macro
configure:23511: gcc  -c -isystem/home/ubuntu/yocto/rpi-build/tmp/work/x86_64-linux/patch-native/2.7.6-r0/recipe-sysroot-native/usr/include -O2 -pipe -isystem/home/ubuntu/yocto/rpi-build/tmp/work/x86_64-linux/patch-native/2.7.6-r0/recipe-sysroot-native/usr/include conftest.c >&5
configure:23511: $? = 0
configure:23520: result: yes
configure:23486: checking whether mkostemp is declared without a macro
configure:23511: gcc  -c -isystem/home/ubuntu/yocto/rpi-build/tmp/work/x86_64-linux/patch-native/2.7.6-r0/recipe-sysroot-native/usr/include -O2 -pipe -isystem/home/ubuntu/yocto/rpi-build/tmp/work/x86_64-linux/patch-native/2.7.6-r0/recipe-sysroot-native/usr/include conftest.c >&5
configure:23511: $? = 0
configure:23520: result: yes
configure:23486: checking whether mkostemps is declared without a macro
configure:23511: gcc  -c -isystem/home/ubuntu/yocto/rpi-build/tmp/work/x86_64-linux/patch-native/2.7.6-r0/recipe-sysroot-native/usr/include -O2 -pipe -isystem/home/ubuntu/yocto/rpi-build/tmp/work/x86_64-linux/patch-native/2.7.6-r0/recipe-sysroot-native/usr/include conftest.c >&5
configure:23511: $? = 0
configure:23520: result: yes
configure:23486: checking whether mkstemp is declared without a macro
configure:23511: gcc  -c -isystem/home/ubuntu/yocto/rpi-build/tmp/work/x86_64-linux/patch-native/2.7.6-r0/recipe-sysroot-native/usr/include -O2 -pipe -isystem/home/ubuntu/yocto/rpi-build/tmp/work/x86_64-linux/patch-native/2.7.6-r0/recipe-sysroot-native/usr/include conftest.c >&5
configure:23511: $? = 0
configure:23520: result: yes
configure:23486: checking whether mkstemps is declared without a macro
configure:23511: gcc  -c -isystem/home/ubuntu/yocto/rpi-build/tmp/work/x86_64-linux/patch-native/2.7.6-r0/recipe-sysroot-native/usr/include -O2 -pipe -isystem/home/ubuntu/yocto/rpi-build/tmp/work/x86_64-linux/patch-native/2.7.6-r0/recipe-sysroot-native/usr/include conftest.c >&5
configure:23511: $? = 0
configure:23520: result: yes
configure:23486: checking whether posix_openpt is declared without a macro
configure:23511: gcc  -c -isystem/home/ubuntu/yocto/rpi-build/tmp/work/x86_64-linux/patch-native/2.7.6-r0/recipe-sysroot-native/usr/include -O2 -pipe -isystem/home/ubuntu/yocto/rpi-build/tmp/work/x86_64-linux/patch-native/2.7.6-r0/recipe-sysroot-native/usr/include conftest.c >&5
configure:23511: $? = 0
configure:23520: result: yes
configure:23486: checking whether ptsname is declared without a macro
configure:23511: gcc  -c -isystem/home/ubuntu/yocto/rpi-build/tmp/work/x86_64-linux/patch-native/2.7.6-r0/recipe-sysroot-native/usr/include -O2 -pipe -isystem/home/ubuntu/yocto/rpi-build/tmp/work/x86_64-linux/patch-native/2.7.6-r0/recipe-sysroot-native/usr/include conftest.c >&5
configure:23511: $? = 0
configure:23520: result: yes
configure:23486: checking whether ptsname_r is declared without a macro
configure:23511: gcc  -c -isystem/home/ubuntu/yocto/rpi-build/tmp/work/x86_64-linux/patch-native/2.7.6-r0/recipe-sysroot-native/usr/include -O2 -pipe -isystem/home/ubuntu/yocto/rpi-build/tmp/work/x86_64-linux/patch-native/2.7.6-r0/recipe-sysroot-native/usr/include conftest.c >&5
configure:23511: $? = 0
configure:23520: result: yes
configure:23486: checking whether qsort_r is declared without a macro
configure:23511: gcc  -c -isystem/home/ubuntu/yocto/rpi-build/tmp/work/x86_64-linux/patch-native/2.7.6-r0/recipe-sysroot-native/usr/include -O2 -pipe -isystem/home/ubuntu/yocto/rpi-build/tmp/work/x86_64-linux/patch-native/2.7.6-r0/recipe-sysroot-native/usr/include conftest.c >&5
configure:23511: $? = 0
configure:23520: result: yes
configure:23486: checking whether random is declared without a macro
configure:23511: gcc  -c -isystem/home/ubuntu/yocto/rpi-build/tmp/work/x86_64-linux/patch-native/2.7.6-r0/recipe-sysroot-native/usr/include -O2 -pipe -isystem/home/ubuntu/yocto/rpi-build/tmp/work/x86_64-linux/patch-native/2.7.6-r0/recipe-sysroot-native/usr/include conftest.c >&5
configure:23511: $? = 0
configure:23520: result: yes
configure:23486: checking whether random_r is declared without a macro
configure:23511: gcc  -c -isystem/home/ubuntu/yocto/rpi-build/tmp/work/x86_64-linux/patch-native/2.7.6-r0/recipe-sysroot-native/usr/include -O2 -pipe -isystem/home/ubuntu/yocto/rpi-build/tmp/work/x86_64-linux/patch-native/2.7.6-r0/recipe-sysroot-native/usr/include conftest.c >&5
configure:23511: $? = 0
configure:23520: result: yes
configure:23486: checking whether reallocarray is declared without a macro
configure:23511: gcc  -c -isystem/home/ubuntu/yocto/rpi-build/tmp/work/x86_64-linux/patch-native/2.7.6-r0/recipe-sysroot-native/usr/include -O2 -pipe -isystem/home/ubuntu/yocto/rpi-build/tmp/work/x86_64-linux/patch-native/2.7.6-r0/recipe-sysroot-native/usr/include conftest.c >&5
configure:23511: $? = 0
configure:23520: result: yes
configure:23486: checking whether realpath is declared without a macro
configure:23511: gcc  -c -isystem/home/ubuntu/yocto/rpi-build/tmp/work/x86_64-linux/patch-native/2.7.6-r0/recipe-sysroot-native/usr/include -O2 -pipe -isystem/home/ubuntu/yocto/rpi-build/tmp/work/x86_64-linux/patch-native/2.7.6-r0/recipe-sysroot-native/usr/include conftest.c >&5
configure:23511: $? = 0
configure:23520: result: yes
configure:23486: checking whether rpmatch is declared without a macro
configure:23511: gcc  -c -isystem/home/ubuntu/yocto/rpi-build/tmp/work/x86_64-linux/patch-native/2.7.6-r0/recipe-sysroot-native/usr/include -O2 -pipe -isystem/home/ubuntu/yocto/rpi-build/tmp/work/x86_64-linux/patch-native/2.7.6-r0/recipe-sysroot-native/usr/include conftest.c >&5
configure:23511: $? = 0
configure:23520: result: yes
configure:23486: checking whether secure_getenv is declared without a macro
configure:23511: gcc  -c -isystem/home/ubuntu/yocto/rpi-build/tmp/work/x86_64-linux/patch-native/2.7.6-r0/recipe-sysroot-native/usr/include -O2 -pipe -isystem/home/ubuntu/yocto/rpi-build/tmp/work/x86_64-linux/patch-native/2.7.6-r0/recipe-sysroot-native/usr/include conftest.c >&5
configure:23511: $? = 0
configure:23520: result: yes
configure:23486: checking whether setenv is declared without a macro
configure:23511: gcc  -c -isystem/home/ubuntu/yocto/rpi-build/tmp/work/x86_64-linux/patch-native/2.7.6-r0/recipe-sysroot-native/usr/include -O2 -pipe -isystem/home/ubuntu/yocto/rpi-build/tmp/work/x86_64-linux/patch-native/2.7.6-r0/recipe-sysroot-native/usr/include conftest.c >&5
configure:23511: $? = 0
configure:23520: result: yes
configure:23486: checking whether setstate is declared without a macro
configure:23511: gcc  -c -isystem/home/ubuntu/yocto/rpi-build/tmp/work/x86_64-linux/patch-native/2.7.6-r0/recipe-sysroot-native/usr/include -O2 -pipe -isystem/home/ubuntu/yocto/rpi-build/tmp/work/x86_64-linux/patch-native/2.7.6-r0/recipe-sysroot-native/usr/include conftest.c >&5
configure:23511: $? = 0
configure:23520: result: yes
configure:23486: checking whether setstate_r is declared without a macro
configure:23511: gcc  -c -isystem/home/ubuntu/yocto/rpi-build/tmp/work/x86_64-linux/patch-native/2.7.6-r0/recipe-sysroot-native/usr/include -O2 -pipe -isystem/home/ubuntu/yocto/rpi-build/tmp/work/x86_64-linux/patch-native/2.7.6-r0/recipe-sysroot-native/usr/include conftest.c >&5
configure:23511: $? = 0
configure:23520: result: yes
configure:23486: checking whether srandom is declared without a macro
configure:23511: gcc  -c -isystem/home/ubuntu/yocto/rpi-build/tmp/work/x86_64-linux/patch-native/2.7.6-r0/recipe-sysroot-native/usr/include -O2 -pipe -isystem/home/ubuntu/yocto/rpi-build/tmp/work/x86_64-linux/patch-native/2.7.6-r0/recipe-sysroot-native/usr/include conftest.c >&5
configure:23511: $? = 0
configure:23520: result: yes
configure:23486: checking whether srandom_r is declared without a macro
configure:23511: gcc  -c -isystem/home/ubuntu/yocto/rpi-build/tmp/work/x86_64-linux/patch-native/2.7.6-r0/recipe-sysroot-native/usr/include -O2 -pipe -isystem/home/ubuntu/yocto/rpi-build/tmp/work/x86_64-linux/patch-native/2.7.6-r0/recipe-sysroot-native/usr/include conftest.c >&5
configure:23511: $? = 0
configure:23520: result: yes
configure:23486: checking whether strtod is declared without a macro
configure:23511: gcc  -c -isystem/home/ubuntu/yocto/rpi-build/tmp/work/x86_64-linux/patch-native/2.7.6-r0/recipe-sysroot-native/usr/include -O2 -pipe -isystem/home/ubuntu/yocto/rpi-build/tmp/work/x86_64-linux/patch-native/2.7.6-r0/recipe-sysroot-native/usr/include conftest.c >&5
configure:23511: $? = 0
configure:23520: result: yes
configure:23486: checking whether strtoll is declared without a macro
configure:23511: gcc  -c -isystem/home/ubuntu/yocto/rpi-build/tmp/work/x86_64-linux/patch-native/2.7.6-r0/recipe-sysroot-native/usr/include -O2 -pipe -isystem/home/ubuntu/yocto/rpi-build/tmp/work/x86_64-linux/patch-native/2.7.6-r0/recipe-sysroot-native/usr/include conftest.c >&5
configure:23511: $? = 0
configure:23520: result: yes
configure:23486: checking whether strtoull is declared without a macro
configure:23511: gcc  -c -isystem/home/ubuntu/yocto/rpi-build/tmp/work/x86_64-linux/patch-native/2.7.6-r0/recipe-sysroot-native/usr/include -O2 -pipe -isystem/home/ubuntu/yocto/rpi-build/tmp/work/x86_64-linux/patch-native/2.7.6-r0/recipe-sysroot-native/usr/include conftest.c >&5
configure:23511: $? = 0
configure:23520: result: yes
configure:23486: checking whether unlockpt is declared without a macro
configure:23511: gcc  -c -isystem/home/ubuntu/yocto/rpi-build/tmp/work/x86_64-linux/patch-native/2.7.6-r0/recipe-sysroot-native/usr/include -O2 -pipe -isystem/home/ubuntu/yocto/rpi-build/tmp/work/x86_64-linux/patch-native/2.7.6-r0/recipe-sysroot-native/usr/include conftest.c >&5
configure:23511: $? = 0
configure:23520: result: yes
configure:23486: checking whether unsetenv is declared without a macro
configure:23511: gcc  -c -isystem/home/ubuntu/yocto/rpi-build/tmp/work/x86_64-linux/patch-native/2.7.6-r0/recipe-sysroot-native/usr/include -O2 -pipe -isystem/home/ubuntu/yocto/rpi-build/tmp/work/x86_64-linux/patch-native/2.7.6-r0/recipe-sysroot-native/usr/include conftest.c >&5
configure:23511: $? = 0
configure:23520: result: yes
configure:23581: checking for working strerror function
configure:23609: gcc  -o conftest -isystem/home/ubuntu/yocto/rpi-build/tmp/work/x86_64-linux/patch-native/2.7.6-r0/recipe-sysroot-native/usr/include -O2 -pipe -isystem/home/ubuntu/yocto/rpi-build/tmp/work/x86_64-linux/patch-native/2.7.6-r0/recipe-sysroot-native/usr/include -L/home/ubuntu/yocto/rpi-build/tmp/work/x86_64-linux/patch-native/2.7.6-r0/recipe-sysroot-native/usr/lib                         -L/home/ubuntu/yocto/rpi-build/tmp/work/x86_64-linux/patch-native/2.7.6-r0/recipe-sysroot-native/lib                         -Wl,--enable-new-dtags                         -Wl,-rpath-link,/home/ubuntu/yocto/rpi-build/tmp/work/x86_64-linux/patch-native/2.7.6-r0/recipe-sysroot-native/usr/lib                         -Wl,-rpath-link,/home/ubuntu/yocto/rpi-build/tmp/work/x86_64-linux/patch-native/2.7.6-r0/recipe-sysroot-native/lib                         -Wl,-rpath,/home/ubuntu/yocto/rpi-build/tmp/work/x86_64-linux/patch-native/2.7.6-r0/recipe-sysroot-native/usr/lib                         -Wl,-rpath,/home/ubuntu/yocto/rpi-build/tmp/work/x86_64-linux/patch-native/2.7.6-r0/recipe-sysroot-native/lib                         -Wl,-O1 -Wl,--allow-shlib-undefined -Wl,--dynamic-linker=/home/ubuntu/yocto/rpi-build/tmp/sysroots-uninative/x86_64-linux/lib/ld-linux-x86-64.so.2 conftest.c  >&5
configure:23609: $? = 0
configure:23609: ./conftest
configure:23609: $? = 0
configure:23621: result: yes
configure:23718: checking for working strndup
configure:23761: gcc  -o conftest -isystem/home/ubuntu/yocto/rpi-build/tmp/work/x86_64-linux/patch-native/2.7.6-r0/recipe-sysroot-native/usr/include -O2 -pipe -isystem/home/ubuntu/yocto/rpi-build/tmp/work/x86_64-linux/patch-native/2.7.6-r0/recipe-sysroot-native/usr/include -L/home/ubuntu/yocto/rpi-build/tmp/work/x86_64-linux/patch-native/2.7.6-r0/recipe-sysroot-native/usr/lib                         -L/home/ubuntu/yocto/rpi-build/tmp/work/x86_64-linux/patch-native/2.7.6-r0/recipe-sysroot-native/lib                         -Wl,--enable-new-dtags                         -Wl,-rpath-link,/home/ubuntu/yocto/rpi-build/tmp/work/x86_64-linux/patch-native/2.7.6-r0/recipe-sysroot-native/usr/lib                         -Wl,-rpath-link,/home/ubuntu/yocto/rpi-build/tmp/work/x86_64-linux/patch-native/2.7.6-r0/recipe-sysroot-native/lib                         -Wl,-rpath,/home/ubuntu/yocto/rpi-build/tmp/work/x86_64-linux/patch-native/2.7.6-r0/recipe-sysroot-native/usr/lib                         -Wl,-rpath,/home/ubuntu/yocto/rpi-build/tmp/work/x86_64-linux/patch-native/2.7.6-r0/recipe-sysroot-native/lib                         -Wl,-O1 -Wl,--allow-shlib-undefined -Wl,--dynamic-linker=/home/ubuntu/yocto/rpi-build/tmp/sysroots-uninative/x86_64-linux/lib/ld-linux-x86-64.so.2 conftest.c  >&5
configure:23761: $? = 0
configure:23761: ./conftest
configure:23761: $? = 0
configure:23772: result: yes
configure:23818: checking for working strnlen
configure:23858: gcc  -o conftest -isystem/home/ubuntu/yocto/rpi-build/tmp/work/x86_64-linux/patch-native/2.7.6-r0/recipe-sysroot-native/usr/include -O2 -pipe -isystem/home/ubuntu/yocto/rpi-build/tmp/work/x86_64-linux/patch-native/2.7.6-r0/recipe-sysroot-native/usr/include -L/home/ubuntu/yocto/rpi-build/tmp/work/x86_64-linux/patch-native/2.7.6-r0/recipe-sysroot-native/usr/lib                         -L/home/ubuntu/yocto/rpi-build/tmp/work/x86_64-linux/patch-native/2.7.6-r0/recipe-sysroot-native/lib                         -Wl,--enable-new-dtags                         -Wl,-rpath-link,/home/ubuntu/yocto/rpi-build/tmp/work/x86_64-linux/patch-native/2.7.6-r0/recipe-sysroot-native/usr/lib                         -Wl,-rpath-link,/home/ubuntu/yocto/rpi-build/tmp/work/x86_64-linux/patch-native/2.7.6-r0/recipe-sysroot-native/lib                         -Wl,-rpath,/home/ubuntu/yocto/rpi-build/tmp/work/x86_64-linux/patch-native/2.7.6-r0/recipe-sysroot-native/usr/lib                         -Wl,-rpath,/home/ubuntu/yocto/rpi-build/tmp/work/x86_64-linux/patch-native/2.7.6-r0/recipe-sysroot-native/lib                         -Wl,-O1 -Wl,--allow-shlib-undefined -Wl,--dynamic-linker=/home/ubuntu/yocto/rpi-build/tmp/sysroots-uninative/x86_64-linux/lib/ld-linux-x86-64.so.2 conftest.c  >&5
configure:23858: $? = 0
configure:23858: ./conftest
configure:23858: $? = 0
configure:23869: result: yes
configure:23913: checking whether symlink handles trailing slash correctly
configure:23949: gcc  -o conftest -isystem/home/ubuntu/yocto/rpi-build/tmp/work/x86_64-linux/patch-native/2.7.6-r0/recipe-sysroot-native/usr/include -O2 -pipe -isystem/home/ubuntu/yocto/rpi-build/tmp/work/x86_64-linux/patch-native/2.7.6-r0/recipe-sysroot-native/usr/include -L/home/ubuntu/yocto/rpi-build/tmp/work/x86_64-linux/patch-native/2.7.6-r0/recipe-sysroot-native/usr/lib                         -L/home/ubuntu/yocto/rpi-build/tmp/work/x86_64-linux/patch-native/2.7.6-r0/recipe-sysroot-native/lib                         -Wl,--enable-new-dtags                         -Wl,-rpath-link,/home/ubuntu/yocto/rpi-build/tmp/work/x86_64-linux/patch-native/2.7.6-r0/recipe-sysroot-native/usr/lib                         -Wl,-rpath-link,/home/ubuntu/yocto/rpi-build/tmp/work/x86_64-linux/patch-native/2.7.6-r0/recipe-sysroot-native/lib                         -Wl,-rpath,/home/ubuntu/yocto/rpi-build/tmp/work/x86_64-linux/patch-native/2.7.6-r0/recipe-sysroot-native/usr/lib                         -Wl,-rpath,/home/ubuntu/yocto/rpi-build/tmp/work/x86_64-linux/patch-native/2.7.6-r0/recipe-sysroot-native/lib                         -Wl,-O1 -Wl,--allow-shlib-undefined -Wl,--dynamic-linker=/home/ubuntu/yocto/rpi-build/tmp/sysroots-uninative/x86_64-linux/lib/ld-linux-x86-64.so.2 conftest.c  >&5
configure:23949: $? = 0
configure:23949: ./conftest
configure:23949: $? = 0
configure:23961: result: yes
configure:24006: checking whether symlinkat handles trailing slash correctly
configure:24043: gcc  -o conftest -isystem/home/ubuntu/yocto/rpi-build/tmp/work/x86_64-linux/patch-native/2.7.6-r0/recipe-sysroot-native/usr/include -O2 -pipe -isystem/home/ubuntu/yocto/rpi-build/tmp/work/x86_64-linux/patch-native/2.7.6-r0/recipe-sysroot-native/usr/include -L/home/ubuntu/yocto/rpi-build/tmp/work/x86_64-linux/patch-native/2.7.6-r0/recipe-sysroot-native/usr/lib                         -L/home/ubuntu/yocto/rpi-build/tmp/work/x86_64-linux/patch-native/2.7.6-r0/recipe-sysroot-native/lib                         -Wl,--enable-new-dtags                         -Wl,-rpath-link,/home/ubuntu/yocto/rpi-build/tmp/work/x86_64-linux/patch-native/2.7.6-r0/recipe-sysroot-native/usr/lib                         -Wl,-rpath-link,/home/ubuntu/yocto/rpi-build/tmp/work/x86_64-linux/patch-native/2.7.6-r0/recipe-sysroot-native/lib                         -Wl,-rpath,/home/ubuntu/yocto/rpi-build/tmp/work/x86_64-linux/patch-native/2.7.6-r0/recipe-sysroot-native/usr/lib                         -Wl,-rpath,/home/ubuntu/yocto/rpi-build/tmp/work/x86_64-linux/patch-native/2.7.6-r0/recipe-sysroot-native/lib                         -Wl,-O1 -Wl,--allow-shlib-undefined -Wl,--dynamic-linker=/home/ubuntu/yocto/rpi-build/tmp/sysroots-uninative/x86_64-linux/lib/ld-linux-x86-64.so.2 conftest.c  >&5
configure:24043: $? = 0
configure:24043: ./conftest
configure:24043: $? = 0
configure:24055: result: yes
configure:24189: checking for nlink_t
configure:24189: result: yes
configure:24205: checking whether fchmodat is declared without a macro
configure:24233: result: yes
configure:24205: checking whether fstat is declared without a macro
configure:24233: result: yes
configure:24205: checking whether fstatat is declared without a macro
configure:24233: result: yes
configure:24205: checking whether futimens is declared without a macro
configure:24233: result: yes
configure:24205: checking whether lchmod is declared without a macro
configure:24233: result: yes
configure:24205: checking whether lstat is declared without a macro
configure:24233: result: yes
configure:24205: checking whether mkdirat is declared without a macro
configure:24233: result: yes
configure:24205: checking whether mkfifo is declared without a macro
configure:24233: result: yes
configure:24205: checking whether mkfifoat is declared without a macro
configure:24233: result: yes
configure:24205: checking whether mknod is declared without a macro
configure:24233: result: yes
configure:24205: checking whether mknodat is declared without a macro
configure:24233: result: yes
configure:24205: checking whether stat is declared without a macro
configure:24233: result: yes
configure:24205: checking whether utimensat is declared without a macro
configure:24233: result: yes
configure:24267: checking whether localtime_r is declared
configure:24267: gcc  -c -isystem/home/ubuntu/yocto/rpi-build/tmp/work/x86_64-linux/patch-native/2.7.6-r0/recipe-sysroot-native/usr/include -O2 -pipe  -isystem/home/ubuntu/yocto/rpi-build/tmp/work/x86_64-linux/patch-native/2.7.6-r0/recipe-sysroot-native/usr/include conftest.c >&5
configure:24267: $? = 0
configure:24267: result: yes
configure:24284: checking whether localtime_r is compatible with its POSIX signature
configure:24309: gcc  -c -isystem/home/ubuntu/yocto/rpi-build/tmp/work/x86_64-linux/patch-native/2.7.6-r0/recipe-sysroot-native/usr/include -O2 -pipe -isystem/home/ubuntu/yocto/rpi-build/tmp/work/x86_64-linux/patch-native/2.7.6-r0/recipe-sysroot-native/usr/include conftest.c >&5
configure:24309: $? = 0
configure:24318: result: yes
configure:24364: checking for timezone_t
configure:24364: gcc  -c -isystem/home/ubuntu/yocto/rpi-build/tmp/work/x86_64-linux/patch-native/2.7.6-r0/recipe-sysroot-native/usr/include -O2 -pipe -isystem/home/ubuntu/yocto/rpi-build/tmp/work/x86_64-linux/patch-native/2.7.6-r0/recipe-sysroot-native/usr/include conftest.c >&5
conftest.c: In function 'main':
conftest.c:383:13: error: 'timezone_t' undeclared (first use in this function); did you mean 'timezone'?
  383 | if (sizeof (timezone_t))
      |             ^~~~~~~~~~
      |             timezone
conftest.c:383:13: note: each undeclared identifier is reported only once for each function it appears in
configure:24364: $? = 1
configure: failed program was:
| /* confdefs.h */
| #define PACKAGE_NAME "GNU patch"
| #define PACKAGE_TARNAME "patch"
| #define PACKAGE_VERSION "2.7.6"
| #define PACKAGE_STRING "GNU patch 2.7.6"
| #define PACKAGE_BUGREPORT "bug-patch@gnu.org"
| #define PACKAGE_URL "https://www.gnu.org/software/patch/"
| #define PACKAGE "patch"
| #define VERSION "2.7.6"
| #define HAVE_STDIO_H 1
| #define HAVE_STDLIB_H 1
| #define HAVE_STRING_H 1
| #define HAVE_INTTYPES_H 1
| #define HAVE_STDINT_H 1
| #define HAVE_STRINGS_H 1
| #define HAVE_SYS_STAT_H 1
| #define HAVE_SYS_TYPES_H 1
| #define HAVE_UNISTD_H 1
| #define HAVE_SYS_PARAM_H 1
| #define HAVE_SYS_SOCKET_H 1
| #define HAVE_DIRENT_H 1
| #define HAVE_GETOPT_H 1
| #define HAVE_SYS_CDEFS_H 1
| #define HAVE_SYS_TIME_H 1
| #define HAVE_LIMITS_H 1
| #define HAVE_WCHAR_H 1
| #define HAVE_SYS_MMAN_H 1
| #define HAVE_UTIME_H 1
| #define HAVE_FEATURES_H 1
| #define HAVE_WCTYPE_H 1
| #define STDC_HEADERS 1
| #define __EXTENSIONS__ 1
| #define _ALL_SOURCE 1
| #define _DARWIN_C_SOURCE 1
| #define _GNU_SOURCE 1
| #define _NETBSD_SOURCE 1
| #define _OPENBSD_SOURCE 1
| #define _POSIX_PTHREAD_SEMANTICS 1
| #define __STDC_WANT_IEC_60559_ATTRIBS_EXT__ 1
| #define __STDC_WANT_IEC_60559_BFP_EXT__ 1
| #define __STDC_WANT_IEC_60559_DFP_EXT__ 1
| #define __STDC_WANT_IEC_60559_FUNCS_EXT__ 1
| #define __STDC_WANT_IEC_60559_TYPES_EXT__ 1
| #define __STDC_WANT_LIB_EXT2__ 1
| #define __STDC_WANT_MATH_SPEC_FUNCS__ 1
| #define _TANDEM_SOURCE 1
| #define _HPUX_ALT_XOPEN_SOCKET_API 1
| #define HAVE_ALLOCA_H 1
| #define HAVE_ALLOCA 1
| #define D_INO_IN_DIRENT 1
| #define HAVE_LONG_FILE_NAMES 1
| #define HAVE_PATHCONF 1
| #define HAVE_CANONICALIZE_FILE_NAME 1
| #define HAVE_GETCWD 1
| #define HAVE_READLINK 1
| #define HAVE_REALPATH 1
| #define HAVE_CHOWN 1
| #define HAVE_FCHOWN 1
| #define HAVE_FCHDIR 1
| #define HAVE_FDOPENDIR 1
| #define HAVE_FACCESSAT 1
| #define HAVE_FCHMODAT 1
| #define HAVE_LCHMOD 1
| #define HAVE_FCNTL 1
| #define HAVE_SYMLINK 1
| #define HAVE_MEMPCPY 1
| #define HAVE_FSTATAT 1
| #define HAVE_GETDTABLESIZE 1
| #define HAVE_GETTIMEOFDAY 1
| #define HAVE_LSTAT 1
| #define HAVE_MBSINIT 1
| #define HAVE_MBRTOWC 1
| #define HAVE_MPROTECT 1
| #define HAVE_MKDIRAT 1
| #define HAVE_TZSET 1
| #define HAVE_OPENAT 1
| #define HAVE_READLINKAT 1
| #define HAVE_LINK 1
| #define HAVE_RENAMEAT 1
| #define HAVE_SETENV 1
| #define HAVE_STRDUP 1
| #define HAVE_STRNDUP 1
| #define HAVE_SYMLINKAT 1
| #define HAVE_LOCALTIME_R 1
| #define HAVE_TIMEGM 1
| #define HAVE_PIPE 1
| #define HAVE_UNLINKAT 1
| #define HAVE_UTIME 1
| #define HAVE_FUTIMES 1
| #define HAVE_FUTIMESAT 1
| #define HAVE_FUTIMENS 1
| #define HAVE_UTIMENSAT 1
| #define HAVE_LUTIMES 1
| #define HAVE_SNPRINTF 1
| #define HAVE_ISWCNTRL 1
| #define FUNC_REALPATH_WORKS 1
| #define HAVE_UNISTD_H 1
| #define HAVE_CHOWN 1
| #define HAVE_ENVIRON_DECL 1
| #define HAVE_DECL_STRERROR_R 1
| #define HAVE_STRERROR_R 1
| #define STRERROR_R_CHAR_P 1
| #define GETGROUPS_T gid_t
| #define LSTAT_FOLLOWS_SLASHED_SYMLINK 1
| #define HAVE_DECL_FCHDIR 1
| #define HAVE_WORKING_O_NOATIME 1
| #define HAVE_WORKING_O_NOFOLLOW 1
| #define HAVE_RAW_DECL_FCHMODAT 1
| #define HAVE_RAW_DECL_FSTAT 1
| #define HAVE_RAW_DECL_FSTATAT 1
| #define HAVE_RAW_DECL_FUTIMENS 1
| #define HAVE_RAW_DECL_LCHMOD 1
| #define HAVE_RAW_DECL_LSTAT 1
| #define HAVE_RAW_DECL_MKDIRAT 1
| #define HAVE_RAW_DECL_MKFIFO 1
| #define HAVE_RAW_DECL_MKFIFOAT 1
| #define HAVE_RAW_DECL_MKNOD 1
| #define HAVE_RAW_DECL_MKNODAT 1
| #define HAVE_RAW_DECL_STAT 1
| #define HAVE_RAW_DECL_UTIMENSAT 1
| #define HAVE_DECL_GETDTABLESIZE 1
| #define HAVE_GETOPT_H 1
| #define HAVE_GETOPT_LONG_ONLY 1
| #define restrict __restrict
| #define HAVE_RAW_DECL_GETTIMEOFDAY 1
| #define HAVE_WINT_T 1
| #define HAVE_UNSIGNED_LONG_LONG_INT 1
| #define HAVE_LONG_LONG_INT 1
| #define HAVE_RAW_DECL_IMAXABS 1
| #define HAVE_RAW_DECL_IMAXDIV 1
| #define HAVE_RAW_DECL_STRTOIMAX 1
| #define HAVE_RAW_DECL_STRTOUMAX 1
| #define HAVE_INTTYPES_H 1
| #define HAVE_LANGINFO_CODESET 1
| #define HAVE_DECL_GETC_UNLOCKED 1
| #define MALLOC_0_IS_NONNULL 1
| #define HAVE_MBSTATE_T 1
| #define HAVE_MAP_ANONYMOUS 1
| #define HAVE_DECL_MEMRCHR 1
| #define HAVE_MINMAX_IN_SYS_PARAM_H 1
| #define TIME_T_IS_SIGNED 1
| #define HAVE_DECL_ALARM 1
| #define HAVE_STRUCT_TM_TM_ZONE 1
| #define HAVE_TM_ZONE 1
| #define HAVE_TM_GMTOFF 1
| #define PROMOTED_MODE_T mode_t
| #define HAVE__BOOL 1
| #define HAVE_COMPOUND_LITERALS 1
| #define HAVE_DECL_SETENV 1
| #define HAVE_SEARCH_H 1
| #define HAVE_TSEARCH 1
| #define HAVE_SIGSET_T 1
| #define HAVE_WCHAR_T 1
| #define HAVE_DECL_STRDUP 1
| #define HAVE_RAW_DECL_FFSL 1
| #define HAVE_RAW_DECL_FFSLL 1
| #define HAVE_RAW_DECL_MEMMEM 1
| #define HAVE_RAW_DECL_MEMPCPY 1
| #define HAVE_RAW_DECL_MEMRCHR 1
| #define HAVE_RAW_DECL_RAWMEMCHR 1
| #define HAVE_RAW_DECL_STPCPY 1
| #define HAVE_RAW_DECL_STPNCPY 1
| #define HAVE_RAW_DECL_STRCHRNUL 1
| #define HAVE_RAW_DECL_STRDUP 1
| #define HAVE_RAW_DECL_STRNCAT 1
| #define HAVE_RAW_DECL_STRNDUP 1
| #define HAVE_RAW_DECL_STRNLEN 1
| #define HAVE_RAW_DECL_STRPBRK 1
| #define HAVE_RAW_DECL_STRSEP 1
| #define HAVE_RAW_DECL_STRCASESTR 1
| #define HAVE_RAW_DECL_STRTOK_R 1
| #define HAVE_RAW_DECL_STRERROR_R 1
| #define HAVE_RAW_DECL_STRSIGNAL 1
| #define HAVE_RAW_DECL_STRVERSCMP 1
| #define HAVE_DECL_STRNDUP 1
| #define HAVE_DECL_STRNLEN 1
| #define _USE_STD_STAT 1
| #define HAVE_DECL_UNSETENV 1
| #define HAVE_WORKING_UTIMES 1
| #define HAVE_INTTYPES_H_WITH_UINTMAX 1
| #define HAVE_STDINT_H_WITH_UINTMAX 1
| #define HAVE_INTMAX_T 1
| #define DBL_EXPBIT0_WORD 1
| #define DBL_EXPBIT0_BIT 20
| #define HAVE_SNPRINTF 1
| #define HAVE_STRNLEN 1
| #define HAVE_WCSLEN 1
| #define HAVE_WCSNLEN 1
| #define HAVE_MBRTOWC 1
| #define HAVE_WCRTOMB 1
| #define HAVE_DECL__SNPRINTF 0
| #define HAVE_SNPRINTF_RETVAL_C99 1
| #define HAVE_ALLOCA 1
| #define GNULIB_CANONICALIZE_LGPL 1
| #define GNULIB_TEST_CANONICALIZE_FILE_NAME 1
| #define GNULIB_TEST_REALPATH 1
| #define GNULIB_TEST_CHDIR 1
| #define GNULIB_TEST_CHOWN 1
| #define HAVE_CLOCK_GETTIME 1
| #define HAVE_CLOCK_SETTIME 1
| #define GNULIB_TEST_CLOEXEC 1
| #define GNULIB_TEST_CLOSE 1
| #define HAVE_CLOSEDIR 1
| #define GNULIB_TEST_CLOSEDIR 1
| #define D_INO_IN_DIRENT 1
| #define HAVE_RAW_DECL_ALPHASORT 1
| #define HAVE_RAW_DECL_CLOSEDIR 1
| #define HAVE_RAW_DECL_DIRFD 1
| #define HAVE_RAW_DECL_FDOPENDIR 1
| #define HAVE_RAW_DECL_OPENDIR 1
| #define HAVE_RAW_DECL_READDIR 1
| #define HAVE_RAW_DECL_REWINDDIR 1
| #define HAVE_RAW_DECL_SCANDIR 1
| #define GNULIB_DIRENT_SAFER 1
| #define HAVE_DIRFD 1
| #define HAVE_DECL_DIRFD 1
| #define GNULIB_TEST_DIRFD 1
| #define GNULIB_DIRNAME 1
| #define HAVE_DUP2 1
| #define GNULIB_TEST_DUP2 1
| #define GNULIB_TEST_ENVIRON 1
| #define HAVE_EUIDACCESS 1
| #define GNULIB_TEST_EUIDACCESS 1
| #define GNULIB_FACCESSAT 1
| #define GNULIB_TEST_FACCESSAT 1
| #define GNULIB_TEST_FCHDIR 1
| #define GNULIB_FCHMODAT 1
| #define GNULIB_TEST_FCHMODAT 1
| #define GNULIB_FCHOWNAT 1
| #define GNULIB_TEST_FCHOWNAT 1
| #define GNULIB_TEST_FCNTL 1
| #define HAVE_RAW_DECL_FCNTL 1
| #define HAVE_RAW_DECL_OPENAT 1
| #define GNULIB_FD_SAFER_FLAG 1
| #define FLEXIBLE_ARRAY_MEMBER /**/
| #define GNULIB_TEST_FSTAT 1
| #define GNULIB_TEST_FSTATAT 1
| #define GNULIB_TEST_GETCWD 1
| #define GNULIB_TEST_GETDTABLESIZE 1
| #define HAVE_GETGROUPS 1
| #define GNULIB_TEST_GETGROUPS 1
| #define HAVE_DECL_PROGRAM_INVOCATION_NAME 1
| #define HAVE_DECL_PROGRAM_INVOCATION_SHORT_NAME 1
| #define HAVE_DECL___ARGV 0
| #define GETTIMEOFDAY_TIMEZONE void
| #define GNULIB_TEST_GETTIMEOFDAY 1
| #define GNULIB_TEST_GROUP_MEMBER 1
| #define HAVE_LCHOWN 1
| #define GNULIB_TEST_LCHOWN 1
| #define GNULIB_TEST_LSTAT 1
| #define HAVE_MALLOC_GNU 1
| #define GNULIB_MALLOC_GNU 1
| #define HAVE_MALLOC_POSIX 1
| #define GNULIB_TEST_MALLOC_POSIX 1
| #define C_LOCALE_MAYBE_EILSEQ 1
| #define GNULIB_TEST_MBRTOWC 1
| #define GNULIB_TEST_MBSINIT 1
| #define GNULIB_TEST_MEMCHR 1
| #define HAVE_MEMPCPY 1
| #define GNULIB_TEST_MEMPCPY 1
| #define HAVE_MEMRCHR 1
| #define GNULIB_TEST_MEMRCHR 1
| #define GNULIB_TEST_MKDIRAT 1
| #define GNULIB_TEST_MKTIME 1
| #define NEED_MKTIME_INTERNAL 1
| #define GNULIB_MSVC_NOTHROW 1
| #define my_strftime nstrftime
| #define GNULIB_TEST_OPEN 1
| #define GNULIB_OPENAT 1
| #define GNULIB_TEST_OPENAT 1
| #define HAVE_OPENDIR 1
| #define GNULIB_TEST_OPENDIR 1
| #define HAVE_STRUCT_TM_TM_ZONE 1
| #define HAVE_TM_ZONE 1
| #define HAVE_DECL_PROGRAM_INVOCATION_NAME 1
| #define HAVE_DECL_PROGRAM_INVOCATION_SHORT_NAME 1
| #define HAVE_RAISE 1
| #define GNULIB_TEST_RAISE 1
| #define HAVE_READDIR 1
| #define GNULIB_TEST_READDIR 1
| #define GNULIB_TEST_READLINK 1
| #define GNULIB_TEST_READLINKAT 1
| #define HAVE_REALLOC_GNU 1
| #define GNULIB_REALLOC_GNU 1
| #define HAVE_REALLOC_POSIX 1
| #define GNULIB_TEST_REALLOC_POSIX 1
| #define GNULIB_TEST_RENAME 1
| #define HAVE_LINUX_FS_H 1
| #define GNULIB_TEST_RENAMEAT 1
| #define HAVE_LINUX_FS_H 1
| #define GNULIB_TEST_RMDIR 1
| #define GNULIB_TEST_SETENV 1
| #define HAVE_RAW_DECL_PTHREAD_SIGMASK 1
| #define HAVE_RAW_DECL_SIGACTION 1
| #define HAVE_RAW_DECL_SIGADDSET 1
| #define HAVE_RAW_DECL_SIGDELSET 1
| #define HAVE_RAW_DECL_SIGEMPTYSET 1
| #define HAVE_RAW_DECL_SIGFILLSET 1
| #define HAVE_RAW_DECL_SIGISMEMBER 1
| #define HAVE_RAW_DECL_SIGPENDING 1
| #define HAVE_RAW_DECL_SIGPROCMASK 1
| #define HAVE_STDINT_H 1
| #define GNULIB_TEST_STAT 1
| #define HAVE_STRUCT_STAT_ST_ATIM_TV_NSEC 1
| #define TYPEOF_STRUCT_STAT_ST_ATIM_IS_STRUCT_TIMESPEC 1
| #define GNULIB_STATAT 1
| #define __USE_MINGW_ANSI_STDIO 1
| #define GNULIB_FSCANF 1
| #define GNULIB_SCANF 1
| #define HAVE_RAW_DECL_DPRINTF 1
| #define HAVE_RAW_DECL_FSEEKO 1
| #define HAVE_RAW_DECL_FTELLO 1
| #define HAVE_RAW_DECL_GETDELIM 1
| #define HAVE_RAW_DECL_GETLINE 1
| #define HAVE_RAW_DECL_PCLOSE 1
| #define HAVE_RAW_DECL_POPEN 1
| #define HAVE_RAW_DECL_RENAMEAT 1
| #define HAVE_RAW_DECL_SNPRINTF 1
| #define HAVE_RAW_DECL_TMPFILE 1
| #define HAVE_RAW_DECL_VDPRINTF 1
| #define HAVE_RAW_DECL_VSNPRINTF 1
| #define HAVE_RAW_DECL__EXIT 1
| #define HAVE_RAW_DECL_ATOLL 1
| #define HAVE_RAW_DECL_CANONICALIZE_FILE_NAME 1
| #define HAVE_RAW_DECL_GETLOADAVG 1
| #define HAVE_RAW_DECL_GETSUBOPT 1
| #define HAVE_RAW_DECL_GRANTPT 1
| #define HAVE_RAW_DECL_INITSTATE 1
| #define HAVE_RAW_DECL_INITSTATE_R 1
| #define HAVE_RAW_DECL_MKDTEMP 1
| #define HAVE_RAW_DECL_MKOSTEMP 1
| #define HAVE_RAW_DECL_MKOSTEMPS 1
| #define HAVE_RAW_DECL_MKSTEMP 1
| #define HAVE_RAW_DECL_MKSTEMPS 1
| #define HAVE_RAW_DECL_POSIX_OPENPT 1
| #define HAVE_RAW_DECL_PTSNAME 1
| #define HAVE_RAW_DECL_PTSNAME_R 1
| #define HAVE_RAW_DECL_QSORT_R 1
| #define HAVE_RAW_DECL_RANDOM 1
| #define HAVE_RAW_DECL_RANDOM_R 1
| #define HAVE_RAW_DECL_REALLOCARRAY 1
| #define HAVE_RAW_DECL_REALPATH 1
| #define HAVE_RAW_DECL_RPMATCH 1
| #define HAVE_RAW_DECL_SECURE_GETENV 1
| #define HAVE_RAW_DECL_SETENV 1
| #define HAVE_RAW_DECL_SETSTATE 1
| #define HAVE_RAW_DECL_SETSTATE_R 1
| #define HAVE_RAW_DECL_SRANDOM 1
| #define HAVE_RAW_DECL_SRANDOM_R 1
| #define HAVE_RAW_DECL_STRTOD 1
| #define HAVE_RAW_DECL_STRTOLL 1
| #define HAVE_RAW_DECL_STRTOULL 1
| #define HAVE_RAW_DECL_UNLOCKPT 1
| #define HAVE_RAW_DECL_UNSETENV 1
| #define GNULIB_TEST_STRDUP 1
| #define GNULIB_STRERROR 1
| #define GNULIB_TEST_STRERROR 1
| #define GNULIB_TEST_STRNDUP 1
| #define GNULIB_TEST_STRNLEN 1
| #define GNULIB_TEST_SYMLINK 1
| #define GNULIB_TEST_SYMLINKAT 1
| #define HAVE_RAW_DECL_FCHMODAT 1
| #define HAVE_RAW_DECL_FSTAT 1
| #define HAVE_RAW_DECL_FSTATAT 1
| #define HAVE_RAW_DECL_FUTIMENS 1
| #define HAVE_RAW_DECL_LCHMOD 1
| #define HAVE_RAW_DECL_LSTAT 1
| #define HAVE_RAW_DECL_MKDIRAT 1
| #define HAVE_RAW_DECL_MKFIFO 1
| #define HAVE_RAW_DECL_MKFIFOAT 1
| #define HAVE_RAW_DECL_MKNOD 1
| #define HAVE_RAW_DECL_MKNODAT 1
| #define HAVE_RAW_DECL_STAT 1
| #define HAVE_RAW_DECL_UTIMENSAT 1
| #define HAVE_DECL_LOCALTIME_R 1
| #define GNULIB_TEST_TIME_R 1
| /* end confdefs.h.  */
| #include <time.h>
| 
| int
| main (void)
| {
| if (sizeof (timezone_t))
| 	 return 0;
|   ;
|   return 0;
| }
configure:24364: result: no
configure:24459: checking whether tzset clobbers localtime buffer
configure:24502: gcc  -o conftest -isystem/home/ubuntu/yocto/rpi-build/tmp/work/x86_64-linux/patch-native/2.7.6-r0/recipe-sysroot-native/usr/include -O2 -pipe -isystem/home/ubuntu/yocto/rpi-build/tmp/work/x86_64-linux/patch-native/2.7.6-r0/recipe-sysroot-native/usr/include -L/home/ubuntu/yocto/rpi-build/tmp/work/x86_64-linux/patch-native/2.7.6-r0/recipe-sysroot-native/usr/lib                         -L/home/ubuntu/yocto/rpi-build/tmp/work/x86_64-linux/patch-native/2.7.6-r0/recipe-sysroot-native/lib                         -Wl,--enable-new-dtags                         -Wl,-rpath-link,/home/ubuntu/yocto/rpi-build/tmp/work/x86_64-linux/patch-native/2.7.6-r0/recipe-sysroot-native/usr/lib                         -Wl,-rpath-link,/home/ubuntu/yocto/rpi-build/tmp/work/x86_64-linux/patch-native/2.7.6-r0/recipe-sysroot-native/lib                         -Wl,-rpath,/home/ubuntu/yocto/rpi-build/tmp/work/x86_64-linux/patch-native/2.7.6-r0/recipe-sysroot-native/usr/lib                         -Wl,-rpath,/home/ubuntu/yocto/rpi-build/tmp/work/x86_64-linux/patch-native/2.7.6-r0/recipe-sysroot-native/lib                         -Wl,-O1 -Wl,--allow-shlib-undefined -Wl,--dynamic-linker=/home/ubuntu/yocto/rpi-build/tmp/sysroots-uninative/x86_64-linux/lib/ld-linux-x86-64.so.2 conftest.c  >&5
configure:24502: $? = 0
configure:24502: ./conftest
configure:24502: $? = 0
configure:24514: result: no
configure:24664: checking whether chdir is declared without a macro
configure:24695: gcc  -c -isystem/home/ubuntu/yocto/rpi-build/tmp/work/x86_64-linux/patch-native/2.7.6-r0/recipe-sysroot-native/usr/include -O2 -pipe -isystem/home/ubuntu/yocto/rpi-build/tmp/work/x86_64-linux/patch-native/2.7.6-r0/recipe-sysroot-native/usr/include conftest.c >&5
configure:24695: $? = 0
configure:24704: result: yes
configure:24664: checking whether chown is declared without a macro
configure:24695: gcc  -c -isystem/home/ubuntu/yocto/rpi-build/tmp/work/x86_64-linux/patch-native/2.7.6-r0/recipe-sysroot-native/usr/include -O2 -pipe -isystem/home/ubuntu/yocto/rpi-build/tmp/work/x86_64-linux/patch-native/2.7.6-r0/recipe-sysroot-native/usr/include conftest.c >&5
configure:24695: $? = 0
configure:24704: result: yes
configure:24664: checking whether dup is declared without a macro
configure:24695: gcc  -c -isystem/home/ubuntu/yocto/rpi-build/tmp/work/x86_64-linux/patch-native/2.7.6-r0/recipe-sysroot-native/usr/include -O2 -pipe -isystem/home/ubuntu/yocto/rpi-build/tmp/work/x86_64-linux/patch-native/2.7.6-r0/recipe-sysroot-native/usr/include conftest.c >&5
configure:24695: $? = 0
configure:24704: result: yes
configure:24664: checking whether dup2 is declared without a macro
configure:24695: gcc  -c -isystem/home/ubuntu/yocto/rpi-build/tmp/work/x86_64-linux/patch-native/2.7.6-r0/recipe-sysroot-native/usr/include -O2 -pipe -isystem/home/ubuntu/yocto/rpi-build/tmp/work/x86_64-linux/patch-native/2.7.6-r0/recipe-sysroot-native/usr/include conftest.c >&5
configure:24695: $? = 0
configure:24704: result: yes
configure:24664: checking whether dup3 is declared without a macro
configure:24695: gcc  -c -isystem/home/ubuntu/yocto/rpi-build/tmp/work/x86_64-linux/patch-native/2.7.6-r0/recipe-sysroot-native/usr/include -O2 -pipe -isystem/home/ubuntu/yocto/rpi-build/tmp/work/x86_64-linux/patch-native/2.7.6-r0/recipe-sysroot-native/usr/include conftest.c >&5
configure:24695: $? = 0
configure:24704: result: yes
configure:24664: checking whether environ is declared without a macro
configure:24695: gcc  -c -isystem/home/ubuntu/yocto/rpi-build/tmp/work/x86_64-linux/patch-native/2.7.6-r0/recipe-sysroot-native/usr/include -O2 -pipe -isystem/home/ubuntu/yocto/rpi-build/tmp/work/x86_64-linux/patch-native/2.7.6-r0/recipe-sysroot-native/usr/include conftest.c >&5
configure:24695: $? = 0
configure:24704: result: yes
configure:24664: checking whether euidaccess is declared without a macro
configure:24695: gcc  -c -isystem/home/ubuntu/yocto/rpi-build/tmp/work/x86_64-linux/patch-native/2.7.6-r0/recipe-sysroot-native/usr/include -O2 -pipe -isystem/home/ubuntu/yocto/rpi-build/tmp/work/x86_64-linux/patch-native/2.7.6-r0/recipe-sysroot-native/usr/include conftest.c >&5
configure:24695: $? = 0
configure:24704: result: yes
configure:24664: checking whether faccessat is declared without a macro
configure:24695: gcc  -c -isystem/home/ubuntu/yocto/rpi-build/tmp/work/x86_64-linux/patch-native/2.7.6-r0/recipe-sysroot-native/usr/include -O2 -pipe -isystem/home/ubuntu/yocto/rpi-build/tmp/work/x86_64-linux/patch-native/2.7.6-r0/recipe-sysroot-native/usr/include conftest.c >&5
configure:24695: $? = 0
configure:24704: result: yes
configure:24664: checking whether fchdir is declared without a macro
configure:24695: gcc  -c -isystem/home/ubuntu/yocto/rpi-build/tmp/work/x86_64-linux/patch-native/2.7.6-r0/recipe-sysroot-native/usr/include -O2 -pipe -isystem/home/ubuntu/yocto/rpi-build/tmp/work/x86_64-linux/patch-native/2.7.6-r0/recipe-sysroot-native/usr/include conftest.c >&5
configure:24695: $? = 0
configure:24704: result: yes
configure:24664: checking whether fchownat is declared without a macro
configure:24695: gcc  -c -isystem/home/ubuntu/yocto/rpi-build/tmp/work/x86_64-linux/patch-native/2.7.6-r0/recipe-sysroot-native/usr/include -O2 -pipe -isystem/home/ubuntu/yocto/rpi-build/tmp/work/x86_64-linux/patch-native/2.7.6-r0/recipe-sysroot-native/usr/include conftest.c >&5
configure:24695: $? = 0
configure:24704: result: yes
configure:24664: checking whether fdatasync is declared without a macro
configure:24695: gcc  -c -isystem/home/ubuntu/yocto/rpi-build/tmp/work/x86_64-linux/patch-native/2.7.6-r0/recipe-sysroot-native/usr/include -O2 -pipe -isystem/home/ubuntu/yocto/rpi-build/tmp/work/x86_64-linux/patch-native/2.7.6-r0/recipe-sysroot-native/usr/include conftest.c >&5
configure:24695: $? = 0
configure:24704: result: yes
configure:24664: checking whether fsync is declared without a macro
configure:24695: gcc  -c -isystem/home/ubuntu/yocto/rpi-build/tmp/work/x86_64-linux/patch-native/2.7.6-r0/recipe-sysroot-native/usr/include -O2 -pipe -isystem/home/ubuntu/yocto/rpi-build/tmp/work/x86_64-linux/patch-native/2.7.6-r0/recipe-sysroot-native/usr/include conftest.c >&5
configure:24695: $? = 0
configure:24704: result: yes
configure:24664: checking whether ftruncate is declared without a macro
configure:24695: gcc  -c -isystem/home/ubuntu/yocto/rpi-build/tmp/work/x86_64-linux/patch-native/2.7.6-r0/recipe-sysroot-native/usr/include -O2 -pipe -isystem/home/ubuntu/yocto/rpi-build/tmp/work/x86_64-linux/patch-native/2.7.6-r0/recipe-sysroot-native/usr/include conftest.c >&5
configure:24695: $? = 0
configure:24704: result: yes
configure:24664: checking whether getcwd is declared without a macro
configure:24695: gcc  -c -isystem/home/ubuntu/yocto/rpi-build/tmp/work/x86_64-linux/patch-native/2.7.6-r0/recipe-sysroot-native/usr/include -O2 -pipe -isystem/home/ubuntu/yocto/rpi-build/tmp/work/x86_64-linux/patch-native/2.7.6-r0/recipe-sysroot-native/usr/include conftest.c >&5
configure:24695: $? = 0
configure:24704: result: yes
configure:24664: checking whether getdomainname is declared without a macro
configure:24695: gcc  -c -isystem/home/ubuntu/yocto/rpi-build/tmp/work/x86_64-linux/patch-native/2.7.6-r0/recipe-sysroot-native/usr/include -O2 -pipe -isystem/home/ubuntu/yocto/rpi-build/tmp/work/x86_64-linux/patch-native/2.7.6-r0/recipe-sysroot-native/usr/include conftest.c >&5
configure:24695: $? = 0
configure:24704: result: yes
configure:24664: checking whether getdtablesize is declared without a macro
configure:24695: gcc  -c -isystem/home/ubuntu/yocto/rpi-build/tmp/work/x86_64-linux/patch-native/2.7.6-r0/recipe-sysroot-native/usr/include -O2 -pipe -isystem/home/ubuntu/yocto/rpi-build/tmp/work/x86_64-linux/patch-native/2.7.6-r0/recipe-sysroot-native/usr/include conftest.c >&5
configure:24695: $? = 0
configure:24704: result: yes
configure:24664: checking whether getgroups is declared without a macro
configure:24695: gcc  -c -isystem/home/ubuntu/yocto/rpi-build/tmp/work/x86_64-linux/patch-native/2.7.6-r0/recipe-sysroot-native/usr/include -O2 -pipe -isystem/home/ubuntu/yocto/rpi-build/tmp/work/x86_64-linux/patch-native/2.7.6-r0/recipe-sysroot-native/usr/include conftest.c >&5
configure:24695: $? = 0
configure:24704: result: yes
configure:24664: checking whether gethostname is declared without a macro
configure:24695: gcc  -c -isystem/home/ubuntu/yocto/rpi-build/tmp/work/x86_64-linux/patch-native/2.7.6-r0/recipe-sysroot-native/usr/include -O2 -pipe -isystem/home/ubuntu/yocto/rpi-build/tmp/work/x86_64-linux/patch-native/2.7.6-r0/recipe-sysroot-native/usr/include conftest.c >&5
configure:24695: $? = 0
configure:24704: result: yes
configure:24664: checking whether getlogin is declared without a macro
configure:24695: gcc  -c -isystem/home/ubuntu/yocto/rpi-build/tmp/work/x86_64-linux/patch-native/2.7.6-r0/recipe-sysroot-native/usr/include -O2 -pipe -isystem/home/ubuntu/yocto/rpi-build/tmp/work/x86_64-linux/patch-native/2.7.6-r0/recipe-sysroot-native/usr/include conftest.c >&5
configure:24695: $? = 0
configure:24704: result: yes
configure:24664: checking whether getlogin_r is declared without a macro
configure:24695: gcc  -c -isystem/home/ubuntu/yocto/rpi-build/tmp/work/x86_64-linux/patch-native/2.7.6-r0/recipe-sysroot-native/usr/include -O2 -pipe -isystem/home/ubuntu/yocto/rpi-build/tmp/work/x86_64-linux/patch-native/2.7.6-r0/recipe-sysroot-native/usr/include conftest.c >&5
configure:24695: $? = 0
configure:24704: result: yes
configure:24664: checking whether getpagesize is declared without a macro
configure:24695: gcc  -c -isystem/home/ubuntu/yocto/rpi-build/tmp/work/x86_64-linux/patch-native/2.7.6-r0/recipe-sysroot-native/usr/include -O2 -pipe -isystem/home/ubuntu/yocto/rpi-build/tmp/work/x86_64-linux/patch-native/2.7.6-r0/recipe-sysroot-native/usr/include conftest.c >&5
configure:24695: $? = 0
configure:24704: result: yes
configure:24664: checking whether getusershell is declared without a macro
configure:24695: gcc  -c -isystem/home/ubuntu/yocto/rpi-build/tmp/work/x86_64-linux/patch-native/2.7.6-r0/recipe-sysroot-native/usr/include -O2 -pipe -isystem/home/ubuntu/yocto/rpi-build/tmp/work/x86_64-linux/patch-native/2.7.6-r0/recipe-sysroot-native/usr/include conftest.c >&5
configure:24695: $? = 0
configure:24704: result: yes
configure:24664: checking whether setusershell is declared without a macro
configure:24695: gcc  -c -isystem/home/ubuntu/yocto/rpi-build/tmp/work/x86_64-linux/patch-native/2.7.6-r0/recipe-sysroot-native/usr/include -O2 -pipe -isystem/home/ubuntu/yocto/rpi-build/tmp/work/x86_64-linux/patch-native/2.7.6-r0/recipe-sysroot-native/usr/include conftest.c >&5
configure:24695: $? = 0
configure:24704: result: yes
configure:24664: checking whether endusershell is declared without a macro
configure:24695: gcc  -c -isystem/home/ubuntu/yocto/rpi-build/tmp/work/x86_64-linux/patch-native/2.7.6-r0/recipe-sysroot-native/usr/include -O2 -pipe -isystem/home/ubuntu/yocto/rpi-build/tmp/work/x86_64-linux/patch-native/2.7.6-r0/recipe-sysroot-native/usr/include conftest.c >&5
configure:24695: $? = 0
configure:24704: result: yes
configure:24664: checking whether group_member is declared without a macro
configure:24695: gcc  -c -isystem/home/ubuntu/yocto/rpi-build/tmp/work/x86_64-linux/patch-native/2.7.6-r0/recipe-sysroot-native/usr/include -O2 -pipe -isystem/home/ubuntu/yocto/rpi-build/tmp/work/x86_64-linux/patch-native/2.7.6-r0/recipe-sysroot-native/usr/include conftest.c >&5
configure:24695: $? = 0
configure:24704: result: yes
configure:24664: checking whether isatty is declared without a macro
configure:24695: gcc  -c -isystem/home/ubuntu/yocto/rpi-build/tmp/work/x86_64-linux/patch-native/2.7.6-r0/recipe-sysroot-native/usr/include -O2 -pipe -isystem/home/ubuntu/yocto/rpi-build/tmp/work/x86_64-linux/patch-native/2.7.6-r0/recipe-sysroot-native/usr/include conftest.c >&5
configure:24695: $? = 0
configure:24704: result: yes
configure:24664: checking whether lchown is declared without a macro
configure:24695: gcc  -c -isystem/home/ubuntu/yocto/rpi-build/tmp/work/x86_64-linux/patch-native/2.7.6-r0/recipe-sysroot-native/usr/include -O2 -pipe -isystem/home/ubuntu/yocto/rpi-build/tmp/work/x86_64-linux/patch-native/2.7.6-r0/recipe-sysroot-native/usr/include conftest.c >&5
configure:24695: $? = 0
configure:24704: result: yes
configure:24664: checking whether link is declared without a macro
configure:24695: gcc  -c -isystem/home/ubuntu/yocto/rpi-build/tmp/work/x86_64-linux/patch-native/2.7.6-r0/recipe-sysroot-native/usr/include -O2 -pipe -isystem/home/ubuntu/yocto/rpi-build/tmp/work/x86_64-linux/patch-native/2.7.6-r0/recipe-sysroot-native/usr/include conftest.c >&5
configure:24695: $? = 0
configure:24704: result: yes
configure:24664: checking whether linkat is declared without a macro
configure:24695: gcc  -c -isystem/home/ubuntu/yocto/rpi-build/tmp/work/x86_64-linux/patch-native/2.7.6-r0/recipe-sysroot-native/usr/include -O2 -pipe -isystem/home/ubuntu/yocto/rpi-build/tmp/work/x86_64-linux/patch-native/2.7.6-r0/recipe-sysroot-native/usr/include conftest.c >&5
configure:24695: $? = 0
configure:24704: result: yes
configure:24664: checking whether lseek is declared without a macro
configure:24695: gcc  -c -isystem/home/ubuntu/yocto/rpi-build/tmp/work/x86_64-linux/patch-native/2.7.6-r0/recipe-sysroot-native/usr/include -O2 -pipe -isystem/home/ubuntu/yocto/rpi-build/tmp/work/x86_64-linux/patch-native/2.7.6-r0/recipe-sysroot-native/usr/include conftest.c >&5
configure:24695: $? = 0
configure:24704: result: yes
configure:24664: checking whether pipe is declared without a macro
configure:24695: gcc  -c -isystem/home/ubuntu/yocto/rpi-build/tmp/work/x86_64-linux/patch-native/2.7.6-r0/recipe-sysroot-native/usr/include -O2 -pipe -isystem/home/ubuntu/yocto/rpi-build/tmp/work/x86_64-linux/patch-native/2.7.6-r0/recipe-sysroot-native/usr/include conftest.c >&5
configure:24695: $? = 0
configure:24704: result: yes
configure:24664: checking whether pipe2 is declared without a macro
configure:24695: gcc  -c -isystem/home/ubuntu/yocto/rpi-build/tmp/work/x86_64-linux/patch-native/2.7.6-r0/recipe-sysroot-native/usr/include -O2 -pipe -isystem/home/ubuntu/yocto/rpi-build/tmp/work/x86_64-linux/patch-native/2.7.6-r0/recipe-sysroot-native/usr/include conftest.c >&5
configure:24695: $? = 0
configure:24704: result: yes
configure:24664: checking whether pread is declared without a macro
configure:24695: gcc  -c -isystem/home/ubuntu/yocto/rpi-build/tmp/work/x86_64-linux/patch-native/2.7.6-r0/recipe-sysroot-native/usr/include -O2 -pipe -isystem/home/ubuntu/yocto/rpi-build/tmp/work/x86_64-linux/patch-native/2.7.6-r0/recipe-sysroot-native/usr/include conftest.c >&5
configure:24695: $? = 0
configure:24704: result: yes
configure:24664: checking whether pwrite is declared without a macro
configure:24695: gcc  -c -isystem/home/ubuntu/yocto/rpi-build/tmp/work/x86_64-linux/patch-native/2.7.6-r0/recipe-sysroot-native/usr/include -O2 -pipe -isystem/home/ubuntu/yocto/rpi-build/tmp/work/x86_64-linux/patch-native/2.7.6-r0/recipe-sysroot-native/usr/include conftest.c >&5
configure:24695: $? = 0
configure:24704: result: yes
configure:24664: checking whether readlink is declared without a macro
configure:24695: gcc  -c -isystem/home/ubuntu/yocto/rpi-build/tmp/work/x86_64-linux/patch-native/2.7.6-r0/recipe-sysroot-native/usr/include -O2 -pipe -isystem/home/ubuntu/yocto/rpi-build/tmp/work/x86_64-linux/patch-native/2.7.6-r0/recipe-sysroot-native/usr/include conftest.c >&5
configure:24695: $? = 0
configure:24704: result: yes
configure:24664: checking whether readlinkat is declared without a macro
configure:24695: gcc  -c -isystem/home/ubuntu/yocto/rpi-build/tmp/work/x86_64-linux/patch-native/2.7.6-r0/recipe-sysroot-native/usr/include -O2 -pipe -isystem/home/ubuntu/yocto/rpi-build/tmp/work/x86_64-linux/patch-native/2.7.6-r0/recipe-sysroot-native/usr/include conftest.c >&5
configure:24695: $? = 0
configure:24704: result: yes
configure:24664: checking whether rmdir is declared without a macro
configure:24695: gcc  -c -isystem/home/ubuntu/yocto/rpi-build/tmp/work/x86_64-linux/patch-native/2.7.6-r0/recipe-sysroot-native/usr/include -O2 -pipe -isystem/home/ubuntu/yocto/rpi-build/tmp/work/x86_64-linux/patch-native/2.7.6-r0/recipe-sysroot-native/usr/include conftest.c >&5
configure:24695: $? = 0
configure:24704: result: yes
configure:24664: checking whether sethostname is declared without a macro
configure:24695: gcc  -c -isystem/home/ubuntu/yocto/rpi-build/tmp/work/x86_64-linux/patch-native/2.7.6-r0/recipe-sysroot-native/usr/include -O2 -pipe -isystem/home/ubuntu/yocto/rpi-build/tmp/work/x86_64-linux/patch-native/2.7.6-r0/recipe-sysroot-native/usr/include conftest.c >&5
configure:24695: $? = 0
configure:24704: result: yes
configure:24664: checking whether sleep is declared without a macro
configure:24695: gcc  -c -isystem/home/ubuntu/yocto/rpi-build/tmp/work/x86_64-linux/patch-native/2.7.6-r0/recipe-sysroot-native/usr/include -O2 -pipe -isystem/home/ubuntu/yocto/rpi-build/tmp/work/x86_64-linux/patch-native/2.7.6-r0/recipe-sysroot-native/usr/include conftest.c >&5
configure:24695: $? = 0
configure:24704: result: yes
configure:24664: checking whether symlink is declared without a macro
configure:24695: gcc  -c -isystem/home/ubuntu/yocto/rpi-build/tmp/work/x86_64-linux/patch-native/2.7.6-r0/recipe-sysroot-native/usr/include -O2 -pipe -isystem/home/ubuntu/yocto/rpi-build/tmp/work/x86_64-linux/patch-native/2.7.6-r0/recipe-sysroot-native/usr/include conftest.c >&5
configure:24695: $? = 0
configure:24704: result: yes
configure:24664: checking whether symlinkat is declared without a macro
configure:24695: gcc  -c -isystem/home/ubuntu/yocto/rpi-build/tmp/work/x86_64-linux/patch-native/2.7.6-r0/recipe-sysroot-native/usr/include -O2 -pipe -isystem/home/ubuntu/yocto/rpi-build/tmp/work/x86_64-linux/patch-native/2.7.6-r0/recipe-sysroot-native/usr/include conftest.c >&5
configure:24695: $? = 0
configure:24704: result: yes
configure:24664: checking whether truncate is declared without a macro
configure:24695: gcc  -c -isystem/home/ubuntu/yocto/rpi-build/tmp/work/x86_64-linux/patch-native/2.7.6-r0/recipe-sysroot-native/usr/include -O2 -pipe -isystem/home/ubuntu/yocto/rpi-build/tmp/work/x86_64-linux/patch-native/2.7.6-r0/recipe-sysroot-native/usr/include conftest.c >&5
configure:24695: $? = 0
configure:24704: result: yes
configure:24664: checking whether ttyname_r is declared without a macro
configure:24695: gcc  -c -isystem/home/ubuntu/yocto/rpi-build/tmp/work/x86_64-linux/patch-native/2.7.6-r0/recipe-sysroot-native/usr/include -O2 -pipe -isystem/home/ubuntu/yocto/rpi-build/tmp/work/x86_64-linux/patch-native/2.7.6-r0/recipe-sysroot-native/usr/include conftest.c >&5
configure:24695: $? = 0
configure:24704: result: yes
configure:24664: checking whether unlink is declared without a macro
configure:24695: gcc  -c -isystem/home/ubuntu/yocto/rpi-build/tmp/work/x86_64-linux/patch-native/2.7.6-r0/recipe-sysroot-native/usr/include -O2 -pipe -isystem/home/ubuntu/yocto/rpi-build/tmp/work/x86_64-linux/patch-native/2.7.6-r0/recipe-sysroot-native/usr/include conftest.c >&5
configure:24695: $? = 0
configure:24704: result: yes
configure:24664: checking whether unlinkat is declared without a macro
configure:24695: gcc  -c -isystem/home/ubuntu/yocto/rpi-build/tmp/work/x86_64-linux/patch-native/2.7.6-r0/recipe-sysroot-native/usr/include -O2 -pipe -isystem/home/ubuntu/yocto/rpi-build/tmp/work/x86_64-linux/patch-native/2.7.6-r0/recipe-sysroot-native/usr/include conftest.c >&5
configure:24695: $? = 0
configure:24704: result: yes
configure:24664: checking whether usleep is declared without a macro
configure:24695: gcc  -c -isystem/home/ubuntu/yocto/rpi-build/tmp/work/x86_64-linux/patch-native/2.7.6-r0/recipe-sysroot-native/usr/include -O2 -pipe -isystem/home/ubuntu/yocto/rpi-build/tmp/work/x86_64-linux/patch-native/2.7.6-r0/recipe-sysroot-native/usr/include conftest.c >&5
configure:24695: $? = 0
configure:24704: result: yes
configure:24725: checking whether unlink honors trailing slashes
configure:24777: gcc  -o conftest -isystem/home/ubuntu/yocto/rpi-build/tmp/work/x86_64-linux/patch-native/2.7.6-r0/recipe-sysroot-native/usr/include -O2 -pipe -isystem/home/ubuntu/yocto/rpi-build/tmp/work/x86_64-linux/patch-native/2.7.6-r0/recipe-sysroot-native/usr/include -L/home/ubuntu/yocto/rpi-build/tmp/work/x86_64-linux/patch-native/2.7.6-r0/recipe-sysroot-native/usr/lib                         -L/home/ubuntu/yocto/rpi-build/tmp/work/x86_64-linux/patch-native/2.7.6-r0/recipe-sysroot-native/lib                         -Wl,--enable-new-dtags                         -Wl,-rpath-link,/home/ubuntu/yocto/rpi-build/tmp/work/x86_64-linux/patch-native/2.7.6-r0/recipe-sysroot-native/usr/lib                         -Wl,-rpath-link,/home/ubuntu/yocto/rpi-build/tmp/work/x86_64-linux/patch-native/2.7.6-r0/recipe-sysroot-native/lib                         -Wl,-rpath,/home/ubuntu/yocto/rpi-build/tmp/work/x86_64-linux/patch-native/2.7.6-r0/recipe-sysroot-native/usr/lib                         -Wl,-rpath,/home/ubuntu/yocto/rpi-build/tmp/work/x86_64-linux/patch-native/2.7.6-r0/recipe-sysroot-native/lib                         -Wl,-O1 -Wl,--allow-shlib-undefined -Wl,--dynamic-linker=/home/ubuntu/yocto/rpi-build/tmp/sysroots-uninative/x86_64-linux/lib/ld-linux-x86-64.so.2 conftest.c  >&5
configure:24777: $? = 0
configure:24777: ./conftest
configure:24777: $? = 0
configure:24789: result: yes
configure:24797: checking whether unlink of a parent directory fails as it should
configure:24872: result: guessing yes
configure:24968: checking for unsetenv
configure:24968: gcc  -o conftest -isystem/home/ubuntu/yocto/rpi-build/tmp/work/x86_64-linux/patch-native/2.7.6-r0/recipe-sysroot-native/usr/include -O2 -pipe -isystem/home/ubuntu/yocto/rpi-build/tmp/work/x86_64-linux/patch-native/2.7.6-r0/recipe-sysroot-native/usr/include -L/home/ubuntu/yocto/rpi-build/tmp/work/x86_64-linux/patch-native/2.7.6-r0/recipe-sysroot-native/usr/lib                         -L/home/ubuntu/yocto/rpi-build/tmp/work/x86_64-linux/patch-native/2.7.6-r0/recipe-sysroot-native/lib                         -Wl,--enable-new-dtags                         -Wl,-rpath-link,/home/ubuntu/yocto/rpi-build/tmp/work/x86_64-linux/patch-native/2.7.6-r0/recipe-sysroot-native/usr/lib                         -Wl,-rpath-link,/home/ubuntu/yocto/rpi-build/tmp/work/x86_64-linux/patch-native/2.7.6-r0/recipe-sysroot-native/lib                         -Wl,-rpath,/home/ubuntu/yocto/rpi-build/tmp/work/x86_64-linux/patch-native/2.7.6-r0/recipe-sysroot-native/usr/lib                         -Wl,-rpath,/home/ubuntu/yocto/rpi-build/tmp/work/x86_64-linux/patch-native/2.7.6-r0/recipe-sysroot-native/lib                         -Wl,-O1 -Wl,--allow-shlib-undefined -Wl,--dynamic-linker=/home/ubuntu/yocto/rpi-build/tmp/sysroots-uninative/x86_64-linux/lib/ld-linux-x86-64.so.2 conftest.c  >&5
configure:24968: $? = 0
configure:24968: result: yes
configure:24979: checking for unsetenv() return type
configure:25005: gcc  -c -isystem/home/ubuntu/yocto/rpi-build/tmp/work/x86_64-linux/patch-native/2.7.6-r0/recipe-sysroot-native/usr/include -O2 -pipe -isystem/home/ubuntu/yocto/rpi-build/tmp/work/x86_64-linux/patch-native/2.7.6-r0/recipe-sysroot-native/usr/include conftest.c >&5
configure:25005: $? = 0
configure:25013: result: int
configure:25022: checking whether unsetenv obeys POSIX
configure:25069: gcc  -o conftest -isystem/home/ubuntu/yocto/rpi-build/tmp/work/x86_64-linux/patch-native/2.7.6-r0/recipe-sysroot-native/usr/include -O2 -pipe -isystem/home/ubuntu/yocto/rpi-build/tmp/work/x86_64-linux/patch-native/2.7.6-r0/recipe-sysroot-native/usr/include -L/home/ubuntu/yocto/rpi-build/tmp/work/x86_64-linux/patch-native/2.7.6-r0/recipe-sysroot-native/usr/lib                         -L/home/ubuntu/yocto/rpi-build/tmp/work/x86_64-linux/patch-native/2.7.6-r0/recipe-sysroot-native/lib                         -Wl,--enable-new-dtags                         -Wl,-rpath-link,/home/ubuntu/yocto/rpi-build/tmp/work/x86_64-linux/patch-native/2.7.6-r0/recipe-sysroot-native/usr/lib                         -Wl,-rpath-link,/home/ubuntu/yocto/rpi-build/tmp/work/x86_64-linux/patch-native/2.7.6-r0/recipe-sysroot-native/lib                         -Wl,-rpath,/home/ubuntu/yocto/rpi-build/tmp/work/x86_64-linux/patch-native/2.7.6-r0/recipe-sysroot-native/usr/lib                         -Wl,-rpath,/home/ubuntu/yocto/rpi-build/tmp/work/x86_64-linux/patch-native/2.7.6-r0/recipe-sysroot-native/lib                         -Wl,-O1 -Wl,--allow-shlib-undefined -Wl,--dynamic-linker=/home/ubuntu/yocto/rpi-build/tmp/sysroots-uninative/x86_64-linux/lib/ld-linux-x86-64.so.2 conftest.c  >&5
configure:25069: $? = 0
configure:25069: ./conftest
configure:25069: $? = 0
configure:25080: result: yes
configure:25276: checking whether utime is declared without a macro
configure:25295: gcc  -c -isystem/home/ubuntu/yocto/rpi-build/tmp/work/x86_64-linux/patch-native/2.7.6-r0/recipe-sysroot-native/usr/include -O2 -pipe -isystem/home/ubuntu/yocto/rpi-build/tmp/work/x86_64-linux/patch-native/2.7.6-r0/recipe-sysroot-native/usr/include conftest.c >&5
configure:25295: $? = 0
configure:25304: result: yes
configure:25389: checking whether utimensat works
configure:25449: gcc  -o conftest -isystem/home/ubuntu/yocto/rpi-build/tmp/work/x86_64-linux/patch-native/2.7.6-r0/recipe-sysroot-native/usr/include -O2 -pipe -isystem/home/ubuntu/yocto/rpi-build/tmp/work/x86_64-linux/patch-native/2.7.6-r0/recipe-sysroot-native/usr/include -L/home/ubuntu/yocto/rpi-build/tmp/work/x86_64-linux/patch-native/2.7.6-r0/recipe-sysroot-native/usr/lib                         -L/home/ubuntu/yocto/rpi-build/tmp/work/x86_64-linux/patch-native/2.7.6-r0/recipe-sysroot-native/lib                         -Wl,--enable-new-dtags                         -Wl,-rpath-link,/home/ubuntu/yocto/rpi-build/tmp/work/x86_64-linux/patch-native/2.7.6-r0/recipe-sysroot-native/usr/lib                         -Wl,-rpath-link,/home/ubuntu/yocto/rpi-build/tmp/work/x86_64-linux/patch-native/2.7.6-r0/recipe-sysroot-native/lib                         -Wl,-rpath,/home/ubuntu/yocto/rpi-build/tmp/work/x86_64-linux/patch-native/2.7.6-r0/recipe-sysroot-native/usr/lib                         -Wl,-rpath,/home/ubuntu/yocto/rpi-build/tmp/work/x86_64-linux/patch-native/2.7.6-r0/recipe-sysroot-native/lib                         -Wl,-O1 -Wl,--allow-shlib-undefined -Wl,--dynamic-linker=/home/ubuntu/yocto/rpi-build/tmp/sysroots-uninative/x86_64-linux/lib/ld-linux-x86-64.so.2 conftest.c  >&5
configure:25449: $? = 0
configure:25449: ./conftest
configure:25449: $? = 0
configure:25460: result: yes
configure:25555: checking for ptrdiff_t
configure:25555: gcc  -c -isystem/home/ubuntu/yocto/rpi-build/tmp/work/x86_64-linux/patch-native/2.7.6-r0/recipe-sysroot-native/usr/include -O2 -pipe -isystem/home/ubuntu/yocto/rpi-build/tmp/work/x86_64-linux/patch-native/2.7.6-r0/recipe-sysroot-native/usr/include conftest.c >&5
configure:25555: $? = 0
configure:25555: gcc  -c -isystem/home/ubuntu/yocto/rpi-build/tmp/work/x86_64-linux/patch-native/2.7.6-r0/recipe-sysroot-native/usr/include -O2 -pipe -isystem/home/ubuntu/yocto/rpi-build/tmp/work/x86_64-linux/patch-native/2.7.6-r0/recipe-sysroot-native/usr/include conftest.c >&5
conftest.c: In function 'main':
conftest.c:466:24: error: expected expression before ')' token
  466 | if (sizeof ((ptrdiff_t)))
      |                        ^
configure:25555: $? = 1
configure: failed program was:
| /* confdefs.h */
| #define PACKAGE_NAME "GNU patch"
| #define PACKAGE_TARNAME "patch"
| #define PACKAGE_VERSION "2.7.6"
| #define PACKAGE_STRING "GNU patch 2.7.6"
| #define PACKAGE_BUGREPORT "bug-patch@gnu.org"
| #define PACKAGE_URL "https://www.gnu.org/software/patch/"
| #define PACKAGE "patch"
| #define VERSION "2.7.6"
| #define HAVE_STDIO_H 1
| #define HAVE_STDLIB_H 1
| #define HAVE_STRING_H 1
| #define HAVE_INTTYPES_H 1
| #define HAVE_STDINT_H 1
| #define HAVE_STRINGS_H 1
| #define HAVE_SYS_STAT_H 1
| #define HAVE_SYS_TYPES_H 1
| #define HAVE_UNISTD_H 1
| #define HAVE_SYS_PARAM_H 1
| #define HAVE_SYS_SOCKET_H 1
| #define HAVE_DIRENT_H 1
| #define HAVE_GETOPT_H 1
| #define HAVE_SYS_CDEFS_H 1
| #define HAVE_SYS_TIME_H 1
| #define HAVE_LIMITS_H 1
| #define HAVE_WCHAR_H 1
| #define HAVE_SYS_MMAN_H 1
| #define HAVE_UTIME_H 1
| #define HAVE_FEATURES_H 1
| #define HAVE_WCTYPE_H 1
| #define STDC_HEADERS 1
| #define __EXTENSIONS__ 1
| #define _ALL_SOURCE 1
| #define _DARWIN_C_SOURCE 1
| #define _GNU_SOURCE 1
| #define _NETBSD_SOURCE 1
| #define _OPENBSD_SOURCE 1
| #define _POSIX_PTHREAD_SEMANTICS 1
| #define __STDC_WANT_IEC_60559_ATTRIBS_EXT__ 1
| #define __STDC_WANT_IEC_60559_BFP_EXT__ 1
| #define __STDC_WANT_IEC_60559_DFP_EXT__ 1
| #define __STDC_WANT_IEC_60559_FUNCS_EXT__ 1
| #define __STDC_WANT_IEC_60559_TYPES_EXT__ 1
| #define __STDC_WANT_LIB_EXT2__ 1
| #define __STDC_WANT_MATH_SPEC_FUNCS__ 1
| #define _TANDEM_SOURCE 1
| #define _HPUX_ALT_XOPEN_SOCKET_API 1
| #define HAVE_ALLOCA_H 1
| #define HAVE_ALLOCA 1
| #define D_INO_IN_DIRENT 1
| #define HAVE_LONG_FILE_NAMES 1
| #define HAVE_PATHCONF 1
| #define HAVE_CANONICALIZE_FILE_NAME 1
| #define HAVE_GETCWD 1
| #define HAVE_READLINK 1
| #define HAVE_REALPATH 1
| #define HAVE_CHOWN 1
| #define HAVE_FCHOWN 1
| #define HAVE_FCHDIR 1
| #define HAVE_FDOPENDIR 1
| #define HAVE_FACCESSAT 1
| #define HAVE_FCHMODAT 1
| #define HAVE_LCHMOD 1
| #define HAVE_FCNTL 1
| #define HAVE_SYMLINK 1
| #define HAVE_MEMPCPY 1
| #define HAVE_FSTATAT 1
| #define HAVE_GETDTABLESIZE 1
| #define HAVE_GETTIMEOFDAY 1
| #define HAVE_LSTAT 1
| #define HAVE_MBSINIT 1
| #define HAVE_MBRTOWC 1
| #define HAVE_MPROTECT 1
| #define HAVE_MKDIRAT 1
| #define HAVE_TZSET 1
| #define HAVE_OPENAT 1
| #define HAVE_READLINKAT 1
| #define HAVE_LINK 1
| #define HAVE_RENAMEAT 1
| #define HAVE_SETENV 1
| #define HAVE_STRDUP 1
| #define HAVE_STRNDUP 1
| #define HAVE_SYMLINKAT 1
| #define HAVE_LOCALTIME_R 1
| #define HAVE_TIMEGM 1
| #define HAVE_PIPE 1
| #define HAVE_UNLINKAT 1
| #define HAVE_UTIME 1
| #define HAVE_FUTIMES 1
| #define HAVE_FUTIMESAT 1
| #define HAVE_FUTIMENS 1
| #define HAVE_UTIMENSAT 1
| #define HAVE_LUTIMES 1
| #define HAVE_SNPRINTF 1
| #define HAVE_ISWCNTRL 1
| #define FUNC_REALPATH_WORKS 1
| #define HAVE_UNISTD_H 1
| #define HAVE_CHOWN 1
| #define HAVE_ENVIRON_DECL 1
| #define HAVE_DECL_STRERROR_R 1
| #define HAVE_STRERROR_R 1
| #define STRERROR_R_CHAR_P 1
| #define GETGROUPS_T gid_t
| #define LSTAT_FOLLOWS_SLASHED_SYMLINK 1
| #define HAVE_DECL_FCHDIR 1
| #define HAVE_WORKING_O_NOATIME 1
| #define HAVE_WORKING_O_NOFOLLOW 1
| #define HAVE_RAW_DECL_FCHMODAT 1
| #define HAVE_RAW_DECL_FSTAT 1
| #define HAVE_RAW_DECL_FSTATAT 1
| #define HAVE_RAW_DECL_FUTIMENS 1
| #define HAVE_RAW_DECL_LCHMOD 1
| #define HAVE_RAW_DECL_LSTAT 1
| #define HAVE_RAW_DECL_MKDIRAT 1
| #define HAVE_RAW_DECL_MKFIFO 1
| #define HAVE_RAW_DECL_MKFIFOAT 1
| #define HAVE_RAW_DECL_MKNOD 1
| #define HAVE_RAW_DECL_MKNODAT 1
| #define HAVE_RAW_DECL_STAT 1
| #define HAVE_RAW_DECL_UTIMENSAT 1
| #define HAVE_DECL_GETDTABLESIZE 1
| #define HAVE_GETOPT_H 1
| #define HAVE_GETOPT_LONG_ONLY 1
| #define restrict __restrict
| #define HAVE_RAW_DECL_GETTIMEOFDAY 1
| #define HAVE_WINT_T 1
| #define HAVE_UNSIGNED_LONG_LONG_INT 1
| #define HAVE_LONG_LONG_INT 1
| #define HAVE_RAW_DECL_IMAXABS 1
| #define HAVE_RAW_DECL_IMAXDIV 1
| #define HAVE_RAW_DECL_STRTOIMAX 1
| #define HAVE_RAW_DECL_STRTOUMAX 1
| #define HAVE_INTTYPES_H 1
| #define HAVE_LANGINFO_CODESET 1
| #define HAVE_DECL_GETC_UNLOCKED 1
| #define MALLOC_0_IS_NONNULL 1
| #define HAVE_MBSTATE_T 1
| #define HAVE_MAP_ANONYMOUS 1
| #define HAVE_DECL_MEMRCHR 1
| #define HAVE_MINMAX_IN_SYS_PARAM_H 1
| #define TIME_T_IS_SIGNED 1
| #define HAVE_DECL_ALARM 1
| #define HAVE_STRUCT_TM_TM_ZONE 1
| #define HAVE_TM_ZONE 1
| #define HAVE_TM_GMTOFF 1
| #define PROMOTED_MODE_T mode_t
| #define HAVE__BOOL 1
| #define HAVE_COMPOUND_LITERALS 1
| #define HAVE_DECL_SETENV 1
| #define HAVE_SEARCH_H 1
| #define HAVE_TSEARCH 1
| #define HAVE_SIGSET_T 1
| #define HAVE_WCHAR_T 1
| #define HAVE_DECL_STRDUP 1
| #define HAVE_RAW_DECL_FFSL 1
| #define HAVE_RAW_DECL_FFSLL 1
| #define HAVE_RAW_DECL_MEMMEM 1
| #define HAVE_RAW_DECL_MEMPCPY 1
| #define HAVE_RAW_DECL_MEMRCHR 1
| #define HAVE_RAW_DECL_RAWMEMCHR 1
| #define HAVE_RAW_DECL_STPCPY 1
| #define HAVE_RAW_DECL_STPNCPY 1
| #define HAVE_RAW_DECL_STRCHRNUL 1
| #define HAVE_RAW_DECL_STRDUP 1
| #define HAVE_RAW_DECL_STRNCAT 1
| #define HAVE_RAW_DECL_STRNDUP 1
| #define HAVE_RAW_DECL_STRNLEN 1
| #define HAVE_RAW_DECL_STRPBRK 1
| #define HAVE_RAW_DECL_STRSEP 1
| #define HAVE_RAW_DECL_STRCASESTR 1
| #define HAVE_RAW_DECL_STRTOK_R 1
| #define HAVE_RAW_DECL_STRERROR_R 1
| #define HAVE_RAW_DECL_STRSIGNAL 1
| #define HAVE_RAW_DECL_STRVERSCMP 1
| #define HAVE_DECL_STRNDUP 1
| #define HAVE_DECL_STRNLEN 1
| #define _USE_STD_STAT 1
| #define HAVE_DECL_UNSETENV 1
| #define HAVE_WORKING_UTIMES 1
| #define HAVE_INTTYPES_H_WITH_UINTMAX 1
| #define HAVE_STDINT_H_WITH_UINTMAX 1
| #define HAVE_INTMAX_T 1
| #define DBL_EXPBIT0_WORD 1
| #define DBL_EXPBIT0_BIT 20
| #define HAVE_SNPRINTF 1
| #define HAVE_STRNLEN 1
| #define HAVE_WCSLEN 1
| #define HAVE_WCSNLEN 1
| #define HAVE_MBRTOWC 1
| #define HAVE_WCRTOMB 1
| #define HAVE_DECL__SNPRINTF 0
| #define HAVE_SNPRINTF_RETVAL_C99 1
| #define HAVE_ALLOCA 1
| #define GNULIB_CANONICALIZE_LGPL 1
| #define GNULIB_TEST_CANONICALIZE_FILE_NAME 1
| #define GNULIB_TEST_REALPATH 1
| #define GNULIB_TEST_CHDIR 1
| #define GNULIB_TEST_CHOWN 1
| #define HAVE_CLOCK_GETTIME 1
| #define HAVE_CLOCK_SETTIME 1
| #define GNULIB_TEST_CLOEXEC 1
| #define GNULIB_TEST_CLOSE 1
| #define HAVE_CLOSEDIR 1
| #define GNULIB_TEST_CLOSEDIR 1
| #define D_INO_IN_DIRENT 1
| #define HAVE_RAW_DECL_ALPHASORT 1
| #define HAVE_RAW_DECL_CLOSEDIR 1
| #define HAVE_RAW_DECL_DIRFD 1
| #define HAVE_RAW_DECL_FDOPENDIR 1
| #define HAVE_RAW_DECL_OPENDIR 1
| #define HAVE_RAW_DECL_READDIR 1
| #define HAVE_RAW_DECL_REWINDDIR 1
| #define HAVE_RAW_DECL_SCANDIR 1
| #define GNULIB_DIRENT_SAFER 1
| #define HAVE_DIRFD 1
| #define HAVE_DECL_DIRFD 1
| #define GNULIB_TEST_DIRFD 1
| #define GNULIB_DIRNAME 1
| #define HAVE_DUP2 1
| #define GNULIB_TEST_DUP2 1
| #define GNULIB_TEST_ENVIRON 1
| #define HAVE_EUIDACCESS 1
| #define GNULIB_TEST_EUIDACCESS 1
| #define GNULIB_FACCESSAT 1
| #define GNULIB_TEST_FACCESSAT 1
| #define GNULIB_TEST_FCHDIR 1
| #define GNULIB_FCHMODAT 1
| #define GNULIB_TEST_FCHMODAT 1
| #define GNULIB_FCHOWNAT 1
| #define GNULIB_TEST_FCHOWNAT 1
| #define GNULIB_TEST_FCNTL 1
| #define HAVE_RAW_DECL_FCNTL 1
| #define HAVE_RAW_DECL_OPENAT 1
| #define GNULIB_FD_SAFER_FLAG 1
| #define FLEXIBLE_ARRAY_MEMBER /**/
| #define GNULIB_TEST_FSTAT 1
| #define GNULIB_TEST_FSTATAT 1
| #define GNULIB_TEST_GETCWD 1
| #define GNULIB_TEST_GETDTABLESIZE 1
| #define HAVE_GETGROUPS 1
| #define GNULIB_TEST_GETGROUPS 1
| #define HAVE_DECL_PROGRAM_INVOCATION_NAME 1
| #define HAVE_DECL_PROGRAM_INVOCATION_SHORT_NAME 1
| #define HAVE_DECL___ARGV 0
| #define GETTIMEOFDAY_TIMEZONE void
| #define GNULIB_TEST_GETTIMEOFDAY 1
| #define GNULIB_TEST_GROUP_MEMBER 1
| #define HAVE_LCHOWN 1
| #define GNULIB_TEST_LCHOWN 1
| #define GNULIB_TEST_LSTAT 1
| #define HAVE_MALLOC_GNU 1
| #define GNULIB_MALLOC_GNU 1
| #define HAVE_MALLOC_POSIX 1
| #define GNULIB_TEST_MALLOC_POSIX 1
| #define C_LOCALE_MAYBE_EILSEQ 1
| #define GNULIB_TEST_MBRTOWC 1
| #define GNULIB_TEST_MBSINIT 1
| #define GNULIB_TEST_MEMCHR 1
| #define HAVE_MEMPCPY 1
| #define GNULIB_TEST_MEMPCPY 1
| #define HAVE_MEMRCHR 1
| #define GNULIB_TEST_MEMRCHR 1
| #define GNULIB_TEST_MKDIRAT 1
| #define GNULIB_TEST_MKTIME 1
| #define NEED_MKTIME_INTERNAL 1
| #define GNULIB_MSVC_NOTHROW 1
| #define my_strftime nstrftime
| #define GNULIB_TEST_OPEN 1
| #define GNULIB_OPENAT 1
| #define GNULIB_TEST_OPENAT 1
| #define HAVE_OPENDIR 1
| #define GNULIB_TEST_OPENDIR 1
| #define HAVE_STRUCT_TM_TM_ZONE 1
| #define HAVE_TM_ZONE 1
| #define HAVE_DECL_PROGRAM_INVOCATION_NAME 1
| #define HAVE_DECL_PROGRAM_INVOCATION_SHORT_NAME 1
| #define HAVE_RAISE 1
| #define GNULIB_TEST_RAISE 1
| #define HAVE_READDIR 1
| #define GNULIB_TEST_READDIR 1
| #define GNULIB_TEST_READLINK 1
| #define GNULIB_TEST_READLINKAT 1
| #define HAVE_REALLOC_GNU 1
| #define GNULIB_REALLOC_GNU 1
| #define HAVE_REALLOC_POSIX 1
| #define GNULIB_TEST_REALLOC_POSIX 1
| #define GNULIB_TEST_RENAME 1
| #define HAVE_LINUX_FS_H 1
| #define GNULIB_TEST_RENAMEAT 1
| #define HAVE_LINUX_FS_H 1
| #define GNULIB_TEST_RMDIR 1
| #define GNULIB_TEST_SETENV 1
| #define HAVE_RAW_DECL_PTHREAD_SIGMASK 1
| #define HAVE_RAW_DECL_SIGACTION 1
| #define HAVE_RAW_DECL_SIGADDSET 1
| #define HAVE_RAW_DECL_SIGDELSET 1
| #define HAVE_RAW_DECL_SIGEMPTYSET 1
| #define HAVE_RAW_DECL_SIGFILLSET 1
| #define HAVE_RAW_DECL_SIGISMEMBER 1
| #define HAVE_RAW_DECL_SIGPENDING 1
| #define HAVE_RAW_DECL_SIGPROCMASK 1
| #define HAVE_STDINT_H 1
| #define GNULIB_TEST_STAT 1
| #define HAVE_STRUCT_STAT_ST_ATIM_TV_NSEC 1
| #define TYPEOF_STRUCT_STAT_ST_ATIM_IS_STRUCT_TIMESPEC 1
| #define GNULIB_STATAT 1
| #define __USE_MINGW_ANSI_STDIO 1
| #define GNULIB_FSCANF 1
| #define GNULIB_SCANF 1
| #define HAVE_RAW_DECL_DPRINTF 1
| #define HAVE_RAW_DECL_FSEEKO 1
| #define HAVE_RAW_DECL_FTELLO 1
| #define HAVE_RAW_DECL_GETDELIM 1
| #define HAVE_RAW_DECL_GETLINE 1
| #define HAVE_RAW_DECL_PCLOSE 1
| #define HAVE_RAW_DECL_POPEN 1
| #define HAVE_RAW_DECL_RENAMEAT 1
| #define HAVE_RAW_DECL_SNPRINTF 1
| #define HAVE_RAW_DECL_TMPFILE 1
| #define HAVE_RAW_DECL_VDPRINTF 1
| #define HAVE_RAW_DECL_VSNPRINTF 1
| #define HAVE_RAW_DECL__EXIT 1
| #define HAVE_RAW_DECL_ATOLL 1
| #define HAVE_RAW_DECL_CANONICALIZE_FILE_NAME 1
| #define HAVE_RAW_DECL_GETLOADAVG 1
| #define HAVE_RAW_DECL_GETSUBOPT 1
| #define HAVE_RAW_DECL_GRANTPT 1
| #define HAVE_RAW_DECL_INITSTATE 1
| #define HAVE_RAW_DECL_INITSTATE_R 1
| #define HAVE_RAW_DECL_MKDTEMP 1
| #define HAVE_RAW_DECL_MKOSTEMP 1
| #define HAVE_RAW_DECL_MKOSTEMPS 1
| #define HAVE_RAW_DECL_MKSTEMP 1
| #define HAVE_RAW_DECL_MKSTEMPS 1
| #define HAVE_RAW_DECL_POSIX_OPENPT 1
| #define HAVE_RAW_DECL_PTSNAME 1
| #define HAVE_RAW_DECL_PTSNAME_R 1
| #define HAVE_RAW_DECL_QSORT_R 1
| #define HAVE_RAW_DECL_RANDOM 1
| #define HAVE_RAW_DECL_RANDOM_R 1
| #define HAVE_RAW_DECL_REALLOCARRAY 1
| #define HAVE_RAW_DECL_REALPATH 1
| #define HAVE_RAW_DECL_RPMATCH 1
| #define HAVE_RAW_DECL_SECURE_GETENV 1
| #define HAVE_RAW_DECL_SETENV 1
| #define HAVE_RAW_DECL_SETSTATE 1
| #define HAVE_RAW_DECL_SETSTATE_R 1
| #define HAVE_RAW_DECL_SRANDOM 1
| #define HAVE_RAW_DECL_SRANDOM_R 1
| #define HAVE_RAW_DECL_STRTOD 1
| #define HAVE_RAW_DECL_STRTOLL 1
| #define HAVE_RAW_DECL_STRTOULL 1
| #define HAVE_RAW_DECL_UNLOCKPT 1
| #define HAVE_RAW_DECL_UNSETENV 1
| #define GNULIB_TEST_STRDUP 1
| #define GNULIB_STRERROR 1
| #define GNULIB_TEST_STRERROR 1
| #define GNULIB_TEST_STRNDUP 1
| #define GNULIB_TEST_STRNLEN 1
| #define GNULIB_TEST_SYMLINK 1
| #define GNULIB_TEST_SYMLINKAT 1
| #define HAVE_RAW_DECL_FCHMODAT 1
| #define HAVE_RAW_DECL_FSTAT 1
| #define HAVE_RAW_DECL_FSTATAT 1
| #define HAVE_RAW_DECL_FUTIMENS 1
| #define HAVE_RAW_DECL_LCHMOD 1
| #define HAVE_RAW_DECL_LSTAT 1
| #define HAVE_RAW_DECL_MKDIRAT 1
| #define HAVE_RAW_DECL_MKFIFO 1
| #define HAVE_RAW_DECL_MKFIFOAT 1
| #define HAVE_RAW_DECL_MKNOD 1
| #define HAVE_RAW_DECL_MKNODAT 1
| #define HAVE_RAW_DECL_STAT 1
| #define HAVE_RAW_DECL_UTIMENSAT 1
| #define HAVE_DECL_LOCALTIME_R 1
| #define GNULIB_TEST_TIME_R 1
| #define GNULIB_TEST_TIME_RZ 1
| #define GNULIB_TEST_TIMEGM 1
| #define HAVE_RUN_TZSET_TEST 1
| #define GNULIB_TEST_TZSET 1
| #define HAVE_RAW_DECL_CHDIR 1
| #define HAVE_RAW_DECL_CHOWN 1
| #define HAVE_RAW_DECL_DUP 1
| #define HAVE_RAW_DECL_DUP2 1
| #define HAVE_RAW_DECL_DUP3 1
| #define HAVE_RAW_DECL_ENVIRON 1
| #define HAVE_RAW_DECL_EUIDACCESS 1
| #define HAVE_RAW_DECL_FACCESSAT 1
| #define HAVE_RAW_DECL_FCHDIR 1
| #define HAVE_RAW_DECL_FCHOWNAT 1
| #define HAVE_RAW_DECL_FDATASYNC 1
| #define HAVE_RAW_DECL_FSYNC 1
| #define HAVE_RAW_DECL_FTRUNCATE 1
| #define HAVE_RAW_DECL_GETCWD 1
| #define HAVE_RAW_DECL_GETDOMAINNAME 1
| #define HAVE_RAW_DECL_GETDTABLESIZE 1
| #define HAVE_RAW_DECL_GETGROUPS 1
| #define HAVE_RAW_DECL_GETHOSTNAME 1
| #define HAVE_RAW_DECL_GETLOGIN 1
| #define HAVE_RAW_DECL_GETLOGIN_R 1
| #define HAVE_RAW_DECL_GETPAGESIZE 1
| #define HAVE_RAW_DECL_GETUSERSHELL 1
| #define HAVE_RAW_DECL_SETUSERSHELL 1
| #define HAVE_RAW_DECL_ENDUSERSHELL 1
| #define HAVE_RAW_DECL_GROUP_MEMBER 1
| #define HAVE_RAW_DECL_ISATTY 1
| #define HAVE_RAW_DECL_LCHOWN 1
| #define HAVE_RAW_DECL_LINK 1
| #define HAVE_RAW_DECL_LINKAT 1
| #define HAVE_RAW_DECL_LSEEK 1
| #define HAVE_RAW_DECL_PIPE 1
| #define HAVE_RAW_DECL_PIPE2 1
| #define HAVE_RAW_DECL_PREAD 1
| #define HAVE_RAW_DECL_PWRITE 1
| #define HAVE_RAW_DECL_READLINK 1
| #define HAVE_RAW_DECL_READLINKAT 1
| #define HAVE_RAW_DECL_RMDIR 1
| #define HAVE_RAW_DECL_SETHOSTNAME 1
| #define HAVE_RAW_DECL_SLEEP 1
| #define HAVE_RAW_DECL_SYMLINK 1
| #define HAVE_RAW_DECL_SYMLINKAT 1
| #define HAVE_RAW_DECL_TRUNCATE 1
| #define HAVE_RAW_DECL_TTYNAME_R 1
| #define HAVE_RAW_DECL_UNLINK 1
| #define HAVE_RAW_DECL_UNLINKAT 1
| #define HAVE_RAW_DECL_USLEEP 1
| #define GNULIB_TEST_UNLINK 1
| #define GNULIB_TEST_UNLINKAT 1
| #define HAVE_UNSETENV 1
| #define GNULIB_TEST_UNSETENV 1
| #define GNULIB_TEST_UTIME 1
| #define HAVE_RAW_DECL_UTIME 1
| #define GNULIB_TEST_UTIMENSAT 1
| /* end confdefs.h.  */
| #include <stddef.h>
| #ifdef HAVE_STDIO_H
| # include <stdio.h>
| #endif
| #ifdef HAVE_STDLIB_H
| # include <stdlib.h>
| #endif
| #ifdef HAVE_STRING_H
| # include <string.h>
| #endif
| #ifdef HAVE_INTTYPES_H
| # include <inttypes.h>
| #endif
| #ifdef HAVE_STDINT_H
| # include <stdint.h>
| #endif
| #ifdef HAVE_STRINGS_H
| # include <strings.h>
| #endif
| #ifdef HAVE_SYS_TYPES_H
| # include <sys/types.h>
| #endif
| #ifdef HAVE_SYS_STAT_H
| # include <sys/stat.h>
| #endif
| #ifdef HAVE_UNISTD_H
| # include <unistd.h>
| #endif
| int
| main (void)
| {
| if (sizeof ((ptrdiff_t)))
| 	    return 0;
|   ;
|   return 0;
| }
configure:25555: result: yes
configure:25575: checking for vasprintf
configure:25575: gcc  -o conftest -isystem/home/ubuntu/yocto/rpi-build/tmp/work/x86_64-linux/patch-native/2.7.6-r0/recipe-sysroot-native/usr/include -O2 -pipe -isystem/home/ubuntu/yocto/rpi-build/tmp/work/x86_64-linux/patch-native/2.7.6-r0/recipe-sysroot-native/usr/include -L/home/ubuntu/yocto/rpi-build/tmp/work/x86_64-linux/patch-native/2.7.6-r0/recipe-sysroot-native/usr/lib                         -L/home/ubuntu/yocto/rpi-build/tmp/work/x86_64-linux/patch-native/2.7.6-r0/recipe-sysroot-native/lib                         -Wl,--enable-new-dtags                         -Wl,-rpath-link,/home/ubuntu/yocto/rpi-build/tmp/work/x86_64-linux/patch-native/2.7.6-r0/recipe-sysroot-native/usr/lib                         -Wl,-rpath-link,/home/ubuntu/yocto/rpi-build/tmp/work/x86_64-linux/patch-native/2.7.6-r0/recipe-sysroot-native/lib                         -Wl,-rpath,/home/ubuntu/yocto/rpi-build/tmp/work/x86_64-linux/patch-native/2.7.6-r0/recipe-sysroot-native/usr/lib                         -Wl,-rpath,/home/ubuntu/yocto/rpi-build/tmp/work/x86_64-linux/patch-native/2.7.6-r0/recipe-sysroot-native/lib                         -Wl,-O1 -Wl,--allow-shlib-undefined -Wl,--dynamic-linker=/home/ubuntu/yocto/rpi-build/tmp/sysroots-uninative/x86_64-linux/lib/ld-linux-x86-64.so.2 conftest.c  >&5
configure:25575: $? = 0
configure:25575: result: yes
configure:25755: checking whether btowc is declared without a macro
configure:25784: gcc  -c -isystem/home/ubuntu/yocto/rpi-build/tmp/work/x86_64-linux/patch-native/2.7.6-r0/recipe-sysroot-native/usr/include -O2 -pipe -isystem/home/ubuntu/yocto/rpi-build/tmp/work/x86_64-linux/patch-native/2.7.6-r0/recipe-sysroot-native/usr/include conftest.c >&5
configure:25784: $? = 0
configure:25793: result: yes
configure:25755: checking whether wctob is declared without a macro
configure:25784: gcc  -c -isystem/home/ubuntu/yocto/rpi-build/tmp/work/x86_64-linux/patch-native/2.7.6-r0/recipe-sysroot-native/usr/include -O2 -pipe -isystem/home/ubuntu/yocto/rpi-build/tmp/work/x86_64-linux/patch-native/2.7.6-r0/recipe-sysroot-native/usr/include conftest.c >&5
configure:25784: $? = 0
configure:25793: result: yes
configure:25755: checking whether mbsinit is declared without a macro
configure:25784: gcc  -c -isystem/home/ubuntu/yocto/rpi-build/tmp/work/x86_64-linux/patch-native/2.7.6-r0/recipe-sysroot-native/usr/include -O2 -pipe -isystem/home/ubuntu/yocto/rpi-build/tmp/work/x86_64-linux/patch-native/2.7.6-r0/recipe-sysroot-native/usr/include conftest.c >&5
configure:25784: $? = 0
configure:25793: result: yes
configure:25755: checking whether mbrtowc is declared without a macro
configure:25784: gcc  -c -isystem/home/ubuntu/yocto/rpi-build/tmp/work/x86_64-linux/patch-native/2.7.6-r0/recipe-sysroot-native/usr/include -O2 -pipe -isystem/home/ubuntu/yocto/rpi-build/tmp/work/x86_64-linux/patch-native/2.7.6-r0/recipe-sysroot-native/usr/include conftest.c >&5
configure:25784: $? = 0
configure:25793: result: yes
configure:25755: checking whether mbrlen is declared without a macro
configure:25784: gcc  -c -isystem/home/ubuntu/yocto/rpi-build/tmp/work/x86_64-linux/patch-native/2.7.6-r0/recipe-sysroot-native/usr/include -O2 -pipe -isystem/home/ubuntu/yocto/rpi-build/tmp/work/x86_64-linux/patch-native/2.7.6-r0/recipe-sysroot-native/usr/include conftest.c >&5
configure:25784: $? = 0
configure:25793: result: yes
configure:25755: checking whether mbsrtowcs is declared without a macro
configure:25784: gcc  -c -isystem/home/ubuntu/yocto/rpi-build/tmp/work/x86_64-linux/patch-native/2.7.6-r0/recipe-sysroot-native/usr/include -O2 -pipe -isystem/home/ubuntu/yocto/rpi-build/tmp/work/x86_64-linux/patch-native/2.7.6-r0/recipe-sysroot-native/usr/include conftest.c >&5
configure:25784: $? = 0
configure:25793: result: yes
configure:25755: checking whether mbsnrtowcs is declared without a macro
configure:25784: gcc  -c -isystem/home/ubuntu/yocto/rpi-build/tmp/work/x86_64-linux/patch-native/2.7.6-r0/recipe-sysroot-native/usr/include -O2 -pipe -isystem/home/ubuntu/yocto/rpi-build/tmp/work/x86_64-linux/patch-native/2.7.6-r0/recipe-sysroot-native/usr/include conftest.c >&5
configure:25784: $? = 0
configure:25793: result: yes
configure:25755: checking whether wcrtomb is declared without a macro
configure:25784: gcc  -c -isystem/home/ubuntu/yocto/rpi-build/tmp/work/x86_64-linux/patch-native/2.7.6-r0/recipe-sysroot-native/usr/include -O2 -pipe -isystem/home/ubuntu/yocto/rpi-build/tmp/work/x86_64-linux/patch-native/2.7.6-r0/recipe-sysroot-native/usr/include conftest.c >&5
configure:25784: $? = 0
configure:25793: result: yes
configure:25755: checking whether wcsrtombs is declared without a macro
configure:25784: gcc  -c -isystem/home/ubuntu/yocto/rpi-build/tmp/work/x86_64-linux/patch-native/2.7.6-r0/recipe-sysroot-native/usr/include -O2 -pipe -isystem/home/ubuntu/yocto/rpi-build/tmp/work/x86_64-linux/patch-native/2.7.6-r0/recipe-sysroot-native/usr/include conftest.c >&5
configure:25784: $? = 0
configure:25793: result: yes
configure:25755: checking whether wcsnrtombs is declared without a macro
configure:25784: gcc  -c -isystem/home/ubuntu/yocto/rpi-build/tmp/work/x86_64-linux/patch-native/2.7.6-r0/recipe-sysroot-native/usr/include -O2 -pipe -isystem/home/ubuntu/yocto/rpi-build/tmp/work/x86_64-linux/patch-native/2.7.6-r0/recipe-sysroot-native/usr/include conftest.c >&5
configure:25784: $? = 0
configure:25793: result: yes
configure:25755: checking whether wcwidth is declared without a macro
configure:25784: gcc  -c -isystem/home/ubuntu/yocto/rpi-build/tmp/work/x86_64-linux/patch-native/2.7.6-r0/recipe-sysroot-native/usr/include -O2 -pipe -isystem/home/ubuntu/yocto/rpi-build/tmp/work/x86_64-linux/patch-native/2.7.6-r0/recipe-sysroot-native/usr/include conftest.c >&5
configure:25784: $? = 0
configure:25793: result: yes
configure:25755: checking whether wmemchr is declared without a macro
configure:25784: gcc  -c -isystem/home/ubuntu/yocto/rpi-build/tmp/work/x86_64-linux/patch-native/2.7.6-r0/recipe-sysroot-native/usr/include -O2 -pipe -isystem/home/ubuntu/yocto/rpi-build/tmp/work/x86_64-linux/patch-native/2.7.6-r0/recipe-sysroot-native/usr/include conftest.c >&5
configure:25784: $? = 0
configure:25793: result: yes
configure:25755: checking whether wmemcmp is declared without a macro
configure:25784: gcc  -c -isystem/home/ubuntu/yocto/rpi-build/tmp/work/x86_64-linux/patch-native/2.7.6-r0/recipe-sysroot-native/usr/include -O2 -pipe -isystem/home/ubuntu/yocto/rpi-build/tmp/work/x86_64-linux/patch-native/2.7.6-r0/recipe-sysroot-native/usr/include conftest.c >&5
configure:25784: $? = 0
configure:25793: result: yes
configure:25755: checking whether wmemcpy is declared without a macro
configure:25784: gcc  -c -isystem/home/ubuntu/yocto/rpi-build/tmp/work/x86_64-linux/patch-native/2.7.6-r0/recipe-sysroot-native/usr/include -O2 -pipe -isystem/home/ubuntu/yocto/rpi-build/tmp/work/x86_64-linux/patch-native/2.7.6-r0/recipe-sysroot-native/usr/include conftest.c >&5
configure:25784: $? = 0
configure:25793: result: yes
configure:25755: checking whether wmemmove is declared without a macro
configure:25784: gcc  -c -isystem/home/ubuntu/yocto/rpi-build/tmp/work/x86_64-linux/patch-native/2.7.6-r0/recipe-sysroot-native/usr/include -O2 -pipe -isystem/home/ubuntu/yocto/rpi-build/tmp/work/x86_64-linux/patch-native/2.7.6-r0/recipe-sysroot-native/usr/include conftest.c >&5
configure:25784: $? = 0
configure:25793: result: yes
configure:25755: checking whether wmemset is declared without a macro
configure:25784: gcc  -c -isystem/home/ubuntu/yocto/rpi-build/tmp/work/x86_64-linux/patch-native/2.7.6-r0/recipe-sysroot-native/usr/include -O2 -pipe -isystem/home/ubuntu/yocto/rpi-build/tmp/work/x86_64-linux/patch-native/2.7.6-r0/recipe-sysroot-native/usr/include conftest.c >&5
configure:25784: $? = 0
configure:25793: result: yes
configure:25755: checking whether wcslen is declared without a macro
configure:25784: gcc  -c -isystem/home/ubuntu/yocto/rpi-build/tmp/work/x86_64-linux/patch-native/2.7.6-r0/recipe-sysroot-native/usr/include -O2 -pipe -isystem/home/ubuntu/yocto/rpi-build/tmp/work/x86_64-linux/patch-native/2.7.6-r0/recipe-sysroot-native/usr/include conftest.c >&5
configure:25784: $? = 0
configure:25793: result: yes
configure:25755: checking whether wcsnlen is declared without a macro
configure:25784: gcc  -c -isystem/home/ubuntu/yocto/rpi-build/tmp/work/x86_64-linux/patch-native/2.7.6-r0/recipe-sysroot-native/usr/include -O2 -pipe -isystem/home/ubuntu/yocto/rpi-build/tmp/work/x86_64-linux/patch-native/2.7.6-r0/recipe-sysroot-native/usr/include conftest.c >&5
configure:25784: $? = 0
configure:25793: result: yes
configure:25755: checking whether wcscpy is declared without a macro
configure:25784: gcc  -c -isystem/home/ubuntu/yocto/rpi-build/tmp/work/x86_64-linux/patch-native/2.7.6-r0/recipe-sysroot-native/usr/include -O2 -pipe -isystem/home/ubuntu/yocto/rpi-build/tmp/work/x86_64-linux/patch-native/2.7.6-r0/recipe-sysroot-native/usr/include conftest.c >&5
configure:25784: $? = 0
configure:25793: result: yes
configure:25755: checking whether wcpcpy is declared without a macro
configure:25784: gcc  -c -isystem/home/ubuntu/yocto/rpi-build/tmp/work/x86_64-linux/patch-native/2.7.6-r0/recipe-sysroot-native/usr/include -O2 -pipe -isystem/home/ubuntu/yocto/rpi-build/tmp/work/x86_64-linux/patch-native/2.7.6-r0/recipe-sysroot-native/usr/include conftest.c >&5
configure:25784: $? = 0
configure:25793: result: yes
configure:25755: checking whether wcsncpy is declared without a macro
configure:25784: gcc  -c -isystem/home/ubuntu/yocto/rpi-build/tmp/work/x86_64-linux/patch-native/2.7.6-r0/recipe-sysroot-native/usr/include -O2 -pipe -isystem/home/ubuntu/yocto/rpi-build/tmp/work/x86_64-linux/patch-native/2.7.6-r0/recipe-sysroot-native/usr/include conftest.c >&5
configure:25784: $? = 0
configure:25793: result: yes
configure:25755: checking whether wcpncpy is declared without a macro
configure:25784: gcc  -c -isystem/home/ubuntu/yocto/rpi-build/tmp/work/x86_64-linux/patch-native/2.7.6-r0/recipe-sysroot-native/usr/include -O2 -pipe -isystem/home/ubuntu/yocto/rpi-build/tmp/work/x86_64-linux/patch-native/2.7.6-r0/recipe-sysroot-native/usr/include conftest.c >&5
configure:25784: $? = 0
configure:25793: result: yes
configure:25755: checking whether wcscat is declared without a macro
configure:25784: gcc  -c -isystem/home/ubuntu/yocto/rpi-build/tmp/work/x86_64-linux/patch-native/2.7.6-r0/recipe-sysroot-native/usr/include -O2 -pipe -isystem/home/ubuntu/yocto/rpi-build/tmp/work/x86_64-linux/patch-native/2.7.6-r0/recipe-sysroot-native/usr/include conftest.c >&5
configure:25784: $? = 0
configure:25793: result: yes
configure:25755: checking whether wcsncat is declared without a macro
configure:25784: gcc  -c -isystem/home/ubuntu/yocto/rpi-build/tmp/work/x86_64-linux/patch-native/2.7.6-r0/recipe-sysroot-native/usr/include -O2 -pipe -isystem/home/ubuntu/yocto/rpi-build/tmp/work/x86_64-linux/patch-native/2.7.6-r0/recipe-sysroot-native/usr/include conftest.c >&5
configure:25784: $? = 0
configure:25793: result: yes
configure:25755: checking whether wcscmp is declared without a macro
configure:25784: gcc  -c -isystem/home/ubuntu/yocto/rpi-build/tmp/work/x86_64-linux/patch-native/2.7.6-r0/recipe-sysroot-native/usr/include -O2 -pipe -isystem/home/ubuntu/yocto/rpi-build/tmp/work/x86_64-linux/patch-native/2.7.6-r0/recipe-sysroot-native/usr/include conftest.c >&5
configure:25784: $? = 0
configure:25793: result: yes
configure:25755: checking whether wcsncmp is declared without a macro
configure:25784: gcc  -c -isystem/home/ubuntu/yocto/rpi-build/tmp/work/x86_64-linux/patch-native/2.7.6-r0/recipe-sysroot-native/usr/include -O2 -pipe -isystem/home/ubuntu/yocto/rpi-build/tmp/work/x86_64-linux/patch-native/2.7.6-r0/recipe-sysroot-native/usr/include conftest.c >&5
configure:25784: $? = 0
configure:25793: result: yes
configure:25755: checking whether wcscasecmp is declared without a macro
configure:25784: gcc  -c -isystem/home/ubuntu/yocto/rpi-build/tmp/work/x86_64-linux/patch-native/2.7.6-r0/recipe-sysroot-native/usr/include -O2 -pipe -isystem/home/ubuntu/yocto/rpi-build/tmp/work/x86_64-linux/patch-native/2.7.6-r0/recipe-sysroot-native/usr/include conftest.c >&5
configure:25784: $? = 0
configure:25793: result: yes
configure:25755: checking whether wcsncasecmp is declared without a macro
configure:25784: gcc  -c -isystem/home/ubuntu/yocto/rpi-build/tmp/work/x86_64-linux/patch-native/2.7.6-r0/recipe-sysroot-native/usr/include -O2 -pipe -isystem/home/ubuntu/yocto/rpi-build/tmp/work/x86_64-linux/patch-native/2.7.6-r0/recipe-sysroot-native/usr/include conftest.c >&5
configure:25784: $? = 0
configure:25793: result: yes
configure:25755: checking whether wcscoll is declared without a macro
configure:25784: gcc  -c -isystem/home/ubuntu/yocto/rpi-build/tmp/work/x86_64-linux/patch-native/2.7.6-r0/recipe-sysroot-native/usr/include -O2 -pipe -isystem/home/ubuntu/yocto/rpi-build/tmp/work/x86_64-linux/patch-native/2.7.6-r0/recipe-sysroot-native/usr/include conftest.c >&5
configure:25784: $? = 0
configure:25793: result: yes
configure:25755: checking whether wcsxfrm is declared without a macro
configure:25784: gcc  -c -isystem/home/ubuntu/yocto/rpi-build/tmp/work/x86_64-linux/patch-native/2.7.6-r0/recipe-sysroot-native/usr/include -O2 -pipe -isystem/home/ubuntu/yocto/rpi-build/tmp/work/x86_64-linux/patch-native/2.7.6-r0/recipe-sysroot-native/usr/include conftest.c >&5
configure:25784: $? = 0
configure:25793: result: yes
configure:25755: checking whether wcsdup is declared without a macro
configure:25784: gcc  -c -isystem/home/ubuntu/yocto/rpi-build/tmp/work/x86_64-linux/patch-native/2.7.6-r0/recipe-sysroot-native/usr/include -O2 -pipe -isystem/home/ubuntu/yocto/rpi-build/tmp/work/x86_64-linux/patch-native/2.7.6-r0/recipe-sysroot-native/usr/include conftest.c >&5
configure:25784: $? = 0
configure:25793: result: yes
configure:25755: checking whether wcschr is declared without a macro
configure:25784: gcc  -c -isystem/home/ubuntu/yocto/rpi-build/tmp/work/x86_64-linux/patch-native/2.7.6-r0/recipe-sysroot-native/usr/include -O2 -pipe -isystem/home/ubuntu/yocto/rpi-build/tmp/work/x86_64-linux/patch-native/2.7.6-r0/recipe-sysroot-native/usr/include conftest.c >&5
configure:25784: $? = 0
configure:25793: result: yes
configure:25755: checking whether wcsrchr is declared without a macro
configure:25784: gcc  -c -isystem/home/ubuntu/yocto/rpi-build/tmp/work/x86_64-linux/patch-native/2.7.6-r0/recipe-sysroot-native/usr/include -O2 -pipe -isystem/home/ubuntu/yocto/rpi-build/tmp/work/x86_64-linux/patch-native/2.7.6-r0/recipe-sysroot-native/usr/include conftest.c >&5
configure:25784: $? = 0
configure:25793: result: yes
configure:25755: checking whether wcscspn is declared without a macro
configure:25784: gcc  -c -isystem/home/ubuntu/yocto/rpi-build/tmp/work/x86_64-linux/patch-native/2.7.6-r0/recipe-sysroot-native/usr/include -O2 -pipe -isystem/home/ubuntu/yocto/rpi-build/tmp/work/x86_64-linux/patch-native/2.7.6-r0/recipe-sysroot-native/usr/include conftest.c >&5
configure:25784: $? = 0
configure:25793: result: yes
configure:25755: checking whether wcsspn is declared without a macro
configure:25784: gcc  -c -isystem/home/ubuntu/yocto/rpi-build/tmp/work/x86_64-linux/patch-native/2.7.6-r0/recipe-sysroot-native/usr/include -O2 -pipe -isystem/home/ubuntu/yocto/rpi-build/tmp/work/x86_64-linux/patch-native/2.7.6-r0/recipe-sysroot-native/usr/include conftest.c >&5
configure:25784: $? = 0
configure:25793: result: yes
configure:25755: checking whether wcspbrk is declared without a macro
configure:25784: gcc  -c -isystem/home/ubuntu/yocto/rpi-build/tmp/work/x86_64-linux/patch-native/2.7.6-r0/recipe-sysroot-native/usr/include -O2 -pipe -isystem/home/ubuntu/yocto/rpi-build/tmp/work/x86_64-linux/patch-native/2.7.6-r0/recipe-sysroot-native/usr/include conftest.c >&5
configure:25784: $? = 0
configure:25793: result: yes
configure:25755: checking whether wcsstr is declared without a macro
configure:25784: gcc  -c -isystem/home/ubuntu/yocto/rpi-build/tmp/work/x86_64-linux/patch-native/2.7.6-r0/recipe-sysroot-native/usr/include -O2 -pipe -isystem/home/ubuntu/yocto/rpi-build/tmp/work/x86_64-linux/patch-native/2.7.6-r0/recipe-sysroot-native/usr/include conftest.c >&5
configure:25784: $? = 0
configure:25793: result: yes
configure:25755: checking whether wcstok is declared without a macro
configure:25784: gcc  -c -isystem/home/ubuntu/yocto/rpi-build/tmp/work/x86_64-linux/patch-native/2.7.6-r0/recipe-sysroot-native/usr/include -O2 -pipe -isystem/home/ubuntu/yocto/rpi-build/tmp/work/x86_64-linux/patch-native/2.7.6-r0/recipe-sysroot-native/usr/include conftest.c >&5
configure:25784: $? = 0
configure:25793: result: yes
configure:25755: checking whether wcswidth is declared without a macro
configure:25784: gcc  -c -isystem/home/ubuntu/yocto/rpi-build/tmp/work/x86_64-linux/patch-native/2.7.6-r0/recipe-sysroot-native/usr/include -O2 -pipe -isystem/home/ubuntu/yocto/rpi-build/tmp/work/x86_64-linux/patch-native/2.7.6-r0/recipe-sysroot-native/usr/include conftest.c >&5
configure:25784: $? = 0
configure:25793: result: yes
configure:25755: checking whether wcsftime is declared without a macro
configure:25784: gcc  -c -isystem/home/ubuntu/yocto/rpi-build/tmp/work/x86_64-linux/patch-native/2.7.6-r0/recipe-sysroot-native/usr/include -O2 -pipe -isystem/home/ubuntu/yocto/rpi-build/tmp/work/x86_64-linux/patch-native/2.7.6-r0/recipe-sysroot-native/usr/include conftest.c >&5
configure:25784: $? = 0
configure:25793: result: yes
configure:25909: checking whether iswcntrl works
configure:25956: gcc  -o conftest -isystem/home/ubuntu/yocto/rpi-build/tmp/work/x86_64-linux/patch-native/2.7.6-r0/recipe-sysroot-native/usr/include -O2 -pipe -isystem/home/ubuntu/yocto/rpi-build/tmp/work/x86_64-linux/patch-native/2.7.6-r0/recipe-sysroot-native/usr/include -L/home/ubuntu/yocto/rpi-build/tmp/work/x86_64-linux/patch-native/2.7.6-r0/recipe-sysroot-native/usr/lib                         -L/home/ubuntu/yocto/rpi-build/tmp/work/x86_64-linux/patch-native/2.7.6-r0/recipe-sysroot-native/lib                         -Wl,--enable-new-dtags                         -Wl,-rpath-link,/home/ubuntu/yocto/rpi-build/tmp/work/x86_64-linux/patch-native/2.7.6-r0/recipe-sysroot-native/usr/lib                         -Wl,-rpath-link,/home/ubuntu/yocto/rpi-build/tmp/work/x86_64-linux/patch-native/2.7.6-r0/recipe-sysroot-native/lib                         -Wl,-rpath,/home/ubuntu/yocto/rpi-build/tmp/work/x86_64-linux/patch-native/2.7.6-r0/recipe-sysroot-native/usr/lib                         -Wl,-rpath,/home/ubuntu/yocto/rpi-build/tmp/work/x86_64-linux/patch-native/2.7.6-r0/recipe-sysroot-native/lib                         -Wl,-O1 -Wl,--allow-shlib-undefined -Wl,--dynamic-linker=/home/ubuntu/yocto/rpi-build/tmp/sysroots-uninative/x86_64-linux/lib/ld-linux-x86-64.so.2 conftest.c  >&5
configure:25956: $? = 0
configure:25956: ./conftest
configure:25956: $? = 0
configure:25968: result: yes
configure:25990: checking for towlower
configure:25990: gcc  -o conftest -isystem/home/ubuntu/yocto/rpi-build/tmp/work/x86_64-linux/patch-native/2.7.6-r0/recipe-sysroot-native/usr/include -O2 -pipe -isystem/home/ubuntu/yocto/rpi-build/tmp/work/x86_64-linux/patch-native/2.7.6-r0/recipe-sysroot-native/usr/include -L/home/ubuntu/yocto/rpi-build/tmp/work/x86_64-linux/patch-native/2.7.6-r0/recipe-sysroot-native/usr/lib                         -L/home/ubuntu/yocto/rpi-build/tmp/work/x86_64-linux/patch-native/2.7.6-r0/recipe-sysroot-native/lib                         -Wl,--enable-new-dtags                         -Wl,-rpath-link,/home/ubuntu/yocto/rpi-build/tmp/work/x86_64-linux/patch-native/2.7.6-r0/recipe-sysroot-native/usr/lib                         -Wl,-rpath-link,/home/ubuntu/yocto/rpi-build/tmp/work/x86_64-linux/patch-native/2.7.6-r0/recipe-sysroot-native/lib                         -Wl,-rpath,/home/ubuntu/yocto/rpi-build/tmp/work/x86_64-linux/patch-native/2.7.6-r0/recipe-sysroot-native/usr/lib                         -Wl,-rpath,/home/ubuntu/yocto/rpi-build/tmp/work/x86_64-linux/patch-native/2.7.6-r0/recipe-sysroot-native/lib                         -Wl,-O1 -Wl,--allow-shlib-undefined -Wl,--dynamic-linker=/home/ubuntu/yocto/rpi-build/tmp/sysroots-uninative/x86_64-linux/lib/ld-linux-x86-64.so.2 conftest.c  >&5
conftest.c:493:6: warning: conflicting types for built-in function 'towlower'; expected 'unsigned int(unsigned int)' [-Wbuiltin-declaration-mismatch]
  493 | char towlower (void);
      |      ^~~~~~~~
conftest.c:485:1: note: 'towlower' is declared in header '<wctype.h>'
  484 | #include <limits.h>
  485 | #undef towlower
configure:25990: $? = 0
configure:25990: result: yes
configure:26034: checking for wctype_t
configure:26063: gcc  -c -isystem/home/ubuntu/yocto/rpi-build/tmp/work/x86_64-linux/patch-native/2.7.6-r0/recipe-sysroot-native/usr/include -O2 -pipe -isystem/home/ubuntu/yocto/rpi-build/tmp/work/x86_64-linux/patch-native/2.7.6-r0/recipe-sysroot-native/usr/include conftest.c >&5
configure:26063: $? = 0
configure:26072: result: yes
configure:26078: checking for wctrans_t
configure:26105: gcc  -c -isystem/home/ubuntu/yocto/rpi-build/tmp/work/x86_64-linux/patch-native/2.7.6-r0/recipe-sysroot-native/usr/include -O2 -pipe -isystem/home/ubuntu/yocto/rpi-build/tmp/work/x86_64-linux/patch-native/2.7.6-r0/recipe-sysroot-native/usr/include conftest.c >&5
configure:26105: $? = 0
configure:26114: result: yes
configure:26123: checking whether wctype is declared without a macro
configure:26153: gcc  -c -isystem/home/ubuntu/yocto/rpi-build/tmp/work/x86_64-linux/patch-native/2.7.6-r0/recipe-sysroot-native/usr/include -O2 -pipe -isystem/home/ubuntu/yocto/rpi-build/tmp/work/x86_64-linux/patch-native/2.7.6-r0/recipe-sysroot-native/usr/include conftest.c >&5
configure:26153: $? = 0
configure:26162: result: yes
configure:26123: checking whether iswctype is declared without a macro
configure:26153: gcc  -c -isystem/home/ubuntu/yocto/rpi-build/tmp/work/x86_64-linux/patch-native/2.7.6-r0/recipe-sysroot-native/usr/include -O2 -pipe -isystem/home/ubuntu/yocto/rpi-build/tmp/work/x86_64-linux/patch-native/2.7.6-r0/recipe-sysroot-native/usr/include conftest.c >&5
configure:26153: $? = 0
configure:26162: result: yes
configure:26123: checking whether wctrans is declared without a macro
configure:26153: gcc  -c -isystem/home/ubuntu/yocto/rpi-build/tmp/work/x86_64-linux/patch-native/2.7.6-r0/recipe-sysroot-native/usr/include -O2 -pipe -isystem/home/ubuntu/yocto/rpi-build/tmp/work/x86_64-linux/patch-native/2.7.6-r0/recipe-sysroot-native/usr/include conftest.c >&5
configure:26153: $? = 0
configure:26162: result: yes
configure:26123: checking whether towctrans is declared without a macro
configure:26153: gcc  -c -isystem/home/ubuntu/yocto/rpi-build/tmp/work/x86_64-linux/patch-native/2.7.6-r0/recipe-sysroot-native/usr/include -O2 -pipe -isystem/home/ubuntu/yocto/rpi-build/tmp/work/x86_64-linux/patch-native/2.7.6-r0/recipe-sysroot-native/usr/include conftest.c >&5
configure:26153: $? = 0
configure:26162: result: yes
configure:26227: checking for stdint.h
configure:26227: result: yes
configure:26290: checking for x86_64-linux-ar
configure:26322: result: ar
configure:26397: checking the archiver (ar) interface
configure:26448: result: ar
configure:27378: checking for mode_t
configure:27378: result: yes
configure:27388: checking for off_t
configure:27388: gcc  -c -isystem/home/ubuntu/yocto/rpi-build/tmp/work/x86_64-linux/patch-native/2.7.6-r0/recipe-sysroot-native/usr/include -O2 -pipe -isystem/home/ubuntu/yocto/rpi-build/tmp/work/x86_64-linux/patch-native/2.7.6-r0/recipe-sysroot-native/usr/include conftest.c >&5
configure:27388: $? = 0
configure:27388: gcc  -c -isystem/home/ubuntu/yocto/rpi-build/tmp/work/x86_64-linux/patch-native/2.7.6-r0/recipe-sysroot-native/usr/include -O2 -pipe -isystem/home/ubuntu/yocto/rpi-build/tmp/work/x86_64-linux/patch-native/2.7.6-r0/recipe-sysroot-native/usr/include conftest.c >&5
conftest.c: In function 'main':
conftest.c:515:20: error: expected expression before ')' token
  515 | if (sizeof ((off_t)))
      |                    ^
configure:27388: $? = 1
configure: failed program was:
| /* confdefs.h */
| #define PACKAGE_NAME "GNU patch"
| #define PACKAGE_TARNAME "patch"
| #define PACKAGE_VERSION "2.7.6"
| #define PACKAGE_STRING "GNU patch 2.7.6"
| #define PACKAGE_BUGREPORT "bug-patch@gnu.org"
| #define PACKAGE_URL "https://www.gnu.org/software/patch/"
| #define PACKAGE "patch"
| #define VERSION "2.7.6"
| #define HAVE_STDIO_H 1
| #define HAVE_STDLIB_H 1
| #define HAVE_STRING_H 1
| #define HAVE_INTTYPES_H 1
| #define HAVE_STDINT_H 1
| #define HAVE_STRINGS_H 1
| #define HAVE_SYS_STAT_H 1
| #define HAVE_SYS_TYPES_H 1
| #define HAVE_UNISTD_H 1
| #define HAVE_SYS_PARAM_H 1
| #define HAVE_SYS_SOCKET_H 1
| #define HAVE_DIRENT_H 1
| #define HAVE_GETOPT_H 1
| #define HAVE_SYS_CDEFS_H 1
| #define HAVE_SYS_TIME_H 1
| #define HAVE_LIMITS_H 1
| #define HAVE_WCHAR_H 1
| #define HAVE_SYS_MMAN_H 1
| #define HAVE_UTIME_H 1
| #define HAVE_FEATURES_H 1
| #define HAVE_WCTYPE_H 1
| #define STDC_HEADERS 1
| #define __EXTENSIONS__ 1
| #define _ALL_SOURCE 1
| #define _DARWIN_C_SOURCE 1
| #define _GNU_SOURCE 1
| #define _NETBSD_SOURCE 1
| #define _OPENBSD_SOURCE 1
| #define _POSIX_PTHREAD_SEMANTICS 1
| #define __STDC_WANT_IEC_60559_ATTRIBS_EXT__ 1
| #define __STDC_WANT_IEC_60559_BFP_EXT__ 1
| #define __STDC_WANT_IEC_60559_DFP_EXT__ 1
| #define __STDC_WANT_IEC_60559_FUNCS_EXT__ 1
| #define __STDC_WANT_IEC_60559_TYPES_EXT__ 1
| #define __STDC_WANT_LIB_EXT2__ 1
| #define __STDC_WANT_MATH_SPEC_FUNCS__ 1
| #define _TANDEM_SOURCE 1
| #define _HPUX_ALT_XOPEN_SOCKET_API 1
| #define HAVE_ALLOCA_H 1
| #define HAVE_ALLOCA 1
| #define D_INO_IN_DIRENT 1
| #define HAVE_LONG_FILE_NAMES 1
| #define HAVE_PATHCONF 1
| #define HAVE_CANONICALIZE_FILE_NAME 1
| #define HAVE_GETCWD 1
| #define HAVE_READLINK 1
| #define HAVE_REALPATH 1
| #define HAVE_CHOWN 1
| #define HAVE_FCHOWN 1
| #define HAVE_FCHDIR 1
| #define HAVE_FDOPENDIR 1
| #define HAVE_FACCESSAT 1
| #define HAVE_FCHMODAT 1
| #define HAVE_LCHMOD 1
| #define HAVE_FCNTL 1
| #define HAVE_SYMLINK 1
| #define HAVE_MEMPCPY 1
| #define HAVE_FSTATAT 1
| #define HAVE_GETDTABLESIZE 1
| #define HAVE_GETTIMEOFDAY 1
| #define HAVE_LSTAT 1
| #define HAVE_MBSINIT 1
| #define HAVE_MBRTOWC 1
| #define HAVE_MPROTECT 1
| #define HAVE_MKDIRAT 1
| #define HAVE_TZSET 1
| #define HAVE_OPENAT 1
| #define HAVE_READLINKAT 1
| #define HAVE_LINK 1
| #define HAVE_RENAMEAT 1
| #define HAVE_SETENV 1
| #define HAVE_STRDUP 1
| #define HAVE_STRNDUP 1
| #define HAVE_SYMLINKAT 1
| #define HAVE_LOCALTIME_R 1
| #define HAVE_TIMEGM 1
| #define HAVE_PIPE 1
| #define HAVE_UNLINKAT 1
| #define HAVE_UTIME 1
| #define HAVE_FUTIMES 1
| #define HAVE_FUTIMESAT 1
| #define HAVE_FUTIMENS 1
| #define HAVE_UTIMENSAT 1
| #define HAVE_LUTIMES 1
| #define HAVE_SNPRINTF 1
| #define HAVE_ISWCNTRL 1
| #define FUNC_REALPATH_WORKS 1
| #define HAVE_UNISTD_H 1
| #define HAVE_CHOWN 1
| #define HAVE_ENVIRON_DECL 1
| #define HAVE_DECL_STRERROR_R 1
| #define HAVE_STRERROR_R 1
| #define STRERROR_R_CHAR_P 1
| #define GETGROUPS_T gid_t
| #define LSTAT_FOLLOWS_SLASHED_SYMLINK 1
| #define HAVE_DECL_FCHDIR 1
| #define HAVE_WORKING_O_NOATIME 1
| #define HAVE_WORKING_O_NOFOLLOW 1
| #define HAVE_RAW_DECL_FCHMODAT 1
| #define HAVE_RAW_DECL_FSTAT 1
| #define HAVE_RAW_DECL_FSTATAT 1
| #define HAVE_RAW_DECL_FUTIMENS 1
| #define HAVE_RAW_DECL_LCHMOD 1
| #define HAVE_RAW_DECL_LSTAT 1
| #define HAVE_RAW_DECL_MKDIRAT 1
| #define HAVE_RAW_DECL_MKFIFO 1
| #define HAVE_RAW_DECL_MKFIFOAT 1
| #define HAVE_RAW_DECL_MKNOD 1
| #define HAVE_RAW_DECL_MKNODAT 1
| #define HAVE_RAW_DECL_STAT 1
| #define HAVE_RAW_DECL_UTIMENSAT 1
| #define HAVE_DECL_GETDTABLESIZE 1
| #define HAVE_GETOPT_H 1
| #define HAVE_GETOPT_LONG_ONLY 1
| #define restrict __restrict
| #define HAVE_RAW_DECL_GETTIMEOFDAY 1
| #define HAVE_WINT_T 1
| #define HAVE_UNSIGNED_LONG_LONG_INT 1
| #define HAVE_LONG_LONG_INT 1
| #define HAVE_RAW_DECL_IMAXABS 1
| #define HAVE_RAW_DECL_IMAXDIV 1
| #define HAVE_RAW_DECL_STRTOIMAX 1
| #define HAVE_RAW_DECL_STRTOUMAX 1
| #define HAVE_INTTYPES_H 1
| #define HAVE_LANGINFO_CODESET 1
| #define HAVE_DECL_GETC_UNLOCKED 1
| #define MALLOC_0_IS_NONNULL 1
| #define HAVE_MBSTATE_T 1
| #define HAVE_MAP_ANONYMOUS 1
| #define HAVE_DECL_MEMRCHR 1
| #define HAVE_MINMAX_IN_SYS_PARAM_H 1
| #define TIME_T_IS_SIGNED 1
| #define HAVE_DECL_ALARM 1
| #define HAVE_STRUCT_TM_TM_ZONE 1
| #define HAVE_TM_ZONE 1
| #define HAVE_TM_GMTOFF 1
| #define PROMOTED_MODE_T mode_t
| #define HAVE__BOOL 1
| #define HAVE_COMPOUND_LITERALS 1
| #define HAVE_DECL_SETENV 1
| #define HAVE_SEARCH_H 1
| #define HAVE_TSEARCH 1
| #define HAVE_SIGSET_T 1
| #define HAVE_WCHAR_T 1
| #define HAVE_DECL_STRDUP 1
| #define HAVE_RAW_DECL_FFSL 1
| #define HAVE_RAW_DECL_FFSLL 1
| #define HAVE_RAW_DECL_MEMMEM 1
| #define HAVE_RAW_DECL_MEMPCPY 1
| #define HAVE_RAW_DECL_MEMRCHR 1
| #define HAVE_RAW_DECL_RAWMEMCHR 1
| #define HAVE_RAW_DECL_STPCPY 1
| #define HAVE_RAW_DECL_STPNCPY 1
| #define HAVE_RAW_DECL_STRCHRNUL 1
| #define HAVE_RAW_DECL_STRDUP 1
| #define HAVE_RAW_DECL_STRNCAT 1
| #define HAVE_RAW_DECL_STRNDUP 1
| #define HAVE_RAW_DECL_STRNLEN 1
| #define HAVE_RAW_DECL_STRPBRK 1
| #define HAVE_RAW_DECL_STRSEP 1
| #define HAVE_RAW_DECL_STRCASESTR 1
| #define HAVE_RAW_DECL_STRTOK_R 1
| #define HAVE_RAW_DECL_STRERROR_R 1
| #define HAVE_RAW_DECL_STRSIGNAL 1
| #define HAVE_RAW_DECL_STRVERSCMP 1
| #define HAVE_DECL_STRNDUP 1
| #define HAVE_DECL_STRNLEN 1
| #define _USE_STD_STAT 1
| #define HAVE_DECL_UNSETENV 1
| #define HAVE_WORKING_UTIMES 1
| #define HAVE_INTTYPES_H_WITH_UINTMAX 1
| #define HAVE_STDINT_H_WITH_UINTMAX 1
| #define HAVE_INTMAX_T 1
| #define DBL_EXPBIT0_WORD 1
| #define DBL_EXPBIT0_BIT 20
| #define HAVE_SNPRINTF 1
| #define HAVE_STRNLEN 1
| #define HAVE_WCSLEN 1
| #define HAVE_WCSNLEN 1
| #define HAVE_MBRTOWC 1
| #define HAVE_WCRTOMB 1
| #define HAVE_DECL__SNPRINTF 0
| #define HAVE_SNPRINTF_RETVAL_C99 1
| #define HAVE_ALLOCA 1
| #define GNULIB_CANONICALIZE_LGPL 1
| #define GNULIB_TEST_CANONICALIZE_FILE_NAME 1
| #define GNULIB_TEST_REALPATH 1
| #define GNULIB_TEST_CHDIR 1
| #define GNULIB_TEST_CHOWN 1
| #define HAVE_CLOCK_GETTIME 1
| #define HAVE_CLOCK_SETTIME 1
| #define GNULIB_TEST_CLOEXEC 1
| #define GNULIB_TEST_CLOSE 1
| #define HAVE_CLOSEDIR 1
| #define GNULIB_TEST_CLOSEDIR 1
| #define D_INO_IN_DIRENT 1
| #define HAVE_RAW_DECL_ALPHASORT 1
| #define HAVE_RAW_DECL_CLOSEDIR 1
| #define HAVE_RAW_DECL_DIRFD 1
| #define HAVE_RAW_DECL_FDOPENDIR 1
| #define HAVE_RAW_DECL_OPENDIR 1
| #define HAVE_RAW_DECL_READDIR 1
| #define HAVE_RAW_DECL_REWINDDIR 1
| #define HAVE_RAW_DECL_SCANDIR 1
| #define GNULIB_DIRENT_SAFER 1
| #define HAVE_DIRFD 1
| #define HAVE_DECL_DIRFD 1
| #define GNULIB_TEST_DIRFD 1
| #define GNULIB_DIRNAME 1
| #define HAVE_DUP2 1
| #define GNULIB_TEST_DUP2 1
| #define GNULIB_TEST_ENVIRON 1
| #define HAVE_EUIDACCESS 1
| #define GNULIB_TEST_EUIDACCESS 1
| #define GNULIB_FACCESSAT 1
| #define GNULIB_TEST_FACCESSAT 1
| #define GNULIB_TEST_FCHDIR 1
| #define GNULIB_FCHMODAT 1
| #define GNULIB_TEST_FCHMODAT 1
| #define GNULIB_FCHOWNAT 1
| #define GNULIB_TEST_FCHOWNAT 1
| #define GNULIB_TEST_FCNTL 1
| #define HAVE_RAW_DECL_FCNTL 1
| #define HAVE_RAW_DECL_OPENAT 1
| #define GNULIB_FD_SAFER_FLAG 1
| #define FLEXIBLE_ARRAY_MEMBER /**/
| #define GNULIB_TEST_FSTAT 1
| #define GNULIB_TEST_FSTATAT 1
| #define GNULIB_TEST_GETCWD 1
| #define GNULIB_TEST_GETDTABLESIZE 1
| #define HAVE_GETGROUPS 1
| #define GNULIB_TEST_GETGROUPS 1
| #define HAVE_DECL_PROGRAM_INVOCATION_NAME 1
| #define HAVE_DECL_PROGRAM_INVOCATION_SHORT_NAME 1
| #define HAVE_DECL___ARGV 0
| #define GETTIMEOFDAY_TIMEZONE void
| #define GNULIB_TEST_GETTIMEOFDAY 1
| #define GNULIB_TEST_GROUP_MEMBER 1
| #define HAVE_LCHOWN 1
| #define GNULIB_TEST_LCHOWN 1
| #define GNULIB_TEST_LSTAT 1
| #define HAVE_MALLOC_GNU 1
| #define GNULIB_MALLOC_GNU 1
| #define HAVE_MALLOC_POSIX 1
| #define GNULIB_TEST_MALLOC_POSIX 1
| #define C_LOCALE_MAYBE_EILSEQ 1
| #define GNULIB_TEST_MBRTOWC 1
| #define GNULIB_TEST_MBSINIT 1
| #define GNULIB_TEST_MEMCHR 1
| #define HAVE_MEMPCPY 1
| #define GNULIB_TEST_MEMPCPY 1
| #define HAVE_MEMRCHR 1
| #define GNULIB_TEST_MEMRCHR 1
| #define GNULIB_TEST_MKDIRAT 1
| #define GNULIB_TEST_MKTIME 1
| #define NEED_MKTIME_INTERNAL 1
| #define GNULIB_MSVC_NOTHROW 1
| #define my_strftime nstrftime
| #define GNULIB_TEST_OPEN 1
| #define GNULIB_OPENAT 1
| #define GNULIB_TEST_OPENAT 1
| #define HAVE_OPENDIR 1
| #define GNULIB_TEST_OPENDIR 1
| #define HAVE_STRUCT_TM_TM_ZONE 1
| #define HAVE_TM_ZONE 1
| #define HAVE_DECL_PROGRAM_INVOCATION_NAME 1
| #define HAVE_DECL_PROGRAM_INVOCATION_SHORT_NAME 1
| #define HAVE_RAISE 1
| #define GNULIB_TEST_RAISE 1
| #define HAVE_READDIR 1
| #define GNULIB_TEST_READDIR 1
| #define GNULIB_TEST_READLINK 1
| #define GNULIB_TEST_READLINKAT 1
| #define HAVE_REALLOC_GNU 1
| #define GNULIB_REALLOC_GNU 1
| #define HAVE_REALLOC_POSIX 1
| #define GNULIB_TEST_REALLOC_POSIX 1
| #define GNULIB_TEST_RENAME 1
| #define HAVE_LINUX_FS_H 1
| #define GNULIB_TEST_RENAMEAT 1
| #define HAVE_LINUX_FS_H 1
| #define GNULIB_TEST_RMDIR 1
| #define GNULIB_TEST_SETENV 1
| #define HAVE_RAW_DECL_PTHREAD_SIGMASK 1
| #define HAVE_RAW_DECL_SIGACTION 1
| #define HAVE_RAW_DECL_SIGADDSET 1
| #define HAVE_RAW_DECL_SIGDELSET 1
| #define HAVE_RAW_DECL_SIGEMPTYSET 1
| #define HAVE_RAW_DECL_SIGFILLSET 1
| #define HAVE_RAW_DECL_SIGISMEMBER 1
| #define HAVE_RAW_DECL_SIGPENDING 1
| #define HAVE_RAW_DECL_SIGPROCMASK 1
| #define HAVE_STDINT_H 1
| #define GNULIB_TEST_STAT 1
| #define HAVE_STRUCT_STAT_ST_ATIM_TV_NSEC 1
| #define TYPEOF_STRUCT_STAT_ST_ATIM_IS_STRUCT_TIMESPEC 1
| #define GNULIB_STATAT 1
| #define __USE_MINGW_ANSI_STDIO 1
| #define GNULIB_FSCANF 1
| #define GNULIB_SCANF 1
| #define HAVE_RAW_DECL_DPRINTF 1
| #define HAVE_RAW_DECL_FSEEKO 1
| #define HAVE_RAW_DECL_FTELLO 1
| #define HAVE_RAW_DECL_GETDELIM 1
| #define HAVE_RAW_DECL_GETLINE 1
| #define HAVE_RAW_DECL_PCLOSE 1
| #define HAVE_RAW_DECL_POPEN 1
| #define HAVE_RAW_DECL_RENAMEAT 1
| #define HAVE_RAW_DECL_SNPRINTF 1
| #define HAVE_RAW_DECL_TMPFILE 1
| #define HAVE_RAW_DECL_VDPRINTF 1
| #define HAVE_RAW_DECL_VSNPRINTF 1
| #define HAVE_RAW_DECL__EXIT 1
| #define HAVE_RAW_DECL_ATOLL 1
| #define HAVE_RAW_DECL_CANONICALIZE_FILE_NAME 1
| #define HAVE_RAW_DECL_GETLOADAVG 1
| #define HAVE_RAW_DECL_GETSUBOPT 1
| #define HAVE_RAW_DECL_GRANTPT 1
| #define HAVE_RAW_DECL_INITSTATE 1
| #define HAVE_RAW_DECL_INITSTATE_R 1
| #define HAVE_RAW_DECL_MKDTEMP 1
| #define HAVE_RAW_DECL_MKOSTEMP 1
| #define HAVE_RAW_DECL_MKOSTEMPS 1
| #define HAVE_RAW_DECL_MKSTEMP 1
| #define HAVE_RAW_DECL_MKSTEMPS 1
| #define HAVE_RAW_DECL_POSIX_OPENPT 1
| #define HAVE_RAW_DECL_PTSNAME 1
| #define HAVE_RAW_DECL_PTSNAME_R 1
| #define HAVE_RAW_DECL_QSORT_R 1
| #define HAVE_RAW_DECL_RANDOM 1
| #define HAVE_RAW_DECL_RANDOM_R 1
| #define HAVE_RAW_DECL_REALLOCARRAY 1
| #define HAVE_RAW_DECL_REALPATH 1
| #define HAVE_RAW_DECL_RPMATCH 1
| #define HAVE_RAW_DECL_SECURE_GETENV 1
| #define HAVE_RAW_DECL_SETENV 1
| #define HAVE_RAW_DECL_SETSTATE 1
| #define HAVE_RAW_DECL_SETSTATE_R 1
| #define HAVE_RAW_DECL_SRANDOM 1
| #define HAVE_RAW_DECL_SRANDOM_R 1
| #define HAVE_RAW_DECL_STRTOD 1
| #define HAVE_RAW_DECL_STRTOLL 1
| #define HAVE_RAW_DECL_STRTOULL 1
| #define HAVE_RAW_DECL_UNLOCKPT 1
| #define HAVE_RAW_DECL_UNSETENV 1
| #define GNULIB_TEST_STRDUP 1
| #define GNULIB_STRERROR 1
| #define GNULIB_TEST_STRERROR 1
| #define GNULIB_TEST_STRNDUP 1
| #define GNULIB_TEST_STRNLEN 1
| #define GNULIB_TEST_SYMLINK 1
| #define GNULIB_TEST_SYMLINKAT 1
| #define HAVE_RAW_DECL_FCHMODAT 1
| #define HAVE_RAW_DECL_FSTAT 1
| #define HAVE_RAW_DECL_FSTATAT 1
| #define HAVE_RAW_DECL_FUTIMENS 1
| #define HAVE_RAW_DECL_LCHMOD 1
| #define HAVE_RAW_DECL_LSTAT 1
| #define HAVE_RAW_DECL_MKDIRAT 1
| #define HAVE_RAW_DECL_MKFIFO 1
| #define HAVE_RAW_DECL_MKFIFOAT 1
| #define HAVE_RAW_DECL_MKNOD 1
| #define HAVE_RAW_DECL_MKNODAT 1
| #define HAVE_RAW_DECL_STAT 1
| #define HAVE_RAW_DECL_UTIMENSAT 1
| #define HAVE_DECL_LOCALTIME_R 1
| #define GNULIB_TEST_TIME_R 1
| #define GNULIB_TEST_TIME_RZ 1
| #define GNULIB_TEST_TIMEGM 1
| #define HAVE_RUN_TZSET_TEST 1
| #define GNULIB_TEST_TZSET 1
| #define HAVE_RAW_DECL_CHDIR 1
| #define HAVE_RAW_DECL_CHOWN 1
| #define HAVE_RAW_DECL_DUP 1
| #define HAVE_RAW_DECL_DUP2 1
| #define HAVE_RAW_DECL_DUP3 1
| #define HAVE_RAW_DECL_ENVIRON 1
| #define HAVE_RAW_DECL_EUIDACCESS 1
| #define HAVE_RAW_DECL_FACCESSAT 1
| #define HAVE_RAW_DECL_FCHDIR 1
| #define HAVE_RAW_DECL_FCHOWNAT 1
| #define HAVE_RAW_DECL_FDATASYNC 1
| #define HAVE_RAW_DECL_FSYNC 1
| #define HAVE_RAW_DECL_FTRUNCATE 1
| #define HAVE_RAW_DECL_GETCWD 1
| #define HAVE_RAW_DECL_GETDOMAINNAME 1
| #define HAVE_RAW_DECL_GETDTABLESIZE 1
| #define HAVE_RAW_DECL_GETGROUPS 1
| #define HAVE_RAW_DECL_GETHOSTNAME 1
| #define HAVE_RAW_DECL_GETLOGIN 1
| #define HAVE_RAW_DECL_GETLOGIN_R 1
| #define HAVE_RAW_DECL_GETPAGESIZE 1
| #define HAVE_RAW_DECL_GETUSERSHELL 1
| #define HAVE_RAW_DECL_SETUSERSHELL 1
| #define HAVE_RAW_DECL_ENDUSERSHELL 1
| #define HAVE_RAW_DECL_GROUP_MEMBER 1
| #define HAVE_RAW_DECL_ISATTY 1
| #define HAVE_RAW_DECL_LCHOWN 1
| #define HAVE_RAW_DECL_LINK 1
| #define HAVE_RAW_DECL_LINKAT 1
| #define HAVE_RAW_DECL_LSEEK 1
| #define HAVE_RAW_DECL_PIPE 1
| #define HAVE_RAW_DECL_PIPE2 1
| #define HAVE_RAW_DECL_PREAD 1
| #define HAVE_RAW_DECL_PWRITE 1
| #define HAVE_RAW_DECL_READLINK 1
| #define HAVE_RAW_DECL_READLINKAT 1
| #define HAVE_RAW_DECL_RMDIR 1
| #define HAVE_RAW_DECL_SETHOSTNAME 1
| #define HAVE_RAW_DECL_SLEEP 1
| #define HAVE_RAW_DECL_SYMLINK 1
| #define HAVE_RAW_DECL_SYMLINKAT 1
| #define HAVE_RAW_DECL_TRUNCATE 1
| #define HAVE_RAW_DECL_TTYNAME_R 1
| #define HAVE_RAW_DECL_UNLINK 1
| #define HAVE_RAW_DECL_UNLINKAT 1
| #define HAVE_RAW_DECL_USLEEP 1
| #define GNULIB_TEST_UNLINK 1
| #define GNULIB_TEST_UNLINKAT 1
| #define HAVE_UNSETENV 1
| #define GNULIB_TEST_UNSETENV 1
| #define GNULIB_TEST_UTIME 1
| #define HAVE_RAW_DECL_UTIME 1
| #define GNULIB_TEST_UTIMENSAT 1
| #define HAVE_VASPRINTF 1
| #define GNULIB_TEST_VASPRINTF 1
| #define HAVE_RAW_DECL_BTOWC 1
| #define HAVE_RAW_DECL_WCTOB 1
| #define HAVE_RAW_DECL_MBSINIT 1
| #define HAVE_RAW_DECL_MBRTOWC 1
| #define HAVE_RAW_DECL_MBRLEN 1
| #define HAVE_RAW_DECL_MBSRTOWCS 1
| #define HAVE_RAW_DECL_MBSNRTOWCS 1
| #define HAVE_RAW_DECL_WCRTOMB 1
| #define HAVE_RAW_DECL_WCSRTOMBS 1
| #define HAVE_RAW_DECL_WCSNRTOMBS 1
| #define HAVE_RAW_DECL_WCWIDTH 1
| #define HAVE_RAW_DECL_WMEMCHR 1
| #define HAVE_RAW_DECL_WMEMCMP 1
| #define HAVE_RAW_DECL_WMEMCPY 1
| #define HAVE_RAW_DECL_WMEMMOVE 1
| #define HAVE_RAW_DECL_WMEMSET 1
| #define HAVE_RAW_DECL_WCSLEN 1
| #define HAVE_RAW_DECL_WCSNLEN 1
| #define HAVE_RAW_DECL_WCSCPY 1
| #define HAVE_RAW_DECL_WCPCPY 1
| #define HAVE_RAW_DECL_WCSNCPY 1
| #define HAVE_RAW_DECL_WCPNCPY 1
| #define HAVE_RAW_DECL_WCSCAT 1
| #define HAVE_RAW_DECL_WCSNCAT 1
| #define HAVE_RAW_DECL_WCSCMP 1
| #define HAVE_RAW_DECL_WCSNCMP 1
| #define HAVE_RAW_DECL_WCSCASECMP 1
| #define HAVE_RAW_DECL_WCSNCASECMP 1
| #define HAVE_RAW_DECL_WCSCOLL 1
| #define HAVE_RAW_DECL_WCSXFRM 1
| #define HAVE_RAW_DECL_WCSDUP 1
| #define HAVE_RAW_DECL_WCSCHR 1
| #define HAVE_RAW_DECL_WCSRCHR 1
| #define HAVE_RAW_DECL_WCSCSPN 1
| #define HAVE_RAW_DECL_WCSSPN 1
| #define HAVE_RAW_DECL_WCSPBRK 1
| #define HAVE_RAW_DECL_WCSSTR 1
| #define HAVE_RAW_DECL_WCSTOK 1
| #define HAVE_RAW_DECL_WCSWIDTH 1
| #define HAVE_RAW_DECL_WCSFTIME 1
| #define HAVE_TOWLOWER 1
| #define HAVE_RAW_DECL_WCTYPE 1
| #define HAVE_RAW_DECL_ISWCTYPE 1
| #define HAVE_RAW_DECL_WCTRANS 1
| #define HAVE_RAW_DECL_TOWCTRANS 1
| #define GNULIB_TEST_WRITE 1
| #define HAVE_STDINT_H 1
| /* end confdefs.h.  */
| #include <stddef.h>
| #ifdef HAVE_STDIO_H
| # include <stdio.h>
| #endif
| #ifdef HAVE_STDLIB_H
| # include <stdlib.h>
| #endif
| #ifdef HAVE_STRING_H
| # include <string.h>
| #endif
| #ifdef HAVE_INTTYPES_H
| # include <inttypes.h>
| #endif
| #ifdef HAVE_STDINT_H
| # include <stdint.h>
| #endif
| #ifdef HAVE_STRINGS_H
| # include <strings.h>
| #endif
| #ifdef HAVE_SYS_TYPES_H
| # include <sys/types.h>
| #endif
| #ifdef HAVE_SYS_STAT_H
| # include <sys/stat.h>
| #endif
| #ifdef HAVE_UNISTD_H
| # include <unistd.h>
| #endif
| int
| main (void)
| {
| if (sizeof ((off_t)))
| 	    return 0;
|   ;
|   return 0;
| }
configure:27388: result: yes
configure:27400: checking for stdint.h
configure:27400: result: yes
configure:27407: checking for SIZE_MAX
configure:27483: result: yes
configure:27506: checking for attr/error_context.h
configure:27506: gcc  -c -isystem/home/ubuntu/yocto/rpi-build/tmp/work/x86_64-linux/patch-native/2.7.6-r0/recipe-sysroot-native/usr/include -O2 -pipe -isystem/home/ubuntu/yocto/rpi-build/tmp/work/x86_64-linux/patch-native/2.7.6-r0/recipe-sysroot-native/usr/include conftest.c >&5
configure:27506: $? = 0
configure:27506: result: yes
configure:27512: checking for attr/libattr.h
configure:27512: gcc  -c -isystem/home/ubuntu/yocto/rpi-build/tmp/work/x86_64-linux/patch-native/2.7.6-r0/recipe-sysroot-native/usr/include -O2 -pipe -isystem/home/ubuntu/yocto/rpi-build/tmp/work/x86_64-linux/patch-native/2.7.6-r0/recipe-sysroot-native/usr/include conftest.c >&5
configure:27512: $? = 0
configure:27512: result: yes
configure:27523: checking for library containing attr_copy_file
configure:27553: gcc  -o conftest -isystem/home/ubuntu/yocto/rpi-build/tmp/work/x86_64-linux/patch-native/2.7.6-r0/recipe-sysroot-native/usr/include -O2 -pipe -isystem/home/ubuntu/yocto/rpi-build/tmp/work/x86_64-linux/patch-native/2.7.6-r0/recipe-sysroot-native/usr/include -L/home/ubuntu/yocto/rpi-build/tmp/work/x86_64-linux/patch-native/2.7.6-r0/recipe-sysroot-native/usr/lib                         -L/home/ubuntu/yocto/rpi-build/tmp/work/x86_64-linux/patch-native/2.7.6-r0/recipe-sysroot-native/lib                         -Wl,--enable-new-dtags                         -Wl,-rpath-link,/home/ubuntu/yocto/rpi-build/tmp/work/x86_64-linux/patch-native/2.7.6-r0/recipe-sysroot-native/usr/lib                         -Wl,-rpath-link,/home/ubuntu/yocto/rpi-build/tmp/work/x86_64-linux/patch-native/2.7.6-r0/recipe-sysroot-native/lib                         -Wl,-rpath,/home/ubuntu/yocto/rpi-build/tmp/work/x86_64-linux/patch-native/2.7.6-r0/recipe-sysroot-native/usr/lib                         -Wl,-rpath,/home/ubuntu/yocto/rpi-build/tmp/work/x86_64-linux/patch-native/2.7.6-r0/recipe-sysroot-native/lib                         -Wl,-O1 -Wl,--allow-shlib-undefined -Wl,--dynamic-linker=/home/ubuntu/yocto/rpi-build/tmp/sysroots-uninative/x86_64-linux/lib/ld-linux-x86-64.so.2 conftest.c  >&5
/home/ubuntu/yocto/rpi-build/tmp/hosttools/ld: /tmp/cch3tLbK.o: in function `main':
conftest.c:(.text.startup+0x9): undefined reference to `attr_copy_file'
collect2: error: ld returned 1 exit status
configure:27553: $? = 1
configure: failed program was:
| /* confdefs.h */
| #define PACKAGE_NAME "GNU patch"
| #define PACKAGE_TARNAME "patch"
| #define PACKAGE_VERSION "2.7.6"
| #define PACKAGE_STRING "GNU patch 2.7.6"
| #define PACKAGE_BUGREPORT "bug-patch@gnu.org"
| #define PACKAGE_URL "https://www.gnu.org/software/patch/"
| #define PACKAGE "patch"
| #define VERSION "2.7.6"
| #define HAVE_STDIO_H 1
| #define HAVE_STDLIB_H 1
| #define HAVE_STRING_H 1
| #define HAVE_INTTYPES_H 1
| #define HAVE_STDINT_H 1
| #define HAVE_STRINGS_H 1
| #define HAVE_SYS_STAT_H 1
| #define HAVE_SYS_TYPES_H 1
| #define HAVE_UNISTD_H 1
| #define HAVE_SYS_PARAM_H 1
| #define HAVE_SYS_SOCKET_H 1
| #define HAVE_DIRENT_H 1
| #define HAVE_GETOPT_H 1
| #define HAVE_SYS_CDEFS_H 1
| #define HAVE_SYS_TIME_H 1
| #define HAVE_LIMITS_H 1
| #define HAVE_WCHAR_H 1
| #define HAVE_SYS_MMAN_H 1
| #define HAVE_UTIME_H 1
| #define HAVE_FEATURES_H 1
| #define HAVE_WCTYPE_H 1
| #define STDC_HEADERS 1
| #define __EXTENSIONS__ 1
| #define _ALL_SOURCE 1
| #define _DARWIN_C_SOURCE 1
| #define _GNU_SOURCE 1
| #define _NETBSD_SOURCE 1
| #define _OPENBSD_SOURCE 1
| #define _POSIX_PTHREAD_SEMANTICS 1
| #define __STDC_WANT_IEC_60559_ATTRIBS_EXT__ 1
| #define __STDC_WANT_IEC_60559_BFP_EXT__ 1
| #define __STDC_WANT_IEC_60559_DFP_EXT__ 1
| #define __STDC_WANT_IEC_60559_FUNCS_EXT__ 1
| #define __STDC_WANT_IEC_60559_TYPES_EXT__ 1
| #define __STDC_WANT_LIB_EXT2__ 1
| #define __STDC_WANT_MATH_SPEC_FUNCS__ 1
| #define _TANDEM_SOURCE 1
| #define _HPUX_ALT_XOPEN_SOCKET_API 1
| #define HAVE_ALLOCA_H 1
| #define HAVE_ALLOCA 1
| #define D_INO_IN_DIRENT 1
| #define HAVE_LONG_FILE_NAMES 1
| #define HAVE_PATHCONF 1
| #define HAVE_CANONICALIZE_FILE_NAME 1
| #define HAVE_GETCWD 1
| #define HAVE_READLINK 1
| #define HAVE_REALPATH 1
| #define HAVE_CHOWN 1
| #define HAVE_FCHOWN 1
| #define HAVE_FCHDIR 1
| #define HAVE_FDOPENDIR 1
| #define HAVE_FACCESSAT 1
| #define HAVE_FCHMODAT 1
| #define HAVE_LCHMOD 1
| #define HAVE_FCNTL 1
| #define HAVE_SYMLINK 1
| #define HAVE_MEMPCPY 1
| #define HAVE_FSTATAT 1
| #define HAVE_GETDTABLESIZE 1
| #define HAVE_GETTIMEOFDAY 1
| #define HAVE_LSTAT 1
| #define HAVE_MBSINIT 1
| #define HAVE_MBRTOWC 1
| #define HAVE_MPROTECT 1
| #define HAVE_MKDIRAT 1
| #define HAVE_TZSET 1
| #define HAVE_OPENAT 1
| #define HAVE_READLINKAT 1
| #define HAVE_LINK 1
| #define HAVE_RENAMEAT 1
| #define HAVE_SETENV 1
| #define HAVE_STRDUP 1
| #define HAVE_STRNDUP 1
| #define HAVE_SYMLINKAT 1
| #define HAVE_LOCALTIME_R 1
| #define HAVE_TIMEGM 1
| #define HAVE_PIPE 1
| #define HAVE_UNLINKAT 1
| #define HAVE_UTIME 1
| #define HAVE_FUTIMES 1
| #define HAVE_FUTIMESAT 1
| #define HAVE_FUTIMENS 1
| #define HAVE_UTIMENSAT 1
| #define HAVE_LUTIMES 1
| #define HAVE_SNPRINTF 1
| #define HAVE_ISWCNTRL 1
| #define FUNC_REALPATH_WORKS 1
| #define HAVE_UNISTD_H 1
| #define HAVE_CHOWN 1
| #define HAVE_ENVIRON_DECL 1
| #define HAVE_DECL_STRERROR_R 1
| #define HAVE_STRERROR_R 1
| #define STRERROR_R_CHAR_P 1
| #define GETGROUPS_T gid_t
| #define LSTAT_FOLLOWS_SLASHED_SYMLINK 1
| #define HAVE_DECL_FCHDIR 1
| #define HAVE_WORKING_O_NOATIME 1
| #define HAVE_WORKING_O_NOFOLLOW 1
| #define HAVE_RAW_DECL_FCHMODAT 1
| #define HAVE_RAW_DECL_FSTAT 1
| #define HAVE_RAW_DECL_FSTATAT 1
| #define HAVE_RAW_DECL_FUTIMENS 1
| #define HAVE_RAW_DECL_LCHMOD 1
| #define HAVE_RAW_DECL_LSTAT 1
| #define HAVE_RAW_DECL_MKDIRAT 1
| #define HAVE_RAW_DECL_MKFIFO 1
| #define HAVE_RAW_DECL_MKFIFOAT 1
| #define HAVE_RAW_DECL_MKNOD 1
| #define HAVE_RAW_DECL_MKNODAT 1
| #define HAVE_RAW_DECL_STAT 1
| #define HAVE_RAW_DECL_UTIMENSAT 1
| #define HAVE_DECL_GETDTABLESIZE 1
| #define HAVE_GETOPT_H 1
| #define HAVE_GETOPT_LONG_ONLY 1
| #define restrict __restrict
| #define HAVE_RAW_DECL_GETTIMEOFDAY 1
| #define HAVE_WINT_T 1
| #define HAVE_UNSIGNED_LONG_LONG_INT 1
| #define HAVE_LONG_LONG_INT 1
| #define HAVE_RAW_DECL_IMAXABS 1
| #define HAVE_RAW_DECL_IMAXDIV 1
| #define HAVE_RAW_DECL_STRTOIMAX 1
| #define HAVE_RAW_DECL_STRTOUMAX 1
| #define HAVE_INTTYPES_H 1
| #define HAVE_LANGINFO_CODESET 1
| #define HAVE_DECL_GETC_UNLOCKED 1
| #define MALLOC_0_IS_NONNULL 1
| #define HAVE_MBSTATE_T 1
| #define HAVE_MAP_ANONYMOUS 1
| #define HAVE_DECL_MEMRCHR 1
| #define HAVE_MINMAX_IN_SYS_PARAM_H 1
| #define TIME_T_IS_SIGNED 1
| #define HAVE_DECL_ALARM 1
| #define HAVE_STRUCT_TM_TM_ZONE 1
| #define HAVE_TM_ZONE 1
| #define HAVE_TM_GMTOFF 1
| #define PROMOTED_MODE_T mode_t
| #define HAVE__BOOL 1
| #define HAVE_COMPOUND_LITERALS 1
| #define HAVE_DECL_SETENV 1
| #define HAVE_SEARCH_H 1
| #define HAVE_TSEARCH 1
| #define HAVE_SIGSET_T 1
| #define HAVE_WCHAR_T 1
| #define HAVE_DECL_STRDUP 1
| #define HAVE_RAW_DECL_FFSL 1
| #define HAVE_RAW_DECL_FFSLL 1
| #define HAVE_RAW_DECL_MEMMEM 1
| #define HAVE_RAW_DECL_MEMPCPY 1
| #define HAVE_RAW_DECL_MEMRCHR 1
| #define HAVE_RAW_DECL_RAWMEMCHR 1
| #define HAVE_RAW_DECL_STPCPY 1
| #define HAVE_RAW_DECL_STPNCPY 1
| #define HAVE_RAW_DECL_STRCHRNUL 1
| #define HAVE_RAW_DECL_STRDUP 1
| #define HAVE_RAW_DECL_STRNCAT 1
| #define HAVE_RAW_DECL_STRNDUP 1
| #define HAVE_RAW_DECL_STRNLEN 1
| #define HAVE_RAW_DECL_STRPBRK 1
| #define HAVE_RAW_DECL_STRSEP 1
| #define HAVE_RAW_DECL_STRCASESTR 1
| #define HAVE_RAW_DECL_STRTOK_R 1
| #define HAVE_RAW_DECL_STRERROR_R 1
| #define HAVE_RAW_DECL_STRSIGNAL 1
| #define HAVE_RAW_DECL_STRVERSCMP 1
| #define HAVE_DECL_STRNDUP 1
| #define HAVE_DECL_STRNLEN 1
| #define _USE_STD_STAT 1
| #define HAVE_DECL_UNSETENV 1
| #define HAVE_WORKING_UTIMES 1
| #define HAVE_INTTYPES_H_WITH_UINTMAX 1
| #define HAVE_STDINT_H_WITH_UINTMAX 1
| #define HAVE_INTMAX_T 1
| #define DBL_EXPBIT0_WORD 1
| #define DBL_EXPBIT0_BIT 20
| #define HAVE_SNPRINTF 1
| #define HAVE_STRNLEN 1
| #define HAVE_WCSLEN 1
| #define HAVE_WCSNLEN 1
| #define HAVE_MBRTOWC 1
| #define HAVE_WCRTOMB 1
| #define HAVE_DECL__SNPRINTF 0
| #define HAVE_SNPRINTF_RETVAL_C99 1
| #define HAVE_ALLOCA 1
| #define GNULIB_CANONICALIZE_LGPL 1
| #define GNULIB_TEST_CANONICALIZE_FILE_NAME 1
| #define GNULIB_TEST_REALPATH 1
| #define GNULIB_TEST_CHDIR 1
| #define GNULIB_TEST_CHOWN 1
| #define HAVE_CLOCK_GETTIME 1
| #define HAVE_CLOCK_SETTIME 1
| #define GNULIB_TEST_CLOEXEC 1
| #define GNULIB_TEST_CLOSE 1
| #define HAVE_CLOSEDIR 1
| #define GNULIB_TEST_CLOSEDIR 1
| #define D_INO_IN_DIRENT 1
| #define HAVE_RAW_DECL_ALPHASORT 1
| #define HAVE_RAW_DECL_CLOSEDIR 1
| #define HAVE_RAW_DECL_DIRFD 1
| #define HAVE_RAW_DECL_FDOPENDIR 1
| #define HAVE_RAW_DECL_OPENDIR 1
| #define HAVE_RAW_DECL_READDIR 1
| #define HAVE_RAW_DECL_REWINDDIR 1
| #define HAVE_RAW_DECL_SCANDIR 1
| #define GNULIB_DIRENT_SAFER 1
| #define HAVE_DIRFD 1
| #define HAVE_DECL_DIRFD 1
| #define GNULIB_TEST_DIRFD 1
| #define GNULIB_DIRNAME 1
| #define HAVE_DUP2 1
| #define GNULIB_TEST_DUP2 1
| #define GNULIB_TEST_ENVIRON 1
| #define HAVE_EUIDACCESS 1
| #define GNULIB_TEST_EUIDACCESS 1
| #define GNULIB_FACCESSAT 1
| #define GNULIB_TEST_FACCESSAT 1
| #define GNULIB_TEST_FCHDIR 1
| #define GNULIB_FCHMODAT 1
| #define GNULIB_TEST_FCHMODAT 1
| #define GNULIB_FCHOWNAT 1
| #define GNULIB_TEST_FCHOWNAT 1
| #define GNULIB_TEST_FCNTL 1
| #define HAVE_RAW_DECL_FCNTL 1
| #define HAVE_RAW_DECL_OPENAT 1
| #define GNULIB_FD_SAFER_FLAG 1
| #define FLEXIBLE_ARRAY_MEMBER /**/
| #define GNULIB_TEST_FSTAT 1
| #define GNULIB_TEST_FSTATAT 1
| #define GNULIB_TEST_GETCWD 1
| #define GNULIB_TEST_GETDTABLESIZE 1
| #define HAVE_GETGROUPS 1
| #define GNULIB_TEST_GETGROUPS 1
| #define HAVE_DECL_PROGRAM_INVOCATION_NAME 1
| #define HAVE_DECL_PROGRAM_INVOCATION_SHORT_NAME 1
| #define HAVE_DECL___ARGV 0
| #define GETTIMEOFDAY_TIMEZONE void
| #define GNULIB_TEST_GETTIMEOFDAY 1
| #define GNULIB_TEST_GROUP_MEMBER 1
| #define HAVE_LCHOWN 1
| #define GNULIB_TEST_LCHOWN 1
| #define GNULIB_TEST_LSTAT 1
| #define HAVE_MALLOC_GNU 1
| #define GNULIB_MALLOC_GNU 1
| #define HAVE_MALLOC_POSIX 1
| #define GNULIB_TEST_MALLOC_POSIX 1
| #define C_LOCALE_MAYBE_EILSEQ 1
| #define GNULIB_TEST_MBRTOWC 1
| #define GNULIB_TEST_MBSINIT 1
| #define GNULIB_TEST_MEMCHR 1
| #define HAVE_MEMPCPY 1
| #define GNULIB_TEST_MEMPCPY 1
| #define HAVE_MEMRCHR 1
| #define GNULIB_TEST_MEMRCHR 1
| #define GNULIB_TEST_MKDIRAT 1
| #define GNULIB_TEST_MKTIME 1
| #define NEED_MKTIME_INTERNAL 1
| #define GNULIB_MSVC_NOTHROW 1
| #define my_strftime nstrftime
| #define GNULIB_TEST_OPEN 1
| #define GNULIB_OPENAT 1
| #define GNULIB_TEST_OPENAT 1
| #define HAVE_OPENDIR 1
| #define GNULIB_TEST_OPENDIR 1
| #define HAVE_STRUCT_TM_TM_ZONE 1
| #define HAVE_TM_ZONE 1
| #define HAVE_DECL_PROGRAM_INVOCATION_NAME 1
| #define HAVE_DECL_PROGRAM_INVOCATION_SHORT_NAME 1
| #define HAVE_RAISE 1
| #define GNULIB_TEST_RAISE 1
| #define HAVE_READDIR 1
| #define GNULIB_TEST_READDIR 1
| #define GNULIB_TEST_READLINK 1
| #define GNULIB_TEST_READLINKAT 1
| #define HAVE_REALLOC_GNU 1
| #define GNULIB_REALLOC_GNU 1
| #define HAVE_REALLOC_POSIX 1
| #define GNULIB_TEST_REALLOC_POSIX 1
| #define GNULIB_TEST_RENAME 1
| #define HAVE_LINUX_FS_H 1
| #define GNULIB_TEST_RENAMEAT 1
| #define HAVE_LINUX_FS_H 1
| #define GNULIB_TEST_RMDIR 1
| #define GNULIB_TEST_SETENV 1
| #define HAVE_RAW_DECL_PTHREAD_SIGMASK 1
| #define HAVE_RAW_DECL_SIGACTION 1
| #define HAVE_RAW_DECL_SIGADDSET 1
| #define HAVE_RAW_DECL_SIGDELSET 1
| #define HAVE_RAW_DECL_SIGEMPTYSET 1
| #define HAVE_RAW_DECL_SIGFILLSET 1
| #define HAVE_RAW_DECL_SIGISMEMBER 1
| #define HAVE_RAW_DECL_SIGPENDING 1
| #define HAVE_RAW_DECL_SIGPROCMASK 1
| #define HAVE_STDINT_H 1
| #define GNULIB_TEST_STAT 1
| #define HAVE_STRUCT_STAT_ST_ATIM_TV_NSEC 1
| #define TYPEOF_STRUCT_STAT_ST_ATIM_IS_STRUCT_TIMESPEC 1
| #define GNULIB_STATAT 1
| #define __USE_MINGW_ANSI_STDIO 1
| #define GNULIB_FSCANF 1
| #define GNULIB_SCANF 1
| #define HAVE_RAW_DECL_DPRINTF 1
| #define HAVE_RAW_DECL_FSEEKO 1
| #define HAVE_RAW_DECL_FTELLO 1
| #define HAVE_RAW_DECL_GETDELIM 1
| #define HAVE_RAW_DECL_GETLINE 1
| #define HAVE_RAW_DECL_PCLOSE 1
| #define HAVE_RAW_DECL_POPEN 1
| #define HAVE_RAW_DECL_RENAMEAT 1
| #define HAVE_RAW_DECL_SNPRINTF 1
| #define HAVE_RAW_DECL_TMPFILE 1
| #define HAVE_RAW_DECL_VDPRINTF 1
| #define HAVE_RAW_DECL_VSNPRINTF 1
| #define HAVE_RAW_DECL__EXIT 1
| #define HAVE_RAW_DECL_ATOLL 1
| #define HAVE_RAW_DECL_CANONICALIZE_FILE_NAME 1
| #define HAVE_RAW_DECL_GETLOADAVG 1
| #define HAVE_RAW_DECL_GETSUBOPT 1
| #define HAVE_RAW_DECL_GRANTPT 1
| #define HAVE_RAW_DECL_INITSTATE 1
| #define HAVE_RAW_DECL_INITSTATE_R 1
| #define HAVE_RAW_DECL_MKDTEMP 1
| #define HAVE_RAW_DECL_MKOSTEMP 1
| #define HAVE_RAW_DECL_MKOSTEMPS 1
| #define HAVE_RAW_DECL_MKSTEMP 1
| #define HAVE_RAW_DECL_MKSTEMPS 1
| #define HAVE_RAW_DECL_POSIX_OPENPT 1
| #define HAVE_RAW_DECL_PTSNAME 1
| #define HAVE_RAW_DECL_PTSNAME_R 1
| #define HAVE_RAW_DECL_QSORT_R 1
| #define HAVE_RAW_DECL_RANDOM 1
| #define HAVE_RAW_DECL_RANDOM_R 1
| #define HAVE_RAW_DECL_REALLOCARRAY 1
| #define HAVE_RAW_DECL_REALPATH 1
| #define HAVE_RAW_DECL_RPMATCH 1
| #define HAVE_RAW_DECL_SECURE_GETENV 1
| #define HAVE_RAW_DECL_SETENV 1
| #define HAVE_RAW_DECL_SETSTATE 1
| #define HAVE_RAW_DECL_SETSTATE_R 1
| #define HAVE_RAW_DECL_SRANDOM 1
| #define HAVE_RAW_DECL_SRANDOM_R 1
| #define HAVE_RAW_DECL_STRTOD 1
| #define HAVE_RAW_DECL_STRTOLL 1
| #define HAVE_RAW_DECL_STRTOULL 1
| #define HAVE_RAW_DECL_UNLOCKPT 1
| #define HAVE_RAW_DECL_UNSETENV 1
| #define GNULIB_TEST_STRDUP 1
| #define GNULIB_STRERROR 1
| #define GNULIB_TEST_STRERROR 1
| #define GNULIB_TEST_STRNDUP 1
| #define GNULIB_TEST_STRNLEN 1
| #define GNULIB_TEST_SYMLINK 1
| #define GNULIB_TEST_SYMLINKAT 1
| #define HAVE_RAW_DECL_FCHMODAT 1
| #define HAVE_RAW_DECL_FSTAT 1
| #define HAVE_RAW_DECL_FSTATAT 1
| #define HAVE_RAW_DECL_FUTIMENS 1
| #define HAVE_RAW_DECL_LCHMOD 1
| #define HAVE_RAW_DECL_LSTAT 1
| #define HAVE_RAW_DECL_MKDIRAT 1
| #define HAVE_RAW_DECL_MKFIFO 1
| #define HAVE_RAW_DECL_MKFIFOAT 1
| #define HAVE_RAW_DECL_MKNOD 1
| #define HAVE_RAW_DECL_MKNODAT 1
| #define HAVE_RAW_DECL_STAT 1
| #define HAVE_RAW_DECL_UTIMENSAT 1
| #define HAVE_DECL_LOCALTIME_R 1
| #define GNULIB_TEST_TIME_R 1
| #define GNULIB_TEST_TIME_RZ 1
| #define GNULIB_TEST_TIMEGM 1
| #define HAVE_RUN_TZSET_TEST 1
| #define GNULIB_TEST_TZSET 1
| #define HAVE_RAW_DECL_CHDIR 1
| #define HAVE_RAW_DECL_CHOWN 1
| #define HAVE_RAW_DECL_DUP 1
| #define HAVE_RAW_DECL_DUP2 1
| #define HAVE_RAW_DECL_DUP3 1
| #define HAVE_RAW_DECL_ENVIRON 1
| #define HAVE_RAW_DECL_EUIDACCESS 1
| #define HAVE_RAW_DECL_FACCESSAT 1
| #define HAVE_RAW_DECL_FCHDIR 1
| #define HAVE_RAW_DECL_FCHOWNAT 1
| #define HAVE_RAW_DECL_FDATASYNC 1
| #define HAVE_RAW_DECL_FSYNC 1
| #define HAVE_RAW_DECL_FTRUNCATE 1
| #define HAVE_RAW_DECL_GETCWD 1
| #define HAVE_RAW_DECL_GETDOMAINNAME 1
| #define HAVE_RAW_DECL_GETDTABLESIZE 1
| #define HAVE_RAW_DECL_GETGROUPS 1
| #define HAVE_RAW_DECL_GETHOSTNAME 1
| #define HAVE_RAW_DECL_GETLOGIN 1
| #define HAVE_RAW_DECL_GETLOGIN_R 1
| #define HAVE_RAW_DECL_GETPAGESIZE 1
| #define HAVE_RAW_DECL_GETUSERSHELL 1
| #define HAVE_RAW_DECL_SETUSERSHELL 1
| #define HAVE_RAW_DECL_ENDUSERSHELL 1
| #define HAVE_RAW_DECL_GROUP_MEMBER 1
| #define HAVE_RAW_DECL_ISATTY 1
| #define HAVE_RAW_DECL_LCHOWN 1
| #define HAVE_RAW_DECL_LINK 1
| #define HAVE_RAW_DECL_LINKAT 1
| #define HAVE_RAW_DECL_LSEEK 1
| #define HAVE_RAW_DECL_PIPE 1
| #define HAVE_RAW_DECL_PIPE2 1
| #define HAVE_RAW_DECL_PREAD 1
| #define HAVE_RAW_DECL_PWRITE 1
| #define HAVE_RAW_DECL_READLINK 1
| #define HAVE_RAW_DECL_READLINKAT 1
| #define HAVE_RAW_DECL_RMDIR 1
| #define HAVE_RAW_DECL_SETHOSTNAME 1
| #define HAVE_RAW_DECL_SLEEP 1
| #define HAVE_RAW_DECL_SYMLINK 1
| #define HAVE_RAW_DECL_SYMLINKAT 1
| #define HAVE_RAW_DECL_TRUNCATE 1
| #define HAVE_RAW_DECL_TTYNAME_R 1
| #define HAVE_RAW_DECL_UNLINK 1
| #define HAVE_RAW_DECL_UNLINKAT 1
| #define HAVE_RAW_DECL_USLEEP 1
| #define GNULIB_TEST_UNLINK 1
| #define GNULIB_TEST_UNLINKAT 1
| #define HAVE_UNSETENV 1
| #define GNULIB_TEST_UNSETENV 1
| #define GNULIB_TEST_UTIME 1
| #define HAVE_RAW_DECL_UTIME 1
| #define GNULIB_TEST_UTIMENSAT 1
| #define HAVE_VASPRINTF 1
| #define GNULIB_TEST_VASPRINTF 1
| #define HAVE_RAW_DECL_BTOWC 1
| #define HAVE_RAW_DECL_WCTOB 1
| #define HAVE_RAW_DECL_MBSINIT 1
| #define HAVE_RAW_DECL_MBRTOWC 1
| #define HAVE_RAW_DECL_MBRLEN 1
| #define HAVE_RAW_DECL_MBSRTOWCS 1
| #define HAVE_RAW_DECL_MBSNRTOWCS 1
| #define HAVE_RAW_DECL_WCRTOMB 1
| #define HAVE_RAW_DECL_WCSRTOMBS 1
| #define HAVE_RAW_DECL_WCSNRTOMBS 1
| #define HAVE_RAW_DECL_WCWIDTH 1
| #define HAVE_RAW_DECL_WMEMCHR 1
| #define HAVE_RAW_DECL_WMEMCMP 1
| #define HAVE_RAW_DECL_WMEMCPY 1
| #define HAVE_RAW_DECL_WMEMMOVE 1
| #define HAVE_RAW_DECL_WMEMSET 1
| #define HAVE_RAW_DECL_WCSLEN 1
| #define HAVE_RAW_DECL_WCSNLEN 1
| #define HAVE_RAW_DECL_WCSCPY 1
| #define HAVE_RAW_DECL_WCPCPY 1
| #define HAVE_RAW_DECL_WCSNCPY 1
| #define HAVE_RAW_DECL_WCPNCPY 1
| #define HAVE_RAW_DECL_WCSCAT 1
| #define HAVE_RAW_DECL_WCSNCAT 1
| #define HAVE_RAW_DECL_WCSCMP 1
| #define HAVE_RAW_DECL_WCSNCMP 1
| #define HAVE_RAW_DECL_WCSCASECMP 1
| #define HAVE_RAW_DECL_WCSNCASECMP 1
| #define HAVE_RAW_DECL_WCSCOLL 1
| #define HAVE_RAW_DECL_WCSXFRM 1
| #define HAVE_RAW_DECL_WCSDUP 1
| #define HAVE_RAW_DECL_WCSCHR 1
| #define HAVE_RAW_DECL_WCSRCHR 1
| #define HAVE_RAW_DECL_WCSCSPN 1
| #define HAVE_RAW_DECL_WCSSPN 1
| #define HAVE_RAW_DECL_WCSPBRK 1
| #define HAVE_RAW_DECL_WCSSTR 1
| #define HAVE_RAW_DECL_WCSTOK 1
| #define HAVE_RAW_DECL_WCSWIDTH 1
| #define HAVE_RAW_DECL_WCSFTIME 1
| #define HAVE_TOWLOWER 1
| #define HAVE_RAW_DECL_WCTYPE 1
| #define HAVE_RAW_DECL_ISWCTYPE 1
| #define HAVE_RAW_DECL_WCTRANS 1
| #define HAVE_RAW_DECL_TOWCTRANS 1
| #define GNULIB_TEST_WRITE 1
| #define HAVE_STDINT_H 1
| #define HAVE_STDINT_H 1
| #define HAVE_ATTR_ERROR_CONTEXT_H 1
| #define HAVE_ATTR_LIBATTR_H 1
| /* end confdefs.h.  */
| 
| /* Override any GCC internal prototype to avoid an error.
|    Use char because int might match the return type of a GCC
|    builtin and then its argument prototype would still apply.  */
| char attr_copy_file (void);
| int
| main (void)
| {
| return attr_copy_file ();
|   ;
|   return 0;
| }
configure:27553: gcc  -o conftest -isystem/home/ubuntu/yocto/rpi-build/tmp/work/x86_64-linux/patch-native/2.7.6-r0/recipe-sysroot-native/usr/include -O2 -pipe -isystem/home/ubuntu/yocto/rpi-build/tmp/work/x86_64-linux/patch-native/2.7.6-r0/recipe-sysroot-native/usr/include -L/home/ubuntu/yocto/rpi-build/tmp/work/x86_64-linux/patch-native/2.7.6-r0/recipe-sysroot-native/usr/lib                         -L/home/ubuntu/yocto/rpi-build/tmp/work/x86_64-linux/patch-native/2.7.6-r0/recipe-sysroot-native/lib                         -Wl,--enable-new-dtags                         -Wl,-rpath-link,/home/ubuntu/yocto/rpi-build/tmp/work/x86_64-linux/patch-native/2.7.6-r0/recipe-sysroot-native/usr/lib                         -Wl,-rpath-link,/home/ubuntu/yocto/rpi-build/tmp/work/x86_64-linux/patch-native/2.7.6-r0/recipe-sysroot-native/lib                         -Wl,-rpath,/home/ubuntu/yocto/rpi-build/tmp/work/x86_64-linux/patch-native/2.7.6-r0/recipe-sysroot-native/usr/lib                         -Wl,-rpath,/home/ubuntu/yocto/rpi-build/tmp/work/x86_64-linux/patch-native/2.7.6-r0/recipe-sysroot-native/lib                         -Wl,-O1 -Wl,--allow-shlib-undefined -Wl,--dynamic-linker=/home/ubuntu/yocto/rpi-build/tmp/sysroots-uninative/x86_64-linux/lib/ld-linux-x86-64.so.2 conftest.c -lattr   >&5
configure:27553: $? = 0
configure:27573: result: -lattr
configure:27583: checking for attr_copy_file
configure:27583: gcc  -o conftest -isystem/home/ubuntu/yocto/rpi-build/tmp/work/x86_64-linux/patch-native/2.7.6-r0/recipe-sysroot-native/usr/include -O2 -pipe -isystem/home/ubuntu/yocto/rpi-build/tmp/work/x86_64-linux/patch-native/2.7.6-r0/recipe-sysroot-native/usr/include -L/home/ubuntu/yocto/rpi-build/tmp/work/x86_64-linux/patch-native/2.7.6-r0/recipe-sysroot-native/usr/lib                         -L/home/ubuntu/yocto/rpi-build/tmp/work/x86_64-linux/patch-native/2.7.6-r0/recipe-sysroot-native/lib                         -Wl,--enable-new-dtags                         -Wl,-rpath-link,/home/ubuntu/yocto/rpi-build/tmp/work/x86_64-linux/patch-native/2.7.6-r0/recipe-sysroot-native/usr/lib                         -Wl,-rpath-link,/home/ubuntu/yocto/rpi-build/tmp/work/x86_64-linux/patch-native/2.7.6-r0/recipe-sysroot-native/lib                         -Wl,-rpath,/home/ubuntu/yocto/rpi-build/tmp/work/x86_64-linux/patch-native/2.7.6-r0/recipe-sysroot-native/usr/lib                         -Wl,-rpath,/home/ubuntu/yocto/rpi-build/tmp/work/x86_64-linux/patch-native/2.7.6-r0/recipe-sysroot-native/lib                         -Wl,-O1 -Wl,--allow-shlib-undefined -Wl,--dynamic-linker=/home/ubuntu/yocto/rpi-build/tmp/sysroots-uninative/x86_64-linux/lib/ld-linux-x86-64.so.2 conftest.c -lattr  >&5
configure:27583: $? = 0
configure:27583: result: yes
configure:27589: checking for attr_copy_action
configure:27589: gcc  -o conftest -isystem/home/ubuntu/yocto/rpi-build/tmp/work/x86_64-linux/patch-native/2.7.6-r0/recipe-sysroot-native/usr/include -O2 -pipe -isystem/home/ubuntu/yocto/rpi-build/tmp/work/x86_64-linux/patch-native/2.7.6-r0/recipe-sysroot-native/usr/include -L/home/ubuntu/yocto/rpi-build/tmp/work/x86_64-linux/patch-native/2.7.6-r0/recipe-sysroot-native/usr/lib                         -L/home/ubuntu/yocto/rpi-build/tmp/work/x86_64-linux/patch-native/2.7.6-r0/recipe-sysroot-native/lib                         -Wl,--enable-new-dtags                         -Wl,-rpath-link,/home/ubuntu/yocto/rpi-build/tmp/work/x86_64-linux/patch-native/2.7.6-r0/recipe-sysroot-native/usr/lib                         -Wl,-rpath-link,/home/ubuntu/yocto/rpi-build/tmp/work/x86_64-linux/patch-native/2.7.6-r0/recipe-sysroot-native/lib                         -Wl,-rpath,/home/ubuntu/yocto/rpi-build/tmp/work/x86_64-linux/patch-native/2.7.6-r0/recipe-sysroot-native/usr/lib                         -Wl,-rpath,/home/ubuntu/yocto/rpi-build/tmp/work/x86_64-linux/patch-native/2.7.6-r0/recipe-sysroot-native/lib                         -Wl,-O1 -Wl,--allow-shlib-undefined -Wl,--dynamic-linker=/home/ubuntu/yocto/rpi-build/tmp/sysroots-uninative/x86_64-linux/lib/ld-linux-x86-64.so.2 conftest.c -lattr  >&5
configure:27589: $? = 0
configure:27589: result: yes
configure:27616: checking for geteuid
configure:27616: gcc  -o conftest -isystem/home/ubuntu/yocto/rpi-build/tmp/work/x86_64-linux/patch-native/2.7.6-r0/recipe-sysroot-native/usr/include -O2 -pipe -isystem/home/ubuntu/yocto/rpi-build/tmp/work/x86_64-linux/patch-native/2.7.6-r0/recipe-sysroot-native/usr/include -L/home/ubuntu/yocto/rpi-build/tmp/work/x86_64-linux/patch-native/2.7.6-r0/recipe-sysroot-native/usr/lib                         -L/home/ubuntu/yocto/rpi-build/tmp/work/x86_64-linux/patch-native/2.7.6-r0/recipe-sysroot-native/lib                         -Wl,--enable-new-dtags                         -Wl,-rpath-link,/home/ubuntu/yocto/rpi-build/tmp/work/x86_64-linux/patch-native/2.7.6-r0/recipe-sysroot-native/usr/lib                         -Wl,-rpath-link,/home/ubuntu/yocto/rpi-build/tmp/work/x86_64-linux/patch-native/2.7.6-r0/recipe-sysroot-native/lib                         -Wl,-rpath,/home/ubuntu/yocto/rpi-build/tmp/work/x86_64-linux/patch-native/2.7.6-r0/recipe-sysroot-native/usr/lib                         -Wl,-rpath,/home/ubuntu/yocto/rpi-build/tmp/work/x86_64-linux/patch-native/2.7.6-r0/recipe-sysroot-native/lib                         -Wl,-O1 -Wl,--allow-shlib-undefined -Wl,--dynamic-linker=/home/ubuntu/yocto/rpi-build/tmp/sysroots-uninative/x86_64-linux/lib/ld-linux-x86-64.so.2 conftest.c  >&5
configure:27616: $? = 0
configure:27616: result: yes
configure:27622: checking for getuid
configure:27622: gcc  -o conftest -isystem/home/ubuntu/yocto/rpi-build/tmp/work/x86_64-linux/patch-native/2.7.6-r0/recipe-sysroot-native/usr/include -O2 -pipe -isystem/home/ubuntu/yocto/rpi-build/tmp/work/x86_64-linux/patch-native/2.7.6-r0/recipe-sysroot-native/usr/include -L/home/ubuntu/yocto/rpi-build/tmp/work/x86_64-linux/patch-native/2.7.6-r0/recipe-sysroot-native/usr/lib                         -L/home/ubuntu/yocto/rpi-build/tmp/work/x86_64-linux/patch-native/2.7.6-r0/recipe-sysroot-native/lib                         -Wl,--enable-new-dtags                         -Wl,-rpath-link,/home/ubuntu/yocto/rpi-build/tmp/work/x86_64-linux/patch-native/2.7.6-r0/recipe-sysroot-native/usr/lib                         -Wl,-rpath-link,/home/ubuntu/yocto/rpi-build/tmp/work/x86_64-linux/patch-native/2.7.6-r0/recipe-sysroot-native/lib                         -Wl,-rpath,/home/ubuntu/yocto/rpi-build/tmp/work/x86_64-linux/patch-native/2.7.6-r0/recipe-sysroot-native/usr/lib                         -Wl,-rpath,/home/ubuntu/yocto/rpi-build/tmp/work/x86_64-linux/patch-native/2.7.6-r0/recipe-sysroot-native/lib                         -Wl,-O1 -Wl,--allow-shlib-undefined -Wl,--dynamic-linker=/home/ubuntu/yocto/rpi-build/tmp/sysroots-uninative/x86_64-linux/lib/ld-linux-x86-64.so.2 conftest.c  >&5
configure:27622: $? = 0
configure:27622: result: yes
configure:27628: checking for raise
configure:27628: result: yes
configure:27634: checking for sigaction
configure:27634: gcc  -o conftest -isystem/home/ubuntu/yocto/rpi-build/tmp/work/x86_64-linux/patch-native/2.7.6-r0/recipe-sysroot-native/usr/include -O2 -pipe -isystem/home/ubuntu/yocto/rpi-build/tmp/work/x86_64-linux/patch-native/2.7.6-r0/recipe-sysroot-native/usr/include -L/home/ubuntu/yocto/rpi-build/tmp/work/x86_64-linux/patch-native/2.7.6-r0/recipe-sysroot-native/usr/lib                         -L/home/ubuntu/yocto/rpi-build/tmp/work/x86_64-linux/patch-native/2.7.6-r0/recipe-sysroot-native/lib                         -Wl,--enable-new-dtags                         -Wl,-rpath-link,/home/ubuntu/yocto/rpi-build/tmp/work/x86_64-linux/patch-native/2.7.6-r0/recipe-sysroot-native/usr/lib                         -Wl,-rpath-link,/home/ubuntu/yocto/rpi-build/tmp/work/x86_64-linux/patch-native/2.7.6-r0/recipe-sysroot-native/lib                         -Wl,-rpath,/home/ubuntu/yocto/rpi-build/tmp/work/x86_64-linux/patch-native/2.7.6-r0/recipe-sysroot-native/usr/lib                         -Wl,-rpath,/home/ubuntu/yocto/rpi-build/tmp/work/x86_64-linux/patch-native/2.7.6-r0/recipe-sysroot-native/lib                         -Wl,-O1 -Wl,--allow-shlib-undefined -Wl,--dynamic-linker=/home/ubuntu/yocto/rpi-build/tmp/sysroots-uninative/x86_64-linux/lib/ld-linux-x86-64.so.2 conftest.c  >&5
configure:27634: $? = 0
configure:27634: result: yes
configure:27640: checking for sigprocmask
configure:27640: gcc  -o conftest -isystem/home/ubuntu/yocto/rpi-build/tmp/work/x86_64-linux/patch-native/2.7.6-r0/recipe-sysroot-native/usr/include -O2 -pipe -isystem/home/ubuntu/yocto/rpi-build/tmp/work/x86_64-linux/patch-native/2.7.6-r0/recipe-sysroot-native/usr/include -L/home/ubuntu/yocto/rpi-build/tmp/work/x86_64-linux/patch-native/2.7.6-r0/recipe-sysroot-native/usr/lib                         -L/home/ubuntu/yocto/rpi-build/tmp/work/x86_64-linux/patch-native/2.7.6-r0/recipe-sysroot-native/lib                         -Wl,--enable-new-dtags                         -Wl,-rpath-link,/home/ubuntu/yocto/rpi-build/tmp/work/x86_64-linux/patch-native/2.7.6-r0/recipe-sysroot-native/usr/lib                         -Wl,-rpath-link,/home/ubuntu/yocto/rpi-build/tmp/work/x86_64-linux/patch-native/2.7.6-r0/recipe-sysroot-native/lib                         -Wl,-rpath,/home/ubuntu/yocto/rpi-build/tmp/work/x86_64-linux/patch-native/2.7.6-r0/recipe-sysroot-native/usr/lib                         -Wl,-rpath,/home/ubuntu/yocto/rpi-build/tmp/work/x86_64-linux/patch-native/2.7.6-r0/recipe-sysroot-native/lib                         -Wl,-O1 -Wl,--allow-shlib-undefined -Wl,--dynamic-linker=/home/ubuntu/yocto/rpi-build/tmp/sysroots-uninative/x86_64-linux/lib/ld-linux-x86-64.so.2 conftest.c  >&5
configure:27640: $? = 0
configure:27640: result: yes
configure:27646: checking for sigsetmask
configure:27646: gcc  -o conftest -isystem/home/ubuntu/yocto/rpi-build/tmp/work/x86_64-linux/patch-native/2.7.6-r0/recipe-sysroot-native/usr/include -O2 -pipe -isystem/home/ubuntu/yocto/rpi-build/tmp/work/x86_64-linux/patch-native/2.7.6-r0/recipe-sysroot-native/usr/include -L/home/ubuntu/yocto/rpi-build/tmp/work/x86_64-linux/patch-native/2.7.6-r0/recipe-sysroot-native/usr/lib                         -L/home/ubuntu/yocto/rpi-build/tmp/work/x86_64-linux/patch-native/2.7.6-r0/recipe-sysroot-native/lib                         -Wl,--enable-new-dtags                         -Wl,-rpath-link,/home/ubuntu/yocto/rpi-build/tmp/work/x86_64-linux/patch-native/2.7.6-r0/recipe-sysroot-native/usr/lib                         -Wl,-rpath-link,/home/ubuntu/yocto/rpi-build/tmp/work/x86_64-linux/patch-native/2.7.6-r0/recipe-sysroot-native/lib                         -Wl,-rpath,/home/ubuntu/yocto/rpi-build/tmp/work/x86_64-linux/patch-native/2.7.6-r0/recipe-sysroot-native/usr/lib                         -Wl,-rpath,/home/ubuntu/yocto/rpi-build/tmp/work/x86_64-linux/patch-native/2.7.6-r0/recipe-sysroot-native/lib                         -Wl,-O1 -Wl,--allow-shlib-undefined -Wl,--dynamic-linker=/home/ubuntu/yocto/rpi-build/tmp/sysroots-uninative/x86_64-linux/lib/ld-linux-x86-64.so.2 conftest.c  >&5
configure:27646: $? = 0
configure:27646: result: yes
configure:27653: checking for fcntl.h
configure:27653: gcc  -c -isystem/home/ubuntu/yocto/rpi-build/tmp/work/x86_64-linux/patch-native/2.7.6-r0/recipe-sysroot-native/usr/include -O2 -pipe -isystem/home/ubuntu/yocto/rpi-build/tmp/work/x86_64-linux/patch-native/2.7.6-r0/recipe-sysroot-native/usr/include conftest.c >&5
configure:27653: $? = 0
configure:27653: result: yes
configure:27659: checking for unistd.h
configure:27659: result: yes
configure:27666: checking for DOS-style setmode
configure:27689: gcc  -o conftest -isystem/home/ubuntu/yocto/rpi-build/tmp/work/x86_64-linux/patch-native/2.7.6-r0/recipe-sysroot-native/usr/include -O2 -pipe -isystem/home/ubuntu/yocto/rpi-build/tmp/work/x86_64-linux/patch-native/2.7.6-r0/recipe-sysroot-native/usr/include -L/home/ubuntu/yocto/rpi-build/tmp/work/x86_64-linux/patch-native/2.7.6-r0/recipe-sysroot-native/usr/lib                         -L/home/ubuntu/yocto/rpi-build/tmp/work/x86_64-linux/patch-native/2.7.6-r0/recipe-sysroot-native/lib                         -Wl,--enable-new-dtags                         -Wl,-rpath-link,/home/ubuntu/yocto/rpi-build/tmp/work/x86_64-linux/patch-native/2.7.6-r0/recipe-sysroot-native/usr/lib                         -Wl,-rpath-link,/home/ubuntu/yocto/rpi-build/tmp/work/x86_64-linux/patch-native/2.7.6-r0/recipe-sysroot-native/lib                         -Wl,-rpath,/home/ubuntu/yocto/rpi-build/tmp/work/x86_64-linux/patch-native/2.7.6-r0/recipe-sysroot-native/usr/lib                         -Wl,-rpath,/home/ubuntu/yocto/rpi-build/tmp/work/x86_64-linux/patch-native/2.7.6-r0/recipe-sysroot-native/lib                         -Wl,-O1 -Wl,--allow-shlib-undefined -Wl,--dynamic-linker=/home/ubuntu/yocto/rpi-build/tmp/sysroots-uninative/x86_64-linux/lib/ld-linux-x86-64.so.2 conftest.c  >&5
conftest.c:498:10: fatal error: io.h: No such file or directory
  498 | #include <io.h>
      |          ^~~~~~
compilation terminated.
configure:27689: $? = 1
configure: failed program was:
| /* confdefs.h */
| #define PACKAGE_NAME "GNU patch"
| #define PACKAGE_TARNAME "patch"
| #define PACKAGE_VERSION "2.7.6"
| #define PACKAGE_STRING "GNU patch 2.7.6"
| #define PACKAGE_BUGREPORT "bug-patch@gnu.org"
| #define PACKAGE_URL "https://www.gnu.org/software/patch/"
| #define PACKAGE "patch"
| #define VERSION "2.7.6"
| #define HAVE_STDIO_H 1
| #define HAVE_STDLIB_H 1
| #define HAVE_STRING_H 1
| #define HAVE_INTTYPES_H 1
| #define HAVE_STDINT_H 1
| #define HAVE_STRINGS_H 1
| #define HAVE_SYS_STAT_H 1
| #define HAVE_SYS_TYPES_H 1
| #define HAVE_UNISTD_H 1
| #define HAVE_SYS_PARAM_H 1
| #define HAVE_SYS_SOCKET_H 1
| #define HAVE_DIRENT_H 1
| #define HAVE_GETOPT_H 1
| #define HAVE_SYS_CDEFS_H 1
| #define HAVE_SYS_TIME_H 1
| #define HAVE_LIMITS_H 1
| #define HAVE_WCHAR_H 1
| #define HAVE_SYS_MMAN_H 1
| #define HAVE_UTIME_H 1
| #define HAVE_FEATURES_H 1
| #define HAVE_WCTYPE_H 1
| #define STDC_HEADERS 1
| #define __EXTENSIONS__ 1
| #define _ALL_SOURCE 1
| #define _DARWIN_C_SOURCE 1
| #define _GNU_SOURCE 1
| #define _NETBSD_SOURCE 1
| #define _OPENBSD_SOURCE 1
| #define _POSIX_PTHREAD_SEMANTICS 1
| #define __STDC_WANT_IEC_60559_ATTRIBS_EXT__ 1
| #define __STDC_WANT_IEC_60559_BFP_EXT__ 1
| #define __STDC_WANT_IEC_60559_DFP_EXT__ 1
| #define __STDC_WANT_IEC_60559_FUNCS_EXT__ 1
| #define __STDC_WANT_IEC_60559_TYPES_EXT__ 1
| #define __STDC_WANT_LIB_EXT2__ 1
| #define __STDC_WANT_MATH_SPEC_FUNCS__ 1
| #define _TANDEM_SOURCE 1
| #define _HPUX_ALT_XOPEN_SOCKET_API 1
| #define HAVE_ALLOCA_H 1
| #define HAVE_ALLOCA 1
| #define D_INO_IN_DIRENT 1
| #define HAVE_LONG_FILE_NAMES 1
| #define HAVE_PATHCONF 1
| #define HAVE_CANONICALIZE_FILE_NAME 1
| #define HAVE_GETCWD 1
| #define HAVE_READLINK 1
| #define HAVE_REALPATH 1
| #define HAVE_CHOWN 1
| #define HAVE_FCHOWN 1
| #define HAVE_FCHDIR 1
| #define HAVE_FDOPENDIR 1
| #define HAVE_FACCESSAT 1
| #define HAVE_FCHMODAT 1
| #define HAVE_LCHMOD 1
| #define HAVE_FCNTL 1
| #define HAVE_SYMLINK 1
| #define HAVE_MEMPCPY 1
| #define HAVE_FSTATAT 1
| #define HAVE_GETDTABLESIZE 1
| #define HAVE_GETTIMEOFDAY 1
| #define HAVE_LSTAT 1
| #define HAVE_MBSINIT 1
| #define HAVE_MBRTOWC 1
| #define HAVE_MPROTECT 1
| #define HAVE_MKDIRAT 1
| #define HAVE_TZSET 1
| #define HAVE_OPENAT 1
| #define HAVE_READLINKAT 1
| #define HAVE_LINK 1
| #define HAVE_RENAMEAT 1
| #define HAVE_SETENV 1
| #define HAVE_STRDUP 1
| #define HAVE_STRNDUP 1
| #define HAVE_SYMLINKAT 1
| #define HAVE_LOCALTIME_R 1
| #define HAVE_TIMEGM 1
| #define HAVE_PIPE 1
| #define HAVE_UNLINKAT 1
| #define HAVE_UTIME 1
| #define HAVE_FUTIMES 1
| #define HAVE_FUTIMESAT 1
| #define HAVE_FUTIMENS 1
| #define HAVE_UTIMENSAT 1
| #define HAVE_LUTIMES 1
| #define HAVE_SNPRINTF 1
| #define HAVE_ISWCNTRL 1
| #define FUNC_REALPATH_WORKS 1
| #define HAVE_UNISTD_H 1
| #define HAVE_CHOWN 1
| #define HAVE_ENVIRON_DECL 1
| #define HAVE_DECL_STRERROR_R 1
| #define HAVE_STRERROR_R 1
| #define STRERROR_R_CHAR_P 1
| #define GETGROUPS_T gid_t
| #define LSTAT_FOLLOWS_SLASHED_SYMLINK 1
| #define HAVE_DECL_FCHDIR 1
| #define HAVE_WORKING_O_NOATIME 1
| #define HAVE_WORKING_O_NOFOLLOW 1
| #define HAVE_RAW_DECL_FCHMODAT 1
| #define HAVE_RAW_DECL_FSTAT 1
| #define HAVE_RAW_DECL_FSTATAT 1
| #define HAVE_RAW_DECL_FUTIMENS 1
| #define HAVE_RAW_DECL_LCHMOD 1
| #define HAVE_RAW_DECL_LSTAT 1
| #define HAVE_RAW_DECL_MKDIRAT 1
| #define HAVE_RAW_DECL_MKFIFO 1
| #define HAVE_RAW_DECL_MKFIFOAT 1
| #define HAVE_RAW_DECL_MKNOD 1
| #define HAVE_RAW_DECL_MKNODAT 1
| #define HAVE_RAW_DECL_STAT 1
| #define HAVE_RAW_DECL_UTIMENSAT 1
| #define HAVE_DECL_GETDTABLESIZE 1
| #define HAVE_GETOPT_H 1
| #define HAVE_GETOPT_LONG_ONLY 1
| #define restrict __restrict
| #define HAVE_RAW_DECL_GETTIMEOFDAY 1
| #define HAVE_WINT_T 1
| #define HAVE_UNSIGNED_LONG_LONG_INT 1
| #define HAVE_LONG_LONG_INT 1
| #define HAVE_RAW_DECL_IMAXABS 1
| #define HAVE_RAW_DECL_IMAXDIV 1
| #define HAVE_RAW_DECL_STRTOIMAX 1
| #define HAVE_RAW_DECL_STRTOUMAX 1
| #define HAVE_INTTYPES_H 1
| #define HAVE_LANGINFO_CODESET 1
| #define HAVE_DECL_GETC_UNLOCKED 1
| #define MALLOC_0_IS_NONNULL 1
| #define HAVE_MBSTATE_T 1
| #define HAVE_MAP_ANONYMOUS 1
| #define HAVE_DECL_MEMRCHR 1
| #define HAVE_MINMAX_IN_SYS_PARAM_H 1
| #define TIME_T_IS_SIGNED 1
| #define HAVE_DECL_ALARM 1
| #define HAVE_STRUCT_TM_TM_ZONE 1
| #define HAVE_TM_ZONE 1
| #define HAVE_TM_GMTOFF 1
| #define PROMOTED_MODE_T mode_t
| #define HAVE__BOOL 1
| #define HAVE_COMPOUND_LITERALS 1
| #define HAVE_DECL_SETENV 1
| #define HAVE_SEARCH_H 1
| #define HAVE_TSEARCH 1
| #define HAVE_SIGSET_T 1
| #define HAVE_WCHAR_T 1
| #define HAVE_DECL_STRDUP 1
| #define HAVE_RAW_DECL_FFSL 1
| #define HAVE_RAW_DECL_FFSLL 1
| #define HAVE_RAW_DECL_MEMMEM 1
| #define HAVE_RAW_DECL_MEMPCPY 1
| #define HAVE_RAW_DECL_MEMRCHR 1
| #define HAVE_RAW_DECL_RAWMEMCHR 1
| #define HAVE_RAW_DECL_STPCPY 1
| #define HAVE_RAW_DECL_STPNCPY 1
| #define HAVE_RAW_DECL_STRCHRNUL 1
| #define HAVE_RAW_DECL_STRDUP 1
| #define HAVE_RAW_DECL_STRNCAT 1
| #define HAVE_RAW_DECL_STRNDUP 1
| #define HAVE_RAW_DECL_STRNLEN 1
| #define HAVE_RAW_DECL_STRPBRK 1
| #define HAVE_RAW_DECL_STRSEP 1
| #define HAVE_RAW_DECL_STRCASESTR 1
| #define HAVE_RAW_DECL_STRTOK_R 1
| #define HAVE_RAW_DECL_STRERROR_R 1
| #define HAVE_RAW_DECL_STRSIGNAL 1
| #define HAVE_RAW_DECL_STRVERSCMP 1
| #define HAVE_DECL_STRNDUP 1
| #define HAVE_DECL_STRNLEN 1
| #define _USE_STD_STAT 1
| #define HAVE_DECL_UNSETENV 1
| #define HAVE_WORKING_UTIMES 1
| #define HAVE_INTTYPES_H_WITH_UINTMAX 1
| #define HAVE_STDINT_H_WITH_UINTMAX 1
| #define HAVE_INTMAX_T 1
| #define DBL_EXPBIT0_WORD 1
| #define DBL_EXPBIT0_BIT 20
| #define HAVE_SNPRINTF 1
| #define HAVE_STRNLEN 1
| #define HAVE_WCSLEN 1
| #define HAVE_WCSNLEN 1
| #define HAVE_MBRTOWC 1
| #define HAVE_WCRTOMB 1
| #define HAVE_DECL__SNPRINTF 0
| #define HAVE_SNPRINTF_RETVAL_C99 1
| #define HAVE_ALLOCA 1
| #define GNULIB_CANONICALIZE_LGPL 1
| #define GNULIB_TEST_CANONICALIZE_FILE_NAME 1
| #define GNULIB_TEST_REALPATH 1
| #define GNULIB_TEST_CHDIR 1
| #define GNULIB_TEST_CHOWN 1
| #define HAVE_CLOCK_GETTIME 1
| #define HAVE_CLOCK_SETTIME 1
| #define GNULIB_TEST_CLOEXEC 1
| #define GNULIB_TEST_CLOSE 1
| #define HAVE_CLOSEDIR 1
| #define GNULIB_TEST_CLOSEDIR 1
| #define D_INO_IN_DIRENT 1
| #define HAVE_RAW_DECL_ALPHASORT 1
| #define HAVE_RAW_DECL_CLOSEDIR 1
| #define HAVE_RAW_DECL_DIRFD 1
| #define HAVE_RAW_DECL_FDOPENDIR 1
| #define HAVE_RAW_DECL_OPENDIR 1
| #define HAVE_RAW_DECL_READDIR 1
| #define HAVE_RAW_DECL_REWINDDIR 1
| #define HAVE_RAW_DECL_SCANDIR 1
| #define GNULIB_DIRENT_SAFER 1
| #define HAVE_DIRFD 1
| #define HAVE_DECL_DIRFD 1
| #define GNULIB_TEST_DIRFD 1
| #define GNULIB_DIRNAME 1
| #define HAVE_DUP2 1
| #define GNULIB_TEST_DUP2 1
| #define GNULIB_TEST_ENVIRON 1
| #define HAVE_EUIDACCESS 1
| #define GNULIB_TEST_EUIDACCESS 1
| #define GNULIB_FACCESSAT 1
| #define GNULIB_TEST_FACCESSAT 1
| #define GNULIB_TEST_FCHDIR 1
| #define GNULIB_FCHMODAT 1
| #define GNULIB_TEST_FCHMODAT 1
| #define GNULIB_FCHOWNAT 1
| #define GNULIB_TEST_FCHOWNAT 1
| #define GNULIB_TEST_FCNTL 1
| #define HAVE_RAW_DECL_FCNTL 1
| #define HAVE_RAW_DECL_OPENAT 1
| #define GNULIB_FD_SAFER_FLAG 1
| #define FLEXIBLE_ARRAY_MEMBER /**/
| #define GNULIB_TEST_FSTAT 1
| #define GNULIB_TEST_FSTATAT 1
| #define GNULIB_TEST_GETCWD 1
| #define GNULIB_TEST_GETDTABLESIZE 1
| #define HAVE_GETGROUPS 1
| #define GNULIB_TEST_GETGROUPS 1
| #define HAVE_DECL_PROGRAM_INVOCATION_NAME 1
| #define HAVE_DECL_PROGRAM_INVOCATION_SHORT_NAME 1
| #define HAVE_DECL___ARGV 0
| #define GETTIMEOFDAY_TIMEZONE void
| #define GNULIB_TEST_GETTIMEOFDAY 1
| #define GNULIB_TEST_GROUP_MEMBER 1
| #define HAVE_LCHOWN 1
| #define GNULIB_TEST_LCHOWN 1
| #define GNULIB_TEST_LSTAT 1
| #define HAVE_MALLOC_GNU 1
| #define GNULIB_MALLOC_GNU 1
| #define HAVE_MALLOC_POSIX 1
| #define GNULIB_TEST_MALLOC_POSIX 1
| #define C_LOCALE_MAYBE_EILSEQ 1
| #define GNULIB_TEST_MBRTOWC 1
| #define GNULIB_TEST_MBSINIT 1
| #define GNULIB_TEST_MEMCHR 1
| #define HAVE_MEMPCPY 1
| #define GNULIB_TEST_MEMPCPY 1
| #define HAVE_MEMRCHR 1
| #define GNULIB_TEST_MEMRCHR 1
| #define GNULIB_TEST_MKDIRAT 1
| #define GNULIB_TEST_MKTIME 1
| #define NEED_MKTIME_INTERNAL 1
| #define GNULIB_MSVC_NOTHROW 1
| #define my_strftime nstrftime
| #define GNULIB_TEST_OPEN 1
| #define GNULIB_OPENAT 1
| #define GNULIB_TEST_OPENAT 1
| #define HAVE_OPENDIR 1
| #define GNULIB_TEST_OPENDIR 1
| #define HAVE_STRUCT_TM_TM_ZONE 1
| #define HAVE_TM_ZONE 1
| #define HAVE_DECL_PROGRAM_INVOCATION_NAME 1
| #define HAVE_DECL_PROGRAM_INVOCATION_SHORT_NAME 1
| #define HAVE_RAISE 1
| #define GNULIB_TEST_RAISE 1
| #define HAVE_READDIR 1
| #define GNULIB_TEST_READDIR 1
| #define GNULIB_TEST_READLINK 1
| #define GNULIB_TEST_READLINKAT 1
| #define HAVE_REALLOC_GNU 1
| #define GNULIB_REALLOC_GNU 1
| #define HAVE_REALLOC_POSIX 1
| #define GNULIB_TEST_REALLOC_POSIX 1
| #define GNULIB_TEST_RENAME 1
| #define HAVE_LINUX_FS_H 1
| #define GNULIB_TEST_RENAMEAT 1
| #define HAVE_LINUX_FS_H 1
| #define GNULIB_TEST_RMDIR 1
| #define GNULIB_TEST_SETENV 1
| #define HAVE_RAW_DECL_PTHREAD_SIGMASK 1
| #define HAVE_RAW_DECL_SIGACTION 1
| #define HAVE_RAW_DECL_SIGADDSET 1
| #define HAVE_RAW_DECL_SIGDELSET 1
| #define HAVE_RAW_DECL_SIGEMPTYSET 1
| #define HAVE_RAW_DECL_SIGFILLSET 1
| #define HAVE_RAW_DECL_SIGISMEMBER 1
| #define HAVE_RAW_DECL_SIGPENDING 1
| #define HAVE_RAW_DECL_SIGPROCMASK 1
| #define HAVE_STDINT_H 1
| #define GNULIB_TEST_STAT 1
| #define HAVE_STRUCT_STAT_ST_ATIM_TV_NSEC 1
| #define TYPEOF_STRUCT_STAT_ST_ATIM_IS_STRUCT_TIMESPEC 1
| #define GNULIB_STATAT 1
| #define __USE_MINGW_ANSI_STDIO 1
| #define GNULIB_FSCANF 1
| #define GNULIB_SCANF 1
| #define HAVE_RAW_DECL_DPRINTF 1
| #define HAVE_RAW_DECL_FSEEKO 1
| #define HAVE_RAW_DECL_FTELLO 1
| #define HAVE_RAW_DECL_GETDELIM 1
| #define HAVE_RAW_DECL_GETLINE 1
| #define HAVE_RAW_DECL_PCLOSE 1
| #define HAVE_RAW_DECL_POPEN 1
| #define HAVE_RAW_DECL_RENAMEAT 1
| #define HAVE_RAW_DECL_SNPRINTF 1
| #define HAVE_RAW_DECL_TMPFILE 1
| #define HAVE_RAW_DECL_VDPRINTF 1
| #define HAVE_RAW_DECL_VSNPRINTF 1
| #define HAVE_RAW_DECL__EXIT 1
| #define HAVE_RAW_DECL_ATOLL 1
| #define HAVE_RAW_DECL_CANONICALIZE_FILE_NAME 1
| #define HAVE_RAW_DECL_GETLOADAVG 1
| #define HAVE_RAW_DECL_GETSUBOPT 1
| #define HAVE_RAW_DECL_GRANTPT 1
| #define HAVE_RAW_DECL_INITSTATE 1
| #define HAVE_RAW_DECL_INITSTATE_R 1
| #define HAVE_RAW_DECL_MKDTEMP 1
| #define HAVE_RAW_DECL_MKOSTEMP 1
| #define HAVE_RAW_DECL_MKOSTEMPS 1
| #define HAVE_RAW_DECL_MKSTEMP 1
| #define HAVE_RAW_DECL_MKSTEMPS 1
| #define HAVE_RAW_DECL_POSIX_OPENPT 1
| #define HAVE_RAW_DECL_PTSNAME 1
| #define HAVE_RAW_DECL_PTSNAME_R 1
| #define HAVE_RAW_DECL_QSORT_R 1
| #define HAVE_RAW_DECL_RANDOM 1
| #define HAVE_RAW_DECL_RANDOM_R 1
| #define HAVE_RAW_DECL_REALLOCARRAY 1
| #define HAVE_RAW_DECL_REALPATH 1
| #define HAVE_RAW_DECL_RPMATCH 1
| #define HAVE_RAW_DECL_SECURE_GETENV 1
| #define HAVE_RAW_DECL_SETENV 1
| #define HAVE_RAW_DECL_SETSTATE 1
| #define HAVE_RAW_DECL_SETSTATE_R 1
| #define HAVE_RAW_DECL_SRANDOM 1
| #define HAVE_RAW_DECL_SRANDOM_R 1
| #define HAVE_RAW_DECL_STRTOD 1
| #define HAVE_RAW_DECL_STRTOLL 1
| #define HAVE_RAW_DECL_STRTOULL 1
| #define HAVE_RAW_DECL_UNLOCKPT 1
| #define HAVE_RAW_DECL_UNSETENV 1
| #define GNULIB_TEST_STRDUP 1
| #define GNULIB_STRERROR 1
| #define GNULIB_TEST_STRERROR 1
| #define GNULIB_TEST_STRNDUP 1
| #define GNULIB_TEST_STRNLEN 1
| #define GNULIB_TEST_SYMLINK 1
| #define GNULIB_TEST_SYMLINKAT 1
| #define HAVE_RAW_DECL_FCHMODAT 1
| #define HAVE_RAW_DECL_FSTAT 1
| #define HAVE_RAW_DECL_FSTATAT 1
| #define HAVE_RAW_DECL_FUTIMENS 1
| #define HAVE_RAW_DECL_LCHMOD 1
| #define HAVE_RAW_DECL_LSTAT 1
| #define HAVE_RAW_DECL_MKDIRAT 1
| #define HAVE_RAW_DECL_MKFIFO 1
| #define HAVE_RAW_DECL_MKFIFOAT 1
| #define HAVE_RAW_DECL_MKNOD 1
| #define HAVE_RAW_DECL_MKNODAT 1
| #define HAVE_RAW_DECL_STAT 1
| #define HAVE_RAW_DECL_UTIMENSAT 1
| #define HAVE_DECL_LOCALTIME_R 1
| #define GNULIB_TEST_TIME_R 1
| #define GNULIB_TEST_TIME_RZ 1
| #define GNULIB_TEST_TIMEGM 1
| #define HAVE_RUN_TZSET_TEST 1
| #define GNULIB_TEST_TZSET 1
| #define HAVE_RAW_DECL_CHDIR 1
| #define HAVE_RAW_DECL_CHOWN 1
| #define HAVE_RAW_DECL_DUP 1
| #define HAVE_RAW_DECL_DUP2 1
| #define HAVE_RAW_DECL_DUP3 1
| #define HAVE_RAW_DECL_ENVIRON 1
| #define HAVE_RAW_DECL_EUIDACCESS 1
| #define HAVE_RAW_DECL_FACCESSAT 1
| #define HAVE_RAW_DECL_FCHDIR 1
| #define HAVE_RAW_DECL_FCHOWNAT 1
| #define HAVE_RAW_DECL_FDATASYNC 1
| #define HAVE_RAW_DECL_FSYNC 1
| #define HAVE_RAW_DECL_FTRUNCATE 1
| #define HAVE_RAW_DECL_GETCWD 1
| #define HAVE_RAW_DECL_GETDOMAINNAME 1
| #define HAVE_RAW_DECL_GETDTABLESIZE 1
| #define HAVE_RAW_DECL_GETGROUPS 1
| #define HAVE_RAW_DECL_GETHOSTNAME 1
| #define HAVE_RAW_DECL_GETLOGIN 1
| #define HAVE_RAW_DECL_GETLOGIN_R 1
| #define HAVE_RAW_DECL_GETPAGESIZE 1
| #define HAVE_RAW_DECL_GETUSERSHELL 1
| #define HAVE_RAW_DECL_SETUSERSHELL 1
| #define HAVE_RAW_DECL_ENDUSERSHELL 1
| #define HAVE_RAW_DECL_GROUP_MEMBER 1
| #define HAVE_RAW_DECL_ISATTY 1
| #define HAVE_RAW_DECL_LCHOWN 1
| #define HAVE_RAW_DECL_LINK 1
| #define HAVE_RAW_DECL_LINKAT 1
| #define HAVE_RAW_DECL_LSEEK 1
| #define HAVE_RAW_DECL_PIPE 1
| #define HAVE_RAW_DECL_PIPE2 1
| #define HAVE_RAW_DECL_PREAD 1
| #define HAVE_RAW_DECL_PWRITE 1
| #define HAVE_RAW_DECL_READLINK 1
| #define HAVE_RAW_DECL_READLINKAT 1
| #define HAVE_RAW_DECL_RMDIR 1
| #define HAVE_RAW_DECL_SETHOSTNAME 1
| #define HAVE_RAW_DECL_SLEEP 1
| #define HAVE_RAW_DECL_SYMLINK 1
| #define HAVE_RAW_DECL_SYMLINKAT 1
| #define HAVE_RAW_DECL_TRUNCATE 1
| #define HAVE_RAW_DECL_TTYNAME_R 1
| #define HAVE_RAW_DECL_UNLINK 1
| #define HAVE_RAW_DECL_UNLINKAT 1
| #define HAVE_RAW_DECL_USLEEP 1
| #define GNULIB_TEST_UNLINK 1
| #define GNULIB_TEST_UNLINKAT 1
| #define HAVE_UNSETENV 1
| #define GNULIB_TEST_UNSETENV 1
| #define GNULIB_TEST_UTIME 1
| #define HAVE_RAW_DECL_UTIME 1
| #define GNULIB_TEST_UTIMENSAT 1
| #define HAVE_VASPRINTF 1
| #define GNULIB_TEST_VASPRINTF 1
| #define HAVE_RAW_DECL_BTOWC 1
| #define HAVE_RAW_DECL_WCTOB 1
| #define HAVE_RAW_DECL_MBSINIT 1
| #define HAVE_RAW_DECL_MBRTOWC 1
| #define HAVE_RAW_DECL_MBRLEN 1
| #define HAVE_RAW_DECL_MBSRTOWCS 1
| #define HAVE_RAW_DECL_MBSNRTOWCS 1
| #define HAVE_RAW_DECL_WCRTOMB 1
| #define HAVE_RAW_DECL_WCSRTOMBS 1
| #define HAVE_RAW_DECL_WCSNRTOMBS 1
| #define HAVE_RAW_DECL_WCWIDTH 1
| #define HAVE_RAW_DECL_WMEMCHR 1
| #define HAVE_RAW_DECL_WMEMCMP 1
| #define HAVE_RAW_DECL_WMEMCPY 1
| #define HAVE_RAW_DECL_WMEMMOVE 1
| #define HAVE_RAW_DECL_WMEMSET 1
| #define HAVE_RAW_DECL_WCSLEN 1
| #define HAVE_RAW_DECL_WCSNLEN 1
| #define HAVE_RAW_DECL_WCSCPY 1
| #define HAVE_RAW_DECL_WCPCPY 1
| #define HAVE_RAW_DECL_WCSNCPY 1
| #define HAVE_RAW_DECL_WCPNCPY 1
| #define HAVE_RAW_DECL_WCSCAT 1
| #define HAVE_RAW_DECL_WCSNCAT 1
| #define HAVE_RAW_DECL_WCSCMP 1
| #define HAVE_RAW_DECL_WCSNCMP 1
| #define HAVE_RAW_DECL_WCSCASECMP 1
| #define HAVE_RAW_DECL_WCSNCASECMP 1
| #define HAVE_RAW_DECL_WCSCOLL 1
| #define HAVE_RAW_DECL_WCSXFRM 1
| #define HAVE_RAW_DECL_WCSDUP 1
| #define HAVE_RAW_DECL_WCSCHR 1
| #define HAVE_RAW_DECL_WCSRCHR 1
| #define HAVE_RAW_DECL_WCSCSPN 1
| #define HAVE_RAW_DECL_WCSSPN 1
| #define HAVE_RAW_DECL_WCSPBRK 1
| #define HAVE_RAW_DECL_WCSSTR 1
| #define HAVE_RAW_DECL_WCSTOK 1
| #define HAVE_RAW_DECL_WCSWIDTH 1
| #define HAVE_RAW_DECL_WCSFTIME 1
| #define HAVE_TOWLOWER 1
| #define HAVE_RAW_DECL_WCTYPE 1
| #define HAVE_RAW_DECL_ISWCTYPE 1
| #define HAVE_RAW_DECL_WCTRANS 1
| #define HAVE_RAW_DECL_TOWCTRANS 1
| #define GNULIB_TEST_WRITE 1
| #define HAVE_STDINT_H 1
| #define HAVE_STDINT_H 1
| #define HAVE_ATTR_ERROR_CONTEXT_H 1
| #define HAVE_ATTR_LIBATTR_H 1
| #define HAVE_ATTR_COPY_FILE 1
| #define HAVE_ATTR_COPY_ACTION 1
| #define USE_XATTR 1
| #define HAVE_GETEUID 1
| #define HAVE_GETUID 1
| #define HAVE_RAISE 1
| #define HAVE_SIGACTION 1
| #define HAVE_SIGPROCMASK 1
| #define HAVE_SIGSETMASK 1
| #define HAVE_FCNTL_H 1
| #define HAVE_UNISTD_H 1
| /* end confdefs.h.  */
| #include <io.h>
| 	 #if HAVE_FCNTL_H
| 	 # include <fcntl.h>
| 	 #endif
| 	 #if HAVE_UNISTD_H
| 	 # include <unistd.h>
| 	 #endif
| int
| main (void)
| {
| int ret = setmode && setmode (1, O_BINARY);
|   ;
|   return 0;
| }
configure:27698: result: no
configure:27708: checking for ed
configure:27744: result: ed
configure:27971: creating ./config.status

## ---------------------- ##
## Running config.status. ##
## ---------------------- ##

This file was extended by GNU patch config.status 2.7.6, which was
generated by GNU Autoconf 2.71.  Invocation command line was

  CONFIG_FILES    = 
  CONFIG_HEADERS  = 
  CONFIG_LINKS    = 
  CONFIG_COMMANDS = 
  $ ./config.status 

on DESKTOP-CSPIOE3

config.status:2148: creating Makefile
config.status:2148: creating lib/Makefile
config.status:2148: creating src/Makefile
config.status:2148: creating tests/Makefile
config.status:2148: creating config.h
config.status:2374: linking ../patch-2.7.6/GNUmakefile to GNUmakefile
config.status:2393: executing depfiles commands
configure:29324: WARNING: unrecognized options: --disable-static

## ---------------- ##
## Cache variables. ##
## ---------------- ##

ac_cv___va_copy=yes
ac_cv_af_unix_large_dgram=yes
ac_cv_alignof_char=1
ac_cv_alignof_dbind_pointer=8
ac_cv_alignof_dbind_struct=1
ac_cv_alignof_dbus_bool_t=4
ac_cv_alignof_dbus_int16_t=2
ac_cv_alignof_dbus_int32_t=4
ac_cv_alignof_dbus_int64_t=8
ac_cv_alignof_double=8
ac_cv_alignof_guint32=4
ac_cv_alignof_guint64=8
ac_cv_alignof_unsigned_long=8
ac_cv_buggy_getaddrinfo=no
ac_cv_build=x86_64-pc-linux-gnu
ac_cv_c_bigendian=no
ac_cv_c_compiler_gnu=yes
ac_cv_c_endian=little
ac_cv_c_flexmember=yes
ac_cv_c_littleendian=yes
ac_cv_c_restrict=__restrict
ac_cv_c_undeclared_builtin_options='none needed'
ac_cv_check_sjlj=ssjlj
ac_cv_conv_longlong_to_float=yes
ac_cv_env_CC_set=set
ac_cv_env_CC_value='gcc '
ac_cv_env_CFLAGS_set=set
ac_cv_env_CFLAGS_value='-isystem/home/ubuntu/yocto/rpi-build/tmp/work/x86_64-linux/patch-native/2.7.6-r0/recipe-sysroot-native/usr/include -O2 -pipe'
ac_cv_env_CPPFLAGS_set=set
ac_cv_env_CPPFLAGS_value=-isystem/home/ubuntu/yocto/rpi-build/tmp/work/x86_64-linux/patch-native/2.7.6-r0/recipe-sysroot-native/usr/include
ac_cv_env_CPP_set=set
ac_cv_env_CPP_value='gcc  -E'
ac_cv_env_LDFLAGS_set=set
ac_cv_env_LDFLAGS_value='-L/home/ubuntu/yocto/rpi-build/tmp/work/x86_64-linux/patch-native/2.7.6-r0/recipe-sysroot-native/usr/lib                         -L/home/ubuntu/yocto/rpi-build/tmp/work/x86_64-linux/patch-native/2.7.6-r0/recipe-sysroot-native/lib                         -Wl,--enable-new-dtags                         -Wl,-rpath-link,/home/ubuntu/yocto/rpi-build/tmp/work/x86_64-linux/patch-native/2.7.6-r0/recipe-sysroot-native/usr/lib                         -Wl,-rpath-link,/home/ubuntu/yocto/rpi-build/tmp/work/x86_64-linux/patch-native/2.7.6-r0/recipe-sysroot-native/lib                         -Wl,-rpath,/home/ubuntu/yocto/rpi-build/tmp/work/x86_64-linux/patch-native/2.7.6-r0/recipe-sysroot-native/usr/lib                         -Wl,-rpath,/home/ubuntu/yocto/rpi-build/tmp/work/x86_64-linux/patch-native/2.7.6-r0/recipe-sysroot-native/lib                         -Wl,-O1 -Wl,--allow-shlib-undefined -Wl,--dynamic-linker=/home/ubuntu/yocto/rpi-build/tmp/sysroots-uninative/x86_64-linux/lib/ld-linux-x86-64.so.2'
ac_cv_env_LIBS_set=
ac_cv_env_LIBS_value=
ac_cv_env_YACC_set=
ac_cv_env_YACC_value=
ac_cv_env_YFLAGS_set=
ac_cv_env_YFLAGS_value=
ac_cv_env_build_alias_set=set
ac_cv_env_build_alias_value=x86_64-linux
ac_cv_env_host_alias_set=set
ac_cv_env_host_alias_value=x86_64-linux
ac_cv_env_target_alias_set=set
ac_cv_env_target_alias_value=x86_64-linux
ac_cv_epoll_works=yes
ac_cv_file__dev_random=yes
ac_cv_file__dev_zero=yes
ac_cv_func___ashldi3=no
ac_cv_func___ashrdi3=no
ac_cv_func___bswapdi2=no
ac_cv_func___bswapsi2=no
ac_cv_func___lshrdi3=no
ac_cv_func___mktime_internal=no
ac_cv_func___trampoline_setup=no
ac_cv_func___ucmpdi2=no
ac_cv_func___va_copy=yes
ac_cv_func__restgpr_14_x=no
ac_cv_func__set_invalid_parameter_handler=no
ac_cv_func_alloca_works=yes
ac_cv_func_attr_copy_action=yes
ac_cv_func_attr_copy_file=yes
ac_cv_func_calloc_0_nonnull=yes
ac_cv_func_canonicalize_file_name=yes
ac_cv_func_chown=yes
ac_cv_func_chown_works=yes
ac_cv_func_clock_gettime=yes
ac_cv_func_clock_settime=yes
ac_cv_func_closedir=yes
ac_cv_func_dirfd=yes
ac_cv_func_euidaccess=yes
ac_cv_func_faccessat=yes
ac_cv_func_fchdir=yes
ac_cv_func_fchmodat=yes
ac_cv_func_fchown=yes
ac_cv_func_fchownat=yes
ac_cv_func_fcntl=yes
ac_cv_func_fdopendir=yes
ac_cv_func_fstatat=yes
ac_cv_func_futimens=yes
ac_cv_func_futimes=yes
ac_cv_func_futimesat=yes
ac_cv_func_getaddrinfo=yes
ac_cv_func_getcwd=yes
ac_cv_func_getdtablesize=yes
ac_cv_func_geteuid=yes
ac_cv_func_getexecname=no
ac_cv_func_getgrgid_r=yes
ac_cv_func_getgroups=yes
ac_cv_func_getgroups_works=yes
ac_cv_func_getopt_long_only=yes
ac_cv_func_getpagesize=yes
ac_cv_func_getpgrp_void=yes
ac_cv_func_getprogname=no
ac_cv_func_getpwuid_r=yes
ac_cv_func_gettimeofday=yes
ac_cv_func_getuid=yes
ac_cv_func_group_member=yes
ac_cv_func_iswcntrl=yes
ac_cv_func_lchmod=yes
ac_cv_func_lchown=yes
ac_cv_func_link=yes
ac_cv_func_localtime_r=yes
ac_cv_func_lstat=yes
ac_cv_func_lstat_dereferences_slashed_symlink=yes
ac_cv_func_lstat_empty_string_bug=no
ac_cv_func_lutimes=yes
ac_cv_func_malloc_0_nonnull=yes
ac_cv_func_malloc_works=yes
ac_cv_func_mbrtowc=yes
ac_cv_func_mbsinit=yes
ac_cv_func_memcmp_working=yes
ac_cv_func_memcpy=yes
ac_cv_func_mempcpy=yes
ac_cv_func_memrchr=yes
ac_cv_func_mkdirat=yes
ac_cv_func_mmap=yes
ac_cv_func_mmap_fixed_mapped=yes
ac_cv_func_mprotect=yes
ac_cv_func_nanotime=no
ac_cv_func_openat=yes
ac_cv_func_opendir=yes
ac_cv_func_pathconf=yes
ac_cv_func_pipe=yes
ac_cv_func_posix_getgrgid_r=yes
ac_cv_func_posix_getpwnam_r=yes
ac_cv_func_posix_getpwuid_r=yes
ac_cv_func_printf_unix98=yes
ac_cv_func_pthread_attr_getstack=yes
ac_cv_func_pthread_key_delete=yes
ac_cv_func_raise=yes
ac_cv_func_readdir=yes
ac_cv_func_readlink=yes
ac_cv_func_readlinkat=yes
ac_cv_func_realloc_0_nonnull=yes
ac_cv_func_realloc_works=yes
ac_cv_func_realpath=yes
ac_cv_func_renameat=yes
ac_cv_func_setenv=yes
ac_cv_func_setgrent_void=yes
ac_cv_func_setmode_dos=no
ac_cv_func_setpgrp_void=yes
ac_cv_func_setresuid=yes
ac_cv_func_setvbuf_reversed=no
ac_cv_func_sigaction=yes
ac_cv_func_sigprocmask=yes
ac_cv_func_sigsetmask=yes
ac_cv_func_snprintf=yes
ac_cv_func_snprintf_c99=yes
ac_cv_func_stat_empty_string_bug=no
ac_cv_func_stat_ignores_trailing_slash=no
ac_cv_func_strdup=yes
ac_cv_func_strerror=yes
ac_cv_func_strerror_r_char_p=yes
ac_cv_func_strndup=yes
ac_cv_func_strnlen=yes
ac_cv_func_strnlen_working=yes
ac_cv_func_strtod=yes
ac_cv_func_symlink=yes
ac_cv_func_symlinkat=yes
ac_cv_func_timegm=yes
ac_cv_func_towlower=yes
ac_cv_func_tsearch=yes
ac_cv_func_tzset=yes
ac_cv_func_unlinkat=yes
ac_cv_func_unsetenv=yes
ac_cv_func_utime=yes
ac_cv_func_utime_null=yes
ac_cv_func_utimensat=yes
ac_cv_func_va_copy=yes
ac_cv_func_vasnprintf=no
ac_cv_func_vasprintf=yes
ac_cv_func_vsnprintf_c99=yes
ac_cv_func_wcrtomb=yes
ac_cv_func_wcslen=yes
ac_cv_func_wcsnlen=yes
ac_cv_gnu_library_2_1=yes
ac_cv_have_abstract_sockets=yes
ac_cv_have_decl__Exit=yes
ac_cv_have_decl___argv=no
ac_cv_have_decl__snprintf=no
ac_cv_have_decl_alarm=yes
ac_cv_have_decl_alphasort=yes
ac_cv_have_decl_atoll=yes
ac_cv_have_decl_btowc=yes
ac_cv_have_decl_canonicalize_file_name=yes
ac_cv_have_decl_chdir=yes
ac_cv_have_decl_chown=yes
ac_cv_have_decl_closedir=yes
ac_cv_have_decl_dirfd=yes
ac_cv_have_decl_dprintf=yes
ac_cv_have_decl_dup2=yes
ac_cv_have_decl_dup3=yes
ac_cv_have_decl_dup=yes
ac_cv_have_decl_endusershell=yes
ac_cv_have_decl_environ=yes
ac_cv_have_decl_euidaccess=yes
ac_cv_have_decl_faccessat=yes
ac_cv_have_decl_fchdir=yes
ac_cv_have_decl_fchmodat=yes
ac_cv_have_decl_fchownat=yes
ac_cv_have_decl_fcntl=yes
ac_cv_have_decl_fdatasync=yes
ac_cv_have_decl_fdopendir=yes
ac_cv_have_decl_ffsl=yes
ac_cv_have_decl_ffsll=yes
ac_cv_have_decl_fseeko=yes
ac_cv_have_decl_fstat=yes
ac_cv_have_decl_fstatat=yes
ac_cv_have_decl_fsync=yes
ac_cv_have_decl_ftello=yes
ac_cv_have_decl_ftruncate=yes
ac_cv_have_decl_futimens=yes
ac_cv_have_decl_getc_unlocked=yes
ac_cv_have_decl_getcwd=yes
ac_cv_have_decl_getdelim=yes
ac_cv_have_decl_getdomainname=yes
ac_cv_have_decl_getdtablesize=yes
ac_cv_have_decl_getgroups=yes
ac_cv_have_decl_gethostname=yes
ac_cv_have_decl_getline=yes
ac_cv_have_decl_getloadavg=yes
ac_cv_have_decl_getlogin=yes
ac_cv_have_decl_getlogin_r=yes
ac_cv_have_decl_getpagesize=yes
ac_cv_have_decl_getsubopt=yes
ac_cv_have_decl_gettimeofday=yes
ac_cv_have_decl_getusershell=yes
ac_cv_have_decl_grantpt=yes
ac_cv_have_decl_group_member=yes
ac_cv_have_decl_imaxabs=yes
ac_cv_have_decl_imaxdiv=yes
ac_cv_have_decl_initstate=yes
ac_cv_have_decl_initstate_r=yes
ac_cv_have_decl_isatty=yes
ac_cv_have_decl_iswctype=yes
ac_cv_have_decl_lchmod=yes
ac_cv_have_decl_lchown=yes
ac_cv_have_decl_link=yes
ac_cv_have_decl_linkat=yes
ac_cv_have_decl_localtime_r=yes
ac_cv_have_decl_lseek=yes
ac_cv_have_decl_lstat=yes
ac_cv_have_decl_mbrlen=yes
ac_cv_have_decl_mbrtowc=yes
ac_cv_have_decl_mbsinit=yes
ac_cv_have_decl_mbsnrtowcs=yes
ac_cv_have_decl_mbsrtowcs=yes
ac_cv_have_decl_memmem=yes
ac_cv_have_decl_mempcpy=yes
ac_cv_have_decl_memrchr=yes
ac_cv_have_decl_mkdirat=yes
ac_cv_have_decl_mkdtemp=yes
ac_cv_have_decl_mkfifo=yes
ac_cv_have_decl_mkfifoat=yes
ac_cv_have_decl_mknod=yes
ac_cv_have_decl_mknodat=yes
ac_cv_have_decl_mkostemp=yes
ac_cv_have_decl_mkostemps=yes
ac_cv_have_decl_mkstemp=yes
ac_cv_have_decl_mkstemps=yes
ac_cv_have_decl_openat=yes
ac_cv_have_decl_opendir=yes
ac_cv_have_decl_pclose=yes
ac_cv_have_decl_pipe2=yes
ac_cv_have_decl_pipe=yes
ac_cv_have_decl_popen=yes
ac_cv_have_decl_posix_openpt=yes
ac_cv_have_decl_pread=yes
ac_cv_have_decl_program_invocation_name=yes
ac_cv_have_decl_program_invocation_short_name=yes
ac_cv_have_decl_pthread_sigmask=yes
ac_cv_have_decl_ptsname=yes
ac_cv_have_decl_ptsname_r=yes
ac_cv_have_decl_pwrite=yes
ac_cv_have_decl_qsort_r=yes
ac_cv_have_decl_random=yes
ac_cv_have_decl_random_r=yes
ac_cv_have_decl_rawmemchr=yes
ac_cv_have_decl_readdir=yes
ac_cv_have_decl_readlink=yes
ac_cv_have_decl_readlinkat=yes
ac_cv_have_decl_reallocarray=yes
ac_cv_have_decl_realpath=yes
ac_cv_have_decl_renameat=yes
ac_cv_have_decl_rewinddir=yes
ac_cv_have_decl_rmdir=yes
ac_cv_have_decl_rpmatch=yes
ac_cv_have_decl_scandir=yes
ac_cv_have_decl_secure_getenv=yes
ac_cv_have_decl_setenv=yes
ac_cv_have_decl_sethostname=yes
ac_cv_have_decl_setstate=yes
ac_cv_have_decl_setstate_r=yes
ac_cv_have_decl_setusershell=yes
ac_cv_have_decl_sigaction=yes
ac_cv_have_decl_sigaddset=yes
ac_cv_have_decl_sigdelset=yes
ac_cv_have_decl_sigemptyset=yes
ac_cv_have_decl_sigfillset=yes
ac_cv_have_decl_sigismember=yes
ac_cv_have_decl_sigpending=yes
ac_cv_have_decl_sigprocmask=yes
ac_cv_have_decl_sleep=yes
ac_cv_have_decl_snprintf=yes
ac_cv_have_decl_srandom=yes
ac_cv_have_decl_srandom_r=yes
ac_cv_have_decl_stat=yes
ac_cv_have_decl_stpcpy=yes
ac_cv_have_decl_stpncpy=yes
ac_cv_have_decl_strcasestr=yes
ac_cv_have_decl_strchrnul=yes
ac_cv_have_decl_strdup=yes
ac_cv_have_decl_strerror_r=yes
ac_cv_have_decl_strncat=yes
ac_cv_have_decl_strndup=yes
ac_cv_have_decl_strnlen=yes
ac_cv_have_decl_strpbrk=yes
ac_cv_have_decl_strsep=yes
ac_cv_have_decl_strsignal=yes
ac_cv_have_decl_strtod=yes
ac_cv_have_decl_strtoimax=yes
ac_cv_have_decl_strtok_r=yes
ac_cv_have_decl_strtoll=yes
ac_cv_have_decl_strtoull=yes
ac_cv_have_decl_strtoumax=yes
ac_cv_have_decl_strverscmp=yes
ac_cv_have_decl_symlink=yes
ac_cv_have_decl_symlinkat=yes
ac_cv_have_decl_sys_siglist=no
ac_cv_have_decl_tmpfile=yes
ac_cv_have_decl_towctrans=yes
ac_cv_have_decl_truncate=yes
ac_cv_have_decl_ttyname_r=yes
ac_cv_have_decl_unlink=yes
ac_cv_have_decl_unlinkat=yes
ac_cv_have_decl_unlockpt=yes
ac_cv_have_decl_unsetenv=yes
ac_cv_have_decl_usleep=yes
ac_cv_have_decl_utime=yes
ac_cv_have_decl_utimensat=yes
ac_cv_have_decl_vdprintf=yes
ac_cv_have_decl_vsnprintf=yes
ac_cv_have_decl_wcpcpy=yes
ac_cv_have_decl_wcpncpy=yes
ac_cv_have_decl_wcrtomb=yes
ac_cv_have_decl_wcscasecmp=yes
ac_cv_have_decl_wcscat=yes
ac_cv_have_decl_wcschr=yes
ac_cv_have_decl_wcscmp=yes
ac_cv_have_decl_wcscoll=yes
ac_cv_have_decl_wcscpy=yes
ac_cv_have_decl_wcscspn=yes
ac_cv_have_decl_wcsdup=yes
ac_cv_have_decl_wcsftime=yes
ac_cv_have_decl_wcslen=yes
ac_cv_have_decl_wcsncasecmp=yes
ac_cv_have_decl_wcsncat=yes
ac_cv_have_decl_wcsncmp=yes
ac_cv_have_decl_wcsncpy=yes
ac_cv_have_decl_wcsnlen=yes
ac_cv_have_decl_wcsnrtombs=yes
ac_cv_have_decl_wcspbrk=yes
ac_cv_have_decl_wcsrchr=yes
ac_cv_have_decl_wcsrtombs=yes
ac_cv_have_decl_wcsspn=yes
ac_cv_have_decl_wcsstr=yes
ac_cv_have_decl_wcstok=yes
ac_cv_have_decl_wcswidth=yes
ac_cv_have_decl_wcsxfrm=yes
ac_cv_have_decl_wctob=yes
ac_cv_have_decl_wctrans=yes
ac_cv_have_decl_wctype=yes
ac_cv_have_decl_wcwidth=yes
ac_cv_have_decl_wmemchr=yes
ac_cv_have_decl_wmemcmp=yes
ac_cv_have_decl_wmemcpy=yes
ac_cv_have_decl_wmemmove=yes
ac_cv_have_decl_wmemset=yes
ac_cv_have_long_long_format=yes
ac_cv_header_attr_error_context_h=yes
ac_cv_header_attr_libattr_h=yes
ac_cv_header_crtdefs_h=no
ac_cv_header_dirent_h=yes
ac_cv_header_fcntl_h=yes
ac_cv_header_features_h=yes
ac_cv_header_getopt_h=yes
ac_cv_header_inttypes_h=yes
ac_cv_header_limits_h=yes
ac_cv_header_linux_fs_h=yes
ac_cv_header_minix_config_h=no
ac_cv_header_search_h=yes
ac_cv_header_stat_broken=no
ac_cv_header_stdbool_h=yes
ac_cv_header_stdint_h=yes
ac_cv_header_stdio_h=yes
ac_cv_header_stdlib_h=yes
ac_cv_header_string_h=yes
ac_cv_header_strings_h=yes
ac_cv_header_sys_cdefs_h=yes
ac_cv_header_sys_mman_h=yes
ac_cv_header_sys_param_h=yes
ac_cv_header_sys_socket_h=yes
ac_cv_header_sys_stat_h=yes
ac_cv_header_sys_time_h=yes
ac_cv_header_sys_types_h=yes
ac_cv_header_unistd_h=yes
ac_cv_header_utime_h=yes
ac_cv_header_wchar_h=yes
ac_cv_header_wctype_h=yes
ac_cv_host=x86_64-pc-linux-gnu
ac_cv_lib_error_at_line=yes
ac_cv_lib_m_sin=yes
ac_cv_libnet_endianess=lil
ac_cv_linux_vers=2
ac_cv_member_struct_stat_st_atim_tv_nsec=yes
ac_cv_member_struct_stat_st_birthtim_tv_nsec=no
ac_cv_member_struct_stat_st_birthtimensec=no
ac_cv_member_struct_stat_st_birthtimespec_tv_nsec=no
ac_cv_member_struct_tm_tm_gmtoff=yes
ac_cv_member_struct_tm_tm_zone=yes
ac_cv_need_trio=no
ac_cv_o_nonblock_inherited=no
ac_cv_objext=o
ac_cv_path_ED=ed
ac_cv_path_EGREP='/home/ubuntu/yocto/rpi-build/tmp/hosttools/grep -E'
ac_cv_path_GREP=/home/ubuntu/yocto/rpi-build/tmp/hosttools/grep
ac_cv_path_SED=sed
ac_cv_path_install='/home/ubuntu/yocto/rpi-build/tmp/hosttools/install -c'
ac_cv_path_mkdir=/home/ubuntu/yocto/rpi-build/tmp/hosttools/mkdir
ac_cv_prog_AR=ar
ac_cv_prog_AWK=gawk
ac_cv_prog_CC='gcc '
ac_cv_prog_CPP='gcc  -E'
ac_cv_prog_cc_c11=
ac_cv_prog_cc_g=yes
ac_cv_prog_cc_stdc=
ac_cv_prog_make_make_set=yes
ac_cv_safe_to_define___extensions__=yes
ac_cv_search_attr_copy_file=-lattr
ac_cv_search_clock_gettime='none required'
ac_cv_should_define__xopen_source=no
ac_cv_sizeof___int64=0
ac_cv_sizeof_char=1
ac_cv_sizeof_dev_t=8
ac_cv_sizeof_gid_t=4
ac_cv_sizeof_int=4
ac_cv_sizeof_long=8
ac_cv_sizeof_long_double=16
ac_cv_sizeof_long_int=8
ac_cv_sizeof_long_long=8
ac_cv_sizeof_pid_t=4
ac_cv_sizeof_short=2
ac_cv_sizeof_short_int=2
ac_cv_sizeof_size_t=8
ac_cv_sizeof_uid_t=4
ac_cv_sizeof_unsigned_int=4
ac_cv_sizeof_unsigned_long=8
ac_cv_sizeof_unsigned_short=2
ac_cv_sizeof_void_p=8
ac_cv_strerror_r_SUSv3=no
ac_cv_struct_tm=time.h
ac_cv_sys_file_offset_bits=no
ac_cv_sys_largefile_CC=no
ac_cv_sys_long_file_names=yes
ac_cv_sys_restartable_syscalls=yes
ac_cv_type__Bool=yes
ac_cv_type_getgroups=gid_t
ac_cv_type_long_long_int=yes
ac_cv_type_max_align_t=yes
ac_cv_type_mbstate_t=yes
ac_cv_type_mode_t=yes
ac_cv_type_nlink_t=yes
ac_cv_type_off_t=yes
ac_cv_type_pid_t=yes
ac_cv_type_ptrdiff_t=yes
ac_cv_type_sighandler_t=yes
ac_cv_type_sigset_t=yes
ac_cv_type_size_t=yes
ac_cv_type_timezone_t=no
ac_cv_type_uid_t='{ac_cv_type_uid_t=yes}'
ac_cv_type_unsigned_long_long_int=yes
ac_cv_type_volatile_sig_atomic_t=yes
ac_cv_typeof_struct_stat_st_atim_is_struct_timespec=yes
ac_cv_va_copy=yes
ac_cv_va_val_copy=no
ac_cv_working_alloca_h=yes
am_cv_CC_dependencies_compiler_type=none
am_cv_ar_interface=ar
am_cv_func_iconv_works=yes
am_cv_func_working_getline=yes
am_cv_langinfo_codeset=yes
am_cv_make_support_nested_variables=yes
am_cv_prog_cc_c_o=yes
am_cv_scanf_lld=yes
apr_cv_process_shared_works=no
apr_cv_tcp_nodelay_with_cork=yes
as_cv_unaligned_access=yes
bash_cv_dup2_broken=no
bash_cv_func_sigsetjmp=present
bash_cv_func_strcoll_broken=no
bash_cv_getcwd_calls_popen=no
bash_cv_getcwd_malloc=yes
bash_cv_getenv_redef=yes
bash_cv_have_mbstate_t=yes
bash_cv_job_control_missing=present
bash_cv_must_reinstall_sighandlers=no
bash_cv_opendir_not_robust=no
bash_cv_pgrp_pipe=no
bash_cv_printf_a_format=yes
bash_cv_sys_named_pipes=present
bash_cv_sys_siglist=no
bash_cv_type_rlimit=rlim_t
bash_cv_ulimit_maxfds=yes
bash_cv_under_sys_siglist=no
bash_cv_unusable_rtsigs=no
cvs_cv_func_printf_ptr=yes
db_cv_align_t='unsigned long long'
db_cv_alignp_t='unsigned long long'
db_cv_fcntl_f_setfd=yes
db_cv_path_ar=/usr/bin/ar
db_cv_path_chmod=/bin/chmod
db_cv_path_cp=/bin/cp
db_cv_path_ln=/bin/ln
db_cv_path_mkdir=/bin/mkdir
db_cv_path_ranlib=/usr/bin/ranlib
db_cv_path_rm=/bin/rm
db_cv_path_sh=/bin/sh
db_cv_path_strip=/usr/bin/strip
db_cv_sprintf_count=yes
fu_cv_sys_stat_statfs2_bsize=yes
gl_cv_C_locale_sans_EILSEQ=no
gl_cv_c_amsterdam_compiler=no
gl_cv_c_multiarch=no
gl_cv_cc_double_expbit0='word 1 bit 20'
gl_cv_compound_literals=yes
gl_cv_decl_null_works=yes
gl_cv_decl_readlink_works=yes
gl_cv_decl_readlinkat_works=yes
gl_cv_double_slash_root=no
gl_cv_func_btowc_eof=yes
gl_cv_func_chown_ctime_works=yes
gl_cv_func_chown_follows_symlink=yes
gl_cv_func_chown_slash_works=yes
gl_cv_func_dirfd_macro=no
gl_cv_func_dup2_works=yes
gl_cv_func_fchownat_empty_filename_works=yes
gl_cv_func_fchownat_nofollow_works=yes
gl_cv_func_fcntl_f_dupfd_cloexec='needs runtime check'
gl_cv_func_fcntl_f_dupfd_works=yes
gl_cv_func_fstatat_zero_flag=yes
gl_cv_func_getcwd_abort_bug=no
gl_cv_func_getcwd_null=yes
gl_cv_func_getcwd_path_max=yes
gl_cv_func_getcwd_posix_signature=yes
gl_cv_func_getdtablesize_works=yes
gl_cv_func_getgroups_works=yes
gl_cv_func_getopt_gnu=yes
gl_cv_func_getopt_long_gnu=yes
gl_cv_func_getopt_posix=yes
gl_cv_func_gettimeofday_clobber=no
gl_cv_func_gettimeofday_posix_signature=yes
gl_cv_func_iswcntrl_works=yes
gl_cv_func_itold_works=yes
gl_cv_func_link_follows_symlink=no
gl_cv_func_lstat_dereferences_slashed_symlink=yes
gl_cv_func_malloc_0_nonnull=1
gl_cv_func_malloc_posix=yes
gl_cv_func_mbrtowc_empty_input=yes
gl_cv_func_mbrtowc_incomplete_state=yes
gl_cv_func_mbrtowc_nul_retval=yes
gl_cv_func_mbrtowc_null_arg1=yes
gl_cv_func_mbrtowc_null_arg2=yes
gl_cv_func_mbrtowc_null_arg=yes
gl_cv_func_mbrtowc_retval=yes
gl_cv_func_mbrtowc_sanitycheck=yes
gl_cv_func_memchr_works=yes
gl_cv_func_mkdir_trailing_dot_works=yes
gl_cv_func_mkdir_trailing_slash_works=yes
gl_cv_func_nanosleep='no (mishandles large arguments)'
gl_cv_func_open_slash=yes
gl_cv_func_printf_attribute_flavor=system
gl_cv_func_readlink_works=yes
gl_cv_func_realpath_works=yes
gl_cv_func_rename_dest_works=yes
gl_cv_func_rename_link_works=yes
gl_cv_func_rename_slash_dst_works=yes
gl_cv_func_rename_slash_src_works=yes
gl_cv_func_rmdir_works=yes
gl_cv_func_setenv_works=yes
gl_cv_func_sleep_works=yes
gl_cv_func_snprintf_retval_c99=yes
gl_cv_func_stat_file_slash=yes
gl_cv_func_strerror_0_works=yes
gl_cv_func_strndup_works=yes
gl_cv_func_symlink_works=yes
gl_cv_func_symlinkat_works=yes
gl_cv_func_tzset_clobber=no
gl_cv_func_unlink_busy_text=yes
gl_cv_func_unlink_honors_slashes=yes
gl_cv_func_unlink_parent_fails='guessing yes'
gl_cv_func_unsetenv_works=yes
gl_cv_func_utimensat_works=yes
gl_cv_func_va_copy=yes
gl_cv_func_wcrtomb_retval=yes
gl_cv_func_wctob_works=yes
gl_cv_func_working_mkstemp=yes
gl_cv_func_working_mktime=yes
gl_cv_func_working_strerror=yes
gl_cv_func_working_utimes=yes
gl_cv_have_arbitrary_file_name_length_limit=yes
gl_cv_have_include_next=yes
gl_cv_have_proc_uptime=yes
gl_cv_have_raw_decl__Exit=yes
gl_cv_have_raw_decl_alphasort=yes
gl_cv_have_raw_decl_atoll=yes
gl_cv_have_raw_decl_btowc=yes
gl_cv_have_raw_decl_canonicalize_file_name=yes
gl_cv_have_raw_decl_chdir=yes
gl_cv_have_raw_decl_chown=yes
gl_cv_have_raw_decl_closedir=yes
gl_cv_have_raw_decl_dirfd=yes
gl_cv_have_raw_decl_dprintf=yes
gl_cv_have_raw_decl_dup2=yes
gl_cv_have_raw_decl_dup3=yes
gl_cv_have_raw_decl_dup=yes
gl_cv_have_raw_decl_endusershell=yes
gl_cv_have_raw_decl_environ=yes
gl_cv_have_raw_decl_euidaccess=yes
gl_cv_have_raw_decl_faccessat=yes
gl_cv_have_raw_decl_fchdir=yes
gl_cv_have_raw_decl_fchmodat=yes
gl_cv_have_raw_decl_fchownat=yes
gl_cv_have_raw_decl_fcntl=yes
gl_cv_have_raw_decl_fdatasync=yes
gl_cv_have_raw_decl_fdopendir=yes
gl_cv_have_raw_decl_ffsl=yes
gl_cv_have_raw_decl_ffsll=yes
gl_cv_have_raw_decl_fpurge=no
gl_cv_have_raw_decl_fseeko=yes
gl_cv_have_raw_decl_fstat=yes
gl_cv_have_raw_decl_fstatat=yes
gl_cv_have_raw_decl_fsync=yes
gl_cv_have_raw_decl_ftello=yes
gl_cv_have_raw_decl_ftruncate=yes
gl_cv_have_raw_decl_futimens=yes
gl_cv_have_raw_decl_getcwd=yes
gl_cv_have_raw_decl_getdelim=yes
gl_cv_have_raw_decl_getdomainname=yes
gl_cv_have_raw_decl_getdtablesize=yes
gl_cv_have_raw_decl_getgroups=yes
gl_cv_have_raw_decl_gethostname=yes
gl_cv_have_raw_decl_getline=yes
gl_cv_have_raw_decl_getloadavg=yes
gl_cv_have_raw_decl_getlogin=yes
gl_cv_have_raw_decl_getlogin_r=yes
gl_cv_have_raw_decl_getpagesize=yes
gl_cv_have_raw_decl_gets=no
gl_cv_have_raw_decl_getsubopt=yes
gl_cv_have_raw_decl_gettimeofday=yes
gl_cv_have_raw_decl_getusershell=yes
gl_cv_have_raw_decl_grantpt=yes
gl_cv_have_raw_decl_group_member=yes
gl_cv_have_raw_decl_imaxabs=yes
gl_cv_have_raw_decl_imaxdiv=yes
gl_cv_have_raw_decl_initstate=yes
gl_cv_have_raw_decl_initstate_r=yes
gl_cv_have_raw_decl_isatty=yes
gl_cv_have_raw_decl_iswctype=yes
gl_cv_have_raw_decl_lchmod=yes
gl_cv_have_raw_decl_lchown=yes
gl_cv_have_raw_decl_link=yes
gl_cv_have_raw_decl_linkat=yes
gl_cv_have_raw_decl_lseek=yes
gl_cv_have_raw_decl_lstat=yes
gl_cv_have_raw_decl_mbrlen=yes
gl_cv_have_raw_decl_mbrtowc=yes
gl_cv_have_raw_decl_mbsinit=yes
gl_cv_have_raw_decl_mbsnrtowcs=yes
gl_cv_have_raw_decl_mbsrtowcs=yes
gl_cv_have_raw_decl_memmem=yes
gl_cv_have_raw_decl_mempcpy=yes
gl_cv_have_raw_decl_memrchr=yes
gl_cv_have_raw_decl_mkdirat=yes
gl_cv_have_raw_decl_mkdtemp=yes
gl_cv_have_raw_decl_mkfifo=yes
gl_cv_have_raw_decl_mkfifoat=yes
gl_cv_have_raw_decl_mknod=yes
gl_cv_have_raw_decl_mknodat=yes
gl_cv_have_raw_decl_mkostemp=yes
gl_cv_have_raw_decl_mkostemps=yes
gl_cv_have_raw_decl_mkstemp=yes
gl_cv_have_raw_decl_mkstemps=yes
gl_cv_have_raw_decl_openat=yes
gl_cv_have_raw_decl_opendir=yes
gl_cv_have_raw_decl_pclose=yes
gl_cv_have_raw_decl_pipe2=yes
gl_cv_have_raw_decl_pipe=yes
gl_cv_have_raw_decl_popen=yes
gl_cv_have_raw_decl_posix_openpt=yes
gl_cv_have_raw_decl_pread=yes
gl_cv_have_raw_decl_pthread_sigmask=yes
gl_cv_have_raw_decl_ptsname=yes
gl_cv_have_raw_decl_ptsname_r=yes
gl_cv_have_raw_decl_pwrite=yes
gl_cv_have_raw_decl_qsort_r=yes
gl_cv_have_raw_decl_random=yes
gl_cv_have_raw_decl_random_r=yes
gl_cv_have_raw_decl_rawmemchr=yes
gl_cv_have_raw_decl_readdir=yes
gl_cv_have_raw_decl_readlink=yes
gl_cv_have_raw_decl_readlinkat=yes
gl_cv_have_raw_decl_reallocarray=yes
gl_cv_have_raw_decl_realpath=yes
gl_cv_have_raw_decl_renameat=yes
gl_cv_have_raw_decl_rewinddir=yes
gl_cv_have_raw_decl_rmdir=yes
gl_cv_have_raw_decl_rpmatch=yes
gl_cv_have_raw_decl_scandir=yes
gl_cv_have_raw_decl_secure_getenv=yes
gl_cv_have_raw_decl_setenv=yes
gl_cv_have_raw_decl_sethostname=yes
gl_cv_have_raw_decl_setstate=yes
gl_cv_have_raw_decl_setstate_r=yes
gl_cv_have_raw_decl_setusershell=yes
gl_cv_have_raw_decl_sigaction=yes
gl_cv_have_raw_decl_sigaddset=yes
gl_cv_have_raw_decl_sigdelset=yes
gl_cv_have_raw_decl_sigemptyset=yes
gl_cv_have_raw_decl_sigfillset=yes
gl_cv_have_raw_decl_sigismember=yes
gl_cv_have_raw_decl_sigpending=yes
gl_cv_have_raw_decl_sigprocmask=yes
gl_cv_have_raw_decl_sleep=yes
gl_cv_have_raw_decl_snprintf=yes
gl_cv_have_raw_decl_srandom=yes
gl_cv_have_raw_decl_srandom_r=yes
gl_cv_have_raw_decl_stat=yes
gl_cv_have_raw_decl_stpcpy=yes
gl_cv_have_raw_decl_stpncpy=yes
gl_cv_have_raw_decl_strcasestr=yes
gl_cv_have_raw_decl_strchrnul=yes
gl_cv_have_raw_decl_strdup=yes
gl_cv_have_raw_decl_strerror_r=yes
gl_cv_have_raw_decl_strncat=yes
gl_cv_have_raw_decl_strndup=yes
gl_cv_have_raw_decl_strnlen=yes
gl_cv_have_raw_decl_strpbrk=yes
gl_cv_have_raw_decl_strsep=yes
gl_cv_have_raw_decl_strsignal=yes
gl_cv_have_raw_decl_strtod=yes
gl_cv_have_raw_decl_strtoimax=yes
gl_cv_have_raw_decl_strtok_r=yes
gl_cv_have_raw_decl_strtoll=yes
gl_cv_have_raw_decl_strtoull=yes
gl_cv_have_raw_decl_strtoumax=yes
gl_cv_have_raw_decl_strverscmp=yes
gl_cv_have_raw_decl_symlink=yes
gl_cv_have_raw_decl_symlinkat=yes
gl_cv_have_raw_decl_tmpfile=yes
gl_cv_have_raw_decl_towctrans=yes
gl_cv_have_raw_decl_truncate=yes
gl_cv_have_raw_decl_ttyname_r=yes
gl_cv_have_raw_decl_unlink=yes
gl_cv_have_raw_decl_unlinkat=yes
gl_cv_have_raw_decl_unlockpt=yes
gl_cv_have_raw_decl_unsetenv=yes
gl_cv_have_raw_decl_usleep=yes
gl_cv_have_raw_decl_utime=yes
gl_cv_have_raw_decl_utimensat=yes
gl_cv_have_raw_decl_vdprintf=yes
gl_cv_have_raw_decl_vsnprintf=yes
gl_cv_have_raw_decl_wcpcpy=yes
gl_cv_have_raw_decl_wcpncpy=yes
gl_cv_have_raw_decl_wcrtomb=yes
gl_cv_have_raw_decl_wcscasecmp=yes
gl_cv_have_raw_decl_wcscat=yes
gl_cv_have_raw_decl_wcschr=yes
gl_cv_have_raw_decl_wcscmp=yes
gl_cv_have_raw_decl_wcscoll=yes
gl_cv_have_raw_decl_wcscpy=yes
gl_cv_have_raw_decl_wcscspn=yes
gl_cv_have_raw_decl_wcsdup=yes
gl_cv_have_raw_decl_wcsftime=yes
gl_cv_have_raw_decl_wcslen=yes
gl_cv_have_raw_decl_wcsncasecmp=yes
gl_cv_have_raw_decl_wcsncat=yes
gl_cv_have_raw_decl_wcsncmp=yes
gl_cv_have_raw_decl_wcsncpy=yes
gl_cv_have_raw_decl_wcsnlen=yes
gl_cv_have_raw_decl_wcsnrtombs=yes
gl_cv_have_raw_decl_wcspbrk=yes
gl_cv_have_raw_decl_wcsrchr=yes
gl_cv_have_raw_decl_wcsrtombs=yes
gl_cv_have_raw_decl_wcsspn=yes
gl_cv_have_raw_decl_wcsstr=yes
gl_cv_have_raw_decl_wcstok=yes
gl_cv_have_raw_decl_wcswidth=yes
gl_cv_have_raw_decl_wcsxfrm=yes
gl_cv_have_raw_decl_wctob=yes
gl_cv_have_raw_decl_wctrans=yes
gl_cv_have_raw_decl_wctype=yes
gl_cv_have_raw_decl_wcwidth=yes
gl_cv_have_raw_decl_wmemchr=yes
gl_cv_have_raw_decl_wmemcmp=yes
gl_cv_have_raw_decl_wmemcpy=yes
gl_cv_have_raw_decl_wmemmove=yes
gl_cv_have_raw_decl_wmemset=yes
gl_cv_header_errno_h_complete=yes
gl_cv_header_inttypes_h=yes
gl_cv_header_limits_width=yes
gl_cv_header_stdint_h=yes
gl_cv_header_stdint_predates_cxx11_h=no
gl_cv_header_stdint_width=yes
gl_cv_header_wchar_h_correct_inline=yes
gl_cv_header_working_fcntl_h=yes
gl_cv_header_working_stdint_h=yes
gl_cv_macro_O_CLOEXEC=yes
gl_cv_minmax_in_limits_h=no
gl_cv_minmax_in_sys_param_h=yes
gl_cv_next_dirent_h='<dirent.h>'
gl_cv_next_fcntl_h='<fcntl.h>'
gl_cv_next_getopt_h='<getopt.h>'
gl_cv_next_inttypes_h='<inttypes.h>'
gl_cv_next_limits_h='<limits.h>'
gl_cv_next_signal_h='<signal.h>'
gl_cv_next_stdint_h='<stdint.h>'
gl_cv_next_stdio_h='<stdio.h>'
gl_cv_next_stdlib_h='<stdlib.h>'
gl_cv_next_string_h='<string.h>'
gl_cv_next_sys_stat_h='<sys/stat.h>'
gl_cv_next_sys_time_h='<sys/time.h>'
gl_cv_next_sys_types_h='<sys/types.h>'
gl_cv_next_time_h='<time.h>'
gl_cv_next_unistd_h='<unistd.h>'
gl_cv_next_utime_h='<utime.h>'
gl_cv_next_wchar_h='<wchar.h>'
gl_cv_next_wctype_h='<wctype.h>'
gl_cv_pipes_are_fifos='yes (1)'
gl_cv_pragma_columns=no
gl_cv_promoted_mode_t=mode_t
gl_cv_rpl_alloca=yes
gl_cv_size_max=yes
gl_cv_struct_dirent_d_ino=yes
gl_cv_sys_struct_timespec_in_time_h=yes
gl_cv_sys_struct_timeval=yes
gl_cv_sys_struct_timeval_tv_sec=yes
gl_cv_test_INT32_MAX_LT_INTMAX_MAX=yes
gl_cv_test_INT64_MAX_EQ_LONG_MAX=yes
gl_cv_test_UINT32_MAX_LT_UINTMAX_MAX=yes
gl_cv_test_UINT64_MAX_EQ_ULONG_MAX=yes
gl_cv_time_r_posix=yes
gl_cv_time_t_is_signed=yes
gl_cv_type_sigset_t=yes
gl_cv_type_wctrans_t=yes
gl_cv_type_wctype_t=yes
gl_cv_type_wint_t_too_small=no
glib_cv___va_copy=yes
glib_cv_compliant_posix_memalign=1
glib_cv_has__inline=yes
glib_cv_has__inline__=yes
glib_cv_hasinline=yes
glib_cv_have_qsort_r=yes
glib_cv_long_long_format=ll
glib_cv_rtldglobal_broken=yes
glib_cv_sane_realloc=yes
glib_cv_sizeof_gmutex=40
glib_cv_sizeof_intmax_t=8
glib_cv_sizeof_ptrdiff_t=8
glib_cv_sizeof_size_t=8
glib_cv_sizeof_system_thread=8
glib_cv_stack_grows=no
glib_cv_strlcpy=no
glib_cv_sys_pthread_cond_timedwait_posix=yes
glib_cv_sys_pthread_getspecific_posix=yes
glib_cv_sys_pthread_mutex_trylock_posix=yes
glib_cv_uscore=no
glib_cv_va_copy=yes
glib_cv_va_val_copy=no
gt_cv_c_intmax_t=yes
gt_cv_c_wchar_t=yes
gt_cv_c_wint_t=yes
gt_cv_func_unsetenv_ret=int
gt_cv_inttypes_pri_broken=no
gt_cv_locale_fr=fr_FR
gt_cv_locale_fr_utf8=fr_FR.UTF-8
gt_cv_locale_ja=none
gt_cv_locale_zh_CN=none
gt_cv_ssize_t=yes
gt_cv_var_environ_declaration=yes
hw_cv_func_snprintf_c99=yes
hw_cv_func_vsnprintf_c99=yes
lf_cv_sane_realloc=yes
lftp_cv_va_val_copy=no
lt_cv_sys_lib_dlsearch_path_spec='/home/ubuntu/yocto/rpi-build/tmp/work/x86_64-linux/patch-native/2.7.6-r0/recipe-sysroot-native/usr/lib /home/ubuntu/yocto/rpi-build/tmp/work/x86_64-linux/patch-native/2.7.6-r0/recipe-sysroot-native/usr/lib /lib /lib64 /usr/lib /usr/lib64'
mr_cv_target_elf=yes
nano_cv_func_regexec_segv_emptystr=no
nfsd_cv_broken_setfsuid=0
nfsd_cv_bsd_signals=yes
nfsd_cv_func_statfs=statfs2_bsize
rsync_cv_HAVE_C99_VSNPRINTF=yes
samba_cv_HAVE_IFACE_AIX=no
samba_cv_HAVE_IFACE_IFCONF=yes
samba_cv_HAVE_IFACE_IFREQ=yes
samba_cv_HAVE_IRIX_SPECIFIC_CAPABILITIES=no
samba_cv_HAVE_VA_COPY=yes
screen_cv_sys_bcopy_overlap=no
screen_cv_sys_fifo_broken_impl=yes
screen_cv_sys_fifo_usable=yes
screen_cv_sys_memcpy_overlap=no
screen_cv_sys_memmove_overlap=no
screen_cv_sys_select_broken_retval=no
screen_cv_sys_sockets_nofs=no
screen_cv_sys_sockets_usable=yes
screen_cv_sys_terminfo_used=yes
shadow_cv_logdir=/home/ubuntu/yocto/rpi-build/tmp/work/x86_64-linux/patch-native/2.7.6-r0/recipe-sysroot-native/var/log
shadow_cv_maildir=/home/ubuntu/yocto/rpi-build/tmp/work/x86_64-linux/patch-native/2.7.6-r0/recipe-sysroot-native/var/spool/mail
shadow_cv_mailfile=Mailbox
shadow_cv_passwd_dir=/home/ubuntu/yocto/rpi-build/tmp/work/x86_64-linux/patch-native/2.7.6-r0/recipe-sysroot-native/usr/bin
shadow_cv_utmpdir=/home/ubuntu/yocto/rpi-build/tmp/work/x86_64-linux/patch-native/2.7.6-r0/recipe-sysroot-native/var/run
slrn_cv_va_val_copy=no
sudo_cv_func_unsetenv_void=no
tcl_cv_api_serial=termios
utils_cv_sys_open_max=1015
xorg_cv_malloc0_returns_null=yes

## ----------------- ##
## Output variables. ##
## ----------------- ##

ACLOCAL='${SHELL} '\''/home/ubuntu/yocto/rpi-build/tmp/work/x86_64-linux/patch-native/2.7.6-r0/patch-2.7.6/build-aux/missing'\'' aclocal-1.16'
ALLOCA=''
ALLOCA_H='alloca.h'
ALPHA_VERSION_FALSE=''
ALPHA_VERSION_TRUE='#'
AMDEPBACKSLASH=''
AMDEP_FALSE=''
AMDEP_TRUE='#'
AMTAR='$${TAR-tar}'
AM_BACKSLASH='\'
AM_DEFAULT_V='$(AM_DEFAULT_VERBOSITY)'
AM_DEFAULT_VERBOSITY='1'
AM_V='$(V)'
APPLE_UNIVERSAL_BUILD='0'
AR='ar'
ARFLAGS='cr'
AUTOCONF='${SHELL} '\''/home/ubuntu/yocto/rpi-build/tmp/work/x86_64-linux/patch-native/2.7.6-r0/patch-2.7.6/build-aux/missing'\'' autoconf'
AUTOHEADER='${SHELL} '\''/home/ubuntu/yocto/rpi-build/tmp/work/x86_64-linux/patch-native/2.7.6-r0/patch-2.7.6/build-aux/missing'\'' autoheader'
AUTOMAKE='${SHELL} '\''/home/ubuntu/yocto/rpi-build/tmp/work/x86_64-linux/patch-native/2.7.6-r0/patch-2.7.6/build-aux/missing'\'' automake-1.16'
AWK='gawk'
BITSIZEOF_PTRDIFF_T=''
BITSIZEOF_SIG_ATOMIC_T=''
BITSIZEOF_SIZE_T=''
BITSIZEOF_WCHAR_T=''
BITSIZEOF_WINT_T=''
CC='gcc '
CCDEPMODE='depmode=none'
CFLAGS='-isystem/home/ubuntu/yocto/rpi-build/tmp/work/x86_64-linux/patch-native/2.7.6-r0/recipe-sysroot-native/usr/include -O2 -pipe'
CONFIG_INCLUDE='config.h'
CPP='gcc  -E'
CPPFLAGS='-isystem/home/ubuntu/yocto/rpi-build/tmp/work/x86_64-linux/patch-native/2.7.6-r0/recipe-sysroot-native/usr/include'
CSCOPE='cscope'
CTAGS='ctags'
CYGPATH_W='echo'
DEFS='-DHAVE_CONFIG_H'
DEPDIR='.deps'
ECHO_C=''
ECHO_N='-n'
ECHO_T=''
ED='ed'
EGREP='/home/ubuntu/yocto/rpi-build/tmp/hosttools/grep -E'
EMULTIHOP_HIDDEN=''
EMULTIHOP_VALUE=''
ENABLE_MERGE_FALSE='#'
ENABLE_MERGE_TRUE=''
ENOLINK_HIDDEN=''
ENOLINK_VALUE=''
EOVERFLOW_HIDDEN=''
EOVERFLOW_VALUE=''
ERRNO_H=''
ETAGS='etags'
EXEEXT=''
FLOAT_H=''
GETOPT_CDEFS_H=''
GETOPT_H=''
GLIBC21='yes'
GL_COND_LIBTOOL_FALSE=''
GL_COND_LIBTOOL_TRUE='#'
GL_GENERATE_ALLOCA_H_FALSE='#'
GL_GENERATE_ALLOCA_H_TRUE=''
GL_GENERATE_ERRNO_H_FALSE=''
GL_GENERATE_ERRNO_H_TRUE='#'
GL_GENERATE_FLOAT_H_FALSE=''
GL_GENERATE_FLOAT_H_TRUE='#'
GL_GENERATE_LIMITS_H_FALSE='#'
GL_GENERATE_LIMITS_H_TRUE=''
GL_GENERATE_STDARG_H_FALSE=''
GL_GENERATE_STDARG_H_TRUE='#'
GL_GENERATE_STDBOOL_H_FALSE=''
GL_GENERATE_STDBOOL_H_TRUE='#'
GL_GENERATE_STDDEF_H_FALSE=''
GL_GENERATE_STDDEF_H_TRUE='#'
GL_GENERATE_STDINT_H_FALSE=''
GL_GENERATE_STDINT_H_TRUE='#'
GL_GENERATE_UTIME_H_FALSE=''
GL_GENERATE_UTIME_H_TRUE='#'
GNULIB_ALPHASORT='0'
GNULIB_ATOLL='0'
GNULIB_BTOWC='0'
GNULIB_CALLOC_POSIX='0'
GNULIB_CANONICALIZE_FILE_NAME='1'
GNULIB_CHDIR='1'
GNULIB_CHOWN='1'
GNULIB_CLOSE='1'
GNULIB_CLOSEDIR='1'
GNULIB_CTIME='0'
GNULIB_DIRFD='1'
GNULIB_DPRINTF='0'
GNULIB_DUP2='1'
GNULIB_DUP3='0'
GNULIB_DUP='0'
GNULIB_ENVIRON='1'
GNULIB_EUIDACCESS='1'
GNULIB_EXPLICIT_BZERO='0'
GNULIB_FACCESSAT='1'
GNULIB_FCHDIR='1'
GNULIB_FCHMODAT='1'
GNULIB_FCHOWNAT='1'
GNULIB_FCLOSE='0'
GNULIB_FCNTL='1'
GNULIB_FDATASYNC='0'
GNULIB_FDOPEN='0'
GNULIB_FDOPENDIR='0'
GNULIB_FFLUSH='0'
GNULIB_FFSL='0'
GNULIB_FFSLL='0'
GNULIB_FGETC='1'
GNULIB_FGETS='1'
GNULIB_FOPEN='0'
GNULIB_FPRINTF='1'
GNULIB_FPRINTF_POSIX='0'
GNULIB_FPURGE='0'
GNULIB_FPUTC='1'
GNULIB_FPUTS='1'
GNULIB_FREAD='1'
GNULIB_FREOPEN='0'
GNULIB_FSCANF='1'
GNULIB_FSEEK='0'
GNULIB_FSEEKO='0'
GNULIB_FSTAT='1'
GNULIB_FSTATAT='1'
GNULIB_FSYNC='0'
GNULIB_FTELL='0'
GNULIB_FTELLO='0'
GNULIB_FTRUNCATE='0'
GNULIB_FUTIMENS='0'
GNULIB_FWRITE='1'
GNULIB_GETC='1'
GNULIB_GETCHAR='1'
GNULIB_GETCWD='1'
GNULIB_GETDELIM='0'
GNULIB_GETDOMAINNAME='0'
GNULIB_GETDTABLESIZE='1'
GNULIB_GETGROUPS='1'
GNULIB_GETHOSTNAME='0'
GNULIB_GETLINE='0'
GNULIB_GETLOADAVG='0'
GNULIB_GETLOGIN='0'
GNULIB_GETLOGIN_R='0'
GNULIB_GETPAGESIZE='0'
GNULIB_GETSUBOPT='0'
GNULIB_GETTIMEOFDAY='1'
GNULIB_GETUSERSHELL='0'
GNULIB_GL_UNISTD_H_GETOPT=''
GNULIB_GRANTPT='0'
GNULIB_GROUP_MEMBER='1'
GNULIB_IMAXABS='0'
GNULIB_IMAXDIV='0'
GNULIB_ISATTY='0'
GNULIB_ISWBLANK='0'
GNULIB_ISWCTYPE='0'
GNULIB_LCHMOD='0'
GNULIB_LCHOWN='1'
GNULIB_LINK='0'
GNULIB_LINKAT='0'
GNULIB_LOCALTIME='0'
GNULIB_LSEEK='0'
GNULIB_LSTAT='1'
GNULIB_MALLOC_POSIX='1'
GNULIB_MBRLEN='0'
GNULIB_MBRTOWC='1'
GNULIB_MBSCASECMP='0'
GNULIB_MBSCASESTR='0'
GNULIB_MBSCHR='0'
GNULIB_MBSCSPN='0'
GNULIB_MBSINIT='1'
GNULIB_MBSLEN='0'
GNULIB_MBSNCASECMP='0'
GNULIB_MBSNLEN='0'
GNULIB_MBSNRTOWCS='0'
GNULIB_MBSPBRK='0'
GNULIB_MBSPCASECMP='0'
GNULIB_MBSRCHR='0'
GNULIB_MBSRTOWCS='0'
GNULIB_MBSSEP='0'
GNULIB_MBSSPN='0'
GNULIB_MBSSTR='0'
GNULIB_MBSTOK_R='0'
GNULIB_MBTOWC='0'
GNULIB_MEMCHR='1'
GNULIB_MEMMEM='0'
GNULIB_MEMPCPY='1'
GNULIB_MEMRCHR='1'
GNULIB_MKDIRAT='1'
GNULIB_MKDTEMP='0'
GNULIB_MKFIFO='0'
GNULIB_MKFIFOAT='0'
GNULIB_MKNOD='0'
GNULIB_MKNODAT='0'
GNULIB_MKOSTEMP='0'
GNULIB_MKOSTEMPS='0'
GNULIB_MKSTEMP='0'
GNULIB_MKSTEMPS='0'
GNULIB_MKTIME='1'
GNULIB_NANOSLEEP='0'
GNULIB_NONBLOCKING='0'
GNULIB_OBSTACK_PRINTF='0'
GNULIB_OBSTACK_PRINTF_POSIX='0'
GNULIB_OPEN='1'
GNULIB_OPENAT='1'
GNULIB_OPENDIR='1'
GNULIB_OVERRIDES_STRUCT_STAT='0'
GNULIB_OVERRIDES_WINT_T='0'
GNULIB_PCLOSE='0'
GNULIB_PERROR='0'
GNULIB_PIPE2='0'
GNULIB_PIPE='0'
GNULIB_POPEN='0'
GNULIB_POSIX_OPENPT='0'
GNULIB_PREAD='0'
GNULIB_PRINTF='1'
GNULIB_PRINTF_POSIX='0'
GNULIB_PTHREAD_SIGMASK='0'
GNULIB_PTSNAME='0'
GNULIB_PTSNAME_R='0'
GNULIB_PUTC='1'
GNULIB_PUTCHAR='1'
GNULIB_PUTENV='0'
GNULIB_PUTS='1'
GNULIB_PWRITE='0'
GNULIB_QSORT_R='0'
GNULIB_RAISE='1'
GNULIB_RANDOM='0'
GNULIB_RANDOM_R='0'
GNULIB_RAWMEMCHR='0'
GNULIB_READ='0'
GNULIB_READDIR='1'
GNULIB_READLINK='1'
GNULIB_READLINKAT='1'
GNULIB_REALLOCARRAY='0'
GNULIB_REALLOC_POSIX='1'
GNULIB_REALPATH='1'
GNULIB_REMOVE='0'
GNULIB_RENAME='1'
GNULIB_RENAMEAT='1'
GNULIB_REWINDDIR='0'
GNULIB_RMDIR='1'
GNULIB_RPMATCH='0'
GNULIB_SCANDIR='0'
GNULIB_SCANF='1'
GNULIB_SECURE_GETENV='0'
GNULIB_SETENV='1'
GNULIB_SETHOSTNAME='0'
GNULIB_SIGACTION='0'
GNULIB_SIGNAL_H_SIGPIPE='0'
GNULIB_SIGPROCMASK='0'
GNULIB_SLEEP='0'
GNULIB_SNPRINTF='0'
GNULIB_SPRINTF_POSIX='0'
GNULIB_STAT='1'
GNULIB_STDIO_H_NONBLOCKING='0'
GNULIB_STDIO_H_SIGPIPE='0'
GNULIB_STPCPY='0'
GNULIB_STPNCPY='0'
GNULIB_STRCASESTR='0'
GNULIB_STRCHRNUL='0'
GNULIB_STRDUP='1'
GNULIB_STRERROR='1'
GNULIB_STRERROR_R='0'
GNULIB_STRFTIME='0'
GNULIB_STRNCAT='0'
GNULIB_STRNDUP='1'
GNULIB_STRNLEN='1'
GNULIB_STRPBRK='0'
GNULIB_STRPTIME='0'
GNULIB_STRSEP='0'
GNULIB_STRSIGNAL='0'
GNULIB_STRSTR='0'
GNULIB_STRTOD='0'
GNULIB_STRTOIMAX='0'
GNULIB_STRTOK_R='0'
GNULIB_STRTOLL='0'
GNULIB_STRTOULL='0'
GNULIB_STRTOUMAX='0'
GNULIB_STRVERSCMP='0'
GNULIB_SYMLINK='1'
GNULIB_SYMLINKAT='1'
GNULIB_SYSTEM_POSIX='0'
GNULIB_TEST_WARN_CFLAGS=''
GNULIB_TIMEGM='1'
GNULIB_TIME_R='1'
GNULIB_TIME_RZ='1'
GNULIB_TMPFILE='0'
GNULIB_TOWCTRANS='0'
GNULIB_TRUNCATE='0'
GNULIB_TTYNAME_R='0'
GNULIB_TZSET='1'
GNULIB_UNISTD_H_NONBLOCKING='0'
GNULIB_UNISTD_H_SIGPIPE='0'
GNULIB_UNLINK='1'
GNULIB_UNLINKAT='1'
GNULIB_UNLOCKPT='0'
GNULIB_UNSETENV='1'
GNULIB_USLEEP='0'
GNULIB_UTIME='1'
GNULIB_UTIMENSAT='1'
GNULIB_VASPRINTF='1'
GNULIB_VDPRINTF='0'
GNULIB_VFPRINTF='1'
GNULIB_VFPRINTF_POSIX='0'
GNULIB_VFSCANF='0'
GNULIB_VPRINTF='1'
GNULIB_VPRINTF_POSIX='0'
GNULIB_VSCANF='0'
GNULIB_VSNPRINTF='0'
GNULIB_VSPRINTF_POSIX='0'
GNULIB_WARN_CFLAGS=''
GNULIB_WCPCPY='0'
GNULIB_WCPNCPY='0'
GNULIB_WCRTOMB='0'
GNULIB_WCSCASECMP='0'
GNULIB_WCSCAT='0'
GNULIB_WCSCHR='0'
GNULIB_WCSCMP='0'
GNULIB_WCSCOLL='0'
GNULIB_WCSCPY='0'
GNULIB_WCSCSPN='0'
GNULIB_WCSDUP='0'
GNULIB_WCSFTIME='0'
GNULIB_WCSLEN='0'
GNULIB_WCSNCASECMP='0'
GNULIB_WCSNCAT='0'
GNULIB_WCSNCMP='0'
GNULIB_WCSNCPY='0'
GNULIB_WCSNLEN='0'
GNULIB_WCSNRTOMBS='0'
GNULIB_WCSPBRK='0'
GNULIB_WCSRCHR='0'
GNULIB_WCSRTOMBS='0'
GNULIB_WCSSPN='0'
GNULIB_WCSSTR='0'
GNULIB_WCSTOK='0'
GNULIB_WCSWIDTH='0'
GNULIB_WCSXFRM='0'
GNULIB_WCTOB='0'
GNULIB_WCTOMB='0'
GNULIB_WCTRANS='0'
GNULIB_WCTYPE='0'
GNULIB_WCWIDTH='0'
GNULIB_WMEMCHR='0'
GNULIB_WMEMCMP='0'
GNULIB_WMEMCPY='0'
GNULIB_WMEMMOVE='0'
GNULIB_WMEMSET='0'
GNULIB_WRITE='1'
GNULIB__EXIT='0'
GREP='/home/ubuntu/yocto/rpi-build/tmp/hosttools/grep'
HAVE_ALPHASORT='1'
HAVE_ATOLL='1'
HAVE_BTOWC='1'
HAVE_C99_STDINT_H='1'
HAVE_CANONICALIZE_FILE_NAME='1'
HAVE_CHOWN='1'
HAVE_CLOSEDIR='1'
HAVE_CRTDEFS_H='0'
HAVE_DECL_DIRFD='1'
HAVE_DECL_ENVIRON='1'
HAVE_DECL_FCHDIR='1'
HAVE_DECL_FDATASYNC='1'
HAVE_DECL_FDOPENDIR='1'
HAVE_DECL_FPURGE='1'
HAVE_DECL_FSEEKO='1'
HAVE_DECL_FTELLO='1'
HAVE_DECL_GETDELIM='1'
HAVE_DECL_GETDOMAINNAME='1'
HAVE_DECL_GETLINE='1'
HAVE_DECL_GETLOADAVG='1'
HAVE_DECL_GETLOGIN='1'
HAVE_DECL_GETLOGIN_R='1'
HAVE_DECL_GETPAGESIZE='1'
HAVE_DECL_GETUSERSHELL='1'
HAVE_DECL_IMAXABS='1'
HAVE_DECL_IMAXDIV='1'
HAVE_DECL_INITSTATE='1'
HAVE_DECL_LOCALTIME_R='1'
HAVE_DECL_MEMMEM='1'
HAVE_DECL_MEMRCHR='1'
HAVE_DECL_OBSTACK_PRINTF='1'
HAVE_DECL_SETENV='1'
HAVE_DECL_SETHOSTNAME='1'
HAVE_DECL_SETSTATE='1'
HAVE_DECL_SNPRINTF='1'
HAVE_DECL_STRDUP='1'
HAVE_DECL_STRERROR_R='1'
HAVE_DECL_STRNDUP='1'
HAVE_DECL_STRNLEN='1'
HAVE_DECL_STRSIGNAL='1'
HAVE_DECL_STRTOIMAX='1'
HAVE_DECL_STRTOK_R='1'
HAVE_DECL_STRTOUMAX='1'
HAVE_DECL_TTYNAME_R='1'
HAVE_DECL_UNSETENV='1'
HAVE_DECL_VSNPRINTF='1'
HAVE_DECL_WCTOB='1'
HAVE_DECL_WCWIDTH='1'
HAVE_DIRENT_H='1'
HAVE_DPRINTF='1'
HAVE_DUP2='1'
HAVE_DUP3='1'
HAVE_EUIDACCESS='1'
HAVE_EXPLICIT_BZERO='1'
HAVE_FACCESSAT='1'
HAVE_FCHDIR='1'
HAVE_FCHMODAT='1'
HAVE_FCHOWNAT='1'
HAVE_FCNTL='1'
HAVE_FDATASYNC='1'
HAVE_FDOPENDIR='1'
HAVE_FEATURES_H='1'
HAVE_FFSL='1'
HAVE_FFSLL='1'
HAVE_FSEEKO='1'
HAVE_FSTATAT='1'
HAVE_FSYNC='1'
HAVE_FTELLO='1'
HAVE_FTRUNCATE='1'
HAVE_FUTIMENS='1'
HAVE_GETDTABLESIZE='1'
HAVE_GETGROUPS='1'
HAVE_GETHOSTNAME='1'
HAVE_GETLOGIN='1'
HAVE_GETOPT_H='1'
HAVE_GETPAGESIZE='1'
HAVE_GETSUBOPT='1'
HAVE_GETTIMEOFDAY='1'
HAVE_GRANTPT='1'
HAVE_GROUP_MEMBER='1'
HAVE_INTTYPES_H='1'
HAVE_ISWBLANK='1'
HAVE_ISWCNTRL='1'
HAVE_LCHMOD='1'
HAVE_LCHOWN='1'
HAVE_LINK='1'
HAVE_LINKAT='1'
HAVE_LONG_LONG_INT='1'
HAVE_LSTAT='1'
HAVE_MAX_ALIGN_T='1'
HAVE_MBRLEN='1'
HAVE_MBRTOWC='1'
HAVE_MBSINIT='1'
HAVE_MBSLEN='0'
HAVE_MBSNRTOWCS='1'
HAVE_MBSRTOWCS='1'
HAVE_MEMCHR='1'
HAVE_MEMPCPY='1'
HAVE_MKDIRAT='1'
HAVE_MKDTEMP='1'
HAVE_MKFIFO='1'
HAVE_MKFIFOAT='1'
HAVE_MKNOD='1'
HAVE_MKNODAT='1'
HAVE_MKOSTEMP='1'
HAVE_MKOSTEMPS='1'
HAVE_MKSTEMP='1'
HAVE_MKSTEMPS='1'
HAVE_MSVC_INVALID_PARAMETER_HANDLER='0'
HAVE_NANOSLEEP='1'
HAVE_OPENAT='1'
HAVE_OPENDIR='1'
HAVE_OS_H='0'
HAVE_PCLOSE='1'
HAVE_PIPE2='1'
HAVE_PIPE='1'
HAVE_POPEN='1'
HAVE_POSIX_OPENPT='1'
HAVE_POSIX_SIGNALBLOCKING='1'
HAVE_PREAD='1'
HAVE_PTHREAD_SIGMASK='1'
HAVE_PTSNAME='1'
HAVE_PTSNAME_R='1'
HAVE_PWRITE='1'
HAVE_QSORT_R='1'
HAVE_RAISE='1'
HAVE_RANDOM='1'
HAVE_RANDOM_H='1'
HAVE_RANDOM_R='1'
HAVE_RAWMEMCHR='1'
HAVE_READDIR='1'
HAVE_READLINK='1'
HAVE_READLINKAT='1'
HAVE_REALLOCARRAY='1'
HAVE_REALPATH='1'
HAVE_RENAMEAT='1'
HAVE_REWINDDIR='1'
HAVE_RPMATCH='1'
HAVE_SCANDIR='1'
HAVE_SECURE_GETENV='1'
HAVE_SETENV='1'
HAVE_SETHOSTNAME='1'
HAVE_SIGACTION='1'
HAVE_SIGHANDLER_T='1'
HAVE_SIGINFO_T='1'
HAVE_SIGNED_SIG_ATOMIC_T=''
HAVE_SIGNED_WCHAR_T=''
HAVE_SIGNED_WINT_T=''
HAVE_SIGSET_T='1'
HAVE_SLEEP='1'
HAVE_STDINT_H='1'
HAVE_STPCPY='1'
HAVE_STPNCPY='1'
HAVE_STRCASESTR='1'
HAVE_STRCHRNUL='1'
HAVE_STRPBRK='1'
HAVE_STRPTIME='1'
HAVE_STRSEP='1'
HAVE_STRTOD='1'
HAVE_STRTOLL='1'
HAVE_STRTOULL='1'
HAVE_STRUCT_RANDOM_DATA='1'
HAVE_STRUCT_SIGACTION_SA_SIGACTION='1'
HAVE_STRUCT_TIMEVAL='1'
HAVE_STRVERSCMP='1'
HAVE_SYMLINK='1'
HAVE_SYMLINKAT='1'
HAVE_SYS_BITYPES_H='0'
HAVE_SYS_CDEFS_H=''
HAVE_SYS_INTTYPES_H='0'
HAVE_SYS_LOADAVG_H='0'
HAVE_SYS_PARAM_H='0'
HAVE_SYS_TIME_H='1'
HAVE_SYS_TYPES_H='1'
HAVE_TIMEGM='1'
HAVE_TIMEZONE_T='0'
HAVE_TRUNCATE='1'
HAVE_TYPE_VOLATILE_SIG_ATOMIC_T='1'
HAVE_TZSET='1'
HAVE_UNISTD_H='1'
HAVE_UNLINKAT='1'
HAVE_UNLOCKPT='1'
HAVE_UNSIGNED_LONG_LONG_INT='1'
HAVE_USLEEP='1'
HAVE_UTIME='1'
HAVE_UTIMENSAT='1'
HAVE_UTIME_H='1'
HAVE_VASPRINTF='1'
HAVE_VDPRINTF='1'
HAVE_WCHAR_H='1'
HAVE_WCHAR_T='1'
HAVE_WCPCPY='1'
HAVE_WCPNCPY='1'
HAVE_WCRTOMB='1'
HAVE_WCSCASECMP='1'
HAVE_WCSCAT='1'
HAVE_WCSCHR='1'
HAVE_WCSCMP='1'
HAVE_WCSCOLL='1'
HAVE_WCSCPY='1'
HAVE_WCSCSPN='1'
HAVE_WCSDUP='1'
HAVE_WCSFTIME='1'
HAVE_WCSLEN='1'
HAVE_WCSNCASECMP='1'
HAVE_WCSNCAT='1'
HAVE_WCSNCMP='1'
HAVE_WCSNCPY='1'
HAVE_WCSNLEN='1'
HAVE_WCSNRTOMBS='1'
HAVE_WCSPBRK='1'
HAVE_WCSRCHR='1'
HAVE_WCSRTOMBS='1'
HAVE_WCSSPN='1'
HAVE_WCSSTR='1'
HAVE_WCSTOK='1'
HAVE_WCSWIDTH='1'
HAVE_WCSXFRM='1'
HAVE_WCTRANS_T='1'
HAVE_WCTYPE_H='1'
HAVE_WCTYPE_T='1'
HAVE_WINSOCK2_H='0'
HAVE_WINT_T='1'
HAVE_WMEMCHR='1'
HAVE_WMEMCMP='1'
HAVE_WMEMCPY='1'
HAVE_WMEMMOVE='1'
HAVE_WMEMSET='1'
HAVE__BOOL='1'
HAVE__EXIT='1'
INCLUDE_NEXT='include_next'
INCLUDE_NEXT_AS_FIRST_DIRECTIVE='include_next'
INSTALL_DATA='${INSTALL} -m 644'
INSTALL_PROGRAM='${INSTALL}'
INSTALL_SCRIPT='${INSTALL}'
INSTALL_STRIP_PROGRAM='$(install_sh) -c -s'
INT32_MAX_LT_INTMAX_MAX='1'
INT64_MAX_EQ_LONG_MAX='1'
LDFLAGS='-L/home/ubuntu/yocto/rpi-build/tmp/work/x86_64-linux/patch-native/2.7.6-r0/recipe-sysroot-native/usr/lib                         -L/home/ubuntu/yocto/rpi-build/tmp/work/x86_64-linux/patch-native/2.7.6-r0/recipe-sysroot-native/lib                         -Wl,--enable-new-dtags                         -Wl,-rpath-link,/home/ubuntu/yocto/rpi-build/tmp/work/x86_64-linux/patch-native/2.7.6-r0/recipe-sysroot-native/usr/lib                         -Wl,-rpath-link,/home/ubuntu/yocto/rpi-build/tmp/work/x86_64-linux/patch-native/2.7.6-r0/recipe-sysroot-native/lib                         -Wl,-rpath,/home/ubuntu/yocto/rpi-build/tmp/work/x86_64-linux/patch-native/2.7.6-r0/recipe-sysroot-native/usr/lib                         -Wl,-rpath,/home/ubuntu/yocto/rpi-build/tmp/work/x86_64-linux/patch-native/2.7.6-r0/recipe-sysroot-native/lib                         -Wl,-O1 -Wl,--allow-shlib-undefined -Wl,--dynamic-linker=/home/ubuntu/yocto/rpi-build/tmp/sysroots-uninative/x86_64-linux/lib/ld-linux-x86-64.so.2'
LIBINTL=''
LIBOBJS=''
LIBPATCH_LIBDEPS=''
LIBPATCH_LTLIBDEPS=''
LIBS=''
LIB_CLOCK_GETTIME=''
LIB_EACCESS=''
LIB_XATTR='-lattr'
LIMITS_H='limits.h'
LOCALCHARSET_TESTS_ENVIRONMENT='CHARSETALIASDIR="$(abs_top_builddir)/lib"'
LOCALE_FR_UTF8='fr_FR.UTF-8'
LOCALE_JA='none'
LOCALE_ZH_CN='none'
LTLIBINTL=''
LTLIBOBJS=''
MAKEINFO='${SHELL} '\''/home/ubuntu/yocto/rpi-build/tmp/work/x86_64-linux/patch-native/2.7.6-r0/patch-2.7.6/build-aux/missing'\'' makeinfo'
MKDIR_P='/home/ubuntu/yocto/rpi-build/tmp/hosttools/mkdir -p'
NEXT_AS_FIRST_DIRECTIVE_DIRENT_H='<dirent.h>'
NEXT_AS_FIRST_DIRECTIVE_ERRNO_H=''
NEXT_AS_FIRST_DIRECTIVE_FCNTL_H='<fcntl.h>'
NEXT_AS_FIRST_DIRECTIVE_FLOAT_H=''
NEXT_AS_FIRST_DIRECTIVE_GETOPT_H='<getopt.h>'
NEXT_AS_FIRST_DIRECTIVE_INTTYPES_H='<inttypes.h>'
NEXT_AS_FIRST_DIRECTIVE_LIMITS_H='<limits.h>'
NEXT_AS_FIRST_DIRECTIVE_SIGNAL_H='<signal.h>'
NEXT_AS_FIRST_DIRECTIVE_STDARG_H=''
NEXT_AS_FIRST_DIRECTIVE_STDDEF_H=''
NEXT_AS_FIRST_DIRECTIVE_STDINT_H='<stdint.h>'
NEXT_AS_FIRST_DIRECTIVE_STDIO_H='<stdio.h>'
NEXT_AS_FIRST_DIRECTIVE_STDLIB_H='<stdlib.h>'
NEXT_AS_FIRST_DIRECTIVE_STRING_H='<string.h>'
NEXT_AS_FIRST_DIRECTIVE_SYS_STAT_H='<sys/stat.h>'
NEXT_AS_FIRST_DIRECTIVE_SYS_TIME_H='<sys/time.h>'
NEXT_AS_FIRST_DIRECTIVE_SYS_TYPES_H='<sys/types.h>'
NEXT_AS_FIRST_DIRECTIVE_TIME_H='<time.h>'
NEXT_AS_FIRST_DIRECTIVE_UNISTD_H='<unistd.h>'
NEXT_AS_FIRST_DIRECTIVE_UTIME_H='<utime.h>'
NEXT_AS_FIRST_DIRECTIVE_WCHAR_H='<wchar.h>'
NEXT_AS_FIRST_DIRECTIVE_WCTYPE_H='<wctype.h>'
NEXT_DIRENT_H='<dirent.h>'
NEXT_ERRNO_H=''
NEXT_FCNTL_H='<fcntl.h>'
NEXT_FLOAT_H=''
NEXT_GETOPT_H='<getopt.h>'
NEXT_INTTYPES_H='<inttypes.h>'
NEXT_LIMITS_H='<limits.h>'
NEXT_SIGNAL_H='<signal.h>'
NEXT_STDARG_H='<stdarg.h>'
NEXT_STDDEF_H=''
NEXT_STDINT_H='<stdint.h>'
NEXT_STDIO_H='<stdio.h>'
NEXT_STDLIB_H='<stdlib.h>'
NEXT_STRING_H='<string.h>'
NEXT_SYS_STAT_H='<sys/stat.h>'
NEXT_SYS_TIME_H='<sys/time.h>'
NEXT_SYS_TYPES_H='<sys/types.h>'
NEXT_TIME_H='<time.h>'
NEXT_UNISTD_H='<unistd.h>'
NEXT_UTIME_H='<utime.h>'
NEXT_WCHAR_H='<wchar.h>'
NEXT_WCTYPE_H='<wctype.h>'
OBJEXT='o'
PACKAGE='patch'
PACKAGE_BUGREPORT='bug-patch@gnu.org'
PACKAGE_NAME='GNU patch'
PACKAGE_STRING='GNU patch 2.7.6'
PACKAGE_TARNAME='patch'
PACKAGE_URL='https://www.gnu.org/software/patch/'
PACKAGE_VERSION='2.7.6'
PATH_SEPARATOR=':'
PRAGMA_COLUMNS=''
PRAGMA_SYSTEM_HEADER='#pragma GCC system_header'
PRIPTR_PREFIX='"l"'
PRI_MACROS_BROKEN='0'
PTHREAD_H_DEFINES_STRUCT_TIMESPEC='0'
PTRDIFF_T_SUFFIX=''
RANLIB='ranlib -D'
REPLACE_BTOWC='0'
REPLACE_CALLOC='0'
REPLACE_CANONICALIZE_FILE_NAME='0'
REPLACE_CHOWN='0'
REPLACE_CLOSE='0'
REPLACE_CLOSEDIR='0'
REPLACE_CTIME='GNULIB_PORTCHECK'
REPLACE_DIRFD='0'
REPLACE_DPRINTF='0'
REPLACE_DUP2='0'
REPLACE_DUP='0'
REPLACE_FACCESSAT='0'
REPLACE_FCHOWNAT='0'
REPLACE_FCLOSE='0'
REPLACE_FCNTL='1'
REPLACE_FDOPEN='0'
REPLACE_FDOPENDIR='0'
REPLACE_FFLUSH='0'
REPLACE_FOPEN='0'
REPLACE_FPRINTF='0'
REPLACE_FPURGE='0'
REPLACE_FREOPEN='0'
REPLACE_FSEEK='0'
REPLACE_FSEEKO='0'
REPLACE_FSTAT='0'
REPLACE_FSTATAT='0'
REPLACE_FTELL='0'
REPLACE_FTELLO='0'
REPLACE_FTRUNCATE='0'
REPLACE_FUTIMENS='0'
REPLACE_GETCWD='0'
REPLACE_GETDELIM='0'
REPLACE_GETDOMAINNAME='0'
REPLACE_GETDTABLESIZE='0'
REPLACE_GETGROUPS='0'
REPLACE_GETLINE='0'
REPLACE_GETLOGIN_R='0'
REPLACE_GETPAGESIZE='0'
REPLACE_GETTIMEOFDAY='0'
REPLACE_GMTIME='0'
REPLACE_ISATTY='0'
REPLACE_ISWBLANK='0'
REPLACE_ISWCNTRL='0'
REPLACE_ITOLD='0'
REPLACE_LCHOWN='0'
REPLACE_LINK='0'
REPLACE_LINKAT='0'
REPLACE_LOCALTIME='0'
REPLACE_LOCALTIME_R='0'
REPLACE_LSEEK='0'
REPLACE_LSTAT='0'
REPLACE_MALLOC='0'
REPLACE_MBRLEN='0'
REPLACE_MBRTOWC='1'
REPLACE_MBSINIT='0'
REPLACE_MBSNRTOWCS='0'
REPLACE_MBSRTOWCS='0'
REPLACE_MBSTATE_T='0'
REPLACE_MBTOWC='0'
REPLACE_MEMCHR='0'
REPLACE_MEMMEM='0'
REPLACE_MKDIR='0'
REPLACE_MKFIFO='0'
REPLACE_MKNOD='0'
REPLACE_MKSTEMP='0'
REPLACE_MKTIME='0'
REPLACE_NANOSLEEP='GNULIB_PORTCHECK'
REPLACE_NULL='0'
REPLACE_OBSTACK_PRINTF='0'
REPLACE_OPEN='0'
REPLACE_OPENAT='0'
REPLACE_OPENDIR='0'
REPLACE_PERROR='0'
REPLACE_POPEN='0'
REPLACE_PREAD='0'
REPLACE_PRINTF='0'
REPLACE_PTHREAD_SIGMASK='0'
REPLACE_PTSNAME='0'
REPLACE_PTSNAME_R='0'
REPLACE_PUTENV='0'
REPLACE_PWRITE='0'
REPLACE_QSORT_R='0'
REPLACE_RAISE='0'
REPLACE_RANDOM_R='0'
REPLACE_READ='0'
REPLACE_READLINK='0'
REPLACE_READLINKAT='0'
REPLACE_REALLOC='0'
REPLACE_REALPATH='0'
REPLACE_REMOVE='0'
REPLACE_RENAME='0'
REPLACE_RENAMEAT='0'
REPLACE_RMDIR='0'
REPLACE_SETENV='0'
REPLACE_SLEEP='0'
REPLACE_SNPRINTF='0'
REPLACE_SPRINTF='0'
REPLACE_STAT='0'
REPLACE_STDIO_READ_FUNCS='0'
REPLACE_STDIO_WRITE_FUNCS='0'
REPLACE_STPNCPY='0'
REPLACE_STRCASESTR='0'
REPLACE_STRCHRNUL='0'
REPLACE_STRDUP='0'
REPLACE_STRERROR='0'
REPLACE_STRERROR_R='0'
REPLACE_STRFTIME='GNULIB_PORTCHECK'
REPLACE_STRNCAT='0'
REPLACE_STRNDUP='0'
REPLACE_STRNLEN='0'
REPLACE_STRSIGNAL='0'
REPLACE_STRSTR='0'
REPLACE_STRTOD='0'
REPLACE_STRTOIMAX='0'
REPLACE_STRTOK_R='0'
REPLACE_STRTOUMAX='0'
REPLACE_STRUCT_TIMEVAL='0'
REPLACE_SYMLINK='0'
REPLACE_SYMLINKAT='0'
REPLACE_TIMEGM='0'
REPLACE_TMPFILE='0'
REPLACE_TOWLOWER='0'
REPLACE_TRUNCATE='0'
REPLACE_TTYNAME_R='0'
REPLACE_TZSET='0'
REPLACE_UNLINK='0'
REPLACE_UNLINKAT='0'
REPLACE_UNSETENV='0'
REPLACE_USLEEP='0'
REPLACE_UTIME='0'
REPLACE_UTIMENSAT='0'
REPLACE_VASPRINTF='0'
REPLACE_VDPRINTF='0'
REPLACE_VFPRINTF='0'
REPLACE_VPRINTF='0'
REPLACE_VSNPRINTF='0'
REPLACE_VSPRINTF='0'
REPLACE_WCRTOMB='0'
REPLACE_WCSFTIME='0'
REPLACE_WCSNRTOMBS='0'
REPLACE_WCSRTOMBS='0'
REPLACE_WCSWIDTH='0'
REPLACE_WCTOB='0'
REPLACE_WCTOMB='0'
REPLACE_WCWIDTH='0'
REPLACE_WRITE='0'
SED='sed'
SET_MAKE=''
SHELL='/bin/bash'
SIG_ATOMIC_T_SUFFIX=''
SIZE_T_SUFFIX=''
STDARG_H=''
STDBOOL_H=''
STDDEF_H=''
STDINT_H=''
STRIP='strip'
SYS_TIME_H_DEFINES_STRUCT_TIMESPEC='0'
TIME_H_DEFINES_STRUCT_TIMESPEC='1'
UINT32_MAX_LT_UINTMAX_MAX='1'
UINT64_MAX_EQ_ULONG_MAX='1'
UNDEFINE_STRTOK_R='0'
UNISTD_H_DEFINES_STRUCT_TIMESPEC='0'
UNISTD_H_HAVE_WINSOCK2_H='0'
UNISTD_H_HAVE_WINSOCK2_H_AND_USE_SOCKETS='0'
UTIME_H=''
VERSION='2.7.6'
WARN_CFLAGS=''
WCHAR_T_SUFFIX=''
WERROR_CFLAGS=''
WINDOWS_64_BIT_OFF_T='0'
WINDOWS_64_BIT_ST_SIZE='0'
WINDOWS_STAT_INODES='0'
WINDOWS_STAT_TIMESPEC='0'
WINT_T_SUFFIX=''
YACC='bison -y'
YFLAGS=''
ac_ct_AR=''
ac_ct_CC=''
am__EXEEXT_FALSE=''
am__EXEEXT_TRUE='#'
am__fastdepCC_FALSE=''
am__fastdepCC_TRUE='#'
am__include='include'
am__isrc=' -I$(srcdir)'
am__leading_dot='.'
am__nodep=''
am__quote=''
am__tar='$${TAR-tar} chof - "$$tardir"'
am__untar='$${TAR-tar} xf -'
bindir='/home/ubuntu/yocto/rpi-build/tmp/work/x86_64-linux/patch-native/2.7.6-r0/recipe-sysroot-native/usr/bin'
build='x86_64-pc-linux-gnu'
build_alias='x86_64-linux'
build_cpu='x86_64'
build_os='linux-gnu'
build_vendor='pc'
datadir='/home/ubuntu/yocto/rpi-build/tmp/work/x86_64-linux/patch-native/2.7.6-r0/recipe-sysroot-native/usr/share'
datarootdir='${prefix}/share'
docdir='${datarootdir}/doc/${PACKAGE_TARNAME}'
dvidir='${docdir}'
exec_prefix='/home/ubuntu/yocto/rpi-build/tmp/work/x86_64-linux/patch-native/2.7.6-r0/recipe-sysroot-native/usr'
gl_LIBOBJS=' asnprintf.o chdir-long.o fcntl.o localtime-buffer.o mbrtowc.o mktime.o openat-proc.o printf-args.o printf-parse.o time_rz.o vasnprintf.o xmemdup0.o'
gl_LTLIBOBJS=' asnprintf.lo chdir-long.lo fcntl.lo localtime-buffer.lo mbrtowc.lo mktime.lo openat-proc.lo printf-args.lo printf-parse.lo time_rz.lo vasnprintf.lo xmemdup0.lo'
gltests_LIBOBJS=''
gltests_LTLIBOBJS=''
gltests_WITNESS='IN_PATCH_GNULIB_TESTS'
host='x86_64-pc-linux-gnu'
host_alias='x86_64-linux'
host_cpu='x86_64'
host_os='linux-gnu'
host_vendor='pc'
htmldir='${docdir}'
includedir='/home/ubuntu/yocto/rpi-build/tmp/work/x86_64-linux/patch-native/2.7.6-r0/recipe-sysroot-native/usr/include'
infodir='/home/ubuntu/yocto/rpi-build/tmp/work/x86_64-linux/patch-native/2.7.6-r0/recipe-sysroot-native/usr/share/info'
install_sh='${SHELL} /home/ubuntu/yocto/rpi-build/tmp/work/x86_64-linux/patch-native/2.7.6-r0/patch-2.7.6/build-aux/install-sh'
libdir='/home/ubuntu/yocto/rpi-build/tmp/work/x86_64-linux/patch-native/2.7.6-r0/recipe-sysroot-native/usr/lib'
libexecdir='/home/ubuntu/yocto/rpi-build/tmp/work/x86_64-linux/patch-native/2.7.6-r0/recipe-sysroot-native/usr/libexec'
lispdir='${datarootdir}/emacs/site-lisp'
localedir='${datarootdir}/locale'
localstatedir='/home/ubuntu/yocto/rpi-build/tmp/work/x86_64-linux/patch-native/2.7.6-r0/recipe-sysroot-native/var'
mandir='/home/ubuntu/yocto/rpi-build/tmp/work/x86_64-linux/patch-native/2.7.6-r0/recipe-sysroot-native/usr/share/man'
mkdir_p='$(MKDIR_P)'
oldincludedir='/home/ubuntu/yocto/rpi-build/tmp/work/x86_64-linux/patch-native/2.7.6-r0/recipe-sysroot-native/usr/include'
pdfdir='${docdir}'
pkglibexecdir='${libexecdir}/${PACKAGE}'
prefix='/home/ubuntu/yocto/rpi-build/tmp/work/x86_64-linux/patch-native/2.7.6-r0/recipe-sysroot-native/usr'
program_transform_name='s,x,x,'
psdir='${docdir}'
runstatedir='${localstatedir}/run'
sbindir='/home/ubuntu/yocto/rpi-build/tmp/work/x86_64-linux/patch-native/2.7.6-r0/recipe-sysroot-native/usr/sbin'
sharedstatedir='/home/ubuntu/yocto/rpi-build/tmp/work/x86_64-linux/patch-native/2.7.6-r0/recipe-sysroot-native/com'
sysconfdir='/home/ubuntu/yocto/rpi-build/tmp/work/x86_64-linux/patch-native/2.7.6-r0/recipe-sysroot-native/etc'
target_alias='x86_64-linux'

## ----------- ##
## confdefs.h. ##
## ----------- ##

/* confdefs.h */
#define PACKAGE_NAME "GNU patch"
#define PACKAGE_TARNAME "patch"
#define PACKAGE_VERSION "2.7.6"
#define PACKAGE_STRING "GNU patch 2.7.6"
#define PACKAGE_BUGREPORT "bug-patch@gnu.org"
#define PACKAGE_URL "https://www.gnu.org/software/patch/"
#define PACKAGE "patch"
#define VERSION "2.7.6"
#define HAVE_STDIO_H 1
#define HAVE_STDLIB_H 1
#define HAVE_STRING_H 1
#define HAVE_INTTYPES_H 1
#define HAVE_STDINT_H 1
#define HAVE_STRINGS_H 1
#define HAVE_SYS_STAT_H 1
#define HAVE_SYS_TYPES_H 1
#define HAVE_UNISTD_H 1
#define HAVE_SYS_PARAM_H 1
#define HAVE_SYS_SOCKET_H 1
#define HAVE_DIRENT_H 1
#define HAVE_GETOPT_H 1
#define HAVE_SYS_CDEFS_H 1
#define HAVE_SYS_TIME_H 1
#define HAVE_LIMITS_H 1
#define HAVE_WCHAR_H 1
#define HAVE_SYS_MMAN_H 1
#define HAVE_UTIME_H 1
#define HAVE_FEATURES_H 1
#define HAVE_WCTYPE_H 1
#define STDC_HEADERS 1
#define __EXTENSIONS__ 1
#define _ALL_SOURCE 1
#define _DARWIN_C_SOURCE 1
#define _GNU_SOURCE 1
#define _NETBSD_SOURCE 1
#define _OPENBSD_SOURCE 1
#define _POSIX_PTHREAD_SEMANTICS 1
#define __STDC_WANT_IEC_60559_ATTRIBS_EXT__ 1
#define __STDC_WANT_IEC_60559_BFP_EXT__ 1
#define __STDC_WANT_IEC_60559_DFP_EXT__ 1
#define __STDC_WANT_IEC_60559_FUNCS_EXT__ 1
#define __STDC_WANT_IEC_60559_TYPES_EXT__ 1
#define __STDC_WANT_LIB_EXT2__ 1
#define __STDC_WANT_MATH_SPEC_FUNCS__ 1
#define _TANDEM_SOURCE 1
#define _HPUX_ALT_XOPEN_SOCKET_API 1
#define HAVE_ALLOCA_H 1
#define HAVE_ALLOCA 1
#define D_INO_IN_DIRENT 1
#define HAVE_LONG_FILE_NAMES 1
#define HAVE_PATHCONF 1
#define HAVE_CANONICALIZE_FILE_NAME 1
#define HAVE_GETCWD 1
#define HAVE_READLINK 1
#define HAVE_REALPATH 1
#define HAVE_CHOWN 1
#define HAVE_FCHOWN 1
#define HAVE_FCHDIR 1
#define HAVE_FDOPENDIR 1
#define HAVE_FACCESSAT 1
#define HAVE_FCHMODAT 1
#define HAVE_LCHMOD 1
#define HAVE_FCNTL 1
#define HAVE_SYMLINK 1
#define HAVE_MEMPCPY 1
#define HAVE_FSTATAT 1
#define HAVE_GETDTABLESIZE 1
#define HAVE_GETTIMEOFDAY 1
#define HAVE_LSTAT 1
#define HAVE_MBSINIT 1
#define HAVE_MBRTOWC 1
#define HAVE_MPROTECT 1
#define HAVE_MKDIRAT 1
#define HAVE_TZSET 1
#define HAVE_OPENAT 1
#define HAVE_READLINKAT 1
#define HAVE_LINK 1
#define HAVE_RENAMEAT 1
#define HAVE_SETENV 1
#define HAVE_STRDUP 1
#define HAVE_STRNDUP 1
#define HAVE_SYMLINKAT 1
#define HAVE_LOCALTIME_R 1
#define HAVE_TIMEGM 1
#define HAVE_PIPE 1
#define HAVE_UNLINKAT 1
#define HAVE_UTIME 1
#define HAVE_FUTIMES 1
#define HAVE_FUTIMESAT 1
#define HAVE_FUTIMENS 1
#define HAVE_UTIMENSAT 1
#define HAVE_LUTIMES 1
#define HAVE_SNPRINTF 1
#define HAVE_ISWCNTRL 1
#define FUNC_REALPATH_WORKS 1
#define HAVE_UNISTD_H 1
#define HAVE_CHOWN 1
#define HAVE_ENVIRON_DECL 1
#define HAVE_DECL_STRERROR_R 1
#define HAVE_STRERROR_R 1
#define STRERROR_R_CHAR_P 1
#define GETGROUPS_T gid_t
#define LSTAT_FOLLOWS_SLASHED_SYMLINK 1
#define HAVE_DECL_FCHDIR 1
#define HAVE_WORKING_O_NOATIME 1
#define HAVE_WORKING_O_NOFOLLOW 1
#define HAVE_RAW_DECL_FCHMODAT 1
#define HAVE_RAW_DECL_FSTAT 1
#define HAVE_RAW_DECL_FSTATAT 1
#define HAVE_RAW_DECL_FUTIMENS 1
#define HAVE_RAW_DECL_LCHMOD 1
#define HAVE_RAW_DECL_LSTAT 1
#define HAVE_RAW_DECL_MKDIRAT 1
#define HAVE_RAW_DECL_MKFIFO 1
#define HAVE_RAW_DECL_MKFIFOAT 1
#define HAVE_RAW_DECL_MKNOD 1
#define HAVE_RAW_DECL_MKNODAT 1
#define HAVE_RAW_DECL_STAT 1
#define HAVE_RAW_DECL_UTIMENSAT 1
#define HAVE_DECL_GETDTABLESIZE 1
#define HAVE_GETOPT_H 1
#define HAVE_GETOPT_LONG_ONLY 1
#define restrict __restrict
#define HAVE_RAW_DECL_GETTIMEOFDAY 1
#define HAVE_WINT_T 1
#define HAVE_UNSIGNED_LONG_LONG_INT 1
#define HAVE_LONG_LONG_INT 1
#define HAVE_RAW_DECL_IMAXABS 1
#define HAVE_RAW_DECL_IMAXDIV 1
#define HAVE_RAW_DECL_STRTOIMAX 1
#define HAVE_RAW_DECL_STRTOUMAX 1
#define HAVE_INTTYPES_H 1
#define HAVE_LANGINFO_CODESET 1
#define HAVE_DECL_GETC_UNLOCKED 1
#define MALLOC_0_IS_NONNULL 1
#define HAVE_MBSTATE_T 1
#define HAVE_MAP_ANONYMOUS 1
#define HAVE_DECL_MEMRCHR 1
#define HAVE_MINMAX_IN_SYS_PARAM_H 1
#define TIME_T_IS_SIGNED 1
#define HAVE_DECL_ALARM 1
#define HAVE_STRUCT_TM_TM_ZONE 1
#define HAVE_TM_ZONE 1
#define HAVE_TM_GMTOFF 1
#define PROMOTED_MODE_T mode_t
#define HAVE__BOOL 1
#define HAVE_COMPOUND_LITERALS 1
#define HAVE_DECL_SETENV 1
#define HAVE_SEARCH_H 1
#define HAVE_TSEARCH 1
#define HAVE_SIGSET_T 1
#define HAVE_WCHAR_T 1
#define HAVE_DECL_STRDUP 1
#define HAVE_RAW_DECL_FFSL 1
#define HAVE_RAW_DECL_FFSLL 1
#define HAVE_RAW_DECL_MEMMEM 1
#define HAVE_RAW_DECL_MEMPCPY 1
#define HAVE_RAW_DECL_MEMRCHR 1
#define HAVE_RAW_DECL_RAWMEMCHR 1
#define HAVE_RAW_DECL_STPCPY 1
#define HAVE_RAW_DECL_STPNCPY 1
#define HAVE_RAW_DECL_STRCHRNUL 1
#define HAVE_RAW_DECL_STRDUP 1
#define HAVE_RAW_DECL_STRNCAT 1
#define HAVE_RAW_DECL_STRNDUP 1
#define HAVE_RAW_DECL_STRNLEN 1
#define HAVE_RAW_DECL_STRPBRK 1
#define HAVE_RAW_DECL_STRSEP 1
#define HAVE_RAW_DECL_STRCASESTR 1
#define HAVE_RAW_DECL_STRTOK_R 1
#define HAVE_RAW_DECL_STRERROR_R 1
#define HAVE_RAW_DECL_STRSIGNAL 1
#define HAVE_RAW_DECL_STRVERSCMP 1
#define HAVE_DECL_STRNDUP 1
#define HAVE_DECL_STRNLEN 1
#define _USE_STD_STAT 1
#define HAVE_DECL_UNSETENV 1
#define HAVE_WORKING_UTIMES 1
#define HAVE_INTTYPES_H_WITH_UINTMAX 1
#define HAVE_STDINT_H_WITH_UINTMAX 1
#define HAVE_INTMAX_T 1
#define DBL_EXPBIT0_WORD 1
#define DBL_EXPBIT0_BIT 20
#define HAVE_SNPRINTF 1
#define HAVE_STRNLEN 1
#define HAVE_WCSLEN 1
#define HAVE_WCSNLEN 1
#define HAVE_MBRTOWC 1
#define HAVE_WCRTOMB 1
#define HAVE_DECL__SNPRINTF 0
#define HAVE_SNPRINTF_RETVAL_C99 1
#define HAVE_ALLOCA 1
#define GNULIB_CANONICALIZE_LGPL 1
#define GNULIB_TEST_CANONICALIZE_FILE_NAME 1
#define GNULIB_TEST_REALPATH 1
#define GNULIB_TEST_CHDIR 1
#define GNULIB_TEST_CHOWN 1
#define HAVE_CLOCK_GETTIME 1
#define HAVE_CLOCK_SETTIME 1
#define GNULIB_TEST_CLOEXEC 1
#define GNULIB_TEST_CLOSE 1
#define HAVE_CLOSEDIR 1
#define GNULIB_TEST_CLOSEDIR 1
#define D_INO_IN_DIRENT 1
#define HAVE_RAW_DECL_ALPHASORT 1
#define HAVE_RAW_DECL_CLOSEDIR 1
#define HAVE_RAW_DECL_DIRFD 1
#define HAVE_RAW_DECL_FDOPENDIR 1
#define HAVE_RAW_DECL_OPENDIR 1
#define HAVE_RAW_DECL_READDIR 1
#define HAVE_RAW_DECL_REWINDDIR 1
#define HAVE_RAW_DECL_SCANDIR 1
#define GNULIB_DIRENT_SAFER 1
#define HAVE_DIRFD 1
#define HAVE_DECL_DIRFD 1
#define GNULIB_TEST_DIRFD 1
#define GNULIB_DIRNAME 1
#define HAVE_DUP2 1
#define GNULIB_TEST_DUP2 1
#define GNULIB_TEST_ENVIRON 1
#define HAVE_EUIDACCESS 1
#define GNULIB_TEST_EUIDACCESS 1
#define GNULIB_FACCESSAT 1
#define GNULIB_TEST_FACCESSAT 1
#define GNULIB_TEST_FCHDIR 1
#define GNULIB_FCHMODAT 1
#define GNULIB_TEST_FCHMODAT 1
#define GNULIB_FCHOWNAT 1
#define GNULIB_TEST_FCHOWNAT 1
#define GNULIB_TEST_FCNTL 1
#define HAVE_RAW_DECL_FCNTL 1
#define HAVE_RAW_DECL_OPENAT 1
#define GNULIB_FD_SAFER_FLAG 1
#define FLEXIBLE_ARRAY_MEMBER /**/
#define GNULIB_TEST_FSTAT 1
#define GNULIB_TEST_FSTATAT 1
#define GNULIB_TEST_GETCWD 1
#define GNULIB_TEST_GETDTABLESIZE 1
#define HAVE_GETGROUPS 1
#define GNULIB_TEST_GETGROUPS 1
#define HAVE_DECL_PROGRAM_INVOCATION_NAME 1
#define HAVE_DECL_PROGRAM_INVOCATION_SHORT_NAME 1
#define HAVE_DECL___ARGV 0
#define GETTIMEOFDAY_TIMEZONE void
#define GNULIB_TEST_GETTIMEOFDAY 1
#define GNULIB_TEST_GROUP_MEMBER 1
#define HAVE_LCHOWN 1
#define GNULIB_TEST_LCHOWN 1
#define GNULIB_TEST_LSTAT 1
#define HAVE_MALLOC_GNU 1
#define GNULIB_MALLOC_GNU 1
#define HAVE_MALLOC_POSIX 1
#define GNULIB_TEST_MALLOC_POSIX 1
#define C_LOCALE_MAYBE_EILSEQ 1
#define GNULIB_TEST_MBRTOWC 1
#define GNULIB_TEST_MBSINIT 1
#define GNULIB_TEST_MEMCHR 1
#define HAVE_MEMPCPY 1
#define GNULIB_TEST_MEMPCPY 1
#define HAVE_MEMRCHR 1
#define GNULIB_TEST_MEMRCHR 1
#define GNULIB_TEST_MKDIRAT 1
#define GNULIB_TEST_MKTIME 1
#define NEED_MKTIME_INTERNAL 1
#define GNULIB_MSVC_NOTHROW 1
#define my_strftime nstrftime
#define GNULIB_TEST_OPEN 1
#define GNULIB_OPENAT 1
#define GNULIB_TEST_OPENAT 1
#define HAVE_OPENDIR 1
#define GNULIB_TEST_OPENDIR 1
#define HAVE_STRUCT_TM_TM_ZONE 1
#define HAVE_TM_ZONE 1
#define HAVE_DECL_PROGRAM_INVOCATION_NAME 1
#define HAVE_DECL_PROGRAM_INVOCATION_SHORT_NAME 1
#define HAVE_RAISE 1
#define GNULIB_TEST_RAISE 1
#define HAVE_READDIR 1
#define GNULIB_TEST_READDIR 1
#define GNULIB_TEST_READLINK 1
#define GNULIB_TEST_READLINKAT 1
#define HAVE_REALLOC_GNU 1
#define GNULIB_REALLOC_GNU 1
#define HAVE_REALLOC_POSIX 1
#define GNULIB_TEST_REALLOC_POSIX 1
#define GNULIB_TEST_RENAME 1
#define HAVE_LINUX_FS_H 1
#define GNULIB_TEST_RENAMEAT 1
#define HAVE_LINUX_FS_H 1
#define GNULIB_TEST_RMDIR 1
#define GNULIB_TEST_SETENV 1
#define HAVE_RAW_DECL_PTHREAD_SIGMASK 1
#define HAVE_RAW_DECL_SIGACTION 1
#define HAVE_RAW_DECL_SIGADDSET 1
#define HAVE_RAW_DECL_SIGDELSET 1
#define HAVE_RAW_DECL_SIGEMPTYSET 1
#define HAVE_RAW_DECL_SIGFILLSET 1
#define HAVE_RAW_DECL_SIGISMEMBER 1
#define HAVE_RAW_DECL_SIGPENDING 1
#define HAVE_RAW_DECL_SIGPROCMASK 1
#define HAVE_STDINT_H 1
#define GNULIB_TEST_STAT 1
#define HAVE_STRUCT_STAT_ST_ATIM_TV_NSEC 1
#define TYPEOF_STRUCT_STAT_ST_ATIM_IS_STRUCT_TIMESPEC 1
#define GNULIB_STATAT 1
#define __USE_MINGW_ANSI_STDIO 1
#define GNULIB_FSCANF 1
#define GNULIB_SCANF 1
#define HAVE_RAW_DECL_DPRINTF 1
#define HAVE_RAW_DECL_FSEEKO 1
#define HAVE_RAW_DECL_FTELLO 1
#define HAVE_RAW_DECL_GETDELIM 1
#define HAVE_RAW_DECL_GETLINE 1
#define HAVE_RAW_DECL_PCLOSE 1
#define HAVE_RAW_DECL_POPEN 1
#define HAVE_RAW_DECL_RENAMEAT 1
#define HAVE_RAW_DECL_SNPRINTF 1
#define HAVE_RAW_DECL_TMPFILE 1
#define HAVE_RAW_DECL_VDPRINTF 1
#define HAVE_RAW_DECL_VSNPRINTF 1
#define HAVE_RAW_DECL__EXIT 1
#define HAVE_RAW_DECL_ATOLL 1
#define HAVE_RAW_DECL_CANONICALIZE_FILE_NAME 1
#define HAVE_RAW_DECL_GETLOADAVG 1
#define HAVE_RAW_DECL_GETSUBOPT 1
#define HAVE_RAW_DECL_GRANTPT 1
#define HAVE_RAW_DECL_INITSTATE 1
#define HAVE_RAW_DECL_INITSTATE_R 1
#define HAVE_RAW_DECL_MKDTEMP 1
#define HAVE_RAW_DECL_MKOSTEMP 1
#define HAVE_RAW_DECL_MKOSTEMPS 1
#define HAVE_RAW_DECL_MKSTEMP 1
#define HAVE_RAW_DECL_MKSTEMPS 1
#define HAVE_RAW_DECL_POSIX_OPENPT 1
#define HAVE_RAW_DECL_PTSNAME 1
#define HAVE_RAW_DECL_PTSNAME_R 1
#define HAVE_RAW_DECL_QSORT_R 1
#define HAVE_RAW_DECL_RANDOM 1
#define HAVE_RAW_DECL_RANDOM_R 1
#define HAVE_RAW_DECL_REALLOCARRAY 1
#define HAVE_RAW_DECL_REALPATH 1
#define HAVE_RAW_DECL_RPMATCH 1
#define HAVE_RAW_DECL_SECURE_GETENV 1
#define HAVE_RAW_DECL_SETENV 1
#define HAVE_RAW_DECL_SETSTATE 1
#define HAVE_RAW_DECL_SETSTATE_R 1
#define HAVE_RAW_DECL_SRANDOM 1
#define HAVE_RAW_DECL_SRANDOM_R 1
#define HAVE_RAW_DECL_STRTOD 1
#define HAVE_RAW_DECL_STRTOLL 1
#define HAVE_RAW_DECL_STRTOULL 1
#define HAVE_RAW_DECL_UNLOCKPT 1
#define HAVE_RAW_DECL_UNSETENV 1
#define GNULIB_TEST_STRDUP 1
#define GNULIB_STRERROR 1
#define GNULIB_TEST_STRERROR 1
#define GNULIB_TEST_STRNDUP 1
#define GNULIB_TEST_STRNLEN 1
#define GNULIB_TEST_SYMLINK 1
#define GNULIB_TEST_SYMLINKAT 1
#define HAVE_RAW_DECL_FCHMODAT 1
#define HAVE_RAW_DECL_FSTAT 1
#define HAVE_RAW_DECL_FSTATAT 1
#define HAVE_RAW_DECL_FUTIMENS 1
#define HAVE_RAW_DECL_LCHMOD 1
#define HAVE_RAW_DECL_LSTAT 1
#define HAVE_RAW_DECL_MKDIRAT 1
#define HAVE_RAW_DECL_MKFIFO 1
#define HAVE_RAW_DECL_MKFIFOAT 1
#define HAVE_RAW_DECL_MKNOD 1
#define HAVE_RAW_DECL_MKNODAT 1
#define HAVE_RAW_DECL_STAT 1
#define HAVE_RAW_DECL_UTIMENSAT 1
#define HAVE_DECL_LOCALTIME_R 1
#define GNULIB_TEST_TIME_R 1
#define GNULIB_TEST_TIME_RZ 1
#define GNULIB_TEST_TIMEGM 1
#define HAVE_RUN_TZSET_TEST 1
#define GNULIB_TEST_TZSET 1
#define HAVE_RAW_DECL_CHDIR 1
#define HAVE_RAW_DECL_CHOWN 1
#define HAVE_RAW_DECL_DUP 1
#define HAVE_RAW_DECL_DUP2 1
#define HAVE_RAW_DECL_DUP3 1
#define HAVE_RAW_DECL_ENVIRON 1
#define HAVE_RAW_DECL_EUIDACCESS 1
#define HAVE_RAW_DECL_FACCESSAT 1
#define HAVE_RAW_DECL_FCHDIR 1
#define HAVE_RAW_DECL_FCHOWNAT 1
#define HAVE_RAW_DECL_FDATASYNC 1
#define HAVE_RAW_DECL_FSYNC 1
#define HAVE_RAW_DECL_FTRUNCATE 1
#define HAVE_RAW_DECL_GETCWD 1
#define HAVE_RAW_DECL_GETDOMAINNAME 1
#define HAVE_RAW_DECL_GETDTABLESIZE 1
#define HAVE_RAW_DECL_GETGROUPS 1
#define HAVE_RAW_DECL_GETHOSTNAME 1
#define HAVE_RAW_DECL_GETLOGIN 1
#define HAVE_RAW_DECL_GETLOGIN_R 1
#define HAVE_RAW_DECL_GETPAGESIZE 1
#define HAVE_RAW_DECL_GETUSERSHELL 1
#define HAVE_RAW_DECL_SETUSERSHELL 1
#define HAVE_RAW_DECL_ENDUSERSHELL 1
#define HAVE_RAW_DECL_GROUP_MEMBER 1
#define HAVE_RAW_DECL_ISATTY 1
#define HAVE_RAW_DECL_LCHOWN 1
#define HAVE_RAW_DECL_LINK 1
#define HAVE_RAW_DECL_LINKAT 1
#define HAVE_RAW_DECL_LSEEK 1
#define HAVE_RAW_DECL_PIPE 1
#define HAVE_RAW_DECL_PIPE2 1
#define HAVE_RAW_DECL_PREAD 1
#define HAVE_RAW_DECL_PWRITE 1
#define HAVE_RAW_DECL_READLINK 1
#define HAVE_RAW_DECL_READLINKAT 1
#define HAVE_RAW_DECL_RMDIR 1
#define HAVE_RAW_DECL_SETHOSTNAME 1
#define HAVE_RAW_DECL_SLEEP 1
#define HAVE_RAW_DECL_SYMLINK 1
#define HAVE_RAW_DECL_SYMLINKAT 1
#define HAVE_RAW_DECL_TRUNCATE 1
#define HAVE_RAW_DECL_TTYNAME_R 1
#define HAVE_RAW_DECL_UNLINK 1
#define HAVE_RAW_DECL_UNLINKAT 1
#define HAVE_RAW_DECL_USLEEP 1
#define GNULIB_TEST_UNLINK 1
#define GNULIB_TEST_UNLINKAT 1
#define HAVE_UNSETENV 1
#define GNULIB_TEST_UNSETENV 1
#define GNULIB_TEST_UTIME 1
#define HAVE_RAW_DECL_UTIME 1
#define GNULIB_TEST_UTIMENSAT 1
#define HAVE_VASPRINTF 1
#define GNULIB_TEST_VASPRINTF 1
#define HAVE_RAW_DECL_BTOWC 1
#define HAVE_RAW_DECL_WCTOB 1
#define HAVE_RAW_DECL_MBSINIT 1
#define HAVE_RAW_DECL_MBRTOWC 1
#define HAVE_RAW_DECL_MBRLEN 1
#define HAVE_RAW_DECL_MBSRTOWCS 1
#define HAVE_RAW_DECL_MBSNRTOWCS 1
#define HAVE_RAW_DECL_WCRTOMB 1
#define HAVE_RAW_DECL_WCSRTOMBS 1
#define HAVE_RAW_DECL_WCSNRTOMBS 1
#define HAVE_RAW_DECL_WCWIDTH 1
#define HAVE_RAW_DECL_WMEMCHR 1
#define HAVE_RAW_DECL_WMEMCMP 1
#define HAVE_RAW_DECL_WMEMCPY 1
#define HAVE_RAW_DECL_WMEMMOVE 1
#define HAVE_RAW_DECL_WMEMSET 1
#define HAVE_RAW_DECL_WCSLEN 1
#define HAVE_RAW_DECL_WCSNLEN 1
#define HAVE_RAW_DECL_WCSCPY 1
#define HAVE_RAW_DECL_WCPCPY 1
#define HAVE_RAW_DECL_WCSNCPY 1
#define HAVE_RAW_DECL_WCPNCPY 1
#define HAVE_RAW_DECL_WCSCAT 1
#define HAVE_RAW_DECL_WCSNCAT 1
#define HAVE_RAW_DECL_WCSCMP 1
#define HAVE_RAW_DECL_WCSNCMP 1
#define HAVE_RAW_DECL_WCSCASECMP 1
#define HAVE_RAW_DECL_WCSNCASECMP 1
#define HAVE_RAW_DECL_WCSCOLL 1
#define HAVE_RAW_DECL_WCSXFRM 1
#define HAVE_RAW_DECL_WCSDUP 1
#define HAVE_RAW_DECL_WCSCHR 1
#define HAVE_RAW_DECL_WCSRCHR 1
#define HAVE_RAW_DECL_WCSCSPN 1
#define HAVE_RAW_DECL_WCSSPN 1
#define HAVE_RAW_DECL_WCSPBRK 1
#define HAVE_RAW_DECL_WCSSTR 1
#define HAVE_RAW_DECL_WCSTOK 1
#define HAVE_RAW_DECL_WCSWIDTH 1
#define HAVE_RAW_DECL_WCSFTIME 1
#define HAVE_TOWLOWER 1
#define HAVE_RAW_DECL_WCTYPE 1
#define HAVE_RAW_DECL_ISWCTYPE 1
#define HAVE_RAW_DECL_WCTRANS 1
#define HAVE_RAW_DECL_TOWCTRANS 1
#define GNULIB_TEST_WRITE 1
#define HAVE_STDINT_H 1
#define HAVE_STDINT_H 1
#define HAVE_ATTR_ERROR_CONTEXT_H 1
#define HAVE_ATTR_LIBATTR_H 1
#define HAVE_ATTR_COPY_FILE 1
#define HAVE_ATTR_COPY_ACTION 1
#define USE_XATTR 1
#define HAVE_GETEUID 1
#define HAVE_GETUID 1
#define HAVE_RAISE 1
#define HAVE_SIGACTION 1
#define HAVE_SIGPROCMASK 1
#define HAVE_SIGSETMASK 1
#define HAVE_FCNTL_H 1
#define HAVE_UNISTD_H 1
#define EDITOR_PROGRAM "ed"

configure: exit 0
