This file contains any messages produced by compilers while
running configure, to aid debugging if configure makes a mistake.

It was created by GNU Bison configure 3.8.2, which was
generated by GNU Autoconf 2.71.  Invocation command line was

  $ ../bison-3.8.2/configure --build=x86_64-linux --host=x86_64-linux --target=x86_64-linux --prefix=/home/ubuntu/yocto/rpi-build/tmp/work/x86_64-linux/bison-native/3.8.2-r0/recipe-sysroot-native/usr --exec_prefix=/home/ubuntu/yocto/rpi-build/tmp/work/x86_64-linux/bison-native/3.8.2-r0/recipe-sysroot-native/usr --bindir=/home/ubuntu/yocto/rpi-build/tmp/work/x86_64-linux/bison-native/3.8.2-r0/recipe-sysroot-native/usr/bin --sbindir=/home/ubuntu/yocto/rpi-build/tmp/work/x86_64-linux/bison-native/3.8.2-r0/recipe-sysroot-native/usr/sbin --libexecdir=/home/ubuntu/yocto/rpi-build/tmp/work/x86_64-linux/bison-native/3.8.2-r0/recipe-sysroot-native/usr/libexec --datadir=/home/ubuntu/yocto/rpi-build/tmp/work/x86_64-linux/bison-native/3.8.2-r0/recipe-sysroot-native/usr/share --sysconfdir=/home/ubuntu/yocto/rpi-build/tmp/work/x86_64-linux/bison-native/3.8.2-r0/recipe-sysroot-native/etc --sharedstatedir=/home/ubuntu/yocto/rpi-build/tmp/work/x86_64-linux/bison-native/3.8.2-r0/recipe-sysroot-native/com --localstatedir=/home/ubuntu/yocto/rpi-build/tmp/work/x86_64-linux/bison-native/3.8.2-r0/recipe-sysroot-native/var --libdir=/home/ubuntu/yocto/rpi-build/tmp/work/x86_64-linux/bison-native/3.8.2-r0/recipe-sysroot-native/usr/lib --includedir=/home/ubuntu/yocto/rpi-build/tmp/work/x86_64-linux/bison-native/3.8.2-r0/recipe-sysroot-native/usr/include --oldincludedir=/home/ubuntu/yocto/rpi-build/tmp/work/x86_64-linux/bison-native/3.8.2-r0/recipe-sysroot-native/usr/include --infodir=/home/ubuntu/yocto/rpi-build/tmp/work/x86_64-linux/bison-native/3.8.2-r0/recipe-sysroot-native/usr/share/info --mandir=/home/ubuntu/yocto/rpi-build/tmp/work/x86_64-linux/bison-native/3.8.2-r0/recipe-sysroot-native/usr/share/man --disable-silent-rules --disable-dependency-tracking --disable-static --without-libreadline-prefix --without-libtextstyle-prefix --disable-nls

## --------- ##
## Platform. ##
## --------- ##

hostname = DESKTOP-CSPIOE3
uname -m = x86_64
uname -r = 6.6.87.2-microsoft-standard-WSL2
uname -s = Linux
uname -v = #1 SMP PREEMPT_DYNAMIC Thu Jun  5 18:30:46 UTC 2025

/usr/bin/uname -p = x86_64
/bin/uname -X     = unknown

/bin/arch              = x86_64
/usr/bin/arch -k       = unknown
/usr/convex/getsysinfo = unknown
/usr/bin/hostinfo      = unknown
/bin/machine           = unknown
/usr/bin/oslevel       = unknown
/bin/universe          = unknown

PATH: /home/ubuntu/yocto/poky/scripts/native-intercept/
PATH: /home/ubuntu/yocto/rpi-build/tmp/sysroots-uninative/x86_64-linux/usr/bin/
PATH: /home/ubuntu/yocto/poky/scripts/
PATH: /home/ubuntu/yocto/rpi-build/tmp/work/x86_64-linux/bison-native/3.8.2-r0/recipe-sysroot-native/usr/bin/x86_64-linux/
PATH: /home/ubuntu/yocto/rpi-build/tmp/work/x86_64-linux/bison-native/3.8.2-r0/recipe-sysroot-native/usr/bin/
PATH: /home/ubuntu/yocto/rpi-build/tmp/work/x86_64-linux/bison-native/3.8.2-r0/recipe-sysroot-native/usr/sbin/
PATH: /home/ubuntu/yocto/rpi-build/tmp/work/x86_64-linux/bison-native/3.8.2-r0/recipe-sysroot-native/usr/bin/
PATH: /home/ubuntu/yocto/rpi-build/tmp/work/x86_64-linux/bison-native/3.8.2-r0/recipe-sysroot-native/sbin/
PATH: /home/ubuntu/yocto/rpi-build/tmp/work/x86_64-linux/bison-native/3.8.2-r0/recipe-sysroot-native/bin/
PATH: /home/ubuntu/yocto/poky/bitbake/bin/
PATH: /home/ubuntu/yocto/rpi-build/tmp/hosttools/


## ----------- ##
## Core tests. ##
## ----------- ##

configure:4072: loading site script /home/ubuntu/yocto/poky/meta/site/endian-little
| ac_cv_c_littleendian=${ac_cv_c_littleendian=yes}
| ac_cv_c_bigendian=${ac_cv_c_bigendian=no}
| 
| # libnet
| ac_cv_libnet_endianess=${ac_cv_libnet_endianess=lil}
| 
| # libmemcached
| ac_cv_c_endian=little
configure:4072: loading site script /home/ubuntu/yocto/poky/meta/site/common-linux
| # gettext - these add sleep delays otherwise
| gl_cv_func_sleep_works=${gl_cv_func_sleep_works=yes}
| gl_cv_header_working_fcntl_h=${gl_cv_header_working_fcntl_h=yes}
| # the euc-jp tests in iconv.m4 break elfutils and libunistring depending on the
| # host locales installed. Avoid this by skipping the tests, we're not on HP-UX!
| am_cv_func_iconv_works=${am_cv_func_iconv_works=yes}
| 
| # apr
| ac_cv_file__dev_zero=${ac_cv_file__dev_zero=yes}
| ac_cv_sizeof_pid_t=${ac_cv_sizeof_pid_t=4}
| ac_cv_func_pthread_key_delete=${ac_cv_func_pthread_key_delete=yes}
| apr_cv_tcp_nodelay_with_cork=${apr_cv_tcp_nodelay_with_cork=yes}
| apr_cv_process_shared_works=${apr_cv_process_shared_works=no}
| 
| # samba
| samba_cv_HAVE_IFACE_AIX=${samba_cv_HAVE_IFACE_AIX=no}
| samba_cv_HAVE_IFACE_IFCONF=${samba_cv_HAVE_IFACE_IFCONF=yes}
| samba_cv_HAVE_IFACE_IFREQ=${samba_cv_HAVE_IFACE_IFREQ=yes}
| samba_cv_HAVE_IRIX_SPECIFIC_CAPABILITIES=${samba_cv_HAVE_IRIX_SPECIFIC_CAPABILITIES=no}
| 
| # db
| db_cv_path_ar=${db_cv_path_ar=/usr/bin/ar}
| db_cv_path_chmod=${db_cv_path_chmod=/bin/chmod}
| db_cv_path_cp=${db_cv_path_cp=/bin/cp}
| db_cv_path_ln=${db_cv_path_ln=/bin/ln}
| db_cv_path_mkdir=${db_cv_path_mkdir=/bin/mkdir}
| db_cv_path_ranlib=${db_cv_path_ranlib=/usr/bin/ranlib}
| db_cv_path_rm=${db_cv_path_rm=/bin/rm}
| db_cv_path_sh=${db_cv_path_sh=/bin/sh}
| db_cv_path_strip=${db_cv_path_strip=/usr/bin/strip}
| 
| # bash
| bash_cv_have_mbstate_t=${bash_cv_have_mbstate_t=yes}
| bash_cv_must_reinstall_sighandlers=${bash_cv_must_reinstall_sighandlers=no}
| bash_cv_func_strcoll_broken=${bash_cv_func_strcoll_broken=no}
| bash_cv_dup2_broken=${bash_cv_dup2_broken=no}
| bash_cv_opendir_not_robust=${bash_cv_opendir_not_robust=no}
| bash_cv_type_rlimit=${bash_cv_type_rlimit=rlim_t}
| bash_cv_getenv_redef=${bash_cv_getenv_redef=yes}
| bash_cv_ulimit_maxfds=${bash_cv_ulimit_maxfds=yes}
| bash_cv_getcwd_calls_popen=${bash_cv_getcwd_calls_popen=no}
| bash_cv_printf_a_format=${bash_cv_printf_a_format=yes}
| bash_cv_pgrp_pipe=${bash_cv_pgrp_pipe=no}
| bash_cv_job_control_missing=${bash_cv_job_control_missing=present}
| bash_cv_sys_named_pipes=${bash_cv_sys_named_pipes=present}
| bash_cv_unusable_rtsigs=${bash_cv_unusable_rtsigs=no}
| 
| # ccache
| hw_cv_func_snprintf_c99=${hw_cv_func_snprintf_c99=yes}
| hw_cv_func_vsnprintf_c99=${hw_cv_func_vsnprintf_c99=yes}
| 
| # coreutils
| ac_cv_func_chown_works=${ac_cv_func_chown_works=yes}
| ac_cv_func_utime_null=${ac_cv_func_utime_null=yes}
| gl_cv_func_fstatat_zero_flag=${gl_cv_func_fstatat_zero_flag=yes}
| gl_cv_func_link_follows_symlink=${gl_cv_func_link_follows_symlink=no}
| gl_cv_func_unlink_busy_text=${gl_cv_func_unlink_busy_text=yes}
| gl_cv_have_proc_uptime=${gl_cv_have_proc_uptime=yes}
| gl_cv_pipes_are_fifos=${gl_cv_pipes_are_fifos='yes (1)'}
| 
| # mysql
| ac_cv_sys_restartable_syscalls=${ac_cv_sys_restartable_syscalls=yes}
| ac_cv_conv_longlong_to_float=${ac_cv_conv_longlong_to_float=yes}
| 
| # TCL
| tcl_cv_api_serial=${tcl_cv_api_serial=termios}
| 
| # python
| ac_cv_have_long_long_format=yes
| 
| # apache
| ac_cv_o_nonblock_inherited=${ac_cv_o_nonblock_inherited=no}
| 
| # rsync
| rsync_cv_HAVE_C99_VSNPRINTF=${rsync_cv_HAVE_C99_VSNPRINTF=yes}
configure:4072: loading site script /home/ubuntu/yocto/poky/meta/site/common-glibc
| # general
| ac_cv_func_calloc_0_nonnull=${ac_cv_func_calloc_0_nonnull=yes}
| ac_cv_func_realloc_works=${ac_cv_func_realloc_works=yes}
| ac_cv_func_realloc_0_nonnull=${ac_cv_func_realloc_0_nonnull=yes}
| ac_cv_func_malloc_works=${ac_cv_func_malloc_works=yes}
| ac_cv_func_malloc_0_nonnull=${ac_cv_func_malloc_0_nonnull=yes}
| ac_cv_func_memcmp_working=${ac_cv_func_memcmp_working=yes}
| ac_cv_func_getpgrp_void=yes
| ac_cv_func_setpgrp_void=yes
| ac_cv_func_setgrent_void=yes
| ac_cv_func_getgrgid_r=${ac_cv_func_getgrgid_r=yes}
| ac_cv_func_getpwuid_r=${ac_cv_func_getpwuid_r=yes}
| ac_cv_func_posix_getpwuid_r=${ac_cv_func_posix_getpwuid_r=yes}
| ac_cv_func_posix_getgrgid_r=${ac_cv_func_posix_getgrgid_r=yes}
| ac_cv_type_uid_t={ac_cv_type_uid_t=yes}
| ac_cv_func_getaddrinfo=${ac_cv_func_getaddrinfo=yes}
| ac_cv_func_strtod=${ac_cv_func_strtod=yes}
| 
| # bash
| bash_cv_getcwd_malloc=${bash_cv_getcwd_malloc=yes}
| 
| # clamav
| clamav_av_func_working_snprintf_long=${clamav_av_func_working_snprintf_long=yes}
| clamav_av_have_in_port_t=${clamav_av_have_in_port_t=yes}
| clamav_av_have_in_addr_t=${clamav_av_have_in_addr_t=yes}
| ac_cv_func_mmap_fixed_mapped=${ac_cv_func_mmap_fixed_mapped=yes}
| 
| # coreutils
| fu_cv_sys_stat_statfs2_bsize=${fu_cv_sys_stat_statfs2_bsize=yes}
| gl_cv_func_getcwd_abort_bug=${gl_cv_func_getcwd_abort_bug=no}
| gl_cv_func_getcwd_null=${gl_cv_func_getcwd_null=yes}
| gl_cv_func_getcwd_path_max=${gl_cv_func_getcwd_path_max=yes}
| ac_cv_func_getgroups_works=${ac_cv_func_getgroups_works=yes}
| gl_cv_func_nanosleep=${gl_cv_func_nanosleep='no (mishandles large arguments)'}
| gl_cv_func_working_mkstemp=${gl_cv_func_working_mkstemp=yes}
| gl_cv_func_working_mktime=${gl_cv_func_working_mktime=yes}
| gl_cv_func_working_utimes=${gl_cv_func_working_utimes=yes}
| 
| # glib
| glib_cv_strlcpy=${glib_cv_strlcpy=no}
| ac_cv_func_printf_unix98=${ac_cv_func_printf_unix98=yes}
| ac_cv_func_snprintf_c99=${ac_cv_func_snprintf_c99=yes}
| ac_cv_func_vsnprintf_c99=${ac_cv_func_vsnprintf_c99=yes}
| glib_cv_compliant_posix_memalign=${glib_cv_compliant_posix_memalign=1}
| glib_cv_long_long_format=${glib_cv_long_long_format=ll}
| # glib-1.x requires this and pkgconfig-native / pkgconfig-nativesdk use
| # that to avoid a dependency loop.
| glib_cv___va_copy=${glib_cv___va_copy=yes}
| glib_cv_va_copy=${glib_cv_va_copy=yes}
| glib_cv_have_qsort_r=${glib_cv_have_qsort_r=yes}
| 
| #dbus-glib
| ac_cv_have_abstract_sockets=${ac_cv_have_abstract_sockets=yes}
| 
| # gnucash
| am_cv_scanf_lld=${am_cv_scanf_lld=yes}
| 
| # guile
| ac_cv_func_pthread_attr_getstack=${ac_cv_func_pthread_attr_getstack=yes}
| 
| #gcc-zlib
| ac_cv_func_getpagesize=${ac_cv_func_getpagesize=yes}
| ac_cv_func_memcpy=${ac_cv_func_memcpy=yes}
| ac_cv_func_strerror=${ac_cv_func_strerror=yes}
| 
| # squid
| ac_cv_af_unix_large_dgram=${ac_cv_af_unix_large_dgram=yes}
| ac_cv_func_setresuid=${ac_cv_func_setresuid=yes}
| ac_cv_func_va_copy=${ac_cv_func_va_copy=yes}
| ac_cv_func___va_copy=${ac_cv_func___va_copy=yes}
| ac_cv_epoll_works=${ac_cv_epoll_works=yes}
| 
| ac_cv_check_sjlj=ssjlj
| 
| # m4
| gt_cv_locale_fr=${gt_cv_locale_fr=fr_FR}
| gl_cv_func_btowc_eof=${gl_cv_func_btowc_eof=yes}
| gl_cv_func_wcrtomb_retval=${gl_cv_func_wcrtomb_retval=yes}
| gl_cv_func_wctob_works=${gl_cv_func_wctob_works=yes}
| gl_cv_func_mbrtowc_incomplete_state=${gl_cv_func_mbrtowc_incomplete_state=yes}
| gl_cv_func_mbrtowc_sanitycheck=${gl_cv_func_mbrtowc_sanitycheck=yes}
| gl_cv_func_mbrtowc_null_arg=${gl_cv_func_mbrtowc_null_arg=yes}
| gl_cv_func_mbrtowc_retval=${gl_cv_func_mbrtowc_retval=yes}
| gl_cv_func_mbrtowc_nul_retval=${gl_cv_func_mbrtowc_nul_retval=yes}
| 
| # va_copy and _va_copy
| ac_cv_va_copy=${ac_cv_va_copy=yes}
| ac_cv___va_copy=${ac_cv___va_copy=yes}
| ac_cv_func_va_copy=${ac_cv_func_va_copy=yes}
| ac_cv_func___va_copy=${ac_cv_func___va_copy=yes}
| 
| # Xorg
| xorg_cv_malloc0_returns_null=${xorg_cv_malloc0_returns_null=yes}
configure:4072: loading site script /home/ubuntu/yocto/poky/meta/site/x86_64-linux
| # general
| ac_cv_va_val_copy=${ac_cv_va_val_copy=no}
| ac_cv_func_lstat_dereferences_slashed_symlink=${ac_cv_func_lstat_dereferences_slashed_symlink=yes}
| ac_cv_func_lstat_empty_string_bug=${ac_cv_func_lstat_empty_string_bug=no}
| ac_cv_func_posix_getpwnam_r=${ac_cv_func_posix_getpwnam_r=yes}
| ac_cv_func_setvbuf_reversed=${ac_cv_func_setvbuf_reversed=no}
| ac_cv_func_stat_empty_string_bug=${ac_cv_func_stat_empty_string_bug=no}
| ac_cv_func_stat_ignores_trailing_slash=${ac_cv_func_stat_ignores_trailing_slash=no}
| ac_libnet_have_packet_socket=${ac_libnet_have_packet_socket=yes}
| ac_cv_linux_vers=${ac_cv_linux_vers=2}
| ac_cv_need_trio=${ac_cv_need_trio=no}
| ac_cv_sizeof_char=${ac_cv_sizeof_char=1}
| ac_cv_sizeof_int=${ac_cv_sizeof_int=4}
| ac_cv_sizeof_unsigned_int=${ac_cv_sizeof_unsigned_int=4}
| ac_cv_sizeof___int64=${ac_cv_sizeof___int64=0}
| ac_cv_sizeof_long=${ac_cv_sizeof_long=8}
| ac_cv_sizeof_unsigned_long=${ac_cv_sizeof_unsigned_long=8}
| ac_cv_sizeof_long_double=${ac_cv_sizeof_long_double=16}
| ac_cv_sizeof_long_int=${ac_cv_sizeof_long_int=8}
| ac_cv_sizeof_long_long=${ac_cv_sizeof_long_long=8}
| ac_cv_sizeof_short=${ac_cv_sizeof_short=2}
| ac_cv_sizeof_unsigned_short=${ac_cv_sizeof_unsigned_short=2}
| ac_cv_sizeof_short_int=${ac_cv_sizeof_short_int=2}
| ac_cv_sizeof_size_t=${ac_cv_sizeof_size_t=8}
| ac_cv_sizeof_uid_t=${ac_cv_sizeof_uid_t=4}
| ac_cv_sizeof_gid_t=${ac_cv_sizeof_gid_t=4}
| ac_cv_sizeof_dev_t=${ac_cv_sizeof_dev_t=8}
| ac_cv_sizeof_void_p=${ac_cv_sizeof_void_p=8}
| ac_cv_strerror_r_SUSv3=${ac_cv_strerror_r_SUSv3=no}
| db_cv_alignp_t=${db_cv_alignp_t='unsigned long long'}
| db_cv_align_t=${db_cv_align_t='unsigned long long'}
| db_cv_fcntl_f_setfd=${db_cv_fcntl_f_setfd=yes}
| db_cv_sprintf_count=${db_cv_sprintf_count=yes}
| 
| # glib
| glib_cv_hasinline=${glib_cv_hasinline=yes}
| glib_cv_has__inline=${glib_cv_has__inline=yes}
| glib_cv_has__inline__=${glib_cv_has__inline__=yes}
| glib_cv_long_long_format=${glib_cv_long_long_format=ll}
| glib_cv_rtldglobal_broken=${glib_cv_rtldglobal_broken=yes}
| glib_cv_sane_realloc=${glib_cv_sane_realloc=yes}
| glib_cv_sizeof_gmutex=${glib_cv_sizeof_gmutex=40}
| glib_cv_sizeof_intmax_t=${glib_cv_sizeof_intmax_t=8}
| glib_cv_sizeof_ptrdiff_t=${glib_cv_sizeof_ptrdiff_t=8}
| glib_cv_sizeof_size_t=${glib_cv_sizeof_size_t=8}
| glib_cv_sizeof_system_thread=${glib_cv_sizeof_system_thread=8}
| glib_cv_stack_grows=${glib_cv_stack_grows=no}
| glib_cv_sys_pthread_cond_timedwait_posix=${glib_cv_sys_pthread_cond_timedwait_posix=yes}
| glib_cv_sys_pthread_getspecific_posix=${glib_cv_sys_pthread_getspecific_posix=yes}
| glib_cv_sys_pthread_mutex_trylock_posix=${glib_cv_sys_pthread_mutex_trylock_posix=yes}
| glib_cv_uscore=${glib_cv_uscore=no}
| glib_cv_va_val_copy=${glib_cv_va_val_copy=no}
| ac_cv_alignof_guint32=4
| ac_cv_alignof_guint64=8
| ac_cv_alignof_unsigned_long=8
| 
| nano_cv_func_regexec_segv_emptystr=${nano_cv_func_regexec_segv_emptystr=no}
| samba_cv_HAVE_VA_COPY=${samba_cv_HAVE_VA_COPY=yes}
| screen_cv_sys_bcopy_overlap=${screen_cv_sys_bcopy_overlap=no}
| screen_cv_sys_fifo_broken_impl=${screen_cv_sys_fifo_broken_impl=yes}
| screen_cv_sys_fifo_usable=${screen_cv_sys_fifo_usable=yes}
| screen_cv_sys_memcpy_overlap=${screen_cv_sys_memcpy_overlap=no}
| screen_cv_sys_memmove_overlap=${screen_cv_sys_memmove_overlap=no}
| screen_cv_sys_select_broken_retval=${screen_cv_sys_select_broken_retval=no}
| screen_cv_sys_sockets_nofs=${screen_cv_sys_sockets_nofs=no}
| screen_cv_sys_sockets_usable=${screen_cv_sys_sockets_usable=yes}
| screen_cv_sys_terminfo_used=${screen_cv_sys_terminfo_used=yes}
| utils_cv_sys_open_max=${utils_cv_sys_open_max=1015}
| 
| # gettext
| am_cv_func_working_getline=${am_cv_func_working_getline=yes}
| 
| #gcc
| ac_cv_lib_m_sin=${ac_cv_lib_m_sin=yes}
| 
| # bash
| bash_cv_func_sigsetjmp=${bash_cv_func_sigsetjmp=present}
| 
| lf_cv_sane_realloc=yes
| as_cv_unaligned_access=${as_cv_unaligned_access=yes}
| 
| #unfs3
| nfsd_cv_broken_setfsuid=${nfsd_cv_broken_setfsuid=0}
| nfsd_cv_func_statfs=${nfsd_cv_func_statfs=statfs2_bsize}
| nfsd_cv_bsd_signals=${nfsd_cv_bsd_signals=yes}
| 
| #apr
| apr_cv_tcp_nodelay_with_cork=${apr_cv_tcp_nodelay_with_cork=yes}
| 
| # lftp
| lftp_cv_va_val_copy=${lftp_cv_va_val_copy=no}
| 
| # slrn
| slrn_cv_va_val_copy=${slrn_cv_va_val_copy=no}
| 
| # grub
| ac_cv_func___ashldi3=no
| ac_cv_func___ashrdi3=no
| ac_cv_func___bswapdi2=no
| ac_cv_func___bswapsi2=no
| ac_cv_func___lshrdi3=no
| ac_cv_func___trampoline_setup=no
| ac_cv_func___ucmpdi2=no
| ac_cv_func__restgpr_14_x=no
| 
| # cvs
| cvs_cv_func_printf_ptr=${cvs_cv_func_printf_ptr=yes}
| 
| # at-spi2-core
| ac_cv_alignof_char=1
| ac_cv_alignof_dbind_pointer=8
| ac_cv_alignof_dbind_struct=1
| ac_cv_alignof_dbus_bool_t=4
| ac_cv_alignof_dbus_int16_t=2
| ac_cv_alignof_dbus_int32_t=4
| ac_cv_alignof_dbus_int64_t=8
| ac_cv_alignof_double=8
configure:4072: loading site script /home/ubuntu/yocto/poky/meta/site/common
| # libelf
| mr_cv_target_elf=${mr_cv_target_elf=yes}
| 
| # Normally kernels have /dev/random enabled
| ac_cv_file__dev_random=${ac_cv_file__dev_random=yes}
| 
| # Avoid sudo to assume void for unsetenv in cross environment, or else it conflicts with
| # target stdlib.h prototype which follows POSIX compiliance. Mark for upstream.
| sudo_cv_func_unsetenv_void=no
| 
| # shadow dir info, to avoid searching build system
| shadow_cv_maildir=${localstatedir}/spool/mail
| shadow_cv_mailfile=Mailbox
| shadow_cv_utmpdir=${localstatedir}/run
| shadow_cv_logdir=${localstatedir}/log
| shadow_cv_passwd_dir=${bindir}
| 
| # python: deactivate a runtime check for ipv6-support in python >=2.7.1 that fails when cross-compiling
| ac_cv_buggy_getaddrinfo=no
| 
| ac_cv_path_SED=${ac_cv_path_SED=sed}
| 
| # General
| ac_cv_have_decl_sys_siglist=${ac_cv_have_decl_sys_siglist=no}
| 
| # bash
| bash_cv_under_sys_siglist=${bash_cv_under_sys_siglist=no}
| bash_cv_sys_siglist=${bash_cv_sys_siglist=no}
configure:4727: looking for aux files: config.rpath config.guess config.sub compile missing install-sh
configure:4740:  trying ../bison-3.8.2/build-aux/
configure:4769:   ../bison-3.8.2/build-aux/config.rpath found
configure:4769:   ../bison-3.8.2/build-aux/config.guess found
configure:4769:   ../bison-3.8.2/build-aux/config.sub found
configure:4769:   ../bison-3.8.2/build-aux/compile found
configure:4769:   ../bison-3.8.2/build-aux/missing found
configure:4751:   ../bison-3.8.2/build-aux/install-sh found
configure:4916: checking for a BSD-compatible install
configure:4989: result: /home/ubuntu/yocto/rpi-build/tmp/hosttools/install -c
configure:5000: checking whether build environment is sane
configure:5015: result: yes
configure:5165: checking for a race-free mkdir -p
configure:5209: result: /home/ubuntu/yocto/rpi-build/tmp/hosttools/mkdir -p
configure:5216: checking for gawk
configure:5237: found /home/ubuntu/yocto/rpi-build/tmp/hosttools/gawk
configure:5248: result: gawk
configure:5259: checking whether make sets $(MAKE)
configure:5282: result: yes
configure:5312: checking whether make supports nested variables
configure:5330: result: yes
configure:5478: checking whether make supports nested variables
configure:5496: result: yes
configure:5528: checking for x86_64-linux-gcc
configure:5560: result: gcc 
configure:5958: checking for C compiler version
configure:5967: gcc  --version >&5
gcc (Ubuntu 11.4.0-1ubuntu1~22.04.2) 11.4.0
Copyright (C) 2021 Free Software Foundation, Inc.
This is free software; see the source for copying conditions.  There is NO
warranty; not even for MERCHANTABILITY or FITNESS FOR A PARTICULAR PURPOSE.

configure:5978: $? = 0
configure:5967: gcc  -v >&5
Using built-in specs.
COLLECT_GCC=gcc
COLLECT_LTO_WRAPPER=/usr/lib/gcc/x86_64-linux-gnu/11/lto-wrapper
OFFLOAD_TARGET_NAMES=nvptx-none:amdgcn-amdhsa
OFFLOAD_TARGET_DEFAULT=1
Target: x86_64-linux-gnu
Configured with: ../src/configure -v --with-pkgversion='Ubuntu 11.4.0-1ubuntu1~22.04.2' --with-bugurl=file:///usr/share/doc/gcc-11/README.Bugs --enable-languages=c,ada,c++,go,brig,d,fortran,objc,obj-c++,m2 --prefix=/usr --with-gcc-major-version-only --program-suffix=-11 --program-prefix=x86_64-linux-gnu- --enable-shared --enable-linker-build-id --libexecdir=/usr/lib --without-included-gettext --enable-threads=posix --libdir=/usr/lib --enable-nls --enable-bootstrap --enable-clocale=gnu --enable-libstdcxx-debug --enable-libstdcxx-time=yes --with-default-libstdcxx-abi=new --enable-gnu-unique-object --disable-vtable-verify --enable-plugin --enable-default-pie --with-system-zlib --enable-libphobos-checking=release --with-target-system-zlib=auto --enable-objc-gc=auto --enable-multiarch --disable-werror --enable-cet --with-arch-32=i686 --with-abi=m64 --with-multilib-list=m32,m64,mx32 --enable-multilib --with-tune=generic --enable-offload-targets=nvptx-none=/build/gcc-11-2Y5pKs/gcc-11-11.4.0/debian/tmp-nvptx/usr,amdgcn-amdhsa=/build/gcc-11-2Y5pKs/gcc-11-11.4.0/debian/tmp-gcn/usr --without-cuda-driver --enable-checking=release --build=x86_64-linux-gnu --host=x86_64-linux-gnu --target=x86_64-linux-gnu --with-build-config=bootstrap-lto-lean --enable-link-serialization=2
Thread model: posix
Supported LTO compression algorithms: zlib zstd
gcc version 11.4.0 (Ubuntu 11.4.0-1ubuntu1~22.04.2) 
... rest of stderr output deleted ...
configure:5978: $? = 0
configure:5967: gcc  -V >&5
gcc: error: unrecognized command-line option '-V'
gcc: fatal error: no input files
compilation terminated.
configure:5978: $? = 1
configure:5967: gcc  -qversion >&5
gcc: error: unrecognized command-line option '-qversion'; did you mean '--version'?
gcc: fatal error: no input files
compilation terminated.
configure:5978: $? = 1
configure:5967: gcc  -version >&5
gcc: error: unrecognized command-line option '-version'
gcc: fatal error: no input files
compilation terminated.
configure:5978: $? = 1
configure:5998: checking whether the C compiler works
configure:6020: gcc  -isystem/home/ubuntu/yocto/rpi-build/tmp/work/x86_64-linux/bison-native/3.8.2-r0/recipe-sysroot-native/usr/include -O2 -pipe -isystem/home/ubuntu/yocto/rpi-build/tmp/work/x86_64-linux/bison-native/3.8.2-r0/recipe-sysroot-native/usr/include -L/home/ubuntu/yocto/rpi-build/tmp/work/x86_64-linux/bison-native/3.8.2-r0/recipe-sysroot-native/usr/lib                         -L/home/ubuntu/yocto/rpi-build/tmp/work/x86_64-linux/bison-native/3.8.2-r0/recipe-sysroot-native/lib                         -Wl,--enable-new-dtags                         -Wl,-rpath-link,/home/ubuntu/yocto/rpi-build/tmp/work/x86_64-linux/bison-native/3.8.2-r0/recipe-sysroot-native/usr/lib                         -Wl,-rpath-link,/home/ubuntu/yocto/rpi-build/tmp/work/x86_64-linux/bison-native/3.8.2-r0/recipe-sysroot-native/lib                         -Wl,-rpath,/home/ubuntu/yocto/rpi-build/tmp/work/x86_64-linux/bison-native/3.8.2-r0/recipe-sysroot-native/usr/lib                         -Wl,-rpath,/home/ubuntu/yocto/rpi-build/tmp/work/x86_64-linux/bison-native/3.8.2-r0/recipe-sysroot-native/lib                         -Wl,-O1 -Wl,--allow-shlib-undefined -Wl,--dynamic-linker=/home/ubuntu/yocto/rpi-build/tmp/sysroots-uninative/x86_64-linux/lib/ld-linux-x86-64.so.2 conftest.c  >&5
configure:6024: $? = 0
configure:6074: result: yes
configure:6077: checking for C compiler default output file name
configure:6079: result: a.out
configure:6085: checking for suffix of executables
configure:6092: gcc  -o conftest -isystem/home/ubuntu/yocto/rpi-build/tmp/work/x86_64-linux/bison-native/3.8.2-r0/recipe-sysroot-native/usr/include -O2 -pipe -isystem/home/ubuntu/yocto/rpi-build/tmp/work/x86_64-linux/bison-native/3.8.2-r0/recipe-sysroot-native/usr/include -L/home/ubuntu/yocto/rpi-build/tmp/work/x86_64-linux/bison-native/3.8.2-r0/recipe-sysroot-native/usr/lib                         -L/home/ubuntu/yocto/rpi-build/tmp/work/x86_64-linux/bison-native/3.8.2-r0/recipe-sysroot-native/lib                         -Wl,--enable-new-dtags                         -Wl,-rpath-link,/home/ubuntu/yocto/rpi-build/tmp/work/x86_64-linux/bison-native/3.8.2-r0/recipe-sysroot-native/usr/lib                         -Wl,-rpath-link,/home/ubuntu/yocto/rpi-build/tmp/work/x86_64-linux/bison-native/3.8.2-r0/recipe-sysroot-native/lib                         -Wl,-rpath,/home/ubuntu/yocto/rpi-build/tmp/work/x86_64-linux/bison-native/3.8.2-r0/recipe-sysroot-native/usr/lib                         -Wl,-rpath,/home/ubuntu/yocto/rpi-build/tmp/work/x86_64-linux/bison-native/3.8.2-r0/recipe-sysroot-native/lib                         -Wl,-O1 -Wl,--allow-shlib-undefined -Wl,--dynamic-linker=/home/ubuntu/yocto/rpi-build/tmp/sysroots-uninative/x86_64-linux/lib/ld-linux-x86-64.so.2 conftest.c  >&5
configure:6096: $? = 0
configure:6119: result: 
configure:6141: checking whether we are cross compiling
configure:6149: gcc  -o conftest -isystem/home/ubuntu/yocto/rpi-build/tmp/work/x86_64-linux/bison-native/3.8.2-r0/recipe-sysroot-native/usr/include -O2 -pipe -isystem/home/ubuntu/yocto/rpi-build/tmp/work/x86_64-linux/bison-native/3.8.2-r0/recipe-sysroot-native/usr/include -L/home/ubuntu/yocto/rpi-build/tmp/work/x86_64-linux/bison-native/3.8.2-r0/recipe-sysroot-native/usr/lib                         -L/home/ubuntu/yocto/rpi-build/tmp/work/x86_64-linux/bison-native/3.8.2-r0/recipe-sysroot-native/lib                         -Wl,--enable-new-dtags                         -Wl,-rpath-link,/home/ubuntu/yocto/rpi-build/tmp/work/x86_64-linux/bison-native/3.8.2-r0/recipe-sysroot-native/usr/lib                         -Wl,-rpath-link,/home/ubuntu/yocto/rpi-build/tmp/work/x86_64-linux/bison-native/3.8.2-r0/recipe-sysroot-native/lib                         -Wl,-rpath,/home/ubuntu/yocto/rpi-build/tmp/work/x86_64-linux/bison-native/3.8.2-r0/recipe-sysroot-native/usr/lib                         -Wl,-rpath,/home/ubuntu/yocto/rpi-build/tmp/work/x86_64-linux/bison-native/3.8.2-r0/recipe-sysroot-native/lib                         -Wl,-O1 -Wl,--allow-shlib-undefined -Wl,--dynamic-linker=/home/ubuntu/yocto/rpi-build/tmp/sysroots-uninative/x86_64-linux/lib/ld-linux-x86-64.so.2 conftest.c  >&5
configure:6153: $? = 0
configure:6160: ./conftest
configure:6164: $? = 0
configure:6179: result: no
configure:6184: checking for suffix of object files
configure:6207: gcc  -c -isystem/home/ubuntu/yocto/rpi-build/tmp/work/x86_64-linux/bison-native/3.8.2-r0/recipe-sysroot-native/usr/include -O2 -pipe -isystem/home/ubuntu/yocto/rpi-build/tmp/work/x86_64-linux/bison-native/3.8.2-r0/recipe-sysroot-native/usr/include conftest.c >&5
configure:6211: $? = 0
configure:6233: result: o
configure:6237: checking whether the compiler supports GNU C
configure:6257: gcc  -c -isystem/home/ubuntu/yocto/rpi-build/tmp/work/x86_64-linux/bison-native/3.8.2-r0/recipe-sysroot-native/usr/include -O2 -pipe -isystem/home/ubuntu/yocto/rpi-build/tmp/work/x86_64-linux/bison-native/3.8.2-r0/recipe-sysroot-native/usr/include conftest.c >&5
configure:6257: $? = 0
configure:6267: result: yes
configure:6278: checking whether gcc  accepts -g
configure:6299: gcc  -c -g -isystem/home/ubuntu/yocto/rpi-build/tmp/work/x86_64-linux/bison-native/3.8.2-r0/recipe-sysroot-native/usr/include conftest.c >&5
configure:6299: $? = 0
configure:6343: result: yes
configure:6363: checking for gcc  option to enable C11 features
configure:6378: gcc   -c -isystem/home/ubuntu/yocto/rpi-build/tmp/work/x86_64-linux/bison-native/3.8.2-r0/recipe-sysroot-native/usr/include -O2 -pipe -isystem/home/ubuntu/yocto/rpi-build/tmp/work/x86_64-linux/bison-native/3.8.2-r0/recipe-sysroot-native/usr/include conftest.c >&5
configure:6378: $? = 0
configure:6396: result: none needed
configure:6512: checking whether gcc  understands -c and -o together
configure:6535: gcc  -c conftest.c -o conftest2.o
configure:6538: $? = 0
configure:6535: gcc  -c conftest.c -o conftest2.o
configure:6538: $? = 0
configure:6550: result: yes
configure:6568: checking whether the compiler is clang
configure:6590: gcc  -c -isystem/home/ubuntu/yocto/rpi-build/tmp/work/x86_64-linux/bison-native/3.8.2-r0/recipe-sysroot-native/usr/include -O2 -pipe -isystem/home/ubuntu/yocto/rpi-build/tmp/work/x86_64-linux/bison-native/3.8.2-r0/recipe-sysroot-native/usr/include conftest.c >&5
configure:6590: $? = 0
configure:6599: result: no
configure:6603: checking for compiler option needed when checking for declarations
configure:6636: result: none
configure:6648: checking whether make supports the include directive
configure:6663: make -f confmf.GNU && cat confinc.out
this is the am__doit target
configure:6666: $? = 0
configure:6685: result: yes (GNU style)
configure:6711: checking dependency style of gcc 
configure:6823: result: none
configure:6966: checking for C++ compiler version
configure:6975: g++  --version >&5
g++ (Ubuntu 11.4.0-1ubuntu1~22.04.2) 11.4.0
Copyright (C) 2021 Free Software Foundation, Inc.
This is free software; see the source for copying conditions.  There is NO
warranty; not even for MERCHANTABILITY or FITNESS FOR A PARTICULAR PURPOSE.

configure:6986: $? = 0
configure:6975: g++  -v >&5
Using built-in specs.
COLLECT_GCC=g++
COLLECT_LTO_WRAPPER=/usr/lib/gcc/x86_64-linux-gnu/11/lto-wrapper
OFFLOAD_TARGET_NAMES=nvptx-none:amdgcn-amdhsa
OFFLOAD_TARGET_DEFAULT=1
Target: x86_64-linux-gnu
Configured with: ../src/configure -v --with-pkgversion='Ubuntu 11.4.0-1ubuntu1~22.04.2' --with-bugurl=file:///usr/share/doc/gcc-11/README.Bugs --enable-languages=c,ada,c++,go,brig,d,fortran,objc,obj-c++,m2 --prefix=/usr --with-gcc-major-version-only --program-suffix=-11 --program-prefix=x86_64-linux-gnu- --enable-shared --enable-linker-build-id --libexecdir=/usr/lib --without-included-gettext --enable-threads=posix --libdir=/usr/lib --enable-nls --enable-bootstrap --enable-clocale=gnu --enable-libstdcxx-debug --enable-libstdcxx-time=yes --with-default-libstdcxx-abi=new --enable-gnu-unique-object --disable-vtable-verify --enable-plugin --enable-default-pie --with-system-zlib --enable-libphobos-checking=release --with-target-system-zlib=auto --enable-objc-gc=auto --enable-multiarch --disable-werror --enable-cet --with-arch-32=i686 --with-abi=m64 --with-multilib-list=m32,m64,mx32 --enable-multilib --with-tune=generic --enable-offload-targets=nvptx-none=/build/gcc-11-2Y5pKs/gcc-11-11.4.0/debian/tmp-nvptx/usr,amdgcn-amdhsa=/build/gcc-11-2Y5pKs/gcc-11-11.4.0/debian/tmp-gcn/usr --without-cuda-driver --enable-checking=release --build=x86_64-linux-gnu --host=x86_64-linux-gnu --target=x86_64-linux-gnu --with-build-config=bootstrap-lto-lean --enable-link-serialization=2
Thread model: posix
Supported LTO compression algorithms: zlib zstd
gcc version 11.4.0 (Ubuntu 11.4.0-1ubuntu1~22.04.2) 
... rest of stderr output deleted ...
configure:6986: $? = 0
configure:6975: g++  -V >&5
g++: error: unrecognized command-line option '-V'
g++: fatal error: no input files
compilation terminated.
configure:6986: $? = 1
configure:6975: g++  -qversion >&5
g++: error: unrecognized command-line option '-qversion'; did you mean '--version'?
g++: fatal error: no input files
compilation terminated.
configure:6986: $? = 1
configure:6990: checking whether the compiler supports GNU C++
configure:7010: g++  -c -isystem/home/ubuntu/yocto/rpi-build/tmp/work/x86_64-linux/bison-native/3.8.2-r0/recipe-sysroot-native/usr/include -O2 -pipe -isystem/home/ubuntu/yocto/rpi-build/tmp/work/x86_64-linux/bison-native/3.8.2-r0/recipe-sysroot-native/usr/include conftest.cpp >&5
configure:7010: $? = 0
configure:7020: result: yes
configure:7031: checking whether g++  accepts -g
configure:7052: g++  -c -g -isystem/home/ubuntu/yocto/rpi-build/tmp/work/x86_64-linux/bison-native/3.8.2-r0/recipe-sysroot-native/usr/include conftest.cpp >&5
configure:7052: $? = 0
configure:7096: result: yes
configure:7116: checking for g++  option to enable C++11 features
configure:7131: g++   -c -isystem/home/ubuntu/yocto/rpi-build/tmp/work/x86_64-linux/bison-native/3.8.2-r0/recipe-sysroot-native/usr/include -O2 -pipe -isystem/home/ubuntu/yocto/rpi-build/tmp/work/x86_64-linux/bison-native/3.8.2-r0/recipe-sysroot-native/usr/include conftest.cpp >&5
conftest.cpp: In function 'int main(int, char**)':
conftest.cpp:178:25: warning: empty parentheses were disambiguated as a function declaration [-Wvexing-parse]
  178 |   cxx11test::delegate d2();
      |                         ^~
conftest.cpp:178:25: note: remove parentheses to default-initialize a variable
  178 |   cxx11test::delegate d2();
      |                         ^~
      |                         --
conftest.cpp:178:25: note: or replace parentheses with braces to value-initialize a variable
configure:7131: $? = 0
configure:7149: result: none needed
configure:7215: checking dependency style of g++ 
configure:7327: result: none
configure:7349: checking for stdio.h
configure:7349: gcc  -c -isystem/home/ubuntu/yocto/rpi-build/tmp/work/x86_64-linux/bison-native/3.8.2-r0/recipe-sysroot-native/usr/include -O2 -pipe -isystem/home/ubuntu/yocto/rpi-build/tmp/work/x86_64-linux/bison-native/3.8.2-r0/recipe-sysroot-native/usr/include conftest.c >&5
configure:7349: $? = 0
configure:7349: result: yes
configure:7349: checking for stdlib.h
configure:7349: gcc  -c -isystem/home/ubuntu/yocto/rpi-build/tmp/work/x86_64-linux/bison-native/3.8.2-r0/recipe-sysroot-native/usr/include -O2 -pipe -isystem/home/ubuntu/yocto/rpi-build/tmp/work/x86_64-linux/bison-native/3.8.2-r0/recipe-sysroot-native/usr/include conftest.c >&5
configure:7349: $? = 0
configure:7349: result: yes
configure:7349: checking for string.h
configure:7349: gcc  -c -isystem/home/ubuntu/yocto/rpi-build/tmp/work/x86_64-linux/bison-native/3.8.2-r0/recipe-sysroot-native/usr/include -O2 -pipe -isystem/home/ubuntu/yocto/rpi-build/tmp/work/x86_64-linux/bison-native/3.8.2-r0/recipe-sysroot-native/usr/include conftest.c >&5
configure:7349: $? = 0
configure:7349: result: yes
configure:7349: checking for inttypes.h
configure:7349: gcc  -c -isystem/home/ubuntu/yocto/rpi-build/tmp/work/x86_64-linux/bison-native/3.8.2-r0/recipe-sysroot-native/usr/include -O2 -pipe -isystem/home/ubuntu/yocto/rpi-build/tmp/work/x86_64-linux/bison-native/3.8.2-r0/recipe-sysroot-native/usr/include conftest.c >&5
configure:7349: $? = 0
configure:7349: result: yes
configure:7349: checking for stdint.h
configure:7349: gcc  -c -isystem/home/ubuntu/yocto/rpi-build/tmp/work/x86_64-linux/bison-native/3.8.2-r0/recipe-sysroot-native/usr/include -O2 -pipe -isystem/home/ubuntu/yocto/rpi-build/tmp/work/x86_64-linux/bison-native/3.8.2-r0/recipe-sysroot-native/usr/include conftest.c >&5
configure:7349: $? = 0
configure:7349: result: yes
configure:7349: checking for strings.h
configure:7349: gcc  -c -isystem/home/ubuntu/yocto/rpi-build/tmp/work/x86_64-linux/bison-native/3.8.2-r0/recipe-sysroot-native/usr/include -O2 -pipe -isystem/home/ubuntu/yocto/rpi-build/tmp/work/x86_64-linux/bison-native/3.8.2-r0/recipe-sysroot-native/usr/include conftest.c >&5
configure:7349: $? = 0
configure:7349: result: yes
configure:7349: checking for sys/stat.h
configure:7349: gcc  -c -isystem/home/ubuntu/yocto/rpi-build/tmp/work/x86_64-linux/bison-native/3.8.2-r0/recipe-sysroot-native/usr/include -O2 -pipe -isystem/home/ubuntu/yocto/rpi-build/tmp/work/x86_64-linux/bison-native/3.8.2-r0/recipe-sysroot-native/usr/include conftest.c >&5
configure:7349: $? = 0
configure:7349: result: yes
configure:7349: checking for sys/types.h
configure:7349: gcc  -c -isystem/home/ubuntu/yocto/rpi-build/tmp/work/x86_64-linux/bison-native/3.8.2-r0/recipe-sysroot-native/usr/include -O2 -pipe -isystem/home/ubuntu/yocto/rpi-build/tmp/work/x86_64-linux/bison-native/3.8.2-r0/recipe-sysroot-native/usr/include conftest.c >&5
configure:7349: $? = 0
configure:7349: result: yes
configure:7349: checking for unistd.h
configure:7349: gcc  -c -isystem/home/ubuntu/yocto/rpi-build/tmp/work/x86_64-linux/bison-native/3.8.2-r0/recipe-sysroot-native/usr/include -O2 -pipe -isystem/home/ubuntu/yocto/rpi-build/tmp/work/x86_64-linux/bison-native/3.8.2-r0/recipe-sysroot-native/usr/include conftest.c >&5
configure:7349: $? = 0
configure:7349: result: yes
configure:7349: checking for wchar.h
configure:7349: gcc  -c -isystem/home/ubuntu/yocto/rpi-build/tmp/work/x86_64-linux/bison-native/3.8.2-r0/recipe-sysroot-native/usr/include -O2 -pipe -isystem/home/ubuntu/yocto/rpi-build/tmp/work/x86_64-linux/bison-native/3.8.2-r0/recipe-sysroot-native/usr/include conftest.c >&5
configure:7349: $? = 0
configure:7349: result: yes
configure:7349: checking for minix/config.h
configure:7349: gcc  -c -isystem/home/ubuntu/yocto/rpi-build/tmp/work/x86_64-linux/bison-native/3.8.2-r0/recipe-sysroot-native/usr/include -O2 -pipe -isystem/home/ubuntu/yocto/rpi-build/tmp/work/x86_64-linux/bison-native/3.8.2-r0/recipe-sysroot-native/usr/include conftest.c >&5
conftest.c:50:10: fatal error: minix/config.h: No such file or directory
   50 | #include <minix/config.h>
      |          ^~~~~~~~~~~~~~~~
compilation terminated.
configure:7349: $? = 1
configure: failed program was:
| /* confdefs.h */
| #define PACKAGE_NAME "GNU Bison"
| #define PACKAGE_TARNAME "bison"
| #define PACKAGE_VERSION "3.8.2"
| #define PACKAGE_STRING "GNU Bison 3.8.2"
| #define PACKAGE_BUGREPORT "bug-bison@gnu.org"
| #define PACKAGE_URL "https://www.gnu.org/software/bison/"
| #define PACKAGE_COPYRIGHT_YEAR 2021
| #define PACKAGE "bison"
| #define VERSION "3.8.2"
| #define HAVE_STDIO_H 1
| #define HAVE_STDLIB_H 1
| #define HAVE_STRING_H 1
| #define HAVE_INTTYPES_H 1
| #define HAVE_STDINT_H 1
| #define HAVE_STRINGS_H 1
| #define HAVE_SYS_STAT_H 1
| #define HAVE_SYS_TYPES_H 1
| #define HAVE_UNISTD_H 1
| #define HAVE_WCHAR_H 1
| /* end confdefs.h.  */
| #include <stddef.h>
| #ifdef HAVE_STDIO_H
| # include <stdio.h>
| #endif
| #ifdef HAVE_STDLIB_H
| # include <stdlib.h>
| #endif
| #ifdef HAVE_STRING_H
| # include <string.h>
| #endif
| #ifdef HAVE_INTTYPES_H
| # include <inttypes.h>
| #endif
| #ifdef HAVE_STDINT_H
| # include <stdint.h>
| #endif
| #ifdef HAVE_STRINGS_H
| # include <strings.h>
| #endif
| #ifdef HAVE_SYS_TYPES_H
| # include <sys/types.h>
| #endif
| #ifdef HAVE_SYS_STAT_H
| # include <sys/stat.h>
| #endif
| #ifdef HAVE_UNISTD_H
| # include <unistd.h>
| #endif
| #include <minix/config.h>
configure:7349: result: no
configure:7349: checking for locale.h
configure:7349: gcc  -c -isystem/home/ubuntu/yocto/rpi-build/tmp/work/x86_64-linux/bison-native/3.8.2-r0/recipe-sysroot-native/usr/include -O2 -pipe -isystem/home/ubuntu/yocto/rpi-build/tmp/work/x86_64-linux/bison-native/3.8.2-r0/recipe-sysroot-native/usr/include conftest.c >&5
configure:7349: $? = 0
configure:7349: result: yes
configure:7349: checking for sys/param.h
configure:7349: gcc  -c -isystem/home/ubuntu/yocto/rpi-build/tmp/work/x86_64-linux/bison-native/3.8.2-r0/recipe-sysroot-native/usr/include -O2 -pipe -isystem/home/ubuntu/yocto/rpi-build/tmp/work/x86_64-linux/bison-native/3.8.2-r0/recipe-sysroot-native/usr/include conftest.c >&5
configure:7349: $? = 0
configure:7349: result: yes
configure:7349: checking for sys/socket.h
configure:7349: gcc  -c -isystem/home/ubuntu/yocto/rpi-build/tmp/work/x86_64-linux/bison-native/3.8.2-r0/recipe-sysroot-native/usr/include -O2 -pipe -isystem/home/ubuntu/yocto/rpi-build/tmp/work/x86_64-linux/bison-native/3.8.2-r0/recipe-sysroot-native/usr/include conftest.c >&5
configure:7349: $? = 0
configure:7349: result: yes
configure:7349: checking for stdio_ext.h
configure:7349: gcc  -c -isystem/home/ubuntu/yocto/rpi-build/tmp/work/x86_64-linux/bison-native/3.8.2-r0/recipe-sysroot-native/usr/include -O2 -pipe -isystem/home/ubuntu/yocto/rpi-build/tmp/work/x86_64-linux/bison-native/3.8.2-r0/recipe-sysroot-native/usr/include conftest.c >&5
configure:7349: $? = 0
configure:7349: result: yes
configure:7349: checking for features.h
configure:7349: gcc  -c -isystem/home/ubuntu/yocto/rpi-build/tmp/work/x86_64-linux/bison-native/3.8.2-r0/recipe-sysroot-native/usr/include -O2 -pipe -isystem/home/ubuntu/yocto/rpi-build/tmp/work/x86_64-linux/bison-native/3.8.2-r0/recipe-sysroot-native/usr/include conftest.c >&5
configure:7349: $? = 0
configure:7349: result: yes
configure:7349: checking for getopt.h
configure:7349: gcc  -c -isystem/home/ubuntu/yocto/rpi-build/tmp/work/x86_64-linux/bison-native/3.8.2-r0/recipe-sysroot-native/usr/include -O2 -pipe -isystem/home/ubuntu/yocto/rpi-build/tmp/work/x86_64-linux/bison-native/3.8.2-r0/recipe-sysroot-native/usr/include conftest.c >&5
configure:7349: $? = 0
configure:7349: result: yes
configure:7349: checking for sys/cdefs.h
configure:7349: gcc  -c -isystem/home/ubuntu/yocto/rpi-build/tmp/work/x86_64-linux/bison-native/3.8.2-r0/recipe-sysroot-native/usr/include -O2 -pipe -isystem/home/ubuntu/yocto/rpi-build/tmp/work/x86_64-linux/bison-native/3.8.2-r0/recipe-sysroot-native/usr/include conftest.c >&5
configure:7349: $? = 0
configure:7349: result: yes
configure:7349: checking for sys/time.h
configure:7349: gcc  -c -isystem/home/ubuntu/yocto/rpi-build/tmp/work/x86_64-linux/bison-native/3.8.2-r0/recipe-sysroot-native/usr/include -O2 -pipe -isystem/home/ubuntu/yocto/rpi-build/tmp/work/x86_64-linux/bison-native/3.8.2-r0/recipe-sysroot-native/usr/include conftest.c >&5
configure:7349: $? = 0
configure:7349: result: yes
configure:7349: checking for iconv.h
configure:7349: gcc  -c -isystem/home/ubuntu/yocto/rpi-build/tmp/work/x86_64-linux/bison-native/3.8.2-r0/recipe-sysroot-native/usr/include -O2 -pipe -isystem/home/ubuntu/yocto/rpi-build/tmp/work/x86_64-linux/bison-native/3.8.2-r0/recipe-sysroot-native/usr/include conftest.c >&5
configure:7349: $? = 0
configure:7349: result: yes
configure:7349: checking for limits.h
configure:7349: gcc  -c -isystem/home/ubuntu/yocto/rpi-build/tmp/work/x86_64-linux/bison-native/3.8.2-r0/recipe-sysroot-native/usr/include -O2 -pipe -isystem/home/ubuntu/yocto/rpi-build/tmp/work/x86_64-linux/bison-native/3.8.2-r0/recipe-sysroot-native/usr/include conftest.c >&5
configure:7349: $? = 0
configure:7349: result: yes
configure:7349: checking for crtdefs.h
configure:7349: gcc  -c -isystem/home/ubuntu/yocto/rpi-build/tmp/work/x86_64-linux/bison-native/3.8.2-r0/recipe-sysroot-native/usr/include -O2 -pipe -isystem/home/ubuntu/yocto/rpi-build/tmp/work/x86_64-linux/bison-native/3.8.2-r0/recipe-sysroot-native/usr/include conftest.c >&5
conftest.c:60:10: fatal error: crtdefs.h: No such file or directory
   60 | #include <crtdefs.h>
      |          ^~~~~~~~~~~
compilation terminated.
configure:7349: $? = 1
configure: failed program was:
| /* confdefs.h */
| #define PACKAGE_NAME "GNU Bison"
| #define PACKAGE_TARNAME "bison"
| #define PACKAGE_VERSION "3.8.2"
| #define PACKAGE_STRING "GNU Bison 3.8.2"
| #define PACKAGE_BUGREPORT "bug-bison@gnu.org"
| #define PACKAGE_URL "https://www.gnu.org/software/bison/"
| #define PACKAGE_COPYRIGHT_YEAR 2021
| #define PACKAGE "bison"
| #define VERSION "3.8.2"
| #define HAVE_STDIO_H 1
| #define HAVE_STDLIB_H 1
| #define HAVE_STRING_H 1
| #define HAVE_INTTYPES_H 1
| #define HAVE_STDINT_H 1
| #define HAVE_STRINGS_H 1
| #define HAVE_SYS_STAT_H 1
| #define HAVE_SYS_TYPES_H 1
| #define HAVE_UNISTD_H 1
| #define HAVE_WCHAR_H 1
| #define HAVE_LOCALE_H 1
| #define HAVE_SYS_PARAM_H 1
| #define HAVE_SYS_SOCKET_H 1
| #define HAVE_STDIO_EXT_H 1
| #define HAVE_FEATURES_H 1
| #define HAVE_GETOPT_H 1
| #define HAVE_SYS_CDEFS_H 1
| #define HAVE_SYS_TIME_H 1
| #define HAVE_ICONV_H 1
| #define HAVE_LIMITS_H 1
| /* end confdefs.h.  */
| #include <stddef.h>
| #ifdef HAVE_STDIO_H
| # include <stdio.h>
| #endif
| #ifdef HAVE_STDLIB_H
| # include <stdlib.h>
| #endif
| #ifdef HAVE_STRING_H
| # include <string.h>
| #endif
| #ifdef HAVE_INTTYPES_H
| # include <inttypes.h>
| #endif
| #ifdef HAVE_STDINT_H
| # include <stdint.h>
| #endif
| #ifdef HAVE_STRINGS_H
| # include <strings.h>
| #endif
| #ifdef HAVE_SYS_TYPES_H
| # include <sys/types.h>
| #endif
| #ifdef HAVE_SYS_STAT_H
| # include <sys/stat.h>
| #endif
| #ifdef HAVE_UNISTD_H
| # include <unistd.h>
| #endif
| #include <crtdefs.h>
configure:7349: result: no
configure:7349: checking for wctype.h
configure:7349: gcc  -c -isystem/home/ubuntu/yocto/rpi-build/tmp/work/x86_64-linux/bison-native/3.8.2-r0/recipe-sysroot-native/usr/include -O2 -pipe -isystem/home/ubuntu/yocto/rpi-build/tmp/work/x86_64-linux/bison-native/3.8.2-r0/recipe-sysroot-native/usr/include conftest.c >&5
configure:7349: $? = 0
configure:7349: result: yes
configure:7349: checking for threads.h
configure:7349: gcc  -c -isystem/home/ubuntu/yocto/rpi-build/tmp/work/x86_64-linux/bison-native/3.8.2-r0/recipe-sysroot-native/usr/include -O2 -pipe -isystem/home/ubuntu/yocto/rpi-build/tmp/work/x86_64-linux/bison-native/3.8.2-r0/recipe-sysroot-native/usr/include conftest.c >&5
configure:7349: $? = 0
configure:7349: result: yes
configure:7349: checking for math.h
configure:7349: gcc  -c -isystem/home/ubuntu/yocto/rpi-build/tmp/work/x86_64-linux/bison-native/3.8.2-r0/recipe-sysroot-native/usr/include -O2 -pipe -isystem/home/ubuntu/yocto/rpi-build/tmp/work/x86_64-linux/bison-native/3.8.2-r0/recipe-sysroot-native/usr/include conftest.c >&5
configure:7349: $? = 0
configure:7349: result: yes
configure:7349: checking for sys/mman.h
configure:7349: gcc  -c -isystem/home/ubuntu/yocto/rpi-build/tmp/work/x86_64-linux/bison-native/3.8.2-r0/recipe-sysroot-native/usr/include -O2 -pipe -isystem/home/ubuntu/yocto/rpi-build/tmp/work/x86_64-linux/bison-native/3.8.2-r0/recipe-sysroot-native/usr/include conftest.c >&5
configure:7349: $? = 0
configure:7349: result: yes
configure:7349: checking for spawn.h
configure:7349: gcc  -c -isystem/home/ubuntu/yocto/rpi-build/tmp/work/x86_64-linux/bison-native/3.8.2-r0/recipe-sysroot-native/usr/include -O2 -pipe -isystem/home/ubuntu/yocto/rpi-build/tmp/work/x86_64-linux/bison-native/3.8.2-r0/recipe-sysroot-native/usr/include conftest.c >&5
configure:7349: $? = 0
configure:7349: result: yes
configure:7349: checking for sys/ioctl.h
configure:7349: gcc  -c -isystem/home/ubuntu/yocto/rpi-build/tmp/work/x86_64-linux/bison-native/3.8.2-r0/recipe-sysroot-native/usr/include -O2 -pipe -isystem/home/ubuntu/yocto/rpi-build/tmp/work/x86_64-linux/bison-native/3.8.2-r0/recipe-sysroot-native/usr/include conftest.c >&5
configure:7349: $? = 0
configure:7349: result: yes
configure:7349: checking for sys/resource.h
configure:7349: gcc  -c -isystem/home/ubuntu/yocto/rpi-build/tmp/work/x86_64-linux/bison-native/3.8.2-r0/recipe-sysroot-native/usr/include -O2 -pipe -isystem/home/ubuntu/yocto/rpi-build/tmp/work/x86_64-linux/bison-native/3.8.2-r0/recipe-sysroot-native/usr/include conftest.c >&5
configure:7349: $? = 0
configure:7349: result: yes
configure:7349: checking for sys/times.h
configure:7349: gcc  -c -isystem/home/ubuntu/yocto/rpi-build/tmp/work/x86_64-linux/bison-native/3.8.2-r0/recipe-sysroot-native/usr/include -O2 -pipe -isystem/home/ubuntu/yocto/rpi-build/tmp/work/x86_64-linux/bison-native/3.8.2-r0/recipe-sysroot-native/usr/include conftest.c >&5
configure:7349: $? = 0
configure:7349: result: yes
configure:7349: checking for sys/wait.h
configure:7349: gcc  -c -isystem/home/ubuntu/yocto/rpi-build/tmp/work/x86_64-linux/bison-native/3.8.2-r0/recipe-sysroot-native/usr/include -O2 -pipe -isystem/home/ubuntu/yocto/rpi-build/tmp/work/x86_64-linux/bison-native/3.8.2-r0/recipe-sysroot-native/usr/include conftest.c >&5
configure:7349: $? = 0
configure:7349: result: yes
configure:7349: checking for termios.h
configure:7349: gcc  -c -isystem/home/ubuntu/yocto/rpi-build/tmp/work/x86_64-linux/bison-native/3.8.2-r0/recipe-sysroot-native/usr/include -O2 -pipe -isystem/home/ubuntu/yocto/rpi-build/tmp/work/x86_64-linux/bison-native/3.8.2-r0/recipe-sysroot-native/usr/include conftest.c >&5
configure:7349: $? = 0
configure:7349: result: yes
configure:7349: checking for dirent.h
configure:7349: gcc  -c -isystem/home/ubuntu/yocto/rpi-build/tmp/work/x86_64-linux/bison-native/3.8.2-r0/recipe-sysroot-native/usr/include -O2 -pipe -isystem/home/ubuntu/yocto/rpi-build/tmp/work/x86_64-linux/bison-native/3.8.2-r0/recipe-sysroot-native/usr/include conftest.c >&5
configure:7349: $? = 0
configure:7349: result: yes
configure:7349: checking for xlocale.h
configure:7349: gcc  -c -isystem/home/ubuntu/yocto/rpi-build/tmp/work/x86_64-linux/bison-native/3.8.2-r0/recipe-sysroot-native/usr/include -O2 -pipe -isystem/home/ubuntu/yocto/rpi-build/tmp/work/x86_64-linux/bison-native/3.8.2-r0/recipe-sysroot-native/usr/include conftest.c >&5
conftest.c:71:10: fatal error: xlocale.h: No such file or directory
   71 | #include <xlocale.h>
      |          ^~~~~~~~~~~
compilation terminated.
configure:7349: $? = 1
configure: failed program was:
| /* confdefs.h */
| #define PACKAGE_NAME "GNU Bison"
| #define PACKAGE_TARNAME "bison"
| #define PACKAGE_VERSION "3.8.2"
| #define PACKAGE_STRING "GNU Bison 3.8.2"
| #define PACKAGE_BUGREPORT "bug-bison@gnu.org"
| #define PACKAGE_URL "https://www.gnu.org/software/bison/"
| #define PACKAGE_COPYRIGHT_YEAR 2021
| #define PACKAGE "bison"
| #define VERSION "3.8.2"
| #define HAVE_STDIO_H 1
| #define HAVE_STDLIB_H 1
| #define HAVE_STRING_H 1
| #define HAVE_INTTYPES_H 1
| #define HAVE_STDINT_H 1
| #define HAVE_STRINGS_H 1
| #define HAVE_SYS_STAT_H 1
| #define HAVE_SYS_TYPES_H 1
| #define HAVE_UNISTD_H 1
| #define HAVE_WCHAR_H 1
| #define HAVE_LOCALE_H 1
| #define HAVE_SYS_PARAM_H 1
| #define HAVE_SYS_SOCKET_H 1
| #define HAVE_STDIO_EXT_H 1
| #define HAVE_FEATURES_H 1
| #define HAVE_GETOPT_H 1
| #define HAVE_SYS_CDEFS_H 1
| #define HAVE_SYS_TIME_H 1
| #define HAVE_ICONV_H 1
| #define HAVE_LIMITS_H 1
| #define HAVE_WCTYPE_H 1
| #define HAVE_THREADS_H 1
| #define HAVE_MATH_H 1
| #define HAVE_SYS_MMAN_H 1
| #define HAVE_SPAWN_H 1
| #define HAVE_SYS_IOCTL_H 1
| #define HAVE_SYS_RESOURCE_H 1
| #define HAVE_SYS_TIMES_H 1
| #define HAVE_SYS_WAIT_H 1
| #define HAVE_TERMIOS_H 1
| #define HAVE_DIRENT_H 1
| /* end confdefs.h.  */
| #include <stddef.h>
| #ifdef HAVE_STDIO_H
| # include <stdio.h>
| #endif
| #ifdef HAVE_STDLIB_H
| # include <stdlib.h>
| #endif
| #ifdef HAVE_STRING_H
| # include <string.h>
| #endif
| #ifdef HAVE_INTTYPES_H
| # include <inttypes.h>
| #endif
| #ifdef HAVE_STDINT_H
| # include <stdint.h>
| #endif
| #ifdef HAVE_STRINGS_H
| # include <strings.h>
| #endif
| #ifdef HAVE_SYS_TYPES_H
| # include <sys/types.h>
| #endif
| #ifdef HAVE_SYS_STAT_H
| # include <sys/stat.h>
| #endif
| #ifdef HAVE_UNISTD_H
| # include <unistd.h>
| #endif
| #include <xlocale.h>
configure:7349: result: no
configure:7380: checking whether it is safe to define __EXTENSIONS__
configure:7399: gcc  -c -isystem/home/ubuntu/yocto/rpi-build/tmp/work/x86_64-linux/bison-native/3.8.2-r0/recipe-sysroot-native/usr/include -O2 -pipe -isystem/home/ubuntu/yocto/rpi-build/tmp/work/x86_64-linux/bison-native/3.8.2-r0/recipe-sysroot-native/usr/include conftest.c >&5
configure:7399: $? = 0
configure:7407: result: yes
configure:7410: checking whether _XOPEN_SOURCE should be defined
configure:7432: gcc  -c -isystem/home/ubuntu/yocto/rpi-build/tmp/work/x86_64-linux/bison-native/3.8.2-r0/recipe-sysroot-native/usr/include -O2 -pipe -isystem/home/ubuntu/yocto/rpi-build/tmp/work/x86_64-linux/bison-native/3.8.2-r0/recipe-sysroot-native/usr/include conftest.c >&5
configure:7432: $? = 0
configure:7459: result: no
configure:7521: checking build system type
configure:7536: result: x86_64-pc-linux-gnu
configure:7556: checking host system type
configure:7570: result: x86_64-pc-linux-gnu
configure:7607: checking how to run the C preprocessor
configure:7675: result: gcc  -E
configure:7689: gcc  -E -isystem/home/ubuntu/yocto/rpi-build/tmp/work/x86_64-linux/bison-native/3.8.2-r0/recipe-sysroot-native/usr/include conftest.c
configure:7689: $? = 0
configure:7704: gcc  -E -isystem/home/ubuntu/yocto/rpi-build/tmp/work/x86_64-linux/bison-native/3.8.2-r0/recipe-sysroot-native/usr/include conftest.c
conftest.c:60:10: fatal error: ac_nonexistent.h: No such file or directory
   60 | #include <ac_nonexistent.h>
      |          ^~~~~~~~~~~~~~~~~~
compilation terminated.
configure:7704: $? = 1
configure: failed program was:
| /* confdefs.h */
| #define PACKAGE_NAME "GNU Bison"
| #define PACKAGE_TARNAME "bison"
| #define PACKAGE_VERSION "3.8.2"
| #define PACKAGE_STRING "GNU Bison 3.8.2"
| #define PACKAGE_BUGREPORT "bug-bison@gnu.org"
| #define PACKAGE_URL "https://www.gnu.org/software/bison/"
| #define PACKAGE_COPYRIGHT_YEAR 2021
| #define PACKAGE "bison"
| #define VERSION "3.8.2"
| #define HAVE_STDIO_H 1
| #define HAVE_STDLIB_H 1
| #define HAVE_STRING_H 1
| #define HAVE_INTTYPES_H 1
| #define HAVE_STDINT_H 1
| #define HAVE_STRINGS_H 1
| #define HAVE_SYS_STAT_H 1
| #define HAVE_SYS_TYPES_H 1
| #define HAVE_UNISTD_H 1
| #define HAVE_WCHAR_H 1
| #define HAVE_LOCALE_H 1
| #define HAVE_SYS_PARAM_H 1
| #define HAVE_SYS_SOCKET_H 1
| #define HAVE_STDIO_EXT_H 1
| #define HAVE_FEATURES_H 1
| #define HAVE_GETOPT_H 1
| #define HAVE_SYS_CDEFS_H 1
| #define HAVE_SYS_TIME_H 1
| #define HAVE_ICONV_H 1
| #define HAVE_LIMITS_H 1
| #define HAVE_WCTYPE_H 1
| #define HAVE_THREADS_H 1
| #define HAVE_MATH_H 1
| #define HAVE_SYS_MMAN_H 1
| #define HAVE_SPAWN_H 1
| #define HAVE_SYS_IOCTL_H 1
| #define HAVE_SYS_RESOURCE_H 1
| #define HAVE_SYS_TIMES_H 1
| #define HAVE_SYS_WAIT_H 1
| #define HAVE_TERMIOS_H 1
| #define HAVE_DIRENT_H 1
| #define STDC_HEADERS 1
| #define _ALL_SOURCE 1
| #define _DARWIN_C_SOURCE 1
| #define _GNU_SOURCE 1
| #define _HPUX_ALT_XOPEN_SOCKET_API 1
| #define _NETBSD_SOURCE 1
| #define _OPENBSD_SOURCE 1
| #define _POSIX_PTHREAD_SEMANTICS 1
| #define __STDC_WANT_IEC_60559_ATTRIBS_EXT__ 1
| #define __STDC_WANT_IEC_60559_BFP_EXT__ 1
| #define __STDC_WANT_IEC_60559_DFP_EXT__ 1
| #define __STDC_WANT_IEC_60559_FUNCS_EXT__ 1
| #define __STDC_WANT_IEC_60559_TYPES_EXT__ 1
| #define __STDC_WANT_LIB_EXT2__ 1
| #define __STDC_WANT_MATH_SPEC_FUNCS__ 1
| #define _TANDEM_SOURCE 1
| #define __EXTENSIONS__ 1
| /* end confdefs.h.  */
| #include <ac_nonexistent.h>
configure:7735: checking for grep that handles long lines and -e
configure:7799: result: /home/ubuntu/yocto/rpi-build/tmp/hosttools/grep
configure:7804: checking for egrep
configure:7872: result: /home/ubuntu/yocto/rpi-build/tmp/hosttools/grep -E
configure:7880: checking for Minix Amsterdam compiler
configure:7906: result: no
configure:7923: checking for x86_64-linux-ar
configure:7955: result: ar
configure:8176: checking for special C compiler options needed for large files
configure:8224: result: no
configure:8230: checking for _FILE_OFFSET_BITS value needed for large files
configure:8256: gcc  -c -isystem/home/ubuntu/yocto/rpi-build/tmp/work/x86_64-linux/bison-native/3.8.2-r0/recipe-sysroot-native/usr/include -O2 -pipe -isystem/home/ubuntu/yocto/rpi-build/tmp/work/x86_64-linux/bison-native/3.8.2-r0/recipe-sysroot-native/usr/include conftest.c >&5
configure:8256: $? = 0
configure:8291: result: no
configure:8965: checking for ld
configure:9096: result: ld 
configure:9103: checking if the linker (ld ) is GNU ld
configure:9119: result: yes
configure:9127: checking for shared library run path origin
configure:9141: result: done
configure:9163: checking 32-bit host C ABI
configure:9230: gcc  -c -isystem/home/ubuntu/yocto/rpi-build/tmp/work/x86_64-linux/bison-native/3.8.2-r0/recipe-sysroot-native/usr/include -O2 -pipe -isystem/home/ubuntu/yocto/rpi-build/tmp/work/x86_64-linux/bison-native/3.8.2-r0/recipe-sysroot-native/usr/include conftest.c >&5
configure:9230: $? = 0
configure:9426: result: no
configure:9435: checking for ELF binary format
configure:9459: result: yes
configure:9508: checking for the common suffixes of directories in the library search path
configure:9577: result: lib,lib,lib64
configure:10109: checking for libtextstyle
configure:10143: result: no
configure:10169: checking for inline
configure:10186: gcc  -c -isystem/home/ubuntu/yocto/rpi-build/tmp/work/x86_64-linux/bison-native/3.8.2-r0/recipe-sysroot-native/usr/include -O2 -pipe -isystem/home/ubuntu/yocto/rpi-build/tmp/work/x86_64-linux/bison-native/3.8.2-r0/recipe-sysroot-native/usr/include conftest.c >&5
configure:10186: $? = 0
configure:10195: result: inline
configure:10217: checking for tcdrain
configure:10217: gcc  -o conftest -isystem/home/ubuntu/yocto/rpi-build/tmp/work/x86_64-linux/bison-native/3.8.2-r0/recipe-sysroot-native/usr/include -O2 -pipe -isystem/home/ubuntu/yocto/rpi-build/tmp/work/x86_64-linux/bison-native/3.8.2-r0/recipe-sysroot-native/usr/include -L/home/ubuntu/yocto/rpi-build/tmp/work/x86_64-linux/bison-native/3.8.2-r0/recipe-sysroot-native/usr/lib                         -L/home/ubuntu/yocto/rpi-build/tmp/work/x86_64-linux/bison-native/3.8.2-r0/recipe-sysroot-native/lib                         -Wl,--enable-new-dtags                         -Wl,-rpath-link,/home/ubuntu/yocto/rpi-build/tmp/work/x86_64-linux/bison-native/3.8.2-r0/recipe-sysroot-native/usr/lib                         -Wl,-rpath-link,/home/ubuntu/yocto/rpi-build/tmp/work/x86_64-linux/bison-native/3.8.2-r0/recipe-sysroot-native/lib                         -Wl,-rpath,/home/ubuntu/yocto/rpi-build/tmp/work/x86_64-linux/bison-native/3.8.2-r0/recipe-sysroot-native/usr/lib                         -Wl,-rpath,/home/ubuntu/yocto/rpi-build/tmp/work/x86_64-linux/bison-native/3.8.2-r0/recipe-sysroot-native/lib                         -Wl,-O1 -Wl,--allow-shlib-undefined -Wl,--dynamic-linker=/home/ubuntu/yocto/rpi-build/tmp/sysroots-uninative/x86_64-linux/lib/ld-linux-x86-64.so.2 conftest.c  >&5
configure:10217: $? = 0
configure:10217: result: yes
configure:10217: checking for canonicalize_file_name
configure:10217: gcc  -o conftest -isystem/home/ubuntu/yocto/rpi-build/tmp/work/x86_64-linux/bison-native/3.8.2-r0/recipe-sysroot-native/usr/include -O2 -pipe -isystem/home/ubuntu/yocto/rpi-build/tmp/work/x86_64-linux/bison-native/3.8.2-r0/recipe-sysroot-native/usr/include -L/home/ubuntu/yocto/rpi-build/tmp/work/x86_64-linux/bison-native/3.8.2-r0/recipe-sysroot-native/usr/lib                         -L/home/ubuntu/yocto/rpi-build/tmp/work/x86_64-linux/bison-native/3.8.2-r0/recipe-sysroot-native/lib                         -Wl,--enable-new-dtags                         -Wl,-rpath-link,/home/ubuntu/yocto/rpi-build/tmp/work/x86_64-linux/bison-native/3.8.2-r0/recipe-sysroot-native/usr/lib                         -Wl,-rpath-link,/home/ubuntu/yocto/rpi-build/tmp/work/x86_64-linux/bison-native/3.8.2-r0/recipe-sysroot-native/lib                         -Wl,-rpath,/home/ubuntu/yocto/rpi-build/tmp/work/x86_64-linux/bison-native/3.8.2-r0/recipe-sysroot-native/usr/lib                         -Wl,-rpath,/home/ubuntu/yocto/rpi-build/tmp/work/x86_64-linux/bison-native/3.8.2-r0/recipe-sysroot-native/lib                         -Wl,-O1 -Wl,--allow-shlib-undefined -Wl,--dynamic-linker=/home/ubuntu/yocto/rpi-build/tmp/sysroots-uninative/x86_64-linux/lib/ld-linux-x86-64.so.2 conftest.c  >&5
configure:10217: $? = 0
configure:10217: result: yes
configure:10217: checking for faccessat
configure:10217: gcc  -o conftest -isystem/home/ubuntu/yocto/rpi-build/tmp/work/x86_64-linux/bison-native/3.8.2-r0/recipe-sysroot-native/usr/include -O2 -pipe -isystem/home/ubuntu/yocto/rpi-build/tmp/work/x86_64-linux/bison-native/3.8.2-r0/recipe-sysroot-native/usr/include -L/home/ubuntu/yocto/rpi-build/tmp/work/x86_64-linux/bison-native/3.8.2-r0/recipe-sysroot-native/usr/lib                         -L/home/ubuntu/yocto/rpi-build/tmp/work/x86_64-linux/bison-native/3.8.2-r0/recipe-sysroot-native/lib                         -Wl,--enable-new-dtags                         -Wl,-rpath-link,/home/ubuntu/yocto/rpi-build/tmp/work/x86_64-linux/bison-native/3.8.2-r0/recipe-sysroot-native/usr/lib                         -Wl,-rpath-link,/home/ubuntu/yocto/rpi-build/tmp/work/x86_64-linux/bison-native/3.8.2-r0/recipe-sysroot-native/lib                         -Wl,-rpath,/home/ubuntu/yocto/rpi-build/tmp/work/x86_64-linux/bison-native/3.8.2-r0/recipe-sysroot-native/usr/lib                         -Wl,-rpath,/home/ubuntu/yocto/rpi-build/tmp/work/x86_64-linux/bison-native/3.8.2-r0/recipe-sysroot-native/lib                         -Wl,-O1 -Wl,--allow-shlib-undefined -Wl,--dynamic-linker=/home/ubuntu/yocto/rpi-build/tmp/sysroots-uninative/x86_64-linux/lib/ld-linux-x86-64.so.2 conftest.c  >&5
configure:10217: $? = 0
configure:10217: result: yes
configure:10217: checking for realpath
configure:10217: gcc  -o conftest -isystem/home/ubuntu/yocto/rpi-build/tmp/work/x86_64-linux/bison-native/3.8.2-r0/recipe-sysroot-native/usr/include -O2 -pipe -isystem/home/ubuntu/yocto/rpi-build/tmp/work/x86_64-linux/bison-native/3.8.2-r0/recipe-sysroot-native/usr/include -L/home/ubuntu/yocto/rpi-build/tmp/work/x86_64-linux/bison-native/3.8.2-r0/recipe-sysroot-native/usr/lib                         -L/home/ubuntu/yocto/rpi-build/tmp/work/x86_64-linux/bison-native/3.8.2-r0/recipe-sysroot-native/lib                         -Wl,--enable-new-dtags                         -Wl,-rpath-link,/home/ubuntu/yocto/rpi-build/tmp/work/x86_64-linux/bison-native/3.8.2-r0/recipe-sysroot-native/usr/lib                         -Wl,-rpath-link,/home/ubuntu/yocto/rpi-build/tmp/work/x86_64-linux/bison-native/3.8.2-r0/recipe-sysroot-native/lib                         -Wl,-rpath,/home/ubuntu/yocto/rpi-build/tmp/work/x86_64-linux/bison-native/3.8.2-r0/recipe-sysroot-native/usr/lib                         -Wl,-rpath,/home/ubuntu/yocto/rpi-build/tmp/work/x86_64-linux/bison-native/3.8.2-r0/recipe-sysroot-native/lib                         -Wl,-O1 -Wl,--allow-shlib-undefined -Wl,--dynamic-linker=/home/ubuntu/yocto/rpi-build/tmp/sysroots-uninative/x86_64-linux/lib/ld-linux-x86-64.so.2 conftest.c  >&5
configure:10217: $? = 0
configure:10217: result: yes
configure:10217: checking for lstat
configure:10217: gcc  -o conftest -isystem/home/ubuntu/yocto/rpi-build/tmp/work/x86_64-linux/bison-native/3.8.2-r0/recipe-sysroot-native/usr/include -O2 -pipe -isystem/home/ubuntu/yocto/rpi-build/tmp/work/x86_64-linux/bison-native/3.8.2-r0/recipe-sysroot-native/usr/include -L/home/ubuntu/yocto/rpi-build/tmp/work/x86_64-linux/bison-native/3.8.2-r0/recipe-sysroot-native/usr/lib                         -L/home/ubuntu/yocto/rpi-build/tmp/work/x86_64-linux/bison-native/3.8.2-r0/recipe-sysroot-native/lib                         -Wl,--enable-new-dtags                         -Wl,-rpath-link,/home/ubuntu/yocto/rpi-build/tmp/work/x86_64-linux/bison-native/3.8.2-r0/recipe-sysroot-native/usr/lib                         -Wl,-rpath-link,/home/ubuntu/yocto/rpi-build/tmp/work/x86_64-linux/bison-native/3.8.2-r0/recipe-sysroot-native/lib                         -Wl,-rpath,/home/ubuntu/yocto/rpi-build/tmp/work/x86_64-linux/bison-native/3.8.2-r0/recipe-sysroot-native/usr/lib                         -Wl,-rpath,/home/ubuntu/yocto/rpi-build/tmp/work/x86_64-linux/bison-native/3.8.2-r0/recipe-sysroot-native/lib                         -Wl,-O1 -Wl,--allow-shlib-undefined -Wl,--dynamic-linker=/home/ubuntu/yocto/rpi-build/tmp/sysroots-uninative/x86_64-linux/lib/ld-linux-x86-64.so.2 conftest.c  >&5
configure:10217: $? = 0
configure:10217: result: yes
configure:10217: checking for readlinkat
configure:10217: gcc  -o conftest -isystem/home/ubuntu/yocto/rpi-build/tmp/work/x86_64-linux/bison-native/3.8.2-r0/recipe-sysroot-native/usr/include -O2 -pipe -isystem/home/ubuntu/yocto/rpi-build/tmp/work/x86_64-linux/bison-native/3.8.2-r0/recipe-sysroot-native/usr/include -L/home/ubuntu/yocto/rpi-build/tmp/work/x86_64-linux/bison-native/3.8.2-r0/recipe-sysroot-native/usr/lib                         -L/home/ubuntu/yocto/rpi-build/tmp/work/x86_64-linux/bison-native/3.8.2-r0/recipe-sysroot-native/lib                         -Wl,--enable-new-dtags                         -Wl,-rpath-link,/home/ubuntu/yocto/rpi-build/tmp/work/x86_64-linux/bison-native/3.8.2-r0/recipe-sysroot-native/usr/lib                         -Wl,-rpath-link,/home/ubuntu/yocto/rpi-build/tmp/work/x86_64-linux/bison-native/3.8.2-r0/recipe-sysroot-native/lib                         -Wl,-rpath,/home/ubuntu/yocto/rpi-build/tmp/work/x86_64-linux/bison-native/3.8.2-r0/recipe-sysroot-native/usr/lib                         -Wl,-rpath,/home/ubuntu/yocto/rpi-build/tmp/work/x86_64-linux/bison-native/3.8.2-r0/recipe-sysroot-native/lib                         -Wl,-O1 -Wl,--allow-shlib-undefined -Wl,--dynamic-linker=/home/ubuntu/yocto/rpi-build/tmp/sysroots-uninative/x86_64-linux/lib/ld-linux-x86-64.so.2 conftest.c  >&5
configure:10217: $? = 0
configure:10217: result: yes
configure:10217: checking for _set_invalid_parameter_handler
configure:10217: gcc  -o conftest -isystem/home/ubuntu/yocto/rpi-build/tmp/work/x86_64-linux/bison-native/3.8.2-r0/recipe-sysroot-native/usr/include -O2 -pipe -isystem/home/ubuntu/yocto/rpi-build/tmp/work/x86_64-linux/bison-native/3.8.2-r0/recipe-sysroot-native/usr/include -L/home/ubuntu/yocto/rpi-build/tmp/work/x86_64-linux/bison-native/3.8.2-r0/recipe-sysroot-native/usr/lib                         -L/home/ubuntu/yocto/rpi-build/tmp/work/x86_64-linux/bison-native/3.8.2-r0/recipe-sysroot-native/lib                         -Wl,--enable-new-dtags                         -Wl,-rpath-link,/home/ubuntu/yocto/rpi-build/tmp/work/x86_64-linux/bison-native/3.8.2-r0/recipe-sysroot-native/usr/lib                         -Wl,-rpath-link,/home/ubuntu/yocto/rpi-build/tmp/work/x86_64-linux/bison-native/3.8.2-r0/recipe-sysroot-native/lib                         -Wl,-rpath,/home/ubuntu/yocto/rpi-build/tmp/work/x86_64-linux/bison-native/3.8.2-r0/recipe-sysroot-native/usr/lib                         -Wl,-rpath,/home/ubuntu/yocto/rpi-build/tmp/work/x86_64-linux/bison-native/3.8.2-r0/recipe-sysroot-native/lib                         -Wl,-O1 -Wl,--allow-shlib-undefined -Wl,--dynamic-linker=/home/ubuntu/yocto/rpi-build/tmp/sysroots-uninative/x86_64-linux/lib/ld-linux-x86-64.so.2 conftest.c  >&5
/home/ubuntu/yocto/rpi-build/tmp/hosttools/ld: /tmp/ccVM16Wm.o: in function `main':
conftest.c:(.text.startup+0x9): undefined reference to `_set_invalid_parameter_handler'
collect2: error: ld returned 1 exit status
configure:10217: $? = 1
configure: failed program was:
| /* confdefs.h */
| #define PACKAGE_NAME "GNU Bison"
| #define PACKAGE_TARNAME "bison"
| #define PACKAGE_VERSION "3.8.2"
| #define PACKAGE_STRING "GNU Bison 3.8.2"
| #define PACKAGE_BUGREPORT "bug-bison@gnu.org"
| #define PACKAGE_URL "https://www.gnu.org/software/bison/"
| #define PACKAGE_COPYRIGHT_YEAR 2021
| #define PACKAGE "bison"
| #define VERSION "3.8.2"
| #define HAVE_STDIO_H 1
| #define HAVE_STDLIB_H 1
| #define HAVE_STRING_H 1
| #define HAVE_INTTYPES_H 1
| #define HAVE_STDINT_H 1
| #define HAVE_STRINGS_H 1
| #define HAVE_SYS_STAT_H 1
| #define HAVE_SYS_TYPES_H 1
| #define HAVE_UNISTD_H 1
| #define HAVE_WCHAR_H 1
| #define HAVE_LOCALE_H 1
| #define HAVE_SYS_PARAM_H 1
| #define HAVE_SYS_SOCKET_H 1
| #define HAVE_STDIO_EXT_H 1
| #define HAVE_FEATURES_H 1
| #define HAVE_GETOPT_H 1
| #define HAVE_SYS_CDEFS_H 1
| #define HAVE_SYS_TIME_H 1
| #define HAVE_ICONV_H 1
| #define HAVE_LIMITS_H 1
| #define HAVE_WCTYPE_H 1
| #define HAVE_THREADS_H 1
| #define HAVE_MATH_H 1
| #define HAVE_SYS_MMAN_H 1
| #define HAVE_SPAWN_H 1
| #define HAVE_SYS_IOCTL_H 1
| #define HAVE_SYS_RESOURCE_H 1
| #define HAVE_SYS_TIMES_H 1
| #define HAVE_SYS_WAIT_H 1
| #define HAVE_TERMIOS_H 1
| #define HAVE_DIRENT_H 1
| #define STDC_HEADERS 1
| #define _ALL_SOURCE 1
| #define _DARWIN_C_SOURCE 1
| #define _GNU_SOURCE 1
| #define _HPUX_ALT_XOPEN_SOCKET_API 1
| #define _NETBSD_SOURCE 1
| #define _OPENBSD_SOURCE 1
| #define _POSIX_PTHREAD_SEMANTICS 1
| #define __STDC_WANT_IEC_60559_ATTRIBS_EXT__ 1
| #define __STDC_WANT_IEC_60559_BFP_EXT__ 1
| #define __STDC_WANT_IEC_60559_DFP_EXT__ 1
| #define __STDC_WANT_IEC_60559_FUNCS_EXT__ 1
| #define __STDC_WANT_IEC_60559_TYPES_EXT__ 1
| #define __STDC_WANT_LIB_EXT2__ 1
| #define __STDC_WANT_MATH_SPEC_FUNCS__ 1
| #define _TANDEM_SOURCE 1
| #define __EXTENSIONS__ 1
| #define HAVE_TCDRAIN 1
| #define HAVE_CANONICALIZE_FILE_NAME 1
| #define HAVE_FACCESSAT 1
| #define HAVE_REALPATH 1
| #define HAVE_LSTAT 1
| #define HAVE_READLINKAT 1
| /* end confdefs.h.  */
| /* Define _set_invalid_parameter_handler to an innocuous variant, in case <limits.h> declares _set_invalid_parameter_handler.
|    For example, HP-UX 11i <limits.h> declares gettimeofday.  */
| #define _set_invalid_parameter_handler innocuous__set_invalid_parameter_handler
| 
| /* System header to define __stub macros and hopefully few prototypes,
|    which can conflict with char _set_invalid_parameter_handler (void); below.  */
| 
| #include <limits.h>
| #undef _set_invalid_parameter_handler
| 
| /* Override any GCC internal prototype to avoid an error.
|    Use char because int might match the return type of a GCC
|    builtin and then its argument prototype would still apply.  */
| #ifdef __cplusplus
| extern "C"
| #endif
| char _set_invalid_parameter_handler (void);
| /* The GNU C library defines this for functions which it implements
|     to always fail with ENOSYS.  Some functions are actually named
|     something starting with __ and the normal name is an alias.  */
| #if defined __stub__set_invalid_parameter_handler || defined __stub____set_invalid_parameter_handler
| choke me
| #endif
| 
| int
| main (void)
| {
| return _set_invalid_parameter_handler ();
|   ;
|   return 0;
| }
configure:10217: result: no
configure:10217: checking for fchdir
configure:10217: gcc  -o conftest -isystem/home/ubuntu/yocto/rpi-build/tmp/work/x86_64-linux/bison-native/3.8.2-r0/recipe-sysroot-native/usr/include -O2 -pipe -isystem/home/ubuntu/yocto/rpi-build/tmp/work/x86_64-linux/bison-native/3.8.2-r0/recipe-sysroot-native/usr/include -L/home/ubuntu/yocto/rpi-build/tmp/work/x86_64-linux/bison-native/3.8.2-r0/recipe-sysroot-native/usr/lib                         -L/home/ubuntu/yocto/rpi-build/tmp/work/x86_64-linux/bison-native/3.8.2-r0/recipe-sysroot-native/lib                         -Wl,--enable-new-dtags                         -Wl,-rpath-link,/home/ubuntu/yocto/rpi-build/tmp/work/x86_64-linux/bison-native/3.8.2-r0/recipe-sysroot-native/usr/lib                         -Wl,-rpath-link,/home/ubuntu/yocto/rpi-build/tmp/work/x86_64-linux/bison-native/3.8.2-r0/recipe-sysroot-native/lib                         -Wl,-rpath,/home/ubuntu/yocto/rpi-build/tmp/work/x86_64-linux/bison-native/3.8.2-r0/recipe-sysroot-native/usr/lib                         -Wl,-rpath,/home/ubuntu/yocto/rpi-build/tmp/work/x86_64-linux/bison-native/3.8.2-r0/recipe-sysroot-native/lib                         -Wl,-O1 -Wl,--allow-shlib-undefined -Wl,--dynamic-linker=/home/ubuntu/yocto/rpi-build/tmp/sysroots-uninative/x86_64-linux/lib/ld-linux-x86-64.so.2 conftest.c  >&5
configure:10217: $? = 0
configure:10217: result: yes
configure:10217: checking for fcntl
configure:10217: gcc  -o conftest -isystem/home/ubuntu/yocto/rpi-build/tmp/work/x86_64-linux/bison-native/3.8.2-r0/recipe-sysroot-native/usr/include -O2 -pipe -isystem/home/ubuntu/yocto/rpi-build/tmp/work/x86_64-linux/bison-native/3.8.2-r0/recipe-sysroot-native/usr/include -L/home/ubuntu/yocto/rpi-build/tmp/work/x86_64-linux/bison-native/3.8.2-r0/recipe-sysroot-native/usr/lib                         -L/home/ubuntu/yocto/rpi-build/tmp/work/x86_64-linux/bison-native/3.8.2-r0/recipe-sysroot-native/lib                         -Wl,--enable-new-dtags                         -Wl,-rpath-link,/home/ubuntu/yocto/rpi-build/tmp/work/x86_64-linux/bison-native/3.8.2-r0/recipe-sysroot-native/usr/lib                         -Wl,-rpath-link,/home/ubuntu/yocto/rpi-build/tmp/work/x86_64-linux/bison-native/3.8.2-r0/recipe-sysroot-native/lib                         -Wl,-rpath,/home/ubuntu/yocto/rpi-build/tmp/work/x86_64-linux/bison-native/3.8.2-r0/recipe-sysroot-native/usr/lib                         -Wl,-rpath,/home/ubuntu/yocto/rpi-build/tmp/work/x86_64-linux/bison-native/3.8.2-r0/recipe-sysroot-native/lib                         -Wl,-O1 -Wl,--allow-shlib-undefined -Wl,--dynamic-linker=/home/ubuntu/yocto/rpi-build/tmp/sysroots-uninative/x86_64-linux/lib/ld-linux-x86-64.so.2 conftest.c  >&5
configure:10217: $? = 0
configure:10217: result: yes
configure:10217: checking for symlink
configure:10217: gcc  -o conftest -isystem/home/ubuntu/yocto/rpi-build/tmp/work/x86_64-linux/bison-native/3.8.2-r0/recipe-sysroot-native/usr/include -O2 -pipe -isystem/home/ubuntu/yocto/rpi-build/tmp/work/x86_64-linux/bison-native/3.8.2-r0/recipe-sysroot-native/usr/include -L/home/ubuntu/yocto/rpi-build/tmp/work/x86_64-linux/bison-native/3.8.2-r0/recipe-sysroot-native/usr/lib                         -L/home/ubuntu/yocto/rpi-build/tmp/work/x86_64-linux/bison-native/3.8.2-r0/recipe-sysroot-native/lib                         -Wl,--enable-new-dtags                         -Wl,-rpath-link,/home/ubuntu/yocto/rpi-build/tmp/work/x86_64-linux/bison-native/3.8.2-r0/recipe-sysroot-native/usr/lib                         -Wl,-rpath-link,/home/ubuntu/yocto/rpi-build/tmp/work/x86_64-linux/bison-native/3.8.2-r0/recipe-sysroot-native/lib                         -Wl,-rpath,/home/ubuntu/yocto/rpi-build/tmp/work/x86_64-linux/bison-native/3.8.2-r0/recipe-sysroot-native/usr/lib                         -Wl,-rpath,/home/ubuntu/yocto/rpi-build/tmp/work/x86_64-linux/bison-native/3.8.2-r0/recipe-sysroot-native/lib                         -Wl,-O1 -Wl,--allow-shlib-undefined -Wl,--dynamic-linker=/home/ubuntu/yocto/rpi-build/tmp/sysroots-uninative/x86_64-linux/lib/ld-linux-x86-64.so.2 conftest.c  >&5
configure:10217: $? = 0
configure:10217: result: yes
configure:10217: checking for ffsl
configure:10217: gcc  -o conftest -isystem/home/ubuntu/yocto/rpi-build/tmp/work/x86_64-linux/bison-native/3.8.2-r0/recipe-sysroot-native/usr/include -O2 -pipe -isystem/home/ubuntu/yocto/rpi-build/tmp/work/x86_64-linux/bison-native/3.8.2-r0/recipe-sysroot-native/usr/include -L/home/ubuntu/yocto/rpi-build/tmp/work/x86_64-linux/bison-native/3.8.2-r0/recipe-sysroot-native/usr/lib                         -L/home/ubuntu/yocto/rpi-build/tmp/work/x86_64-linux/bison-native/3.8.2-r0/recipe-sysroot-native/lib                         -Wl,--enable-new-dtags                         -Wl,-rpath-link,/home/ubuntu/yocto/rpi-build/tmp/work/x86_64-linux/bison-native/3.8.2-r0/recipe-sysroot-native/usr/lib                         -Wl,-rpath-link,/home/ubuntu/yocto/rpi-build/tmp/work/x86_64-linux/bison-native/3.8.2-r0/recipe-sysroot-native/lib                         -Wl,-rpath,/home/ubuntu/yocto/rpi-build/tmp/work/x86_64-linux/bison-native/3.8.2-r0/recipe-sysroot-native/usr/lib                         -Wl,-rpath,/home/ubuntu/yocto/rpi-build/tmp/work/x86_64-linux/bison-native/3.8.2-r0/recipe-sysroot-native/lib                         -Wl,-O1 -Wl,--allow-shlib-undefined -Wl,--dynamic-linker=/home/ubuntu/yocto/rpi-build/tmp/sysroots-uninative/x86_64-linux/lib/ld-linux-x86-64.so.2 conftest.c  >&5
conftest.c:85:6: warning: conflicting types for built-in function 'ffsl'; expected 'int(long int)' [-Wbuiltin-declaration-mismatch]
   85 | char ffsl (void);
      |      ^~~~
configure:10217: $? = 0
configure:10217: result: yes
configure:10217: checking for vasnprintf
configure:10217: gcc  -o conftest -isystem/home/ubuntu/yocto/rpi-build/tmp/work/x86_64-linux/bison-native/3.8.2-r0/recipe-sysroot-native/usr/include -O2 -pipe -isystem/home/ubuntu/yocto/rpi-build/tmp/work/x86_64-linux/bison-native/3.8.2-r0/recipe-sysroot-native/usr/include -L/home/ubuntu/yocto/rpi-build/tmp/work/x86_64-linux/bison-native/3.8.2-r0/recipe-sysroot-native/usr/lib                         -L/home/ubuntu/yocto/rpi-build/tmp/work/x86_64-linux/bison-native/3.8.2-r0/recipe-sysroot-native/lib                         -Wl,--enable-new-dtags                         -Wl,-rpath-link,/home/ubuntu/yocto/rpi-build/tmp/work/x86_64-linux/bison-native/3.8.2-r0/recipe-sysroot-native/usr/lib                         -Wl,-rpath-link,/home/ubuntu/yocto/rpi-build/tmp/work/x86_64-linux/bison-native/3.8.2-r0/recipe-sysroot-native/lib                         -Wl,-rpath,/home/ubuntu/yocto/rpi-build/tmp/work/x86_64-linux/bison-native/3.8.2-r0/recipe-sysroot-native/usr/lib                         -Wl,-rpath,/home/ubuntu/yocto/rpi-build/tmp/work/x86_64-linux/bison-native/3.8.2-r0/recipe-sysroot-native/lib                         -Wl,-O1 -Wl,--allow-shlib-undefined -Wl,--dynamic-linker=/home/ubuntu/yocto/rpi-build/tmp/sysroots-uninative/x86_64-linux/lib/ld-linux-x86-64.so.2 conftest.c  >&5
/home/ubuntu/yocto/rpi-build/tmp/hosttools/ld: /tmp/cccZBSZk.o: in function `main':
conftest.c:(.text.startup+0x9): undefined reference to `vasnprintf'
collect2: error: ld returned 1 exit status
configure:10217: $? = 1
configure: failed program was:
| /* confdefs.h */
| #define PACKAGE_NAME "GNU Bison"
| #define PACKAGE_TARNAME "bison"
| #define PACKAGE_VERSION "3.8.2"
| #define PACKAGE_STRING "GNU Bison 3.8.2"
| #define PACKAGE_BUGREPORT "bug-bison@gnu.org"
| #define PACKAGE_URL "https://www.gnu.org/software/bison/"
| #define PACKAGE_COPYRIGHT_YEAR 2021
| #define PACKAGE "bison"
| #define VERSION "3.8.2"
| #define HAVE_STDIO_H 1
| #define HAVE_STDLIB_H 1
| #define HAVE_STRING_H 1
| #define HAVE_INTTYPES_H 1
| #define HAVE_STDINT_H 1
| #define HAVE_STRINGS_H 1
| #define HAVE_SYS_STAT_H 1
| #define HAVE_SYS_TYPES_H 1
| #define HAVE_UNISTD_H 1
| #define HAVE_WCHAR_H 1
| #define HAVE_LOCALE_H 1
| #define HAVE_SYS_PARAM_H 1
| #define HAVE_SYS_SOCKET_H 1
| #define HAVE_STDIO_EXT_H 1
| #define HAVE_FEATURES_H 1
| #define HAVE_GETOPT_H 1
| #define HAVE_SYS_CDEFS_H 1
| #define HAVE_SYS_TIME_H 1
| #define HAVE_ICONV_H 1
| #define HAVE_LIMITS_H 1
| #define HAVE_WCTYPE_H 1
| #define HAVE_THREADS_H 1
| #define HAVE_MATH_H 1
| #define HAVE_SYS_MMAN_H 1
| #define HAVE_SPAWN_H 1
| #define HAVE_SYS_IOCTL_H 1
| #define HAVE_SYS_RESOURCE_H 1
| #define HAVE_SYS_TIMES_H 1
| #define HAVE_SYS_WAIT_H 1
| #define HAVE_TERMIOS_H 1
| #define HAVE_DIRENT_H 1
| #define STDC_HEADERS 1
| #define _ALL_SOURCE 1
| #define _DARWIN_C_SOURCE 1
| #define _GNU_SOURCE 1
| #define _HPUX_ALT_XOPEN_SOCKET_API 1
| #define _NETBSD_SOURCE 1
| #define _OPENBSD_SOURCE 1
| #define _POSIX_PTHREAD_SEMANTICS 1
| #define __STDC_WANT_IEC_60559_ATTRIBS_EXT__ 1
| #define __STDC_WANT_IEC_60559_BFP_EXT__ 1
| #define __STDC_WANT_IEC_60559_DFP_EXT__ 1
| #define __STDC_WANT_IEC_60559_FUNCS_EXT__ 1
| #define __STDC_WANT_IEC_60559_TYPES_EXT__ 1
| #define __STDC_WANT_LIB_EXT2__ 1
| #define __STDC_WANT_MATH_SPEC_FUNCS__ 1
| #define _TANDEM_SOURCE 1
| #define __EXTENSIONS__ 1
| #define HAVE_TCDRAIN 1
| #define HAVE_CANONICALIZE_FILE_NAME 1
| #define HAVE_FACCESSAT 1
| #define HAVE_REALPATH 1
| #define HAVE_LSTAT 1
| #define HAVE_READLINKAT 1
| #define HAVE_FCHDIR 1
| #define HAVE_FCNTL 1
| #define HAVE_SYMLINK 1
| #define HAVE_FFSL 1
| /* end confdefs.h.  */
| /* Define vasnprintf to an innocuous variant, in case <limits.h> declares vasnprintf.
|    For example, HP-UX 11i <limits.h> declares gettimeofday.  */
| #define vasnprintf innocuous_vasnprintf
| 
| /* System header to define __stub macros and hopefully few prototypes,
|    which can conflict with char vasnprintf (void); below.  */
| 
| #include <limits.h>
| #undef vasnprintf
| 
| /* Override any GCC internal prototype to avoid an error.
|    Use char because int might match the return type of a GCC
|    builtin and then its argument prototype would still apply.  */
| #ifdef __cplusplus
| extern "C"
| #endif
| char vasnprintf (void);
| /* The GNU C library defines this for functions which it implements
|     to always fail with ENOSYS.  Some functions are actually named
|     something starting with __ and the normal name is an alias.  */
| #if defined __stub_vasnprintf || defined __stub___vasnprintf
| choke me
| #endif
| 
| int
| main (void)
| {
| return vasnprintf ();
|   ;
|   return 0;
| }
configure:10217: result: no
configure:10217: checking for snprintf
configure:10217: gcc  -o conftest -isystem/home/ubuntu/yocto/rpi-build/tmp/work/x86_64-linux/bison-native/3.8.2-r0/recipe-sysroot-native/usr/include -O2 -pipe -isystem/home/ubuntu/yocto/rpi-build/tmp/work/x86_64-linux/bison-native/3.8.2-r0/recipe-sysroot-native/usr/include -L/home/ubuntu/yocto/rpi-build/tmp/work/x86_64-linux/bison-native/3.8.2-r0/recipe-sysroot-native/usr/lib                         -L/home/ubuntu/yocto/rpi-build/tmp/work/x86_64-linux/bison-native/3.8.2-r0/recipe-sysroot-native/lib                         -Wl,--enable-new-dtags                         -Wl,-rpath-link,/home/ubuntu/yocto/rpi-build/tmp/work/x86_64-linux/bison-native/3.8.2-r0/recipe-sysroot-native/usr/lib                         -Wl,-rpath-link,/home/ubuntu/yocto/rpi-build/tmp/work/x86_64-linux/bison-native/3.8.2-r0/recipe-sysroot-native/lib                         -Wl,-rpath,/home/ubuntu/yocto/rpi-build/tmp/work/x86_64-linux/bison-native/3.8.2-r0/recipe-sysroot-native/usr/lib                         -Wl,-rpath,/home/ubuntu/yocto/rpi-build/tmp/work/x86_64-linux/bison-native/3.8.2-r0/recipe-sysroot-native/lib                         -Wl,-O1 -Wl,--allow-shlib-undefined -Wl,--dynamic-linker=/home/ubuntu/yocto/rpi-build/tmp/sysroots-uninative/x86_64-linux/lib/ld-linux-x86-64.so.2 conftest.c  >&5
conftest.c:86:6: warning: conflicting types for built-in function 'snprintf'; expected 'int(char *, long unsigned int,  const char *, ...)' [-Wbuiltin-declaration-mismatch]
   86 | char snprintf (void);
      |      ^~~~~~~~
conftest.c:78:1: note: 'snprintf' is declared in header '<stdio.h>'
   77 | #include <limits.h>
   78 | #undef snprintf
configure:10217: $? = 0
configure:10217: result: yes
configure:10217: checking for fsync
configure:10217: gcc  -o conftest -isystem/home/ubuntu/yocto/rpi-build/tmp/work/x86_64-linux/bison-native/3.8.2-r0/recipe-sysroot-native/usr/include -O2 -pipe -isystem/home/ubuntu/yocto/rpi-build/tmp/work/x86_64-linux/bison-native/3.8.2-r0/recipe-sysroot-native/usr/include -L/home/ubuntu/yocto/rpi-build/tmp/work/x86_64-linux/bison-native/3.8.2-r0/recipe-sysroot-native/usr/lib                         -L/home/ubuntu/yocto/rpi-build/tmp/work/x86_64-linux/bison-native/3.8.2-r0/recipe-sysroot-native/lib                         -Wl,--enable-new-dtags                         -Wl,-rpath-link,/home/ubuntu/yocto/rpi-build/tmp/work/x86_64-linux/bison-native/3.8.2-r0/recipe-sysroot-native/usr/lib                         -Wl,-rpath-link,/home/ubuntu/yocto/rpi-build/tmp/work/x86_64-linux/bison-native/3.8.2-r0/recipe-sysroot-native/lib                         -Wl,-rpath,/home/ubuntu/yocto/rpi-build/tmp/work/x86_64-linux/bison-native/3.8.2-r0/recipe-sysroot-native/usr/lib                         -Wl,-rpath,/home/ubuntu/yocto/rpi-build/tmp/work/x86_64-linux/bison-native/3.8.2-r0/recipe-sysroot-native/lib                         -Wl,-O1 -Wl,--allow-shlib-undefined -Wl,--dynamic-linker=/home/ubuntu/yocto/rpi-build/tmp/sysroots-uninative/x86_64-linux/lib/ld-linux-x86-64.so.2 conftest.c  >&5
configure:10217: $? = 0
configure:10217: result: yes
configure:10217: checking for microuptime
configure:10217: gcc  -o conftest -isystem/home/ubuntu/yocto/rpi-build/tmp/work/x86_64-linux/bison-native/3.8.2-r0/recipe-sysroot-native/usr/include -O2 -pipe -isystem/home/ubuntu/yocto/rpi-build/tmp/work/x86_64-linux/bison-native/3.8.2-r0/recipe-sysroot-native/usr/include -L/home/ubuntu/yocto/rpi-build/tmp/work/x86_64-linux/bison-native/3.8.2-r0/recipe-sysroot-native/usr/lib                         -L/home/ubuntu/yocto/rpi-build/tmp/work/x86_64-linux/bison-native/3.8.2-r0/recipe-sysroot-native/lib                         -Wl,--enable-new-dtags                         -Wl,-rpath-link,/home/ubuntu/yocto/rpi-build/tmp/work/x86_64-linux/bison-native/3.8.2-r0/recipe-sysroot-native/usr/lib                         -Wl,-rpath-link,/home/ubuntu/yocto/rpi-build/tmp/work/x86_64-linux/bison-native/3.8.2-r0/recipe-sysroot-native/lib                         -Wl,-rpath,/home/ubuntu/yocto/rpi-build/tmp/work/x86_64-linux/bison-native/3.8.2-r0/recipe-sysroot-native/usr/lib                         -Wl,-rpath,/home/ubuntu/yocto/rpi-build/tmp/work/x86_64-linux/bison-native/3.8.2-r0/recipe-sysroot-native/lib                         -Wl,-O1 -Wl,--allow-shlib-undefined -Wl,--dynamic-linker=/home/ubuntu/yocto/rpi-build/tmp/sysroots-uninative/x86_64-linux/lib/ld-linux-x86-64.so.2 conftest.c  >&5
/home/ubuntu/yocto/rpi-build/tmp/hosttools/ld: /tmp/ccrpVcW8.o: in function `main':
conftest.c:(.text.startup+0x9): undefined reference to `microuptime'
collect2: error: ld returned 1 exit status
configure:10217: $? = 1
configure: failed program was:
| /* confdefs.h */
| #define PACKAGE_NAME "GNU Bison"
| #define PACKAGE_TARNAME "bison"
| #define PACKAGE_VERSION "3.8.2"
| #define PACKAGE_STRING "GNU Bison 3.8.2"
| #define PACKAGE_BUGREPORT "bug-bison@gnu.org"
| #define PACKAGE_URL "https://www.gnu.org/software/bison/"
| #define PACKAGE_COPYRIGHT_YEAR 2021
| #define PACKAGE "bison"
| #define VERSION "3.8.2"
| #define HAVE_STDIO_H 1
| #define HAVE_STDLIB_H 1
| #define HAVE_STRING_H 1
| #define HAVE_INTTYPES_H 1
| #define HAVE_STDINT_H 1
| #define HAVE_STRINGS_H 1
| #define HAVE_SYS_STAT_H 1
| #define HAVE_SYS_TYPES_H 1
| #define HAVE_UNISTD_H 1
| #define HAVE_WCHAR_H 1
| #define HAVE_LOCALE_H 1
| #define HAVE_SYS_PARAM_H 1
| #define HAVE_SYS_SOCKET_H 1
| #define HAVE_STDIO_EXT_H 1
| #define HAVE_FEATURES_H 1
| #define HAVE_GETOPT_H 1
| #define HAVE_SYS_CDEFS_H 1
| #define HAVE_SYS_TIME_H 1
| #define HAVE_ICONV_H 1
| #define HAVE_LIMITS_H 1
| #define HAVE_WCTYPE_H 1
| #define HAVE_THREADS_H 1
| #define HAVE_MATH_H 1
| #define HAVE_SYS_MMAN_H 1
| #define HAVE_SPAWN_H 1
| #define HAVE_SYS_IOCTL_H 1
| #define HAVE_SYS_RESOURCE_H 1
| #define HAVE_SYS_TIMES_H 1
| #define HAVE_SYS_WAIT_H 1
| #define HAVE_TERMIOS_H 1
| #define HAVE_DIRENT_H 1
| #define STDC_HEADERS 1
| #define _ALL_SOURCE 1
| #define _DARWIN_C_SOURCE 1
| #define _GNU_SOURCE 1
| #define _HPUX_ALT_XOPEN_SOCKET_API 1
| #define _NETBSD_SOURCE 1
| #define _OPENBSD_SOURCE 1
| #define _POSIX_PTHREAD_SEMANTICS 1
| #define __STDC_WANT_IEC_60559_ATTRIBS_EXT__ 1
| #define __STDC_WANT_IEC_60559_BFP_EXT__ 1
| #define __STDC_WANT_IEC_60559_DFP_EXT__ 1
| #define __STDC_WANT_IEC_60559_FUNCS_EXT__ 1
| #define __STDC_WANT_IEC_60559_TYPES_EXT__ 1
| #define __STDC_WANT_LIB_EXT2__ 1
| #define __STDC_WANT_MATH_SPEC_FUNCS__ 1
| #define _TANDEM_SOURCE 1
| #define __EXTENSIONS__ 1
| #define HAVE_TCDRAIN 1
| #define HAVE_CANONICALIZE_FILE_NAME 1
| #define HAVE_FACCESSAT 1
| #define HAVE_REALPATH 1
| #define HAVE_LSTAT 1
| #define HAVE_READLINKAT 1
| #define HAVE_FCHDIR 1
| #define HAVE_FCNTL 1
| #define HAVE_SYMLINK 1
| #define HAVE_FFSL 1
| #define HAVE_SNPRINTF 1
| #define HAVE_FSYNC 1
| /* end confdefs.h.  */
| /* Define microuptime to an innocuous variant, in case <limits.h> declares microuptime.
|    For example, HP-UX 11i <limits.h> declares gettimeofday.  */
| #define microuptime innocuous_microuptime
| 
| /* System header to define __stub macros and hopefully few prototypes,
|    which can conflict with char microuptime (void); below.  */
| 
| #include <limits.h>
| #undef microuptime
| 
| /* Override any GCC internal prototype to avoid an error.
|    Use char because int might match the return type of a GCC
|    builtin and then its argument prototype would still apply.  */
| #ifdef __cplusplus
| extern "C"
| #endif
| char microuptime (void);
| /* The GNU C library defines this for functions which it implements
|     to always fail with ENOSYS.  Some functions are actually named
|     something starting with __ and the normal name is an alias.  */
| #if defined __stub_microuptime || defined __stub___microuptime
| choke me
| #endif
| 
| int
| main (void)
| {
| return microuptime ();
|   ;
|   return 0;
| }
configure:10217: result: no
configure:10217: checking for nanouptime
configure:10217: gcc  -o conftest -isystem/home/ubuntu/yocto/rpi-build/tmp/work/x86_64-linux/bison-native/3.8.2-r0/recipe-sysroot-native/usr/include -O2 -pipe -isystem/home/ubuntu/yocto/rpi-build/tmp/work/x86_64-linux/bison-native/3.8.2-r0/recipe-sysroot-native/usr/include -L/home/ubuntu/yocto/rpi-build/tmp/work/x86_64-linux/bison-native/3.8.2-r0/recipe-sysroot-native/usr/lib                         -L/home/ubuntu/yocto/rpi-build/tmp/work/x86_64-linux/bison-native/3.8.2-r0/recipe-sysroot-native/lib                         -Wl,--enable-new-dtags                         -Wl,-rpath-link,/home/ubuntu/yocto/rpi-build/tmp/work/x86_64-linux/bison-native/3.8.2-r0/recipe-sysroot-native/usr/lib                         -Wl,-rpath-link,/home/ubuntu/yocto/rpi-build/tmp/work/x86_64-linux/bison-native/3.8.2-r0/recipe-sysroot-native/lib                         -Wl,-rpath,/home/ubuntu/yocto/rpi-build/tmp/work/x86_64-linux/bison-native/3.8.2-r0/recipe-sysroot-native/usr/lib                         -Wl,-rpath,/home/ubuntu/yocto/rpi-build/tmp/work/x86_64-linux/bison-native/3.8.2-r0/recipe-sysroot-native/lib                         -Wl,-O1 -Wl,--allow-shlib-undefined -Wl,--dynamic-linker=/home/ubuntu/yocto/rpi-build/tmp/sysroots-uninative/x86_64-linux/lib/ld-linux-x86-64.so.2 conftest.c  >&5
/home/ubuntu/yocto/rpi-build/tmp/hosttools/ld: /tmp/cclTANim.o: in function `main':
conftest.c:(.text.startup+0x9): undefined reference to `nanouptime'
collect2: error: ld returned 1 exit status
configure:10217: $? = 1
configure: failed program was:
| /* confdefs.h */
| #define PACKAGE_NAME "GNU Bison"
| #define PACKAGE_TARNAME "bison"
| #define PACKAGE_VERSION "3.8.2"
| #define PACKAGE_STRING "GNU Bison 3.8.2"
| #define PACKAGE_BUGREPORT "bug-bison@gnu.org"
| #define PACKAGE_URL "https://www.gnu.org/software/bison/"
| #define PACKAGE_COPYRIGHT_YEAR 2021
| #define PACKAGE "bison"
| #define VERSION "3.8.2"
| #define HAVE_STDIO_H 1
| #define HAVE_STDLIB_H 1
| #define HAVE_STRING_H 1
| #define HAVE_INTTYPES_H 1
| #define HAVE_STDINT_H 1
| #define HAVE_STRINGS_H 1
| #define HAVE_SYS_STAT_H 1
| #define HAVE_SYS_TYPES_H 1
| #define HAVE_UNISTD_H 1
| #define HAVE_WCHAR_H 1
| #define HAVE_LOCALE_H 1
| #define HAVE_SYS_PARAM_H 1
| #define HAVE_SYS_SOCKET_H 1
| #define HAVE_STDIO_EXT_H 1
| #define HAVE_FEATURES_H 1
| #define HAVE_GETOPT_H 1
| #define HAVE_SYS_CDEFS_H 1
| #define HAVE_SYS_TIME_H 1
| #define HAVE_ICONV_H 1
| #define HAVE_LIMITS_H 1
| #define HAVE_WCTYPE_H 1
| #define HAVE_THREADS_H 1
| #define HAVE_MATH_H 1
| #define HAVE_SYS_MMAN_H 1
| #define HAVE_SPAWN_H 1
| #define HAVE_SYS_IOCTL_H 1
| #define HAVE_SYS_RESOURCE_H 1
| #define HAVE_SYS_TIMES_H 1
| #define HAVE_SYS_WAIT_H 1
| #define HAVE_TERMIOS_H 1
| #define HAVE_DIRENT_H 1
| #define STDC_HEADERS 1
| #define _ALL_SOURCE 1
| #define _DARWIN_C_SOURCE 1
| #define _GNU_SOURCE 1
| #define _HPUX_ALT_XOPEN_SOCKET_API 1
| #define _NETBSD_SOURCE 1
| #define _OPENBSD_SOURCE 1
| #define _POSIX_PTHREAD_SEMANTICS 1
| #define __STDC_WANT_IEC_60559_ATTRIBS_EXT__ 1
| #define __STDC_WANT_IEC_60559_BFP_EXT__ 1
| #define __STDC_WANT_IEC_60559_DFP_EXT__ 1
| #define __STDC_WANT_IEC_60559_FUNCS_EXT__ 1
| #define __STDC_WANT_IEC_60559_TYPES_EXT__ 1
| #define __STDC_WANT_LIB_EXT2__ 1
| #define __STDC_WANT_MATH_SPEC_FUNCS__ 1
| #define _TANDEM_SOURCE 1
| #define __EXTENSIONS__ 1
| #define HAVE_TCDRAIN 1
| #define HAVE_CANONICALIZE_FILE_NAME 1
| #define HAVE_FACCESSAT 1
| #define HAVE_REALPATH 1
| #define HAVE_LSTAT 1
| #define HAVE_READLINKAT 1
| #define HAVE_FCHDIR 1
| #define HAVE_FCNTL 1
| #define HAVE_SYMLINK 1
| #define HAVE_FFSL 1
| #define HAVE_SNPRINTF 1
| #define HAVE_FSYNC 1
| /* end confdefs.h.  */
| /* Define nanouptime to an innocuous variant, in case <limits.h> declares nanouptime.
|    For example, HP-UX 11i <limits.h> declares gettimeofday.  */
| #define nanouptime innocuous_nanouptime
| 
| /* System header to define __stub macros and hopefully few prototypes,
|    which can conflict with char nanouptime (void); below.  */
| 
| #include <limits.h>
| #undef nanouptime
| 
| /* Override any GCC internal prototype to avoid an error.
|    Use char because int might match the return type of a GCC
|    builtin and then its argument prototype would still apply.  */
| #ifdef __cplusplus
| extern "C"
| #endif
| char nanouptime (void);
| /* The GNU C library defines this for functions which it implements
|     to always fail with ENOSYS.  Some functions are actually named
|     something starting with __ and the normal name is an alias.  */
| #if defined __stub_nanouptime || defined __stub___nanouptime
| choke me
| #endif
| 
| int
| main (void)
| {
| return nanouptime ();
|   ;
|   return 0;
| }
configure:10217: result: no
configure:10217: checking for getprogname
configure:10217: gcc  -o conftest -isystem/home/ubuntu/yocto/rpi-build/tmp/work/x86_64-linux/bison-native/3.8.2-r0/recipe-sysroot-native/usr/include -O2 -pipe -isystem/home/ubuntu/yocto/rpi-build/tmp/work/x86_64-linux/bison-native/3.8.2-r0/recipe-sysroot-native/usr/include -L/home/ubuntu/yocto/rpi-build/tmp/work/x86_64-linux/bison-native/3.8.2-r0/recipe-sysroot-native/usr/lib                         -L/home/ubuntu/yocto/rpi-build/tmp/work/x86_64-linux/bison-native/3.8.2-r0/recipe-sysroot-native/lib                         -Wl,--enable-new-dtags                         -Wl,-rpath-link,/home/ubuntu/yocto/rpi-build/tmp/work/x86_64-linux/bison-native/3.8.2-r0/recipe-sysroot-native/usr/lib                         -Wl,-rpath-link,/home/ubuntu/yocto/rpi-build/tmp/work/x86_64-linux/bison-native/3.8.2-r0/recipe-sysroot-native/lib                         -Wl,-rpath,/home/ubuntu/yocto/rpi-build/tmp/work/x86_64-linux/bison-native/3.8.2-r0/recipe-sysroot-native/usr/lib                         -Wl,-rpath,/home/ubuntu/yocto/rpi-build/tmp/work/x86_64-linux/bison-native/3.8.2-r0/recipe-sysroot-native/lib                         -Wl,-O1 -Wl,--allow-shlib-undefined -Wl,--dynamic-linker=/home/ubuntu/yocto/rpi-build/tmp/sysroots-uninative/x86_64-linux/lib/ld-linux-x86-64.so.2 conftest.c  >&5
/home/ubuntu/yocto/rpi-build/tmp/hosttools/ld: /tmp/ccpKUvW2.o: in function `main':
conftest.c:(.text.startup+0x9): undefined reference to `getprogname'
collect2: error: ld returned 1 exit status
configure:10217: $? = 1
configure: failed program was:
| /* confdefs.h */
| #define PACKAGE_NAME "GNU Bison"
| #define PACKAGE_TARNAME "bison"
| #define PACKAGE_VERSION "3.8.2"
| #define PACKAGE_STRING "GNU Bison 3.8.2"
| #define PACKAGE_BUGREPORT "bug-bison@gnu.org"
| #define PACKAGE_URL "https://www.gnu.org/software/bison/"
| #define PACKAGE_COPYRIGHT_YEAR 2021
| #define PACKAGE "bison"
| #define VERSION "3.8.2"
| #define HAVE_STDIO_H 1
| #define HAVE_STDLIB_H 1
| #define HAVE_STRING_H 1
| #define HAVE_INTTYPES_H 1
| #define HAVE_STDINT_H 1
| #define HAVE_STRINGS_H 1
| #define HAVE_SYS_STAT_H 1
| #define HAVE_SYS_TYPES_H 1
| #define HAVE_UNISTD_H 1
| #define HAVE_WCHAR_H 1
| #define HAVE_LOCALE_H 1
| #define HAVE_SYS_PARAM_H 1
| #define HAVE_SYS_SOCKET_H 1
| #define HAVE_STDIO_EXT_H 1
| #define HAVE_FEATURES_H 1
| #define HAVE_GETOPT_H 1
| #define HAVE_SYS_CDEFS_H 1
| #define HAVE_SYS_TIME_H 1
| #define HAVE_ICONV_H 1
| #define HAVE_LIMITS_H 1
| #define HAVE_WCTYPE_H 1
| #define HAVE_THREADS_H 1
| #define HAVE_MATH_H 1
| #define HAVE_SYS_MMAN_H 1
| #define HAVE_SPAWN_H 1
| #define HAVE_SYS_IOCTL_H 1
| #define HAVE_SYS_RESOURCE_H 1
| #define HAVE_SYS_TIMES_H 1
| #define HAVE_SYS_WAIT_H 1
| #define HAVE_TERMIOS_H 1
| #define HAVE_DIRENT_H 1
| #define STDC_HEADERS 1
| #define _ALL_SOURCE 1
| #define _DARWIN_C_SOURCE 1
| #define _GNU_SOURCE 1
| #define _HPUX_ALT_XOPEN_SOCKET_API 1
| #define _NETBSD_SOURCE 1
| #define _OPENBSD_SOURCE 1
| #define _POSIX_PTHREAD_SEMANTICS 1
| #define __STDC_WANT_IEC_60559_ATTRIBS_EXT__ 1
| #define __STDC_WANT_IEC_60559_BFP_EXT__ 1
| #define __STDC_WANT_IEC_60559_DFP_EXT__ 1
| #define __STDC_WANT_IEC_60559_FUNCS_EXT__ 1
| #define __STDC_WANT_IEC_60559_TYPES_EXT__ 1
| #define __STDC_WANT_LIB_EXT2__ 1
| #define __STDC_WANT_MATH_SPEC_FUNCS__ 1
| #define _TANDEM_SOURCE 1
| #define __EXTENSIONS__ 1
| #define HAVE_TCDRAIN 1
| #define HAVE_CANONICALIZE_FILE_NAME 1
| #define HAVE_FACCESSAT 1
| #define HAVE_REALPATH 1
| #define HAVE_LSTAT 1
| #define HAVE_READLINKAT 1
| #define HAVE_FCHDIR 1
| #define HAVE_FCNTL 1
| #define HAVE_SYMLINK 1
| #define HAVE_FFSL 1
| #define HAVE_SNPRINTF 1
| #define HAVE_FSYNC 1
| /* end confdefs.h.  */
| /* Define getprogname to an innocuous variant, in case <limits.h> declares getprogname.
|    For example, HP-UX 11i <limits.h> declares gettimeofday.  */
| #define getprogname innocuous_getprogname
| 
| /* System header to define __stub macros and hopefully few prototypes,
|    which can conflict with char getprogname (void); below.  */
| 
| #include <limits.h>
| #undef getprogname
| 
| /* Override any GCC internal prototype to avoid an error.
|    Use char because int might match the return type of a GCC
|    builtin and then its argument prototype would still apply.  */
| #ifdef __cplusplus
| extern "C"
| #endif
| char getprogname (void);
| /* The GNU C library defines this for functions which it implements
|     to always fail with ENOSYS.  Some functions are actually named
|     something starting with __ and the normal name is an alias.  */
| #if defined __stub_getprogname || defined __stub___getprogname
| choke me
| #endif
| 
| int
| main (void)
| {
| return getprogname ();
|   ;
|   return 0;
| }
configure:10217: result: no
configure:10217: checking for getexecname
configure:10217: gcc  -o conftest -isystem/home/ubuntu/yocto/rpi-build/tmp/work/x86_64-linux/bison-native/3.8.2-r0/recipe-sysroot-native/usr/include -O2 -pipe -isystem/home/ubuntu/yocto/rpi-build/tmp/work/x86_64-linux/bison-native/3.8.2-r0/recipe-sysroot-native/usr/include -L/home/ubuntu/yocto/rpi-build/tmp/work/x86_64-linux/bison-native/3.8.2-r0/recipe-sysroot-native/usr/lib                         -L/home/ubuntu/yocto/rpi-build/tmp/work/x86_64-linux/bison-native/3.8.2-r0/recipe-sysroot-native/lib                         -Wl,--enable-new-dtags                         -Wl,-rpath-link,/home/ubuntu/yocto/rpi-build/tmp/work/x86_64-linux/bison-native/3.8.2-r0/recipe-sysroot-native/usr/lib                         -Wl,-rpath-link,/home/ubuntu/yocto/rpi-build/tmp/work/x86_64-linux/bison-native/3.8.2-r0/recipe-sysroot-native/lib                         -Wl,-rpath,/home/ubuntu/yocto/rpi-build/tmp/work/x86_64-linux/bison-native/3.8.2-r0/recipe-sysroot-native/usr/lib                         -Wl,-rpath,/home/ubuntu/yocto/rpi-build/tmp/work/x86_64-linux/bison-native/3.8.2-r0/recipe-sysroot-native/lib                         -Wl,-O1 -Wl,--allow-shlib-undefined -Wl,--dynamic-linker=/home/ubuntu/yocto/rpi-build/tmp/sysroots-uninative/x86_64-linux/lib/ld-linux-x86-64.so.2 conftest.c  >&5
/home/ubuntu/yocto/rpi-build/tmp/hosttools/ld: /tmp/ccZs13VK.o: in function `main':
conftest.c:(.text.startup+0x9): undefined reference to `getexecname'
collect2: error: ld returned 1 exit status
configure:10217: $? = 1
configure: failed program was:
| /* confdefs.h */
| #define PACKAGE_NAME "GNU Bison"
| #define PACKAGE_TARNAME "bison"
| #define PACKAGE_VERSION "3.8.2"
| #define PACKAGE_STRING "GNU Bison 3.8.2"
| #define PACKAGE_BUGREPORT "bug-bison@gnu.org"
| #define PACKAGE_URL "https://www.gnu.org/software/bison/"
| #define PACKAGE_COPYRIGHT_YEAR 2021
| #define PACKAGE "bison"
| #define VERSION "3.8.2"
| #define HAVE_STDIO_H 1
| #define HAVE_STDLIB_H 1
| #define HAVE_STRING_H 1
| #define HAVE_INTTYPES_H 1
| #define HAVE_STDINT_H 1
| #define HAVE_STRINGS_H 1
| #define HAVE_SYS_STAT_H 1
| #define HAVE_SYS_TYPES_H 1
| #define HAVE_UNISTD_H 1
| #define HAVE_WCHAR_H 1
| #define HAVE_LOCALE_H 1
| #define HAVE_SYS_PARAM_H 1
| #define HAVE_SYS_SOCKET_H 1
| #define HAVE_STDIO_EXT_H 1
| #define HAVE_FEATURES_H 1
| #define HAVE_GETOPT_H 1
| #define HAVE_SYS_CDEFS_H 1
| #define HAVE_SYS_TIME_H 1
| #define HAVE_ICONV_H 1
| #define HAVE_LIMITS_H 1
| #define HAVE_WCTYPE_H 1
| #define HAVE_THREADS_H 1
| #define HAVE_MATH_H 1
| #define HAVE_SYS_MMAN_H 1
| #define HAVE_SPAWN_H 1
| #define HAVE_SYS_IOCTL_H 1
| #define HAVE_SYS_RESOURCE_H 1
| #define HAVE_SYS_TIMES_H 1
| #define HAVE_SYS_WAIT_H 1
| #define HAVE_TERMIOS_H 1
| #define HAVE_DIRENT_H 1
| #define STDC_HEADERS 1
| #define _ALL_SOURCE 1
| #define _DARWIN_C_SOURCE 1
| #define _GNU_SOURCE 1
| #define _HPUX_ALT_XOPEN_SOCKET_API 1
| #define _NETBSD_SOURCE 1
| #define _OPENBSD_SOURCE 1
| #define _POSIX_PTHREAD_SEMANTICS 1
| #define __STDC_WANT_IEC_60559_ATTRIBS_EXT__ 1
| #define __STDC_WANT_IEC_60559_BFP_EXT__ 1
| #define __STDC_WANT_IEC_60559_DFP_EXT__ 1
| #define __STDC_WANT_IEC_60559_FUNCS_EXT__ 1
| #define __STDC_WANT_IEC_60559_TYPES_EXT__ 1
| #define __STDC_WANT_LIB_EXT2__ 1
| #define __STDC_WANT_MATH_SPEC_FUNCS__ 1
| #define _TANDEM_SOURCE 1
| #define __EXTENSIONS__ 1
| #define HAVE_TCDRAIN 1
| #define HAVE_CANONICALIZE_FILE_NAME 1
| #define HAVE_FACCESSAT 1
| #define HAVE_REALPATH 1
| #define HAVE_LSTAT 1
| #define HAVE_READLINKAT 1
| #define HAVE_FCHDIR 1
| #define HAVE_FCNTL 1
| #define HAVE_SYMLINK 1
| #define HAVE_FFSL 1
| #define HAVE_SNPRINTF 1
| #define HAVE_FSYNC 1
| /* end confdefs.h.  */
| /* Define getexecname to an innocuous variant, in case <limits.h> declares getexecname.
|    For example, HP-UX 11i <limits.h> declares gettimeofday.  */
| #define getexecname innocuous_getexecname
| 
| /* System header to define __stub macros and hopefully few prototypes,
|    which can conflict with char getexecname (void); below.  */
| 
| #include <limits.h>
| #undef getexecname
| 
| /* Override any GCC internal prototype to avoid an error.
|    Use char because int might match the return type of a GCC
|    builtin and then its argument prototype would still apply.  */
| #ifdef __cplusplus
| extern "C"
| #endif
| char getexecname (void);
| /* The GNU C library defines this for functions which it implements
|     to always fail with ENOSYS.  Some functions are actually named
|     something starting with __ and the normal name is an alias.  */
| #if defined __stub_getexecname || defined __stub___getexecname
| choke me
| #endif
| 
| int
| main (void)
| {
| return getexecname ();
|   ;
|   return 0;
| }
configure:10217: result: no
configure:10217: checking for getrusage
configure:10217: gcc  -o conftest -isystem/home/ubuntu/yocto/rpi-build/tmp/work/x86_64-linux/bison-native/3.8.2-r0/recipe-sysroot-native/usr/include -O2 -pipe -isystem/home/ubuntu/yocto/rpi-build/tmp/work/x86_64-linux/bison-native/3.8.2-r0/recipe-sysroot-native/usr/include -L/home/ubuntu/yocto/rpi-build/tmp/work/x86_64-linux/bison-native/3.8.2-r0/recipe-sysroot-native/usr/lib                         -L/home/ubuntu/yocto/rpi-build/tmp/work/x86_64-linux/bison-native/3.8.2-r0/recipe-sysroot-native/lib                         -Wl,--enable-new-dtags                         -Wl,-rpath-link,/home/ubuntu/yocto/rpi-build/tmp/work/x86_64-linux/bison-native/3.8.2-r0/recipe-sysroot-native/usr/lib                         -Wl,-rpath-link,/home/ubuntu/yocto/rpi-build/tmp/work/x86_64-linux/bison-native/3.8.2-r0/recipe-sysroot-native/lib                         -Wl,-rpath,/home/ubuntu/yocto/rpi-build/tmp/work/x86_64-linux/bison-native/3.8.2-r0/recipe-sysroot-native/usr/lib                         -Wl,-rpath,/home/ubuntu/yocto/rpi-build/tmp/work/x86_64-linux/bison-native/3.8.2-r0/recipe-sysroot-native/lib                         -Wl,-O1 -Wl,--allow-shlib-undefined -Wl,--dynamic-linker=/home/ubuntu/yocto/rpi-build/tmp/sysroots-uninative/x86_64-linux/lib/ld-linux-x86-64.so.2 conftest.c  >&5
configure:10217: $? = 0
configure:10217: result: yes
configure:10217: checking for gettimeofday
configure:10217: gcc  -o conftest -isystem/home/ubuntu/yocto/rpi-build/tmp/work/x86_64-linux/bison-native/3.8.2-r0/recipe-sysroot-native/usr/include -O2 -pipe -isystem/home/ubuntu/yocto/rpi-build/tmp/work/x86_64-linux/bison-native/3.8.2-r0/recipe-sysroot-native/usr/include -L/home/ubuntu/yocto/rpi-build/tmp/work/x86_64-linux/bison-native/3.8.2-r0/recipe-sysroot-native/usr/lib                         -L/home/ubuntu/yocto/rpi-build/tmp/work/x86_64-linux/bison-native/3.8.2-r0/recipe-sysroot-native/lib                         -Wl,--enable-new-dtags                         -Wl,-rpath-link,/home/ubuntu/yocto/rpi-build/tmp/work/x86_64-linux/bison-native/3.8.2-r0/recipe-sysroot-native/usr/lib                         -Wl,-rpath-link,/home/ubuntu/yocto/rpi-build/tmp/work/x86_64-linux/bison-native/3.8.2-r0/recipe-sysroot-native/lib                         -Wl,-rpath,/home/ubuntu/yocto/rpi-build/tmp/work/x86_64-linux/bison-native/3.8.2-r0/recipe-sysroot-native/usr/lib                         -Wl,-rpath,/home/ubuntu/yocto/rpi-build/tmp/work/x86_64-linux/bison-native/3.8.2-r0/recipe-sysroot-native/lib                         -Wl,-O1 -Wl,--allow-shlib-undefined -Wl,--dynamic-linker=/home/ubuntu/yocto/rpi-build/tmp/sysroots-uninative/x86_64-linux/lib/ld-linux-x86-64.so.2 conftest.c  >&5
configure:10217: $? = 0
configure:10217: result: yes
configure:10217: checking for iswcntrl
configure:10217: gcc  -o conftest -isystem/home/ubuntu/yocto/rpi-build/tmp/work/x86_64-linux/bison-native/3.8.2-r0/recipe-sysroot-native/usr/include -O2 -pipe -isystem/home/ubuntu/yocto/rpi-build/tmp/work/x86_64-linux/bison-native/3.8.2-r0/recipe-sysroot-native/usr/include -L/home/ubuntu/yocto/rpi-build/tmp/work/x86_64-linux/bison-native/3.8.2-r0/recipe-sysroot-native/usr/lib                         -L/home/ubuntu/yocto/rpi-build/tmp/work/x86_64-linux/bison-native/3.8.2-r0/recipe-sysroot-native/lib                         -Wl,--enable-new-dtags                         -Wl,-rpath-link,/home/ubuntu/yocto/rpi-build/tmp/work/x86_64-linux/bison-native/3.8.2-r0/recipe-sysroot-native/usr/lib                         -Wl,-rpath-link,/home/ubuntu/yocto/rpi-build/tmp/work/x86_64-linux/bison-native/3.8.2-r0/recipe-sysroot-native/lib                         -Wl,-rpath,/home/ubuntu/yocto/rpi-build/tmp/work/x86_64-linux/bison-native/3.8.2-r0/recipe-sysroot-native/usr/lib                         -Wl,-rpath,/home/ubuntu/yocto/rpi-build/tmp/work/x86_64-linux/bison-native/3.8.2-r0/recipe-sysroot-native/lib                         -Wl,-O1 -Wl,--allow-shlib-undefined -Wl,--dynamic-linker=/home/ubuntu/yocto/rpi-build/tmp/sysroots-uninative/x86_64-linux/lib/ld-linux-x86-64.so.2 conftest.c  >&5
conftest.c:90:6: warning: conflicting types for built-in function 'iswcntrl'; expected 'int(unsigned int)' [-Wbuiltin-declaration-mismatch]
   90 | char iswcntrl (void);
      |      ^~~~~~~~
conftest.c:82:1: note: 'iswcntrl' is declared in header '<wctype.h>'
   81 | #include <limits.h>
   82 | #undef iswcntrl
configure:10217: $? = 0
configure:10217: result: yes
configure:10217: checking for iswblank
configure:10217: gcc  -o conftest -isystem/home/ubuntu/yocto/rpi-build/tmp/work/x86_64-linux/bison-native/3.8.2-r0/recipe-sysroot-native/usr/include -O2 -pipe -isystem/home/ubuntu/yocto/rpi-build/tmp/work/x86_64-linux/bison-native/3.8.2-r0/recipe-sysroot-native/usr/include -L/home/ubuntu/yocto/rpi-build/tmp/work/x86_64-linux/bison-native/3.8.2-r0/recipe-sysroot-native/usr/lib                         -L/home/ubuntu/yocto/rpi-build/tmp/work/x86_64-linux/bison-native/3.8.2-r0/recipe-sysroot-native/lib                         -Wl,--enable-new-dtags                         -Wl,-rpath-link,/home/ubuntu/yocto/rpi-build/tmp/work/x86_64-linux/bison-native/3.8.2-r0/recipe-sysroot-native/usr/lib                         -Wl,-rpath-link,/home/ubuntu/yocto/rpi-build/tmp/work/x86_64-linux/bison-native/3.8.2-r0/recipe-sysroot-native/lib                         -Wl,-rpath,/home/ubuntu/yocto/rpi-build/tmp/work/x86_64-linux/bison-native/3.8.2-r0/recipe-sysroot-native/usr/lib                         -Wl,-rpath,/home/ubuntu/yocto/rpi-build/tmp/work/x86_64-linux/bison-native/3.8.2-r0/recipe-sysroot-native/lib                         -Wl,-O1 -Wl,--allow-shlib-undefined -Wl,--dynamic-linker=/home/ubuntu/yocto/rpi-build/tmp/sysroots-uninative/x86_64-linux/lib/ld-linux-x86-64.so.2 conftest.c  >&5
conftest.c:91:6: warning: conflicting types for built-in function 'iswblank'; expected 'int(unsigned int)' [-Wbuiltin-declaration-mismatch]
   91 | char iswblank (void);
      |      ^~~~~~~~
conftest.c:83:1: note: 'iswblank' is declared in header '<wctype.h>'
   82 | #include <limits.h>
   83 | #undef iswblank
configure:10217: $? = 0
configure:10217: result: yes
configure:10217: checking for mbsinit
configure:10217: gcc  -o conftest -isystem/home/ubuntu/yocto/rpi-build/tmp/work/x86_64-linux/bison-native/3.8.2-r0/recipe-sysroot-native/usr/include -O2 -pipe -isystem/home/ubuntu/yocto/rpi-build/tmp/work/x86_64-linux/bison-native/3.8.2-r0/recipe-sysroot-native/usr/include -L/home/ubuntu/yocto/rpi-build/tmp/work/x86_64-linux/bison-native/3.8.2-r0/recipe-sysroot-native/usr/lib                         -L/home/ubuntu/yocto/rpi-build/tmp/work/x86_64-linux/bison-native/3.8.2-r0/recipe-sysroot-native/lib                         -Wl,--enable-new-dtags                         -Wl,-rpath-link,/home/ubuntu/yocto/rpi-build/tmp/work/x86_64-linux/bison-native/3.8.2-r0/recipe-sysroot-native/usr/lib                         -Wl,-rpath-link,/home/ubuntu/yocto/rpi-build/tmp/work/x86_64-linux/bison-native/3.8.2-r0/recipe-sysroot-native/lib                         -Wl,-rpath,/home/ubuntu/yocto/rpi-build/tmp/work/x86_64-linux/bison-native/3.8.2-r0/recipe-sysroot-native/usr/lib                         -Wl,-rpath,/home/ubuntu/yocto/rpi-build/tmp/work/x86_64-linux/bison-native/3.8.2-r0/recipe-sysroot-native/lib                         -Wl,-O1 -Wl,--allow-shlib-undefined -Wl,--dynamic-linker=/home/ubuntu/yocto/rpi-build/tmp/sysroots-uninative/x86_64-linux/lib/ld-linux-x86-64.so.2 conftest.c  >&5
configure:10217: $? = 0
configure:10217: result: yes
configure:10217: checking for mbrtowc
configure:10217: gcc  -o conftest -isystem/home/ubuntu/yocto/rpi-build/tmp/work/x86_64-linux/bison-native/3.8.2-r0/recipe-sysroot-native/usr/include -O2 -pipe -isystem/home/ubuntu/yocto/rpi-build/tmp/work/x86_64-linux/bison-native/3.8.2-r0/recipe-sysroot-native/usr/include -L/home/ubuntu/yocto/rpi-build/tmp/work/x86_64-linux/bison-native/3.8.2-r0/recipe-sysroot-native/usr/lib                         -L/home/ubuntu/yocto/rpi-build/tmp/work/x86_64-linux/bison-native/3.8.2-r0/recipe-sysroot-native/lib                         -Wl,--enable-new-dtags                         -Wl,-rpath-link,/home/ubuntu/yocto/rpi-build/tmp/work/x86_64-linux/bison-native/3.8.2-r0/recipe-sysroot-native/usr/lib                         -Wl,-rpath-link,/home/ubuntu/yocto/rpi-build/tmp/work/x86_64-linux/bison-native/3.8.2-r0/recipe-sysroot-native/lib                         -Wl,-rpath,/home/ubuntu/yocto/rpi-build/tmp/work/x86_64-linux/bison-native/3.8.2-r0/recipe-sysroot-native/usr/lib                         -Wl,-rpath,/home/ubuntu/yocto/rpi-build/tmp/work/x86_64-linux/bison-native/3.8.2-r0/recipe-sysroot-native/lib                         -Wl,-O1 -Wl,--allow-shlib-undefined -Wl,--dynamic-linker=/home/ubuntu/yocto/rpi-build/tmp/sysroots-uninative/x86_64-linux/lib/ld-linux-x86-64.so.2 conftest.c  >&5
configure:10217: $? = 0
configure:10217: result: yes
configure:10217: checking for isascii
configure:10217: gcc  -o conftest -isystem/home/ubuntu/yocto/rpi-build/tmp/work/x86_64-linux/bison-native/3.8.2-r0/recipe-sysroot-native/usr/include -O2 -pipe -isystem/home/ubuntu/yocto/rpi-build/tmp/work/x86_64-linux/bison-native/3.8.2-r0/recipe-sysroot-native/usr/include -L/home/ubuntu/yocto/rpi-build/tmp/work/x86_64-linux/bison-native/3.8.2-r0/recipe-sysroot-native/usr/lib                         -L/home/ubuntu/yocto/rpi-build/tmp/work/x86_64-linux/bison-native/3.8.2-r0/recipe-sysroot-native/lib                         -Wl,--enable-new-dtags                         -Wl,-rpath-link,/home/ubuntu/yocto/rpi-build/tmp/work/x86_64-linux/bison-native/3.8.2-r0/recipe-sysroot-native/usr/lib                         -Wl,-rpath-link,/home/ubuntu/yocto/rpi-build/tmp/work/x86_64-linux/bison-native/3.8.2-r0/recipe-sysroot-native/lib                         -Wl,-rpath,/home/ubuntu/yocto/rpi-build/tmp/work/x86_64-linux/bison-native/3.8.2-r0/recipe-sysroot-native/usr/lib                         -Wl,-rpath,/home/ubuntu/yocto/rpi-build/tmp/work/x86_64-linux/bison-native/3.8.2-r0/recipe-sysroot-native/lib                         -Wl,-O1 -Wl,--allow-shlib-undefined -Wl,--dynamic-linker=/home/ubuntu/yocto/rpi-build/tmp/sysroots-uninative/x86_64-linux/lib/ld-linux-x86-64.so.2 conftest.c  >&5
conftest.c:94:6: warning: conflicting types for built-in function 'isascii'; expected 'int(int)' [-Wbuiltin-declaration-mismatch]
   94 | char isascii (void);
      |      ^~~~~~~
configure:10217: $? = 0
configure:10217: result: yes
configure:10217: checking for mprotect
configure:10217: gcc  -o conftest -isystem/home/ubuntu/yocto/rpi-build/tmp/work/x86_64-linux/bison-native/3.8.2-r0/recipe-sysroot-native/usr/include -O2 -pipe -isystem/home/ubuntu/yocto/rpi-build/tmp/work/x86_64-linux/bison-native/3.8.2-r0/recipe-sysroot-native/usr/include -L/home/ubuntu/yocto/rpi-build/tmp/work/x86_64-linux/bison-native/3.8.2-r0/recipe-sysroot-native/usr/lib                         -L/home/ubuntu/yocto/rpi-build/tmp/work/x86_64-linux/bison-native/3.8.2-r0/recipe-sysroot-native/lib                         -Wl,--enable-new-dtags                         -Wl,-rpath-link,/home/ubuntu/yocto/rpi-build/tmp/work/x86_64-linux/bison-native/3.8.2-r0/recipe-sysroot-native/usr/lib                         -Wl,-rpath-link,/home/ubuntu/yocto/rpi-build/tmp/work/x86_64-linux/bison-native/3.8.2-r0/recipe-sysroot-native/lib                         -Wl,-rpath,/home/ubuntu/yocto/rpi-build/tmp/work/x86_64-linux/bison-native/3.8.2-r0/recipe-sysroot-native/usr/lib                         -Wl,-rpath,/home/ubuntu/yocto/rpi-build/tmp/work/x86_64-linux/bison-native/3.8.2-r0/recipe-sysroot-native/lib                         -Wl,-O1 -Wl,--allow-shlib-undefined -Wl,--dynamic-linker=/home/ubuntu/yocto/rpi-build/tmp/sysroots-uninative/x86_64-linux/lib/ld-linux-x86-64.so.2 conftest.c  >&5
configure:10217: $? = 0
configure:10217: result: yes
configure:10217: checking for obstack_printf
configure:10217: gcc  -o conftest -isystem/home/ubuntu/yocto/rpi-build/tmp/work/x86_64-linux/bison-native/3.8.2-r0/recipe-sysroot-native/usr/include -O2 -pipe -isystem/home/ubuntu/yocto/rpi-build/tmp/work/x86_64-linux/bison-native/3.8.2-r0/recipe-sysroot-native/usr/include -L/home/ubuntu/yocto/rpi-build/tmp/work/x86_64-linux/bison-native/3.8.2-r0/recipe-sysroot-native/usr/lib                         -L/home/ubuntu/yocto/rpi-build/tmp/work/x86_64-linux/bison-native/3.8.2-r0/recipe-sysroot-native/lib                         -Wl,--enable-new-dtags                         -Wl,-rpath-link,/home/ubuntu/yocto/rpi-build/tmp/work/x86_64-linux/bison-native/3.8.2-r0/recipe-sysroot-native/usr/lib                         -Wl,-rpath-link,/home/ubuntu/yocto/rpi-build/tmp/work/x86_64-linux/bison-native/3.8.2-r0/recipe-sysroot-native/lib                         -Wl,-rpath,/home/ubuntu/yocto/rpi-build/tmp/work/x86_64-linux/bison-native/3.8.2-r0/recipe-sysroot-native/usr/lib                         -Wl,-rpath,/home/ubuntu/yocto/rpi-build/tmp/work/x86_64-linux/bison-native/3.8.2-r0/recipe-sysroot-native/lib                         -Wl,-O1 -Wl,--allow-shlib-undefined -Wl,--dynamic-linker=/home/ubuntu/yocto/rpi-build/tmp/sysroots-uninative/x86_64-linux/lib/ld-linux-x86-64.so.2 conftest.c  >&5
configure:10217: $? = 0
configure:10217: result: yes
configure:10217: checking for strerror_r
configure:10217: gcc  -o conftest -isystem/home/ubuntu/yocto/rpi-build/tmp/work/x86_64-linux/bison-native/3.8.2-r0/recipe-sysroot-native/usr/include -O2 -pipe -isystem/home/ubuntu/yocto/rpi-build/tmp/work/x86_64-linux/bison-native/3.8.2-r0/recipe-sysroot-native/usr/include -L/home/ubuntu/yocto/rpi-build/tmp/work/x86_64-linux/bison-native/3.8.2-r0/recipe-sysroot-native/usr/lib                         -L/home/ubuntu/yocto/rpi-build/tmp/work/x86_64-linux/bison-native/3.8.2-r0/recipe-sysroot-native/lib                         -Wl,--enable-new-dtags                         -Wl,-rpath-link,/home/ubuntu/yocto/rpi-build/tmp/work/x86_64-linux/bison-native/3.8.2-r0/recipe-sysroot-native/usr/lib                         -Wl,-rpath-link,/home/ubuntu/yocto/rpi-build/tmp/work/x86_64-linux/bison-native/3.8.2-r0/recipe-sysroot-native/lib                         -Wl,-rpath,/home/ubuntu/yocto/rpi-build/tmp/work/x86_64-linux/bison-native/3.8.2-r0/recipe-sysroot-native/usr/lib                         -Wl,-rpath,/home/ubuntu/yocto/rpi-build/tmp/work/x86_64-linux/bison-native/3.8.2-r0/recipe-sysroot-native/lib                         -Wl,-O1 -Wl,--allow-shlib-undefined -Wl,--dynamic-linker=/home/ubuntu/yocto/rpi-build/tmp/sysroots-uninative/x86_64-linux/lib/ld-linux-x86-64.so.2 conftest.c  >&5
configure:10217: $? = 0
configure:10217: result: yes
configure:10217: checking for __xpg_strerror_r
configure:10217: gcc  -o conftest -isystem/home/ubuntu/yocto/rpi-build/tmp/work/x86_64-linux/bison-native/3.8.2-r0/recipe-sysroot-native/usr/include -O2 -pipe -isystem/home/ubuntu/yocto/rpi-build/tmp/work/x86_64-linux/bison-native/3.8.2-r0/recipe-sysroot-native/usr/include -L/home/ubuntu/yocto/rpi-build/tmp/work/x86_64-linux/bison-native/3.8.2-r0/recipe-sysroot-native/usr/lib                         -L/home/ubuntu/yocto/rpi-build/tmp/work/x86_64-linux/bison-native/3.8.2-r0/recipe-sysroot-native/lib                         -Wl,--enable-new-dtags                         -Wl,-rpath-link,/home/ubuntu/yocto/rpi-build/tmp/work/x86_64-linux/bison-native/3.8.2-r0/recipe-sysroot-native/usr/lib                         -Wl,-rpath-link,/home/ubuntu/yocto/rpi-build/tmp/work/x86_64-linux/bison-native/3.8.2-r0/recipe-sysroot-native/lib                         -Wl,-rpath,/home/ubuntu/yocto/rpi-build/tmp/work/x86_64-linux/bison-native/3.8.2-r0/recipe-sysroot-native/usr/lib                         -Wl,-rpath,/home/ubuntu/yocto/rpi-build/tmp/work/x86_64-linux/bison-native/3.8.2-r0/recipe-sysroot-native/lib                         -Wl,-O1 -Wl,--allow-shlib-undefined -Wl,--dynamic-linker=/home/ubuntu/yocto/rpi-build/tmp/sysroots-uninative/x86_64-linux/lib/ld-linux-x86-64.so.2 conftest.c  >&5
configure:10217: $? = 0
configure:10217: result: yes
configure:10217: checking for pipe
configure:10217: gcc  -o conftest -isystem/home/ubuntu/yocto/rpi-build/tmp/work/x86_64-linux/bison-native/3.8.2-r0/recipe-sysroot-native/usr/include -O2 -pipe -isystem/home/ubuntu/yocto/rpi-build/tmp/work/x86_64-linux/bison-native/3.8.2-r0/recipe-sysroot-native/usr/include -L/home/ubuntu/yocto/rpi-build/tmp/work/x86_64-linux/bison-native/3.8.2-r0/recipe-sysroot-native/usr/lib                         -L/home/ubuntu/yocto/rpi-build/tmp/work/x86_64-linux/bison-native/3.8.2-r0/recipe-sysroot-native/lib                         -Wl,--enable-new-dtags                         -Wl,-rpath-link,/home/ubuntu/yocto/rpi-build/tmp/work/x86_64-linux/bison-native/3.8.2-r0/recipe-sysroot-native/usr/lib                         -Wl,-rpath-link,/home/ubuntu/yocto/rpi-build/tmp/work/x86_64-linux/bison-native/3.8.2-r0/recipe-sysroot-native/lib                         -Wl,-rpath,/home/ubuntu/yocto/rpi-build/tmp/work/x86_64-linux/bison-native/3.8.2-r0/recipe-sysroot-native/usr/lib                         -Wl,-rpath,/home/ubuntu/yocto/rpi-build/tmp/work/x86_64-linux/bison-native/3.8.2-r0/recipe-sysroot-native/lib                         -Wl,-O1 -Wl,--allow-shlib-undefined -Wl,--dynamic-linker=/home/ubuntu/yocto/rpi-build/tmp/sysroots-uninative/x86_64-linux/lib/ld-linux-x86-64.so.2 conftest.c  >&5
configure:10217: $? = 0
configure:10217: result: yes
configure:10217: checking for pipe2
configure:10217: gcc  -o conftest -isystem/home/ubuntu/yocto/rpi-build/tmp/work/x86_64-linux/bison-native/3.8.2-r0/recipe-sysroot-native/usr/include -O2 -pipe -isystem/home/ubuntu/yocto/rpi-build/tmp/work/x86_64-linux/bison-native/3.8.2-r0/recipe-sysroot-native/usr/include -L/home/ubuntu/yocto/rpi-build/tmp/work/x86_64-linux/bison-native/3.8.2-r0/recipe-sysroot-native/usr/lib                         -L/home/ubuntu/yocto/rpi-build/tmp/work/x86_64-linux/bison-native/3.8.2-r0/recipe-sysroot-native/lib                         -Wl,--enable-new-dtags                         -Wl,-rpath-link,/home/ubuntu/yocto/rpi-build/tmp/work/x86_64-linux/bison-native/3.8.2-r0/recipe-sysroot-native/usr/lib                         -Wl,-rpath-link,/home/ubuntu/yocto/rpi-build/tmp/work/x86_64-linux/bison-native/3.8.2-r0/recipe-sysroot-native/lib                         -Wl,-rpath,/home/ubuntu/yocto/rpi-build/tmp/work/x86_64-linux/bison-native/3.8.2-r0/recipe-sysroot-native/usr/lib                         -Wl,-rpath,/home/ubuntu/yocto/rpi-build/tmp/work/x86_64-linux/bison-native/3.8.2-r0/recipe-sysroot-native/lib                         -Wl,-O1 -Wl,--allow-shlib-undefined -Wl,--dynamic-linker=/home/ubuntu/yocto/rpi-build/tmp/sysroots-uninative/x86_64-linux/lib/ld-linux-x86-64.so.2 conftest.c  >&5
configure:10217: $? = 0
configure:10217: result: yes
configure:10217: checking for posix_spawn_file_actions_addchdir_np
configure:10217: gcc  -o conftest -isystem/home/ubuntu/yocto/rpi-build/tmp/work/x86_64-linux/bison-native/3.8.2-r0/recipe-sysroot-native/usr/include -O2 -pipe -isystem/home/ubuntu/yocto/rpi-build/tmp/work/x86_64-linux/bison-native/3.8.2-r0/recipe-sysroot-native/usr/include -L/home/ubuntu/yocto/rpi-build/tmp/work/x86_64-linux/bison-native/3.8.2-r0/recipe-sysroot-native/usr/lib                         -L/home/ubuntu/yocto/rpi-build/tmp/work/x86_64-linux/bison-native/3.8.2-r0/recipe-sysroot-native/lib                         -Wl,--enable-new-dtags                         -Wl,-rpath-link,/home/ubuntu/yocto/rpi-build/tmp/work/x86_64-linux/bison-native/3.8.2-r0/recipe-sysroot-native/usr/lib                         -Wl,-rpath-link,/home/ubuntu/yocto/rpi-build/tmp/work/x86_64-linux/bison-native/3.8.2-r0/recipe-sysroot-native/lib                         -Wl,-rpath,/home/ubuntu/yocto/rpi-build/tmp/work/x86_64-linux/bison-native/3.8.2-r0/recipe-sysroot-native/usr/lib                         -Wl,-rpath,/home/ubuntu/yocto/rpi-build/tmp/work/x86_64-linux/bison-native/3.8.2-r0/recipe-sysroot-native/lib                         -Wl,-O1 -Wl,--allow-shlib-undefined -Wl,--dynamic-linker=/home/ubuntu/yocto/rpi-build/tmp/sysroots-uninative/x86_64-linux/lib/ld-linux-x86-64.so.2 conftest.c  >&5
configure:10217: $? = 0
configure:10217: result: yes
configure:10217: checking for posix_spawn_file_actions_addchdir
configure:10217: gcc  -o conftest -isystem/home/ubuntu/yocto/rpi-build/tmp/work/x86_64-linux/bison-native/3.8.2-r0/recipe-sysroot-native/usr/include -O2 -pipe -isystem/home/ubuntu/yocto/rpi-build/tmp/work/x86_64-linux/bison-native/3.8.2-r0/recipe-sysroot-native/usr/include -L/home/ubuntu/yocto/rpi-build/tmp/work/x86_64-linux/bison-native/3.8.2-r0/recipe-sysroot-native/usr/lib                         -L/home/ubuntu/yocto/rpi-build/tmp/work/x86_64-linux/bison-native/3.8.2-r0/recipe-sysroot-native/lib                         -Wl,--enable-new-dtags                         -Wl,-rpath-link,/home/ubuntu/yocto/rpi-build/tmp/work/x86_64-linux/bison-native/3.8.2-r0/recipe-sysroot-native/usr/lib                         -Wl,-rpath-link,/home/ubuntu/yocto/rpi-build/tmp/work/x86_64-linux/bison-native/3.8.2-r0/recipe-sysroot-native/lib                         -Wl,-rpath,/home/ubuntu/yocto/rpi-build/tmp/work/x86_64-linux/bison-native/3.8.2-r0/recipe-sysroot-native/usr/lib                         -Wl,-rpath,/home/ubuntu/yocto/rpi-build/tmp/work/x86_64-linux/bison-native/3.8.2-r0/recipe-sysroot-native/lib                         -Wl,-O1 -Wl,--allow-shlib-undefined -Wl,--dynamic-linker=/home/ubuntu/yocto/rpi-build/tmp/sysroots-uninative/x86_64-linux/lib/ld-linux-x86-64.so.2 conftest.c  >&5
/home/ubuntu/yocto/rpi-build/tmp/hosttools/ld: /tmp/ccrHog19.o: in function `main':
conftest.c:(.text.startup+0x9): undefined reference to `posix_spawn_file_actions_addchdir'
collect2: error: ld returned 1 exit status
configure:10217: $? = 1
configure: failed program was:
| /* confdefs.h */
| #define PACKAGE_NAME "GNU Bison"
| #define PACKAGE_TARNAME "bison"
| #define PACKAGE_VERSION "3.8.2"
| #define PACKAGE_STRING "GNU Bison 3.8.2"
| #define PACKAGE_BUGREPORT "bug-bison@gnu.org"
| #define PACKAGE_URL "https://www.gnu.org/software/bison/"
| #define PACKAGE_COPYRIGHT_YEAR 2021
| #define PACKAGE "bison"
| #define VERSION "3.8.2"
| #define HAVE_STDIO_H 1
| #define HAVE_STDLIB_H 1
| #define HAVE_STRING_H 1
| #define HAVE_INTTYPES_H 1
| #define HAVE_STDINT_H 1
| #define HAVE_STRINGS_H 1
| #define HAVE_SYS_STAT_H 1
| #define HAVE_SYS_TYPES_H 1
| #define HAVE_UNISTD_H 1
| #define HAVE_WCHAR_H 1
| #define HAVE_LOCALE_H 1
| #define HAVE_SYS_PARAM_H 1
| #define HAVE_SYS_SOCKET_H 1
| #define HAVE_STDIO_EXT_H 1
| #define HAVE_FEATURES_H 1
| #define HAVE_GETOPT_H 1
| #define HAVE_SYS_CDEFS_H 1
| #define HAVE_SYS_TIME_H 1
| #define HAVE_ICONV_H 1
| #define HAVE_LIMITS_H 1
| #define HAVE_WCTYPE_H 1
| #define HAVE_THREADS_H 1
| #define HAVE_MATH_H 1
| #define HAVE_SYS_MMAN_H 1
| #define HAVE_SPAWN_H 1
| #define HAVE_SYS_IOCTL_H 1
| #define HAVE_SYS_RESOURCE_H 1
| #define HAVE_SYS_TIMES_H 1
| #define HAVE_SYS_WAIT_H 1
| #define HAVE_TERMIOS_H 1
| #define HAVE_DIRENT_H 1
| #define STDC_HEADERS 1
| #define _ALL_SOURCE 1
| #define _DARWIN_C_SOURCE 1
| #define _GNU_SOURCE 1
| #define _HPUX_ALT_XOPEN_SOCKET_API 1
| #define _NETBSD_SOURCE 1
| #define _OPENBSD_SOURCE 1
| #define _POSIX_PTHREAD_SEMANTICS 1
| #define __STDC_WANT_IEC_60559_ATTRIBS_EXT__ 1
| #define __STDC_WANT_IEC_60559_BFP_EXT__ 1
| #define __STDC_WANT_IEC_60559_DFP_EXT__ 1
| #define __STDC_WANT_IEC_60559_FUNCS_EXT__ 1
| #define __STDC_WANT_IEC_60559_TYPES_EXT__ 1
| #define __STDC_WANT_LIB_EXT2__ 1
| #define __STDC_WANT_MATH_SPEC_FUNCS__ 1
| #define _TANDEM_SOURCE 1
| #define __EXTENSIONS__ 1
| #define HAVE_TCDRAIN 1
| #define HAVE_CANONICALIZE_FILE_NAME 1
| #define HAVE_FACCESSAT 1
| #define HAVE_REALPATH 1
| #define HAVE_LSTAT 1
| #define HAVE_READLINKAT 1
| #define HAVE_FCHDIR 1
| #define HAVE_FCNTL 1
| #define HAVE_SYMLINK 1
| #define HAVE_FFSL 1
| #define HAVE_SNPRINTF 1
| #define HAVE_FSYNC 1
| #define HAVE_GETRUSAGE 1
| #define HAVE_GETTIMEOFDAY 1
| #define HAVE_ISWCNTRL 1
| #define HAVE_ISWBLANK 1
| #define HAVE_MBSINIT 1
| #define HAVE_MBRTOWC 1
| #define HAVE_ISASCII 1
| #define HAVE_MPROTECT 1
| #define HAVE_OBSTACK_PRINTF 1
| #define HAVE_STRERROR_R 1
| #define HAVE___XPG_STRERROR_R 1
| #define HAVE_PIPE 1
| #define HAVE_PIPE2 1
| #define HAVE_POSIX_SPAWN_FILE_ACTIONS_ADDCHDIR_NP 1
| /* end confdefs.h.  */
| /* Define posix_spawn_file_actions_addchdir to an innocuous variant, in case <limits.h> declares posix_spawn_file_actions_addchdir.
|    For example, HP-UX 11i <limits.h> declares gettimeofday.  */
| #define posix_spawn_file_actions_addchdir innocuous_posix_spawn_file_actions_addchdir
| 
| /* System header to define __stub macros and hopefully few prototypes,
|    which can conflict with char posix_spawn_file_actions_addchdir (void); below.  */
| 
| #include <limits.h>
| #undef posix_spawn_file_actions_addchdir
| 
| /* Override any GCC internal prototype to avoid an error.
|    Use char because int might match the return type of a GCC
|    builtin and then its argument prototype would still apply.  */
| #ifdef __cplusplus
| extern "C"
| #endif
| char posix_spawn_file_actions_addchdir (void);
| /* The GNU C library defines this for functions which it implements
|     to always fail with ENOSYS.  Some functions are actually named
|     something starting with __ and the normal name is an alias.  */
| #if defined __stub_posix_spawn_file_actions_addchdir || defined __stub___posix_spawn_file_actions_addchdir
| choke me
| #endif
| 
| int
| main (void)
| {
| return posix_spawn_file_actions_addchdir ();
|   ;
|   return 0;
| }
configure:10217: result: no
configure:10217: checking for readlink
configure:10217: gcc  -o conftest -isystem/home/ubuntu/yocto/rpi-build/tmp/work/x86_64-linux/bison-native/3.8.2-r0/recipe-sysroot-native/usr/include -O2 -pipe -isystem/home/ubuntu/yocto/rpi-build/tmp/work/x86_64-linux/bison-native/3.8.2-r0/recipe-sysroot-native/usr/include -L/home/ubuntu/yocto/rpi-build/tmp/work/x86_64-linux/bison-native/3.8.2-r0/recipe-sysroot-native/usr/lib                         -L/home/ubuntu/yocto/rpi-build/tmp/work/x86_64-linux/bison-native/3.8.2-r0/recipe-sysroot-native/lib                         -Wl,--enable-new-dtags                         -Wl,-rpath-link,/home/ubuntu/yocto/rpi-build/tmp/work/x86_64-linux/bison-native/3.8.2-r0/recipe-sysroot-native/usr/lib                         -Wl,-rpath-link,/home/ubuntu/yocto/rpi-build/tmp/work/x86_64-linux/bison-native/3.8.2-r0/recipe-sysroot-native/lib                         -Wl,-rpath,/home/ubuntu/yocto/rpi-build/tmp/work/x86_64-linux/bison-native/3.8.2-r0/recipe-sysroot-native/usr/lib                         -Wl,-rpath,/home/ubuntu/yocto/rpi-build/tmp/work/x86_64-linux/bison-native/3.8.2-r0/recipe-sysroot-native/lib                         -Wl,-O1 -Wl,--allow-shlib-undefined -Wl,--dynamic-linker=/home/ubuntu/yocto/rpi-build/tmp/sysroots-uninative/x86_64-linux/lib/ld-linux-x86-64.so.2 conftest.c  >&5
configure:10217: $? = 0
configure:10217: result: yes
configure:10217: checking for setenv
configure:10217: gcc  -o conftest -isystem/home/ubuntu/yocto/rpi-build/tmp/work/x86_64-linux/bison-native/3.8.2-r0/recipe-sysroot-native/usr/include -O2 -pipe -isystem/home/ubuntu/yocto/rpi-build/tmp/work/x86_64-linux/bison-native/3.8.2-r0/recipe-sysroot-native/usr/include -L/home/ubuntu/yocto/rpi-build/tmp/work/x86_64-linux/bison-native/3.8.2-r0/recipe-sysroot-native/usr/lib                         -L/home/ubuntu/yocto/rpi-build/tmp/work/x86_64-linux/bison-native/3.8.2-r0/recipe-sysroot-native/lib                         -Wl,--enable-new-dtags                         -Wl,-rpath-link,/home/ubuntu/yocto/rpi-build/tmp/work/x86_64-linux/bison-native/3.8.2-r0/recipe-sysroot-native/usr/lib                         -Wl,-rpath-link,/home/ubuntu/yocto/rpi-build/tmp/work/x86_64-linux/bison-native/3.8.2-r0/recipe-sysroot-native/lib                         -Wl,-rpath,/home/ubuntu/yocto/rpi-build/tmp/work/x86_64-linux/bison-native/3.8.2-r0/recipe-sysroot-native/usr/lib                         -Wl,-rpath,/home/ubuntu/yocto/rpi-build/tmp/work/x86_64-linux/bison-native/3.8.2-r0/recipe-sysroot-native/lib                         -Wl,-O1 -Wl,--allow-shlib-undefined -Wl,--dynamic-linker=/home/ubuntu/yocto/rpi-build/tmp/sysroots-uninative/x86_64-linux/lib/ld-linux-x86-64.so.2 conftest.c  >&5
configure:10217: $? = 0
configure:10217: result: yes
configure:10217: checking for link
configure:10217: gcc  -o conftest -isystem/home/ubuntu/yocto/rpi-build/tmp/work/x86_64-linux/bison-native/3.8.2-r0/recipe-sysroot-native/usr/include -O2 -pipe -isystem/home/ubuntu/yocto/rpi-build/tmp/work/x86_64-linux/bison-native/3.8.2-r0/recipe-sysroot-native/usr/include -L/home/ubuntu/yocto/rpi-build/tmp/work/x86_64-linux/bison-native/3.8.2-r0/recipe-sysroot-native/usr/lib                         -L/home/ubuntu/yocto/rpi-build/tmp/work/x86_64-linux/bison-native/3.8.2-r0/recipe-sysroot-native/lib                         -Wl,--enable-new-dtags                         -Wl,-rpath-link,/home/ubuntu/yocto/rpi-build/tmp/work/x86_64-linux/bison-native/3.8.2-r0/recipe-sysroot-native/usr/lib                         -Wl,-rpath-link,/home/ubuntu/yocto/rpi-build/tmp/work/x86_64-linux/bison-native/3.8.2-r0/recipe-sysroot-native/lib                         -Wl,-rpath,/home/ubuntu/yocto/rpi-build/tmp/work/x86_64-linux/bison-native/3.8.2-r0/recipe-sysroot-native/usr/lib                         -Wl,-rpath,/home/ubuntu/yocto/rpi-build/tmp/work/x86_64-linux/bison-native/3.8.2-r0/recipe-sysroot-native/lib                         -Wl,-O1 -Wl,--allow-shlib-undefined -Wl,--dynamic-linker=/home/ubuntu/yocto/rpi-build/tmp/sysroots-uninative/x86_64-linux/lib/ld-linux-x86-64.so.2 conftest.c  >&5
configure:10217: $? = 0
configure:10217: result: yes
configure:10217: checking for sigaction
configure:10217: gcc  -o conftest -isystem/home/ubuntu/yocto/rpi-build/tmp/work/x86_64-linux/bison-native/3.8.2-r0/recipe-sysroot-native/usr/include -O2 -pipe -isystem/home/ubuntu/yocto/rpi-build/tmp/work/x86_64-linux/bison-native/3.8.2-r0/recipe-sysroot-native/usr/include -L/home/ubuntu/yocto/rpi-build/tmp/work/x86_64-linux/bison-native/3.8.2-r0/recipe-sysroot-native/usr/lib                         -L/home/ubuntu/yocto/rpi-build/tmp/work/x86_64-linux/bison-native/3.8.2-r0/recipe-sysroot-native/lib                         -Wl,--enable-new-dtags                         -Wl,-rpath-link,/home/ubuntu/yocto/rpi-build/tmp/work/x86_64-linux/bison-native/3.8.2-r0/recipe-sysroot-native/usr/lib                         -Wl,-rpath-link,/home/ubuntu/yocto/rpi-build/tmp/work/x86_64-linux/bison-native/3.8.2-r0/recipe-sysroot-native/lib                         -Wl,-rpath,/home/ubuntu/yocto/rpi-build/tmp/work/x86_64-linux/bison-native/3.8.2-r0/recipe-sysroot-native/usr/lib                         -Wl,-rpath,/home/ubuntu/yocto/rpi-build/tmp/work/x86_64-linux/bison-native/3.8.2-r0/recipe-sysroot-native/lib                         -Wl,-O1 -Wl,--allow-shlib-undefined -Wl,--dynamic-linker=/home/ubuntu/yocto/rpi-build/tmp/sysroots-uninative/x86_64-linux/lib/ld-linux-x86-64.so.2 conftest.c  >&5
configure:10217: $? = 0
configure:10217: result: yes
configure:10217: checking for sigaltstack
configure:10217: gcc  -o conftest -isystem/home/ubuntu/yocto/rpi-build/tmp/work/x86_64-linux/bison-native/3.8.2-r0/recipe-sysroot-native/usr/include -O2 -pipe -isystem/home/ubuntu/yocto/rpi-build/tmp/work/x86_64-linux/bison-native/3.8.2-r0/recipe-sysroot-native/usr/include -L/home/ubuntu/yocto/rpi-build/tmp/work/x86_64-linux/bison-native/3.8.2-r0/recipe-sysroot-native/usr/lib                         -L/home/ubuntu/yocto/rpi-build/tmp/work/x86_64-linux/bison-native/3.8.2-r0/recipe-sysroot-native/lib                         -Wl,--enable-new-dtags                         -Wl,-rpath-link,/home/ubuntu/yocto/rpi-build/tmp/work/x86_64-linux/bison-native/3.8.2-r0/recipe-sysroot-native/usr/lib                         -Wl,-rpath-link,/home/ubuntu/yocto/rpi-build/tmp/work/x86_64-linux/bison-native/3.8.2-r0/recipe-sysroot-native/lib                         -Wl,-rpath,/home/ubuntu/yocto/rpi-build/tmp/work/x86_64-linux/bison-native/3.8.2-r0/recipe-sysroot-native/usr/lib                         -Wl,-rpath,/home/ubuntu/yocto/rpi-build/tmp/work/x86_64-linux/bison-native/3.8.2-r0/recipe-sysroot-native/lib                         -Wl,-O1 -Wl,--allow-shlib-undefined -Wl,--dynamic-linker=/home/ubuntu/yocto/rpi-build/tmp/sysroots-uninative/x86_64-linux/lib/ld-linux-x86-64.so.2 conftest.c  >&5
configure:10217: $? = 0
configure:10217: result: yes
configure:10217: checking for siginterrupt
configure:10217: gcc  -o conftest -isystem/home/ubuntu/yocto/rpi-build/tmp/work/x86_64-linux/bison-native/3.8.2-r0/recipe-sysroot-native/usr/include -O2 -pipe -isystem/home/ubuntu/yocto/rpi-build/tmp/work/x86_64-linux/bison-native/3.8.2-r0/recipe-sysroot-native/usr/include -L/home/ubuntu/yocto/rpi-build/tmp/work/x86_64-linux/bison-native/3.8.2-r0/recipe-sysroot-native/usr/lib                         -L/home/ubuntu/yocto/rpi-build/tmp/work/x86_64-linux/bison-native/3.8.2-r0/recipe-sysroot-native/lib                         -Wl,--enable-new-dtags                         -Wl,-rpath-link,/home/ubuntu/yocto/rpi-build/tmp/work/x86_64-linux/bison-native/3.8.2-r0/recipe-sysroot-native/usr/lib                         -Wl,-rpath-link,/home/ubuntu/yocto/rpi-build/tmp/work/x86_64-linux/bison-native/3.8.2-r0/recipe-sysroot-native/lib                         -Wl,-rpath,/home/ubuntu/yocto/rpi-build/tmp/work/x86_64-linux/bison-native/3.8.2-r0/recipe-sysroot-native/usr/lib                         -Wl,-rpath,/home/ubuntu/yocto/rpi-build/tmp/work/x86_64-linux/bison-native/3.8.2-r0/recipe-sysroot-native/lib                         -Wl,-O1 -Wl,--allow-shlib-undefined -Wl,--dynamic-linker=/home/ubuntu/yocto/rpi-build/tmp/sysroots-uninative/x86_64-linux/lib/ld-linux-x86-64.so.2 conftest.c  >&5
configure:10217: $? = 0
configure:10217: result: yes
configure:10217: checking for stpncpy
configure:10217: gcc  -o conftest -isystem/home/ubuntu/yocto/rpi-build/tmp/work/x86_64-linux/bison-native/3.8.2-r0/recipe-sysroot-native/usr/include -O2 -pipe -isystem/home/ubuntu/yocto/rpi-build/tmp/work/x86_64-linux/bison-native/3.8.2-r0/recipe-sysroot-native/usr/include -L/home/ubuntu/yocto/rpi-build/tmp/work/x86_64-linux/bison-native/3.8.2-r0/recipe-sysroot-native/usr/lib                         -L/home/ubuntu/yocto/rpi-build/tmp/work/x86_64-linux/bison-native/3.8.2-r0/recipe-sysroot-native/lib                         -Wl,--enable-new-dtags                         -Wl,-rpath-link,/home/ubuntu/yocto/rpi-build/tmp/work/x86_64-linux/bison-native/3.8.2-r0/recipe-sysroot-native/usr/lib                         -Wl,-rpath-link,/home/ubuntu/yocto/rpi-build/tmp/work/x86_64-linux/bison-native/3.8.2-r0/recipe-sysroot-native/lib                         -Wl,-rpath,/home/ubuntu/yocto/rpi-build/tmp/work/x86_64-linux/bison-native/3.8.2-r0/recipe-sysroot-native/usr/lib                         -Wl,-rpath,/home/ubuntu/yocto/rpi-build/tmp/work/x86_64-linux/bison-native/3.8.2-r0/recipe-sysroot-native/lib                         -Wl,-O1 -Wl,--allow-shlib-undefined -Wl,--dynamic-linker=/home/ubuntu/yocto/rpi-build/tmp/sysroots-uninative/x86_64-linux/lib/ld-linux-x86-64.so.2 conftest.c  >&5
conftest.c:108:6: warning: conflicting types for built-in function 'stpncpy'; expected 'char *(char *, const char *, long unsigned int)' [-Wbuiltin-declaration-mismatch]
  108 | char stpncpy (void);
      |      ^~~~~~~
configure:10217: $? = 0
configure:10217: result: yes
configure:10217: checking for strndup
configure:10217: gcc  -o conftest -isystem/home/ubuntu/yocto/rpi-build/tmp/work/x86_64-linux/bison-native/3.8.2-r0/recipe-sysroot-native/usr/include -O2 -pipe -isystem/home/ubuntu/yocto/rpi-build/tmp/work/x86_64-linux/bison-native/3.8.2-r0/recipe-sysroot-native/usr/include -L/home/ubuntu/yocto/rpi-build/tmp/work/x86_64-linux/bison-native/3.8.2-r0/recipe-sysroot-native/usr/lib                         -L/home/ubuntu/yocto/rpi-build/tmp/work/x86_64-linux/bison-native/3.8.2-r0/recipe-sysroot-native/lib                         -Wl,--enable-new-dtags                         -Wl,-rpath-link,/home/ubuntu/yocto/rpi-build/tmp/work/x86_64-linux/bison-native/3.8.2-r0/recipe-sysroot-native/usr/lib                         -Wl,-rpath-link,/home/ubuntu/yocto/rpi-build/tmp/work/x86_64-linux/bison-native/3.8.2-r0/recipe-sysroot-native/lib                         -Wl,-rpath,/home/ubuntu/yocto/rpi-build/tmp/work/x86_64-linux/bison-native/3.8.2-r0/recipe-sysroot-native/usr/lib                         -Wl,-rpath,/home/ubuntu/yocto/rpi-build/tmp/work/x86_64-linux/bison-native/3.8.2-r0/recipe-sysroot-native/lib                         -Wl,-O1 -Wl,--allow-shlib-undefined -Wl,--dynamic-linker=/home/ubuntu/yocto/rpi-build/tmp/sysroots-uninative/x86_64-linux/lib/ld-linux-x86-64.so.2 conftest.c  >&5
conftest.c:109:6: warning: conflicting types for built-in function 'strndup'; expected 'char *(const char *, long unsigned int)' [-Wbuiltin-declaration-mismatch]
  109 | char strndup (void);
      |      ^~~~~~~
configure:10217: $? = 0
configure:10217: result: yes
configure:10217: checking for wcwidth
configure:10217: gcc  -o conftest -isystem/home/ubuntu/yocto/rpi-build/tmp/work/x86_64-linux/bison-native/3.8.2-r0/recipe-sysroot-native/usr/include -O2 -pipe -isystem/home/ubuntu/yocto/rpi-build/tmp/work/x86_64-linux/bison-native/3.8.2-r0/recipe-sysroot-native/usr/include -L/home/ubuntu/yocto/rpi-build/tmp/work/x86_64-linux/bison-native/3.8.2-r0/recipe-sysroot-native/usr/lib                         -L/home/ubuntu/yocto/rpi-build/tmp/work/x86_64-linux/bison-native/3.8.2-r0/recipe-sysroot-native/lib                         -Wl,--enable-new-dtags                         -Wl,-rpath-link,/home/ubuntu/yocto/rpi-build/tmp/work/x86_64-linux/bison-native/3.8.2-r0/recipe-sysroot-native/usr/lib                         -Wl,-rpath-link,/home/ubuntu/yocto/rpi-build/tmp/work/x86_64-linux/bison-native/3.8.2-r0/recipe-sysroot-native/lib                         -Wl,-rpath,/home/ubuntu/yocto/rpi-build/tmp/work/x86_64-linux/bison-native/3.8.2-r0/recipe-sysroot-native/usr/lib                         -Wl,-rpath,/home/ubuntu/yocto/rpi-build/tmp/work/x86_64-linux/bison-native/3.8.2-r0/recipe-sysroot-native/lib                         -Wl,-O1 -Wl,--allow-shlib-undefined -Wl,--dynamic-linker=/home/ubuntu/yocto/rpi-build/tmp/sysroots-uninative/x86_64-linux/lib/ld-linux-x86-64.so.2 conftest.c  >&5
configure:10217: $? = 0
configure:10217: result: yes
configure:10217: checking for fdopendir
configure:10217: gcc  -o conftest -isystem/home/ubuntu/yocto/rpi-build/tmp/work/x86_64-linux/bison-native/3.8.2-r0/recipe-sysroot-native/usr/include -O2 -pipe -isystem/home/ubuntu/yocto/rpi-build/tmp/work/x86_64-linux/bison-native/3.8.2-r0/recipe-sysroot-native/usr/include -L/home/ubuntu/yocto/rpi-build/tmp/work/x86_64-linux/bison-native/3.8.2-r0/recipe-sysroot-native/usr/lib                         -L/home/ubuntu/yocto/rpi-build/tmp/work/x86_64-linux/bison-native/3.8.2-r0/recipe-sysroot-native/lib                         -Wl,--enable-new-dtags                         -Wl,-rpath-link,/home/ubuntu/yocto/rpi-build/tmp/work/x86_64-linux/bison-native/3.8.2-r0/recipe-sysroot-native/usr/lib                         -Wl,-rpath-link,/home/ubuntu/yocto/rpi-build/tmp/work/x86_64-linux/bison-native/3.8.2-r0/recipe-sysroot-native/lib                         -Wl,-rpath,/home/ubuntu/yocto/rpi-build/tmp/work/x86_64-linux/bison-native/3.8.2-r0/recipe-sysroot-native/usr/lib                         -Wl,-rpath,/home/ubuntu/yocto/rpi-build/tmp/work/x86_64-linux/bison-native/3.8.2-r0/recipe-sysroot-native/lib                         -Wl,-O1 -Wl,--allow-shlib-undefined -Wl,--dynamic-linker=/home/ubuntu/yocto/rpi-build/tmp/sysroots-uninative/x86_64-linux/lib/ld-linux-x86-64.so.2 conftest.c  >&5
configure:10217: $? = 0
configure:10217: result: yes
configure:10217: checking for mempcpy
configure:10217: gcc  -o conftest -isystem/home/ubuntu/yocto/rpi-build/tmp/work/x86_64-linux/bison-native/3.8.2-r0/recipe-sysroot-native/usr/include -O2 -pipe -isystem/home/ubuntu/yocto/rpi-build/tmp/work/x86_64-linux/bison-native/3.8.2-r0/recipe-sysroot-native/usr/include -L/home/ubuntu/yocto/rpi-build/tmp/work/x86_64-linux/bison-native/3.8.2-r0/recipe-sysroot-native/usr/lib                         -L/home/ubuntu/yocto/rpi-build/tmp/work/x86_64-linux/bison-native/3.8.2-r0/recipe-sysroot-native/lib                         -Wl,--enable-new-dtags                         -Wl,-rpath-link,/home/ubuntu/yocto/rpi-build/tmp/work/x86_64-linux/bison-native/3.8.2-r0/recipe-sysroot-native/usr/lib                         -Wl,-rpath-link,/home/ubuntu/yocto/rpi-build/tmp/work/x86_64-linux/bison-native/3.8.2-r0/recipe-sysroot-native/lib                         -Wl,-rpath,/home/ubuntu/yocto/rpi-build/tmp/work/x86_64-linux/bison-native/3.8.2-r0/recipe-sysroot-native/usr/lib                         -Wl,-rpath,/home/ubuntu/yocto/rpi-build/tmp/work/x86_64-linux/bison-native/3.8.2-r0/recipe-sysroot-native/lib                         -Wl,-O1 -Wl,--allow-shlib-undefined -Wl,--dynamic-linker=/home/ubuntu/yocto/rpi-build/tmp/sysroots-uninative/x86_64-linux/lib/ld-linux-x86-64.so.2 conftest.c  >&5
conftest.c:112:6: warning: conflicting types for built-in function 'mempcpy'; expected 'void *(void *, const void *, long unsigned int)' [-Wbuiltin-declaration-mismatch]
  112 | char mempcpy (void);
      |      ^~~~~~~
configure:10217: $? = 0
configure:10217: result: yes
configure:10217: checking for __fseterr
configure:10217: gcc  -o conftest -isystem/home/ubuntu/yocto/rpi-build/tmp/work/x86_64-linux/bison-native/3.8.2-r0/recipe-sysroot-native/usr/include -O2 -pipe -isystem/home/ubuntu/yocto/rpi-build/tmp/work/x86_64-linux/bison-native/3.8.2-r0/recipe-sysroot-native/usr/include -L/home/ubuntu/yocto/rpi-build/tmp/work/x86_64-linux/bison-native/3.8.2-r0/recipe-sysroot-native/usr/lib                         -L/home/ubuntu/yocto/rpi-build/tmp/work/x86_64-linux/bison-native/3.8.2-r0/recipe-sysroot-native/lib                         -Wl,--enable-new-dtags                         -Wl,-rpath-link,/home/ubuntu/yocto/rpi-build/tmp/work/x86_64-linux/bison-native/3.8.2-r0/recipe-sysroot-native/usr/lib                         -Wl,-rpath-link,/home/ubuntu/yocto/rpi-build/tmp/work/x86_64-linux/bison-native/3.8.2-r0/recipe-sysroot-native/lib                         -Wl,-rpath,/home/ubuntu/yocto/rpi-build/tmp/work/x86_64-linux/bison-native/3.8.2-r0/recipe-sysroot-native/usr/lib                         -Wl,-rpath,/home/ubuntu/yocto/rpi-build/tmp/work/x86_64-linux/bison-native/3.8.2-r0/recipe-sysroot-native/lib                         -Wl,-O1 -Wl,--allow-shlib-undefined -Wl,--dynamic-linker=/home/ubuntu/yocto/rpi-build/tmp/sysroots-uninative/x86_64-linux/lib/ld-linux-x86-64.so.2 conftest.c  >&5
/home/ubuntu/yocto/rpi-build/tmp/hosttools/ld: /tmp/ccfYbkKL.o: in function `main':
conftest.c:(.text.startup+0x9): undefined reference to `__fseterr'
collect2: error: ld returned 1 exit status
configure:10217: $? = 1
configure: failed program was:
| /* confdefs.h */
| #define PACKAGE_NAME "GNU Bison"
| #define PACKAGE_TARNAME "bison"
| #define PACKAGE_VERSION "3.8.2"
| #define PACKAGE_STRING "GNU Bison 3.8.2"
| #define PACKAGE_BUGREPORT "bug-bison@gnu.org"
| #define PACKAGE_URL "https://www.gnu.org/software/bison/"
| #define PACKAGE_COPYRIGHT_YEAR 2021
| #define PACKAGE "bison"
| #define VERSION "3.8.2"
| #define HAVE_STDIO_H 1
| #define HAVE_STDLIB_H 1
| #define HAVE_STRING_H 1
| #define HAVE_INTTYPES_H 1
| #define HAVE_STDINT_H 1
| #define HAVE_STRINGS_H 1
| #define HAVE_SYS_STAT_H 1
| #define HAVE_SYS_TYPES_H 1
| #define HAVE_UNISTD_H 1
| #define HAVE_WCHAR_H 1
| #define HAVE_LOCALE_H 1
| #define HAVE_SYS_PARAM_H 1
| #define HAVE_SYS_SOCKET_H 1
| #define HAVE_STDIO_EXT_H 1
| #define HAVE_FEATURES_H 1
| #define HAVE_GETOPT_H 1
| #define HAVE_SYS_CDEFS_H 1
| #define HAVE_SYS_TIME_H 1
| #define HAVE_ICONV_H 1
| #define HAVE_LIMITS_H 1
| #define HAVE_WCTYPE_H 1
| #define HAVE_THREADS_H 1
| #define HAVE_MATH_H 1
| #define HAVE_SYS_MMAN_H 1
| #define HAVE_SPAWN_H 1
| #define HAVE_SYS_IOCTL_H 1
| #define HAVE_SYS_RESOURCE_H 1
| #define HAVE_SYS_TIMES_H 1
| #define HAVE_SYS_WAIT_H 1
| #define HAVE_TERMIOS_H 1
| #define HAVE_DIRENT_H 1
| #define STDC_HEADERS 1
| #define _ALL_SOURCE 1
| #define _DARWIN_C_SOURCE 1
| #define _GNU_SOURCE 1
| #define _HPUX_ALT_XOPEN_SOCKET_API 1
| #define _NETBSD_SOURCE 1
| #define _OPENBSD_SOURCE 1
| #define _POSIX_PTHREAD_SEMANTICS 1
| #define __STDC_WANT_IEC_60559_ATTRIBS_EXT__ 1
| #define __STDC_WANT_IEC_60559_BFP_EXT__ 1
| #define __STDC_WANT_IEC_60559_DFP_EXT__ 1
| #define __STDC_WANT_IEC_60559_FUNCS_EXT__ 1
| #define __STDC_WANT_IEC_60559_TYPES_EXT__ 1
| #define __STDC_WANT_LIB_EXT2__ 1
| #define __STDC_WANT_MATH_SPEC_FUNCS__ 1
| #define _TANDEM_SOURCE 1
| #define __EXTENSIONS__ 1
| #define HAVE_TCDRAIN 1
| #define HAVE_CANONICALIZE_FILE_NAME 1
| #define HAVE_FACCESSAT 1
| #define HAVE_REALPATH 1
| #define HAVE_LSTAT 1
| #define HAVE_READLINKAT 1
| #define HAVE_FCHDIR 1
| #define HAVE_FCNTL 1
| #define HAVE_SYMLINK 1
| #define HAVE_FFSL 1
| #define HAVE_SNPRINTF 1
| #define HAVE_FSYNC 1
| #define HAVE_GETRUSAGE 1
| #define HAVE_GETTIMEOFDAY 1
| #define HAVE_ISWCNTRL 1
| #define HAVE_ISWBLANK 1
| #define HAVE_MBSINIT 1
| #define HAVE_MBRTOWC 1
| #define HAVE_ISASCII 1
| #define HAVE_MPROTECT 1
| #define HAVE_OBSTACK_PRINTF 1
| #define HAVE_STRERROR_R 1
| #define HAVE___XPG_STRERROR_R 1
| #define HAVE_PIPE 1
| #define HAVE_PIPE2 1
| #define HAVE_POSIX_SPAWN_FILE_ACTIONS_ADDCHDIR_NP 1
| #define HAVE_READLINK 1
| #define HAVE_SETENV 1
| #define HAVE_LINK 1
| #define HAVE_SIGACTION 1
| #define HAVE_SIGALTSTACK 1
| #define HAVE_SIGINTERRUPT 1
| #define HAVE_STPNCPY 1
| #define HAVE_STRNDUP 1
| #define HAVE_WCWIDTH 1
| #define HAVE_FDOPENDIR 1
| #define HAVE_MEMPCPY 1
| /* end confdefs.h.  */
| /* Define __fseterr to an innocuous variant, in case <limits.h> declares __fseterr.
|    For example, HP-UX 11i <limits.h> declares gettimeofday.  */
| #define __fseterr innocuous___fseterr
| 
| /* System header to define __stub macros and hopefully few prototypes,
|    which can conflict with char __fseterr (void); below.  */
| 
| #include <limits.h>
| #undef __fseterr
| 
| /* Override any GCC internal prototype to avoid an error.
|    Use char because int might match the return type of a GCC
|    builtin and then its argument prototype would still apply.  */
| #ifdef __cplusplus
| extern "C"
| #endif
| char __fseterr (void);
| /* The GNU C library defines this for functions which it implements
|     to always fail with ENOSYS.  Some functions are actually named
|     something starting with __ and the normal name is an alias.  */
| #if defined __stub___fseterr || defined __stub_____fseterr
| choke me
| #endif
| 
| int
| main (void)
| {
| return __fseterr ();
|   ;
|   return 0;
| }
configure:10217: result: no
configure:10217: checking for fstatat
configure:10217: gcc  -o conftest -isystem/home/ubuntu/yocto/rpi-build/tmp/work/x86_64-linux/bison-native/3.8.2-r0/recipe-sysroot-native/usr/include -O2 -pipe -isystem/home/ubuntu/yocto/rpi-build/tmp/work/x86_64-linux/bison-native/3.8.2-r0/recipe-sysroot-native/usr/include -L/home/ubuntu/yocto/rpi-build/tmp/work/x86_64-linux/bison-native/3.8.2-r0/recipe-sysroot-native/usr/lib                         -L/home/ubuntu/yocto/rpi-build/tmp/work/x86_64-linux/bison-native/3.8.2-r0/recipe-sysroot-native/lib                         -Wl,--enable-new-dtags                         -Wl,-rpath-link,/home/ubuntu/yocto/rpi-build/tmp/work/x86_64-linux/bison-native/3.8.2-r0/recipe-sysroot-native/usr/lib                         -Wl,-rpath-link,/home/ubuntu/yocto/rpi-build/tmp/work/x86_64-linux/bison-native/3.8.2-r0/recipe-sysroot-native/lib                         -Wl,-rpath,/home/ubuntu/yocto/rpi-build/tmp/work/x86_64-linux/bison-native/3.8.2-r0/recipe-sysroot-native/usr/lib                         -Wl,-rpath,/home/ubuntu/yocto/rpi-build/tmp/work/x86_64-linux/bison-native/3.8.2-r0/recipe-sysroot-native/lib                         -Wl,-O1 -Wl,--allow-shlib-undefined -Wl,--dynamic-linker=/home/ubuntu/yocto/rpi-build/tmp/sysroots-uninative/x86_64-linux/lib/ld-linux-x86-64.so.2 conftest.c  >&5
configure:10217: $? = 0
configure:10217: result: yes
configure:10217: checking for getdelim
configure:10217: gcc  -o conftest -isystem/home/ubuntu/yocto/rpi-build/tmp/work/x86_64-linux/bison-native/3.8.2-r0/recipe-sysroot-native/usr/include -O2 -pipe -isystem/home/ubuntu/yocto/rpi-build/tmp/work/x86_64-linux/bison-native/3.8.2-r0/recipe-sysroot-native/usr/include -L/home/ubuntu/yocto/rpi-build/tmp/work/x86_64-linux/bison-native/3.8.2-r0/recipe-sysroot-native/usr/lib                         -L/home/ubuntu/yocto/rpi-build/tmp/work/x86_64-linux/bison-native/3.8.2-r0/recipe-sysroot-native/lib                         -Wl,--enable-new-dtags                         -Wl,-rpath-link,/home/ubuntu/yocto/rpi-build/tmp/work/x86_64-linux/bison-native/3.8.2-r0/recipe-sysroot-native/usr/lib                         -Wl,-rpath-link,/home/ubuntu/yocto/rpi-build/tmp/work/x86_64-linux/bison-native/3.8.2-r0/recipe-sysroot-native/lib                         -Wl,-rpath,/home/ubuntu/yocto/rpi-build/tmp/work/x86_64-linux/bison-native/3.8.2-r0/recipe-sysroot-native/usr/lib                         -Wl,-rpath,/home/ubuntu/yocto/rpi-build/tmp/work/x86_64-linux/bison-native/3.8.2-r0/recipe-sysroot-native/lib                         -Wl,-O1 -Wl,--allow-shlib-undefined -Wl,--dynamic-linker=/home/ubuntu/yocto/rpi-build/tmp/sysroots-uninative/x86_64-linux/lib/ld-linux-x86-64.so.2 conftest.c  >&5
configure:10217: $? = 0
configure:10217: result: yes
configure:10217: checking for getdtablesize
configure:10217: gcc  -o conftest -isystem/home/ubuntu/yocto/rpi-build/tmp/work/x86_64-linux/bison-native/3.8.2-r0/recipe-sysroot-native/usr/include -O2 -pipe -isystem/home/ubuntu/yocto/rpi-build/tmp/work/x86_64-linux/bison-native/3.8.2-r0/recipe-sysroot-native/usr/include -L/home/ubuntu/yocto/rpi-build/tmp/work/x86_64-linux/bison-native/3.8.2-r0/recipe-sysroot-native/usr/lib                         -L/home/ubuntu/yocto/rpi-build/tmp/work/x86_64-linux/bison-native/3.8.2-r0/recipe-sysroot-native/lib                         -Wl,--enable-new-dtags                         -Wl,-rpath-link,/home/ubuntu/yocto/rpi-build/tmp/work/x86_64-linux/bison-native/3.8.2-r0/recipe-sysroot-native/usr/lib                         -Wl,-rpath-link,/home/ubuntu/yocto/rpi-build/tmp/work/x86_64-linux/bison-native/3.8.2-r0/recipe-sysroot-native/lib                         -Wl,-rpath,/home/ubuntu/yocto/rpi-build/tmp/work/x86_64-linux/bison-native/3.8.2-r0/recipe-sysroot-native/usr/lib                         -Wl,-rpath,/home/ubuntu/yocto/rpi-build/tmp/work/x86_64-linux/bison-native/3.8.2-r0/recipe-sysroot-native/lib                         -Wl,-O1 -Wl,--allow-shlib-undefined -Wl,--dynamic-linker=/home/ubuntu/yocto/rpi-build/tmp/sysroots-uninative/x86_64-linux/lib/ld-linux-x86-64.so.2 conftest.c  >&5
configure:10217: $? = 0
configure:10217: result: yes
configure:10217: checking for openat
configure:10217: gcc  -o conftest -isystem/home/ubuntu/yocto/rpi-build/tmp/work/x86_64-linux/bison-native/3.8.2-r0/recipe-sysroot-native/usr/include -O2 -pipe -isystem/home/ubuntu/yocto/rpi-build/tmp/work/x86_64-linux/bison-native/3.8.2-r0/recipe-sysroot-native/usr/include -L/home/ubuntu/yocto/rpi-build/tmp/work/x86_64-linux/bison-native/3.8.2-r0/recipe-sysroot-native/usr/lib                         -L/home/ubuntu/yocto/rpi-build/tmp/work/x86_64-linux/bison-native/3.8.2-r0/recipe-sysroot-native/lib                         -Wl,--enable-new-dtags                         -Wl,-rpath-link,/home/ubuntu/yocto/rpi-build/tmp/work/x86_64-linux/bison-native/3.8.2-r0/recipe-sysroot-native/usr/lib                         -Wl,-rpath-link,/home/ubuntu/yocto/rpi-build/tmp/work/x86_64-linux/bison-native/3.8.2-r0/recipe-sysroot-native/lib                         -Wl,-rpath,/home/ubuntu/yocto/rpi-build/tmp/work/x86_64-linux/bison-native/3.8.2-r0/recipe-sysroot-native/usr/lib                         -Wl,-rpath,/home/ubuntu/yocto/rpi-build/tmp/work/x86_64-linux/bison-native/3.8.2-r0/recipe-sysroot-native/lib                         -Wl,-O1 -Wl,--allow-shlib-undefined -Wl,--dynamic-linker=/home/ubuntu/yocto/rpi-build/tmp/sysroots-uninative/x86_64-linux/lib/ld-linux-x86-64.so.2 conftest.c  >&5
configure:10217: $? = 0
configure:10217: result: yes
configure:10217: checking for catgets
configure:10217: gcc  -o conftest -isystem/home/ubuntu/yocto/rpi-build/tmp/work/x86_64-linux/bison-native/3.8.2-r0/recipe-sysroot-native/usr/include -O2 -pipe -isystem/home/ubuntu/yocto/rpi-build/tmp/work/x86_64-linux/bison-native/3.8.2-r0/recipe-sysroot-native/usr/include -L/home/ubuntu/yocto/rpi-build/tmp/work/x86_64-linux/bison-native/3.8.2-r0/recipe-sysroot-native/usr/lib                         -L/home/ubuntu/yocto/rpi-build/tmp/work/x86_64-linux/bison-native/3.8.2-r0/recipe-sysroot-native/lib                         -Wl,--enable-new-dtags                         -Wl,-rpath-link,/home/ubuntu/yocto/rpi-build/tmp/work/x86_64-linux/bison-native/3.8.2-r0/recipe-sysroot-native/usr/lib                         -Wl,-rpath-link,/home/ubuntu/yocto/rpi-build/tmp/work/x86_64-linux/bison-native/3.8.2-r0/recipe-sysroot-native/lib                         -Wl,-rpath,/home/ubuntu/yocto/rpi-build/tmp/work/x86_64-linux/bison-native/3.8.2-r0/recipe-sysroot-native/usr/lib                         -Wl,-rpath,/home/ubuntu/yocto/rpi-build/tmp/work/x86_64-linux/bison-native/3.8.2-r0/recipe-sysroot-native/lib                         -Wl,-O1 -Wl,--allow-shlib-undefined -Wl,--dynamic-linker=/home/ubuntu/yocto/rpi-build/tmp/sysroots-uninative/x86_64-linux/lib/ld-linux-x86-64.so.2 conftest.c  >&5
configure:10217: $? = 0
configure:10217: result: yes
configure:10217: checking for setlocale
configure:10217: gcc  -o conftest -isystem/home/ubuntu/yocto/rpi-build/tmp/work/x86_64-linux/bison-native/3.8.2-r0/recipe-sysroot-native/usr/include -O2 -pipe -isystem/home/ubuntu/yocto/rpi-build/tmp/work/x86_64-linux/bison-native/3.8.2-r0/recipe-sysroot-native/usr/include -L/home/ubuntu/yocto/rpi-build/tmp/work/x86_64-linux/bison-native/3.8.2-r0/recipe-sysroot-native/usr/lib                         -L/home/ubuntu/yocto/rpi-build/tmp/work/x86_64-linux/bison-native/3.8.2-r0/recipe-sysroot-native/lib                         -Wl,--enable-new-dtags                         -Wl,-rpath-link,/home/ubuntu/yocto/rpi-build/tmp/work/x86_64-linux/bison-native/3.8.2-r0/recipe-sysroot-native/usr/lib                         -Wl,-rpath-link,/home/ubuntu/yocto/rpi-build/tmp/work/x86_64-linux/bison-native/3.8.2-r0/recipe-sysroot-native/lib                         -Wl,-rpath,/home/ubuntu/yocto/rpi-build/tmp/work/x86_64-linux/bison-native/3.8.2-r0/recipe-sysroot-native/usr/lib                         -Wl,-rpath,/home/ubuntu/yocto/rpi-build/tmp/work/x86_64-linux/bison-native/3.8.2-r0/recipe-sysroot-native/lib                         -Wl,-O1 -Wl,--allow-shlib-undefined -Wl,--dynamic-linker=/home/ubuntu/yocto/rpi-build/tmp/sysroots-uninative/x86_64-linux/lib/ld-linux-x86-64.so.2 conftest.c  >&5
configure:10217: $? = 0
configure:10217: result: yes
configure:10255: checking whether pragma GCC diagnostic push works
configure:10278: gcc  -c -Wunknown-pragmas -Werror -isystem/home/ubuntu/yocto/rpi-build/tmp/work/x86_64-linux/bison-native/3.8.2-r0/recipe-sysroot-native/usr/include conftest.c >&5
configure:10278: $? = 0
configure:10287: result: yes
configure:10305: checking whether C++ compiler handles -Werror -Wunknown-warning-option
configure:10325: g++  -o conftest -isystem/home/ubuntu/yocto/rpi-build/tmp/work/x86_64-linux/bison-native/3.8.2-r0/recipe-sysroot-native/usr/include -O2 -pipe  -Werror -Wunknown-warning-option -isystem/home/ubuntu/yocto/rpi-build/tmp/work/x86_64-linux/bison-native/3.8.2-r0/recipe-sysroot-native/usr/include -L/home/ubuntu/yocto/rpi-build/tmp/work/x86_64-linux/bison-native/3.8.2-r0/recipe-sysroot-native/usr/lib                         -L/home/ubuntu/yocto/rpi-build/tmp/work/x86_64-linux/bison-native/3.8.2-r0/recipe-sysroot-native/lib                         -Wl,--enable-new-dtags                         -Wl,-rpath-link,/home/ubuntu/yocto/rpi-build/tmp/work/x86_64-linux/bison-native/3.8.2-r0/recipe-sysroot-native/usr/lib                         -Wl,-rpath-link,/home/ubuntu/yocto/rpi-build/tmp/work/x86_64-linux/bison-native/3.8.2-r0/recipe-sysroot-native/lib                         -Wl,-rpath,/home/ubuntu/yocto/rpi-build/tmp/work/x86_64-linux/bison-native/3.8.2-r0/recipe-sysroot-native/usr/lib                         -Wl,-rpath,/home/ubuntu/yocto/rpi-build/tmp/work/x86_64-linux/bison-native/3.8.2-r0/recipe-sysroot-native/lib                         -Wl,-O1 -Wl,--allow-shlib-undefined -Wl,--dynamic-linker=/home/ubuntu/yocto/rpi-build/tmp/sysroots-uninative/x86_64-linux/lib/ld-linux-x86-64.so.2 conftest.cpp  >&5
g++: error: unrecognized command-line option '-Wunknown-warning-option'
configure:10325: $? = 1
configure: failed program was:
| /* confdefs.h */
| #define PACKAGE_NAME "GNU Bison"
| #define PACKAGE_TARNAME "bison"
| #define PACKAGE_VERSION "3.8.2"
| #define PACKAGE_STRING "GNU Bison 3.8.2"
| #define PACKAGE_BUGREPORT "bug-bison@gnu.org"
| #define PACKAGE_URL "https://www.gnu.org/software/bison/"
| #define PACKAGE_COPYRIGHT_YEAR 2021
| #define PACKAGE "bison"
| #define VERSION "3.8.2"
| #define HAVE_STDIO_H 1
| #define HAVE_STDLIB_H 1
| #define HAVE_STRING_H 1
| #define HAVE_INTTYPES_H 1
| #define HAVE_STDINT_H 1
| #define HAVE_STRINGS_H 1
| #define HAVE_SYS_STAT_H 1
| #define HAVE_SYS_TYPES_H 1
| #define HAVE_UNISTD_H 1
| #define HAVE_WCHAR_H 1
| #define HAVE_LOCALE_H 1
| #define HAVE_SYS_PARAM_H 1
| #define HAVE_SYS_SOCKET_H 1
| #define HAVE_STDIO_EXT_H 1
| #define HAVE_FEATURES_H 1
| #define HAVE_GETOPT_H 1
| #define HAVE_SYS_CDEFS_H 1
| #define HAVE_SYS_TIME_H 1
| #define HAVE_ICONV_H 1
| #define HAVE_LIMITS_H 1
| #define HAVE_WCTYPE_H 1
| #define HAVE_THREADS_H 1
| #define HAVE_MATH_H 1
| #define HAVE_SYS_MMAN_H 1
| #define HAVE_SPAWN_H 1
| #define HAVE_SYS_IOCTL_H 1
| #define HAVE_SYS_RESOURCE_H 1
| #define HAVE_SYS_TIMES_H 1
| #define HAVE_SYS_WAIT_H 1
| #define HAVE_TERMIOS_H 1
| #define HAVE_DIRENT_H 1
| #define STDC_HEADERS 1
| #define _ALL_SOURCE 1
| #define _DARWIN_C_SOURCE 1
| #define _GNU_SOURCE 1
| #define _HPUX_ALT_XOPEN_SOCKET_API 1
| #define _NETBSD_SOURCE 1
| #define _OPENBSD_SOURCE 1
| #define _POSIX_PTHREAD_SEMANTICS 1
| #define __STDC_WANT_IEC_60559_ATTRIBS_EXT__ 1
| #define __STDC_WANT_IEC_60559_BFP_EXT__ 1
| #define __STDC_WANT_IEC_60559_DFP_EXT__ 1
| #define __STDC_WANT_IEC_60559_FUNCS_EXT__ 1
| #define __STDC_WANT_IEC_60559_TYPES_EXT__ 1
| #define __STDC_WANT_LIB_EXT2__ 1
| #define __STDC_WANT_MATH_SPEC_FUNCS__ 1
| #define _TANDEM_SOURCE 1
| #define __EXTENSIONS__ 1
| #define HAVE_TCDRAIN 1
| #define HAVE_CANONICALIZE_FILE_NAME 1
| #define HAVE_FACCESSAT 1
| #define HAVE_REALPATH 1
| #define HAVE_LSTAT 1
| #define HAVE_READLINKAT 1
| #define HAVE_FCHDIR 1
| #define HAVE_FCNTL 1
| #define HAVE_SYMLINK 1
| #define HAVE_FFSL 1
| #define HAVE_SNPRINTF 1
| #define HAVE_FSYNC 1
| #define HAVE_GETRUSAGE 1
| #define HAVE_GETTIMEOFDAY 1
| #define HAVE_ISWCNTRL 1
| #define HAVE_ISWBLANK 1
| #define HAVE_MBSINIT 1
| #define HAVE_MBRTOWC 1
| #define HAVE_ISASCII 1
| #define HAVE_MPROTECT 1
| #define HAVE_OBSTACK_PRINTF 1
| #define HAVE_STRERROR_R 1
| #define HAVE___XPG_STRERROR_R 1
| #define HAVE_PIPE 1
| #define HAVE_PIPE2 1
| #define HAVE_POSIX_SPAWN_FILE_ACTIONS_ADDCHDIR_NP 1
| #define HAVE_READLINK 1
| #define HAVE_SETENV 1
| #define HAVE_LINK 1
| #define HAVE_SIGACTION 1
| #define HAVE_SIGALTSTACK 1
| #define HAVE_SIGINTERRUPT 1
| #define HAVE_STPNCPY 1
| #define HAVE_STRNDUP 1
| #define HAVE_WCWIDTH 1
| #define HAVE_FDOPENDIR 1
| #define HAVE_MEMPCPY 1
| #define HAVE_FSTATAT 1
| #define HAVE_GETDELIM 1
| #define HAVE_GETDTABLESIZE 1
| #define HAVE_OPENAT 1
| #define HAVE_CATGETS 1
| #define HAVE_SETLOCALE 1
| /* end confdefs.h.  */
| 
| int
| main (void)
| {
| 
|   ;
|   return 0;
| }
configure:10336: result: no
configure:10354: checking whether C++ compiler handles -fno-exceptions
configure:10374: g++  -o conftest -isystem/home/ubuntu/yocto/rpi-build/tmp/work/x86_64-linux/bison-native/3.8.2-r0/recipe-sysroot-native/usr/include -O2 -pipe  -fno-exceptions -isystem/home/ubuntu/yocto/rpi-build/tmp/work/x86_64-linux/bison-native/3.8.2-r0/recipe-sysroot-native/usr/include -L/home/ubuntu/yocto/rpi-build/tmp/work/x86_64-linux/bison-native/3.8.2-r0/recipe-sysroot-native/usr/lib                         -L/home/ubuntu/yocto/rpi-build/tmp/work/x86_64-linux/bison-native/3.8.2-r0/recipe-sysroot-native/lib                         -Wl,--enable-new-dtags                         -Wl,-rpath-link,/home/ubuntu/yocto/rpi-build/tmp/work/x86_64-linux/bison-native/3.8.2-r0/recipe-sysroot-native/usr/lib                         -Wl,-rpath-link,/home/ubuntu/yocto/rpi-build/tmp/work/x86_64-linux/bison-native/3.8.2-r0/recipe-sysroot-native/lib                         -Wl,-rpath,/home/ubuntu/yocto/rpi-build/tmp/work/x86_64-linux/bison-native/3.8.2-r0/recipe-sysroot-native/usr/lib                         -Wl,-rpath,/home/ubuntu/yocto/rpi-build/tmp/work/x86_64-linux/bison-native/3.8.2-r0/recipe-sysroot-native/lib                         -Wl,-O1 -Wl,--allow-shlib-undefined -Wl,--dynamic-linker=/home/ubuntu/yocto/rpi-build/tmp/sysroots-uninative/x86_64-linux/lib/ld-linux-x86-64.so.2 conftest.cpp  >&5
configure:10374: $? = 0
configure:10385: result: yes
configure:10403: checking whether C++ compiler accepts -std=c++98
configure:10425: g++  -o conftest -isystem/home/ubuntu/yocto/rpi-build/tmp/work/x86_64-linux/bison-native/3.8.2-r0/recipe-sysroot-native/usr/include -O2 -pipe  -std=c++98 -isystem/home/ubuntu/yocto/rpi-build/tmp/work/x86_64-linux/bison-native/3.8.2-r0/recipe-sysroot-native/usr/include -L/home/ubuntu/yocto/rpi-build/tmp/work/x86_64-linux/bison-native/3.8.2-r0/recipe-sysroot-native/usr/lib                         -L/home/ubuntu/yocto/rpi-build/tmp/work/x86_64-linux/bison-native/3.8.2-r0/recipe-sysroot-native/lib                         -Wl,--enable-new-dtags                         -Wl,-rpath-link,/home/ubuntu/yocto/rpi-build/tmp/work/x86_64-linux/bison-native/3.8.2-r0/recipe-sysroot-native/usr/lib                         -Wl,-rpath-link,/home/ubuntu/yocto/rpi-build/tmp/work/x86_64-linux/bison-native/3.8.2-r0/recipe-sysroot-native/lib                         -Wl,-rpath,/home/ubuntu/yocto/rpi-build/tmp/work/x86_64-linux/bison-native/3.8.2-r0/recipe-sysroot-native/usr/lib                         -Wl,-rpath,/home/ubuntu/yocto/rpi-build/tmp/work/x86_64-linux/bison-native/3.8.2-r0/recipe-sysroot-native/lib                         -Wl,-O1 -Wl,--allow-shlib-undefined -Wl,--dynamic-linker=/home/ubuntu/yocto/rpi-build/tmp/sysroots-uninative/x86_64-linux/lib/ld-linux-x86-64.so.2 conftest.cpp  >&5
configure:10425: $? = 0
configure:10436: result: yes
configure:10462: checking whether C++ compiler accepts -std=c++03
configure:10485: g++  -o conftest -isystem/home/ubuntu/yocto/rpi-build/tmp/work/x86_64-linux/bison-native/3.8.2-r0/recipe-sysroot-native/usr/include -O2 -pipe  -std=c++03 -isystem/home/ubuntu/yocto/rpi-build/tmp/work/x86_64-linux/bison-native/3.8.2-r0/recipe-sysroot-native/usr/include -L/home/ubuntu/yocto/rpi-build/tmp/work/x86_64-linux/bison-native/3.8.2-r0/recipe-sysroot-native/usr/lib                         -L/home/ubuntu/yocto/rpi-build/tmp/work/x86_64-linux/bison-native/3.8.2-r0/recipe-sysroot-native/lib                         -Wl,--enable-new-dtags                         -Wl,-rpath-link,/home/ubuntu/yocto/rpi-build/tmp/work/x86_64-linux/bison-native/3.8.2-r0/recipe-sysroot-native/usr/lib                         -Wl,-rpath-link,/home/ubuntu/yocto/rpi-build/tmp/work/x86_64-linux/bison-native/3.8.2-r0/recipe-sysroot-native/lib                         -Wl,-rpath,/home/ubuntu/yocto/rpi-build/tmp/work/x86_64-linux/bison-native/3.8.2-r0/recipe-sysroot-native/usr/lib                         -Wl,-rpath,/home/ubuntu/yocto/rpi-build/tmp/work/x86_64-linux/bison-native/3.8.2-r0/recipe-sysroot-native/lib                         -Wl,-O1 -Wl,--allow-shlib-undefined -Wl,--dynamic-linker=/home/ubuntu/yocto/rpi-build/tmp/sysroots-uninative/x86_64-linux/lib/ld-linux-x86-64.so.2 conftest.cpp  >&5
configure:10485: $? = 0
configure:10496: result: yes
configure:10522: checking whether C++ compiler accepts -std=c++11
configure:10615: g++  -o conftest -isystem/home/ubuntu/yocto/rpi-build/tmp/work/x86_64-linux/bison-native/3.8.2-r0/recipe-sysroot-native/usr/include -O2 -pipe  -std=c++11 -isystem/home/ubuntu/yocto/rpi-build/tmp/work/x86_64-linux/bison-native/3.8.2-r0/recipe-sysroot-native/usr/include -L/home/ubuntu/yocto/rpi-build/tmp/work/x86_64-linux/bison-native/3.8.2-r0/recipe-sysroot-native/usr/lib                         -L/home/ubuntu/yocto/rpi-build/tmp/work/x86_64-linux/bison-native/3.8.2-r0/recipe-sysroot-native/lib                         -Wl,--enable-new-dtags                         -Wl,-rpath-link,/home/ubuntu/yocto/rpi-build/tmp/work/x86_64-linux/bison-native/3.8.2-r0/recipe-sysroot-native/usr/lib                         -Wl,-rpath-link,/home/ubuntu/yocto/rpi-build/tmp/work/x86_64-linux/bison-native/3.8.2-r0/recipe-sysroot-native/lib                         -Wl,-rpath,/home/ubuntu/yocto/rpi-build/tmp/work/x86_64-linux/bison-native/3.8.2-r0/recipe-sysroot-native/usr/lib                         -Wl,-rpath,/home/ubuntu/yocto/rpi-build/tmp/work/x86_64-linux/bison-native/3.8.2-r0/recipe-sysroot-native/lib                         -Wl,-O1 -Wl,--allow-shlib-undefined -Wl,--dynamic-linker=/home/ubuntu/yocto/rpi-build/tmp/sysroots-uninative/x86_64-linux/lib/ld-linux-x86-64.so.2 conftest.cpp  >&5
configure:10615: $? = 0
configure:10626: result: yes
configure:10652: checking whether C++ compiler accepts -std=c++14
configure:10755: g++  -o conftest -isystem/home/ubuntu/yocto/rpi-build/tmp/work/x86_64-linux/bison-native/3.8.2-r0/recipe-sysroot-native/usr/include -O2 -pipe  -std=c++14 -isystem/home/ubuntu/yocto/rpi-build/tmp/work/x86_64-linux/bison-native/3.8.2-r0/recipe-sysroot-native/usr/include -L/home/ubuntu/yocto/rpi-build/tmp/work/x86_64-linux/bison-native/3.8.2-r0/recipe-sysroot-native/usr/lib                         -L/home/ubuntu/yocto/rpi-build/tmp/work/x86_64-linux/bison-native/3.8.2-r0/recipe-sysroot-native/lib                         -Wl,--enable-new-dtags                         -Wl,-rpath-link,/home/ubuntu/yocto/rpi-build/tmp/work/x86_64-linux/bison-native/3.8.2-r0/recipe-sysroot-native/usr/lib                         -Wl,-rpath-link,/home/ubuntu/yocto/rpi-build/tmp/work/x86_64-linux/bison-native/3.8.2-r0/recipe-sysroot-native/lib                         -Wl,-rpath,/home/ubuntu/yocto/rpi-build/tmp/work/x86_64-linux/bison-native/3.8.2-r0/recipe-sysroot-native/usr/lib                         -Wl,-rpath,/home/ubuntu/yocto/rpi-build/tmp/work/x86_64-linux/bison-native/3.8.2-r0/recipe-sysroot-native/lib                         -Wl,-O1 -Wl,--allow-shlib-undefined -Wl,--dynamic-linker=/home/ubuntu/yocto/rpi-build/tmp/sysroots-uninative/x86_64-linux/lib/ld-linux-x86-64.so.2 conftest.cpp  >&5
configure:10755: $? = 0
configure:10766: result: yes
configure:10792: checking whether C++ compiler accepts -std=c++17
configure:10902: g++  -o conftest -isystem/home/ubuntu/yocto/rpi-build/tmp/work/x86_64-linux/bison-native/3.8.2-r0/recipe-sysroot-native/usr/include -O2 -pipe  -std=c++17 -isystem/home/ubuntu/yocto/rpi-build/tmp/work/x86_64-linux/bison-native/3.8.2-r0/recipe-sysroot-native/usr/include -L/home/ubuntu/yocto/rpi-build/tmp/work/x86_64-linux/bison-native/3.8.2-r0/recipe-sysroot-native/usr/lib                         -L/home/ubuntu/yocto/rpi-build/tmp/work/x86_64-linux/bison-native/3.8.2-r0/recipe-sysroot-native/lib                         -Wl,--enable-new-dtags                         -Wl,-rpath-link,/home/ubuntu/yocto/rpi-build/tmp/work/x86_64-linux/bison-native/3.8.2-r0/recipe-sysroot-native/usr/lib                         -Wl,-rpath-link,/home/ubuntu/yocto/rpi-build/tmp/work/x86_64-linux/bison-native/3.8.2-r0/recipe-sysroot-native/lib                         -Wl,-rpath,/home/ubuntu/yocto/rpi-build/tmp/work/x86_64-linux/bison-native/3.8.2-r0/recipe-sysroot-native/usr/lib                         -Wl,-rpath,/home/ubuntu/yocto/rpi-build/tmp/work/x86_64-linux/bison-native/3.8.2-r0/recipe-sysroot-native/lib                         -Wl,-O1 -Wl,--allow-shlib-undefined -Wl,--dynamic-linker=/home/ubuntu/yocto/rpi-build/tmp/sysroots-uninative/x86_64-linux/lib/ld-linux-x86-64.so.2 conftest.cpp  >&5
configure:10902: $? = 0
configure:10913: result: yes
configure:10939: checking whether C++ compiler accepts -std=c++20
configure:11051: g++  -o conftest -isystem/home/ubuntu/yocto/rpi-build/tmp/work/x86_64-linux/bison-native/3.8.2-r0/recipe-sysroot-native/usr/include -O2 -pipe  -std=c++20 -isystem/home/ubuntu/yocto/rpi-build/tmp/work/x86_64-linux/bison-native/3.8.2-r0/recipe-sysroot-native/usr/include -L/home/ubuntu/yocto/rpi-build/tmp/work/x86_64-linux/bison-native/3.8.2-r0/recipe-sysroot-native/usr/lib                         -L/home/ubuntu/yocto/rpi-build/tmp/work/x86_64-linux/bison-native/3.8.2-r0/recipe-sysroot-native/lib                         -Wl,--enable-new-dtags                         -Wl,-rpath-link,/home/ubuntu/yocto/rpi-build/tmp/work/x86_64-linux/bison-native/3.8.2-r0/recipe-sysroot-native/usr/lib                         -Wl,-rpath-link,/home/ubuntu/yocto/rpi-build/tmp/work/x86_64-linux/bison-native/3.8.2-r0/recipe-sysroot-native/lib                         -Wl,-rpath,/home/ubuntu/yocto/rpi-build/tmp/work/x86_64-linux/bison-native/3.8.2-r0/recipe-sysroot-native/usr/lib                         -Wl,-rpath,/home/ubuntu/yocto/rpi-build/tmp/work/x86_64-linux/bison-native/3.8.2-r0/recipe-sysroot-native/lib                         -Wl,-O1 -Wl,--allow-shlib-undefined -Wl,--dynamic-linker=/home/ubuntu/yocto/rpi-build/tmp/sysroots-uninative/x86_64-linux/lib/ld-linux-x86-64.so.2 conftest.cpp  >&5
configure:11051: $? = 0
configure:11062: result: yes
configure:11088: checking whether C++ compiler accepts -std=c++2b
configure:11202: g++  -o conftest -isystem/home/ubuntu/yocto/rpi-build/tmp/work/x86_64-linux/bison-native/3.8.2-r0/recipe-sysroot-native/usr/include -O2 -pipe  -std=c++2b -isystem/home/ubuntu/yocto/rpi-build/tmp/work/x86_64-linux/bison-native/3.8.2-r0/recipe-sysroot-native/usr/include -L/home/ubuntu/yocto/rpi-build/tmp/work/x86_64-linux/bison-native/3.8.2-r0/recipe-sysroot-native/usr/lib                         -L/home/ubuntu/yocto/rpi-build/tmp/work/x86_64-linux/bison-native/3.8.2-r0/recipe-sysroot-native/lib                         -Wl,--enable-new-dtags                         -Wl,-rpath-link,/home/ubuntu/yocto/rpi-build/tmp/work/x86_64-linux/bison-native/3.8.2-r0/recipe-sysroot-native/usr/lib                         -Wl,-rpath-link,/home/ubuntu/yocto/rpi-build/tmp/work/x86_64-linux/bison-native/3.8.2-r0/recipe-sysroot-native/lib                         -Wl,-rpath,/home/ubuntu/yocto/rpi-build/tmp/work/x86_64-linux/bison-native/3.8.2-r0/recipe-sysroot-native/usr/lib                         -Wl,-rpath,/home/ubuntu/yocto/rpi-build/tmp/work/x86_64-linux/bison-native/3.8.2-r0/recipe-sysroot-native/lib                         -Wl,-O1 -Wl,--allow-shlib-undefined -Wl,--dynamic-linker=/home/ubuntu/yocto/rpi-build/tmp/sysroots-uninative/x86_64-linux/lib/ld-linux-x86-64.so.2 conftest.cpp  >&5
configure:11202: $? = 0
configure:11213: result: yes
configure:12072: gcc  -c -isystem/home/ubuntu/yocto/rpi-build/tmp/work/x86_64-linux/bison-native/3.8.2-r0/recipe-sysroot-native/usr/include -O2 -pipe -isystem/home/ubuntu/yocto/rpi-build/tmp/work/x86_64-linux/bison-native/3.8.2-r0/recipe-sysroot-native/usr/include conftest.c >&5
configure:12072: $? = 0
configure:12091: checking whether gcc  supports POSIXLY_CORRECT=1
configure:12116: gcc  -o conftest -isystem/home/ubuntu/yocto/rpi-build/tmp/work/x86_64-linux/bison-native/3.8.2-r0/recipe-sysroot-native/usr/include -O2 -pipe -isystem/home/ubuntu/yocto/rpi-build/tmp/work/x86_64-linux/bison-native/3.8.2-r0/recipe-sysroot-native/usr/include -L/home/ubuntu/yocto/rpi-build/tmp/work/x86_64-linux/bison-native/3.8.2-r0/recipe-sysroot-native/usr/lib                         -L/home/ubuntu/yocto/rpi-build/tmp/work/x86_64-linux/bison-native/3.8.2-r0/recipe-sysroot-native/lib                         -Wl,--enable-new-dtags                         -Wl,-rpath-link,/home/ubuntu/yocto/rpi-build/tmp/work/x86_64-linux/bison-native/3.8.2-r0/recipe-sysroot-native/usr/lib                         -Wl,-rpath-link,/home/ubuntu/yocto/rpi-build/tmp/work/x86_64-linux/bison-native/3.8.2-r0/recipe-sysroot-native/lib                         -Wl,-rpath,/home/ubuntu/yocto/rpi-build/tmp/work/x86_64-linux/bison-native/3.8.2-r0/recipe-sysroot-native/usr/lib                         -Wl,-rpath,/home/ubuntu/yocto/rpi-build/tmp/work/x86_64-linux/bison-native/3.8.2-r0/recipe-sysroot-native/lib                         -Wl,-O1 -Wl,--allow-shlib-undefined -Wl,--dynamic-linker=/home/ubuntu/yocto/rpi-build/tmp/sysroots-uninative/x86_64-linux/lib/ld-linux-x86-64.so.2 conftest.c  >&5
configure:12116: $? = 0
configure:12131: result: yes
configure:12148: checking whether g++  builds executables that work
configure:12185: g++  -c -isystem/home/ubuntu/yocto/rpi-build/tmp/work/x86_64-linux/bison-native/3.8.2-r0/recipe-sysroot-native/usr/include -O2 -pipe -isystem/home/ubuntu/yocto/rpi-build/tmp/work/x86_64-linux/bison-native/3.8.2-r0/recipe-sysroot-native/usr/include conftest.cpp >&5
configure:12185: $? = 0
configure:12188: g++  -o conftest -isystem/home/ubuntu/yocto/rpi-build/tmp/work/x86_64-linux/bison-native/3.8.2-r0/recipe-sysroot-native/usr/include -O2 -pipe -isystem/home/ubuntu/yocto/rpi-build/tmp/work/x86_64-linux/bison-native/3.8.2-r0/recipe-sysroot-native/usr/include -L/home/ubuntu/yocto/rpi-build/tmp/work/x86_64-linux/bison-native/3.8.2-r0/recipe-sysroot-native/usr/lib                         -L/home/ubuntu/yocto/rpi-build/tmp/work/x86_64-linux/bison-native/3.8.2-r0/recipe-sysroot-native/lib                         -Wl,--enable-new-dtags                         -Wl,-rpath-link,/home/ubuntu/yocto/rpi-build/tmp/work/x86_64-linux/bison-native/3.8.2-r0/recipe-sysroot-native/usr/lib                         -Wl,-rpath-link,/home/ubuntu/yocto/rpi-build/tmp/work/x86_64-linux/bison-native/3.8.2-r0/recipe-sysroot-native/lib                         -Wl,-rpath,/home/ubuntu/yocto/rpi-build/tmp/work/x86_64-linux/bison-native/3.8.2-r0/recipe-sysroot-native/usr/lib                         -Wl,-rpath,/home/ubuntu/yocto/rpi-build/tmp/work/x86_64-linux/bison-native/3.8.2-r0/recipe-sysroot-native/lib                         -Wl,-O1 -Wl,--allow-shlib-undefined -Wl,--dynamic-linker=/home/ubuntu/yocto/rpi-build/tmp/sysroots-uninative/x86_64-linux/lib/ld-linux-x86-64.so.2 conftest.o  >&5
configure:12191: $? = 0
configure:12199: ./conftest
configure:12202: $? = 0
configure:12219: result: yes
configure:12243: checking whether g++  supports POSIXLY_CORRECT=1
configure:12268: g++  -o conftest -isystem/home/ubuntu/yocto/rpi-build/tmp/work/x86_64-linux/bison-native/3.8.2-r0/recipe-sysroot-native/usr/include -O2 -pipe -isystem/home/ubuntu/yocto/rpi-build/tmp/work/x86_64-linux/bison-native/3.8.2-r0/recipe-sysroot-native/usr/include -L/home/ubuntu/yocto/rpi-build/tmp/work/x86_64-linux/bison-native/3.8.2-r0/recipe-sysroot-native/usr/lib                         -L/home/ubuntu/yocto/rpi-build/tmp/work/x86_64-linux/bison-native/3.8.2-r0/recipe-sysroot-native/lib                         -Wl,--enable-new-dtags                         -Wl,-rpath-link,/home/ubuntu/yocto/rpi-build/tmp/work/x86_64-linux/bison-native/3.8.2-r0/recipe-sysroot-native/usr/lib                         -Wl,-rpath-link,/home/ubuntu/yocto/rpi-build/tmp/work/x86_64-linux/bison-native/3.8.2-r0/recipe-sysroot-native/lib                         -Wl,-rpath,/home/ubuntu/yocto/rpi-build/tmp/work/x86_64-linux/bison-native/3.8.2-r0/recipe-sysroot-native/usr/lib                         -Wl,-rpath,/home/ubuntu/yocto/rpi-build/tmp/work/x86_64-linux/bison-native/3.8.2-r0/recipe-sysroot-native/lib                         -Wl,-O1 -Wl,--allow-shlib-undefined -Wl,--dynamic-linker=/home/ubuntu/yocto/rpi-build/tmp/sysroots-uninative/x86_64-linux/lib/ld-linux-x86-64.so.2 conftest.cpp  >&5
configure:12268: $? = 0
configure:12283: result: yes
configure:12305: checking for dmd
configure:12340: result: no
configure:12352: checking for -g
configure:12387: result: no
configure:12477: checking for Java compiler
configure:12979: result: no
configure:12990: checking for Java virtual machine
configure:13214: result: no
configure:13262: checking for flex
configure:13283: found /home/ubuntu/yocto/rpi-build/tmp/work/x86_64-linux/bison-native/3.8.2-r0/recipe-sysroot-native/usr/bin/flex
configure:13294: result: flex
configure:13307: checking whether lex is flex
configure:13324: flex conftest.l
conftest.l:5: warning, -s option given but default rule can be matched
configure:13328: $? = 0
configure:13336: result: yes
configure:13340: checking whether flex supports --header=FILE
configure:13351: flex --header=conftest.h conftest.l
conftest.l:5: warning, -s option given but default rule can be matched
configure:13355: $? = 0
configure:13363: result: yes
configure:13397: flex conftest.l
configure:13401: $? = 0
configure:13403: checking lex output file root
configure:13418: result: lex.yy
configure:13423: checking lex library
configure:13438: gcc  -o conftest -isystem/home/ubuntu/yocto/rpi-build/tmp/work/x86_64-linux/bison-native/3.8.2-r0/recipe-sysroot-native/usr/include -O2 -pipe -isystem/home/ubuntu/yocto/rpi-build/tmp/work/x86_64-linux/bison-native/3.8.2-r0/recipe-sysroot-native/usr/include -L/home/ubuntu/yocto/rpi-build/tmp/work/x86_64-linux/bison-native/3.8.2-r0/recipe-sysroot-native/usr/lib                         -L/home/ubuntu/yocto/rpi-build/tmp/work/x86_64-linux/bison-native/3.8.2-r0/recipe-sysroot-native/lib                         -Wl,--enable-new-dtags                         -Wl,-rpath-link,/home/ubuntu/yocto/rpi-build/tmp/work/x86_64-linux/bison-native/3.8.2-r0/recipe-sysroot-native/usr/lib                         -Wl,-rpath-link,/home/ubuntu/yocto/rpi-build/tmp/work/x86_64-linux/bison-native/3.8.2-r0/recipe-sysroot-native/lib                         -Wl,-rpath,/home/ubuntu/yocto/rpi-build/tmp/work/x86_64-linux/bison-native/3.8.2-r0/recipe-sysroot-native/usr/lib                         -Wl,-rpath,/home/ubuntu/yocto/rpi-build/tmp/work/x86_64-linux/bison-native/3.8.2-r0/recipe-sysroot-native/lib                         -Wl,-O1 -Wl,--allow-shlib-undefined -Wl,--dynamic-linker=/home/ubuntu/yocto/rpi-build/tmp/sysroots-uninative/x86_64-linux/lib/ld-linux-x86-64.so.2 conftest.c   >&5
/home/ubuntu/yocto/rpi-build/tmp/hosttools/ld: /tmp/ccQYzzXC.o: in function `yylex':
conftest.c:(.text+0xee2): undefined reference to `yywrap'
/home/ubuntu/yocto/rpi-build/tmp/hosttools/ld: conftest.c:(.text+0x10e5): undefined reference to `yywrap'
/home/ubuntu/yocto/rpi-build/tmp/hosttools/ld: /tmp/ccQYzzXC.o: in function `main':
conftest.c:(.text.startup+0xd): undefined reference to `yywrap'
collect2: error: ld returned 1 exit status
configure:13438: $? = 1
configure: failed program was:
| /* confdefs.h */
| #define PACKAGE_NAME "GNU Bison"
| #define PACKAGE_TARNAME "bison"
| #define PACKAGE_VERSION "3.8.2"
| #define PACKAGE_STRING "GNU Bison 3.8.2"
| #define PACKAGE_BUGREPORT "bug-bison@gnu.org"
| #define PACKAGE_URL "https://www.gnu.org/software/bison/"
| #define PACKAGE_COPYRIGHT_YEAR 2021
| #define PACKAGE "bison"
| #define VERSION "3.8.2"
| #define HAVE_STDIO_H 1
| #define HAVE_STDLIB_H 1
| #define HAVE_STRING_H 1
| #define HAVE_INTTYPES_H 1
| #define HAVE_STDINT_H 1
| #define HAVE_STRINGS_H 1
| #define HAVE_SYS_STAT_H 1
| #define HAVE_SYS_TYPES_H 1
| #define HAVE_UNISTD_H 1
| #define HAVE_WCHAR_H 1
| #define HAVE_LOCALE_H 1
| #define HAVE_SYS_PARAM_H 1
| #define HAVE_SYS_SOCKET_H 1
| #define HAVE_STDIO_EXT_H 1
| #define HAVE_FEATURES_H 1
| #define HAVE_GETOPT_H 1
| #define HAVE_SYS_CDEFS_H 1
| #define HAVE_SYS_TIME_H 1
| #define HAVE_ICONV_H 1
| #define HAVE_LIMITS_H 1
| #define HAVE_WCTYPE_H 1
| #define HAVE_THREADS_H 1
| #define HAVE_MATH_H 1
| #define HAVE_SYS_MMAN_H 1
| #define HAVE_SPAWN_H 1
| #define HAVE_SYS_IOCTL_H 1
| #define HAVE_SYS_RESOURCE_H 1
| #define HAVE_SYS_TIMES_H 1
| #define HAVE_SYS_WAIT_H 1
| #define HAVE_TERMIOS_H 1
| #define HAVE_DIRENT_H 1
| #define STDC_HEADERS 1
| #define _ALL_SOURCE 1
| #define _DARWIN_C_SOURCE 1
| #define _GNU_SOURCE 1
| #define _HPUX_ALT_XOPEN_SOCKET_API 1
| #define _NETBSD_SOURCE 1
| #define _OPENBSD_SOURCE 1
| #define _POSIX_PTHREAD_SEMANTICS 1
| #define __STDC_WANT_IEC_60559_ATTRIBS_EXT__ 1
| #define __STDC_WANT_IEC_60559_BFP_EXT__ 1
| #define __STDC_WANT_IEC_60559_DFP_EXT__ 1
| #define __STDC_WANT_IEC_60559_FUNCS_EXT__ 1
| #define __STDC_WANT_IEC_60559_TYPES_EXT__ 1
| #define __STDC_WANT_LIB_EXT2__ 1
| #define __STDC_WANT_MATH_SPEC_FUNCS__ 1
| #define _TANDEM_SOURCE 1
| #define __EXTENSIONS__ 1
| #define HAVE_TCDRAIN 1
| #define HAVE_CANONICALIZE_FILE_NAME 1
| #define HAVE_FACCESSAT 1
| #define HAVE_REALPATH 1
| #define HAVE_LSTAT 1
| #define HAVE_READLINKAT 1
| #define HAVE_FCHDIR 1
| #define HAVE_FCNTL 1
| #define HAVE_SYMLINK 1
| #define HAVE_FFSL 1
| #define HAVE_SNPRINTF 1
| #define HAVE_FSYNC 1
| #define HAVE_GETRUSAGE 1
| #define HAVE_GETTIMEOFDAY 1
| #define HAVE_ISWCNTRL 1
| #define HAVE_ISWBLANK 1
| #define HAVE_MBSINIT 1
| #define HAVE_MBRTOWC 1
| #define HAVE_ISASCII 1
| #define HAVE_MPROTECT 1
| #define HAVE_OBSTACK_PRINTF 1
| #define HAVE_STRERROR_R 1
| #define HAVE___XPG_STRERROR_R 1
| #define HAVE_PIPE 1
| #define HAVE_PIPE2 1
| #define HAVE_POSIX_SPAWN_FILE_ACTIONS_ADDCHDIR_NP 1
| #define HAVE_READLINK 1
| #define HAVE_SETENV 1
| #define HAVE_LINK 1
| #define HAVE_SIGACTION 1
| #define HAVE_SIGALTSTACK 1
| #define HAVE_SIGINTERRUPT 1
| #define HAVE_STPNCPY 1
| #define HAVE_STRNDUP 1
| #define HAVE_WCWIDTH 1
| #define HAVE_FDOPENDIR 1
| #define HAVE_MEMPCPY 1
| #define HAVE_FSTATAT 1
| #define HAVE_GETDELIM 1
| #define HAVE_GETDTABLESIZE 1
| #define HAVE_OPENAT 1
| #define HAVE_CATGETS 1
| #define HAVE_SETLOCALE 1
| /* end confdefs.h.  */
| 
| #line 2 "lex.yy.c"
| 
| #define  YY_INT_ALIGNED short int
| 
| /* A lexical scanner generated by flex */
| 
| #define FLEX_SCANNER
| #define YY_FLEX_MAJOR_VERSION 2
| #define YY_FLEX_MINOR_VERSION 6
| #define YY_FLEX_SUBMINOR_VERSION 4
| #if YY_FLEX_SUBMINOR_VERSION > 0
| #define FLEX_BETA
| #endif
| 
| /* First, we deal with  platform-specific or compiler-specific issues. */
| 
| /* begin standard C headers. */
| #include <stdio.h>
| #include <string.h>
| #include <errno.h>
| #include <stdlib.h>
| 
| /* end standard C headers. */
| 
| /* flex integer type definitions */
| 
| #ifndef FLEXINT_H
| #define FLEXINT_H
| 
| /* C99 systems have <inttypes.h>. Non-C99 systems may or may not. */
| 
| #if defined (__STDC_VERSION__) && __STDC_VERSION__ >= 199901L
| 
| /* C99 says to define __STDC_LIMIT_MACROS before including stdint.h,
|  * if you want the limit (max/min) macros for int types. 
|  */
| #ifndef __STDC_LIMIT_MACROS
| #define __STDC_LIMIT_MACROS 1
| #endif
| 
| #include <inttypes.h>
| typedef int8_t flex_int8_t;
| typedef uint8_t flex_uint8_t;
| typedef int16_t flex_int16_t;
| typedef uint16_t flex_uint16_t;
| typedef int32_t flex_int32_t;
| typedef uint32_t flex_uint32_t;
| #else
| typedef signed char flex_int8_t;
| typedef short int flex_int16_t;
| typedef int flex_int32_t;
| typedef unsigned char flex_uint8_t; 
| typedef unsigned short int flex_uint16_t;
| typedef unsigned int flex_uint32_t;
| 
| /* Limits of integral types. */
| #ifndef INT8_MIN
| #define INT8_MIN               (-128)
| #endif
| #ifndef INT16_MIN
| #define INT16_MIN              (-32767-1)
| #endif
| #ifndef INT32_MIN
| #define INT32_MIN              (-2147483647-1)
| #endif
| #ifndef INT8_MAX
| #define INT8_MAX               (127)
| #endif
| #ifndef INT16_MAX
| #define INT16_MAX              (32767)
| #endif
| #ifndef INT32_MAX
| #define INT32_MAX              (2147483647)
| #endif
| #ifndef UINT8_MAX
| #define UINT8_MAX              (255U)
| #endif
| #ifndef UINT16_MAX
| #define UINT16_MAX             (65535U)
| #endif
| #ifndef UINT32_MAX
| #define UINT32_MAX             (4294967295U)
| #endif
| 
| #ifndef SIZE_MAX
| #define SIZE_MAX               (~(size_t)0)
| #endif
| 
| #endif /* ! C99 */
| 
| #endif /* ! FLEXINT_H */
| 
| /* begin standard C++ headers. */
| 
| /* TODO: this is always defined, so inline it */
| #define yyconst const
| 
| #if defined(__GNUC__) && __GNUC__ >= 3
| #define yynoreturn __attribute__((__noreturn__))
| #else
| #define yynoreturn
| #endif
| 
| /* Returned upon end-of-file. */
| #define YY_NULL 0
| 
| /* Promotes a possibly negative, possibly signed char to an
|  *   integer in range [0..255] for use as an array index.
|  */
| #define YY_SC_TO_UI(c) ((YY_CHAR) (c))
| 
| /* Enter a start condition.  This macro really ought to take a parameter,
|  * but we do it the disgusting crufty way forced on us by the ()-less
|  * definition of BEGIN.
|  */
| #define BEGIN (yy_start) = 1 + 2 *
| /* Translate the current start state into a value that can be later handed
|  * to BEGIN to return to the state.  The YYSTATE alias is for lex
|  * compatibility.
|  */
| #define YY_START (((yy_start) - 1) / 2)
| #define YYSTATE YY_START
| /* Action number for EOF rule of a given start state. */
| #define YY_STATE_EOF(state) (YY_END_OF_BUFFER + state + 1)
| /* Special action meaning "start processing a new file". */
| #define YY_NEW_FILE yyrestart( yyin  )
| #define YY_END_OF_BUFFER_CHAR 0
| 
| /* Size of default input buffer. */
| #ifndef YY_BUF_SIZE
| #ifdef __ia64__
| /* On IA-64, the buffer size is 16k, not 8k.
|  * Moreover, YY_BUF_SIZE is 2*YY_READ_BUF_SIZE in the general case.
|  * Ditto for the __ia64__ case accordingly.
|  */
| #define YY_BUF_SIZE 32768
| #else
| #define YY_BUF_SIZE 16384
| #endif /* __ia64__ */
| #endif
| 
| /* The state buf must be large enough to hold one state per character in the main buffer.
|  */
| #define YY_STATE_BUF_SIZE   ((YY_BUF_SIZE + 2) * sizeof(yy_state_type))
| 
| #ifndef YY_TYPEDEF_YY_BUFFER_STATE
| #define YY_TYPEDEF_YY_BUFFER_STATE
| typedef struct yy_buffer_state *YY_BUFFER_STATE;
| #endif
| 
| #ifndef YY_TYPEDEF_YY_SIZE_T
| #define YY_TYPEDEF_YY_SIZE_T
| typedef size_t yy_size_t;
| #endif
| 
| extern int yyleng;
| 
| extern FILE *yyin, *yyout;
| 
| #define EOB_ACT_CONTINUE_SCAN 0
| #define EOB_ACT_END_OF_FILE 1
| #define EOB_ACT_LAST_MATCH 2
|     
|     #define YY_LESS_LINENO(n)
|     #define YY_LINENO_REWIND_TO(ptr)
|     
| /* Return all but the first "n" matched characters back to the input stream. */
| #define yyless(n) \
| 	do \
| 		{ \
| 		/* Undo effects of setting up yytext. */ \
|         int yyless_macro_arg = (n); \
|         YY_LESS_LINENO(yyless_macro_arg);\
| 		*yy_cp = (yy_hold_char); \
| 		YY_RESTORE_YY_MORE_OFFSET \
| 		(yy_c_buf_p) = yy_cp = yy_bp + yyless_macro_arg - YY_MORE_ADJ; \
| 		YY_DO_BEFORE_ACTION; /* set up yytext again */ \
| 		} \
| 	while ( 0 )
| #define unput(c) yyunput( c, (yytext_ptr)  )
| 
| #ifndef YY_STRUCT_YY_BUFFER_STATE
| #define YY_STRUCT_YY_BUFFER_STATE
| struct yy_buffer_state
| 	{
| 	FILE *yy_input_file;
| 
| 	char *yy_ch_buf;		/* input buffer */
| 	char *yy_buf_pos;		/* current position in input buffer */
| 
| 	/* Size of input buffer in bytes, not including room for EOB
| 	 * characters.
| 	 */
| 	int yy_buf_size;
| 
| 	/* Number of characters read into yy_ch_buf, not including EOB
| 	 * characters.
| 	 */
| 	int yy_n_chars;
| 
| 	/* Whether we "own" the buffer - i.e., we know we created it,
| 	 * and can realloc() it to grow it, and should free() it to
| 	 * delete it.
| 	 */
| 	int yy_is_our_buffer;
| 
| 	/* Whether this is an "interactive" input source; if so, and
| 	 * if we're using stdio for input, then we want to use getc()
| 	 * instead of fread(), to make sure we stop fetching input after
| 	 * each newline.
| 	 */
| 	int yy_is_interactive;
| 
| 	/* Whether we're considered to be at the beginning of a line.
| 	 * If so, '^' rules will be active on the next match, otherwise
| 	 * not.
| 	 */
| 	int yy_at_bol;
| 
|     int yy_bs_lineno; /**< The line count. */
|     int yy_bs_column; /**< The column count. */
| 
| 	/* Whether to try to fill the input buffer when we reach the
| 	 * end of it.
| 	 */
| 	int yy_fill_buffer;
| 
| 	int yy_buffer_status;
| 
| #define YY_BUFFER_NEW 0
| #define YY_BUFFER_NORMAL 1
| 	/* When an EOF's been seen but there's still some text to process
| 	 * then we mark the buffer as YY_EOF_PENDING, to indicate that we
| 	 * shouldn't try reading from the input source any more.  We might
| 	 * still have a bunch of tokens to match, though, because of
| 	 * possible backing-up.
| 	 *
| 	 * When we actually see the EOF, we change the status to "new"
| 	 * (via yyrestart()), so that the user can continue scanning by
| 	 * just pointing yyin at a new input file.
| 	 */
| #define YY_BUFFER_EOF_PENDING 2
| 
| 	};
| #endif /* !YY_STRUCT_YY_BUFFER_STATE */
| 
| /* Stack of input buffers. */
| static size_t yy_buffer_stack_top = 0; /**< index of top of stack. */
| static size_t yy_buffer_stack_max = 0; /**< capacity of stack. */
| static YY_BUFFER_STATE * yy_buffer_stack = NULL; /**< Stack as an array. */
| 
| /* We provide macros for accessing buffer states in case in the
|  * future we want to put the buffer states in a more general
|  * "scanner state".
|  *
|  * Returns the top of the stack, or NULL.
|  */
| #define YY_CURRENT_BUFFER ( (yy_buffer_stack) \
|                           ? (yy_buffer_stack)[(yy_buffer_stack_top)] \
|                           : NULL)
| /* Same as previous macro, but useful when we know that the buffer stack is not
|  * NULL or when we need an lvalue. For internal use only.
|  */
| #define YY_CURRENT_BUFFER_LVALUE (yy_buffer_stack)[(yy_buffer_stack_top)]
| 
| /* yy_hold_char holds the character lost when yytext is formed. */
| static char yy_hold_char;
| static int yy_n_chars;		/* number of characters read into yy_ch_buf */
| int yyleng;
| 
| /* Points to current character in buffer. */
| static char *yy_c_buf_p = NULL;
| static int yy_init = 0;		/* whether we need to initialize */
| static int yy_start = 0;	/* start state number */
| 
| /* Flag which is used to allow yywrap()'s to do buffer switches
|  * instead of setting up a fresh yyin.  A bit of a hack ...
|  */
| static int yy_did_buffer_switch_on_eof;
| 
| void yyrestart ( FILE *input_file  );
| void yy_switch_to_buffer ( YY_BUFFER_STATE new_buffer  );
| YY_BUFFER_STATE yy_create_buffer ( FILE *file, int size  );
| void yy_delete_buffer ( YY_BUFFER_STATE b  );
| void yy_flush_buffer ( YY_BUFFER_STATE b  );
| void yypush_buffer_state ( YY_BUFFER_STATE new_buffer  );
| void yypop_buffer_state ( void );
| 
| static void yyensure_buffer_stack ( void );
| static void yy_load_buffer_state ( void );
| static void yy_init_buffer ( YY_BUFFER_STATE b, FILE *file  );
| #define YY_FLUSH_BUFFER yy_flush_buffer( YY_CURRENT_BUFFER )
| 
| YY_BUFFER_STATE yy_scan_buffer ( char *base, yy_size_t size  );
| YY_BUFFER_STATE yy_scan_string ( const char *yy_str  );
| YY_BUFFER_STATE yy_scan_bytes ( const char *bytes, int len  );
| 
| void *yyalloc ( yy_size_t  );
| void *yyrealloc ( void *, yy_size_t  );
| void yyfree ( void *  );
| 
| #define yy_new_buffer yy_create_buffer
| #define yy_set_interactive(is_interactive) \
| 	{ \
| 	if ( ! YY_CURRENT_BUFFER ){ \
|         yyensure_buffer_stack (); \
| 		YY_CURRENT_BUFFER_LVALUE =    \
|             yy_create_buffer( yyin, YY_BUF_SIZE ); \
| 	} \
| 	YY_CURRENT_BUFFER_LVALUE->yy_is_interactive = is_interactive; \
| 	}
| #define yy_set_bol(at_bol) \
| 	{ \
| 	if ( ! YY_CURRENT_BUFFER ){\
|         yyensure_buffer_stack (); \
| 		YY_CURRENT_BUFFER_LVALUE =    \
|             yy_create_buffer( yyin, YY_BUF_SIZE ); \
| 	} \
| 	YY_CURRENT_BUFFER_LVALUE->yy_at_bol = at_bol; \
| 	}
| #define YY_AT_BOL() (YY_CURRENT_BUFFER_LVALUE->yy_at_bol)
| 
| /* Begin user sect3 */
| typedef flex_uint8_t YY_CHAR;
| 
| FILE *yyin = NULL, *yyout = NULL;
| 
| typedef int yy_state_type;
| 
| extern int yylineno;
| int yylineno = 1;
| 
| extern char *yytext;
| #ifdef yytext_ptr
| #undef yytext_ptr
| #endif
| #define yytext_ptr yytext
| 
| static yy_state_type yy_get_previous_state ( void );
| static yy_state_type yy_try_NUL_trans ( yy_state_type current_state  );
| static int yy_get_next_buffer ( void );
| static void yynoreturn yy_fatal_error ( const char* msg  );
| 
| /* Done after the current pattern has been matched and before the
|  * corresponding action - sets up yytext.
|  */
| #define YY_DO_BEFORE_ACTION \
| 	(yytext_ptr) = yy_bp; \
| 	(yytext_ptr) -= (yy_more_len); \
| 	yyleng = (int) (yy_cp - (yytext_ptr)); \
| 	(yy_hold_char) = *yy_cp; \
| 	*yy_cp = '\0'; \
| 	(yy_c_buf_p) = yy_cp;
| #define YY_NUM_RULES 8
| #define YY_END_OF_BUFFER 9
| /* This struct is not used in this scanner,
|    but its presence is necessary. */
| struct yy_trans_info
| 	{
| 	flex_int32_t yy_verify;
| 	flex_int32_t yy_nxt;
| 	};
| static const flex_int16_t yy_acclist[23] =
|     {   0,
|         9,    7,    8,    8,    1,    7,    8,    2,    7,    8,
|         3,    7,    8,    4,    7,    8,    5,    7,    8,    6,
|         7,    8
|     } ;
| 
| static const flex_int16_t yy_accept[14] =
|     {   0,
|         1,    1,    1,    2,    4,    5,    8,   11,   14,   17,
|        20,   23,   23
|     } ;
| 
| static const YY_CHAR yy_ec[256] =
|     {   0,
|         1,    1,    1,    1,    1,    1,    1,    1,    1,    2,
|         1,    1,    1,    1,    1,    1,    1,    1,    1,    1,
|         1,    1,    1,    1,    1,    1,    1,    1,    1,    1,
|         1,    1,    1,    1,    1,    1,    1,    1,    1,    1,
|         1,    1,    1,    1,    1,    1,    1,    1,    1,    1,
|         1,    1,    1,    1,    1,    1,    1,    1,    1,    1,
|         1,    1,    1,    1,    1,    1,    1,    1,    1,    1,
|         1,    1,    1,    1,    1,    1,    1,    1,    1,    1,
|         1,    1,    1,    1,    1,    1,    1,    1,    1,    1,
|         1,    1,    1,    1,    1,    1,    3,    4,    5,    6,
| 
|         7,    8,    1,    1,    1,    1,    1,    1,    1,    1,
|         1,    1,    1,    1,    1,    1,    1,    1,    1,    1,
|         1,    1,    1,    1,    1,    1,    1,    1,    1,    1,
|         1,    1,    1,    1,    1,    1,    1,    1,    1,    1,
|         1,    1,    1,    1,    1,    1,    1,    1,    1,    1,
|         1,    1,    1,    1,    1,    1,    1,    1,    1,    1,
|         1,    1,    1,    1,    1,    1,    1,    1,    1,    1,
|         1,    1,    1,    1,    1,    1,    1,    1,    1,    1,
|         1,    1,    1,    1,    1,    1,    1,    1,    1,    1,
|         1,    1,    1,    1,    1,    1,    1,    1,    1,    1,
| 
|         1,    1,    1,    1,    1,    1,    1,    1,    1,    1,
|         1,    1,    1,    1,    1,    1,    1,    1,    1,    1,
|         1,    1,    1,    1,    1,    1,    1,    1,    1,    1,
|         1,    1,    1,    1,    1,    1,    1,    1,    1,    1,
|         1,    1,    1,    1,    1,    1,    1,    1,    1,    1,
|         1,    1,    1,    1,    1
|     } ;
| 
| static const YY_CHAR yy_meta[9] =
|     {   0,
|         1,    1,    1,    1,    1,    1,    1,    1
|     } ;
| 
| static const flex_int16_t yy_base[13] =
|     {   0,
|         0,    0,    9,   10,   10,   10,   10,   10,   10,   10,
|        10,   10
|     } ;
| 
| static const flex_int16_t yy_def[13] =
|     {   0,
|        12,    1,   12,   12,   12,   12,   12,   12,   12,   12,
|        12,    0
|     } ;
| 
| static const flex_int16_t yy_nxt[19] =
|     {   0,
|         4,    5,    6,    7,    8,    9,   10,   11,   12,    3,
|        12,   12,   12,   12,   12,   12,   12,   12
|     } ;
| 
| static const flex_int16_t yy_chk[19] =
|     {   0,
|         1,    1,    1,    1,    1,    1,    1,    1,    3,   12,
|        12,   12,   12,   12,   12,   12,   12,   12
|     } ;
| 
| extern int yy_flex_debug;
| int yy_flex_debug = 0;
| 
| static yy_state_type *yy_state_buf=0, *yy_state_ptr=0;
| static char *yy_full_match;
| static int yy_lp;
| #define REJECT \
| { \
| *yy_cp = (yy_hold_char); /* undo effects of setting up yytext */ \
| yy_cp = (yy_full_match); /* restore poss. backed-over text */ \
| ++(yy_lp); \
| goto find_rule; \
| }
| 
| static int yy_more_flag = 0;
| static int yy_more_len = 0;
| #define yymore() ((yy_more_flag) = 1)
| #define YY_MORE_ADJ (yy_more_len)
| #define YY_RESTORE_YY_MORE_OFFSET
| char *yytext;
| #line 1 "conftest.l"
| #line 459 "lex.yy.c"
| 
| #define INITIAL 0
| 
| #ifndef YY_NO_UNISTD_H
| /* Special case for "unistd.h", since it is non-ANSI. We include it way
|  * down here because we want the user's section 1 to have been scanned first.
|  * The user has a chance to override it with an option.
|  */
| #include <unistd.h>
| #endif
| 
| #ifndef YY_EXTRA_TYPE
| #define YY_EXTRA_TYPE void *
| #endif
| 
| static int yy_init_globals ( void );
| 
| /* Accessor methods to globals.
|    These are made visible to non-reentrant scanners for convenience. */
| 
| int yylex_destroy ( void );
| 
| int yyget_debug ( void );
| 
| void yyset_debug ( int debug_flag  );
| 
| YY_EXTRA_TYPE yyget_extra ( void );
| 
| void yyset_extra ( YY_EXTRA_TYPE user_defined  );
| 
| FILE *yyget_in ( void );
| 
| void yyset_in  ( FILE * _in_str  );
| 
| FILE *yyget_out ( void );
| 
| void yyset_out  ( FILE * _out_str  );
| 
| 			int yyget_leng ( void );
| 
| char *yyget_text ( void );
| 
| int yyget_lineno ( void );
| 
| void yyset_lineno ( int _line_number  );
| 
| /* Macros after this point can all be overridden by user definitions in
|  * section 1.
|  */
| 
| #ifndef YY_SKIP_YYWRAP
| #ifdef __cplusplus
| extern "C" int yywrap ( void );
| #else
| extern int yywrap ( void );
| #endif
| #endif
| 
| #ifndef YY_NO_UNPUT
|     
|     static void yyunput ( int c, char *buf_ptr  );
|     
| #endif
| 
| #ifndef yytext_ptr
| static void yy_flex_strncpy ( char *, const char *, int );
| #endif
| 
| #ifdef YY_NEED_STRLEN
| static int yy_flex_strlen ( const char * );
| #endif
| 
| #ifndef YY_NO_INPUT
| #ifdef __cplusplus
| static int yyinput ( void );
| #else
| static int input ( void );
| #endif
| 
| #endif
| 
| /* Amount of stuff to slurp up with each read. */
| #ifndef YY_READ_BUF_SIZE
| #ifdef __ia64__
| /* On IA-64, the buffer size is 16k, not 8k */
| #define YY_READ_BUF_SIZE 16384
| #else
| #define YY_READ_BUF_SIZE 8192
| #endif /* __ia64__ */
| #endif
| 
| /* Copy whatever the last rule matched to the standard output. */
| #ifndef ECHO
| /* This used to be an fputs(), but since the string might contain NUL's,
|  * we now use fwrite().
|  */
| #define ECHO do { if (fwrite( yytext, (size_t) yyleng, 1, yyout )) {} } while (0)
| #endif
| 
| /* Gets input and stuffs it into "buf".  number of characters read, or YY_NULL,
|  * is returned in "result".
|  */
| #ifndef YY_INPUT
| #define YY_INPUT(buf,result,max_size) \
| 	if ( YY_CURRENT_BUFFER_LVALUE->yy_is_interactive ) \
| 		{ \
| 		int c = '*'; \
| 		int n; \
| 		for ( n = 0; n < max_size && \
| 			     (c = getc( yyin )) != EOF && c != '\n'; ++n ) \
| 			buf[n] = (char) c; \
| 		if ( c == '\n' ) \
| 			buf[n++] = (char) c; \
| 		if ( c == EOF && ferror( yyin ) ) \
| 			YY_FATAL_ERROR( "input in flex scanner failed" ); \
| 		result = n; \
| 		} \
| 	else \
| 		{ \
| 		errno=0; \
| 		while ( (result = (int) fread(buf, 1, (yy_size_t) max_size, yyin)) == 0 && ferror(yyin)) \
| 			{ \
| 			if( errno != EINTR) \
| 				{ \
| 				YY_FATAL_ERROR( "input in flex scanner failed" ); \
| 				break; \
| 				} \
| 			errno=0; \
| 			clearerr(yyin); \
| 			} \
| 		}\
| \
| 
| #endif
| 
| /* No semi-colon after return; correct usage is to write "yyterminate();" -
|  * we don't want an extra ';' after the "return" because that will cause
|  * some compilers to complain about unreachable statements.
|  */
| #ifndef yyterminate
| #define yyterminate() return YY_NULL
| #endif
| 
| /* Number of entries by which start-condition stack grows. */
| #ifndef YY_START_STACK_INCR
| #define YY_START_STACK_INCR 25
| #endif
| 
| /* Report a fatal error. */
| #ifndef YY_FATAL_ERROR
| #define YY_FATAL_ERROR(msg) yy_fatal_error( msg )
| #endif
| 
| /* end tables serialization structures and prototypes */
| 
| /* Default declaration of generated scanner - a define so the user can
|  * easily add parameters.
|  */
| #ifndef YY_DECL
| #define YY_DECL_IS_OURS 1
| 
| extern int yylex (void);
| 
| #define YY_DECL int yylex (void)
| #endif /* !YY_DECL */
| 
| /* Code executed at the beginning of each rule, after yytext and yyleng
|  * have been set up.
|  */
| #ifndef YY_USER_ACTION
| #define YY_USER_ACTION
| #endif
| 
| /* Code executed at the end of each rule. */
| #ifndef YY_BREAK
| #define YY_BREAK /*LINTED*/break;
| #endif
| 
| #define YY_RULE_SETUP \
| 	YY_USER_ACTION
| 
| /** The main scanner function which does all the work.
|  */
| YY_DECL
| {
| 	yy_state_type yy_current_state;
| 	char *yy_cp, *yy_bp;
| 	int yy_act;
|     
| 	if ( !(yy_init) )
| 		{
| 		(yy_init) = 1;
| 
| #ifdef YY_USER_INIT
| 		YY_USER_INIT;
| #endif
| 
|         /* Create the reject buffer large enough to save one state per allowed character. */
|         if ( ! (yy_state_buf) )
|             (yy_state_buf) = (yy_state_type *)yyalloc(YY_STATE_BUF_SIZE  );
|             if ( ! (yy_state_buf) )
|                 YY_FATAL_ERROR( "out of dynamic memory in yylex()" );
| 
| 		if ( ! (yy_start) )
| 			(yy_start) = 1;	/* first start state */
| 
| 		if ( ! yyin )
| 			yyin = stdin;
| 
| 		if ( ! yyout )
| 			yyout = stdout;
| 
| 		if ( ! YY_CURRENT_BUFFER ) {
| 			yyensure_buffer_stack ();
| 			YY_CURRENT_BUFFER_LVALUE =
| 				yy_create_buffer( yyin, YY_BUF_SIZE );
| 		}
| 
| 		yy_load_buffer_state(  );
| 		}
| 
| 	{
| #line 1 "conftest.l"
| 
| #line 684 "lex.yy.c"
| 
| 	while ( /*CONSTCOND*/1 )		/* loops until end-of-file is reached */
| 		{
| 		(yy_more_len) = 0;
| 		if ( (yy_more_flag) )
| 			{
| 			(yy_more_len) = (int) ((yy_c_buf_p) - (yytext_ptr));
| 			(yy_more_flag) = 0;
| 			}
| 		yy_cp = (yy_c_buf_p);
| 
| 		/* Support of yytext. */
| 		*yy_cp = (yy_hold_char);
| 
| 		/* yy_bp points to the position in yy_ch_buf of the start of
| 		 * the current run.
| 		 */
| 		yy_bp = yy_cp;
| 
| 		yy_current_state = (yy_start);
| 
| 		(yy_state_ptr) = (yy_state_buf);
| 		*(yy_state_ptr)++ = yy_current_state;
| 
| yy_match:
| 		do
| 			{
| 			YY_CHAR yy_c = yy_ec[YY_SC_TO_UI(*yy_cp)] ;
| 			while ( yy_chk[yy_base[yy_current_state] + yy_c] != yy_current_state )
| 				{
| 				yy_current_state = (int) yy_def[yy_current_state];
| 				if ( yy_current_state >= 13 )
| 					yy_c = yy_meta[yy_c];
| 				}
| 			yy_current_state = yy_nxt[yy_base[yy_current_state] + yy_c];
| 			*(yy_state_ptr)++ = yy_current_state;
| 			++yy_cp;
| 			}
| 		while ( yy_base[yy_current_state] != 10 );
| 
| yy_find_action:
| 		yy_current_state = *--(yy_state_ptr);
| 		(yy_lp) = yy_accept[yy_current_state];
| 
| find_rule: /* we branch to this label when backing up */
| 
| 		for ( ; ; ) /* until we find what rule we matched */
| 			{
| 			if ( (yy_lp) && (yy_lp) < yy_accept[yy_current_state + 1] )
| 				{
| 				yy_act = yy_acclist[(yy_lp)];
| 					{
| 					(yy_full_match) = yy_cp;
| 					break;
| 					}
| 				}
| 			--yy_cp;
| 			yy_current_state = *--(yy_state_ptr);
| 			(yy_lp) = yy_accept[yy_current_state];
| 			}
| 
| 		YY_DO_BEFORE_ACTION;
| 
| do_action:	/* This label is used only to access EOF actions. */
| 
| 		switch ( yy_act )
| 	{ /* beginning of action switch */
| case 1:
| YY_RULE_SETUP
| #line 2 "conftest.l"
| { ECHO; }
| 	YY_BREAK
| case 2:
| YY_RULE_SETUP
| #line 3 "conftest.l"
| { REJECT; }
| 	YY_BREAK
| case 3:
| YY_RULE_SETUP
| #line 4 "conftest.l"
| { yymore (); }
| 	YY_BREAK
| case 4:
| YY_RULE_SETUP
| #line 5 "conftest.l"
| { yyless (1); }
| 	YY_BREAK
| case 5:
| YY_RULE_SETUP
| #line 6 "conftest.l"
| { /* IRIX 6.5 flex 2.5.4 underquotes its yyless argument.  */
|     yyless ((input () != 0)); }
| 	YY_BREAK
| case 6:
| YY_RULE_SETUP
| #line 8 "conftest.l"
| { unput (yytext[0]); }
| 	YY_BREAK
| case 7:
| YY_RULE_SETUP
| #line 9 "conftest.l"
| { BEGIN INITIAL; }
| 	YY_BREAK
| case 8:
| YY_RULE_SETUP
| #line 10 "conftest.l"
| ECHO;
| 	YY_BREAK
| #line 793 "lex.yy.c"
| 			case YY_STATE_EOF(INITIAL):
| 				yyterminate();
| 
| 	case YY_END_OF_BUFFER:
| 		{
| 		/* Amount of text matched not including the EOB char. */
| 		int yy_amount_of_matched_text = (int) (yy_cp - (yytext_ptr)) - 1;
| 
| 		/* Undo the effects of YY_DO_BEFORE_ACTION. */
| 		*yy_cp = (yy_hold_char);
| 		YY_RESTORE_YY_MORE_OFFSET
| 
| 		if ( YY_CURRENT_BUFFER_LVALUE->yy_buffer_status == YY_BUFFER_NEW )
| 			{
| 			/* We're scanning a new file or input source.  It's
| 			 * possible that this happened because the user
| 			 * just pointed yyin at a new source and called
| 			 * yylex().  If so, then we have to assure
| 			 * consistency between YY_CURRENT_BUFFER and our
| 			 * globals.  Here is the right place to do so, because
| 			 * this is the first action (other than possibly a
| 			 * back-up) that will match for the new input source.
| 			 */
| 			(yy_n_chars) = YY_CURRENT_BUFFER_LVALUE->yy_n_chars;
| 			YY_CURRENT_BUFFER_LVALUE->yy_input_file = yyin;
| 			YY_CURRENT_BUFFER_LVALUE->yy_buffer_status = YY_BUFFER_NORMAL;
| 			}
| 
| 		/* Note that here we test for yy_c_buf_p "<=" to the position
| 		 * of the first EOB in the buffer, since yy_c_buf_p will
| 		 * already have been incremented past the NUL character
| 		 * (since all states make transitions on EOB to the
| 		 * end-of-buffer state).  Contrast this with the test
| 		 * in input().
| 		 */
| 		if ( (yy_c_buf_p) <= &YY_CURRENT_BUFFER_LVALUE->yy_ch_buf[(yy_n_chars)] )
| 			{ /* This was really a NUL. */
| 			yy_state_type yy_next_state;
| 
| 			(yy_c_buf_p) = (yytext_ptr) + yy_amount_of_matched_text;
| 
| 			yy_current_state = yy_get_previous_state(  );
| 
| 			/* Okay, we're now positioned to make the NUL
| 			 * transition.  We couldn't have
| 			 * yy_get_previous_state() go ahead and do it
| 			 * for us because it doesn't know how to deal
| 			 * with the possibility of jamming (and we don't
| 			 * want to build jamming into it because then it
| 			 * will run more slowly).
| 			 */
| 
| 			yy_next_state = yy_try_NUL_trans( yy_current_state );
| 
| 			yy_bp = (yytext_ptr) + YY_MORE_ADJ;
| 
| 			if ( yy_next_state )
| 				{
| 				/* Consume the NUL. */
| 				yy_cp = ++(yy_c_buf_p);
| 				yy_current_state = yy_next_state;
| 				goto yy_match;
| 				}
| 
| 			else
| 				{
| 				yy_cp = (yy_c_buf_p);
| 				goto yy_find_action;
| 				}
| 			}
| 
| 		else switch ( yy_get_next_buffer(  ) )
| 			{
| 			case EOB_ACT_END_OF_FILE:
| 				{
| 				(yy_did_buffer_switch_on_eof) = 0;
| 
| 				if ( yywrap(  ) )
| 					{
| 					/* Note: because we've taken care in
| 					 * yy_get_next_buffer() to have set up
| 					 * yytext, we can now set up
| 					 * yy_c_buf_p so that if some total
| 					 * hoser (like flex itself) wants to
| 					 * call the scanner after we return the
| 					 * YY_NULL, it'll still work - another
| 					 * YY_NULL will get returned.
| 					 */
| 					(yy_c_buf_p) = (yytext_ptr) + YY_MORE_ADJ;
| 
| 					yy_act = YY_STATE_EOF(YY_START);
| 					goto do_action;
| 					}
| 
| 				else
| 					{
| 					if ( ! (yy_did_buffer_switch_on_eof) )
| 						YY_NEW_FILE;
| 					}
| 				break;
| 				}
| 
| 			case EOB_ACT_CONTINUE_SCAN:
| 				(yy_c_buf_p) =
| 					(yytext_ptr) + yy_amount_of_matched_text;
| 
| 				yy_current_state = yy_get_previous_state(  );
| 
| 				yy_cp = (yy_c_buf_p);
| 				yy_bp = (yytext_ptr) + YY_MORE_ADJ;
| 				goto yy_match;
| 
| 			case EOB_ACT_LAST_MATCH:
| 				(yy_c_buf_p) =
| 				&YY_CURRENT_BUFFER_LVALUE->yy_ch_buf[(yy_n_chars)];
| 
| 				yy_current_state = yy_get_previous_state(  );
| 
| 				yy_cp = (yy_c_buf_p);
| 				yy_bp = (yytext_ptr) + YY_MORE_ADJ;
| 				goto yy_find_action;
| 			}
| 		break;
| 		}
| 
| 	default:
| 		YY_FATAL_ERROR(
| 			"fatal flex scanner internal error--no action found" );
| 	} /* end of action switch */
| 		} /* end of scanning one token */
| 	} /* end of user's declarations */
| } /* end of yylex */
| 
| /* yy_get_next_buffer - try to read in a new buffer
|  *
|  * Returns a code representing an action:
|  *	EOB_ACT_LAST_MATCH -
|  *	EOB_ACT_CONTINUE_SCAN - continue scanning from current position
|  *	EOB_ACT_END_OF_FILE - end of file
|  */
| static int yy_get_next_buffer (void)
| {
|     	char *dest = YY_CURRENT_BUFFER_LVALUE->yy_ch_buf;
| 	char *source = (yytext_ptr);
| 	int number_to_move, i;
| 	int ret_val;
| 
| 	if ( (yy_c_buf_p) > &YY_CURRENT_BUFFER_LVALUE->yy_ch_buf[(yy_n_chars) + 1] )
| 		YY_FATAL_ERROR(
| 		"fatal flex scanner internal error--end of buffer missed" );
| 
| 	if ( YY_CURRENT_BUFFER_LVALUE->yy_fill_buffer == 0 )
| 		{ /* Don't try to fill the buffer, so this is an EOF. */
| 		if ( (yy_c_buf_p) - (yytext_ptr) - YY_MORE_ADJ == 1 )
| 			{
| 			/* We matched a single character, the EOB, so
| 			 * treat this as a final EOF.
| 			 */
| 			return EOB_ACT_END_OF_FILE;
| 			}
| 
| 		else
| 			{
| 			/* We matched some text prior to the EOB, first
| 			 * process it.
| 			 */
| 			return EOB_ACT_LAST_MATCH;
| 			}
| 		}
| 
| 	/* Try to read more data. */
| 
| 	/* First move last chars to start of buffer. */
| 	number_to_move = (int) ((yy_c_buf_p) - (yytext_ptr) - 1);
| 
| 	for ( i = 0; i < number_to_move; ++i )
| 		*(dest++) = *(source++);
| 
| 	if ( YY_CURRENT_BUFFER_LVALUE->yy_buffer_status == YY_BUFFER_EOF_PENDING )
| 		/* don't do the read, it's not guaranteed to return an EOF,
| 		 * just force an EOF
| 		 */
| 		YY_CURRENT_BUFFER_LVALUE->yy_n_chars = (yy_n_chars) = 0;
| 
| 	else
| 		{
| 			int num_to_read =
| 			YY_CURRENT_BUFFER_LVALUE->yy_buf_size - number_to_move - 1;
| 
| 		while ( num_to_read <= 0 )
| 			{ /* Not enough room in the buffer - grow it. */
| 
| 			YY_FATAL_ERROR(
| "input buffer overflow, can't enlarge buffer because scanner uses REJECT" );
| 
| 			}
| 
| 		if ( num_to_read > YY_READ_BUF_SIZE )
| 			num_to_read = YY_READ_BUF_SIZE;
| 
| 		/* Read in more data. */
| 		YY_INPUT( (&YY_CURRENT_BUFFER_LVALUE->yy_ch_buf[number_to_move]),
| 			(yy_n_chars), num_to_read );
| 
| 		YY_CURRENT_BUFFER_LVALUE->yy_n_chars = (yy_n_chars);
| 		}
| 
| 	if ( (yy_n_chars) == 0 )
| 		{
| 		if ( number_to_move == YY_MORE_ADJ )
| 			{
| 			ret_val = EOB_ACT_END_OF_FILE;
| 			yyrestart( yyin  );
| 			}
| 
| 		else
| 			{
| 			ret_val = EOB_ACT_LAST_MATCH;
| 			YY_CURRENT_BUFFER_LVALUE->yy_buffer_status =
| 				YY_BUFFER_EOF_PENDING;
| 			}
| 		}
| 
| 	else
| 		ret_val = EOB_ACT_CONTINUE_SCAN;
| 
| 	if (((yy_n_chars) + number_to_move) > YY_CURRENT_BUFFER_LVALUE->yy_buf_size) {
| 		/* Extend the array by 50%, plus the number we really need. */
| 		int new_size = (yy_n_chars) + number_to_move + ((yy_n_chars) >> 1);
| 		YY_CURRENT_BUFFER_LVALUE->yy_ch_buf = (char *) yyrealloc(
| 			(void *) YY_CURRENT_BUFFER_LVALUE->yy_ch_buf, (yy_size_t) new_size  );
| 		if ( ! YY_CURRENT_BUFFER_LVALUE->yy_ch_buf )
| 			YY_FATAL_ERROR( "out of dynamic memory in yy_get_next_buffer()" );
| 		/* "- 2" to take care of EOB's */
| 		YY_CURRENT_BUFFER_LVALUE->yy_buf_size = (int) (new_size - 2);
| 	}
| 
| 	(yy_n_chars) += number_to_move;
| 	YY_CURRENT_BUFFER_LVALUE->yy_ch_buf[(yy_n_chars)] = YY_END_OF_BUFFER_CHAR;
| 	YY_CURRENT_BUFFER_LVALUE->yy_ch_buf[(yy_n_chars) + 1] = YY_END_OF_BUFFER_CHAR;
| 
| 	(yytext_ptr) = &YY_CURRENT_BUFFER_LVALUE->yy_ch_buf[0];
| 
| 	return ret_val;
| }
| 
| /* yy_get_previous_state - get the state just before the EOB char was reached */
| 
|     static yy_state_type yy_get_previous_state (void)
| {
| 	yy_state_type yy_current_state;
| 	char *yy_cp;
|     
| 	yy_current_state = (yy_start);
| 
| 	(yy_state_ptr) = (yy_state_buf);
| 	*(yy_state_ptr)++ = yy_current_state;
| 
| 	for ( yy_cp = (yytext_ptr) + YY_MORE_ADJ; yy_cp < (yy_c_buf_p); ++yy_cp )
| 		{
| 		YY_CHAR yy_c = (*yy_cp ? yy_ec[YY_SC_TO_UI(*yy_cp)] : 1);
| 		while ( yy_chk[yy_base[yy_current_state] + yy_c] != yy_current_state )
| 			{
| 			yy_current_state = (int) yy_def[yy_current_state];
| 			if ( yy_current_state >= 13 )
| 				yy_c = yy_meta[yy_c];
| 			}
| 		yy_current_state = yy_nxt[yy_base[yy_current_state] + yy_c];
| 		*(yy_state_ptr)++ = yy_current_state;
| 		}
| 
| 	return yy_current_state;
| }
| 
| /* yy_try_NUL_trans - try to make a transition on the NUL character
|  *
|  * synopsis
|  *	next_state = yy_try_NUL_trans( current_state );
|  */
|     static yy_state_type yy_try_NUL_trans  (yy_state_type yy_current_state )
| {
| 	int yy_is_jam;
|     
| 	YY_CHAR yy_c = 1;
| 	while ( yy_chk[yy_base[yy_current_state] + yy_c] != yy_current_state )
| 		{
| 		yy_current_state = (int) yy_def[yy_current_state];
| 		if ( yy_current_state >= 13 )
| 			yy_c = yy_meta[yy_c];
| 		}
| 	yy_current_state = yy_nxt[yy_base[yy_current_state] + yy_c];
| 	yy_is_jam = (yy_current_state == 12);
| 	if ( ! yy_is_jam )
| 		*(yy_state_ptr)++ = yy_current_state;
| 
| 		return yy_is_jam ? 0 : yy_current_state;
| }
| 
| #ifndef YY_NO_UNPUT
| 
|     static void yyunput (int c, char * yy_bp )
| {
| 	char *yy_cp;
|     
|     yy_cp = (yy_c_buf_p);
| 
| 	/* undo effects of setting up yytext */
| 	*yy_cp = (yy_hold_char);
| 
| 	if ( yy_cp < YY_CURRENT_BUFFER_LVALUE->yy_ch_buf + 2 )
| 		{ /* need to shift things up to make room */
| 		/* +2 for EOB chars. */
| 		int number_to_move = (yy_n_chars) + 2;
| 		char *dest = &YY_CURRENT_BUFFER_LVALUE->yy_ch_buf[
| 					YY_CURRENT_BUFFER_LVALUE->yy_buf_size + 2];
| 		char *source =
| 				&YY_CURRENT_BUFFER_LVALUE->yy_ch_buf[number_to_move];
| 
| 		while ( source > YY_CURRENT_BUFFER_LVALUE->yy_ch_buf )
| 			*--dest = *--source;
| 
| 		yy_cp += (int) (dest - source);
| 		yy_bp += (int) (dest - source);
| 		YY_CURRENT_BUFFER_LVALUE->yy_n_chars =
| 			(yy_n_chars) = (int) YY_CURRENT_BUFFER_LVALUE->yy_buf_size;
| 
| 		if ( yy_cp < YY_CURRENT_BUFFER_LVALUE->yy_ch_buf + 2 )
| 			YY_FATAL_ERROR( "flex scanner push-back overflow" );
| 		}
| 
| 	*--yy_cp = (char) c;
| 
| 	(yytext_ptr) = yy_bp;
| 	(yy_hold_char) = *yy_cp;
| 	(yy_c_buf_p) = yy_cp;
| }
| 
| #endif
| 
| #ifndef YY_NO_INPUT
| #ifdef __cplusplus
|     static int yyinput (void)
| #else
|     static int input  (void)
| #endif
| 
| {
| 	int c;
|     
| 	*(yy_c_buf_p) = (yy_hold_char);
| 
| 	if ( *(yy_c_buf_p) == YY_END_OF_BUFFER_CHAR )
| 		{
| 		/* yy_c_buf_p now points to the character we want to return.
| 		 * If this occurs *before* the EOB characters, then it's a
| 		 * valid NUL; if not, then we've hit the end of the buffer.
| 		 */
| 		if ( (yy_c_buf_p) < &YY_CURRENT_BUFFER_LVALUE->yy_ch_buf[(yy_n_chars)] )
| 			/* This was really a NUL. */
| 			*(yy_c_buf_p) = '\0';
| 
| 		else
| 			{ /* need more input */
| 			int offset = (int) ((yy_c_buf_p) - (yytext_ptr));
| 			++(yy_c_buf_p);
| 
| 			switch ( yy_get_next_buffer(  ) )
| 				{
| 				case EOB_ACT_LAST_MATCH:
| 					/* This happens because yy_g_n_b()
| 					 * sees that we've accumulated a
| 					 * token and flags that we need to
| 					 * try matching the token before
| 					 * proceeding.  But for input(),
| 					 * there's no matching to consider.
| 					 * So convert the EOB_ACT_LAST_MATCH
| 					 * to EOB_ACT_END_OF_FILE.
| 					 */
| 
| 					/* Reset buffer status. */
| 					yyrestart( yyin );
| 
| 					/*FALLTHROUGH*/
| 
| 				case EOB_ACT_END_OF_FILE:
| 					{
| 					if ( yywrap(  ) )
| 						return 0;
| 
| 					if ( ! (yy_did_buffer_switch_on_eof) )
| 						YY_NEW_FILE;
| #ifdef __cplusplus
| 					return yyinput();
| #else
| 					return input();
| #endif
| 					}
| 
| 				case EOB_ACT_CONTINUE_SCAN:
| 					(yy_c_buf_p) = (yytext_ptr) + offset;
| 					break;
| 				}
| 			}
| 		}
| 
| 	c = *(unsigned char *) (yy_c_buf_p);	/* cast for 8-bit char's */
| 	*(yy_c_buf_p) = '\0';	/* preserve yytext */
| 	(yy_hold_char) = *++(yy_c_buf_p);
| 
| 	return c;
| }
| #endif	/* ifndef YY_NO_INPUT */
| 
| /** Immediately switch to a different input stream.
|  * @param input_file A readable stream.
|  * 
|  * @note This function does not reset the start condition to @c INITIAL .
|  */
|     void yyrestart  (FILE * input_file )
| {
|     
| 	if ( ! YY_CURRENT_BUFFER ){
|         yyensure_buffer_stack ();
| 		YY_CURRENT_BUFFER_LVALUE =
|             yy_create_buffer( yyin, YY_BUF_SIZE );
| 	}
| 
| 	yy_init_buffer( YY_CURRENT_BUFFER, input_file );
| 	yy_load_buffer_state(  );
| }
| 
| /** Switch to a different input buffer.
|  * @param new_buffer The new input buffer.
|  * 
|  */
|     void yy_switch_to_buffer  (YY_BUFFER_STATE  new_buffer )
| {
|     
| 	/* TODO. We should be able to replace this entire function body
| 	 * with
| 	 *		yypop_buffer_state();
| 	 *		yypush_buffer_state(new_buffer);
|      */
| 	yyensure_buffer_stack ();
| 	if ( YY_CURRENT_BUFFER == new_buffer )
| 		return;
| 
| 	if ( YY_CURRENT_BUFFER )
| 		{
| 		/* Flush out information for old buffer. */
| 		*(yy_c_buf_p) = (yy_hold_char);
| 		YY_CURRENT_BUFFER_LVALUE->yy_buf_pos = (yy_c_buf_p);
| 		YY_CURRENT_BUFFER_LVALUE->yy_n_chars = (yy_n_chars);
| 		}
| 
| 	YY_CURRENT_BUFFER_LVALUE = new_buffer;
| 	yy_load_buffer_state(  );
| 
| 	/* We don't actually know whether we did this switch during
| 	 * EOF (yywrap()) processing, but the only time this flag
| 	 * is looked at is after yywrap() is called, so it's safe
| 	 * to go ahead and always set it.
| 	 */
| 	(yy_did_buffer_switch_on_eof) = 1;
| }
| 
| static void yy_load_buffer_state  (void)
| {
|     	(yy_n_chars) = YY_CURRENT_BUFFER_LVALUE->yy_n_chars;
| 	(yytext_ptr) = (yy_c_buf_p) = YY_CURRENT_BUFFER_LVALUE->yy_buf_pos;
| 	yyin = YY_CURRENT_BUFFER_LVALUE->yy_input_file;
| 	(yy_hold_char) = *(yy_c_buf_p);
| }
| 
| /** Allocate and initialize an input buffer state.
|  * @param file A readable stream.
|  * @param size The character buffer size in bytes. When in doubt, use @c YY_BUF_SIZE.
|  * 
|  * @return the allocated buffer state.
|  */
|     YY_BUFFER_STATE yy_create_buffer  (FILE * file, int  size )
| {
| 	YY_BUFFER_STATE b;
|     
| 	b = (YY_BUFFER_STATE) yyalloc( sizeof( struct yy_buffer_state )  );
| 	if ( ! b )
| 		YY_FATAL_ERROR( "out of dynamic memory in yy_create_buffer()" );
| 
| 	b->yy_buf_size = size;
| 
| 	/* yy_ch_buf has to be 2 characters longer than the size given because
| 	 * we need to put in 2 end-of-buffer characters.
| 	 */
| 	b->yy_ch_buf = (char *) yyalloc( (yy_size_t) (b->yy_buf_size + 2)  );
| 	if ( ! b->yy_ch_buf )
| 		YY_FATAL_ERROR( "out of dynamic memory in yy_create_buffer()" );
| 
| 	b->yy_is_our_buffer = 1;
| 
| 	yy_init_buffer( b, file );
| 
| 	return b;
| }
| 
| /** Destroy the buffer.
|  * @param b a buffer created with yy_create_buffer()
|  * 
|  */
|     void yy_delete_buffer (YY_BUFFER_STATE  b )
| {
|     
| 	if ( ! b )
| 		return;
| 
| 	if ( b == YY_CURRENT_BUFFER ) /* Not sure if we should pop here. */
| 		YY_CURRENT_BUFFER_LVALUE = (YY_BUFFER_STATE) 0;
| 
| 	if ( b->yy_is_our_buffer )
| 		yyfree( (void *) b->yy_ch_buf  );
| 
| 	yyfree( (void *) b  );
| }
| 
| /* Initializes or reinitializes a buffer.
|  * This function is sometimes called more than once on the same buffer,
|  * such as during a yyrestart() or at EOF.
|  */
|     static void yy_init_buffer  (YY_BUFFER_STATE  b, FILE * file )
| 
| {
| 	int oerrno = errno;
|     
| 	yy_flush_buffer( b );
| 
| 	b->yy_input_file = file;
| 	b->yy_fill_buffer = 1;
| 
|     /* If b is the current buffer, then yy_init_buffer was _probably_
|      * called from yyrestart() or through yy_get_next_buffer.
|      * In that case, we don't want to reset the lineno or column.
|      */
|     if (b != YY_CURRENT_BUFFER){
|         b->yy_bs_lineno = 1;
|         b->yy_bs_column = 0;
|     }
| 
|         b->yy_is_interactive = file ? (isatty( fileno(file) ) > 0) : 0;
|     
| 	errno = oerrno;
| }
| 
| /** Discard all buffered characters. On the next scan, YY_INPUT will be called.
|  * @param b the buffer state to be flushed, usually @c YY_CURRENT_BUFFER.
|  * 
|  */
|     void yy_flush_buffer (YY_BUFFER_STATE  b )
| {
|     	if ( ! b )
| 		return;
| 
| 	b->yy_n_chars = 0;
| 
| 	/* We always need two end-of-buffer characters.  The first causes
| 	 * a transition to the end-of-buffer state.  The second causes
| 	 * a jam in that state.
| 	 */
| 	b->yy_ch_buf[0] = YY_END_OF_BUFFER_CHAR;
| 	b->yy_ch_buf[1] = YY_END_OF_BUFFER_CHAR;
| 
| 	b->yy_buf_pos = &b->yy_ch_buf[0];
| 
| 	b->yy_at_bol = 1;
| 	b->yy_buffer_status = YY_BUFFER_NEW;
| 
| 	if ( b == YY_CURRENT_BUFFER )
| 		yy_load_buffer_state(  );
| }
| 
| /** Pushes the new state onto the stack. The new state becomes
|  *  the current state. This function will allocate the stack
|  *  if necessary.
|  *  @param new_buffer The new state.
|  *  
|  */
| void yypush_buffer_state (YY_BUFFER_STATE new_buffer )
| {
|     	if (new_buffer == NULL)
| 		return;
| 
| 	yyensure_buffer_stack();
| 
| 	/* This block is copied from yy_switch_to_buffer. */
| 	if ( YY_CURRENT_BUFFER )
| 		{
| 		/* Flush out information for old buffer. */
| 		*(yy_c_buf_p) = (yy_hold_char);
| 		YY_CURRENT_BUFFER_LVALUE->yy_buf_pos = (yy_c_buf_p);
| 		YY_CURRENT_BUFFER_LVALUE->yy_n_chars = (yy_n_chars);
| 		}
| 
| 	/* Only push if top exists. Otherwise, replace top. */
| 	if (YY_CURRENT_BUFFER)
| 		(yy_buffer_stack_top)++;
| 	YY_CURRENT_BUFFER_LVALUE = new_buffer;
| 
| 	/* copied from yy_switch_to_buffer. */
| 	yy_load_buffer_state(  );
| 	(yy_did_buffer_switch_on_eof) = 1;
| }
| 
| /** Removes and deletes the top of the stack, if present.
|  *  The next element becomes the new top.
|  *  
|  */
| void yypop_buffer_state (void)
| {
|     	if (!YY_CURRENT_BUFFER)
| 		return;
| 
| 	yy_delete_buffer(YY_CURRENT_BUFFER );
| 	YY_CURRENT_BUFFER_LVALUE = NULL;
| 	if ((yy_buffer_stack_top) > 0)
| 		--(yy_buffer_stack_top);
| 
| 	if (YY_CURRENT_BUFFER) {
| 		yy_load_buffer_state(  );
| 		(yy_did_buffer_switch_on_eof) = 1;
| 	}
| }
| 
| /* Allocates the stack if it does not exist.
|  *  Guarantees space for at least one push.
|  */
| static void yyensure_buffer_stack (void)
| {
| 	yy_size_t num_to_alloc;
|     
| 	if (!(yy_buffer_stack)) {
| 
| 		/* First allocation is just for 2 elements, since we don't know if this
| 		 * scanner will even need a stack. We use 2 instead of 1 to avoid an
| 		 * immediate realloc on the next call.
|          */
|       num_to_alloc = 1; /* After all that talk, this was set to 1 anyways... */
| 		(yy_buffer_stack) = (struct yy_buffer_state**)yyalloc
| 								(num_to_alloc * sizeof(struct yy_buffer_state*)
| 								);
| 		if ( ! (yy_buffer_stack) )
| 			YY_FATAL_ERROR( "out of dynamic memory in yyensure_buffer_stack()" );
| 
| 		memset((yy_buffer_stack), 0, num_to_alloc * sizeof(struct yy_buffer_state*));
| 
| 		(yy_buffer_stack_max) = num_to_alloc;
| 		(yy_buffer_stack_top) = 0;
| 		return;
| 	}
| 
| 	if ((yy_buffer_stack_top) >= ((yy_buffer_stack_max)) - 1){
| 
| 		/* Increase the buffer to prepare for a possible push. */
| 		yy_size_t grow_size = 8 /* arbitrary grow size */;
| 
| 		num_to_alloc = (yy_buffer_stack_max) + grow_size;
| 		(yy_buffer_stack) = (struct yy_buffer_state**)yyrealloc
| 								((yy_buffer_stack),
| 								num_to_alloc * sizeof(struct yy_buffer_state*)
| 								);
| 		if ( ! (yy_buffer_stack) )
| 			YY_FATAL_ERROR( "out of dynamic memory in yyensure_buffer_stack()" );
| 
| 		/* zero only the new slots.*/
| 		memset((yy_buffer_stack) + (yy_buffer_stack_max), 0, grow_size * sizeof(struct yy_buffer_state*));
| 		(yy_buffer_stack_max) = num_to_alloc;
| 	}
| }
| 
| /** Setup the input buffer state to scan directly from a user-specified character buffer.
|  * @param base the character buffer
|  * @param size the size in bytes of the character buffer
|  * 
|  * @return the newly allocated buffer state object.
|  */
| YY_BUFFER_STATE yy_scan_buffer  (char * base, yy_size_t  size )
| {
| 	YY_BUFFER_STATE b;
|     
| 	if ( size < 2 ||
| 	     base[size-2] != YY_END_OF_BUFFER_CHAR ||
| 	     base[size-1] != YY_END_OF_BUFFER_CHAR )
| 		/* They forgot to leave room for the EOB's. */
| 		return NULL;
| 
| 	b = (YY_BUFFER_STATE) yyalloc( sizeof( struct yy_buffer_state )  );
| 	if ( ! b )
| 		YY_FATAL_ERROR( "out of dynamic memory in yy_scan_buffer()" );
| 
| 	b->yy_buf_size = (int) (size - 2);	/* "- 2" to take care of EOB's */
| 	b->yy_buf_pos = b->yy_ch_buf = base;
| 	b->yy_is_our_buffer = 0;
| 	b->yy_input_file = NULL;
| 	b->yy_n_chars = b->yy_buf_size;
| 	b->yy_is_interactive = 0;
| 	b->yy_at_bol = 1;
| 	b->yy_fill_buffer = 0;
| 	b->yy_buffer_status = YY_BUFFER_NEW;
| 
| 	yy_switch_to_buffer( b  );
| 
| 	return b;
| }
| 
| /** Setup the input buffer state to scan a string. The next call to yylex() will
|  * scan from a @e copy of @a str.
|  * @param yystr a NUL-terminated string to scan
|  * 
|  * @return the newly allocated buffer state object.
|  * @note If you want to scan bytes that may contain NUL values, then use
|  *       yy_scan_bytes() instead.
|  */
| YY_BUFFER_STATE yy_scan_string (const char * yystr )
| {
|     
| 	return yy_scan_bytes( yystr, (int) strlen(yystr) );
| }
| 
| /** Setup the input buffer state to scan the given bytes. The next call to yylex() will
|  * scan from a @e copy of @a bytes.
|  * @param yybytes the byte buffer to scan
|  * @param _yybytes_len the number of bytes in the buffer pointed to by @a bytes.
|  * 
|  * @return the newly allocated buffer state object.
|  */
| YY_BUFFER_STATE yy_scan_bytes  (const char * yybytes, int  _yybytes_len )
| {
| 	YY_BUFFER_STATE b;
| 	char *buf;
| 	yy_size_t n;
| 	int i;
|     
| 	/* Get memory for full buffer, including space for trailing EOB's. */
| 	n = (yy_size_t) (_yybytes_len + 2);
| 	buf = (char *) yyalloc( n  );
| 	if ( ! buf )
| 		YY_FATAL_ERROR( "out of dynamic memory in yy_scan_bytes()" );
| 
| 	for ( i = 0; i < _yybytes_len; ++i )
| 		buf[i] = yybytes[i];
| 
| 	buf[_yybytes_len] = buf[_yybytes_len+1] = YY_END_OF_BUFFER_CHAR;
| 
| 	b = yy_scan_buffer( buf, n );
| 	if ( ! b )
| 		YY_FATAL_ERROR( "bad buffer in yy_scan_bytes()" );
| 
| 	/* It's okay to grow etc. this buffer, and we should throw it
| 	 * away when we're done.
| 	 */
| 	b->yy_is_our_buffer = 1;
| 
| 	return b;
| }
| 
| #ifndef YY_EXIT_FAILURE
| #define YY_EXIT_FAILURE 2
| #endif
| 
| static void yynoreturn yy_fatal_error (const char* msg )
| {
| 			fprintf( stderr, "%s\n", msg );
| 	exit( YY_EXIT_FAILURE );
| }
| 
| /* Redefine yyless() so it works in section 3 code. */
| 
| #undef yyless
| #define yyless(n) \
| 	do \
| 		{ \
| 		/* Undo effects of setting up yytext. */ \
|         int yyless_macro_arg = (n); \
|         YY_LESS_LINENO(yyless_macro_arg);\
| 		yytext[yyleng] = (yy_hold_char); \
| 		(yy_c_buf_p) = yytext + yyless_macro_arg; \
| 		(yy_hold_char) = *(yy_c_buf_p); \
| 		*(yy_c_buf_p) = '\0'; \
| 		yyleng = yyless_macro_arg; \
| 		} \
| 	while ( 0 )
| 
| /* Accessor  methods (get/set functions) to struct members. */
| 
| /** Get the current line number.
|  * 
|  */
| int yyget_lineno  (void)
| {
|     
|     return yylineno;
| }
| 
| /** Get the input stream.
|  * 
|  */
| FILE *yyget_in  (void)
| {
|         return yyin;
| }
| 
| /** Get the output stream.
|  * 
|  */
| FILE *yyget_out  (void)
| {
|         return yyout;
| }
| 
| /** Get the length of the current token.
|  * 
|  */
| int yyget_leng  (void)
| {
|         return yyleng;
| }
| 
| /** Get the current token.
|  * 
|  */
| 
| char *yyget_text  (void)
| {
|         return yytext;
| }
| 
| /** Set the current line number.
|  * @param _line_number line number
|  * 
|  */
| void yyset_lineno (int  _line_number )
| {
|     
|     yylineno = _line_number;
| }
| 
| /** Set the input stream. This does not discard the current
|  * input buffer.
|  * @param _in_str A readable stream.
|  * 
|  * @see yy_switch_to_buffer
|  */
| void yyset_in (FILE *  _in_str )
| {
|         yyin = _in_str ;
| }
| 
| void yyset_out (FILE *  _out_str )
| {
|         yyout = _out_str ;
| }
| 
| int yyget_debug  (void)
| {
|         return yy_flex_debug;
| }
| 
| void yyset_debug (int  _bdebug )
| {
|         yy_flex_debug = _bdebug ;
| }
| 
| static int yy_init_globals (void)
| {
|         /* Initialization is the same as for the non-reentrant scanner.
|      * This function is called from yylex_destroy(), so don't allocate here.
|      */
| 
|     (yy_buffer_stack) = NULL;
|     (yy_buffer_stack_top) = 0;
|     (yy_buffer_stack_max) = 0;
|     (yy_c_buf_p) = NULL;
|     (yy_init) = 0;
|     (yy_start) = 0;
| 
|     (yy_state_buf) = 0;
|     (yy_state_ptr) = 0;
|     (yy_full_match) = 0;
|     (yy_lp) = 0;
| 
| /* Defined in main.c */
| #ifdef YY_STDINIT
|     yyin = stdin;
|     yyout = stdout;
| #else
|     yyin = NULL;
|     yyout = NULL;
| #endif
| 
|     /* For future reference: Set errno on error, since we are called by
|      * yylex_init()
|      */
|     return 0;
| }
| 
| /* yylex_destroy is for both reentrant and non-reentrant scanners. */
| int yylex_destroy  (void)
| {
|     
|     /* Pop the buffer stack, destroying each element. */
| 	while(YY_CURRENT_BUFFER){
| 		yy_delete_buffer( YY_CURRENT_BUFFER  );
| 		YY_CURRENT_BUFFER_LVALUE = NULL;
| 		yypop_buffer_state();
| 	}
| 
| 	/* Destroy the stack itself. */
| 	yyfree((yy_buffer_stack) );
| 	(yy_buffer_stack) = NULL;
| 
|     yyfree ( (yy_state_buf) );
|     (yy_state_buf)  = NULL;
| 
|     /* Reset the globals. This is important in a non-reentrant scanner so the next time
|      * yylex() is called, initialization will occur. */
|     yy_init_globals( );
| 
|     return 0;
| }
| 
| /*
|  * Internal utility routines.
|  */
| 
| #ifndef yytext_ptr
| static void yy_flex_strncpy (char* s1, const char * s2, int n )
| {
| 		
| 	int i;
| 	for ( i = 0; i < n; ++i )
| 		s1[i] = s2[i];
| }
| #endif
| 
| #ifdef YY_NEED_STRLEN
| static int yy_flex_strlen (const char * s )
| {
| 	int n;
| 	for ( n = 0; s[n]; ++n )
| 		;
| 
| 	return n;
| }
| #endif
| 
| void *yyalloc (yy_size_t  size )
| {
| 			return malloc(size);
| }
| 
| void *yyrealloc  (void * ptr, yy_size_t  size )
| {
| 		
| 	/* The cast to (char *) in the following accommodates both
| 	 * implementations that use char* generic pointers, and those
| 	 * that use void* generic pointers.  It works with the latter
| 	 * because both ANSI C and C++ allow castless assignment from
| 	 * any pointer type to void*, and deal with argument conversions
| 	 * as though doing an assignment.
| 	 */
| 	return realloc(ptr, size);
| }
| 
| void yyfree (void * ptr )
| {
| 			free( (char *) ptr );	/* see yyrealloc() for (char *) cast */
| }
| 
| #define YYTABLES_NAME "yytables"
| 
| #line 10 "conftest.l"
| 
| #ifdef YYTEXT_POINTER
| extern char *yytext;
| #endif
| int
| main (void)
| {
|   return ! yylex () + ! yywrap ();
| }
configure:13438: gcc  -o conftest -isystem/home/ubuntu/yocto/rpi-build/tmp/work/x86_64-linux/bison-native/3.8.2-r0/recipe-sysroot-native/usr/include -O2 -pipe -isystem/home/ubuntu/yocto/rpi-build/tmp/work/x86_64-linux/bison-native/3.8.2-r0/recipe-sysroot-native/usr/include -L/home/ubuntu/yocto/rpi-build/tmp/work/x86_64-linux/bison-native/3.8.2-r0/recipe-sysroot-native/usr/lib                         -L/home/ubuntu/yocto/rpi-build/tmp/work/x86_64-linux/bison-native/3.8.2-r0/recipe-sysroot-native/lib                         -Wl,--enable-new-dtags                         -Wl,-rpath-link,/home/ubuntu/yocto/rpi-build/tmp/work/x86_64-linux/bison-native/3.8.2-r0/recipe-sysroot-native/usr/lib                         -Wl,-rpath-link,/home/ubuntu/yocto/rpi-build/tmp/work/x86_64-linux/bison-native/3.8.2-r0/recipe-sysroot-native/lib                         -Wl,-rpath,/home/ubuntu/yocto/rpi-build/tmp/work/x86_64-linux/bison-native/3.8.2-r0/recipe-sysroot-native/usr/lib                         -Wl,-rpath,/home/ubuntu/yocto/rpi-build/tmp/work/x86_64-linux/bison-native/3.8.2-r0/recipe-sysroot-native/lib                         -Wl,-O1 -Wl,--allow-shlib-undefined -Wl,--dynamic-linker=/home/ubuntu/yocto/rpi-build/tmp/sysroots-uninative/x86_64-linux/lib/ld-linux-x86-64.so.2 conftest.c -lfl  >&5
configure:13438: $? = 0
configure:13449: result: -lfl
configure:13455: checking whether yytext is a pointer
configure:13473: gcc  -o conftest -isystem/home/ubuntu/yocto/rpi-build/tmp/work/x86_64-linux/bison-native/3.8.2-r0/recipe-sysroot-native/usr/include -O2 -pipe -isystem/home/ubuntu/yocto/rpi-build/tmp/work/x86_64-linux/bison-native/3.8.2-r0/recipe-sysroot-native/usr/include -L/home/ubuntu/yocto/rpi-build/tmp/work/x86_64-linux/bison-native/3.8.2-r0/recipe-sysroot-native/usr/lib                         -L/home/ubuntu/yocto/rpi-build/tmp/work/x86_64-linux/bison-native/3.8.2-r0/recipe-sysroot-native/lib                         -Wl,--enable-new-dtags                         -Wl,-rpath-link,/home/ubuntu/yocto/rpi-build/tmp/work/x86_64-linux/bison-native/3.8.2-r0/recipe-sysroot-native/usr/lib                         -Wl,-rpath-link,/home/ubuntu/yocto/rpi-build/tmp/work/x86_64-linux/bison-native/3.8.2-r0/recipe-sysroot-native/lib                         -Wl,-rpath,/home/ubuntu/yocto/rpi-build/tmp/work/x86_64-linux/bison-native/3.8.2-r0/recipe-sysroot-native/usr/lib                         -Wl,-rpath,/home/ubuntu/yocto/rpi-build/tmp/work/x86_64-linux/bison-native/3.8.2-r0/recipe-sysroot-native/lib                         -Wl,-O1 -Wl,--allow-shlib-undefined -Wl,--dynamic-linker=/home/ubuntu/yocto/rpi-build/tmp/sysroots-uninative/x86_64-linux/lib/ld-linux-x86-64.so.2 conftest.c -lfl  >&5
configure:13473: $? = 0
configure:13482: result: yes
configure:13519: checking for bison
configure:13554: result: no
configure:13519: checking for byacc
configure:13554: result: no
configure:13566: checking for x86_64-linux-ranlib
configure:13598: result: ranlib -D
configure:13666: checking for GNU M4 that supports accurate traces
configure:13721: result: m4
configure:13724: checking whether m4 accepts --gnu
configure:13735: result: yes
configure:13752: checking how m4 supports trace files
configure:13763: result: --debugfile
configure:13776: checking for perl
configure:13799: found /home/ubuntu/yocto/rpi-build/tmp/hosttools/perl
configure:13811: result: /home/ubuntu/yocto/rpi-build/tmp/hosttools/perl
configure:13824: checking for xsltproc
configure:13862: result: no
configure:13874: checking for inline
configure:13900: result: inline
configure:14383: checking for size_t
configure:14383: gcc  -c -isystem/home/ubuntu/yocto/rpi-build/tmp/work/x86_64-linux/bison-native/3.8.2-r0/recipe-sysroot-native/usr/include -O2 -pipe -isystem/home/ubuntu/yocto/rpi-build/tmp/work/x86_64-linux/bison-native/3.8.2-r0/recipe-sysroot-native/usr/include conftest.c >&5
configure:14383: $? = 0
configure:14383: gcc  -c -isystem/home/ubuntu/yocto/rpi-build/tmp/work/x86_64-linux/bison-native/3.8.2-r0/recipe-sysroot-native/usr/include -O2 -pipe -isystem/home/ubuntu/yocto/rpi-build/tmp/work/x86_64-linux/bison-native/3.8.2-r0/recipe-sysroot-native/usr/include conftest.c >&5
conftest.c: In function 'main':
conftest.c:137:21: error: expected expression before ')' token
  137 | if (sizeof ((size_t)))
      |                     ^
configure:14383: $? = 1
configure: failed program was:
| /* confdefs.h */
| #define PACKAGE_NAME "GNU Bison"
| #define PACKAGE_TARNAME "bison"
| #define PACKAGE_VERSION "3.8.2"
| #define PACKAGE_STRING "GNU Bison 3.8.2"
| #define PACKAGE_BUGREPORT "bug-bison@gnu.org"
| #define PACKAGE_URL "https://www.gnu.org/software/bison/"
| #define PACKAGE_COPYRIGHT_YEAR 2021
| #define PACKAGE "bison"
| #define VERSION "3.8.2"
| #define HAVE_STDIO_H 1
| #define HAVE_STDLIB_H 1
| #define HAVE_STRING_H 1
| #define HAVE_INTTYPES_H 1
| #define HAVE_STDINT_H 1
| #define HAVE_STRINGS_H 1
| #define HAVE_SYS_STAT_H 1
| #define HAVE_SYS_TYPES_H 1
| #define HAVE_UNISTD_H 1
| #define HAVE_WCHAR_H 1
| #define HAVE_LOCALE_H 1
| #define HAVE_SYS_PARAM_H 1
| #define HAVE_SYS_SOCKET_H 1
| #define HAVE_STDIO_EXT_H 1
| #define HAVE_FEATURES_H 1
| #define HAVE_GETOPT_H 1
| #define HAVE_SYS_CDEFS_H 1
| #define HAVE_SYS_TIME_H 1
| #define HAVE_ICONV_H 1
| #define HAVE_LIMITS_H 1
| #define HAVE_WCTYPE_H 1
| #define HAVE_THREADS_H 1
| #define HAVE_MATH_H 1
| #define HAVE_SYS_MMAN_H 1
| #define HAVE_SPAWN_H 1
| #define HAVE_SYS_IOCTL_H 1
| #define HAVE_SYS_RESOURCE_H 1
| #define HAVE_SYS_TIMES_H 1
| #define HAVE_SYS_WAIT_H 1
| #define HAVE_TERMIOS_H 1
| #define HAVE_DIRENT_H 1
| #define STDC_HEADERS 1
| #define _ALL_SOURCE 1
| #define _DARWIN_C_SOURCE 1
| #define _GNU_SOURCE 1
| #define _HPUX_ALT_XOPEN_SOCKET_API 1
| #define _NETBSD_SOURCE 1
| #define _OPENBSD_SOURCE 1
| #define _POSIX_PTHREAD_SEMANTICS 1
| #define __STDC_WANT_IEC_60559_ATTRIBS_EXT__ 1
| #define __STDC_WANT_IEC_60559_BFP_EXT__ 1
| #define __STDC_WANT_IEC_60559_DFP_EXT__ 1
| #define __STDC_WANT_IEC_60559_FUNCS_EXT__ 1
| #define __STDC_WANT_IEC_60559_TYPES_EXT__ 1
| #define __STDC_WANT_LIB_EXT2__ 1
| #define __STDC_WANT_MATH_SPEC_FUNCS__ 1
| #define _TANDEM_SOURCE 1
| #define __EXTENSIONS__ 1
| #define HAVE_TCDRAIN 1
| #define HAVE_CANONICALIZE_FILE_NAME 1
| #define HAVE_FACCESSAT 1
| #define HAVE_REALPATH 1
| #define HAVE_LSTAT 1
| #define HAVE_READLINKAT 1
| #define HAVE_FCHDIR 1
| #define HAVE_FCNTL 1
| #define HAVE_SYMLINK 1
| #define HAVE_FFSL 1
| #define HAVE_SNPRINTF 1
| #define HAVE_FSYNC 1
| #define HAVE_GETRUSAGE 1
| #define HAVE_GETTIMEOFDAY 1
| #define HAVE_ISWCNTRL 1
| #define HAVE_ISWBLANK 1
| #define HAVE_MBSINIT 1
| #define HAVE_MBRTOWC 1
| #define HAVE_ISASCII 1
| #define HAVE_MPROTECT 1
| #define HAVE_OBSTACK_PRINTF 1
| #define HAVE_STRERROR_R 1
| #define HAVE___XPG_STRERROR_R 1
| #define HAVE_PIPE 1
| #define HAVE_PIPE2 1
| #define HAVE_POSIX_SPAWN_FILE_ACTIONS_ADDCHDIR_NP 1
| #define HAVE_READLINK 1
| #define HAVE_SETENV 1
| #define HAVE_LINK 1
| #define HAVE_SIGACTION 1
| #define HAVE_SIGALTSTACK 1
| #define HAVE_SIGINTERRUPT 1
| #define HAVE_STPNCPY 1
| #define HAVE_STRNDUP 1
| #define HAVE_WCWIDTH 1
| #define HAVE_FDOPENDIR 1
| #define HAVE_MEMPCPY 1
| #define HAVE_FSTATAT 1
| #define HAVE_GETDELIM 1
| #define HAVE_GETDTABLESIZE 1
| #define HAVE_OPENAT 1
| #define HAVE_CATGETS 1
| #define HAVE_SETLOCALE 1
| #define YYTEXT_POINTER 1
| #define M4 "m4"
| #define M4_GNU_OPTION "--gnu"
| /* end confdefs.h.  */
| #include <stddef.h>
| #ifdef HAVE_STDIO_H
| # include <stdio.h>
| #endif
| #ifdef HAVE_STDLIB_H
| # include <stdlib.h>
| #endif
| #ifdef HAVE_STRING_H
| # include <string.h>
| #endif
| #ifdef HAVE_INTTYPES_H
| # include <inttypes.h>
| #endif
| #ifdef HAVE_STDINT_H
| # include <stdint.h>
| #endif
| #ifdef HAVE_STRINGS_H
| # include <strings.h>
| #endif
| #ifdef HAVE_SYS_TYPES_H
| # include <sys/types.h>
| #endif
| #ifdef HAVE_SYS_STAT_H
| # include <sys/stat.h>
| #endif
| #ifdef HAVE_UNISTD_H
| # include <unistd.h>
| #endif
| int
| main (void)
| {
| if (sizeof ((size_t)))
| 	    return 0;
|   ;
|   return 0;
| }
configure:14383: result: yes
configure:14395: checking for working alloca.h
configure:14413: gcc  -o conftest -isystem/home/ubuntu/yocto/rpi-build/tmp/work/x86_64-linux/bison-native/3.8.2-r0/recipe-sysroot-native/usr/include -O2 -pipe -isystem/home/ubuntu/yocto/rpi-build/tmp/work/x86_64-linux/bison-native/3.8.2-r0/recipe-sysroot-native/usr/include -L/home/ubuntu/yocto/rpi-build/tmp/work/x86_64-linux/bison-native/3.8.2-r0/recipe-sysroot-native/usr/lib                         -L/home/ubuntu/yocto/rpi-build/tmp/work/x86_64-linux/bison-native/3.8.2-r0/recipe-sysroot-native/lib                         -Wl,--enable-new-dtags                         -Wl,-rpath-link,/home/ubuntu/yocto/rpi-build/tmp/work/x86_64-linux/bison-native/3.8.2-r0/recipe-sysroot-native/usr/lib                         -Wl,-rpath-link,/home/ubuntu/yocto/rpi-build/tmp/work/x86_64-linux/bison-native/3.8.2-r0/recipe-sysroot-native/lib                         -Wl,-rpath,/home/ubuntu/yocto/rpi-build/tmp/work/x86_64-linux/bison-native/3.8.2-r0/recipe-sysroot-native/usr/lib                         -Wl,-rpath,/home/ubuntu/yocto/rpi-build/tmp/work/x86_64-linux/bison-native/3.8.2-r0/recipe-sysroot-native/lib                         -Wl,-O1 -Wl,--allow-shlib-undefined -Wl,--dynamic-linker=/home/ubuntu/yocto/rpi-build/tmp/sysroots-uninative/x86_64-linux/lib/ld-linux-x86-64.so.2 conftest.c  >&5
configure:14413: $? = 0
configure:14422: result: yes
configure:14430: checking for alloca
configure:14475: result: yes
configure:14621: checking whether malloc is ptrdiff_t safe
configure:14658: gcc  -c -isystem/home/ubuntu/yocto/rpi-build/tmp/work/x86_64-linux/bison-native/3.8.2-r0/recipe-sysroot-native/usr/include -O2 -pipe -isystem/home/ubuntu/yocto/rpi-build/tmp/work/x86_64-linux/bison-native/3.8.2-r0/recipe-sysroot-native/usr/include conftest.c >&5
configure:14658: $? = 0
configure:14667: result: yes
configure:14677: checking whether malloc, realloc, calloc set errno on failure
configure:14695: result: yes
configure:14900: checking whether lstat correctly handles trailing slash
configure:14944: gcc  -o conftest -isystem/home/ubuntu/yocto/rpi-build/tmp/work/x86_64-linux/bison-native/3.8.2-r0/recipe-sysroot-native/usr/include -O2 -pipe -isystem/home/ubuntu/yocto/rpi-build/tmp/work/x86_64-linux/bison-native/3.8.2-r0/recipe-sysroot-native/usr/include -L/home/ubuntu/yocto/rpi-build/tmp/work/x86_64-linux/bison-native/3.8.2-r0/recipe-sysroot-native/usr/lib                         -L/home/ubuntu/yocto/rpi-build/tmp/work/x86_64-linux/bison-native/3.8.2-r0/recipe-sysroot-native/lib                         -Wl,--enable-new-dtags                         -Wl,-rpath-link,/home/ubuntu/yocto/rpi-build/tmp/work/x86_64-linux/bison-native/3.8.2-r0/recipe-sysroot-native/usr/lib                         -Wl,-rpath-link,/home/ubuntu/yocto/rpi-build/tmp/work/x86_64-linux/bison-native/3.8.2-r0/recipe-sysroot-native/lib                         -Wl,-rpath,/home/ubuntu/yocto/rpi-build/tmp/work/x86_64-linux/bison-native/3.8.2-r0/recipe-sysroot-native/usr/lib                         -Wl,-rpath,/home/ubuntu/yocto/rpi-build/tmp/work/x86_64-linux/bison-native/3.8.2-r0/recipe-sysroot-native/lib                         -Wl,-O1 -Wl,--allow-shlib-undefined -Wl,--dynamic-linker=/home/ubuntu/yocto/rpi-build/tmp/sysroots-uninative/x86_64-linux/lib/ld-linux-x86-64.so.2 conftest.c  >&5
configure:14944: $? = 0
configure:14944: ./conftest
configure:14944: $? = 0
configure:14957: result: yes
configure:14971: checking whether // is distinct from /
configure:15001: result: no
configure:15013: checking whether realpath works
configure:15227: gcc  -o conftest -isystem/home/ubuntu/yocto/rpi-build/tmp/work/x86_64-linux/bison-native/3.8.2-r0/recipe-sysroot-native/usr/include -O2 -pipe -isystem/home/ubuntu/yocto/rpi-build/tmp/work/x86_64-linux/bison-native/3.8.2-r0/recipe-sysroot-native/usr/include -L/home/ubuntu/yocto/rpi-build/tmp/work/x86_64-linux/bison-native/3.8.2-r0/recipe-sysroot-native/usr/lib                         -L/home/ubuntu/yocto/rpi-build/tmp/work/x86_64-linux/bison-native/3.8.2-r0/recipe-sysroot-native/lib                         -Wl,--enable-new-dtags                         -Wl,-rpath-link,/home/ubuntu/yocto/rpi-build/tmp/work/x86_64-linux/bison-native/3.8.2-r0/recipe-sysroot-native/usr/lib                         -Wl,-rpath-link,/home/ubuntu/yocto/rpi-build/tmp/work/x86_64-linux/bison-native/3.8.2-r0/recipe-sysroot-native/lib                         -Wl,-rpath,/home/ubuntu/yocto/rpi-build/tmp/work/x86_64-linux/bison-native/3.8.2-r0/recipe-sysroot-native/usr/lib                         -Wl,-rpath,/home/ubuntu/yocto/rpi-build/tmp/work/x86_64-linux/bison-native/3.8.2-r0/recipe-sysroot-native/lib                         -Wl,-O1 -Wl,--allow-shlib-undefined -Wl,--dynamic-linker=/home/ubuntu/yocto/rpi-build/tmp/sysroots-uninative/x86_64-linux/lib/ld-linux-x86-64.so.2 conftest.c  >&5
configure:15227: $? = 0
configure:15227: ./conftest
configure:15227: $? = 0
configure:15244: result: yes
configure:15268: checking for getcwd
configure:15268: gcc  -o conftest -isystem/home/ubuntu/yocto/rpi-build/tmp/work/x86_64-linux/bison-native/3.8.2-r0/recipe-sysroot-native/usr/include -O2 -pipe -isystem/home/ubuntu/yocto/rpi-build/tmp/work/x86_64-linux/bison-native/3.8.2-r0/recipe-sysroot-native/usr/include -L/home/ubuntu/yocto/rpi-build/tmp/work/x86_64-linux/bison-native/3.8.2-r0/recipe-sysroot-native/usr/lib                         -L/home/ubuntu/yocto/rpi-build/tmp/work/x86_64-linux/bison-native/3.8.2-r0/recipe-sysroot-native/lib                         -Wl,--enable-new-dtags                         -Wl,-rpath-link,/home/ubuntu/yocto/rpi-build/tmp/work/x86_64-linux/bison-native/3.8.2-r0/recipe-sysroot-native/usr/lib                         -Wl,-rpath-link,/home/ubuntu/yocto/rpi-build/tmp/work/x86_64-linux/bison-native/3.8.2-r0/recipe-sysroot-native/lib                         -Wl,-rpath,/home/ubuntu/yocto/rpi-build/tmp/work/x86_64-linux/bison-native/3.8.2-r0/recipe-sysroot-native/usr/lib                         -Wl,-rpath,/home/ubuntu/yocto/rpi-build/tmp/work/x86_64-linux/bison-native/3.8.2-r0/recipe-sysroot-native/lib                         -Wl,-O1 -Wl,--allow-shlib-undefined -Wl,--dynamic-linker=/home/ubuntu/yocto/rpi-build/tmp/sysroots-uninative/x86_64-linux/lib/ld-linux-x86-64.so.2 conftest.c  >&5
configure:15268: $? = 0
configure:15268: result: yes
configure:15281: checking for C/C++ restrict keyword
configure:15311: gcc  -c -isystem/home/ubuntu/yocto/rpi-build/tmp/work/x86_64-linux/bison-native/3.8.2-r0/recipe-sysroot-native/usr/include -O2 -pipe -isystem/home/ubuntu/yocto/rpi-build/tmp/work/x86_64-linux/bison-native/3.8.2-r0/recipe-sysroot-native/usr/include conftest.c >&5
configure:15311: $? = 0
configure:15320: result: __restrict__
configure:15415: checking if environ is properly declared
configure:15439: gcc  -c -isystem/home/ubuntu/yocto/rpi-build/tmp/work/x86_64-linux/bison-native/3.8.2-r0/recipe-sysroot-native/usr/include -O2 -pipe -isystem/home/ubuntu/yocto/rpi-build/tmp/work/x86_64-linux/bison-native/3.8.2-r0/recipe-sysroot-native/usr/include conftest.c >&5
conftest.c:120:26: error: conflicting types for 'environ'; have 'foo_t'
  120 |             extern foo_t environ;
      |                          ^~~~~~~
In file included from conftest.c:114:
/usr/include/unistd.h:566:15: note: previous declaration of 'environ' with type 'char **'
  566 | extern char **environ;
      |               ^~~~~~~
configure:15439: $? = 1
configure: failed program was:
| /* confdefs.h */
| #define PACKAGE_NAME "GNU Bison"
| #define PACKAGE_TARNAME "bison"
| #define PACKAGE_VERSION "3.8.2"
| #define PACKAGE_STRING "GNU Bison 3.8.2"
| #define PACKAGE_BUGREPORT "bug-bison@gnu.org"
| #define PACKAGE_URL "https://www.gnu.org/software/bison/"
| #define PACKAGE_COPYRIGHT_YEAR 2021
| #define PACKAGE "bison"
| #define VERSION "3.8.2"
| #define HAVE_STDIO_H 1
| #define HAVE_STDLIB_H 1
| #define HAVE_STRING_H 1
| #define HAVE_INTTYPES_H 1
| #define HAVE_STDINT_H 1
| #define HAVE_STRINGS_H 1
| #define HAVE_SYS_STAT_H 1
| #define HAVE_SYS_TYPES_H 1
| #define HAVE_UNISTD_H 1
| #define HAVE_WCHAR_H 1
| #define HAVE_LOCALE_H 1
| #define HAVE_SYS_PARAM_H 1
| #define HAVE_SYS_SOCKET_H 1
| #define HAVE_STDIO_EXT_H 1
| #define HAVE_FEATURES_H 1
| #define HAVE_GETOPT_H 1
| #define HAVE_SYS_CDEFS_H 1
| #define HAVE_SYS_TIME_H 1
| #define HAVE_ICONV_H 1
| #define HAVE_LIMITS_H 1
| #define HAVE_WCTYPE_H 1
| #define HAVE_THREADS_H 1
| #define HAVE_MATH_H 1
| #define HAVE_SYS_MMAN_H 1
| #define HAVE_SPAWN_H 1
| #define HAVE_SYS_IOCTL_H 1
| #define HAVE_SYS_RESOURCE_H 1
| #define HAVE_SYS_TIMES_H 1
| #define HAVE_SYS_WAIT_H 1
| #define HAVE_TERMIOS_H 1
| #define HAVE_DIRENT_H 1
| #define STDC_HEADERS 1
| #define _ALL_SOURCE 1
| #define _DARWIN_C_SOURCE 1
| #define _GNU_SOURCE 1
| #define _HPUX_ALT_XOPEN_SOCKET_API 1
| #define _NETBSD_SOURCE 1
| #define _OPENBSD_SOURCE 1
| #define _POSIX_PTHREAD_SEMANTICS 1
| #define __STDC_WANT_IEC_60559_ATTRIBS_EXT__ 1
| #define __STDC_WANT_IEC_60559_BFP_EXT__ 1
| #define __STDC_WANT_IEC_60559_DFP_EXT__ 1
| #define __STDC_WANT_IEC_60559_FUNCS_EXT__ 1
| #define __STDC_WANT_IEC_60559_TYPES_EXT__ 1
| #define __STDC_WANT_LIB_EXT2__ 1
| #define __STDC_WANT_MATH_SPEC_FUNCS__ 1
| #define _TANDEM_SOURCE 1
| #define __EXTENSIONS__ 1
| #define HAVE_TCDRAIN 1
| #define HAVE_CANONICALIZE_FILE_NAME 1
| #define HAVE_FACCESSAT 1
| #define HAVE_REALPATH 1
| #define HAVE_LSTAT 1
| #define HAVE_READLINKAT 1
| #define HAVE_FCHDIR 1
| #define HAVE_FCNTL 1
| #define HAVE_SYMLINK 1
| #define HAVE_FFSL 1
| #define HAVE_SNPRINTF 1
| #define HAVE_FSYNC 1
| #define HAVE_GETRUSAGE 1
| #define HAVE_GETTIMEOFDAY 1
| #define HAVE_ISWCNTRL 1
| #define HAVE_ISWBLANK 1
| #define HAVE_MBSINIT 1
| #define HAVE_MBRTOWC 1
| #define HAVE_ISASCII 1
| #define HAVE_MPROTECT 1
| #define HAVE_OBSTACK_PRINTF 1
| #define HAVE_STRERROR_R 1
| #define HAVE___XPG_STRERROR_R 1
| #define HAVE_PIPE 1
| #define HAVE_PIPE2 1
| #define HAVE_POSIX_SPAWN_FILE_ACTIONS_ADDCHDIR_NP 1
| #define HAVE_READLINK 1
| #define HAVE_SETENV 1
| #define HAVE_LINK 1
| #define HAVE_SIGACTION 1
| #define HAVE_SIGALTSTACK 1
| #define HAVE_SIGINTERRUPT 1
| #define HAVE_STPNCPY 1
| #define HAVE_STRNDUP 1
| #define HAVE_WCWIDTH 1
| #define HAVE_FDOPENDIR 1
| #define HAVE_MEMPCPY 1
| #define HAVE_FSTATAT 1
| #define HAVE_GETDELIM 1
| #define HAVE_GETDTABLESIZE 1
| #define HAVE_OPENAT 1
| #define HAVE_CATGETS 1
| #define HAVE_SETLOCALE 1
| #define YYTEXT_POINTER 1
| #define M4 "m4"
| #define M4_GNU_OPTION "--gnu"
| #define HAVE_ALLOCA_H 1
| #define HAVE_ALLOCA 1
| #define HAVE_MALLOC_POSIX 1
| #define LSTAT_FOLLOWS_SLASHED_SYMLINK 1
| #define FUNC_REALPATH_WORKS 1
| #define HAVE_GETCWD 1
| #define restrict __restrict__
| /* end confdefs.h.  */
| #if HAVE_UNISTD_H
|      #include <unistd.h>
|      #endif
|      /* mingw, BeOS, Haiku declare environ in <stdlib.h>, not in <unistd.h>.  */
|      #include <stdlib.h>
| 
|             typedef struct { int foo; } foo_t;
|             extern foo_t environ;
| int
| main (void)
| {
| environ.foo = 1;
|   ;
|   return 0;
| }
configure:15447: result: yes
configure:15462: checking whether the preprocessor supports include_next
configure:15501: gcc  -c -isystem/home/ubuntu/yocto/rpi-build/tmp/work/x86_64-linux/bison-native/3.8.2-r0/recipe-sysroot-native/usr/include -O2 -pipe -isystem/home/ubuntu/yocto/rpi-build/tmp/work/x86_64-linux/bison-native/3.8.2-r0/recipe-sysroot-native/usr/include -Iconftestd1b -Iconftestd2 conftest.c >&5
configure:15501: $? = 0
configure:15524: result: yes
configure:15546: checking whether source code line length is unlimited
configure:15571: result: yes
configure:15582: checking for complete errno.h
configure:15657: result: yes
configure:15971: checking for gcc  options needed to detect all undeclared functions
configure:15993: gcc  -c -isystem/home/ubuntu/yocto/rpi-build/tmp/work/x86_64-linux/bison-native/3.8.2-r0/recipe-sysroot-native/usr/include -O2 -pipe  -isystem/home/ubuntu/yocto/rpi-build/tmp/work/x86_64-linux/bison-native/3.8.2-r0/recipe-sysroot-native/usr/include conftest.c >&5
conftest.c: In function 'main':
conftest.c:118:8: error: 'strchr' undeclared (first use in this function)
  118 | (void) strchr;
      |        ^~~~~~
conftest.c:1:1: note: 'strchr' is defined in header '<string.h>'; did you forget to '#include <string.h>'?
    1 | /* confdefs.h */
conftest.c:118:8: note: each undeclared identifier is reported only once for each function it appears in
  118 | (void) strchr;
      |        ^~~~~~
configure:15993: $? = 1
configure: failed program was:
| /* confdefs.h */
| #define PACKAGE_NAME "GNU Bison"
| #define PACKAGE_TARNAME "bison"
| #define PACKAGE_VERSION "3.8.2"
| #define PACKAGE_STRING "GNU Bison 3.8.2"
| #define PACKAGE_BUGREPORT "bug-bison@gnu.org"
| #define PACKAGE_URL "https://www.gnu.org/software/bison/"
| #define PACKAGE_COPYRIGHT_YEAR 2021
| #define PACKAGE "bison"
| #define VERSION "3.8.2"
| #define HAVE_STDIO_H 1
| #define HAVE_STDLIB_H 1
| #define HAVE_STRING_H 1
| #define HAVE_INTTYPES_H 1
| #define HAVE_STDINT_H 1
| #define HAVE_STRINGS_H 1
| #define HAVE_SYS_STAT_H 1
| #define HAVE_SYS_TYPES_H 1
| #define HAVE_UNISTD_H 1
| #define HAVE_WCHAR_H 1
| #define HAVE_LOCALE_H 1
| #define HAVE_SYS_PARAM_H 1
| #define HAVE_SYS_SOCKET_H 1
| #define HAVE_STDIO_EXT_H 1
| #define HAVE_FEATURES_H 1
| #define HAVE_GETOPT_H 1
| #define HAVE_SYS_CDEFS_H 1
| #define HAVE_SYS_TIME_H 1
| #define HAVE_ICONV_H 1
| #define HAVE_LIMITS_H 1
| #define HAVE_WCTYPE_H 1
| #define HAVE_THREADS_H 1
| #define HAVE_MATH_H 1
| #define HAVE_SYS_MMAN_H 1
| #define HAVE_SPAWN_H 1
| #define HAVE_SYS_IOCTL_H 1
| #define HAVE_SYS_RESOURCE_H 1
| #define HAVE_SYS_TIMES_H 1
| #define HAVE_SYS_WAIT_H 1
| #define HAVE_TERMIOS_H 1
| #define HAVE_DIRENT_H 1
| #define STDC_HEADERS 1
| #define _ALL_SOURCE 1
| #define _DARWIN_C_SOURCE 1
| #define _GNU_SOURCE 1
| #define _HPUX_ALT_XOPEN_SOCKET_API 1
| #define _NETBSD_SOURCE 1
| #define _OPENBSD_SOURCE 1
| #define _POSIX_PTHREAD_SEMANTICS 1
| #define __STDC_WANT_IEC_60559_ATTRIBS_EXT__ 1
| #define __STDC_WANT_IEC_60559_BFP_EXT__ 1
| #define __STDC_WANT_IEC_60559_DFP_EXT__ 1
| #define __STDC_WANT_IEC_60559_FUNCS_EXT__ 1
| #define __STDC_WANT_IEC_60559_TYPES_EXT__ 1
| #define __STDC_WANT_LIB_EXT2__ 1
| #define __STDC_WANT_MATH_SPEC_FUNCS__ 1
| #define _TANDEM_SOURCE 1
| #define __EXTENSIONS__ 1
| #define HAVE_TCDRAIN 1
| #define HAVE_CANONICALIZE_FILE_NAME 1
| #define HAVE_FACCESSAT 1
| #define HAVE_REALPATH 1
| #define HAVE_LSTAT 1
| #define HAVE_READLINKAT 1
| #define HAVE_FCHDIR 1
| #define HAVE_FCNTL 1
| #define HAVE_SYMLINK 1
| #define HAVE_FFSL 1
| #define HAVE_SNPRINTF 1
| #define HAVE_FSYNC 1
| #define HAVE_GETRUSAGE 1
| #define HAVE_GETTIMEOFDAY 1
| #define HAVE_ISWCNTRL 1
| #define HAVE_ISWBLANK 1
| #define HAVE_MBSINIT 1
| #define HAVE_MBRTOWC 1
| #define HAVE_ISASCII 1
| #define HAVE_MPROTECT 1
| #define HAVE_OBSTACK_PRINTF 1
| #define HAVE_STRERROR_R 1
| #define HAVE___XPG_STRERROR_R 1
| #define HAVE_PIPE 1
| #define HAVE_PIPE2 1
| #define HAVE_POSIX_SPAWN_FILE_ACTIONS_ADDCHDIR_NP 1
| #define HAVE_READLINK 1
| #define HAVE_SETENV 1
| #define HAVE_LINK 1
| #define HAVE_SIGACTION 1
| #define HAVE_SIGALTSTACK 1
| #define HAVE_SIGINTERRUPT 1
| #define HAVE_STPNCPY 1
| #define HAVE_STRNDUP 1
| #define HAVE_WCWIDTH 1
| #define HAVE_FDOPENDIR 1
| #define HAVE_MEMPCPY 1
| #define HAVE_FSTATAT 1
| #define HAVE_GETDELIM 1
| #define HAVE_GETDTABLESIZE 1
| #define HAVE_OPENAT 1
| #define HAVE_CATGETS 1
| #define HAVE_SETLOCALE 1
| #define YYTEXT_POINTER 1
| #define M4 "m4"
| #define M4_GNU_OPTION "--gnu"
| #define HAVE_ALLOCA_H 1
| #define HAVE_ALLOCA 1
| #define HAVE_MALLOC_POSIX 1
| #define LSTAT_FOLLOWS_SLASHED_SYMLINK 1
| #define FUNC_REALPATH_WORKS 1
| #define HAVE_GETCWD 1
| #define restrict __restrict__
| #define HAVE_ENVIRON_DECL 1
| /* end confdefs.h.  */
| 
| int
| main (void)
| {
| (void) strchr;
|   ;
|   return 0;
| }
configure:16020: gcc  -c -isystem/home/ubuntu/yocto/rpi-build/tmp/work/x86_64-linux/bison-native/3.8.2-r0/recipe-sysroot-native/usr/include -O2 -pipe  -isystem/home/ubuntu/yocto/rpi-build/tmp/work/x86_64-linux/bison-native/3.8.2-r0/recipe-sysroot-native/usr/include conftest.c >&5
configure:16020: $? = 0
configure:16037: result: none needed
configure:16051: checking whether strerror_r is declared
configure:16051: gcc  -c -isystem/home/ubuntu/yocto/rpi-build/tmp/work/x86_64-linux/bison-native/3.8.2-r0/recipe-sysroot-native/usr/include -O2 -pipe  -isystem/home/ubuntu/yocto/rpi-build/tmp/work/x86_64-linux/bison-native/3.8.2-r0/recipe-sysroot-native/usr/include conftest.c >&5
configure:16051: $? = 0
configure:16051: result: yes
configure:16070: checking whether strerror_r returns char *
configure:16095: gcc  -c -isystem/home/ubuntu/yocto/rpi-build/tmp/work/x86_64-linux/bison-native/3.8.2-r0/recipe-sysroot-native/usr/include -O2 -pipe -isystem/home/ubuntu/yocto/rpi-build/tmp/work/x86_64-linux/bison-native/3.8.2-r0/recipe-sysroot-native/usr/include conftest.c >&5
configure:16095: $? = 0
configure:16104: result: yes
configure:16115: checking for mode_t
configure:16115: gcc  -c -isystem/home/ubuntu/yocto/rpi-build/tmp/work/x86_64-linux/bison-native/3.8.2-r0/recipe-sysroot-native/usr/include -O2 -pipe -isystem/home/ubuntu/yocto/rpi-build/tmp/work/x86_64-linux/bison-native/3.8.2-r0/recipe-sysroot-native/usr/include conftest.c >&5
configure:16115: $? = 0
configure:16115: gcc  -c -isystem/home/ubuntu/yocto/rpi-build/tmp/work/x86_64-linux/bison-native/3.8.2-r0/recipe-sysroot-native/usr/include -O2 -pipe -isystem/home/ubuntu/yocto/rpi-build/tmp/work/x86_64-linux/bison-native/3.8.2-r0/recipe-sysroot-native/usr/include conftest.c >&5
conftest.c: In function 'main':
conftest.c:148:21: error: expected expression before ')' token
  148 | if (sizeof ((mode_t)))
      |                     ^
configure:16115: $? = 1
configure: failed program was:
| /* confdefs.h */
| #define PACKAGE_NAME "GNU Bison"
| #define PACKAGE_TARNAME "bison"
| #define PACKAGE_VERSION "3.8.2"
| #define PACKAGE_STRING "GNU Bison 3.8.2"
| #define PACKAGE_BUGREPORT "bug-bison@gnu.org"
| #define PACKAGE_URL "https://www.gnu.org/software/bison/"
| #define PACKAGE_COPYRIGHT_YEAR 2021
| #define PACKAGE "bison"
| #define VERSION "3.8.2"
| #define HAVE_STDIO_H 1
| #define HAVE_STDLIB_H 1
| #define HAVE_STRING_H 1
| #define HAVE_INTTYPES_H 1
| #define HAVE_STDINT_H 1
| #define HAVE_STRINGS_H 1
| #define HAVE_SYS_STAT_H 1
| #define HAVE_SYS_TYPES_H 1
| #define HAVE_UNISTD_H 1
| #define HAVE_WCHAR_H 1
| #define HAVE_LOCALE_H 1
| #define HAVE_SYS_PARAM_H 1
| #define HAVE_SYS_SOCKET_H 1
| #define HAVE_STDIO_EXT_H 1
| #define HAVE_FEATURES_H 1
| #define HAVE_GETOPT_H 1
| #define HAVE_SYS_CDEFS_H 1
| #define HAVE_SYS_TIME_H 1
| #define HAVE_ICONV_H 1
| #define HAVE_LIMITS_H 1
| #define HAVE_WCTYPE_H 1
| #define HAVE_THREADS_H 1
| #define HAVE_MATH_H 1
| #define HAVE_SYS_MMAN_H 1
| #define HAVE_SPAWN_H 1
| #define HAVE_SYS_IOCTL_H 1
| #define HAVE_SYS_RESOURCE_H 1
| #define HAVE_SYS_TIMES_H 1
| #define HAVE_SYS_WAIT_H 1
| #define HAVE_TERMIOS_H 1
| #define HAVE_DIRENT_H 1
| #define STDC_HEADERS 1
| #define _ALL_SOURCE 1
| #define _DARWIN_C_SOURCE 1
| #define _GNU_SOURCE 1
| #define _HPUX_ALT_XOPEN_SOCKET_API 1
| #define _NETBSD_SOURCE 1
| #define _OPENBSD_SOURCE 1
| #define _POSIX_PTHREAD_SEMANTICS 1
| #define __STDC_WANT_IEC_60559_ATTRIBS_EXT__ 1
| #define __STDC_WANT_IEC_60559_BFP_EXT__ 1
| #define __STDC_WANT_IEC_60559_DFP_EXT__ 1
| #define __STDC_WANT_IEC_60559_FUNCS_EXT__ 1
| #define __STDC_WANT_IEC_60559_TYPES_EXT__ 1
| #define __STDC_WANT_LIB_EXT2__ 1
| #define __STDC_WANT_MATH_SPEC_FUNCS__ 1
| #define _TANDEM_SOURCE 1
| #define __EXTENSIONS__ 1
| #define HAVE_TCDRAIN 1
| #define HAVE_CANONICALIZE_FILE_NAME 1
| #define HAVE_FACCESSAT 1
| #define HAVE_REALPATH 1
| #define HAVE_LSTAT 1
| #define HAVE_READLINKAT 1
| #define HAVE_FCHDIR 1
| #define HAVE_FCNTL 1
| #define HAVE_SYMLINK 1
| #define HAVE_FFSL 1
| #define HAVE_SNPRINTF 1
| #define HAVE_FSYNC 1
| #define HAVE_GETRUSAGE 1
| #define HAVE_GETTIMEOFDAY 1
| #define HAVE_ISWCNTRL 1
| #define HAVE_ISWBLANK 1
| #define HAVE_MBSINIT 1
| #define HAVE_MBRTOWC 1
| #define HAVE_ISASCII 1
| #define HAVE_MPROTECT 1
| #define HAVE_OBSTACK_PRINTF 1
| #define HAVE_STRERROR_R 1
| #define HAVE___XPG_STRERROR_R 1
| #define HAVE_PIPE 1
| #define HAVE_PIPE2 1
| #define HAVE_POSIX_SPAWN_FILE_ACTIONS_ADDCHDIR_NP 1
| #define HAVE_READLINK 1
| #define HAVE_SETENV 1
| #define HAVE_LINK 1
| #define HAVE_SIGACTION 1
| #define HAVE_SIGALTSTACK 1
| #define HAVE_SIGINTERRUPT 1
| #define HAVE_STPNCPY 1
| #define HAVE_STRNDUP 1
| #define HAVE_WCWIDTH 1
| #define HAVE_FDOPENDIR 1
| #define HAVE_MEMPCPY 1
| #define HAVE_FSTATAT 1
| #define HAVE_GETDELIM 1
| #define HAVE_GETDTABLESIZE 1
| #define HAVE_OPENAT 1
| #define HAVE_CATGETS 1
| #define HAVE_SETLOCALE 1
| #define YYTEXT_POINTER 1
| #define M4 "m4"
| #define M4_GNU_OPTION "--gnu"
| #define HAVE_ALLOCA_H 1
| #define HAVE_ALLOCA 1
| #define HAVE_MALLOC_POSIX 1
| #define LSTAT_FOLLOWS_SLASHED_SYMLINK 1
| #define FUNC_REALPATH_WORKS 1
| #define HAVE_GETCWD 1
| #define restrict __restrict__
| #define HAVE_ENVIRON_DECL 1
| #define HAVE_DECL_STRERROR_R 1
| #define HAVE_STRERROR_R 1
| #define STRERROR_R_CHAR_P 1
| /* end confdefs.h.  */
| #include <stddef.h>
| #ifdef HAVE_STDIO_H
| # include <stdio.h>
| #endif
| #ifdef HAVE_STDLIB_H
| # include <stdlib.h>
| #endif
| #ifdef HAVE_STRING_H
| # include <string.h>
| #endif
| #ifdef HAVE_INTTYPES_H
| # include <inttypes.h>
| #endif
| #ifdef HAVE_STDINT_H
| # include <stdint.h>
| #endif
| #ifdef HAVE_STRINGS_H
| # include <strings.h>
| #endif
| #ifdef HAVE_SYS_TYPES_H
| # include <sys/types.h>
| #endif
| #ifdef HAVE_SYS_STAT_H
| # include <sys/stat.h>
| #endif
| #ifdef HAVE_UNISTD_H
| # include <unistd.h>
| #endif
| int
| main (void)
| {
| if (sizeof ((mode_t)))
| 	    return 0;
|   ;
|   return 0;
| }
configure:16115: result: yes
configure:16129: checking for sig_atomic_t
configure:16129: gcc  -c -isystem/home/ubuntu/yocto/rpi-build/tmp/work/x86_64-linux/bison-native/3.8.2-r0/recipe-sysroot-native/usr/include -O2 -pipe -isystem/home/ubuntu/yocto/rpi-build/tmp/work/x86_64-linux/bison-native/3.8.2-r0/recipe-sysroot-native/usr/include conftest.c >&5
configure:16129: $? = 0
configure:16129: gcc  -c -isystem/home/ubuntu/yocto/rpi-build/tmp/work/x86_64-linux/bison-native/3.8.2-r0/recipe-sysroot-native/usr/include -O2 -pipe -isystem/home/ubuntu/yocto/rpi-build/tmp/work/x86_64-linux/bison-native/3.8.2-r0/recipe-sysroot-native/usr/include conftest.c >&5
conftest.c: In function 'main':
conftest.c:122:27: error: expected expression before ')' token
  122 | if (sizeof ((sig_atomic_t)))
      |                           ^
configure:16129: $? = 1
configure: failed program was:
| /* confdefs.h */
| #define PACKAGE_NAME "GNU Bison"
| #define PACKAGE_TARNAME "bison"
| #define PACKAGE_VERSION "3.8.2"
| #define PACKAGE_STRING "GNU Bison 3.8.2"
| #define PACKAGE_BUGREPORT "bug-bison@gnu.org"
| #define PACKAGE_URL "https://www.gnu.org/software/bison/"
| #define PACKAGE_COPYRIGHT_YEAR 2021
| #define PACKAGE "bison"
| #define VERSION "3.8.2"
| #define HAVE_STDIO_H 1
| #define HAVE_STDLIB_H 1
| #define HAVE_STRING_H 1
| #define HAVE_INTTYPES_H 1
| #define HAVE_STDINT_H 1
| #define HAVE_STRINGS_H 1
| #define HAVE_SYS_STAT_H 1
| #define HAVE_SYS_TYPES_H 1
| #define HAVE_UNISTD_H 1
| #define HAVE_WCHAR_H 1
| #define HAVE_LOCALE_H 1
| #define HAVE_SYS_PARAM_H 1
| #define HAVE_SYS_SOCKET_H 1
| #define HAVE_STDIO_EXT_H 1
| #define HAVE_FEATURES_H 1
| #define HAVE_GETOPT_H 1
| #define HAVE_SYS_CDEFS_H 1
| #define HAVE_SYS_TIME_H 1
| #define HAVE_ICONV_H 1
| #define HAVE_LIMITS_H 1
| #define HAVE_WCTYPE_H 1
| #define HAVE_THREADS_H 1
| #define HAVE_MATH_H 1
| #define HAVE_SYS_MMAN_H 1
| #define HAVE_SPAWN_H 1
| #define HAVE_SYS_IOCTL_H 1
| #define HAVE_SYS_RESOURCE_H 1
| #define HAVE_SYS_TIMES_H 1
| #define HAVE_SYS_WAIT_H 1
| #define HAVE_TERMIOS_H 1
| #define HAVE_DIRENT_H 1
| #define STDC_HEADERS 1
| #define _ALL_SOURCE 1
| #define _DARWIN_C_SOURCE 1
| #define _GNU_SOURCE 1
| #define _HPUX_ALT_XOPEN_SOCKET_API 1
| #define _NETBSD_SOURCE 1
| #define _OPENBSD_SOURCE 1
| #define _POSIX_PTHREAD_SEMANTICS 1
| #define __STDC_WANT_IEC_60559_ATTRIBS_EXT__ 1
| #define __STDC_WANT_IEC_60559_BFP_EXT__ 1
| #define __STDC_WANT_IEC_60559_DFP_EXT__ 1
| #define __STDC_WANT_IEC_60559_FUNCS_EXT__ 1
| #define __STDC_WANT_IEC_60559_TYPES_EXT__ 1
| #define __STDC_WANT_LIB_EXT2__ 1
| #define __STDC_WANT_MATH_SPEC_FUNCS__ 1
| #define _TANDEM_SOURCE 1
| #define __EXTENSIONS__ 1
| #define HAVE_TCDRAIN 1
| #define HAVE_CANONICALIZE_FILE_NAME 1
| #define HAVE_FACCESSAT 1
| #define HAVE_REALPATH 1
| #define HAVE_LSTAT 1
| #define HAVE_READLINKAT 1
| #define HAVE_FCHDIR 1
| #define HAVE_FCNTL 1
| #define HAVE_SYMLINK 1
| #define HAVE_FFSL 1
| #define HAVE_SNPRINTF 1
| #define HAVE_FSYNC 1
| #define HAVE_GETRUSAGE 1
| #define HAVE_GETTIMEOFDAY 1
| #define HAVE_ISWCNTRL 1
| #define HAVE_ISWBLANK 1
| #define HAVE_MBSINIT 1
| #define HAVE_MBRTOWC 1
| #define HAVE_ISASCII 1
| #define HAVE_MPROTECT 1
| #define HAVE_OBSTACK_PRINTF 1
| #define HAVE_STRERROR_R 1
| #define HAVE___XPG_STRERROR_R 1
| #define HAVE_PIPE 1
| #define HAVE_PIPE2 1
| #define HAVE_POSIX_SPAWN_FILE_ACTIONS_ADDCHDIR_NP 1
| #define HAVE_READLINK 1
| #define HAVE_SETENV 1
| #define HAVE_LINK 1
| #define HAVE_SIGACTION 1
| #define HAVE_SIGALTSTACK 1
| #define HAVE_SIGINTERRUPT 1
| #define HAVE_STPNCPY 1
| #define HAVE_STRNDUP 1
| #define HAVE_WCWIDTH 1
| #define HAVE_FDOPENDIR 1
| #define HAVE_MEMPCPY 1
| #define HAVE_FSTATAT 1
| #define HAVE_GETDELIM 1
| #define HAVE_GETDTABLESIZE 1
| #define HAVE_OPENAT 1
| #define HAVE_CATGETS 1
| #define HAVE_SETLOCALE 1
| #define YYTEXT_POINTER 1
| #define M4 "m4"
| #define M4_GNU_OPTION "--gnu"
| #define HAVE_ALLOCA_H 1
| #define HAVE_ALLOCA 1
| #define HAVE_MALLOC_POSIX 1
| #define LSTAT_FOLLOWS_SLASHED_SYMLINK 1
| #define FUNC_REALPATH_WORKS 1
| #define HAVE_GETCWD 1
| #define restrict __restrict__
| #define HAVE_ENVIRON_DECL 1
| #define HAVE_DECL_STRERROR_R 1
| #define HAVE_STRERROR_R 1
| #define STRERROR_R_CHAR_P 1
| /* end confdefs.h.  */
| #include <signal.h>
| 
| int
| main (void)
| {
| if (sizeof ((sig_atomic_t)))
| 	    return 0;
|   ;
|   return 0;
| }
configure:16129: result: yes
configure:16189: checking for working fcntl.h
configure:16320: result: yes
configure:16340: checking for pid_t
configure:16340: gcc  -c -isystem/home/ubuntu/yocto/rpi-build/tmp/work/x86_64-linux/bison-native/3.8.2-r0/recipe-sysroot-native/usr/include -O2 -pipe -isystem/home/ubuntu/yocto/rpi-build/tmp/work/x86_64-linux/bison-native/3.8.2-r0/recipe-sysroot-native/usr/include conftest.c >&5
configure:16340: $? = 0
configure:16340: gcc  -c -isystem/home/ubuntu/yocto/rpi-build/tmp/work/x86_64-linux/bison-native/3.8.2-r0/recipe-sysroot-native/usr/include -O2 -pipe -isystem/home/ubuntu/yocto/rpi-build/tmp/work/x86_64-linux/bison-native/3.8.2-r0/recipe-sysroot-native/usr/include conftest.c >&5
conftest.c: In function 'main':
conftest.c:152:20: error: expected expression before ')' token
  152 | if (sizeof ((pid_t)))
      |                    ^
configure:16340: $? = 1
configure: failed program was:
| /* confdefs.h */
| #define PACKAGE_NAME "GNU Bison"
| #define PACKAGE_TARNAME "bison"
| #define PACKAGE_VERSION "3.8.2"
| #define PACKAGE_STRING "GNU Bison 3.8.2"
| #define PACKAGE_BUGREPORT "bug-bison@gnu.org"
| #define PACKAGE_URL "https://www.gnu.org/software/bison/"
| #define PACKAGE_COPYRIGHT_YEAR 2021
| #define PACKAGE "bison"
| #define VERSION "3.8.2"
| #define HAVE_STDIO_H 1
| #define HAVE_STDLIB_H 1
| #define HAVE_STRING_H 1
| #define HAVE_INTTYPES_H 1
| #define HAVE_STDINT_H 1
| #define HAVE_STRINGS_H 1
| #define HAVE_SYS_STAT_H 1
| #define HAVE_SYS_TYPES_H 1
| #define HAVE_UNISTD_H 1
| #define HAVE_WCHAR_H 1
| #define HAVE_LOCALE_H 1
| #define HAVE_SYS_PARAM_H 1
| #define HAVE_SYS_SOCKET_H 1
| #define HAVE_STDIO_EXT_H 1
| #define HAVE_FEATURES_H 1
| #define HAVE_GETOPT_H 1
| #define HAVE_SYS_CDEFS_H 1
| #define HAVE_SYS_TIME_H 1
| #define HAVE_ICONV_H 1
| #define HAVE_LIMITS_H 1
| #define HAVE_WCTYPE_H 1
| #define HAVE_THREADS_H 1
| #define HAVE_MATH_H 1
| #define HAVE_SYS_MMAN_H 1
| #define HAVE_SPAWN_H 1
| #define HAVE_SYS_IOCTL_H 1
| #define HAVE_SYS_RESOURCE_H 1
| #define HAVE_SYS_TIMES_H 1
| #define HAVE_SYS_WAIT_H 1
| #define HAVE_TERMIOS_H 1
| #define HAVE_DIRENT_H 1
| #define STDC_HEADERS 1
| #define _ALL_SOURCE 1
| #define _DARWIN_C_SOURCE 1
| #define _GNU_SOURCE 1
| #define _HPUX_ALT_XOPEN_SOCKET_API 1
| #define _NETBSD_SOURCE 1
| #define _OPENBSD_SOURCE 1
| #define _POSIX_PTHREAD_SEMANTICS 1
| #define __STDC_WANT_IEC_60559_ATTRIBS_EXT__ 1
| #define __STDC_WANT_IEC_60559_BFP_EXT__ 1
| #define __STDC_WANT_IEC_60559_DFP_EXT__ 1
| #define __STDC_WANT_IEC_60559_FUNCS_EXT__ 1
| #define __STDC_WANT_IEC_60559_TYPES_EXT__ 1
| #define __STDC_WANT_LIB_EXT2__ 1
| #define __STDC_WANT_MATH_SPEC_FUNCS__ 1
| #define _TANDEM_SOURCE 1
| #define __EXTENSIONS__ 1
| #define HAVE_TCDRAIN 1
| #define HAVE_CANONICALIZE_FILE_NAME 1
| #define HAVE_FACCESSAT 1
| #define HAVE_REALPATH 1
| #define HAVE_LSTAT 1
| #define HAVE_READLINKAT 1
| #define HAVE_FCHDIR 1
| #define HAVE_FCNTL 1
| #define HAVE_SYMLINK 1
| #define HAVE_FFSL 1
| #define HAVE_SNPRINTF 1
| #define HAVE_FSYNC 1
| #define HAVE_GETRUSAGE 1
| #define HAVE_GETTIMEOFDAY 1
| #define HAVE_ISWCNTRL 1
| #define HAVE_ISWBLANK 1
| #define HAVE_MBSINIT 1
| #define HAVE_MBRTOWC 1
| #define HAVE_ISASCII 1
| #define HAVE_MPROTECT 1
| #define HAVE_OBSTACK_PRINTF 1
| #define HAVE_STRERROR_R 1
| #define HAVE___XPG_STRERROR_R 1
| #define HAVE_PIPE 1
| #define HAVE_PIPE2 1
| #define HAVE_POSIX_SPAWN_FILE_ACTIONS_ADDCHDIR_NP 1
| #define HAVE_READLINK 1
| #define HAVE_SETENV 1
| #define HAVE_LINK 1
| #define HAVE_SIGACTION 1
| #define HAVE_SIGALTSTACK 1
| #define HAVE_SIGINTERRUPT 1
| #define HAVE_STPNCPY 1
| #define HAVE_STRNDUP 1
| #define HAVE_WCWIDTH 1
| #define HAVE_FDOPENDIR 1
| #define HAVE_MEMPCPY 1
| #define HAVE_FSTATAT 1
| #define HAVE_GETDELIM 1
| #define HAVE_GETDTABLESIZE 1
| #define HAVE_OPENAT 1
| #define HAVE_CATGETS 1
| #define HAVE_SETLOCALE 1
| #define YYTEXT_POINTER 1
| #define M4 "m4"
| #define M4_GNU_OPTION "--gnu"
| #define HAVE_ALLOCA_H 1
| #define HAVE_ALLOCA 1
| #define HAVE_MALLOC_POSIX 1
| #define LSTAT_FOLLOWS_SLASHED_SYMLINK 1
| #define FUNC_REALPATH_WORKS 1
| #define HAVE_GETCWD 1
| #define restrict __restrict__
| #define HAVE_ENVIRON_DECL 1
| #define HAVE_DECL_STRERROR_R 1
| #define HAVE_STRERROR_R 1
| #define STRERROR_R_CHAR_P 1
| #define HAVE_SIG_ATOMIC_T 1
| #define HAVE_WORKING_O_NOATIME 1
| #define HAVE_WORKING_O_NOFOLLOW 1
| /* end confdefs.h.  */
| #include <stddef.h>
| #ifdef HAVE_STDIO_H
| # include <stdio.h>
| #endif
| #ifdef HAVE_STDLIB_H
| # include <stdlib.h>
| #endif
| #ifdef HAVE_STRING_H
| # include <string.h>
| #endif
| #ifdef HAVE_INTTYPES_H
| # include <inttypes.h>
| #endif
| #ifdef HAVE_STDINT_H
| # include <stdint.h>
| #endif
| #ifdef HAVE_STRINGS_H
| # include <strings.h>
| #endif
| #ifdef HAVE_SYS_TYPES_H
| # include <sys/types.h>
| #endif
| #ifdef HAVE_SYS_STAT_H
| # include <sys/stat.h>
| #endif
| #ifdef HAVE_UNISTD_H
| # include <unistd.h>
| #endif
| 
| int
| main (void)
| {
| if (sizeof ((pid_t)))
| 	    return 0;
|   ;
|   return 0;
| }
configure:16340: result: yes
configure:16679: checking for eaccess
configure:16679: gcc  -o conftest -isystem/home/ubuntu/yocto/rpi-build/tmp/work/x86_64-linux/bison-native/3.8.2-r0/recipe-sysroot-native/usr/include -O2 -pipe -isystem/home/ubuntu/yocto/rpi-build/tmp/work/x86_64-linux/bison-native/3.8.2-r0/recipe-sysroot-native/usr/include -L/home/ubuntu/yocto/rpi-build/tmp/work/x86_64-linux/bison-native/3.8.2-r0/recipe-sysroot-native/usr/lib                         -L/home/ubuntu/yocto/rpi-build/tmp/work/x86_64-linux/bison-native/3.8.2-r0/recipe-sysroot-native/lib                         -Wl,--enable-new-dtags                         -Wl,-rpath-link,/home/ubuntu/yocto/rpi-build/tmp/work/x86_64-linux/bison-native/3.8.2-r0/recipe-sysroot-native/usr/lib                         -Wl,-rpath-link,/home/ubuntu/yocto/rpi-build/tmp/work/x86_64-linux/bison-native/3.8.2-r0/recipe-sysroot-native/lib                         -Wl,-rpath,/home/ubuntu/yocto/rpi-build/tmp/work/x86_64-linux/bison-native/3.8.2-r0/recipe-sysroot-native/usr/lib                         -Wl,-rpath,/home/ubuntu/yocto/rpi-build/tmp/work/x86_64-linux/bison-native/3.8.2-r0/recipe-sysroot-native/lib                         -Wl,-O1 -Wl,--allow-shlib-undefined -Wl,--dynamic-linker=/home/ubuntu/yocto/rpi-build/tmp/sysroots-uninative/x86_64-linux/lib/ld-linux-x86-64.so.2 conftest.c  >&5
configure:16679: $? = 0
configure:16679: result: yes
configure:16981: checking for stdint.h
configure:16999: gcc  -c -isystem/home/ubuntu/yocto/rpi-build/tmp/work/x86_64-linux/bison-native/3.8.2-r0/recipe-sysroot-native/usr/include -O2 -pipe -isystem/home/ubuntu/yocto/rpi-build/tmp/work/x86_64-linux/bison-native/3.8.2-r0/recipe-sysroot-native/usr/include conftest.c >&5
configure:16999: $? = 0
configure:17007: result: yes
configure:17016: checking for inttypes.h
configure:17036: gcc  -c -isystem/home/ubuntu/yocto/rpi-build/tmp/work/x86_64-linux/bison-native/3.8.2-r0/recipe-sysroot-native/usr/include -O2 -pipe -isystem/home/ubuntu/yocto/rpi-build/tmp/work/x86_64-linux/bison-native/3.8.2-r0/recipe-sysroot-native/usr/include conftest.c >&5
configure:17036: $? = 0
configure:17044: result: yes
configure:17056: checking whether printf supports size specifiers as in C99
configure:17155: gcc  -o conftest -isystem/home/ubuntu/yocto/rpi-build/tmp/work/x86_64-linux/bison-native/3.8.2-r0/recipe-sysroot-native/usr/include -O2 -pipe -isystem/home/ubuntu/yocto/rpi-build/tmp/work/x86_64-linux/bison-native/3.8.2-r0/recipe-sysroot-native/usr/include -L/home/ubuntu/yocto/rpi-build/tmp/work/x86_64-linux/bison-native/3.8.2-r0/recipe-sysroot-native/usr/lib                         -L/home/ubuntu/yocto/rpi-build/tmp/work/x86_64-linux/bison-native/3.8.2-r0/recipe-sysroot-native/lib                         -Wl,--enable-new-dtags                         -Wl,-rpath-link,/home/ubuntu/yocto/rpi-build/tmp/work/x86_64-linux/bison-native/3.8.2-r0/recipe-sysroot-native/usr/lib                         -Wl,-rpath-link,/home/ubuntu/yocto/rpi-build/tmp/work/x86_64-linux/bison-native/3.8.2-r0/recipe-sysroot-native/lib                         -Wl,-rpath,/home/ubuntu/yocto/rpi-build/tmp/work/x86_64-linux/bison-native/3.8.2-r0/recipe-sysroot-native/usr/lib                         -Wl,-rpath,/home/ubuntu/yocto/rpi-build/tmp/work/x86_64-linux/bison-native/3.8.2-r0/recipe-sysroot-native/lib                         -Wl,-O1 -Wl,--allow-shlib-undefined -Wl,--dynamic-linker=/home/ubuntu/yocto/rpi-build/tmp/sysroots-uninative/x86_64-linux/lib/ld-linux-x86-64.so.2 conftest.c  >&5
conftest.c: In function 'main':
conftest.c:139:21: warning: too many arguments for format [-Wformat-extra-args]
  139 |   if (sprintf (buf, "%ju %d", (uintmax_t) 12345671, 33, 44, 55) < 0
      |                     ^~~~~~~~
conftest.c:146:21: warning: too many arguments for format [-Wformat-extra-args]
  146 |   if (sprintf (buf, "%zu %d", (size_t) 12345672, 33, 44, 55) < 0
      |                     ^~~~~~~~
conftest.c:150:21: warning: too many arguments for format [-Wformat-extra-args]
  150 |   if (sprintf (buf, "%tu %d", (ptrdiff_t) 12345673, 33, 44, 55) < 0
      |                     ^~~~~~~~
conftest.c:154:21: warning: too many arguments for format [-Wformat-extra-args]
  154 |   if (sprintf (buf, "%Lg %d", (long double) 1.5, 33, 44, 55) < 0
      |                     ^~~~~~~~
configure:17155: $? = 0
configure:17155: ./conftest
configure:17155: $? = 0
configure:17167: result: yes
configure:17172: checking whether printf supports 'long double' arguments
configure:17233: gcc  -o conftest -isystem/home/ubuntu/yocto/rpi-build/tmp/work/x86_64-linux/bison-native/3.8.2-r0/recipe-sysroot-native/usr/include -O2 -pipe -isystem/home/ubuntu/yocto/rpi-build/tmp/work/x86_64-linux/bison-native/3.8.2-r0/recipe-sysroot-native/usr/include -L/home/ubuntu/yocto/rpi-build/tmp/work/x86_64-linux/bison-native/3.8.2-r0/recipe-sysroot-native/usr/lib                         -L/home/ubuntu/yocto/rpi-build/tmp/work/x86_64-linux/bison-native/3.8.2-r0/recipe-sysroot-native/lib                         -Wl,--enable-new-dtags                         -Wl,-rpath-link,/home/ubuntu/yocto/rpi-build/tmp/work/x86_64-linux/bison-native/3.8.2-r0/recipe-sysroot-native/usr/lib                         -Wl,-rpath-link,/home/ubuntu/yocto/rpi-build/tmp/work/x86_64-linux/bison-native/3.8.2-r0/recipe-sysroot-native/lib                         -Wl,-rpath,/home/ubuntu/yocto/rpi-build/tmp/work/x86_64-linux/bison-native/3.8.2-r0/recipe-sysroot-native/usr/lib                         -Wl,-rpath,/home/ubuntu/yocto/rpi-build/tmp/work/x86_64-linux/bison-native/3.8.2-r0/recipe-sysroot-native/lib                         -Wl,-O1 -Wl,--allow-shlib-undefined -Wl,--dynamic-linker=/home/ubuntu/yocto/rpi-build/tmp/sysroots-uninative/x86_64-linux/lib/ld-linux-x86-64.so.2 conftest.c  >&5
conftest.c: In function 'main':
conftest.c:130:21: warning: too many arguments for format [-Wformat-extra-args]
  130 |   if (sprintf (buf, "%Lf %d", 1.75L, 33, 44, 55) < 0
      |                     ^~~~~~~~
conftest.c:134:21: warning: too many arguments for format [-Wformat-extra-args]
  134 |   if (sprintf (buf, "%Le %d", 1.75L, 33, 44, 55) < 0
      |                     ^~~~~~~~
conftest.c:138:21: warning: too many arguments for format [-Wformat-extra-args]
  138 |   if (sprintf (buf, "%Lg %d", 1.75L, 33, 44, 55) < 0
      |                     ^~~~~~~~
configure:17233: $? = 0
configure:17233: ./conftest
configure:17233: $? = 0
configure:17245: result: yes
configure:17250: checking whether printf supports infinite 'double' arguments
configure:17380: gcc  -o conftest -isystem/home/ubuntu/yocto/rpi-build/tmp/work/x86_64-linux/bison-native/3.8.2-r0/recipe-sysroot-native/usr/include -O2 -pipe -isystem/home/ubuntu/yocto/rpi-build/tmp/work/x86_64-linux/bison-native/3.8.2-r0/recipe-sysroot-native/usr/include -L/home/ubuntu/yocto/rpi-build/tmp/work/x86_64-linux/bison-native/3.8.2-r0/recipe-sysroot-native/usr/lib                         -L/home/ubuntu/yocto/rpi-build/tmp/work/x86_64-linux/bison-native/3.8.2-r0/recipe-sysroot-native/lib                         -Wl,--enable-new-dtags                         -Wl,-rpath-link,/home/ubuntu/yocto/rpi-build/tmp/work/x86_64-linux/bison-native/3.8.2-r0/recipe-sysroot-native/usr/lib                         -Wl,-rpath-link,/home/ubuntu/yocto/rpi-build/tmp/work/x86_64-linux/bison-native/3.8.2-r0/recipe-sysroot-native/lib                         -Wl,-rpath,/home/ubuntu/yocto/rpi-build/tmp/work/x86_64-linux/bison-native/3.8.2-r0/recipe-sysroot-native/usr/lib                         -Wl,-rpath,/home/ubuntu/yocto/rpi-build/tmp/work/x86_64-linux/bison-native/3.8.2-r0/recipe-sysroot-native/lib                         -Wl,-O1 -Wl,--allow-shlib-undefined -Wl,--dynamic-linker=/home/ubuntu/yocto/rpi-build/tmp/sysroots-uninative/x86_64-linux/lib/ld-linux-x86-64.so.2 conftest.c  >&5
configure:17380: $? = 0
configure:17380: ./conftest
configure:17380: $? = 0
configure:17392: result: yes
configure:17396: checking whether byte ordering is bigendian
configure:17611: result: no
configure:17631: checking whether long double and double are the same
configure:17653: gcc  -c -isystem/home/ubuntu/yocto/rpi-build/tmp/work/x86_64-linux/bison-native/3.8.2-r0/recipe-sysroot-native/usr/include -O2 -pipe -isystem/home/ubuntu/yocto/rpi-build/tmp/work/x86_64-linux/bison-native/3.8.2-r0/recipe-sysroot-native/usr/include conftest.c >&5
conftest.c: In function 'main':
conftest.c:126:13: error: size of array 'check' is negative
  126 | typedef int check[sizeof (long double) == sizeof (double)
      |             ^~~~~
configure:17653: $? = 1
configure: failed program was:
| /* confdefs.h */
| #define PACKAGE_NAME "GNU Bison"
| #define PACKAGE_TARNAME "bison"
| #define PACKAGE_VERSION "3.8.2"
| #define PACKAGE_STRING "GNU Bison 3.8.2"
| #define PACKAGE_BUGREPORT "bug-bison@gnu.org"
| #define PACKAGE_URL "https://www.gnu.org/software/bison/"
| #define PACKAGE_COPYRIGHT_YEAR 2021
| #define PACKAGE "bison"
| #define VERSION "3.8.2"
| #define HAVE_STDIO_H 1
| #define HAVE_STDLIB_H 1
| #define HAVE_STRING_H 1
| #define HAVE_INTTYPES_H 1
| #define HAVE_STDINT_H 1
| #define HAVE_STRINGS_H 1
| #define HAVE_SYS_STAT_H 1
| #define HAVE_SYS_TYPES_H 1
| #define HAVE_UNISTD_H 1
| #define HAVE_WCHAR_H 1
| #define HAVE_LOCALE_H 1
| #define HAVE_SYS_PARAM_H 1
| #define HAVE_SYS_SOCKET_H 1
| #define HAVE_STDIO_EXT_H 1
| #define HAVE_FEATURES_H 1
| #define HAVE_GETOPT_H 1
| #define HAVE_SYS_CDEFS_H 1
| #define HAVE_SYS_TIME_H 1
| #define HAVE_ICONV_H 1
| #define HAVE_LIMITS_H 1
| #define HAVE_WCTYPE_H 1
| #define HAVE_THREADS_H 1
| #define HAVE_MATH_H 1
| #define HAVE_SYS_MMAN_H 1
| #define HAVE_SPAWN_H 1
| #define HAVE_SYS_IOCTL_H 1
| #define HAVE_SYS_RESOURCE_H 1
| #define HAVE_SYS_TIMES_H 1
| #define HAVE_SYS_WAIT_H 1
| #define HAVE_TERMIOS_H 1
| #define HAVE_DIRENT_H 1
| #define STDC_HEADERS 1
| #define _ALL_SOURCE 1
| #define _DARWIN_C_SOURCE 1
| #define _GNU_SOURCE 1
| #define _HPUX_ALT_XOPEN_SOCKET_API 1
| #define _NETBSD_SOURCE 1
| #define _OPENBSD_SOURCE 1
| #define _POSIX_PTHREAD_SEMANTICS 1
| #define __STDC_WANT_IEC_60559_ATTRIBS_EXT__ 1
| #define __STDC_WANT_IEC_60559_BFP_EXT__ 1
| #define __STDC_WANT_IEC_60559_DFP_EXT__ 1
| #define __STDC_WANT_IEC_60559_FUNCS_EXT__ 1
| #define __STDC_WANT_IEC_60559_TYPES_EXT__ 1
| #define __STDC_WANT_LIB_EXT2__ 1
| #define __STDC_WANT_MATH_SPEC_FUNCS__ 1
| #define _TANDEM_SOURCE 1
| #define __EXTENSIONS__ 1
| #define HAVE_TCDRAIN 1
| #define HAVE_CANONICALIZE_FILE_NAME 1
| #define HAVE_FACCESSAT 1
| #define HAVE_REALPATH 1
| #define HAVE_LSTAT 1
| #define HAVE_READLINKAT 1
| #define HAVE_FCHDIR 1
| #define HAVE_FCNTL 1
| #define HAVE_SYMLINK 1
| #define HAVE_FFSL 1
| #define HAVE_SNPRINTF 1
| #define HAVE_FSYNC 1
| #define HAVE_GETRUSAGE 1
| #define HAVE_GETTIMEOFDAY 1
| #define HAVE_ISWCNTRL 1
| #define HAVE_ISWBLANK 1
| #define HAVE_MBSINIT 1
| #define HAVE_MBRTOWC 1
| #define HAVE_ISASCII 1
| #define HAVE_MPROTECT 1
| #define HAVE_OBSTACK_PRINTF 1
| #define HAVE_STRERROR_R 1
| #define HAVE___XPG_STRERROR_R 1
| #define HAVE_PIPE 1
| #define HAVE_PIPE2 1
| #define HAVE_POSIX_SPAWN_FILE_ACTIONS_ADDCHDIR_NP 1
| #define HAVE_READLINK 1
| #define HAVE_SETENV 1
| #define HAVE_LINK 1
| #define HAVE_SIGACTION 1
| #define HAVE_SIGALTSTACK 1
| #define HAVE_SIGINTERRUPT 1
| #define HAVE_STPNCPY 1
| #define HAVE_STRNDUP 1
| #define HAVE_WCWIDTH 1
| #define HAVE_FDOPENDIR 1
| #define HAVE_MEMPCPY 1
| #define HAVE_FSTATAT 1
| #define HAVE_GETDELIM 1
| #define HAVE_GETDTABLESIZE 1
| #define HAVE_OPENAT 1
| #define HAVE_CATGETS 1
| #define HAVE_SETLOCALE 1
| #define YYTEXT_POINTER 1
| #define M4 "m4"
| #define M4_GNU_OPTION "--gnu"
| #define HAVE_ALLOCA_H 1
| #define HAVE_ALLOCA 1
| #define HAVE_MALLOC_POSIX 1
| #define LSTAT_FOLLOWS_SLASHED_SYMLINK 1
| #define FUNC_REALPATH_WORKS 1
| #define HAVE_GETCWD 1
| #define restrict __restrict__
| #define HAVE_ENVIRON_DECL 1
| #define HAVE_DECL_STRERROR_R 1
| #define HAVE_STRERROR_R 1
| #define STRERROR_R_CHAR_P 1
| #define HAVE_SIG_ATOMIC_T 1
| #define HAVE_WORKING_O_NOATIME 1
| #define HAVE_WORKING_O_NOFOLLOW 1
| #define HAVE_STDINT_H_WITH_UINTMAX 1
| #define HAVE_INTTYPES_H_WITH_UINTMAX 1
| /* end confdefs.h.  */
| #include <float.h>
| int
| main (void)
| {
| typedef int check[sizeof (long double) == sizeof (double)
|                               && LDBL_MANT_DIG == DBL_MANT_DIG
|                               && LDBL_MAX_EXP == DBL_MAX_EXP
|                               && LDBL_MIN_EXP == DBL_MIN_EXP
|                               ? 1 : -1];
| 
|   ;
|   return 0;
| }
configure:17662: result: no
configure:17686: checking whether printf supports infinite 'long double' arguments
configure:18007: gcc  -o conftest -isystem/home/ubuntu/yocto/rpi-build/tmp/work/x86_64-linux/bison-native/3.8.2-r0/recipe-sysroot-native/usr/include -O2 -pipe -isystem/home/ubuntu/yocto/rpi-build/tmp/work/x86_64-linux/bison-native/3.8.2-r0/recipe-sysroot-native/usr/include -L/home/ubuntu/yocto/rpi-build/tmp/work/x86_64-linux/bison-native/3.8.2-r0/recipe-sysroot-native/usr/lib                         -L/home/ubuntu/yocto/rpi-build/tmp/work/x86_64-linux/bison-native/3.8.2-r0/recipe-sysroot-native/lib                         -Wl,--enable-new-dtags                         -Wl,-rpath-link,/home/ubuntu/yocto/rpi-build/tmp/work/x86_64-linux/bison-native/3.8.2-r0/recipe-sysroot-native/usr/lib                         -Wl,-rpath-link,/home/ubuntu/yocto/rpi-build/tmp/work/x86_64-linux/bison-native/3.8.2-r0/recipe-sysroot-native/lib                         -Wl,-rpath,/home/ubuntu/yocto/rpi-build/tmp/work/x86_64-linux/bison-native/3.8.2-r0/recipe-sysroot-native/usr/lib                         -Wl,-rpath,/home/ubuntu/yocto/rpi-build/tmp/work/x86_64-linux/bison-native/3.8.2-r0/recipe-sysroot-native/lib                         -Wl,-O1 -Wl,--allow-shlib-undefined -Wl,--dynamic-linker=/home/ubuntu/yocto/rpi-build/tmp/sysroots-uninative/x86_64-linux/lib/ld-linux-x86-64.so.2 conftest.c  >&5
configure:18007: $? = 0
configure:18007: ./conftest
configure:18007: $? = 0
configure:18019: result: yes
configure:18029: checking whether printf supports the 'a' and 'A' directives
configure:18133: gcc  -o conftest -isystem/home/ubuntu/yocto/rpi-build/tmp/work/x86_64-linux/bison-native/3.8.2-r0/recipe-sysroot-native/usr/include -O2 -pipe -isystem/home/ubuntu/yocto/rpi-build/tmp/work/x86_64-linux/bison-native/3.8.2-r0/recipe-sysroot-native/usr/include -L/home/ubuntu/yocto/rpi-build/tmp/work/x86_64-linux/bison-native/3.8.2-r0/recipe-sysroot-native/usr/lib                         -L/home/ubuntu/yocto/rpi-build/tmp/work/x86_64-linux/bison-native/3.8.2-r0/recipe-sysroot-native/lib                         -Wl,--enable-new-dtags                         -Wl,-rpath-link,/home/ubuntu/yocto/rpi-build/tmp/work/x86_64-linux/bison-native/3.8.2-r0/recipe-sysroot-native/usr/lib                         -Wl,-rpath-link,/home/ubuntu/yocto/rpi-build/tmp/work/x86_64-linux/bison-native/3.8.2-r0/recipe-sysroot-native/lib                         -Wl,-rpath,/home/ubuntu/yocto/rpi-build/tmp/work/x86_64-linux/bison-native/3.8.2-r0/recipe-sysroot-native/usr/lib                         -Wl,-rpath,/home/ubuntu/yocto/rpi-build/tmp/work/x86_64-linux/bison-native/3.8.2-r0/recipe-sysroot-native/lib                         -Wl,-O1 -Wl,--allow-shlib-undefined -Wl,--dynamic-linker=/home/ubuntu/yocto/rpi-build/tmp/sysroots-uninative/x86_64-linux/lib/ld-linux-x86-64.so.2 conftest.c  >&5
conftest.c: In function 'main':
conftest.c:131:21: warning: too many arguments for format [-Wformat-extra-args]
  131 |   if (sprintf (buf, "%a %d", 3.1416015625, 33, 44, 55) < 0
      |                     ^~~~~~~
conftest.c:137:21: warning: too many arguments for format [-Wformat-extra-args]
  137 |   if (sprintf (buf, "%A %d", -3.1416015625, 33, 44, 55) < 0
      |                     ^~~~~~~
conftest.c:144:21: warning: too many arguments for format [-Wformat-extra-args]
  144 |   if (sprintf (buf, "%.2a %d", 1.51, 33, 44, 55) < 0
      |                     ^~~~~~~~~
conftest.c:151:21: warning: too many arguments for format [-Wformat-extra-args]
  151 |   if (sprintf (buf, "%.0a %d", 1.51, 33, 44, 55) < 0
      |                     ^~~~~~~~~
conftest.c:159:21: warning: too many arguments for format [-Wformat-extra-args]
  159 |   if (sprintf (buf, "%010a %d", 1.0 / zero, 33, 44, 55) < 0
      |                     ^~~~~~~~~~
configure:18133: $? = 0
configure:18133: ./conftest
configure:18133: $? = 0
configure:18145: result: yes
configure:18150: checking whether printf supports the 'F' directive
configure:18227: gcc  -o conftest -isystem/home/ubuntu/yocto/rpi-build/tmp/work/x86_64-linux/bison-native/3.8.2-r0/recipe-sysroot-native/usr/include -O2 -pipe -isystem/home/ubuntu/yocto/rpi-build/tmp/work/x86_64-linux/bison-native/3.8.2-r0/recipe-sysroot-native/usr/include -L/home/ubuntu/yocto/rpi-build/tmp/work/x86_64-linux/bison-native/3.8.2-r0/recipe-sysroot-native/usr/lib                         -L/home/ubuntu/yocto/rpi-build/tmp/work/x86_64-linux/bison-native/3.8.2-r0/recipe-sysroot-native/lib                         -Wl,--enable-new-dtags                         -Wl,-rpath-link,/home/ubuntu/yocto/rpi-build/tmp/work/x86_64-linux/bison-native/3.8.2-r0/recipe-sysroot-native/usr/lib                         -Wl,-rpath-link,/home/ubuntu/yocto/rpi-build/tmp/work/x86_64-linux/bison-native/3.8.2-r0/recipe-sysroot-native/lib                         -Wl,-rpath,/home/ubuntu/yocto/rpi-build/tmp/work/x86_64-linux/bison-native/3.8.2-r0/recipe-sysroot-native/usr/lib                         -Wl,-rpath,/home/ubuntu/yocto/rpi-build/tmp/work/x86_64-linux/bison-native/3.8.2-r0/recipe-sysroot-native/lib                         -Wl,-O1 -Wl,--allow-shlib-undefined -Wl,--dynamic-linker=/home/ubuntu/yocto/rpi-build/tmp/sysroots-uninative/x86_64-linux/lib/ld-linux-x86-64.so.2 conftest.c  >&5
conftest.c: In function 'main':
conftest.c:131:21: warning: too many arguments for format [-Wformat-extra-args]
  131 |   if (sprintf (buf, "%F %d", 1234567.0, 33, 44, 55) < 0
      |                     ^~~~~~~
configure:18227: $? = 0
configure:18227: ./conftest
configure:18227: $? = 0
configure:18239: result: yes
configure:18244: checking whether printf supports the 'n' directive
configure:18317: gcc  -o conftest -isystem/home/ubuntu/yocto/rpi-build/tmp/work/x86_64-linux/bison-native/3.8.2-r0/recipe-sysroot-native/usr/include -O2 -pipe -isystem/home/ubuntu/yocto/rpi-build/tmp/work/x86_64-linux/bison-native/3.8.2-r0/recipe-sysroot-native/usr/include -L/home/ubuntu/yocto/rpi-build/tmp/work/x86_64-linux/bison-native/3.8.2-r0/recipe-sysroot-native/usr/lib                         -L/home/ubuntu/yocto/rpi-build/tmp/work/x86_64-linux/bison-native/3.8.2-r0/recipe-sysroot-native/lib                         -Wl,--enable-new-dtags                         -Wl,-rpath-link,/home/ubuntu/yocto/rpi-build/tmp/work/x86_64-linux/bison-native/3.8.2-r0/recipe-sysroot-native/usr/lib                         -Wl,-rpath-link,/home/ubuntu/yocto/rpi-build/tmp/work/x86_64-linux/bison-native/3.8.2-r0/recipe-sysroot-native/lib                         -Wl,-rpath,/home/ubuntu/yocto/rpi-build/tmp/work/x86_64-linux/bison-native/3.8.2-r0/recipe-sysroot-native/usr/lib                         -Wl,-rpath,/home/ubuntu/yocto/rpi-build/tmp/work/x86_64-linux/bison-native/3.8.2-r0/recipe-sysroot-native/lib                         -Wl,-O1 -Wl,--allow-shlib-undefined -Wl,--dynamic-linker=/home/ubuntu/yocto/rpi-build/tmp/sysroots-uninative/x86_64-linux/lib/ld-linux-x86-64.so.2 conftest.c  >&5
configure:18317: $? = 0
configure:18317: ./conftest
*** %n in writable segment detected ***
../bison-3.8.2/configure: line 3481: 124234 Aborted                 (core dumped) ./conftest$ac_exeext
configure:18317: $? = 134
configure: program exited with status 134
configure: failed program was:
| /* confdefs.h */
| #define PACKAGE_NAME "GNU Bison"
| #define PACKAGE_TARNAME "bison"
| #define PACKAGE_VERSION "3.8.2"
| #define PACKAGE_STRING "GNU Bison 3.8.2"
| #define PACKAGE_BUGREPORT "bug-bison@gnu.org"
| #define PACKAGE_URL "https://www.gnu.org/software/bison/"
| #define PACKAGE_COPYRIGHT_YEAR 2021
| #define PACKAGE "bison"
| #define VERSION "3.8.2"
| #define HAVE_STDIO_H 1
| #define HAVE_STDLIB_H 1
| #define HAVE_STRING_H 1
| #define HAVE_INTTYPES_H 1
| #define HAVE_STDINT_H 1
| #define HAVE_STRINGS_H 1
| #define HAVE_SYS_STAT_H 1
| #define HAVE_SYS_TYPES_H 1
| #define HAVE_UNISTD_H 1
| #define HAVE_WCHAR_H 1
| #define HAVE_LOCALE_H 1
| #define HAVE_SYS_PARAM_H 1
| #define HAVE_SYS_SOCKET_H 1
| #define HAVE_STDIO_EXT_H 1
| #define HAVE_FEATURES_H 1
| #define HAVE_GETOPT_H 1
| #define HAVE_SYS_CDEFS_H 1
| #define HAVE_SYS_TIME_H 1
| #define HAVE_ICONV_H 1
| #define HAVE_LIMITS_H 1
| #define HAVE_WCTYPE_H 1
| #define HAVE_THREADS_H 1
| #define HAVE_MATH_H 1
| #define HAVE_SYS_MMAN_H 1
| #define HAVE_SPAWN_H 1
| #define HAVE_SYS_IOCTL_H 1
| #define HAVE_SYS_RESOURCE_H 1
| #define HAVE_SYS_TIMES_H 1
| #define HAVE_SYS_WAIT_H 1
| #define HAVE_TERMIOS_H 1
| #define HAVE_DIRENT_H 1
| #define STDC_HEADERS 1
| #define _ALL_SOURCE 1
| #define _DARWIN_C_SOURCE 1
| #define _GNU_SOURCE 1
| #define _HPUX_ALT_XOPEN_SOCKET_API 1
| #define _NETBSD_SOURCE 1
| #define _OPENBSD_SOURCE 1
| #define _POSIX_PTHREAD_SEMANTICS 1
| #define __STDC_WANT_IEC_60559_ATTRIBS_EXT__ 1
| #define __STDC_WANT_IEC_60559_BFP_EXT__ 1
| #define __STDC_WANT_IEC_60559_DFP_EXT__ 1
| #define __STDC_WANT_IEC_60559_FUNCS_EXT__ 1
| #define __STDC_WANT_IEC_60559_TYPES_EXT__ 1
| #define __STDC_WANT_LIB_EXT2__ 1
| #define __STDC_WANT_MATH_SPEC_FUNCS__ 1
| #define _TANDEM_SOURCE 1
| #define __EXTENSIONS__ 1
| #define HAVE_TCDRAIN 1
| #define HAVE_CANONICALIZE_FILE_NAME 1
| #define HAVE_FACCESSAT 1
| #define HAVE_REALPATH 1
| #define HAVE_LSTAT 1
| #define HAVE_READLINKAT 1
| #define HAVE_FCHDIR 1
| #define HAVE_FCNTL 1
| #define HAVE_SYMLINK 1
| #define HAVE_FFSL 1
| #define HAVE_SNPRINTF 1
| #define HAVE_FSYNC 1
| #define HAVE_GETRUSAGE 1
| #define HAVE_GETTIMEOFDAY 1
| #define HAVE_ISWCNTRL 1
| #define HAVE_ISWBLANK 1
| #define HAVE_MBSINIT 1
| #define HAVE_MBRTOWC 1
| #define HAVE_ISASCII 1
| #define HAVE_MPROTECT 1
| #define HAVE_OBSTACK_PRINTF 1
| #define HAVE_STRERROR_R 1
| #define HAVE___XPG_STRERROR_R 1
| #define HAVE_PIPE 1
| #define HAVE_PIPE2 1
| #define HAVE_POSIX_SPAWN_FILE_ACTIONS_ADDCHDIR_NP 1
| #define HAVE_READLINK 1
| #define HAVE_SETENV 1
| #define HAVE_LINK 1
| #define HAVE_SIGACTION 1
| #define HAVE_SIGALTSTACK 1
| #define HAVE_SIGINTERRUPT 1
| #define HAVE_STPNCPY 1
| #define HAVE_STRNDUP 1
| #define HAVE_WCWIDTH 1
| #define HAVE_FDOPENDIR 1
| #define HAVE_MEMPCPY 1
| #define HAVE_FSTATAT 1
| #define HAVE_GETDELIM 1
| #define HAVE_GETDTABLESIZE 1
| #define HAVE_OPENAT 1
| #define HAVE_CATGETS 1
| #define HAVE_SETLOCALE 1
| #define YYTEXT_POINTER 1
| #define M4 "m4"
| #define M4_GNU_OPTION "--gnu"
| #define HAVE_ALLOCA_H 1
| #define HAVE_ALLOCA 1
| #define HAVE_MALLOC_POSIX 1
| #define LSTAT_FOLLOWS_SLASHED_SYMLINK 1
| #define FUNC_REALPATH_WORKS 1
| #define HAVE_GETCWD 1
| #define restrict __restrict__
| #define HAVE_ENVIRON_DECL 1
| #define HAVE_DECL_STRERROR_R 1
| #define HAVE_STRERROR_R 1
| #define STRERROR_R_CHAR_P 1
| #define HAVE_SIG_ATOMIC_T 1
| #define HAVE_WORKING_O_NOATIME 1
| #define HAVE_WORKING_O_NOFOLLOW 1
| #define HAVE_STDINT_H_WITH_UINTMAX 1
| #define HAVE_INTTYPES_H_WITH_UINTMAX 1
| #define CHECK_PRINTF_SAFE 1
| /* end confdefs.h.  */
| 
| #include <stdio.h>
| #include <stdlib.h>
| #include <string.h>
| #ifdef _MSC_VER
| #include <inttypes.h>
| /* See page about "Parameter Validation" on msdn.microsoft.com.
|    <https://docs.microsoft.com/en-us/cpp/c-runtime-library/parameter-validation>
|    <https://docs.microsoft.com/en-us/cpp/c-runtime-library/reference/set-invalid-parameter-handler-set-thread-local-invalid-parameter-handler>  */
| static void cdecl
| invalid_parameter_handler (const wchar_t *expression,
|                            const wchar_t *function,
|                            const wchar_t *file, unsigned int line,
|                            uintptr_t dummy)
| {
|   exit (1);
| }
| #endif
| static char fmtstring[10];
| static char buf[100];
| int main ()
| {
|   int count = -1;
| #ifdef _MSC_VER
|   _set_invalid_parameter_handler (invalid_parameter_handler);
| #endif
|   /* Copy the format string.  Some systems (glibc with _FORTIFY_SOURCE=2)
|      support %n in format strings in read-only memory but not in writable
|      memory.  */
|   strcpy (fmtstring, "%d %n");
|   if (sprintf (buf, fmtstring, 123, &count, 33, 44, 55) < 0
|       || strcmp (buf, "123 ") != 0
|       || count != 4)
|     return 1;
|   return 0;
| }
configure:18329: result: no
configure:18334: checking whether printf supports the 'ls' directive
configure:18407: gcc  -o conftest -isystem/home/ubuntu/yocto/rpi-build/tmp/work/x86_64-linux/bison-native/3.8.2-r0/recipe-sysroot-native/usr/include -O2 -pipe -isystem/home/ubuntu/yocto/rpi-build/tmp/work/x86_64-linux/bison-native/3.8.2-r0/recipe-sysroot-native/usr/include -L/home/ubuntu/yocto/rpi-build/tmp/work/x86_64-linux/bison-native/3.8.2-r0/recipe-sysroot-native/usr/lib                         -L/home/ubuntu/yocto/rpi-build/tmp/work/x86_64-linux/bison-native/3.8.2-r0/recipe-sysroot-native/lib                         -Wl,--enable-new-dtags                         -Wl,-rpath-link,/home/ubuntu/yocto/rpi-build/tmp/work/x86_64-linux/bison-native/3.8.2-r0/recipe-sysroot-native/usr/lib                         -Wl,-rpath-link,/home/ubuntu/yocto/rpi-build/tmp/work/x86_64-linux/bison-native/3.8.2-r0/recipe-sysroot-native/lib                         -Wl,-rpath,/home/ubuntu/yocto/rpi-build/tmp/work/x86_64-linux/bison-native/3.8.2-r0/recipe-sysroot-native/usr/lib                         -Wl,-rpath,/home/ubuntu/yocto/rpi-build/tmp/work/x86_64-linux/bison-native/3.8.2-r0/recipe-sysroot-native/lib                         -Wl,-O1 -Wl,--allow-shlib-undefined -Wl,--dynamic-linker=/home/ubuntu/yocto/rpi-build/tmp/sysroots-uninative/x86_64-linux/lib/ld-linux-x86-64.so.2 conftest.c  >&5
configure:18407: $? = 0
configure:18407: ./conftest
configure:18407: $? = 0
configure:18419: result: yes
configure:18424: checking whether printf supports POSIX/XSI format strings with positions
configure:18461: gcc  -o conftest -isystem/home/ubuntu/yocto/rpi-build/tmp/work/x86_64-linux/bison-native/3.8.2-r0/recipe-sysroot-native/usr/include -O2 -pipe -isystem/home/ubuntu/yocto/rpi-build/tmp/work/x86_64-linux/bison-native/3.8.2-r0/recipe-sysroot-native/usr/include -L/home/ubuntu/yocto/rpi-build/tmp/work/x86_64-linux/bison-native/3.8.2-r0/recipe-sysroot-native/usr/lib                         -L/home/ubuntu/yocto/rpi-build/tmp/work/x86_64-linux/bison-native/3.8.2-r0/recipe-sysroot-native/lib                         -Wl,--enable-new-dtags                         -Wl,-rpath-link,/home/ubuntu/yocto/rpi-build/tmp/work/x86_64-linux/bison-native/3.8.2-r0/recipe-sysroot-native/usr/lib                         -Wl,-rpath-link,/home/ubuntu/yocto/rpi-build/tmp/work/x86_64-linux/bison-native/3.8.2-r0/recipe-sysroot-native/lib                         -Wl,-rpath,/home/ubuntu/yocto/rpi-build/tmp/work/x86_64-linux/bison-native/3.8.2-r0/recipe-sysroot-native/usr/lib                         -Wl,-rpath,/home/ubuntu/yocto/rpi-build/tmp/work/x86_64-linux/bison-native/3.8.2-r0/recipe-sysroot-native/lib                         -Wl,-O1 -Wl,--allow-shlib-undefined -Wl,--dynamic-linker=/home/ubuntu/yocto/rpi-build/tmp/sysroots-uninative/x86_64-linux/lib/ld-linux-x86-64.so.2 conftest.c  >&5
configure:18461: $? = 0
configure:18461: ./conftest
configure:18461: $? = 0
configure:18473: result: yes
configure:18478: checking whether printf supports the grouping flag
configure:18513: gcc  -o conftest -isystem/home/ubuntu/yocto/rpi-build/tmp/work/x86_64-linux/bison-native/3.8.2-r0/recipe-sysroot-native/usr/include -O2 -pipe -isystem/home/ubuntu/yocto/rpi-build/tmp/work/x86_64-linux/bison-native/3.8.2-r0/recipe-sysroot-native/usr/include -L/home/ubuntu/yocto/rpi-build/tmp/work/x86_64-linux/bison-native/3.8.2-r0/recipe-sysroot-native/usr/lib                         -L/home/ubuntu/yocto/rpi-build/tmp/work/x86_64-linux/bison-native/3.8.2-r0/recipe-sysroot-native/lib                         -Wl,--enable-new-dtags                         -Wl,-rpath-link,/home/ubuntu/yocto/rpi-build/tmp/work/x86_64-linux/bison-native/3.8.2-r0/recipe-sysroot-native/usr/lib                         -Wl,-rpath-link,/home/ubuntu/yocto/rpi-build/tmp/work/x86_64-linux/bison-native/3.8.2-r0/recipe-sysroot-native/lib                         -Wl,-rpath,/home/ubuntu/yocto/rpi-build/tmp/work/x86_64-linux/bison-native/3.8.2-r0/recipe-sysroot-native/usr/lib                         -Wl,-rpath,/home/ubuntu/yocto/rpi-build/tmp/work/x86_64-linux/bison-native/3.8.2-r0/recipe-sysroot-native/lib                         -Wl,-O1 -Wl,--allow-shlib-undefined -Wl,--dynamic-linker=/home/ubuntu/yocto/rpi-build/tmp/sysroots-uninative/x86_64-linux/lib/ld-linux-x86-64.so.2 conftest.c  >&5
configure:18513: $? = 0
configure:18513: ./conftest
configure:18513: $? = 0
configure:18525: result: yes
configure:18530: checking whether printf supports the left-adjust flag correctly
configure:18569: gcc  -o conftest -isystem/home/ubuntu/yocto/rpi-build/tmp/work/x86_64-linux/bison-native/3.8.2-r0/recipe-sysroot-native/usr/include -O2 -pipe -isystem/home/ubuntu/yocto/rpi-build/tmp/work/x86_64-linux/bison-native/3.8.2-r0/recipe-sysroot-native/usr/include -L/home/ubuntu/yocto/rpi-build/tmp/work/x86_64-linux/bison-native/3.8.2-r0/recipe-sysroot-native/usr/lib                         -L/home/ubuntu/yocto/rpi-build/tmp/work/x86_64-linux/bison-native/3.8.2-r0/recipe-sysroot-native/lib                         -Wl,--enable-new-dtags                         -Wl,-rpath-link,/home/ubuntu/yocto/rpi-build/tmp/work/x86_64-linux/bison-native/3.8.2-r0/recipe-sysroot-native/usr/lib                         -Wl,-rpath-link,/home/ubuntu/yocto/rpi-build/tmp/work/x86_64-linux/bison-native/3.8.2-r0/recipe-sysroot-native/lib                         -Wl,-rpath,/home/ubuntu/yocto/rpi-build/tmp/work/x86_64-linux/bison-native/3.8.2-r0/recipe-sysroot-native/usr/lib                         -Wl,-rpath,/home/ubuntu/yocto/rpi-build/tmp/work/x86_64-linux/bison-native/3.8.2-r0/recipe-sysroot-native/lib                         -Wl,-O1 -Wl,--allow-shlib-undefined -Wl,--dynamic-linker=/home/ubuntu/yocto/rpi-build/tmp/sysroots-uninative/x86_64-linux/lib/ld-linux-x86-64.so.2 conftest.c  >&5
configure:18569: $? = 0
configure:18569: ./conftest
configure:18569: $? = 0
configure:18581: result: yes
configure:18586: checking whether printf supports the zero flag correctly
configure:18628: gcc  -o conftest -isystem/home/ubuntu/yocto/rpi-build/tmp/work/x86_64-linux/bison-native/3.8.2-r0/recipe-sysroot-native/usr/include -O2 -pipe -isystem/home/ubuntu/yocto/rpi-build/tmp/work/x86_64-linux/bison-native/3.8.2-r0/recipe-sysroot-native/usr/include -L/home/ubuntu/yocto/rpi-build/tmp/work/x86_64-linux/bison-native/3.8.2-r0/recipe-sysroot-native/usr/lib                         -L/home/ubuntu/yocto/rpi-build/tmp/work/x86_64-linux/bison-native/3.8.2-r0/recipe-sysroot-native/lib                         -Wl,--enable-new-dtags                         -Wl,-rpath-link,/home/ubuntu/yocto/rpi-build/tmp/work/x86_64-linux/bison-native/3.8.2-r0/recipe-sysroot-native/usr/lib                         -Wl,-rpath-link,/home/ubuntu/yocto/rpi-build/tmp/work/x86_64-linux/bison-native/3.8.2-r0/recipe-sysroot-native/lib                         -Wl,-rpath,/home/ubuntu/yocto/rpi-build/tmp/work/x86_64-linux/bison-native/3.8.2-r0/recipe-sysroot-native/usr/lib                         -Wl,-rpath,/home/ubuntu/yocto/rpi-build/tmp/work/x86_64-linux/bison-native/3.8.2-r0/recipe-sysroot-native/lib                         -Wl,-O1 -Wl,--allow-shlib-undefined -Wl,--dynamic-linker=/home/ubuntu/yocto/rpi-build/tmp/sysroots-uninative/x86_64-linux/lib/ld-linux-x86-64.so.2 conftest.c  >&5
conftest.c: In function 'main':
conftest.c:130:21: warning: too many arguments for format [-Wformat-extra-args]
  130 |   if (sprintf (buf, "%010f", 1.0 / zero, 33, 44, 55) < 0
      |                     ^~~~~~~
configure:18628: $? = 0
configure:18628: ./conftest
configure:18628: $? = 0
configure:18640: result: yes
configure:18645: checking whether printf supports large precisions
configure:18692: gcc  -o conftest -isystem/home/ubuntu/yocto/rpi-build/tmp/work/x86_64-linux/bison-native/3.8.2-r0/recipe-sysroot-native/usr/include -O2 -pipe -isystem/home/ubuntu/yocto/rpi-build/tmp/work/x86_64-linux/bison-native/3.8.2-r0/recipe-sysroot-native/usr/include -L/home/ubuntu/yocto/rpi-build/tmp/work/x86_64-linux/bison-native/3.8.2-r0/recipe-sysroot-native/usr/lib                         -L/home/ubuntu/yocto/rpi-build/tmp/work/x86_64-linux/bison-native/3.8.2-r0/recipe-sysroot-native/lib                         -Wl,--enable-new-dtags                         -Wl,-rpath-link,/home/ubuntu/yocto/rpi-build/tmp/work/x86_64-linux/bison-native/3.8.2-r0/recipe-sysroot-native/usr/lib                         -Wl,-rpath-link,/home/ubuntu/yocto/rpi-build/tmp/work/x86_64-linux/bison-native/3.8.2-r0/recipe-sysroot-native/lib                         -Wl,-rpath,/home/ubuntu/yocto/rpi-build/tmp/work/x86_64-linux/bison-native/3.8.2-r0/recipe-sysroot-native/usr/lib                         -Wl,-rpath,/home/ubuntu/yocto/rpi-build/tmp/work/x86_64-linux/bison-native/3.8.2-r0/recipe-sysroot-native/lib                         -Wl,-O1 -Wl,--allow-shlib-undefined -Wl,--dynamic-linker=/home/ubuntu/yocto/rpi-build/tmp/sysroots-uninative/x86_64-linux/lib/ld-linux-x86-64.so.2 conftest.c  >&5
conftest.c: In function 'main':
conftest.c:134:21: warning: too many arguments for format [-Wformat-extra-args]
  134 |   if (sprintf (buf, "%.4000d %d", 1, 33, 44) < 4000 + 3)
      |                     ^~~~~~~~~~~~
conftest.c:136:21: warning: too many arguments for format [-Wformat-extra-args]
  136 |   if (sprintf (buf, "%.4000f %d", 1.0, 33, 44) < 4000 + 5)
      |                     ^~~~~~~~~~~~
conftest.c:138:21: warning: too many arguments for format [-Wformat-extra-args]
  138 |   if (sprintf (buf, "%.511f %d", 1.0, 33, 44) < 511 + 5
      |                     ^~~~~~~~~~~
conftest.c:141:21: warning: too many arguments for format [-Wformat-extra-args]
  141 |   if (sprintf (buf, "%.999f %d", 1.0, 33, 44) < 999 + 5
      |                     ^~~~~~~~~~~
configure:18692: $? = 0
configure:18692: ./conftest
configure:18692: $? = 0
configure:18704: result: yes
configure:18708: checking whether the compiler produces multi-arch binaries
configure:18723: gcc  -c -isystem/home/ubuntu/yocto/rpi-build/tmp/work/x86_64-linux/bison-native/3.8.2-r0/recipe-sysroot-native/usr/include -O2 -pipe -isystem/home/ubuntu/yocto/rpi-build/tmp/work/x86_64-linux/bison-native/3.8.2-r0/recipe-sysroot-native/usr/include conftest.c >&5
conftest.c:124:13: error: unknown type name 'not'
  124 |             not a universal capable compiler
      |             ^~~
conftest.c:124:19: error: expected '=', ',', ';', 'asm' or '__attribute__' before 'universal'
  124 |             not a universal capable compiler
      |                   ^~~~~~~~~
conftest.c:124:19: error: unknown type name 'universal'
configure:18723: $? = 1
configure: failed program was:
| /* confdefs.h */
| #define PACKAGE_NAME "GNU Bison"
| #define PACKAGE_TARNAME "bison"
| #define PACKAGE_VERSION "3.8.2"
| #define PACKAGE_STRING "GNU Bison 3.8.2"
| #define PACKAGE_BUGREPORT "bug-bison@gnu.org"
| #define PACKAGE_URL "https://www.gnu.org/software/bison/"
| #define PACKAGE_COPYRIGHT_YEAR 2021
| #define PACKAGE "bison"
| #define VERSION "3.8.2"
| #define HAVE_STDIO_H 1
| #define HAVE_STDLIB_H 1
| #define HAVE_STRING_H 1
| #define HAVE_INTTYPES_H 1
| #define HAVE_STDINT_H 1
| #define HAVE_STRINGS_H 1
| #define HAVE_SYS_STAT_H 1
| #define HAVE_SYS_TYPES_H 1
| #define HAVE_UNISTD_H 1
| #define HAVE_WCHAR_H 1
| #define HAVE_LOCALE_H 1
| #define HAVE_SYS_PARAM_H 1
| #define HAVE_SYS_SOCKET_H 1
| #define HAVE_STDIO_EXT_H 1
| #define HAVE_FEATURES_H 1
| #define HAVE_GETOPT_H 1
| #define HAVE_SYS_CDEFS_H 1
| #define HAVE_SYS_TIME_H 1
| #define HAVE_ICONV_H 1
| #define HAVE_LIMITS_H 1
| #define HAVE_WCTYPE_H 1
| #define HAVE_THREADS_H 1
| #define HAVE_MATH_H 1
| #define HAVE_SYS_MMAN_H 1
| #define HAVE_SPAWN_H 1
| #define HAVE_SYS_IOCTL_H 1
| #define HAVE_SYS_RESOURCE_H 1
| #define HAVE_SYS_TIMES_H 1
| #define HAVE_SYS_WAIT_H 1
| #define HAVE_TERMIOS_H 1
| #define HAVE_DIRENT_H 1
| #define STDC_HEADERS 1
| #define _ALL_SOURCE 1
| #define _DARWIN_C_SOURCE 1
| #define _GNU_SOURCE 1
| #define _HPUX_ALT_XOPEN_SOCKET_API 1
| #define _NETBSD_SOURCE 1
| #define _OPENBSD_SOURCE 1
| #define _POSIX_PTHREAD_SEMANTICS 1
| #define __STDC_WANT_IEC_60559_ATTRIBS_EXT__ 1
| #define __STDC_WANT_IEC_60559_BFP_EXT__ 1
| #define __STDC_WANT_IEC_60559_DFP_EXT__ 1
| #define __STDC_WANT_IEC_60559_FUNCS_EXT__ 1
| #define __STDC_WANT_IEC_60559_TYPES_EXT__ 1
| #define __STDC_WANT_LIB_EXT2__ 1
| #define __STDC_WANT_MATH_SPEC_FUNCS__ 1
| #define _TANDEM_SOURCE 1
| #define __EXTENSIONS__ 1
| #define HAVE_TCDRAIN 1
| #define HAVE_CANONICALIZE_FILE_NAME 1
| #define HAVE_FACCESSAT 1
| #define HAVE_REALPATH 1
| #define HAVE_LSTAT 1
| #define HAVE_READLINKAT 1
| #define HAVE_FCHDIR 1
| #define HAVE_FCNTL 1
| #define HAVE_SYMLINK 1
| #define HAVE_FFSL 1
| #define HAVE_SNPRINTF 1
| #define HAVE_FSYNC 1
| #define HAVE_GETRUSAGE 1
| #define HAVE_GETTIMEOFDAY 1
| #define HAVE_ISWCNTRL 1
| #define HAVE_ISWBLANK 1
| #define HAVE_MBSINIT 1
| #define HAVE_MBRTOWC 1
| #define HAVE_ISASCII 1
| #define HAVE_MPROTECT 1
| #define HAVE_OBSTACK_PRINTF 1
| #define HAVE_STRERROR_R 1
| #define HAVE___XPG_STRERROR_R 1
| #define HAVE_PIPE 1
| #define HAVE_PIPE2 1
| #define HAVE_POSIX_SPAWN_FILE_ACTIONS_ADDCHDIR_NP 1
| #define HAVE_READLINK 1
| #define HAVE_SETENV 1
| #define HAVE_LINK 1
| #define HAVE_SIGACTION 1
| #define HAVE_SIGALTSTACK 1
| #define HAVE_SIGINTERRUPT 1
| #define HAVE_STPNCPY 1
| #define HAVE_STRNDUP 1
| #define HAVE_WCWIDTH 1
| #define HAVE_FDOPENDIR 1
| #define HAVE_MEMPCPY 1
| #define HAVE_FSTATAT 1
| #define HAVE_GETDELIM 1
| #define HAVE_GETDTABLESIZE 1
| #define HAVE_OPENAT 1
| #define HAVE_CATGETS 1
| #define HAVE_SETLOCALE 1
| #define YYTEXT_POINTER 1
| #define M4 "m4"
| #define M4_GNU_OPTION "--gnu"
| #define HAVE_ALLOCA_H 1
| #define HAVE_ALLOCA 1
| #define HAVE_MALLOC_POSIX 1
| #define LSTAT_FOLLOWS_SLASHED_SYMLINK 1
| #define FUNC_REALPATH_WORKS 1
| #define HAVE_GETCWD 1
| #define restrict __restrict__
| #define HAVE_ENVIRON_DECL 1
| #define HAVE_DECL_STRERROR_R 1
| #define HAVE_STRERROR_R 1
| #define STRERROR_R_CHAR_P 1
| #define HAVE_SIG_ATOMIC_T 1
| #define HAVE_WORKING_O_NOATIME 1
| #define HAVE_WORKING_O_NOFOLLOW 1
| #define HAVE_STDINT_H_WITH_UINTMAX 1
| #define HAVE_INTTYPES_H_WITH_UINTMAX 1
| #define CHECK_PRINTF_SAFE 1
| /* end confdefs.h.  */
| #ifndef __APPLE_CC__
|             not a universal capable compiler
|            #endif
|            typedef int dummy;
| 
configure:18751: result: no
configure:18763: checking whether printf survives out-of-memory conditions
configure:18936: gcc  -o conftest -isystem/home/ubuntu/yocto/rpi-build/tmp/work/x86_64-linux/bison-native/3.8.2-r0/recipe-sysroot-native/usr/include -O2 -pipe -isystem/home/ubuntu/yocto/rpi-build/tmp/work/x86_64-linux/bison-native/3.8.2-r0/recipe-sysroot-native/usr/include -L/home/ubuntu/yocto/rpi-build/tmp/work/x86_64-linux/bison-native/3.8.2-r0/recipe-sysroot-native/usr/lib                         -L/home/ubuntu/yocto/rpi-build/tmp/work/x86_64-linux/bison-native/3.8.2-r0/recipe-sysroot-native/lib                         -Wl,--enable-new-dtags                         -Wl,-rpath-link,/home/ubuntu/yocto/rpi-build/tmp/work/x86_64-linux/bison-native/3.8.2-r0/recipe-sysroot-native/usr/lib                         -Wl,-rpath-link,/home/ubuntu/yocto/rpi-build/tmp/work/x86_64-linux/bison-native/3.8.2-r0/recipe-sysroot-native/lib                         -Wl,-rpath,/home/ubuntu/yocto/rpi-build/tmp/work/x86_64-linux/bison-native/3.8.2-r0/recipe-sysroot-native/usr/lib                         -Wl,-rpath,/home/ubuntu/yocto/rpi-build/tmp/work/x86_64-linux/bison-native/3.8.2-r0/recipe-sysroot-native/lib                         -Wl,-O1 -Wl,--allow-shlib-undefined -Wl,--dynamic-linker=/home/ubuntu/yocto/rpi-build/tmp/sysroots-uninative/x86_64-linux/lib/ld-linux-x86-64.so.2 conftest.c  >&5
configure:18939: $? = 0
configure:18943: $? = 0
configure:18990: result: yes
configure:19007: checking for wchar_t
configure:19025: gcc  -c -isystem/home/ubuntu/yocto/rpi-build/tmp/work/x86_64-linux/bison-native/3.8.2-r0/recipe-sysroot-native/usr/include -O2 -pipe -isystem/home/ubuntu/yocto/rpi-build/tmp/work/x86_64-linux/bison-native/3.8.2-r0/recipe-sysroot-native/usr/include conftest.c >&5
configure:19025: $? = 0
configure:19033: result: yes
configure:19042: checking for wint_t
configure:19060: gcc  -c -isystem/home/ubuntu/yocto/rpi-build/tmp/work/x86_64-linux/bison-native/3.8.2-r0/recipe-sysroot-native/usr/include -O2 -pipe -isystem/home/ubuntu/yocto/rpi-build/tmp/work/x86_64-linux/bison-native/3.8.2-r0/recipe-sysroot-native/usr/include conftest.c >&5
configure:19060: $? = 0
configure:19068: result: yes
configure:19075: checking whether wint_t is large enough
configure:19094: gcc  -c -isystem/home/ubuntu/yocto/rpi-build/tmp/work/x86_64-linux/bison-native/3.8.2-r0/recipe-sysroot-native/usr/include -O2 -pipe -isystem/home/ubuntu/yocto/rpi-build/tmp/work/x86_64-linux/bison-native/3.8.2-r0/recipe-sysroot-native/usr/include conftest.c >&5
configure:19094: $? = 0
configure:19102: result: yes
configure:19127: checking for intmax_t
configure:19153: gcc  -c -isystem/home/ubuntu/yocto/rpi-build/tmp/work/x86_64-linux/bison-native/3.8.2-r0/recipe-sysroot-native/usr/include -O2 -pipe -isystem/home/ubuntu/yocto/rpi-build/tmp/work/x86_64-linux/bison-native/3.8.2-r0/recipe-sysroot-native/usr/include conftest.c >&5
configure:19153: $? = 0
configure:19161: result: yes
configure:19174: checking where to find the exponent in a 'double'
configure:19500: gcc  -o conftest -isystem/home/ubuntu/yocto/rpi-build/tmp/work/x86_64-linux/bison-native/3.8.2-r0/recipe-sysroot-native/usr/include -O2 -pipe -isystem/home/ubuntu/yocto/rpi-build/tmp/work/x86_64-linux/bison-native/3.8.2-r0/recipe-sysroot-native/usr/include -L/home/ubuntu/yocto/rpi-build/tmp/work/x86_64-linux/bison-native/3.8.2-r0/recipe-sysroot-native/usr/lib                         -L/home/ubuntu/yocto/rpi-build/tmp/work/x86_64-linux/bison-native/3.8.2-r0/recipe-sysroot-native/lib                         -Wl,--enable-new-dtags                         -Wl,-rpath-link,/home/ubuntu/yocto/rpi-build/tmp/work/x86_64-linux/bison-native/3.8.2-r0/recipe-sysroot-native/usr/lib                         -Wl,-rpath-link,/home/ubuntu/yocto/rpi-build/tmp/work/x86_64-linux/bison-native/3.8.2-r0/recipe-sysroot-native/lib                         -Wl,-rpath,/home/ubuntu/yocto/rpi-build/tmp/work/x86_64-linux/bison-native/3.8.2-r0/recipe-sysroot-native/usr/lib                         -Wl,-rpath,/home/ubuntu/yocto/rpi-build/tmp/work/x86_64-linux/bison-native/3.8.2-r0/recipe-sysroot-native/lib                         -Wl,-O1 -Wl,--allow-shlib-undefined -Wl,--dynamic-linker=/home/ubuntu/yocto/rpi-build/tmp/sysroots-uninative/x86_64-linux/lib/ld-linux-x86-64.so.2 conftest.c  >&5
configure:19500: $? = 0
configure:19500: ./conftest
configure:19500: $? = 0
configure:19513: result: word 1 bit 20
configure:19535: checking whether snprintf returns a byte count as in C99
configure:19630: gcc  -o conftest -isystem/home/ubuntu/yocto/rpi-build/tmp/work/x86_64-linux/bison-native/3.8.2-r0/recipe-sysroot-native/usr/include -O2 -pipe -isystem/home/ubuntu/yocto/rpi-build/tmp/work/x86_64-linux/bison-native/3.8.2-r0/recipe-sysroot-native/usr/include -L/home/ubuntu/yocto/rpi-build/tmp/work/x86_64-linux/bison-native/3.8.2-r0/recipe-sysroot-native/usr/lib                         -L/home/ubuntu/yocto/rpi-build/tmp/work/x86_64-linux/bison-native/3.8.2-r0/recipe-sysroot-native/lib                         -Wl,--enable-new-dtags                         -Wl,-rpath-link,/home/ubuntu/yocto/rpi-build/tmp/work/x86_64-linux/bison-native/3.8.2-r0/recipe-sysroot-native/usr/lib                         -Wl,-rpath-link,/home/ubuntu/yocto/rpi-build/tmp/work/x86_64-linux/bison-native/3.8.2-r0/recipe-sysroot-native/lib                         -Wl,-rpath,/home/ubuntu/yocto/rpi-build/tmp/work/x86_64-linux/bison-native/3.8.2-r0/recipe-sysroot-native/usr/lib                         -Wl,-rpath,/home/ubuntu/yocto/rpi-build/tmp/work/x86_64-linux/bison-native/3.8.2-r0/recipe-sysroot-native/lib                         -Wl,-O1 -Wl,--allow-shlib-undefined -Wl,--dynamic-linker=/home/ubuntu/yocto/rpi-build/tmp/sysroots-uninative/x86_64-linux/lib/ld-linux-x86-64.so.2 conftest.c  >&5
conftest.c: In function 'main':
conftest.c:132:22: warning: '%d' directive output truncated writing 4 bytes into a region of size 3 [-Wformat-truncation=]
  132 | # define my_snprintf snprintf
      |                      ^
conftest.c:149:7: note: in expansion of macro 'my_snprintf'
  149 |   if (my_snprintf (buf, 3, "%d %d", 4567, 89) != 7)
      |       ^~~~~~~~~~~
In file included from /usr/include/stdio.h:894,
                 from conftest.c:129:
/usr/include/x86_64-linux-gnu/bits/stdio2.h:71:10: note: '__builtin___snprintf_chk' output 8 bytes into a destination of size 3
   71 |   return __builtin___snprintf_chk (__s, __n, __USE_FORTIFY_LEVEL - 1,
      |          ^~~~~~~~~~~~~~~~~~~~~~~~~~~~~~~~~~~~~~~~~~~~~~~~~~~~~~~~~~~~
   72 |                                    __glibc_objsize (__s), __fmt,
      |                                    ~~~~~~~~~~~~~~~~~~~~~~~~~~~~~
   73 |                                    __va_arg_pack ());
      |                                    ~~~~~~~~~~~~~~~~~
configure:19630: $? = 0
configure:19630: ./conftest
configure:19630: $? = 0
configure:19642: result: yes
configure:19648: checking whether snprintf truncates the result as in C99
configure:19733: gcc  -o conftest -isystem/home/ubuntu/yocto/rpi-build/tmp/work/x86_64-linux/bison-native/3.8.2-r0/recipe-sysroot-native/usr/include -O2 -pipe -isystem/home/ubuntu/yocto/rpi-build/tmp/work/x86_64-linux/bison-native/3.8.2-r0/recipe-sysroot-native/usr/include -L/home/ubuntu/yocto/rpi-build/tmp/work/x86_64-linux/bison-native/3.8.2-r0/recipe-sysroot-native/usr/lib                         -L/home/ubuntu/yocto/rpi-build/tmp/work/x86_64-linux/bison-native/3.8.2-r0/recipe-sysroot-native/lib                         -Wl,--enable-new-dtags                         -Wl,-rpath-link,/home/ubuntu/yocto/rpi-build/tmp/work/x86_64-linux/bison-native/3.8.2-r0/recipe-sysroot-native/usr/lib                         -Wl,-rpath-link,/home/ubuntu/yocto/rpi-build/tmp/work/x86_64-linux/bison-native/3.8.2-r0/recipe-sysroot-native/lib                         -Wl,-rpath,/home/ubuntu/yocto/rpi-build/tmp/work/x86_64-linux/bison-native/3.8.2-r0/recipe-sysroot-native/usr/lib                         -Wl,-rpath,/home/ubuntu/yocto/rpi-build/tmp/work/x86_64-linux/bison-native/3.8.2-r0/recipe-sysroot-native/lib                         -Wl,-O1 -Wl,--allow-shlib-undefined -Wl,--dynamic-linker=/home/ubuntu/yocto/rpi-build/tmp/sysroots-uninative/x86_64-linux/lib/ld-linux-x86-64.so.2 conftest.c  >&5
conftest.c: In function 'main':
conftest.c:149:25: warning: '%d' directive output truncated writing 4 bytes into a region of size 3 [-Wformat-truncation=]
  149 |   my_snprintf (buf, 3, "%d %d", 4567, 89);
      |                         ^~
In file included from /usr/include/stdio.h:894,
                 from conftest.c:129:
/usr/include/x86_64-linux-gnu/bits/stdio2.h:71:10: note: '__builtin___snprintf_chk' output 8 bytes into a destination of size 3
   71 |   return __builtin___snprintf_chk (__s, __n, __USE_FORTIFY_LEVEL - 1,
      |          ^~~~~~~~~~~~~~~~~~~~~~~~~~~~~~~~~~~~~~~~~~~~~~~~~~~~~~~~~~~~
   72 |                                    __glibc_objsize (__s), __fmt,
      |                                    ~~~~~~~~~~~~~~~~~~~~~~~~~~~~~
   73 |                                    __va_arg_pack ());
      |                                    ~~~~~~~~~~~~~~~~~
configure:19733: $? = 0
configure:19733: ./conftest
configure:19733: $? = 0
configure:19745: result: yes
configure:19752: checking for snprintf
configure:19752: result: yes
configure:19758: checking for strnlen
configure:19758: gcc  -o conftest -isystem/home/ubuntu/yocto/rpi-build/tmp/work/x86_64-linux/bison-native/3.8.2-r0/recipe-sysroot-native/usr/include -O2 -pipe -isystem/home/ubuntu/yocto/rpi-build/tmp/work/x86_64-linux/bison-native/3.8.2-r0/recipe-sysroot-native/usr/include -L/home/ubuntu/yocto/rpi-build/tmp/work/x86_64-linux/bison-native/3.8.2-r0/recipe-sysroot-native/usr/lib                         -L/home/ubuntu/yocto/rpi-build/tmp/work/x86_64-linux/bison-native/3.8.2-r0/recipe-sysroot-native/lib                         -Wl,--enable-new-dtags                         -Wl,-rpath-link,/home/ubuntu/yocto/rpi-build/tmp/work/x86_64-linux/bison-native/3.8.2-r0/recipe-sysroot-native/usr/lib                         -Wl,-rpath-link,/home/ubuntu/yocto/rpi-build/tmp/work/x86_64-linux/bison-native/3.8.2-r0/recipe-sysroot-native/lib                         -Wl,-rpath,/home/ubuntu/yocto/rpi-build/tmp/work/x86_64-linux/bison-native/3.8.2-r0/recipe-sysroot-native/usr/lib                         -Wl,-rpath,/home/ubuntu/yocto/rpi-build/tmp/work/x86_64-linux/bison-native/3.8.2-r0/recipe-sysroot-native/lib                         -Wl,-O1 -Wl,--allow-shlib-undefined -Wl,--dynamic-linker=/home/ubuntu/yocto/rpi-build/tmp/sysroots-uninative/x86_64-linux/lib/ld-linux-x86-64.so.2 conftest.c  >&5
conftest.c:145:6: warning: conflicting types for built-in function 'strnlen'; expected 'long unsigned int(const char *, long unsigned int)' [-Wbuiltin-declaration-mismatch]
  145 | char strnlen (void);
      |      ^~~~~~~
configure:19758: $? = 0
configure:19758: result: yes
configure:19764: checking for wcslen
configure:19764: gcc  -o conftest -isystem/home/ubuntu/yocto/rpi-build/tmp/work/x86_64-linux/bison-native/3.8.2-r0/recipe-sysroot-native/usr/include -O2 -pipe -isystem/home/ubuntu/yocto/rpi-build/tmp/work/x86_64-linux/bison-native/3.8.2-r0/recipe-sysroot-native/usr/include -L/home/ubuntu/yocto/rpi-build/tmp/work/x86_64-linux/bison-native/3.8.2-r0/recipe-sysroot-native/usr/lib                         -L/home/ubuntu/yocto/rpi-build/tmp/work/x86_64-linux/bison-native/3.8.2-r0/recipe-sysroot-native/lib                         -Wl,--enable-new-dtags                         -Wl,-rpath-link,/home/ubuntu/yocto/rpi-build/tmp/work/x86_64-linux/bison-native/3.8.2-r0/recipe-sysroot-native/usr/lib                         -Wl,-rpath-link,/home/ubuntu/yocto/rpi-build/tmp/work/x86_64-linux/bison-native/3.8.2-r0/recipe-sysroot-native/lib                         -Wl,-rpath,/home/ubuntu/yocto/rpi-build/tmp/work/x86_64-linux/bison-native/3.8.2-r0/recipe-sysroot-native/usr/lib                         -Wl,-rpath,/home/ubuntu/yocto/rpi-build/tmp/work/x86_64-linux/bison-native/3.8.2-r0/recipe-sysroot-native/lib                         -Wl,-O1 -Wl,--allow-shlib-undefined -Wl,--dynamic-linker=/home/ubuntu/yocto/rpi-build/tmp/sysroots-uninative/x86_64-linux/lib/ld-linux-x86-64.so.2 conftest.c  >&5
configure:19764: $? = 0
configure:19764: result: yes
configure:19770: checking for wcsnlen
configure:19770: gcc  -o conftest -isystem/home/ubuntu/yocto/rpi-build/tmp/work/x86_64-linux/bison-native/3.8.2-r0/recipe-sysroot-native/usr/include -O2 -pipe -isystem/home/ubuntu/yocto/rpi-build/tmp/work/x86_64-linux/bison-native/3.8.2-r0/recipe-sysroot-native/usr/include -L/home/ubuntu/yocto/rpi-build/tmp/work/x86_64-linux/bison-native/3.8.2-r0/recipe-sysroot-native/usr/lib                         -L/home/ubuntu/yocto/rpi-build/tmp/work/x86_64-linux/bison-native/3.8.2-r0/recipe-sysroot-native/lib                         -Wl,--enable-new-dtags                         -Wl,-rpath-link,/home/ubuntu/yocto/rpi-build/tmp/work/x86_64-linux/bison-native/3.8.2-r0/recipe-sysroot-native/usr/lib                         -Wl,-rpath-link,/home/ubuntu/yocto/rpi-build/tmp/work/x86_64-linux/bison-native/3.8.2-r0/recipe-sysroot-native/lib                         -Wl,-rpath,/home/ubuntu/yocto/rpi-build/tmp/work/x86_64-linux/bison-native/3.8.2-r0/recipe-sysroot-native/usr/lib                         -Wl,-rpath,/home/ubuntu/yocto/rpi-build/tmp/work/x86_64-linux/bison-native/3.8.2-r0/recipe-sysroot-native/lib                         -Wl,-O1 -Wl,--allow-shlib-undefined -Wl,--dynamic-linker=/home/ubuntu/yocto/rpi-build/tmp/sysroots-uninative/x86_64-linux/lib/ld-linux-x86-64.so.2 conftest.c  >&5
configure:19770: $? = 0
configure:19770: result: yes
configure:19776: checking for mbrtowc
configure:19776: result: yes
configure:19782: checking for wcrtomb
configure:19782: gcc  -o conftest -isystem/home/ubuntu/yocto/rpi-build/tmp/work/x86_64-linux/bison-native/3.8.2-r0/recipe-sysroot-native/usr/include -O2 -pipe -isystem/home/ubuntu/yocto/rpi-build/tmp/work/x86_64-linux/bison-native/3.8.2-r0/recipe-sysroot-native/usr/include -L/home/ubuntu/yocto/rpi-build/tmp/work/x86_64-linux/bison-native/3.8.2-r0/recipe-sysroot-native/usr/lib                         -L/home/ubuntu/yocto/rpi-build/tmp/work/x86_64-linux/bison-native/3.8.2-r0/recipe-sysroot-native/lib                         -Wl,--enable-new-dtags                         -Wl,-rpath-link,/home/ubuntu/yocto/rpi-build/tmp/work/x86_64-linux/bison-native/3.8.2-r0/recipe-sysroot-native/usr/lib                         -Wl,-rpath-link,/home/ubuntu/yocto/rpi-build/tmp/work/x86_64-linux/bison-native/3.8.2-r0/recipe-sysroot-native/lib                         -Wl,-rpath,/home/ubuntu/yocto/rpi-build/tmp/work/x86_64-linux/bison-native/3.8.2-r0/recipe-sysroot-native/usr/lib                         -Wl,-rpath,/home/ubuntu/yocto/rpi-build/tmp/work/x86_64-linux/bison-native/3.8.2-r0/recipe-sysroot-native/lib                         -Wl,-O1 -Wl,--allow-shlib-undefined -Wl,--dynamic-linker=/home/ubuntu/yocto/rpi-build/tmp/sysroots-uninative/x86_64-linux/lib/ld-linux-x86-64.so.2 conftest.c  >&5
configure:19782: $? = 0
configure:19782: result: yes
configure:19789: checking whether _snprintf is declared
configure:19789: gcc  -c -isystem/home/ubuntu/yocto/rpi-build/tmp/work/x86_64-linux/bison-native/3.8.2-r0/recipe-sysroot-native/usr/include -O2 -pipe  -isystem/home/ubuntu/yocto/rpi-build/tmp/work/x86_64-linux/bison-native/3.8.2-r0/recipe-sysroot-native/usr/include conftest.c >&5
conftest.c: In function 'main':
conftest.c:143:10: error: '_snprintf' undeclared (first use in this function); did you mean 'vsnprintf'?
  143 |   (void) _snprintf;
      |          ^~~~~~~~~
      |          vsnprintf
conftest.c:143:10: note: each undeclared identifier is reported only once for each function it appears in
configure:19789: $? = 1
configure: failed program was:
| /* confdefs.h */
| #define PACKAGE_NAME "GNU Bison"
| #define PACKAGE_TARNAME "bison"
| #define PACKAGE_VERSION "3.8.2"
| #define PACKAGE_STRING "GNU Bison 3.8.2"
| #define PACKAGE_BUGREPORT "bug-bison@gnu.org"
| #define PACKAGE_URL "https://www.gnu.org/software/bison/"
| #define PACKAGE_COPYRIGHT_YEAR 2021
| #define PACKAGE "bison"
| #define VERSION "3.8.2"
| #define HAVE_STDIO_H 1
| #define HAVE_STDLIB_H 1
| #define HAVE_STRING_H 1
| #define HAVE_INTTYPES_H 1
| #define HAVE_STDINT_H 1
| #define HAVE_STRINGS_H 1
| #define HAVE_SYS_STAT_H 1
| #define HAVE_SYS_TYPES_H 1
| #define HAVE_UNISTD_H 1
| #define HAVE_WCHAR_H 1
| #define HAVE_LOCALE_H 1
| #define HAVE_SYS_PARAM_H 1
| #define HAVE_SYS_SOCKET_H 1
| #define HAVE_STDIO_EXT_H 1
| #define HAVE_FEATURES_H 1
| #define HAVE_GETOPT_H 1
| #define HAVE_SYS_CDEFS_H 1
| #define HAVE_SYS_TIME_H 1
| #define HAVE_ICONV_H 1
| #define HAVE_LIMITS_H 1
| #define HAVE_WCTYPE_H 1
| #define HAVE_THREADS_H 1
| #define HAVE_MATH_H 1
| #define HAVE_SYS_MMAN_H 1
| #define HAVE_SPAWN_H 1
| #define HAVE_SYS_IOCTL_H 1
| #define HAVE_SYS_RESOURCE_H 1
| #define HAVE_SYS_TIMES_H 1
| #define HAVE_SYS_WAIT_H 1
| #define HAVE_TERMIOS_H 1
| #define HAVE_DIRENT_H 1
| #define STDC_HEADERS 1
| #define _ALL_SOURCE 1
| #define _DARWIN_C_SOURCE 1
| #define _GNU_SOURCE 1
| #define _HPUX_ALT_XOPEN_SOCKET_API 1
| #define _NETBSD_SOURCE 1
| #define _OPENBSD_SOURCE 1
| #define _POSIX_PTHREAD_SEMANTICS 1
| #define __STDC_WANT_IEC_60559_ATTRIBS_EXT__ 1
| #define __STDC_WANT_IEC_60559_BFP_EXT__ 1
| #define __STDC_WANT_IEC_60559_DFP_EXT__ 1
| #define __STDC_WANT_IEC_60559_FUNCS_EXT__ 1
| #define __STDC_WANT_IEC_60559_TYPES_EXT__ 1
| #define __STDC_WANT_LIB_EXT2__ 1
| #define __STDC_WANT_MATH_SPEC_FUNCS__ 1
| #define _TANDEM_SOURCE 1
| #define __EXTENSIONS__ 1
| #define HAVE_TCDRAIN 1
| #define HAVE_CANONICALIZE_FILE_NAME 1
| #define HAVE_FACCESSAT 1
| #define HAVE_REALPATH 1
| #define HAVE_LSTAT 1
| #define HAVE_READLINKAT 1
| #define HAVE_FCHDIR 1
| #define HAVE_FCNTL 1
| #define HAVE_SYMLINK 1
| #define HAVE_FFSL 1
| #define HAVE_SNPRINTF 1
| #define HAVE_FSYNC 1
| #define HAVE_GETRUSAGE 1
| #define HAVE_GETTIMEOFDAY 1
| #define HAVE_ISWCNTRL 1
| #define HAVE_ISWBLANK 1
| #define HAVE_MBSINIT 1
| #define HAVE_MBRTOWC 1
| #define HAVE_ISASCII 1
| #define HAVE_MPROTECT 1
| #define HAVE_OBSTACK_PRINTF 1
| #define HAVE_STRERROR_R 1
| #define HAVE___XPG_STRERROR_R 1
| #define HAVE_PIPE 1
| #define HAVE_PIPE2 1
| #define HAVE_POSIX_SPAWN_FILE_ACTIONS_ADDCHDIR_NP 1
| #define HAVE_READLINK 1
| #define HAVE_SETENV 1
| #define HAVE_LINK 1
| #define HAVE_SIGACTION 1
| #define HAVE_SIGALTSTACK 1
| #define HAVE_SIGINTERRUPT 1
| #define HAVE_STPNCPY 1
| #define HAVE_STRNDUP 1
| #define HAVE_WCWIDTH 1
| #define HAVE_FDOPENDIR 1
| #define HAVE_MEMPCPY 1
| #define HAVE_FSTATAT 1
| #define HAVE_GETDELIM 1
| #define HAVE_GETDTABLESIZE 1
| #define HAVE_OPENAT 1
| #define HAVE_CATGETS 1
| #define HAVE_SETLOCALE 1
| #define YYTEXT_POINTER 1
| #define M4 "m4"
| #define M4_GNU_OPTION "--gnu"
| #define HAVE_ALLOCA_H 1
| #define HAVE_ALLOCA 1
| #define HAVE_MALLOC_POSIX 1
| #define LSTAT_FOLLOWS_SLASHED_SYMLINK 1
| #define FUNC_REALPATH_WORKS 1
| #define HAVE_GETCWD 1
| #define restrict __restrict__
| #define HAVE_ENVIRON_DECL 1
| #define HAVE_DECL_STRERROR_R 1
| #define HAVE_STRERROR_R 1
| #define STRERROR_R_CHAR_P 1
| #define HAVE_SIG_ATOMIC_T 1
| #define HAVE_WORKING_O_NOATIME 1
| #define HAVE_WORKING_O_NOFOLLOW 1
| #define HAVE_STDINT_H_WITH_UINTMAX 1
| #define HAVE_INTTYPES_H_WITH_UINTMAX 1
| #define CHECK_PRINTF_SAFE 1
| #define HAVE_WCHAR_T 1
| #define HAVE_WINT_T 1
| #define HAVE_INTMAX_T 1
| #define DBL_EXPBIT0_WORD 1
| #define DBL_EXPBIT0_BIT 20
| #define HAVE_SNPRINTF 1
| #define HAVE_STRNLEN 1
| #define HAVE_WCSLEN 1
| #define HAVE_WCSNLEN 1
| #define HAVE_MBRTOWC 1
| #define HAVE_WCRTOMB 1
| /* end confdefs.h.  */
| #include <stdio.h>
| 
| int
| main (void)
| {
| #ifndef _snprintf
| #ifdef __cplusplus
|   (void) _snprintf;
| #else
|   (void) _snprintf;
| #endif
| #endif
| 
|   ;
|   return 0;
| }
configure:19789: result: no
configure:19995: checking whether frexp() can be used without linking with libm
configure:20014: gcc  -o conftest -isystem/home/ubuntu/yocto/rpi-build/tmp/work/x86_64-linux/bison-native/3.8.2-r0/recipe-sysroot-native/usr/include -O2 -pipe -isystem/home/ubuntu/yocto/rpi-build/tmp/work/x86_64-linux/bison-native/3.8.2-r0/recipe-sysroot-native/usr/include -L/home/ubuntu/yocto/rpi-build/tmp/work/x86_64-linux/bison-native/3.8.2-r0/recipe-sysroot-native/usr/lib                         -L/home/ubuntu/yocto/rpi-build/tmp/work/x86_64-linux/bison-native/3.8.2-r0/recipe-sysroot-native/lib                         -Wl,--enable-new-dtags                         -Wl,-rpath-link,/home/ubuntu/yocto/rpi-build/tmp/work/x86_64-linux/bison-native/3.8.2-r0/recipe-sysroot-native/usr/lib                         -Wl,-rpath-link,/home/ubuntu/yocto/rpi-build/tmp/work/x86_64-linux/bison-native/3.8.2-r0/recipe-sysroot-native/lib                         -Wl,-rpath,/home/ubuntu/yocto/rpi-build/tmp/work/x86_64-linux/bison-native/3.8.2-r0/recipe-sysroot-native/usr/lib                         -Wl,-rpath,/home/ubuntu/yocto/rpi-build/tmp/work/x86_64-linux/bison-native/3.8.2-r0/recipe-sysroot-native/lib                         -Wl,-O1 -Wl,--allow-shlib-undefined -Wl,--dynamic-linker=/home/ubuntu/yocto/rpi-build/tmp/sysroots-uninative/x86_64-linux/lib/ld-linux-x86-64.so.2 conftest.c  >&5
configure:20014: $? = 0
configure:20024: result: yes
configure:20027: checking whether alarm is declared
configure:20027: gcc  -c -isystem/home/ubuntu/yocto/rpi-build/tmp/work/x86_64-linux/bison-native/3.8.2-r0/recipe-sysroot-native/usr/include -O2 -pipe  -isystem/home/ubuntu/yocto/rpi-build/tmp/work/x86_64-linux/bison-native/3.8.2-r0/recipe-sysroot-native/usr/include conftest.c >&5
configure:20027: $? = 0
configure:20027: result: yes
configure:20445: checking whether getcwd (NULL, 0) allocates memory for result
configure:20521: result: yes
configure:20525: checking for getcwd with POSIX signature
configure:20552: gcc  -c -isystem/home/ubuntu/yocto/rpi-build/tmp/work/x86_64-linux/bison-native/3.8.2-r0/recipe-sysroot-native/usr/include -O2 -pipe -isystem/home/ubuntu/yocto/rpi-build/tmp/work/x86_64-linux/bison-native/3.8.2-r0/recipe-sysroot-native/usr/include conftest.c >&5
configure:20552: $? = 0
configure:20561: result: yes
configure:20564: checking whether getcwd is declared
configure:20564: gcc  -c -isystem/home/ubuntu/yocto/rpi-build/tmp/work/x86_64-linux/bison-native/3.8.2-r0/recipe-sysroot-native/usr/include -O2 -pipe  -isystem/home/ubuntu/yocto/rpi-build/tmp/work/x86_64-linux/bison-native/3.8.2-r0/recipe-sysroot-native/usr/include conftest.c >&5
configure:20564: $? = 0
configure:20564: result: yes
configure:20576: checking for d_ino member in directory struct
configure:20624: gcc  -o conftest -isystem/home/ubuntu/yocto/rpi-build/tmp/work/x86_64-linux/bison-native/3.8.2-r0/recipe-sysroot-native/usr/include -O2 -pipe -isystem/home/ubuntu/yocto/rpi-build/tmp/work/x86_64-linux/bison-native/3.8.2-r0/recipe-sysroot-native/usr/include -L/home/ubuntu/yocto/rpi-build/tmp/work/x86_64-linux/bison-native/3.8.2-r0/recipe-sysroot-native/usr/lib                         -L/home/ubuntu/yocto/rpi-build/tmp/work/x86_64-linux/bison-native/3.8.2-r0/recipe-sysroot-native/lib                         -Wl,--enable-new-dtags                         -Wl,-rpath-link,/home/ubuntu/yocto/rpi-build/tmp/work/x86_64-linux/bison-native/3.8.2-r0/recipe-sysroot-native/usr/lib                         -Wl,-rpath-link,/home/ubuntu/yocto/rpi-build/tmp/work/x86_64-linux/bison-native/3.8.2-r0/recipe-sysroot-native/lib                         -Wl,-rpath,/home/ubuntu/yocto/rpi-build/tmp/work/x86_64-linux/bison-native/3.8.2-r0/recipe-sysroot-native/usr/lib                         -Wl,-rpath,/home/ubuntu/yocto/rpi-build/tmp/work/x86_64-linux/bison-native/3.8.2-r0/recipe-sysroot-native/lib                         -Wl,-O1 -Wl,--allow-shlib-undefined -Wl,--dynamic-linker=/home/ubuntu/yocto/rpi-build/tmp/sysroots-uninative/x86_64-linux/lib/ld-linux-x86-64.so.2 conftest.c  >&5
configure:20624: $? = 0
configure:20624: ./conftest
configure:20624: $? = 0
configure:20635: result: yes
configure:20648: checking for arithmetic hrtime_t
configure:20665: gcc  -c -isystem/home/ubuntu/yocto/rpi-build/tmp/work/x86_64-linux/bison-native/3.8.2-r0/recipe-sysroot-native/usr/include -O2 -pipe -isystem/home/ubuntu/yocto/rpi-build/tmp/work/x86_64-linux/bison-native/3.8.2-r0/recipe-sysroot-native/usr/include conftest.c >&5
conftest.c: In function 'main':
conftest.c:144:1: error: unknown type name 'hrtime_t'; did you mean 'time_t'?
  144 | hrtime_t x = 0; return x/x;
      | ^~~~~~~~
      | time_t
configure:20665: $? = 1
configure: failed program was:
| /* confdefs.h */
| #define PACKAGE_NAME "GNU Bison"
| #define PACKAGE_TARNAME "bison"
| #define PACKAGE_VERSION "3.8.2"
| #define PACKAGE_STRING "GNU Bison 3.8.2"
| #define PACKAGE_BUGREPORT "bug-bison@gnu.org"
| #define PACKAGE_URL "https://www.gnu.org/software/bison/"
| #define PACKAGE_COPYRIGHT_YEAR 2021
| #define PACKAGE "bison"
| #define VERSION "3.8.2"
| #define HAVE_STDIO_H 1
| #define HAVE_STDLIB_H 1
| #define HAVE_STRING_H 1
| #define HAVE_INTTYPES_H 1
| #define HAVE_STDINT_H 1
| #define HAVE_STRINGS_H 1
| #define HAVE_SYS_STAT_H 1
| #define HAVE_SYS_TYPES_H 1
| #define HAVE_UNISTD_H 1
| #define HAVE_WCHAR_H 1
| #define HAVE_LOCALE_H 1
| #define HAVE_SYS_PARAM_H 1
| #define HAVE_SYS_SOCKET_H 1
| #define HAVE_STDIO_EXT_H 1
| #define HAVE_FEATURES_H 1
| #define HAVE_GETOPT_H 1
| #define HAVE_SYS_CDEFS_H 1
| #define HAVE_SYS_TIME_H 1
| #define HAVE_ICONV_H 1
| #define HAVE_LIMITS_H 1
| #define HAVE_WCTYPE_H 1
| #define HAVE_THREADS_H 1
| #define HAVE_MATH_H 1
| #define HAVE_SYS_MMAN_H 1
| #define HAVE_SPAWN_H 1
| #define HAVE_SYS_IOCTL_H 1
| #define HAVE_SYS_RESOURCE_H 1
| #define HAVE_SYS_TIMES_H 1
| #define HAVE_SYS_WAIT_H 1
| #define HAVE_TERMIOS_H 1
| #define HAVE_DIRENT_H 1
| #define STDC_HEADERS 1
| #define _ALL_SOURCE 1
| #define _DARWIN_C_SOURCE 1
| #define _GNU_SOURCE 1
| #define _HPUX_ALT_XOPEN_SOCKET_API 1
| #define _NETBSD_SOURCE 1
| #define _OPENBSD_SOURCE 1
| #define _POSIX_PTHREAD_SEMANTICS 1
| #define __STDC_WANT_IEC_60559_ATTRIBS_EXT__ 1
| #define __STDC_WANT_IEC_60559_BFP_EXT__ 1
| #define __STDC_WANT_IEC_60559_DFP_EXT__ 1
| #define __STDC_WANT_IEC_60559_FUNCS_EXT__ 1
| #define __STDC_WANT_IEC_60559_TYPES_EXT__ 1
| #define __STDC_WANT_LIB_EXT2__ 1
| #define __STDC_WANT_MATH_SPEC_FUNCS__ 1
| #define _TANDEM_SOURCE 1
| #define __EXTENSIONS__ 1
| #define HAVE_TCDRAIN 1
| #define HAVE_CANONICALIZE_FILE_NAME 1
| #define HAVE_FACCESSAT 1
| #define HAVE_REALPATH 1
| #define HAVE_LSTAT 1
| #define HAVE_READLINKAT 1
| #define HAVE_FCHDIR 1
| #define HAVE_FCNTL 1
| #define HAVE_SYMLINK 1
| #define HAVE_FFSL 1
| #define HAVE_SNPRINTF 1
| #define HAVE_FSYNC 1
| #define HAVE_GETRUSAGE 1
| #define HAVE_GETTIMEOFDAY 1
| #define HAVE_ISWCNTRL 1
| #define HAVE_ISWBLANK 1
| #define HAVE_MBSINIT 1
| #define HAVE_MBRTOWC 1
| #define HAVE_ISASCII 1
| #define HAVE_MPROTECT 1
| #define HAVE_OBSTACK_PRINTF 1
| #define HAVE_STRERROR_R 1
| #define HAVE___XPG_STRERROR_R 1
| #define HAVE_PIPE 1
| #define HAVE_PIPE2 1
| #define HAVE_POSIX_SPAWN_FILE_ACTIONS_ADDCHDIR_NP 1
| #define HAVE_READLINK 1
| #define HAVE_SETENV 1
| #define HAVE_LINK 1
| #define HAVE_SIGACTION 1
| #define HAVE_SIGALTSTACK 1
| #define HAVE_SIGINTERRUPT 1
| #define HAVE_STPNCPY 1
| #define HAVE_STRNDUP 1
| #define HAVE_WCWIDTH 1
| #define HAVE_FDOPENDIR 1
| #define HAVE_MEMPCPY 1
| #define HAVE_FSTATAT 1
| #define HAVE_GETDELIM 1
| #define HAVE_GETDTABLESIZE 1
| #define HAVE_OPENAT 1
| #define HAVE_CATGETS 1
| #define HAVE_SETLOCALE 1
| #define YYTEXT_POINTER 1
| #define M4 "m4"
| #define M4_GNU_OPTION "--gnu"
| #define HAVE_ALLOCA_H 1
| #define HAVE_ALLOCA 1
| #define HAVE_MALLOC_POSIX 1
| #define LSTAT_FOLLOWS_SLASHED_SYMLINK 1
| #define FUNC_REALPATH_WORKS 1
| #define HAVE_GETCWD 1
| #define restrict __restrict__
| #define HAVE_ENVIRON_DECL 1
| #define HAVE_DECL_STRERROR_R 1
| #define HAVE_STRERROR_R 1
| #define STRERROR_R_CHAR_P 1
| #define HAVE_SIG_ATOMIC_T 1
| #define HAVE_WORKING_O_NOATIME 1
| #define HAVE_WORKING_O_NOFOLLOW 1
| #define HAVE_STDINT_H_WITH_UINTMAX 1
| #define HAVE_INTTYPES_H_WITH_UINTMAX 1
| #define CHECK_PRINTF_SAFE 1
| #define HAVE_WCHAR_T 1
| #define HAVE_WINT_T 1
| #define HAVE_INTMAX_T 1
| #define DBL_EXPBIT0_WORD 1
| #define DBL_EXPBIT0_BIT 20
| #define HAVE_SNPRINTF 1
| #define HAVE_STRNLEN 1
| #define HAVE_WCSLEN 1
| #define HAVE_WCSNLEN 1
| #define HAVE_MBRTOWC 1
| #define HAVE_WCRTOMB 1
| #define HAVE_DECL__SNPRINTF 0
| #define HAVE_SNPRINTF_RETVAL_C99 1
| #define HAVE_SNPRINTF_TRUNCATION_C99 1
| #define HAVE_DECL_ALARM 1
| #define HAVE_DECL_GETCWD 1
| #define D_INO_IN_DIRENT 1
| /* end confdefs.h.  */
| #include <time.h>
| int
| main (void)
| {
| hrtime_t x = 0; return x/x;
|   ;
|   return 0;
| }
configure:20673: result: no
configure:20782: checking for getopt.h
configure:20782: result: yes
configure:20798: checking for getopt_long_only
configure:20798: gcc  -o conftest -isystem/home/ubuntu/yocto/rpi-build/tmp/work/x86_64-linux/bison-native/3.8.2-r0/recipe-sysroot-native/usr/include -O2 -pipe -isystem/home/ubuntu/yocto/rpi-build/tmp/work/x86_64-linux/bison-native/3.8.2-r0/recipe-sysroot-native/usr/include -L/home/ubuntu/yocto/rpi-build/tmp/work/x86_64-linux/bison-native/3.8.2-r0/recipe-sysroot-native/usr/lib                         -L/home/ubuntu/yocto/rpi-build/tmp/work/x86_64-linux/bison-native/3.8.2-r0/recipe-sysroot-native/lib                         -Wl,--enable-new-dtags                         -Wl,-rpath-link,/home/ubuntu/yocto/rpi-build/tmp/work/x86_64-linux/bison-native/3.8.2-r0/recipe-sysroot-native/usr/lib                         -Wl,-rpath-link,/home/ubuntu/yocto/rpi-build/tmp/work/x86_64-linux/bison-native/3.8.2-r0/recipe-sysroot-native/lib                         -Wl,-rpath,/home/ubuntu/yocto/rpi-build/tmp/work/x86_64-linux/bison-native/3.8.2-r0/recipe-sysroot-native/usr/lib                         -Wl,-rpath,/home/ubuntu/yocto/rpi-build/tmp/work/x86_64-linux/bison-native/3.8.2-r0/recipe-sysroot-native/lib                         -Wl,-O1 -Wl,--allow-shlib-undefined -Wl,--dynamic-linker=/home/ubuntu/yocto/rpi-build/tmp/sysroots-uninative/x86_64-linux/lib/ld-linux-x86-64.so.2 conftest.c  >&5
configure:20798: $? = 0
configure:20798: result: yes
configure:20811: checking whether getopt is POSIX compatible
configure:20855: gcc  -o conftest -isystem/home/ubuntu/yocto/rpi-build/tmp/work/x86_64-linux/bison-native/3.8.2-r0/recipe-sysroot-native/usr/include -O2 -pipe -isystem/home/ubuntu/yocto/rpi-build/tmp/work/x86_64-linux/bison-native/3.8.2-r0/recipe-sysroot-native/usr/include -L/home/ubuntu/yocto/rpi-build/tmp/work/x86_64-linux/bison-native/3.8.2-r0/recipe-sysroot-native/usr/lib                         -L/home/ubuntu/yocto/rpi-build/tmp/work/x86_64-linux/bison-native/3.8.2-r0/recipe-sysroot-native/lib                         -Wl,--enable-new-dtags                         -Wl,-rpath-link,/home/ubuntu/yocto/rpi-build/tmp/work/x86_64-linux/bison-native/3.8.2-r0/recipe-sysroot-native/usr/lib                         -Wl,-rpath-link,/home/ubuntu/yocto/rpi-build/tmp/work/x86_64-linux/bison-native/3.8.2-r0/recipe-sysroot-native/lib                         -Wl,-rpath,/home/ubuntu/yocto/rpi-build/tmp/work/x86_64-linux/bison-native/3.8.2-r0/recipe-sysroot-native/usr/lib                         -Wl,-rpath,/home/ubuntu/yocto/rpi-build/tmp/work/x86_64-linux/bison-native/3.8.2-r0/recipe-sysroot-native/lib                         -Wl,-O1 -Wl,--allow-shlib-undefined -Wl,--dynamic-linker=/home/ubuntu/yocto/rpi-build/tmp/sysroots-uninative/x86_64-linux/lib/ld-linux-x86-64.so.2 conftest.c  >&5
configure:20855: $? = 0
configure:20855: ./conftest
configure:20855: $? = 0
configure:20916: gcc  -o conftest -isystem/home/ubuntu/yocto/rpi-build/tmp/work/x86_64-linux/bison-native/3.8.2-r0/recipe-sysroot-native/usr/include -O2 -pipe -isystem/home/ubuntu/yocto/rpi-build/tmp/work/x86_64-linux/bison-native/3.8.2-r0/recipe-sysroot-native/usr/include -L/home/ubuntu/yocto/rpi-build/tmp/work/x86_64-linux/bison-native/3.8.2-r0/recipe-sysroot-native/usr/lib                         -L/home/ubuntu/yocto/rpi-build/tmp/work/x86_64-linux/bison-native/3.8.2-r0/recipe-sysroot-native/lib                         -Wl,--enable-new-dtags                         -Wl,-rpath-link,/home/ubuntu/yocto/rpi-build/tmp/work/x86_64-linux/bison-native/3.8.2-r0/recipe-sysroot-native/usr/lib                         -Wl,-rpath-link,/home/ubuntu/yocto/rpi-build/tmp/work/x86_64-linux/bison-native/3.8.2-r0/recipe-sysroot-native/lib                         -Wl,-rpath,/home/ubuntu/yocto/rpi-build/tmp/work/x86_64-linux/bison-native/3.8.2-r0/recipe-sysroot-native/usr/lib                         -Wl,-rpath,/home/ubuntu/yocto/rpi-build/tmp/work/x86_64-linux/bison-native/3.8.2-r0/recipe-sysroot-native/lib                         -Wl,-O1 -Wl,--allow-shlib-undefined -Wl,--dynamic-linker=/home/ubuntu/yocto/rpi-build/tmp/sysroots-uninative/x86_64-linux/lib/ld-linux-x86-64.so.2 conftest.c  >&5
configure:20916: $? = 0
configure:20916: ./conftest
configure:20916: $? = 0
configure:20960: gcc  -o conftest -isystem/home/ubuntu/yocto/rpi-build/tmp/work/x86_64-linux/bison-native/3.8.2-r0/recipe-sysroot-native/usr/include -O2 -pipe -isystem/home/ubuntu/yocto/rpi-build/tmp/work/x86_64-linux/bison-native/3.8.2-r0/recipe-sysroot-native/usr/include -L/home/ubuntu/yocto/rpi-build/tmp/work/x86_64-linux/bison-native/3.8.2-r0/recipe-sysroot-native/usr/lib                         -L/home/ubuntu/yocto/rpi-build/tmp/work/x86_64-linux/bison-native/3.8.2-r0/recipe-sysroot-native/lib                         -Wl,--enable-new-dtags                         -Wl,-rpath-link,/home/ubuntu/yocto/rpi-build/tmp/work/x86_64-linux/bison-native/3.8.2-r0/recipe-sysroot-native/usr/lib                         -Wl,-rpath-link,/home/ubuntu/yocto/rpi-build/tmp/work/x86_64-linux/bison-native/3.8.2-r0/recipe-sysroot-native/lib                         -Wl,-rpath,/home/ubuntu/yocto/rpi-build/tmp/work/x86_64-linux/bison-native/3.8.2-r0/recipe-sysroot-native/usr/lib                         -Wl,-rpath,/home/ubuntu/yocto/rpi-build/tmp/work/x86_64-linux/bison-native/3.8.2-r0/recipe-sysroot-native/lib                         -Wl,-O1 -Wl,--allow-shlib-undefined -Wl,--dynamic-linker=/home/ubuntu/yocto/rpi-build/tmp/sysroots-uninative/x86_64-linux/lib/ld-linux-x86-64.so.2 conftest.c  >&5
configure:20960: $? = 0
configure:20960: ./conftest
program: option requires an argument -- 'b'
configure:20960: $? = 0
configure:20979: result: yes
configure:20987: checking for working GNU getopt function
configure:21211: gcc  -o conftest -isystem/home/ubuntu/yocto/rpi-build/tmp/work/x86_64-linux/bison-native/3.8.2-r0/recipe-sysroot-native/usr/include -O2 -pipe -isystem/home/ubuntu/yocto/rpi-build/tmp/work/x86_64-linux/bison-native/3.8.2-r0/recipe-sysroot-native/usr/include -L/home/ubuntu/yocto/rpi-build/tmp/work/x86_64-linux/bison-native/3.8.2-r0/recipe-sysroot-native/usr/lib                         -L/home/ubuntu/yocto/rpi-build/tmp/work/x86_64-linux/bison-native/3.8.2-r0/recipe-sysroot-native/lib                         -Wl,--enable-new-dtags                         -Wl,-rpath-link,/home/ubuntu/yocto/rpi-build/tmp/work/x86_64-linux/bison-native/3.8.2-r0/recipe-sysroot-native/usr/lib                         -Wl,-rpath-link,/home/ubuntu/yocto/rpi-build/tmp/work/x86_64-linux/bison-native/3.8.2-r0/recipe-sysroot-native/lib                         -Wl,-rpath,/home/ubuntu/yocto/rpi-build/tmp/work/x86_64-linux/bison-native/3.8.2-r0/recipe-sysroot-native/usr/lib                         -Wl,-rpath,/home/ubuntu/yocto/rpi-build/tmp/work/x86_64-linux/bison-native/3.8.2-r0/recipe-sysroot-native/lib                         -Wl,-O1 -Wl,--allow-shlib-undefined -Wl,--dynamic-linker=/home/ubuntu/yocto/rpi-build/tmp/sysroots-uninative/x86_64-linux/lib/ld-linux-x86-64.so.2 conftest.c  >&5
configure:21211: $? = 0
configure:21211: ./conftest
configure:21211: $? = 0
configure:21228: result: yes
configure:21233: checking for working GNU getopt_long function
configure:21280: gcc  -o conftest -isystem/home/ubuntu/yocto/rpi-build/tmp/work/x86_64-linux/bison-native/3.8.2-r0/recipe-sysroot-native/usr/include -O2 -pipe -isystem/home/ubuntu/yocto/rpi-build/tmp/work/x86_64-linux/bison-native/3.8.2-r0/recipe-sysroot-native/usr/include -L/home/ubuntu/yocto/rpi-build/tmp/work/x86_64-linux/bison-native/3.8.2-r0/recipe-sysroot-native/usr/lib                         -L/home/ubuntu/yocto/rpi-build/tmp/work/x86_64-linux/bison-native/3.8.2-r0/recipe-sysroot-native/lib                         -Wl,--enable-new-dtags                         -Wl,-rpath-link,/home/ubuntu/yocto/rpi-build/tmp/work/x86_64-linux/bison-native/3.8.2-r0/recipe-sysroot-native/usr/lib                         -Wl,-rpath-link,/home/ubuntu/yocto/rpi-build/tmp/work/x86_64-linux/bison-native/3.8.2-r0/recipe-sysroot-native/lib                         -Wl,-rpath,/home/ubuntu/yocto/rpi-build/tmp/work/x86_64-linux/bison-native/3.8.2-r0/recipe-sysroot-native/usr/lib                         -Wl,-rpath,/home/ubuntu/yocto/rpi-build/tmp/work/x86_64-linux/bison-native/3.8.2-r0/recipe-sysroot-native/lib                         -Wl,-O1 -Wl,--allow-shlib-undefined -Wl,--dynamic-linker=/home/ubuntu/yocto/rpi-build/tmp/sysroots-uninative/x86_64-linux/lib/ld-linux-x86-64.so.2 conftest.c  >&5
configure:21280: $? = 0
configure:21280: ./conftest
configure:21280: $? = 0
configure:21292: result: yes
configure:21434: checking for struct timeval
configure:21458: gcc  -c -isystem/home/ubuntu/yocto/rpi-build/tmp/work/x86_64-linux/bison-native/3.8.2-r0/recipe-sysroot-native/usr/include -O2 -pipe -isystem/home/ubuntu/yocto/rpi-build/tmp/work/x86_64-linux/bison-native/3.8.2-r0/recipe-sysroot-native/usr/include conftest.c >&5
configure:21458: $? = 0
configure:21467: result: yes
configure:21472: checking for wide-enough struct timeval.tv_sec member
configure:21500: gcc  -c -isystem/home/ubuntu/yocto/rpi-build/tmp/work/x86_64-linux/bison-native/3.8.2-r0/recipe-sysroot-native/usr/include -O2 -pipe -isystem/home/ubuntu/yocto/rpi-build/tmp/work/x86_64-linux/bison-native/3.8.2-r0/recipe-sysroot-native/usr/include conftest.c >&5
configure:21500: $? = 0
configure:21509: result: yes
configure:22065: checking for iconv
configure:22090: gcc  -o conftest -isystem/home/ubuntu/yocto/rpi-build/tmp/work/x86_64-linux/bison-native/3.8.2-r0/recipe-sysroot-native/usr/include -O2 -pipe -isystem/home/ubuntu/yocto/rpi-build/tmp/work/x86_64-linux/bison-native/3.8.2-r0/recipe-sysroot-native/usr/include -L/home/ubuntu/yocto/rpi-build/tmp/work/x86_64-linux/bison-native/3.8.2-r0/recipe-sysroot-native/usr/lib                         -L/home/ubuntu/yocto/rpi-build/tmp/work/x86_64-linux/bison-native/3.8.2-r0/recipe-sysroot-native/lib                         -Wl,--enable-new-dtags                         -Wl,-rpath-link,/home/ubuntu/yocto/rpi-build/tmp/work/x86_64-linux/bison-native/3.8.2-r0/recipe-sysroot-native/usr/lib                         -Wl,-rpath-link,/home/ubuntu/yocto/rpi-build/tmp/work/x86_64-linux/bison-native/3.8.2-r0/recipe-sysroot-native/lib                         -Wl,-rpath,/home/ubuntu/yocto/rpi-build/tmp/work/x86_64-linux/bison-native/3.8.2-r0/recipe-sysroot-native/usr/lib                         -Wl,-rpath,/home/ubuntu/yocto/rpi-build/tmp/work/x86_64-linux/bison-native/3.8.2-r0/recipe-sysroot-native/lib                         -Wl,-O1 -Wl,--allow-shlib-undefined -Wl,--dynamic-linker=/home/ubuntu/yocto/rpi-build/tmp/sysroots-uninative/x86_64-linux/lib/ld-linux-x86-64.so.2 conftest.c  >&5
configure:22090: $? = 0
configure:22126: result: yes
configure:22129: checking for working iconv
configure:22285: result: yes
configure:22313: checking for iconv declaration
configure:22343: gcc  -c -isystem/home/ubuntu/yocto/rpi-build/tmp/work/x86_64-linux/bison-native/3.8.2-r0/recipe-sysroot-native/usr/include -O2 -pipe -isystem/home/ubuntu/yocto/rpi-build/tmp/work/x86_64-linux/bison-native/3.8.2-r0/recipe-sysroot-native/usr/include conftest.c >&5
configure:22343: $? = 0
configure:22354: result:
         extern size_t iconv (iconv_t cd, char * *inbuf, size_t *inbytesleft, char * *outbuf, size_t *outbytesleft);
configure:22548: checking whether limits.h has WORD_BIT, BOOL_WIDTH etc.
configure:22573: gcc  -c -isystem/home/ubuntu/yocto/rpi-build/tmp/work/x86_64-linux/bison-native/3.8.2-r0/recipe-sysroot-native/usr/include -O2 -pipe -isystem/home/ubuntu/yocto/rpi-build/tmp/work/x86_64-linux/bison-native/3.8.2-r0/recipe-sysroot-native/usr/include conftest.c >&5
configure:22573: $? = 0
configure:22581: result: yes
configure:22721: checking whether stdint.h conforms to C99
configure:22898: gcc  -c -isystem/home/ubuntu/yocto/rpi-build/tmp/work/x86_64-linux/bison-native/3.8.2-r0/recipe-sysroot-native/usr/include -O2 -pipe -isystem/home/ubuntu/yocto/rpi-build/tmp/work/x86_64-linux/bison-native/3.8.2-r0/recipe-sysroot-native/usr/include conftest.c >&5
configure:22898: $? = 0
configure:22983: gcc  -o conftest -isystem/home/ubuntu/yocto/rpi-build/tmp/work/x86_64-linux/bison-native/3.8.2-r0/recipe-sysroot-native/usr/include -O2 -pipe -isystem/home/ubuntu/yocto/rpi-build/tmp/work/x86_64-linux/bison-native/3.8.2-r0/recipe-sysroot-native/usr/include -L/home/ubuntu/yocto/rpi-build/tmp/work/x86_64-linux/bison-native/3.8.2-r0/recipe-sysroot-native/usr/lib                         -L/home/ubuntu/yocto/rpi-build/tmp/work/x86_64-linux/bison-native/3.8.2-r0/recipe-sysroot-native/lib                         -Wl,--enable-new-dtags                         -Wl,-rpath-link,/home/ubuntu/yocto/rpi-build/tmp/work/x86_64-linux/bison-native/3.8.2-r0/recipe-sysroot-native/usr/lib                         -Wl,-rpath-link,/home/ubuntu/yocto/rpi-build/tmp/work/x86_64-linux/bison-native/3.8.2-r0/recipe-sysroot-native/lib                         -Wl,-rpath,/home/ubuntu/yocto/rpi-build/tmp/work/x86_64-linux/bison-native/3.8.2-r0/recipe-sysroot-native/usr/lib                         -Wl,-rpath,/home/ubuntu/yocto/rpi-build/tmp/work/x86_64-linux/bison-native/3.8.2-r0/recipe-sysroot-native/lib                         -Wl,-O1 -Wl,--allow-shlib-undefined -Wl,--dynamic-linker=/home/ubuntu/yocto/rpi-build/tmp/sysroots-uninative/x86_64-linux/lib/ld-linux-x86-64.so.2 conftest.c  >&5
configure:22983: $? = 0
configure:22983: ./conftest
configure:22983: $? = 0
configure:22996: result: yes
configure:23007: checking whether stdint.h works without ISO C predefines
configure:23040: gcc  -c -isystem/home/ubuntu/yocto/rpi-build/tmp/work/x86_64-linux/bison-native/3.8.2-r0/recipe-sysroot-native/usr/include -O2 -pipe -isystem/home/ubuntu/yocto/rpi-build/tmp/work/x86_64-linux/bison-native/3.8.2-r0/recipe-sysroot-native/usr/include conftest.c >&5
configure:23040: $? = 0
configure:23047: result: yes
configure:23058: checking whether stdint.h has UINTMAX_WIDTH etc.
configure:23091: gcc  -c -isystem/home/ubuntu/yocto/rpi-build/tmp/work/x86_64-linux/bison-native/3.8.2-r0/recipe-sysroot-native/usr/include -O2 -pipe -isystem/home/ubuntu/yocto/rpi-build/tmp/work/x86_64-linux/bison-native/3.8.2-r0/recipe-sysroot-native/usr/include conftest.c >&5
configure:23091: $? = 0
configure:23097: result: yes
configure:23587: gcc  -c -isystem/home/ubuntu/yocto/rpi-build/tmp/work/x86_64-linux/bison-native/3.8.2-r0/recipe-sysroot-native/usr/include -O2 -pipe -isystem/home/ubuntu/yocto/rpi-build/tmp/work/x86_64-linux/bison-native/3.8.2-r0/recipe-sysroot-native/usr/include conftest.c >&5
conftest.c:148:23: error: conflicting types for 'foo'; have 'int'
  148 |            extern int foo;
      |                       ^~~
conftest.c:147:28: note: previous declaration of 'foo' with type 'intptr_t' {aka 'long int'}
  147 |            extern intptr_t foo;
      |                            ^~~
configure:23587: $? = 1
configure: failed program was:
| /* confdefs.h */
| #define PACKAGE_NAME "GNU Bison"
| #define PACKAGE_TARNAME "bison"
| #define PACKAGE_VERSION "3.8.2"
| #define PACKAGE_STRING "GNU Bison 3.8.2"
| #define PACKAGE_BUGREPORT "bug-bison@gnu.org"
| #define PACKAGE_URL "https://www.gnu.org/software/bison/"
| #define PACKAGE_COPYRIGHT_YEAR 2021
| #define PACKAGE "bison"
| #define VERSION "3.8.2"
| #define HAVE_STDIO_H 1
| #define HAVE_STDLIB_H 1
| #define HAVE_STRING_H 1
| #define HAVE_INTTYPES_H 1
| #define HAVE_STDINT_H 1
| #define HAVE_STRINGS_H 1
| #define HAVE_SYS_STAT_H 1
| #define HAVE_SYS_TYPES_H 1
| #define HAVE_UNISTD_H 1
| #define HAVE_WCHAR_H 1
| #define HAVE_LOCALE_H 1
| #define HAVE_SYS_PARAM_H 1
| #define HAVE_SYS_SOCKET_H 1
| #define HAVE_STDIO_EXT_H 1
| #define HAVE_FEATURES_H 1
| #define HAVE_GETOPT_H 1
| #define HAVE_SYS_CDEFS_H 1
| #define HAVE_SYS_TIME_H 1
| #define HAVE_ICONV_H 1
| #define HAVE_LIMITS_H 1
| #define HAVE_WCTYPE_H 1
| #define HAVE_THREADS_H 1
| #define HAVE_MATH_H 1
| #define HAVE_SYS_MMAN_H 1
| #define HAVE_SPAWN_H 1
| #define HAVE_SYS_IOCTL_H 1
| #define HAVE_SYS_RESOURCE_H 1
| #define HAVE_SYS_TIMES_H 1
| #define HAVE_SYS_WAIT_H 1
| #define HAVE_TERMIOS_H 1
| #define HAVE_DIRENT_H 1
| #define STDC_HEADERS 1
| #define _ALL_SOURCE 1
| #define _DARWIN_C_SOURCE 1
| #define _GNU_SOURCE 1
| #define _HPUX_ALT_XOPEN_SOCKET_API 1
| #define _NETBSD_SOURCE 1
| #define _OPENBSD_SOURCE 1
| #define _POSIX_PTHREAD_SEMANTICS 1
| #define __STDC_WANT_IEC_60559_ATTRIBS_EXT__ 1
| #define __STDC_WANT_IEC_60559_BFP_EXT__ 1
| #define __STDC_WANT_IEC_60559_DFP_EXT__ 1
| #define __STDC_WANT_IEC_60559_FUNCS_EXT__ 1
| #define __STDC_WANT_IEC_60559_TYPES_EXT__ 1
| #define __STDC_WANT_LIB_EXT2__ 1
| #define __STDC_WANT_MATH_SPEC_FUNCS__ 1
| #define _TANDEM_SOURCE 1
| #define __EXTENSIONS__ 1
| #define HAVE_TCDRAIN 1
| #define HAVE_CANONICALIZE_FILE_NAME 1
| #define HAVE_FACCESSAT 1
| #define HAVE_REALPATH 1
| #define HAVE_LSTAT 1
| #define HAVE_READLINKAT 1
| #define HAVE_FCHDIR 1
| #define HAVE_FCNTL 1
| #define HAVE_SYMLINK 1
| #define HAVE_FFSL 1
| #define HAVE_SNPRINTF 1
| #define HAVE_FSYNC 1
| #define HAVE_GETRUSAGE 1
| #define HAVE_GETTIMEOFDAY 1
| #define HAVE_ISWCNTRL 1
| #define HAVE_ISWBLANK 1
| #define HAVE_MBSINIT 1
| #define HAVE_MBRTOWC 1
| #define HAVE_ISASCII 1
| #define HAVE_MPROTECT 1
| #define HAVE_OBSTACK_PRINTF 1
| #define HAVE_STRERROR_R 1
| #define HAVE___XPG_STRERROR_R 1
| #define HAVE_PIPE 1
| #define HAVE_PIPE2 1
| #define HAVE_POSIX_SPAWN_FILE_ACTIONS_ADDCHDIR_NP 1
| #define HAVE_READLINK 1
| #define HAVE_SETENV 1
| #define HAVE_LINK 1
| #define HAVE_SIGACTION 1
| #define HAVE_SIGALTSTACK 1
| #define HAVE_SIGINTERRUPT 1
| #define HAVE_STPNCPY 1
| #define HAVE_STRNDUP 1
| #define HAVE_WCWIDTH 1
| #define HAVE_FDOPENDIR 1
| #define HAVE_MEMPCPY 1
| #define HAVE_FSTATAT 1
| #define HAVE_GETDELIM 1
| #define HAVE_GETDTABLESIZE 1
| #define HAVE_OPENAT 1
| #define HAVE_CATGETS 1
| #define HAVE_SETLOCALE 1
| #define YYTEXT_POINTER 1
| #define M4 "m4"
| #define M4_GNU_OPTION "--gnu"
| #define HAVE_ALLOCA_H 1
| #define HAVE_ALLOCA 1
| #define HAVE_MALLOC_POSIX 1
| #define LSTAT_FOLLOWS_SLASHED_SYMLINK 1
| #define FUNC_REALPATH_WORKS 1
| #define HAVE_GETCWD 1
| #define restrict __restrict__
| #define HAVE_ENVIRON_DECL 1
| #define HAVE_DECL_STRERROR_R 1
| #define HAVE_STRERROR_R 1
| #define STRERROR_R_CHAR_P 1
| #define HAVE_SIG_ATOMIC_T 1
| #define HAVE_WORKING_O_NOATIME 1
| #define HAVE_WORKING_O_NOFOLLOW 1
| #define HAVE_STDINT_H_WITH_UINTMAX 1
| #define HAVE_INTTYPES_H_WITH_UINTMAX 1
| #define CHECK_PRINTF_SAFE 1
| #define HAVE_WCHAR_T 1
| #define HAVE_WINT_T 1
| #define HAVE_INTMAX_T 1
| #define DBL_EXPBIT0_WORD 1
| #define DBL_EXPBIT0_BIT 20
| #define HAVE_SNPRINTF 1
| #define HAVE_STRNLEN 1
| #define HAVE_WCSLEN 1
| #define HAVE_WCSNLEN 1
| #define HAVE_MBRTOWC 1
| #define HAVE_WCRTOMB 1
| #define HAVE_DECL__SNPRINTF 0
| #define HAVE_SNPRINTF_RETVAL_C99 1
| #define HAVE_SNPRINTF_TRUNCATION_C99 1
| #define HAVE_DECL_ALARM 1
| #define HAVE_DECL_GETCWD 1
| #define D_INO_IN_DIRENT 1
| #define HAVE_GETOPT_H 1
| #define HAVE_GETOPT_LONG_ONLY 1
| #define HAVE_ICONV 1
| #define ICONV_CONST 
| #define HAVE_LONG_LONG_INT 1
| #define HAVE_UNSIGNED_LONG_LONG_INT 1
| /* end confdefs.h.  */
| #include <stdint.h>
|            extern intptr_t foo;
|            extern int foo;
| int
| main (void)
| {
| 
|   ;
|   return 0;
| }
configure:23587: gcc  -c -isystem/home/ubuntu/yocto/rpi-build/tmp/work/x86_64-linux/bison-native/3.8.2-r0/recipe-sysroot-native/usr/include -O2 -pipe -isystem/home/ubuntu/yocto/rpi-build/tmp/work/x86_64-linux/bison-native/3.8.2-r0/recipe-sysroot-native/usr/include conftest.c >&5
configure:23587: $? = 0
configure:23598: checking whether INT32_MAX < INTMAX_MAX
configure:23631: gcc  -c -isystem/home/ubuntu/yocto/rpi-build/tmp/work/x86_64-linux/bison-native/3.8.2-r0/recipe-sysroot-native/usr/include -O2 -pipe -isystem/home/ubuntu/yocto/rpi-build/tmp/work/x86_64-linux/bison-native/3.8.2-r0/recipe-sysroot-native/usr/include conftest.c >&5
configure:23631: $? = 0
configure:23639: result: yes
configure:23650: checking whether INT64_MAX == LONG_MAX
configure:23683: gcc  -c -isystem/home/ubuntu/yocto/rpi-build/tmp/work/x86_64-linux/bison-native/3.8.2-r0/recipe-sysroot-native/usr/include -O2 -pipe -isystem/home/ubuntu/yocto/rpi-build/tmp/work/x86_64-linux/bison-native/3.8.2-r0/recipe-sysroot-native/usr/include conftest.c >&5
configure:23683: $? = 0
configure:23691: result: yes
configure:23704: checking whether UINT32_MAX < UINTMAX_MAX
configure:23737: gcc  -c -isystem/home/ubuntu/yocto/rpi-build/tmp/work/x86_64-linux/bison-native/3.8.2-r0/recipe-sysroot-native/usr/include -O2 -pipe -isystem/home/ubuntu/yocto/rpi-build/tmp/work/x86_64-linux/bison-native/3.8.2-r0/recipe-sysroot-native/usr/include conftest.c >&5
configure:23737: $? = 0
configure:23745: result: yes
configure:23756: checking whether UINT64_MAX == ULONG_MAX
configure:23789: gcc  -c -isystem/home/ubuntu/yocto/rpi-build/tmp/work/x86_64-linux/bison-native/3.8.2-r0/recipe-sysroot-native/usr/include -O2 -pipe -isystem/home/ubuntu/yocto/rpi-build/tmp/work/x86_64-linux/bison-native/3.8.2-r0/recipe-sysroot-native/usr/include conftest.c >&5
configure:23789: $? = 0
configure:23797: result: yes
configure:23830: checking where to find the exponent in a 'float'
configure:23909: gcc  -o conftest -isystem/home/ubuntu/yocto/rpi-build/tmp/work/x86_64-linux/bison-native/3.8.2-r0/recipe-sysroot-native/usr/include -O2 -pipe -isystem/home/ubuntu/yocto/rpi-build/tmp/work/x86_64-linux/bison-native/3.8.2-r0/recipe-sysroot-native/usr/include -L/home/ubuntu/yocto/rpi-build/tmp/work/x86_64-linux/bison-native/3.8.2-r0/recipe-sysroot-native/usr/lib                         -L/home/ubuntu/yocto/rpi-build/tmp/work/x86_64-linux/bison-native/3.8.2-r0/recipe-sysroot-native/lib                         -Wl,--enable-new-dtags                         -Wl,-rpath-link,/home/ubuntu/yocto/rpi-build/tmp/work/x86_64-linux/bison-native/3.8.2-r0/recipe-sysroot-native/usr/lib                         -Wl,-rpath-link,/home/ubuntu/yocto/rpi-build/tmp/work/x86_64-linux/bison-native/3.8.2-r0/recipe-sysroot-native/lib                         -Wl,-rpath,/home/ubuntu/yocto/rpi-build/tmp/work/x86_64-linux/bison-native/3.8.2-r0/recipe-sysroot-native/usr/lib                         -Wl,-rpath,/home/ubuntu/yocto/rpi-build/tmp/work/x86_64-linux/bison-native/3.8.2-r0/recipe-sysroot-native/lib                         -Wl,-O1 -Wl,--allow-shlib-undefined -Wl,--dynamic-linker=/home/ubuntu/yocto/rpi-build/tmp/sysroots-uninative/x86_64-linux/lib/ld-linux-x86-64.so.2 conftest.c  >&5
configure:23909: $? = 0
configure:23909: ./conftest
configure:23909: $? = 0
configure:23922: result: word 0 bit 23
configure:23941: checking whether isnan(float) can be used without linking with libm
configure:23967: gcc  -o conftest -isystem/home/ubuntu/yocto/rpi-build/tmp/work/x86_64-linux/bison-native/3.8.2-r0/recipe-sysroot-native/usr/include -O2 -pipe -isystem/home/ubuntu/yocto/rpi-build/tmp/work/x86_64-linux/bison-native/3.8.2-r0/recipe-sysroot-native/usr/include -L/home/ubuntu/yocto/rpi-build/tmp/work/x86_64-linux/bison-native/3.8.2-r0/recipe-sysroot-native/usr/lib                         -L/home/ubuntu/yocto/rpi-build/tmp/work/x86_64-linux/bison-native/3.8.2-r0/recipe-sysroot-native/lib                         -Wl,--enable-new-dtags                         -Wl,-rpath-link,/home/ubuntu/yocto/rpi-build/tmp/work/x86_64-linux/bison-native/3.8.2-r0/recipe-sysroot-native/usr/lib                         -Wl,-rpath-link,/home/ubuntu/yocto/rpi-build/tmp/work/x86_64-linux/bison-native/3.8.2-r0/recipe-sysroot-native/lib                         -Wl,-rpath,/home/ubuntu/yocto/rpi-build/tmp/work/x86_64-linux/bison-native/3.8.2-r0/recipe-sysroot-native/usr/lib                         -Wl,-rpath,/home/ubuntu/yocto/rpi-build/tmp/work/x86_64-linux/bison-native/3.8.2-r0/recipe-sysroot-native/lib                         -Wl,-O1 -Wl,--allow-shlib-undefined -Wl,--dynamic-linker=/home/ubuntu/yocto/rpi-build/tmp/sysroots-uninative/x86_64-linux/lib/ld-linux-x86-64.so.2 conftest.c  >&5
configure:23967: $? = 0
configure:23977: result: yes
configure:24035: checking whether isnan(float) works
configure:24124: gcc  -o conftest -isystem/home/ubuntu/yocto/rpi-build/tmp/work/x86_64-linux/bison-native/3.8.2-r0/recipe-sysroot-native/usr/include -O2 -pipe -isystem/home/ubuntu/yocto/rpi-build/tmp/work/x86_64-linux/bison-native/3.8.2-r0/recipe-sysroot-native/usr/include -L/home/ubuntu/yocto/rpi-build/tmp/work/x86_64-linux/bison-native/3.8.2-r0/recipe-sysroot-native/usr/lib                         -L/home/ubuntu/yocto/rpi-build/tmp/work/x86_64-linux/bison-native/3.8.2-r0/recipe-sysroot-native/lib                         -Wl,--enable-new-dtags                         -Wl,-rpath-link,/home/ubuntu/yocto/rpi-build/tmp/work/x86_64-linux/bison-native/3.8.2-r0/recipe-sysroot-native/usr/lib                         -Wl,-rpath-link,/home/ubuntu/yocto/rpi-build/tmp/work/x86_64-linux/bison-native/3.8.2-r0/recipe-sysroot-native/lib                         -Wl,-rpath,/home/ubuntu/yocto/rpi-build/tmp/work/x86_64-linux/bison-native/3.8.2-r0/recipe-sysroot-native/usr/lib                         -Wl,-rpath,/home/ubuntu/yocto/rpi-build/tmp/work/x86_64-linux/bison-native/3.8.2-r0/recipe-sysroot-native/lib                         -Wl,-O1 -Wl,--allow-shlib-undefined -Wl,--dynamic-linker=/home/ubuntu/yocto/rpi-build/tmp/sysroots-uninative/x86_64-linux/lib/ld-linux-x86-64.so.2 conftest.c   >&5
configure:24124: $? = 0
configure:24124: ./conftest
configure:24124: $? = 0
configure:24136: result: yes
configure:24156: checking whether isnan(double) can be used without linking with libm
configure:24182: gcc  -o conftest -isystem/home/ubuntu/yocto/rpi-build/tmp/work/x86_64-linux/bison-native/3.8.2-r0/recipe-sysroot-native/usr/include -O2 -pipe -isystem/home/ubuntu/yocto/rpi-build/tmp/work/x86_64-linux/bison-native/3.8.2-r0/recipe-sysroot-native/usr/include -L/home/ubuntu/yocto/rpi-build/tmp/work/x86_64-linux/bison-native/3.8.2-r0/recipe-sysroot-native/usr/lib                         -L/home/ubuntu/yocto/rpi-build/tmp/work/x86_64-linux/bison-native/3.8.2-r0/recipe-sysroot-native/lib                         -Wl,--enable-new-dtags                         -Wl,-rpath-link,/home/ubuntu/yocto/rpi-build/tmp/work/x86_64-linux/bison-native/3.8.2-r0/recipe-sysroot-native/usr/lib                         -Wl,-rpath-link,/home/ubuntu/yocto/rpi-build/tmp/work/x86_64-linux/bison-native/3.8.2-r0/recipe-sysroot-native/lib                         -Wl,-rpath,/home/ubuntu/yocto/rpi-build/tmp/work/x86_64-linux/bison-native/3.8.2-r0/recipe-sysroot-native/usr/lib                         -Wl,-rpath,/home/ubuntu/yocto/rpi-build/tmp/work/x86_64-linux/bison-native/3.8.2-r0/recipe-sysroot-native/lib                         -Wl,-O1 -Wl,--allow-shlib-undefined -Wl,--dynamic-linker=/home/ubuntu/yocto/rpi-build/tmp/sysroots-uninative/x86_64-linux/lib/ld-linux-x86-64.so.2 conftest.c  >&5
configure:24182: $? = 0
configure:24192: result: yes
configure:24256: checking whether isnan(long double) can be used without linking with libm
configure:24282: gcc  -o conftest -isystem/home/ubuntu/yocto/rpi-build/tmp/work/x86_64-linux/bison-native/3.8.2-r0/recipe-sysroot-native/usr/include -O2 -pipe -isystem/home/ubuntu/yocto/rpi-build/tmp/work/x86_64-linux/bison-native/3.8.2-r0/recipe-sysroot-native/usr/include -L/home/ubuntu/yocto/rpi-build/tmp/work/x86_64-linux/bison-native/3.8.2-r0/recipe-sysroot-native/usr/lib                         -L/home/ubuntu/yocto/rpi-build/tmp/work/x86_64-linux/bison-native/3.8.2-r0/recipe-sysroot-native/lib                         -Wl,--enable-new-dtags                         -Wl,-rpath-link,/home/ubuntu/yocto/rpi-build/tmp/work/x86_64-linux/bison-native/3.8.2-r0/recipe-sysroot-native/usr/lib                         -Wl,-rpath-link,/home/ubuntu/yocto/rpi-build/tmp/work/x86_64-linux/bison-native/3.8.2-r0/recipe-sysroot-native/lib                         -Wl,-rpath,/home/ubuntu/yocto/rpi-build/tmp/work/x86_64-linux/bison-native/3.8.2-r0/recipe-sysroot-native/usr/lib                         -Wl,-rpath,/home/ubuntu/yocto/rpi-build/tmp/work/x86_64-linux/bison-native/3.8.2-r0/recipe-sysroot-native/lib                         -Wl,-O1 -Wl,--allow-shlib-undefined -Wl,--dynamic-linker=/home/ubuntu/yocto/rpi-build/tmp/sysroots-uninative/x86_64-linux/lib/ld-linux-x86-64.so.2 conftest.c  >&5
configure:24282: $? = 0
configure:24292: result: yes
configure:24351: checking whether isnanl works
configure:24497: gcc  -o conftest -isystem/home/ubuntu/yocto/rpi-build/tmp/work/x86_64-linux/bison-native/3.8.2-r0/recipe-sysroot-native/usr/include -O2 -pipe -isystem/home/ubuntu/yocto/rpi-build/tmp/work/x86_64-linux/bison-native/3.8.2-r0/recipe-sysroot-native/usr/include -L/home/ubuntu/yocto/rpi-build/tmp/work/x86_64-linux/bison-native/3.8.2-r0/recipe-sysroot-native/usr/lib                         -L/home/ubuntu/yocto/rpi-build/tmp/work/x86_64-linux/bison-native/3.8.2-r0/recipe-sysroot-native/lib                         -Wl,--enable-new-dtags                         -Wl,-rpath-link,/home/ubuntu/yocto/rpi-build/tmp/work/x86_64-linux/bison-native/3.8.2-r0/recipe-sysroot-native/usr/lib                         -Wl,-rpath-link,/home/ubuntu/yocto/rpi-build/tmp/work/x86_64-linux/bison-native/3.8.2-r0/recipe-sysroot-native/lib                         -Wl,-rpath,/home/ubuntu/yocto/rpi-build/tmp/work/x86_64-linux/bison-native/3.8.2-r0/recipe-sysroot-native/usr/lib                         -Wl,-rpath,/home/ubuntu/yocto/rpi-build/tmp/work/x86_64-linux/bison-native/3.8.2-r0/recipe-sysroot-native/lib                         -Wl,-O1 -Wl,--allow-shlib-undefined -Wl,--dynamic-linker=/home/ubuntu/yocto/rpi-build/tmp/sysroots-uninative/x86_64-linux/lib/ld-linux-x86-64.so.2 conftest.c   >&5
configure:24497: $? = 0
configure:24497: ./conftest
configure:24497: $? = 0
configure:24509: result: yes
configure:24648: checking whether iswcntrl works
configure:24688: gcc  -o conftest -isystem/home/ubuntu/yocto/rpi-build/tmp/work/x86_64-linux/bison-native/3.8.2-r0/recipe-sysroot-native/usr/include -O2 -pipe -isystem/home/ubuntu/yocto/rpi-build/tmp/work/x86_64-linux/bison-native/3.8.2-r0/recipe-sysroot-native/usr/include -L/home/ubuntu/yocto/rpi-build/tmp/work/x86_64-linux/bison-native/3.8.2-r0/recipe-sysroot-native/usr/lib                         -L/home/ubuntu/yocto/rpi-build/tmp/work/x86_64-linux/bison-native/3.8.2-r0/recipe-sysroot-native/lib                         -Wl,--enable-new-dtags                         -Wl,-rpath-link,/home/ubuntu/yocto/rpi-build/tmp/work/x86_64-linux/bison-native/3.8.2-r0/recipe-sysroot-native/usr/lib                         -Wl,-rpath-link,/home/ubuntu/yocto/rpi-build/tmp/work/x86_64-linux/bison-native/3.8.2-r0/recipe-sysroot-native/lib                         -Wl,-rpath,/home/ubuntu/yocto/rpi-build/tmp/work/x86_64-linux/bison-native/3.8.2-r0/recipe-sysroot-native/usr/lib                         -Wl,-rpath,/home/ubuntu/yocto/rpi-build/tmp/work/x86_64-linux/bison-native/3.8.2-r0/recipe-sysroot-native/lib                         -Wl,-O1 -Wl,--allow-shlib-undefined -Wl,--dynamic-linker=/home/ubuntu/yocto/rpi-build/tmp/sysroots-uninative/x86_64-linux/lib/ld-linux-x86-64.so.2 conftest.c  >&5
configure:24688: $? = 0
configure:24688: ./conftest
configure:24688: $? = 0
configure:24700: result: yes
configure:24726: checking for towlower
configure:24726: gcc  -o conftest -isystem/home/ubuntu/yocto/rpi-build/tmp/work/x86_64-linux/bison-native/3.8.2-r0/recipe-sysroot-native/usr/include -O2 -pipe -isystem/home/ubuntu/yocto/rpi-build/tmp/work/x86_64-linux/bison-native/3.8.2-r0/recipe-sysroot-native/usr/include -L/home/ubuntu/yocto/rpi-build/tmp/work/x86_64-linux/bison-native/3.8.2-r0/recipe-sysroot-native/usr/lib                         -L/home/ubuntu/yocto/rpi-build/tmp/work/x86_64-linux/bison-native/3.8.2-r0/recipe-sysroot-native/lib                         -Wl,--enable-new-dtags                         -Wl,-rpath-link,/home/ubuntu/yocto/rpi-build/tmp/work/x86_64-linux/bison-native/3.8.2-r0/recipe-sysroot-native/usr/lib                         -Wl,-rpath-link,/home/ubuntu/yocto/rpi-build/tmp/work/x86_64-linux/bison-native/3.8.2-r0/recipe-sysroot-native/lib                         -Wl,-rpath,/home/ubuntu/yocto/rpi-build/tmp/work/x86_64-linux/bison-native/3.8.2-r0/recipe-sysroot-native/usr/lib                         -Wl,-rpath,/home/ubuntu/yocto/rpi-build/tmp/work/x86_64-linux/bison-native/3.8.2-r0/recipe-sysroot-native/lib                         -Wl,-O1 -Wl,--allow-shlib-undefined -Wl,--dynamic-linker=/home/ubuntu/yocto/rpi-build/tmp/sysroots-uninative/x86_64-linux/lib/ld-linux-x86-64.so.2 conftest.c  >&5
conftest.c:164:6: warning: conflicting types for built-in function 'towlower'; expected 'unsigned int(unsigned int)' [-Wbuiltin-declaration-mismatch]
  164 | char towlower (void);
      |      ^~~~~~~~
conftest.c:156:1: note: 'towlower' is declared in header '<wctype.h>'
  155 | #include <limits.h>
  156 | #undef towlower
configure:24726: $? = 0
configure:24726: result: yes
configure:24763: checking for wctype_t
configure:24785: gcc  -c -isystem/home/ubuntu/yocto/rpi-build/tmp/work/x86_64-linux/bison-native/3.8.2-r0/recipe-sysroot-native/usr/include -O2 -pipe -isystem/home/ubuntu/yocto/rpi-build/tmp/work/x86_64-linux/bison-native/3.8.2-r0/recipe-sysroot-native/usr/include conftest.c >&5
configure:24785: $? = 0
configure:24794: result: yes
configure:24800: checking for wctrans_t
configure:24820: gcc  -c -isystem/home/ubuntu/yocto/rpi-build/tmp/work/x86_64-linux/bison-native/3.8.2-r0/recipe-sysroot-native/usr/include -O2 -pipe -isystem/home/ubuntu/yocto/rpi-build/tmp/work/x86_64-linux/bison-native/3.8.2-r0/recipe-sysroot-native/usr/include conftest.c >&5
configure:24820: $? = 0
configure:24829: result: yes
configure:24871: checking for nl_langinfo and CODESET
configure:24888: gcc  -o conftest -isystem/home/ubuntu/yocto/rpi-build/tmp/work/x86_64-linux/bison-native/3.8.2-r0/recipe-sysroot-native/usr/include -O2 -pipe -isystem/home/ubuntu/yocto/rpi-build/tmp/work/x86_64-linux/bison-native/3.8.2-r0/recipe-sysroot-native/usr/include -L/home/ubuntu/yocto/rpi-build/tmp/work/x86_64-linux/bison-native/3.8.2-r0/recipe-sysroot-native/usr/lib                         -L/home/ubuntu/yocto/rpi-build/tmp/work/x86_64-linux/bison-native/3.8.2-r0/recipe-sysroot-native/lib                         -Wl,--enable-new-dtags                         -Wl,-rpath-link,/home/ubuntu/yocto/rpi-build/tmp/work/x86_64-linux/bison-native/3.8.2-r0/recipe-sysroot-native/usr/lib                         -Wl,-rpath-link,/home/ubuntu/yocto/rpi-build/tmp/work/x86_64-linux/bison-native/3.8.2-r0/recipe-sysroot-native/lib                         -Wl,-rpath,/home/ubuntu/yocto/rpi-build/tmp/work/x86_64-linux/bison-native/3.8.2-r0/recipe-sysroot-native/usr/lib                         -Wl,-rpath,/home/ubuntu/yocto/rpi-build/tmp/work/x86_64-linux/bison-native/3.8.2-r0/recipe-sysroot-native/lib                         -Wl,-O1 -Wl,--allow-shlib-undefined -Wl,--dynamic-linker=/home/ubuntu/yocto/rpi-build/tmp/sysroots-uninative/x86_64-linux/lib/ld-linux-x86-64.so.2 conftest.c  >&5
configure:24888: $? = 0
configure:24898: result: yes
configure:24909: checking for a traditional french locale
configure:25044: result: fr_FR
configure:25052: checking for a traditional japanese locale
configure:25132: gcc  -o conftest -isystem/home/ubuntu/yocto/rpi-build/tmp/work/x86_64-linux/bison-native/3.8.2-r0/recipe-sysroot-native/usr/include -O2 -pipe -isystem/home/ubuntu/yocto/rpi-build/tmp/work/x86_64-linux/bison-native/3.8.2-r0/recipe-sysroot-native/usr/include -L/home/ubuntu/yocto/rpi-build/tmp/work/x86_64-linux/bison-native/3.8.2-r0/recipe-sysroot-native/usr/lib                         -L/home/ubuntu/yocto/rpi-build/tmp/work/x86_64-linux/bison-native/3.8.2-r0/recipe-sysroot-native/lib                         -Wl,--enable-new-dtags                         -Wl,-rpath-link,/home/ubuntu/yocto/rpi-build/tmp/work/x86_64-linux/bison-native/3.8.2-r0/recipe-sysroot-native/usr/lib                         -Wl,-rpath-link,/home/ubuntu/yocto/rpi-build/tmp/work/x86_64-linux/bison-native/3.8.2-r0/recipe-sysroot-native/lib                         -Wl,-rpath,/home/ubuntu/yocto/rpi-build/tmp/work/x86_64-linux/bison-native/3.8.2-r0/recipe-sysroot-native/usr/lib                         -Wl,-rpath,/home/ubuntu/yocto/rpi-build/tmp/work/x86_64-linux/bison-native/3.8.2-r0/recipe-sysroot-native/lib                         -Wl,-O1 -Wl,--allow-shlib-undefined -Wl,--dynamic-linker=/home/ubuntu/yocto/rpi-build/tmp/sysroots-uninative/x86_64-linux/lib/ld-linux-x86-64.so.2 conftest.c  >&5
configure:25135: $? = 0
configure:25193: result: none
configure:25200: checking for a french Unicode locale
configure:25273: gcc  -o conftest -isystem/home/ubuntu/yocto/rpi-build/tmp/work/x86_64-linux/bison-native/3.8.2-r0/recipe-sysroot-native/usr/include -O2 -pipe -isystem/home/ubuntu/yocto/rpi-build/tmp/work/x86_64-linux/bison-native/3.8.2-r0/recipe-sysroot-native/usr/include -L/home/ubuntu/yocto/rpi-build/tmp/work/x86_64-linux/bison-native/3.8.2-r0/recipe-sysroot-native/usr/lib                         -L/home/ubuntu/yocto/rpi-build/tmp/work/x86_64-linux/bison-native/3.8.2-r0/recipe-sysroot-native/lib                         -Wl,--enable-new-dtags                         -Wl,-rpath-link,/home/ubuntu/yocto/rpi-build/tmp/work/x86_64-linux/bison-native/3.8.2-r0/recipe-sysroot-native/usr/lib                         -Wl,-rpath-link,/home/ubuntu/yocto/rpi-build/tmp/work/x86_64-linux/bison-native/3.8.2-r0/recipe-sysroot-native/lib                         -Wl,-rpath,/home/ubuntu/yocto/rpi-build/tmp/work/x86_64-linux/bison-native/3.8.2-r0/recipe-sysroot-native/usr/lib                         -Wl,-rpath,/home/ubuntu/yocto/rpi-build/tmp/work/x86_64-linux/bison-native/3.8.2-r0/recipe-sysroot-native/lib                         -Wl,-O1 -Wl,--allow-shlib-undefined -Wl,--dynamic-linker=/home/ubuntu/yocto/rpi-build/tmp/sysroots-uninative/x86_64-linux/lib/ld-linux-x86-64.so.2 conftest.c  >&5
configure:25276: $? = 0
configure:25322: result: fr_FR.UTF-8
configure:25330: checking for a transitional chinese locale
configure:25411: gcc  -o conftest -isystem/home/ubuntu/yocto/rpi-build/tmp/work/x86_64-linux/bison-native/3.8.2-r0/recipe-sysroot-native/usr/include -O2 -pipe -isystem/home/ubuntu/yocto/rpi-build/tmp/work/x86_64-linux/bison-native/3.8.2-r0/recipe-sysroot-native/usr/include -L/home/ubuntu/yocto/rpi-build/tmp/work/x86_64-linux/bison-native/3.8.2-r0/recipe-sysroot-native/usr/lib                         -L/home/ubuntu/yocto/rpi-build/tmp/work/x86_64-linux/bison-native/3.8.2-r0/recipe-sysroot-native/lib                         -Wl,--enable-new-dtags                         -Wl,-rpath-link,/home/ubuntu/yocto/rpi-build/tmp/work/x86_64-linux/bison-native/3.8.2-r0/recipe-sysroot-native/usr/lib                         -Wl,-rpath-link,/home/ubuntu/yocto/rpi-build/tmp/work/x86_64-linux/bison-native/3.8.2-r0/recipe-sysroot-native/lib                         -Wl,-rpath,/home/ubuntu/yocto/rpi-build/tmp/work/x86_64-linux/bison-native/3.8.2-r0/recipe-sysroot-native/usr/lib                         -Wl,-rpath,/home/ubuntu/yocto/rpi-build/tmp/work/x86_64-linux/bison-native/3.8.2-r0/recipe-sysroot-native/lib                         -Wl,-O1 -Wl,--allow-shlib-undefined -Wl,--dynamic-linker=/home/ubuntu/yocto/rpi-build/tmp/sysroots-uninative/x86_64-linux/lib/ld-linux-x86-64.so.2 conftest.c  >&5
configure:25414: $? = 0
configure:25465: result: none
configure:25553: checking whether ldexp() can be used without linking with libm
configure:25576: gcc  -o conftest -isystem/home/ubuntu/yocto/rpi-build/tmp/work/x86_64-linux/bison-native/3.8.2-r0/recipe-sysroot-native/usr/include -O2 -pipe -isystem/home/ubuntu/yocto/rpi-build/tmp/work/x86_64-linux/bison-native/3.8.2-r0/recipe-sysroot-native/usr/include -L/home/ubuntu/yocto/rpi-build/tmp/work/x86_64-linux/bison-native/3.8.2-r0/recipe-sysroot-native/usr/lib                         -L/home/ubuntu/yocto/rpi-build/tmp/work/x86_64-linux/bison-native/3.8.2-r0/recipe-sysroot-native/lib                         -Wl,--enable-new-dtags                         -Wl,-rpath-link,/home/ubuntu/yocto/rpi-build/tmp/work/x86_64-linux/bison-native/3.8.2-r0/recipe-sysroot-native/usr/lib                         -Wl,-rpath-link,/home/ubuntu/yocto/rpi-build/tmp/work/x86_64-linux/bison-native/3.8.2-r0/recipe-sysroot-native/lib                         -Wl,-rpath,/home/ubuntu/yocto/rpi-build/tmp/work/x86_64-linux/bison-native/3.8.2-r0/recipe-sysroot-native/usr/lib                         -Wl,-rpath,/home/ubuntu/yocto/rpi-build/tmp/work/x86_64-linux/bison-native/3.8.2-r0/recipe-sysroot-native/lib                         -Wl,-O1 -Wl,--allow-shlib-undefined -Wl,--dynamic-linker=/home/ubuntu/yocto/rpi-build/tmp/sysroots-uninative/x86_64-linux/lib/ld-linux-x86-64.so.2 conftest.c  >&5
configure:25576: $? = 0
configure:25586: result: yes
configure:25648: checking whether imported symbols can be declared weak
configure:25672: gcc  -o conftest -isystem/home/ubuntu/yocto/rpi-build/tmp/work/x86_64-linux/bison-native/3.8.2-r0/recipe-sysroot-native/usr/include -O2 -pipe -isystem/home/ubuntu/yocto/rpi-build/tmp/work/x86_64-linux/bison-native/3.8.2-r0/recipe-sysroot-native/usr/include -L/home/ubuntu/yocto/rpi-build/tmp/work/x86_64-linux/bison-native/3.8.2-r0/recipe-sysroot-native/usr/lib                         -L/home/ubuntu/yocto/rpi-build/tmp/work/x86_64-linux/bison-native/3.8.2-r0/recipe-sysroot-native/lib                         -Wl,--enable-new-dtags                         -Wl,-rpath-link,/home/ubuntu/yocto/rpi-build/tmp/work/x86_64-linux/bison-native/3.8.2-r0/recipe-sysroot-native/usr/lib                         -Wl,-rpath-link,/home/ubuntu/yocto/rpi-build/tmp/work/x86_64-linux/bison-native/3.8.2-r0/recipe-sysroot-native/lib                         -Wl,-rpath,/home/ubuntu/yocto/rpi-build/tmp/work/x86_64-linux/bison-native/3.8.2-r0/recipe-sysroot-native/usr/lib                         -Wl,-rpath,/home/ubuntu/yocto/rpi-build/tmp/work/x86_64-linux/bison-native/3.8.2-r0/recipe-sysroot-native/lib                         -Wl,-O1 -Wl,--allow-shlib-undefined -Wl,--dynamic-linker=/home/ubuntu/yocto/rpi-build/tmp/sysroots-uninative/x86_64-linux/lib/ld-linux-x86-64.so.2 conftest.c  >&5
configure:25672: $? = 0
configure:25709: gcc  -o conftest -isystem/home/ubuntu/yocto/rpi-build/tmp/work/x86_64-linux/bison-native/3.8.2-r0/recipe-sysroot-native/usr/include -O2 -pipe -isystem/home/ubuntu/yocto/rpi-build/tmp/work/x86_64-linux/bison-native/3.8.2-r0/recipe-sysroot-native/usr/include -L/home/ubuntu/yocto/rpi-build/tmp/work/x86_64-linux/bison-native/3.8.2-r0/recipe-sysroot-native/usr/lib                         -L/home/ubuntu/yocto/rpi-build/tmp/work/x86_64-linux/bison-native/3.8.2-r0/recipe-sysroot-native/lib                         -Wl,--enable-new-dtags                         -Wl,-rpath-link,/home/ubuntu/yocto/rpi-build/tmp/work/x86_64-linux/bison-native/3.8.2-r0/recipe-sysroot-native/usr/lib                         -Wl,-rpath-link,/home/ubuntu/yocto/rpi-build/tmp/work/x86_64-linux/bison-native/3.8.2-r0/recipe-sysroot-native/lib                         -Wl,-rpath,/home/ubuntu/yocto/rpi-build/tmp/work/x86_64-linux/bison-native/3.8.2-r0/recipe-sysroot-native/usr/lib                         -Wl,-rpath,/home/ubuntu/yocto/rpi-build/tmp/work/x86_64-linux/bison-native/3.8.2-r0/recipe-sysroot-native/lib                         -Wl,-O1 -Wl,--allow-shlib-undefined -Wl,--dynamic-linker=/home/ubuntu/yocto/rpi-build/tmp/sysroots-uninative/x86_64-linux/lib/ld-linux-x86-64.so.2 conftest.c  >&5
configure:25709: $? = 0
configure:25709: ./conftest
configure:25709: $? = 0
configure:25748: result: yes
configure:25777: checking for pthread.h
configure:25777: gcc  -c -isystem/home/ubuntu/yocto/rpi-build/tmp/work/x86_64-linux/bison-native/3.8.2-r0/recipe-sysroot-native/usr/include -O2 -pipe -isystem/home/ubuntu/yocto/rpi-build/tmp/work/x86_64-linux/bison-native/3.8.2-r0/recipe-sysroot-native/usr/include conftest.c >&5
configure:25777: $? = 0
configure:25777: result: yes
configure:25814: gcc  -o conftest -isystem/home/ubuntu/yocto/rpi-build/tmp/work/x86_64-linux/bison-native/3.8.2-r0/recipe-sysroot-native/usr/include -O2 -pipe -isystem/home/ubuntu/yocto/rpi-build/tmp/work/x86_64-linux/bison-native/3.8.2-r0/recipe-sysroot-native/usr/include -L/home/ubuntu/yocto/rpi-build/tmp/work/x86_64-linux/bison-native/3.8.2-r0/recipe-sysroot-native/usr/lib                         -L/home/ubuntu/yocto/rpi-build/tmp/work/x86_64-linux/bison-native/3.8.2-r0/recipe-sysroot-native/lib                         -Wl,--enable-new-dtags                         -Wl,-rpath-link,/home/ubuntu/yocto/rpi-build/tmp/work/x86_64-linux/bison-native/3.8.2-r0/recipe-sysroot-native/usr/lib                         -Wl,-rpath-link,/home/ubuntu/yocto/rpi-build/tmp/work/x86_64-linux/bison-native/3.8.2-r0/recipe-sysroot-native/lib                         -Wl,-rpath,/home/ubuntu/yocto/rpi-build/tmp/work/x86_64-linux/bison-native/3.8.2-r0/recipe-sysroot-native/usr/lib                         -Wl,-rpath,/home/ubuntu/yocto/rpi-build/tmp/work/x86_64-linux/bison-native/3.8.2-r0/recipe-sysroot-native/lib                         -Wl,-O1 -Wl,--allow-shlib-undefined -Wl,--dynamic-linker=/home/ubuntu/yocto/rpi-build/tmp/sysroots-uninative/x86_64-linux/lib/ld-linux-x86-64.so.2 conftest.c   >&5
configure:25814: $? = 0
configure:25825: gl_pthread_api=yes
configure:25826: LIBPTHREAD=
configure:25852: gl_pthread_in_glibc=yes
configure:25859: checking for pthread_kill in -lpthread
configure:25882: gcc  -o conftest -isystem/home/ubuntu/yocto/rpi-build/tmp/work/x86_64-linux/bison-native/3.8.2-r0/recipe-sysroot-native/usr/include -O2 -pipe -isystem/home/ubuntu/yocto/rpi-build/tmp/work/x86_64-linux/bison-native/3.8.2-r0/recipe-sysroot-native/usr/include -L/home/ubuntu/yocto/rpi-build/tmp/work/x86_64-linux/bison-native/3.8.2-r0/recipe-sysroot-native/usr/lib                         -L/home/ubuntu/yocto/rpi-build/tmp/work/x86_64-linux/bison-native/3.8.2-r0/recipe-sysroot-native/lib                         -Wl,--enable-new-dtags                         -Wl,-rpath-link,/home/ubuntu/yocto/rpi-build/tmp/work/x86_64-linux/bison-native/3.8.2-r0/recipe-sysroot-native/usr/lib                         -Wl,-rpath-link,/home/ubuntu/yocto/rpi-build/tmp/work/x86_64-linux/bison-native/3.8.2-r0/recipe-sysroot-native/lib                         -Wl,-rpath,/home/ubuntu/yocto/rpi-build/tmp/work/x86_64-linux/bison-native/3.8.2-r0/recipe-sysroot-native/usr/lib                         -Wl,-rpath,/home/ubuntu/yocto/rpi-build/tmp/work/x86_64-linux/bison-native/3.8.2-r0/recipe-sysroot-native/lib                         -Wl,-O1 -Wl,--allow-shlib-undefined -Wl,--dynamic-linker=/home/ubuntu/yocto/rpi-build/tmp/sysroots-uninative/x86_64-linux/lib/ld-linux-x86-64.so.2 conftest.c -lpthread   >&5
configure:25882: $? = 0
configure:25892: result: yes
configure:26006: LIBPMULTITHREAD=
configure:26008: checking whether POSIX threads API is available
configure:26010: result: yes
configure:26031: gcc  -o conftest -isystem/home/ubuntu/yocto/rpi-build/tmp/work/x86_64-linux/bison-native/3.8.2-r0/recipe-sysroot-native/usr/include -O2 -pipe -isystem/home/ubuntu/yocto/rpi-build/tmp/work/x86_64-linux/bison-native/3.8.2-r0/recipe-sysroot-native/usr/include -L/home/ubuntu/yocto/rpi-build/tmp/work/x86_64-linux/bison-native/3.8.2-r0/recipe-sysroot-native/usr/lib                         -L/home/ubuntu/yocto/rpi-build/tmp/work/x86_64-linux/bison-native/3.8.2-r0/recipe-sysroot-native/lib                         -Wl,--enable-new-dtags                         -Wl,-rpath-link,/home/ubuntu/yocto/rpi-build/tmp/work/x86_64-linux/bison-native/3.8.2-r0/recipe-sysroot-native/usr/lib                         -Wl,-rpath-link,/home/ubuntu/yocto/rpi-build/tmp/work/x86_64-linux/bison-native/3.8.2-r0/recipe-sysroot-native/lib                         -Wl,-rpath,/home/ubuntu/yocto/rpi-build/tmp/work/x86_64-linux/bison-native/3.8.2-r0/recipe-sysroot-native/usr/lib                         -Wl,-rpath,/home/ubuntu/yocto/rpi-build/tmp/work/x86_64-linux/bison-native/3.8.2-r0/recipe-sysroot-native/lib                         -Wl,-O1 -Wl,--allow-shlib-undefined -Wl,--dynamic-linker=/home/ubuntu/yocto/rpi-build/tmp/sysroots-uninative/x86_64-linux/lib/ld-linux-x86-64.so.2 conftest.c  >&5
configure:26031: $? = 0
configure:26632: checking for multithread API to use
configure:26634: result: posix
configure:26645: checking for a sed that does not truncate output
configure:26715: result: sed
configure:26803: checking whether NAN macro works
configure:26827: gcc  -c -isystem/home/ubuntu/yocto/rpi-build/tmp/work/x86_64-linux/bison-native/3.8.2-r0/recipe-sysroot-native/usr/include -O2 -pipe -isystem/home/ubuntu/yocto/rpi-build/tmp/work/x86_64-linux/bison-native/3.8.2-r0/recipe-sysroot-native/usr/include conftest.c >&5
configure:26827: $? = 0
configure:26835: result: yes
configure:26840: checking whether HUGE_VAL works
configure:26859: gcc  -c -isystem/home/ubuntu/yocto/rpi-build/tmp/work/x86_64-linux/bison-native/3.8.2-r0/recipe-sysroot-native/usr/include -O2 -pipe -isystem/home/ubuntu/yocto/rpi-build/tmp/work/x86_64-linux/bison-native/3.8.2-r0/recipe-sysroot-native/usr/include conftest.c >&5
configure:26859: $? = 0
configure:26867: result: yes
configure:26879: checking for mbstate_t
configure:26897: gcc  -c -isystem/home/ubuntu/yocto/rpi-build/tmp/work/x86_64-linux/bison-native/3.8.2-r0/recipe-sysroot-native/usr/include -O2 -pipe -isystem/home/ubuntu/yocto/rpi-build/tmp/work/x86_64-linux/bison-native/3.8.2-r0/recipe-sysroot-native/usr/include conftest.c >&5
configure:26897: $? = 0
configure:26905: result: yes
configure:27515: checking for mmap
configure:27515: gcc  -o conftest -isystem/home/ubuntu/yocto/rpi-build/tmp/work/x86_64-linux/bison-native/3.8.2-r0/recipe-sysroot-native/usr/include -O2 -pipe -isystem/home/ubuntu/yocto/rpi-build/tmp/work/x86_64-linux/bison-native/3.8.2-r0/recipe-sysroot-native/usr/include -L/home/ubuntu/yocto/rpi-build/tmp/work/x86_64-linux/bison-native/3.8.2-r0/recipe-sysroot-native/usr/lib                         -L/home/ubuntu/yocto/rpi-build/tmp/work/x86_64-linux/bison-native/3.8.2-r0/recipe-sysroot-native/lib                         -Wl,--enable-new-dtags                         -Wl,-rpath-link,/home/ubuntu/yocto/rpi-build/tmp/work/x86_64-linux/bison-native/3.8.2-r0/recipe-sysroot-native/usr/lib                         -Wl,-rpath-link,/home/ubuntu/yocto/rpi-build/tmp/work/x86_64-linux/bison-native/3.8.2-r0/recipe-sysroot-native/lib                         -Wl,-rpath,/home/ubuntu/yocto/rpi-build/tmp/work/x86_64-linux/bison-native/3.8.2-r0/recipe-sysroot-native/usr/lib                         -Wl,-rpath,/home/ubuntu/yocto/rpi-build/tmp/work/x86_64-linux/bison-native/3.8.2-r0/recipe-sysroot-native/lib                         -Wl,-O1 -Wl,--allow-shlib-undefined -Wl,--dynamic-linker=/home/ubuntu/yocto/rpi-build/tmp/sysroots-uninative/x86_64-linux/lib/ld-linux-x86-64.so.2 conftest.c  >&5
configure:27515: $? = 0
configure:27515: result: yes
configure:27527: checking for MAP_ANONYMOUS
configure:27566: result: yes
configure:27593: checking whether memchr works
configure:27679: gcc  -o conftest -isystem/home/ubuntu/yocto/rpi-build/tmp/work/x86_64-linux/bison-native/3.8.2-r0/recipe-sysroot-native/usr/include -O2 -pipe -isystem/home/ubuntu/yocto/rpi-build/tmp/work/x86_64-linux/bison-native/3.8.2-r0/recipe-sysroot-native/usr/include -L/home/ubuntu/yocto/rpi-build/tmp/work/x86_64-linux/bison-native/3.8.2-r0/recipe-sysroot-native/usr/lib                         -L/home/ubuntu/yocto/rpi-build/tmp/work/x86_64-linux/bison-native/3.8.2-r0/recipe-sysroot-native/lib                         -Wl,--enable-new-dtags                         -Wl,-rpath-link,/home/ubuntu/yocto/rpi-build/tmp/work/x86_64-linux/bison-native/3.8.2-r0/recipe-sysroot-native/usr/lib                         -Wl,-rpath-link,/home/ubuntu/yocto/rpi-build/tmp/work/x86_64-linux/bison-native/3.8.2-r0/recipe-sysroot-native/lib                         -Wl,-rpath,/home/ubuntu/yocto/rpi-build/tmp/work/x86_64-linux/bison-native/3.8.2-r0/recipe-sysroot-native/usr/lib                         -Wl,-rpath,/home/ubuntu/yocto/rpi-build/tmp/work/x86_64-linux/bison-native/3.8.2-r0/recipe-sysroot-native/lib                         -Wl,-O1 -Wl,--allow-shlib-undefined -Wl,--dynamic-linker=/home/ubuntu/yocto/rpi-build/tmp/sysroots-uninative/x86_64-linux/lib/ld-linux-x86-64.so.2 conftest.c  >&5
configure:27679: $? = 0
configure:27679: ./conftest
configure:27679: $? = 0
configure:27691: result: yes
configure:27702: checking whether <limits.h> defines MIN and MAX
configure:27720: gcc  -c -isystem/home/ubuntu/yocto/rpi-build/tmp/work/x86_64-linux/bison-native/3.8.2-r0/recipe-sysroot-native/usr/include -O2 -pipe -isystem/home/ubuntu/yocto/rpi-build/tmp/work/x86_64-linux/bison-native/3.8.2-r0/recipe-sysroot-native/usr/include conftest.c >&5
conftest.c:157:21: warning: implicit declaration of function 'MIN' [-Wimplicit-function-declaration]
  157 |             int x = MIN (42, 17);
      |                     ^~~
conftest.c:157:21: error: initializer element is not constant
configure:27720: $? = 1
configure: failed program was:
| /* confdefs.h */
| #define PACKAGE_NAME "GNU Bison"
| #define PACKAGE_TARNAME "bison"
| #define PACKAGE_VERSION "3.8.2"
| #define PACKAGE_STRING "GNU Bison 3.8.2"
| #define PACKAGE_BUGREPORT "bug-bison@gnu.org"
| #define PACKAGE_URL "https://www.gnu.org/software/bison/"
| #define PACKAGE_COPYRIGHT_YEAR 2021
| #define PACKAGE "bison"
| #define VERSION "3.8.2"
| #define HAVE_STDIO_H 1
| #define HAVE_STDLIB_H 1
| #define HAVE_STRING_H 1
| #define HAVE_INTTYPES_H 1
| #define HAVE_STDINT_H 1
| #define HAVE_STRINGS_H 1
| #define HAVE_SYS_STAT_H 1
| #define HAVE_SYS_TYPES_H 1
| #define HAVE_UNISTD_H 1
| #define HAVE_WCHAR_H 1
| #define HAVE_LOCALE_H 1
| #define HAVE_SYS_PARAM_H 1
| #define HAVE_SYS_SOCKET_H 1
| #define HAVE_STDIO_EXT_H 1
| #define HAVE_FEATURES_H 1
| #define HAVE_GETOPT_H 1
| #define HAVE_SYS_CDEFS_H 1
| #define HAVE_SYS_TIME_H 1
| #define HAVE_ICONV_H 1
| #define HAVE_LIMITS_H 1
| #define HAVE_WCTYPE_H 1
| #define HAVE_THREADS_H 1
| #define HAVE_MATH_H 1
| #define HAVE_SYS_MMAN_H 1
| #define HAVE_SPAWN_H 1
| #define HAVE_SYS_IOCTL_H 1
| #define HAVE_SYS_RESOURCE_H 1
| #define HAVE_SYS_TIMES_H 1
| #define HAVE_SYS_WAIT_H 1
| #define HAVE_TERMIOS_H 1
| #define HAVE_DIRENT_H 1
| #define STDC_HEADERS 1
| #define _ALL_SOURCE 1
| #define _DARWIN_C_SOURCE 1
| #define _GNU_SOURCE 1
| #define _HPUX_ALT_XOPEN_SOCKET_API 1
| #define _NETBSD_SOURCE 1
| #define _OPENBSD_SOURCE 1
| #define _POSIX_PTHREAD_SEMANTICS 1
| #define __STDC_WANT_IEC_60559_ATTRIBS_EXT__ 1
| #define __STDC_WANT_IEC_60559_BFP_EXT__ 1
| #define __STDC_WANT_IEC_60559_DFP_EXT__ 1
| #define __STDC_WANT_IEC_60559_FUNCS_EXT__ 1
| #define __STDC_WANT_IEC_60559_TYPES_EXT__ 1
| #define __STDC_WANT_LIB_EXT2__ 1
| #define __STDC_WANT_MATH_SPEC_FUNCS__ 1
| #define _TANDEM_SOURCE 1
| #define __EXTENSIONS__ 1
| #define HAVE_TCDRAIN 1
| #define HAVE_CANONICALIZE_FILE_NAME 1
| #define HAVE_FACCESSAT 1
| #define HAVE_REALPATH 1
| #define HAVE_LSTAT 1
| #define HAVE_READLINKAT 1
| #define HAVE_FCHDIR 1
| #define HAVE_FCNTL 1
| #define HAVE_SYMLINK 1
| #define HAVE_FFSL 1
| #define HAVE_SNPRINTF 1
| #define HAVE_FSYNC 1
| #define HAVE_GETRUSAGE 1
| #define HAVE_GETTIMEOFDAY 1
| #define HAVE_ISWCNTRL 1
| #define HAVE_ISWBLANK 1
| #define HAVE_MBSINIT 1
| #define HAVE_MBRTOWC 1
| #define HAVE_ISASCII 1
| #define HAVE_MPROTECT 1
| #define HAVE_OBSTACK_PRINTF 1
| #define HAVE_STRERROR_R 1
| #define HAVE___XPG_STRERROR_R 1
| #define HAVE_PIPE 1
| #define HAVE_PIPE2 1
| #define HAVE_POSIX_SPAWN_FILE_ACTIONS_ADDCHDIR_NP 1
| #define HAVE_READLINK 1
| #define HAVE_SETENV 1
| #define HAVE_LINK 1
| #define HAVE_SIGACTION 1
| #define HAVE_SIGALTSTACK 1
| #define HAVE_SIGINTERRUPT 1
| #define HAVE_STPNCPY 1
| #define HAVE_STRNDUP 1
| #define HAVE_WCWIDTH 1
| #define HAVE_FDOPENDIR 1
| #define HAVE_MEMPCPY 1
| #define HAVE_FSTATAT 1
| #define HAVE_GETDELIM 1
| #define HAVE_GETDTABLESIZE 1
| #define HAVE_OPENAT 1
| #define HAVE_CATGETS 1
| #define HAVE_SETLOCALE 1
| #define YYTEXT_POINTER 1
| #define M4 "m4"
| #define M4_GNU_OPTION "--gnu"
| #define HAVE_ALLOCA_H 1
| #define HAVE_ALLOCA 1
| #define HAVE_MALLOC_POSIX 1
| #define LSTAT_FOLLOWS_SLASHED_SYMLINK 1
| #define FUNC_REALPATH_WORKS 1
| #define HAVE_GETCWD 1
| #define restrict __restrict__
| #define HAVE_ENVIRON_DECL 1
| #define HAVE_DECL_STRERROR_R 1
| #define HAVE_STRERROR_R 1
| #define STRERROR_R_CHAR_P 1
| #define HAVE_SIG_ATOMIC_T 1
| #define HAVE_WORKING_O_NOATIME 1
| #define HAVE_WORKING_O_NOFOLLOW 1
| #define HAVE_STDINT_H_WITH_UINTMAX 1
| #define HAVE_INTTYPES_H_WITH_UINTMAX 1
| #define CHECK_PRINTF_SAFE 1
| #define HAVE_WCHAR_T 1
| #define HAVE_WINT_T 1
| #define HAVE_INTMAX_T 1
| #define DBL_EXPBIT0_WORD 1
| #define DBL_EXPBIT0_BIT 20
| #define HAVE_SNPRINTF 1
| #define HAVE_STRNLEN 1
| #define HAVE_WCSLEN 1
| #define HAVE_WCSNLEN 1
| #define HAVE_MBRTOWC 1
| #define HAVE_WCRTOMB 1
| #define HAVE_DECL__SNPRINTF 0
| #define HAVE_SNPRINTF_RETVAL_C99 1
| #define HAVE_SNPRINTF_TRUNCATION_C99 1
| #define HAVE_DECL_ALARM 1
| #define HAVE_DECL_GETCWD 1
| #define D_INO_IN_DIRENT 1
| #define HAVE_GETOPT_H 1
| #define HAVE_GETOPT_LONG_ONLY 1
| #define HAVE_ICONV 1
| #define ICONV_CONST 
| #define HAVE_LONG_LONG_INT 1
| #define HAVE_UNSIGNED_LONG_LONG_INT 1
| #define FLT_EXPBIT0_WORD 0
| #define FLT_EXPBIT0_BIT 23
| #define HAVE_TOWLOWER 1
| #define HAVE_LANGINFO_CODESET 1
| #define HAVE_WEAK_SYMBOLS 1
| #define HAVE_PTHREAD_API 1
| #define USE_POSIX_THREADS 1
| #define USE_POSIX_THREADS_FROM_LIBC 1
| #define HAVE_MBSTATE_T 1
| #define HAVE_MAP_ANONYMOUS 1
| /* end confdefs.h.  */
| #include <limits.h>
|             int x = MIN (42, 17);
| int
| main (void)
| {
| 
|   ;
|   return 0;
| }
configure:27728: result: no
configure:27741: checking whether <sys/param.h> defines MIN and MAX
configure:27759: gcc  -c -isystem/home/ubuntu/yocto/rpi-build/tmp/work/x86_64-linux/bison-native/3.8.2-r0/recipe-sysroot-native/usr/include -O2 -pipe -isystem/home/ubuntu/yocto/rpi-build/tmp/work/x86_64-linux/bison-native/3.8.2-r0/recipe-sysroot-native/usr/include conftest.c >&5
configure:27759: $? = 0
configure:27767: result: yes
configure:27782: checking whether obstack_printf is declared
configure:27782: gcc  -c -isystem/home/ubuntu/yocto/rpi-build/tmp/work/x86_64-linux/bison-native/3.8.2-r0/recipe-sysroot-native/usr/include -O2 -pipe  -isystem/home/ubuntu/yocto/rpi-build/tmp/work/x86_64-linux/bison-native/3.8.2-r0/recipe-sysroot-native/usr/include conftest.c >&5
configure:27782: $? = 0
configure:27782: result: yes
configure:27792: checking for O_CLOEXEC
configure:27813: gcc  -c -isystem/home/ubuntu/yocto/rpi-build/tmp/work/x86_64-linux/bison-native/3.8.2-r0/recipe-sysroot-native/usr/include -O2 -pipe -isystem/home/ubuntu/yocto/rpi-build/tmp/work/x86_64-linux/bison-native/3.8.2-r0/recipe-sysroot-native/usr/include conftest.c >&5
configure:27813: $? = 0
configure:27821: result: yes
configure:27826: checking for promoted mode_t type
configure:27844: gcc  -c -isystem/home/ubuntu/yocto/rpi-build/tmp/work/x86_64-linux/bison-native/3.8.2-r0/recipe-sysroot-native/usr/include -O2 -pipe -isystem/home/ubuntu/yocto/rpi-build/tmp/work/x86_64-linux/bison-native/3.8.2-r0/recipe-sysroot-native/usr/include conftest.c >&5
conftest.c: In function 'main':
conftest.c:162:13: error: size of array 'array' is negative
  162 | typedef int array[2 * (sizeof (mode_t) < sizeof (int)) - 1];
      |             ^~~~~
configure:27844: $? = 1
configure: failed program was:
| /* confdefs.h */
| #define PACKAGE_NAME "GNU Bison"
| #define PACKAGE_TARNAME "bison"
| #define PACKAGE_VERSION "3.8.2"
| #define PACKAGE_STRING "GNU Bison 3.8.2"
| #define PACKAGE_BUGREPORT "bug-bison@gnu.org"
| #define PACKAGE_URL "https://www.gnu.org/software/bison/"
| #define PACKAGE_COPYRIGHT_YEAR 2021
| #define PACKAGE "bison"
| #define VERSION "3.8.2"
| #define HAVE_STDIO_H 1
| #define HAVE_STDLIB_H 1
| #define HAVE_STRING_H 1
| #define HAVE_INTTYPES_H 1
| #define HAVE_STDINT_H 1
| #define HAVE_STRINGS_H 1
| #define HAVE_SYS_STAT_H 1
| #define HAVE_SYS_TYPES_H 1
| #define HAVE_UNISTD_H 1
| #define HAVE_WCHAR_H 1
| #define HAVE_LOCALE_H 1
| #define HAVE_SYS_PARAM_H 1
| #define HAVE_SYS_SOCKET_H 1
| #define HAVE_STDIO_EXT_H 1
| #define HAVE_FEATURES_H 1
| #define HAVE_GETOPT_H 1
| #define HAVE_SYS_CDEFS_H 1
| #define HAVE_SYS_TIME_H 1
| #define HAVE_ICONV_H 1
| #define HAVE_LIMITS_H 1
| #define HAVE_WCTYPE_H 1
| #define HAVE_THREADS_H 1
| #define HAVE_MATH_H 1
| #define HAVE_SYS_MMAN_H 1
| #define HAVE_SPAWN_H 1
| #define HAVE_SYS_IOCTL_H 1
| #define HAVE_SYS_RESOURCE_H 1
| #define HAVE_SYS_TIMES_H 1
| #define HAVE_SYS_WAIT_H 1
| #define HAVE_TERMIOS_H 1
| #define HAVE_DIRENT_H 1
| #define STDC_HEADERS 1
| #define _ALL_SOURCE 1
| #define _DARWIN_C_SOURCE 1
| #define _GNU_SOURCE 1
| #define _HPUX_ALT_XOPEN_SOCKET_API 1
| #define _NETBSD_SOURCE 1
| #define _OPENBSD_SOURCE 1
| #define _POSIX_PTHREAD_SEMANTICS 1
| #define __STDC_WANT_IEC_60559_ATTRIBS_EXT__ 1
| #define __STDC_WANT_IEC_60559_BFP_EXT__ 1
| #define __STDC_WANT_IEC_60559_DFP_EXT__ 1
| #define __STDC_WANT_IEC_60559_FUNCS_EXT__ 1
| #define __STDC_WANT_IEC_60559_TYPES_EXT__ 1
| #define __STDC_WANT_LIB_EXT2__ 1
| #define __STDC_WANT_MATH_SPEC_FUNCS__ 1
| #define _TANDEM_SOURCE 1
| #define __EXTENSIONS__ 1
| #define HAVE_TCDRAIN 1
| #define HAVE_CANONICALIZE_FILE_NAME 1
| #define HAVE_FACCESSAT 1
| #define HAVE_REALPATH 1
| #define HAVE_LSTAT 1
| #define HAVE_READLINKAT 1
| #define HAVE_FCHDIR 1
| #define HAVE_FCNTL 1
| #define HAVE_SYMLINK 1
| #define HAVE_FFSL 1
| #define HAVE_SNPRINTF 1
| #define HAVE_FSYNC 1
| #define HAVE_GETRUSAGE 1
| #define HAVE_GETTIMEOFDAY 1
| #define HAVE_ISWCNTRL 1
| #define HAVE_ISWBLANK 1
| #define HAVE_MBSINIT 1
| #define HAVE_MBRTOWC 1
| #define HAVE_ISASCII 1
| #define HAVE_MPROTECT 1
| #define HAVE_OBSTACK_PRINTF 1
| #define HAVE_STRERROR_R 1
| #define HAVE___XPG_STRERROR_R 1
| #define HAVE_PIPE 1
| #define HAVE_PIPE2 1
| #define HAVE_POSIX_SPAWN_FILE_ACTIONS_ADDCHDIR_NP 1
| #define HAVE_READLINK 1
| #define HAVE_SETENV 1
| #define HAVE_LINK 1
| #define HAVE_SIGACTION 1
| #define HAVE_SIGALTSTACK 1
| #define HAVE_SIGINTERRUPT 1
| #define HAVE_STPNCPY 1
| #define HAVE_STRNDUP 1
| #define HAVE_WCWIDTH 1
| #define HAVE_FDOPENDIR 1
| #define HAVE_MEMPCPY 1
| #define HAVE_FSTATAT 1
| #define HAVE_GETDELIM 1
| #define HAVE_GETDTABLESIZE 1
| #define HAVE_OPENAT 1
| #define HAVE_CATGETS 1
| #define HAVE_SETLOCALE 1
| #define YYTEXT_POINTER 1
| #define M4 "m4"
| #define M4_GNU_OPTION "--gnu"
| #define HAVE_ALLOCA_H 1
| #define HAVE_ALLOCA 1
| #define HAVE_MALLOC_POSIX 1
| #define LSTAT_FOLLOWS_SLASHED_SYMLINK 1
| #define FUNC_REALPATH_WORKS 1
| #define HAVE_GETCWD 1
| #define restrict __restrict__
| #define HAVE_ENVIRON_DECL 1
| #define HAVE_DECL_STRERROR_R 1
| #define HAVE_STRERROR_R 1
| #define STRERROR_R_CHAR_P 1
| #define HAVE_SIG_ATOMIC_T 1
| #define HAVE_WORKING_O_NOATIME 1
| #define HAVE_WORKING_O_NOFOLLOW 1
| #define HAVE_STDINT_H_WITH_UINTMAX 1
| #define HAVE_INTTYPES_H_WITH_UINTMAX 1
| #define CHECK_PRINTF_SAFE 1
| #define HAVE_WCHAR_T 1
| #define HAVE_WINT_T 1
| #define HAVE_INTMAX_T 1
| #define DBL_EXPBIT0_WORD 1
| #define DBL_EXPBIT0_BIT 20
| #define HAVE_SNPRINTF 1
| #define HAVE_STRNLEN 1
| #define HAVE_WCSLEN 1
| #define HAVE_WCSNLEN 1
| #define HAVE_MBRTOWC 1
| #define HAVE_WCRTOMB 1
| #define HAVE_DECL__SNPRINTF 0
| #define HAVE_SNPRINTF_RETVAL_C99 1
| #define HAVE_SNPRINTF_TRUNCATION_C99 1
| #define HAVE_DECL_ALARM 1
| #define HAVE_DECL_GETCWD 1
| #define D_INO_IN_DIRENT 1
| #define HAVE_GETOPT_H 1
| #define HAVE_GETOPT_LONG_ONLY 1
| #define HAVE_ICONV 1
| #define ICONV_CONST 
| #define HAVE_LONG_LONG_INT 1
| #define HAVE_UNSIGNED_LONG_LONG_INT 1
| #define FLT_EXPBIT0_WORD 0
| #define FLT_EXPBIT0_BIT 23
| #define HAVE_TOWLOWER 1
| #define HAVE_LANGINFO_CODESET 1
| #define HAVE_WEAK_SYMBOLS 1
| #define HAVE_PTHREAD_API 1
| #define USE_POSIX_THREADS 1
| #define USE_POSIX_THREADS_FROM_LIBC 1
| #define HAVE_MBSTATE_T 1
| #define HAVE_MAP_ANONYMOUS 1
| #define HAVE_MINMAX_IN_SYS_PARAM_H 1
| #define HAVE_DECL_OBSTACK_PRINTF 1
| /* end confdefs.h.  */
| #include <sys/types.h>
| int
| main (void)
| {
| typedef int array[2 * (sizeof (mode_t) < sizeof (int)) - 1];
|   ;
|   return 0;
| }
configure:27853: result: mode_t
configure:27861: checking whether strerror(0) succeeds
configure:27902: gcc  -o conftest -isystem/home/ubuntu/yocto/rpi-build/tmp/work/x86_64-linux/bison-native/3.8.2-r0/recipe-sysroot-native/usr/include -O2 -pipe -isystem/home/ubuntu/yocto/rpi-build/tmp/work/x86_64-linux/bison-native/3.8.2-r0/recipe-sysroot-native/usr/include -L/home/ubuntu/yocto/rpi-build/tmp/work/x86_64-linux/bison-native/3.8.2-r0/recipe-sysroot-native/usr/lib                         -L/home/ubuntu/yocto/rpi-build/tmp/work/x86_64-linux/bison-native/3.8.2-r0/recipe-sysroot-native/lib                         -Wl,--enable-new-dtags                         -Wl,-rpath-link,/home/ubuntu/yocto/rpi-build/tmp/work/x86_64-linux/bison-native/3.8.2-r0/recipe-sysroot-native/usr/lib                         -Wl,-rpath-link,/home/ubuntu/yocto/rpi-build/tmp/work/x86_64-linux/bison-native/3.8.2-r0/recipe-sysroot-native/lib                         -Wl,-rpath,/home/ubuntu/yocto/rpi-build/tmp/work/x86_64-linux/bison-native/3.8.2-r0/recipe-sysroot-native/usr/lib                         -Wl,-rpath,/home/ubuntu/yocto/rpi-build/tmp/work/x86_64-linux/bison-native/3.8.2-r0/recipe-sysroot-native/lib                         -Wl,-O1 -Wl,--allow-shlib-undefined -Wl,--dynamic-linker=/home/ubuntu/yocto/rpi-build/tmp/sysroots-uninative/x86_64-linux/lib/ld-linux-x86-64.so.2 conftest.c  >&5
configure:27902: $? = 0
configure:27902: ./conftest
configure:27902: $? = 0
configure:27914: result: yes
configure:27938: checking for strerror_r with POSIX signature
configure:27957: gcc  -c -isystem/home/ubuntu/yocto/rpi-build/tmp/work/x86_64-linux/bison-native/3.8.2-r0/recipe-sysroot-native/usr/include -O2 -pipe -isystem/home/ubuntu/yocto/rpi-build/tmp/work/x86_64-linux/bison-native/3.8.2-r0/recipe-sysroot-native/usr/include conftest.c >&5
conftest.c:160:21: error: conflicting types for 'strerror_r'; have 'int(int,  char *, size_t)' {aka 'int(int,  char *, long unsigned int)'}
  160 |                 int strerror_r (int, char *, size_t);
      |                     ^~~~~~~~~~
In file included from conftest.c:159:
/usr/include/string.h:444:14: note: previous declaration of 'strerror_r' with type 'char *(int,  char *, size_t)' {aka 'char *(int,  char *, long unsigned int)'}
  444 | extern char *strerror_r (int __errnum, char *__buf, size_t __buflen)
      |              ^~~~~~~~~~
configure:27957: $? = 1
configure: failed program was:
| /* confdefs.h */
| #define PACKAGE_NAME "GNU Bison"
| #define PACKAGE_TARNAME "bison"
| #define PACKAGE_VERSION "3.8.2"
| #define PACKAGE_STRING "GNU Bison 3.8.2"
| #define PACKAGE_BUGREPORT "bug-bison@gnu.org"
| #define PACKAGE_URL "https://www.gnu.org/software/bison/"
| #define PACKAGE_COPYRIGHT_YEAR 2021
| #define PACKAGE "bison"
| #define VERSION "3.8.2"
| #define HAVE_STDIO_H 1
| #define HAVE_STDLIB_H 1
| #define HAVE_STRING_H 1
| #define HAVE_INTTYPES_H 1
| #define HAVE_STDINT_H 1
| #define HAVE_STRINGS_H 1
| #define HAVE_SYS_STAT_H 1
| #define HAVE_SYS_TYPES_H 1
| #define HAVE_UNISTD_H 1
| #define HAVE_WCHAR_H 1
| #define HAVE_LOCALE_H 1
| #define HAVE_SYS_PARAM_H 1
| #define HAVE_SYS_SOCKET_H 1
| #define HAVE_STDIO_EXT_H 1
| #define HAVE_FEATURES_H 1
| #define HAVE_GETOPT_H 1
| #define HAVE_SYS_CDEFS_H 1
| #define HAVE_SYS_TIME_H 1
| #define HAVE_ICONV_H 1
| #define HAVE_LIMITS_H 1
| #define HAVE_WCTYPE_H 1
| #define HAVE_THREADS_H 1
| #define HAVE_MATH_H 1
| #define HAVE_SYS_MMAN_H 1
| #define HAVE_SPAWN_H 1
| #define HAVE_SYS_IOCTL_H 1
| #define HAVE_SYS_RESOURCE_H 1
| #define HAVE_SYS_TIMES_H 1
| #define HAVE_SYS_WAIT_H 1
| #define HAVE_TERMIOS_H 1
| #define HAVE_DIRENT_H 1
| #define STDC_HEADERS 1
| #define _ALL_SOURCE 1
| #define _DARWIN_C_SOURCE 1
| #define _GNU_SOURCE 1
| #define _HPUX_ALT_XOPEN_SOCKET_API 1
| #define _NETBSD_SOURCE 1
| #define _OPENBSD_SOURCE 1
| #define _POSIX_PTHREAD_SEMANTICS 1
| #define __STDC_WANT_IEC_60559_ATTRIBS_EXT__ 1
| #define __STDC_WANT_IEC_60559_BFP_EXT__ 1
| #define __STDC_WANT_IEC_60559_DFP_EXT__ 1
| #define __STDC_WANT_IEC_60559_FUNCS_EXT__ 1
| #define __STDC_WANT_IEC_60559_TYPES_EXT__ 1
| #define __STDC_WANT_LIB_EXT2__ 1
| #define __STDC_WANT_MATH_SPEC_FUNCS__ 1
| #define _TANDEM_SOURCE 1
| #define __EXTENSIONS__ 1
| #define HAVE_TCDRAIN 1
| #define HAVE_CANONICALIZE_FILE_NAME 1
| #define HAVE_FACCESSAT 1
| #define HAVE_REALPATH 1
| #define HAVE_LSTAT 1
| #define HAVE_READLINKAT 1
| #define HAVE_FCHDIR 1
| #define HAVE_FCNTL 1
| #define HAVE_SYMLINK 1
| #define HAVE_FFSL 1
| #define HAVE_SNPRINTF 1
| #define HAVE_FSYNC 1
| #define HAVE_GETRUSAGE 1
| #define HAVE_GETTIMEOFDAY 1
| #define HAVE_ISWCNTRL 1
| #define HAVE_ISWBLANK 1
| #define HAVE_MBSINIT 1
| #define HAVE_MBRTOWC 1
| #define HAVE_ISASCII 1
| #define HAVE_MPROTECT 1
| #define HAVE_OBSTACK_PRINTF 1
| #define HAVE_STRERROR_R 1
| #define HAVE___XPG_STRERROR_R 1
| #define HAVE_PIPE 1
| #define HAVE_PIPE2 1
| #define HAVE_POSIX_SPAWN_FILE_ACTIONS_ADDCHDIR_NP 1
| #define HAVE_READLINK 1
| #define HAVE_SETENV 1
| #define HAVE_LINK 1
| #define HAVE_SIGACTION 1
| #define HAVE_SIGALTSTACK 1
| #define HAVE_SIGINTERRUPT 1
| #define HAVE_STPNCPY 1
| #define HAVE_STRNDUP 1
| #define HAVE_WCWIDTH 1
| #define HAVE_FDOPENDIR 1
| #define HAVE_MEMPCPY 1
| #define HAVE_FSTATAT 1
| #define HAVE_GETDELIM 1
| #define HAVE_GETDTABLESIZE 1
| #define HAVE_OPENAT 1
| #define HAVE_CATGETS 1
| #define HAVE_SETLOCALE 1
| #define YYTEXT_POINTER 1
| #define M4 "m4"
| #define M4_GNU_OPTION "--gnu"
| #define HAVE_ALLOCA_H 1
| #define HAVE_ALLOCA 1
| #define HAVE_MALLOC_POSIX 1
| #define LSTAT_FOLLOWS_SLASHED_SYMLINK 1
| #define FUNC_REALPATH_WORKS 1
| #define HAVE_GETCWD 1
| #define restrict __restrict__
| #define HAVE_ENVIRON_DECL 1
| #define HAVE_DECL_STRERROR_R 1
| #define HAVE_STRERROR_R 1
| #define STRERROR_R_CHAR_P 1
| #define HAVE_SIG_ATOMIC_T 1
| #define HAVE_WORKING_O_NOATIME 1
| #define HAVE_WORKING_O_NOFOLLOW 1
| #define HAVE_STDINT_H_WITH_UINTMAX 1
| #define HAVE_INTTYPES_H_WITH_UINTMAX 1
| #define CHECK_PRINTF_SAFE 1
| #define HAVE_WCHAR_T 1
| #define HAVE_WINT_T 1
| #define HAVE_INTMAX_T 1
| #define DBL_EXPBIT0_WORD 1
| #define DBL_EXPBIT0_BIT 20
| #define HAVE_SNPRINTF 1
| #define HAVE_STRNLEN 1
| #define HAVE_WCSLEN 1
| #define HAVE_WCSNLEN 1
| #define HAVE_MBRTOWC 1
| #define HAVE_WCRTOMB 1
| #define HAVE_DECL__SNPRINTF 0
| #define HAVE_SNPRINTF_RETVAL_C99 1
| #define HAVE_SNPRINTF_TRUNCATION_C99 1
| #define HAVE_DECL_ALARM 1
| #define HAVE_DECL_GETCWD 1
| #define D_INO_IN_DIRENT 1
| #define HAVE_GETOPT_H 1
| #define HAVE_GETOPT_LONG_ONLY 1
| #define HAVE_ICONV 1
| #define ICONV_CONST 
| #define HAVE_LONG_LONG_INT 1
| #define HAVE_UNSIGNED_LONG_LONG_INT 1
| #define FLT_EXPBIT0_WORD 0
| #define FLT_EXPBIT0_BIT 23
| #define HAVE_TOWLOWER 1
| #define HAVE_LANGINFO_CODESET 1
| #define HAVE_WEAK_SYMBOLS 1
| #define HAVE_PTHREAD_API 1
| #define USE_POSIX_THREADS 1
| #define USE_POSIX_THREADS_FROM_LIBC 1
| #define HAVE_MBSTATE_T 1
| #define HAVE_MAP_ANONYMOUS 1
| #define HAVE_MINMAX_IN_SYS_PARAM_H 1
| #define HAVE_DECL_OBSTACK_PRINTF 1
| #define PROMOTED_MODE_T mode_t
| /* end confdefs.h.  */
| #include <string.h>
|                 int strerror_r (int, char *, size_t);
| 
| int
| main (void)
| {
| 
|   ;
|   return 0;
| }
configure:27966: result: no
configure:28043: checking whether __xpg_strerror_r works
configure:28085: gcc  -o conftest -isystem/home/ubuntu/yocto/rpi-build/tmp/work/x86_64-linux/bison-native/3.8.2-r0/recipe-sysroot-native/usr/include -O2 -pipe -isystem/home/ubuntu/yocto/rpi-build/tmp/work/x86_64-linux/bison-native/3.8.2-r0/recipe-sysroot-native/usr/include -L/home/ubuntu/yocto/rpi-build/tmp/work/x86_64-linux/bison-native/3.8.2-r0/recipe-sysroot-native/usr/lib                         -L/home/ubuntu/yocto/rpi-build/tmp/work/x86_64-linux/bison-native/3.8.2-r0/recipe-sysroot-native/lib                         -Wl,--enable-new-dtags                         -Wl,-rpath-link,/home/ubuntu/yocto/rpi-build/tmp/work/x86_64-linux/bison-native/3.8.2-r0/recipe-sysroot-native/usr/lib                         -Wl,-rpath-link,/home/ubuntu/yocto/rpi-build/tmp/work/x86_64-linux/bison-native/3.8.2-r0/recipe-sysroot-native/lib                         -Wl,-rpath,/home/ubuntu/yocto/rpi-build/tmp/work/x86_64-linux/bison-native/3.8.2-r0/recipe-sysroot-native/usr/lib                         -Wl,-rpath,/home/ubuntu/yocto/rpi-build/tmp/work/x86_64-linux/bison-native/3.8.2-r0/recipe-sysroot-native/lib                         -Wl,-O1 -Wl,--allow-shlib-undefined -Wl,--dynamic-linker=/home/ubuntu/yocto/rpi-build/tmp/sysroots-uninative/x86_64-linux/lib/ld-linux-x86-64.so.2 conftest.c  >&5
configure:28085: $? = 0
configure:28085: ./conftest
configure:28085: $? = 0
configure:28097: result: yes
configure:28156: checking for library containing posix_spawn
configure:28186: gcc  -o conftest -isystem/home/ubuntu/yocto/rpi-build/tmp/work/x86_64-linux/bison-native/3.8.2-r0/recipe-sysroot-native/usr/include -O2 -pipe -isystem/home/ubuntu/yocto/rpi-build/tmp/work/x86_64-linux/bison-native/3.8.2-r0/recipe-sysroot-native/usr/include -L/home/ubuntu/yocto/rpi-build/tmp/work/x86_64-linux/bison-native/3.8.2-r0/recipe-sysroot-native/usr/lib                         -L/home/ubuntu/yocto/rpi-build/tmp/work/x86_64-linux/bison-native/3.8.2-r0/recipe-sysroot-native/lib                         -Wl,--enable-new-dtags                         -Wl,-rpath-link,/home/ubuntu/yocto/rpi-build/tmp/work/x86_64-linux/bison-native/3.8.2-r0/recipe-sysroot-native/usr/lib                         -Wl,-rpath-link,/home/ubuntu/yocto/rpi-build/tmp/work/x86_64-linux/bison-native/3.8.2-r0/recipe-sysroot-native/lib                         -Wl,-rpath,/home/ubuntu/yocto/rpi-build/tmp/work/x86_64-linux/bison-native/3.8.2-r0/recipe-sysroot-native/usr/lib                         -Wl,-rpath,/home/ubuntu/yocto/rpi-build/tmp/work/x86_64-linux/bison-native/3.8.2-r0/recipe-sysroot-native/lib                         -Wl,-O1 -Wl,--allow-shlib-undefined -Wl,--dynamic-linker=/home/ubuntu/yocto/rpi-build/tmp/sysroots-uninative/x86_64-linux/lib/ld-linux-x86-64.so.2 conftest.c  >&5
configure:28186: $? = 0
configure:28206: result: none required
configure:28216: checking for posix_spawn
configure:28216: gcc  -o conftest -isystem/home/ubuntu/yocto/rpi-build/tmp/work/x86_64-linux/bison-native/3.8.2-r0/recipe-sysroot-native/usr/include -O2 -pipe -isystem/home/ubuntu/yocto/rpi-build/tmp/work/x86_64-linux/bison-native/3.8.2-r0/recipe-sysroot-native/usr/include -L/home/ubuntu/yocto/rpi-build/tmp/work/x86_64-linux/bison-native/3.8.2-r0/recipe-sysroot-native/usr/lib                         -L/home/ubuntu/yocto/rpi-build/tmp/work/x86_64-linux/bison-native/3.8.2-r0/recipe-sysroot-native/lib                         -Wl,--enable-new-dtags                         -Wl,-rpath-link,/home/ubuntu/yocto/rpi-build/tmp/work/x86_64-linux/bison-native/3.8.2-r0/recipe-sysroot-native/usr/lib                         -Wl,-rpath-link,/home/ubuntu/yocto/rpi-build/tmp/work/x86_64-linux/bison-native/3.8.2-r0/recipe-sysroot-native/lib                         -Wl,-rpath,/home/ubuntu/yocto/rpi-build/tmp/work/x86_64-linux/bison-native/3.8.2-r0/recipe-sysroot-native/usr/lib                         -Wl,-rpath,/home/ubuntu/yocto/rpi-build/tmp/work/x86_64-linux/bison-native/3.8.2-r0/recipe-sysroot-native/lib                         -Wl,-O1 -Wl,--allow-shlib-undefined -Wl,--dynamic-linker=/home/ubuntu/yocto/rpi-build/tmp/sysroots-uninative/x86_64-linux/lib/ld-linux-x86-64.so.2 conftest.c  >&5
configure:28216: $? = 0
configure:28216: result: yes
configure:28233: checking whether posix_spawn is declared
configure:28233: gcc  -c -isystem/home/ubuntu/yocto/rpi-build/tmp/work/x86_64-linux/bison-native/3.8.2-r0/recipe-sysroot-native/usr/include -O2 -pipe  -isystem/home/ubuntu/yocto/rpi-build/tmp/work/x86_64-linux/bison-native/3.8.2-r0/recipe-sysroot-native/usr/include conftest.c >&5
configure:28233: $? = 0
configure:28233: result: yes
configure:28253: checking whether posix_spawn works
configure:28398: gcc  -o conftest -isystem/home/ubuntu/yocto/rpi-build/tmp/work/x86_64-linux/bison-native/3.8.2-r0/recipe-sysroot-native/usr/include -O2 -pipe -isystem/home/ubuntu/yocto/rpi-build/tmp/work/x86_64-linux/bison-native/3.8.2-r0/recipe-sysroot-native/usr/include -L/home/ubuntu/yocto/rpi-build/tmp/work/x86_64-linux/bison-native/3.8.2-r0/recipe-sysroot-native/usr/lib                         -L/home/ubuntu/yocto/rpi-build/tmp/work/x86_64-linux/bison-native/3.8.2-r0/recipe-sysroot-native/lib                         -Wl,--enable-new-dtags                         -Wl,-rpath-link,/home/ubuntu/yocto/rpi-build/tmp/work/x86_64-linux/bison-native/3.8.2-r0/recipe-sysroot-native/usr/lib                         -Wl,-rpath-link,/home/ubuntu/yocto/rpi-build/tmp/work/x86_64-linux/bison-native/3.8.2-r0/recipe-sysroot-native/lib                         -Wl,-rpath,/home/ubuntu/yocto/rpi-build/tmp/work/x86_64-linux/bison-native/3.8.2-r0/recipe-sysroot-native/usr/lib                         -Wl,-rpath,/home/ubuntu/yocto/rpi-build/tmp/work/x86_64-linux/bison-native/3.8.2-r0/recipe-sysroot-native/lib                         -Wl,-O1 -Wl,--allow-shlib-undefined -Wl,--dynamic-linker=/home/ubuntu/yocto/rpi-build/tmp/sysroots-uninative/x86_64-linux/lib/ld-linux-x86-64.so.2 conftest.c  >&5
configure:28398: $? = 0
configure:28579: gcc  -o conftest -isystem/home/ubuntu/yocto/rpi-build/tmp/work/x86_64-linux/bison-native/3.8.2-r0/recipe-sysroot-native/usr/include -O2 -pipe -isystem/home/ubuntu/yocto/rpi-build/tmp/work/x86_64-linux/bison-native/3.8.2-r0/recipe-sysroot-native/usr/include -L/home/ubuntu/yocto/rpi-build/tmp/work/x86_64-linux/bison-native/3.8.2-r0/recipe-sysroot-native/usr/lib                         -L/home/ubuntu/yocto/rpi-build/tmp/work/x86_64-linux/bison-native/3.8.2-r0/recipe-sysroot-native/lib                         -Wl,--enable-new-dtags                         -Wl,-rpath-link,/home/ubuntu/yocto/rpi-build/tmp/work/x86_64-linux/bison-native/3.8.2-r0/recipe-sysroot-native/usr/lib                         -Wl,-rpath-link,/home/ubuntu/yocto/rpi-build/tmp/work/x86_64-linux/bison-native/3.8.2-r0/recipe-sysroot-native/lib                         -Wl,-rpath,/home/ubuntu/yocto/rpi-build/tmp/work/x86_64-linux/bison-native/3.8.2-r0/recipe-sysroot-native/usr/lib                         -Wl,-rpath,/home/ubuntu/yocto/rpi-build/tmp/work/x86_64-linux/bison-native/3.8.2-r0/recipe-sysroot-native/lib                         -Wl,-O1 -Wl,--allow-shlib-undefined -Wl,--dynamic-linker=/home/ubuntu/yocto/rpi-build/tmp/sysroots-uninative/x86_64-linux/lib/ld-linux-x86-64.so.2 conftest.c  >&5
conftest.c: In function 'parent_main':
conftest.c:285:3: warning: ignoring return value of 'freopen' declared with attribute 'warn_unused_result' [-Wunused-result]
  285 |   freopen ("/dev/null", "rb", stdin);
      |   ^~~~~~~~~~~~~~~~~~~~~~~~~~~~~~~~~~
configure:28579: $? = 0
configure:28579: ./conftest
configure:28579: $? = 0
configure:28598: result: yes
configure:28609: checking whether posix_spawn rejects scripts without shebang
configure:28662: gcc  -o conftest -isystem/home/ubuntu/yocto/rpi-build/tmp/work/x86_64-linux/bison-native/3.8.2-r0/recipe-sysroot-native/usr/include -O2 -pipe -isystem/home/ubuntu/yocto/rpi-build/tmp/work/x86_64-linux/bison-native/3.8.2-r0/recipe-sysroot-native/usr/include -L/home/ubuntu/yocto/rpi-build/tmp/work/x86_64-linux/bison-native/3.8.2-r0/recipe-sysroot-native/usr/lib                         -L/home/ubuntu/yocto/rpi-build/tmp/work/x86_64-linux/bison-native/3.8.2-r0/recipe-sysroot-native/lib                         -Wl,--enable-new-dtags                         -Wl,-rpath-link,/home/ubuntu/yocto/rpi-build/tmp/work/x86_64-linux/bison-native/3.8.2-r0/recipe-sysroot-native/usr/lib                         -Wl,-rpath-link,/home/ubuntu/yocto/rpi-build/tmp/work/x86_64-linux/bison-native/3.8.2-r0/recipe-sysroot-native/lib                         -Wl,-rpath,/home/ubuntu/yocto/rpi-build/tmp/work/x86_64-linux/bison-native/3.8.2-r0/recipe-sysroot-native/usr/lib                         -Wl,-rpath,/home/ubuntu/yocto/rpi-build/tmp/work/x86_64-linux/bison-native/3.8.2-r0/recipe-sysroot-native/lib                         -Wl,-O1 -Wl,--allow-shlib-undefined -Wl,--dynamic-linker=/home/ubuntu/yocto/rpi-build/tmp/sysroots-uninative/x86_64-linux/lib/ld-linux-x86-64.so.2 conftest.c  >&5
configure:28662: $? = 0
configure:28662: ./conftest
configure:28662: $? = 0
configure:28675: result: yes
configure:28677: checking whether posix_spawnp rejects scripts without shebang
configure:28735: gcc  -o conftest -isystem/home/ubuntu/yocto/rpi-build/tmp/work/x86_64-linux/bison-native/3.8.2-r0/recipe-sysroot-native/usr/include -O2 -pipe -isystem/home/ubuntu/yocto/rpi-build/tmp/work/x86_64-linux/bison-native/3.8.2-r0/recipe-sysroot-native/usr/include -L/home/ubuntu/yocto/rpi-build/tmp/work/x86_64-linux/bison-native/3.8.2-r0/recipe-sysroot-native/usr/lib                         -L/home/ubuntu/yocto/rpi-build/tmp/work/x86_64-linux/bison-native/3.8.2-r0/recipe-sysroot-native/lib                         -Wl,--enable-new-dtags                         -Wl,-rpath-link,/home/ubuntu/yocto/rpi-build/tmp/work/x86_64-linux/bison-native/3.8.2-r0/recipe-sysroot-native/usr/lib                         -Wl,-rpath-link,/home/ubuntu/yocto/rpi-build/tmp/work/x86_64-linux/bison-native/3.8.2-r0/recipe-sysroot-native/lib                         -Wl,-rpath,/home/ubuntu/yocto/rpi-build/tmp/work/x86_64-linux/bison-native/3.8.2-r0/recipe-sysroot-native/usr/lib                         -Wl,-rpath,/home/ubuntu/yocto/rpi-build/tmp/work/x86_64-linux/bison-native/3.8.2-r0/recipe-sysroot-native/lib                         -Wl,-O1 -Wl,--allow-shlib-undefined -Wl,--dynamic-linker=/home/ubuntu/yocto/rpi-build/tmp/sysroots-uninative/x86_64-linux/lib/ld-linux-x86-64.so.2 conftest.c  >&5
configure:28735: $? = 0
configure:28735: ./conftest
configure:28735: $? = 0
configure:28748: result: yes
configure:28761: checking whether posix_spawnattr_setschedpolicy is supported
configure:28787: result: yes
configure:28789: checking whether posix_spawnattr_setschedparam is supported
configure:28815: result: yes
configure:29201: checking for ptrdiff_t
configure:29201: gcc  -c -isystem/home/ubuntu/yocto/rpi-build/tmp/work/x86_64-linux/bison-native/3.8.2-r0/recipe-sysroot-native/usr/include -O2 -pipe -isystem/home/ubuntu/yocto/rpi-build/tmp/work/x86_64-linux/bison-native/3.8.2-r0/recipe-sysroot-native/usr/include conftest.c >&5
configure:29201: $? = 0
configure:29201: gcc  -c -isystem/home/ubuntu/yocto/rpi-build/tmp/work/x86_64-linux/bison-native/3.8.2-r0/recipe-sysroot-native/usr/include -O2 -pipe -isystem/home/ubuntu/yocto/rpi-build/tmp/work/x86_64-linux/bison-native/3.8.2-r0/recipe-sysroot-native/usr/include conftest.c >&5
conftest.c: In function 'main':
conftest.c:192:24: error: expected expression before ')' token
  192 | if (sizeof ((ptrdiff_t)))
      |                        ^
configure:29201: $? = 1
configure: failed program was:
| /* confdefs.h */
| #define PACKAGE_NAME "GNU Bison"
| #define PACKAGE_TARNAME "bison"
| #define PACKAGE_VERSION "3.8.2"
| #define PACKAGE_STRING "GNU Bison 3.8.2"
| #define PACKAGE_BUGREPORT "bug-bison@gnu.org"
| #define PACKAGE_URL "https://www.gnu.org/software/bison/"
| #define PACKAGE_COPYRIGHT_YEAR 2021
| #define PACKAGE "bison"
| #define VERSION "3.8.2"
| #define HAVE_STDIO_H 1
| #define HAVE_STDLIB_H 1
| #define HAVE_STRING_H 1
| #define HAVE_INTTYPES_H 1
| #define HAVE_STDINT_H 1
| #define HAVE_STRINGS_H 1
| #define HAVE_SYS_STAT_H 1
| #define HAVE_SYS_TYPES_H 1
| #define HAVE_UNISTD_H 1
| #define HAVE_WCHAR_H 1
| #define HAVE_LOCALE_H 1
| #define HAVE_SYS_PARAM_H 1
| #define HAVE_SYS_SOCKET_H 1
| #define HAVE_STDIO_EXT_H 1
| #define HAVE_FEATURES_H 1
| #define HAVE_GETOPT_H 1
| #define HAVE_SYS_CDEFS_H 1
| #define HAVE_SYS_TIME_H 1
| #define HAVE_ICONV_H 1
| #define HAVE_LIMITS_H 1
| #define HAVE_WCTYPE_H 1
| #define HAVE_THREADS_H 1
| #define HAVE_MATH_H 1
| #define HAVE_SYS_MMAN_H 1
| #define HAVE_SPAWN_H 1
| #define HAVE_SYS_IOCTL_H 1
| #define HAVE_SYS_RESOURCE_H 1
| #define HAVE_SYS_TIMES_H 1
| #define HAVE_SYS_WAIT_H 1
| #define HAVE_TERMIOS_H 1
| #define HAVE_DIRENT_H 1
| #define STDC_HEADERS 1
| #define _ALL_SOURCE 1
| #define _DARWIN_C_SOURCE 1
| #define _GNU_SOURCE 1
| #define _HPUX_ALT_XOPEN_SOCKET_API 1
| #define _NETBSD_SOURCE 1
| #define _OPENBSD_SOURCE 1
| #define _POSIX_PTHREAD_SEMANTICS 1
| #define __STDC_WANT_IEC_60559_ATTRIBS_EXT__ 1
| #define __STDC_WANT_IEC_60559_BFP_EXT__ 1
| #define __STDC_WANT_IEC_60559_DFP_EXT__ 1
| #define __STDC_WANT_IEC_60559_FUNCS_EXT__ 1
| #define __STDC_WANT_IEC_60559_TYPES_EXT__ 1
| #define __STDC_WANT_LIB_EXT2__ 1
| #define __STDC_WANT_MATH_SPEC_FUNCS__ 1
| #define _TANDEM_SOURCE 1
| #define __EXTENSIONS__ 1
| #define HAVE_TCDRAIN 1
| #define HAVE_CANONICALIZE_FILE_NAME 1
| #define HAVE_FACCESSAT 1
| #define HAVE_REALPATH 1
| #define HAVE_LSTAT 1
| #define HAVE_READLINKAT 1
| #define HAVE_FCHDIR 1
| #define HAVE_FCNTL 1
| #define HAVE_SYMLINK 1
| #define HAVE_FFSL 1
| #define HAVE_SNPRINTF 1
| #define HAVE_FSYNC 1
| #define HAVE_GETRUSAGE 1
| #define HAVE_GETTIMEOFDAY 1
| #define HAVE_ISWCNTRL 1
| #define HAVE_ISWBLANK 1
| #define HAVE_MBSINIT 1
| #define HAVE_MBRTOWC 1
| #define HAVE_ISASCII 1
| #define HAVE_MPROTECT 1
| #define HAVE_OBSTACK_PRINTF 1
| #define HAVE_STRERROR_R 1
| #define HAVE___XPG_STRERROR_R 1
| #define HAVE_PIPE 1
| #define HAVE_PIPE2 1
| #define HAVE_POSIX_SPAWN_FILE_ACTIONS_ADDCHDIR_NP 1
| #define HAVE_READLINK 1
| #define HAVE_SETENV 1
| #define HAVE_LINK 1
| #define HAVE_SIGACTION 1
| #define HAVE_SIGALTSTACK 1
| #define HAVE_SIGINTERRUPT 1
| #define HAVE_STPNCPY 1
| #define HAVE_STRNDUP 1
| #define HAVE_WCWIDTH 1
| #define HAVE_FDOPENDIR 1
| #define HAVE_MEMPCPY 1
| #define HAVE_FSTATAT 1
| #define HAVE_GETDELIM 1
| #define HAVE_GETDTABLESIZE 1
| #define HAVE_OPENAT 1
| #define HAVE_CATGETS 1
| #define HAVE_SETLOCALE 1
| #define YYTEXT_POINTER 1
| #define M4 "m4"
| #define M4_GNU_OPTION "--gnu"
| #define HAVE_ALLOCA_H 1
| #define HAVE_ALLOCA 1
| #define HAVE_MALLOC_POSIX 1
| #define LSTAT_FOLLOWS_SLASHED_SYMLINK 1
| #define FUNC_REALPATH_WORKS 1
| #define HAVE_GETCWD 1
| #define restrict __restrict__
| #define HAVE_ENVIRON_DECL 1
| #define HAVE_DECL_STRERROR_R 1
| #define HAVE_STRERROR_R 1
| #define STRERROR_R_CHAR_P 1
| #define HAVE_SIG_ATOMIC_T 1
| #define HAVE_WORKING_O_NOATIME 1
| #define HAVE_WORKING_O_NOFOLLOW 1
| #define HAVE_STDINT_H_WITH_UINTMAX 1
| #define HAVE_INTTYPES_H_WITH_UINTMAX 1
| #define CHECK_PRINTF_SAFE 1
| #define HAVE_WCHAR_T 1
| #define HAVE_WINT_T 1
| #define HAVE_INTMAX_T 1
| #define DBL_EXPBIT0_WORD 1
| #define DBL_EXPBIT0_BIT 20
| #define HAVE_SNPRINTF 1
| #define HAVE_STRNLEN 1
| #define HAVE_WCSLEN 1
| #define HAVE_WCSNLEN 1
| #define HAVE_MBRTOWC 1
| #define HAVE_WCRTOMB 1
| #define HAVE_DECL__SNPRINTF 0
| #define HAVE_SNPRINTF_RETVAL_C99 1
| #define HAVE_SNPRINTF_TRUNCATION_C99 1
| #define HAVE_DECL_ALARM 1
| #define HAVE_DECL_GETCWD 1
| #define D_INO_IN_DIRENT 1
| #define HAVE_GETOPT_H 1
| #define HAVE_GETOPT_LONG_ONLY 1
| #define HAVE_ICONV 1
| #define ICONV_CONST 
| #define HAVE_LONG_LONG_INT 1
| #define HAVE_UNSIGNED_LONG_LONG_INT 1
| #define FLT_EXPBIT0_WORD 0
| #define FLT_EXPBIT0_BIT 23
| #define HAVE_TOWLOWER 1
| #define HAVE_LANGINFO_CODESET 1
| #define HAVE_WEAK_SYMBOLS 1
| #define HAVE_PTHREAD_API 1
| #define USE_POSIX_THREADS 1
| #define USE_POSIX_THREADS_FROM_LIBC 1
| #define HAVE_MBSTATE_T 1
| #define HAVE_MAP_ANONYMOUS 1
| #define HAVE_MINMAX_IN_SYS_PARAM_H 1
| #define HAVE_DECL_OBSTACK_PRINTF 1
| #define PROMOTED_MODE_T mode_t
| #define HAVE_POSIX_SPAWN 1
| #define HAVE_DECL_POSIX_SPAWN 1
| /* end confdefs.h.  */
| #include <stddef.h>
| #ifdef HAVE_STDIO_H
| # include <stdio.h>
| #endif
| #ifdef HAVE_STDLIB_H
| # include <stdlib.h>
| #endif
| #ifdef HAVE_STRING_H
| # include <string.h>
| #endif
| #ifdef HAVE_INTTYPES_H
| # include <inttypes.h>
| #endif
| #ifdef HAVE_STDINT_H
| # include <stdint.h>
| #endif
| #ifdef HAVE_STRINGS_H
| # include <strings.h>
| #endif
| #ifdef HAVE_SYS_TYPES_H
| # include <sys/types.h>
| #endif
| #ifdef HAVE_SYS_STAT_H
| # include <sys/stat.h>
| #endif
| #ifdef HAVE_UNISTD_H
| # include <unistd.h>
| #endif
| int
| main (void)
| {
| if (sizeof ((ptrdiff_t)))
| 	    return 0;
|   ;
|   return 0;
| }
configure:29201: result: yes
configure:29278: checking whether C symbols are prefixed with underscore at the linker level
configure:29292: gcc  -isystem/home/ubuntu/yocto/rpi-build/tmp/work/x86_64-linux/bison-native/3.8.2-r0/recipe-sysroot-native/usr/include -O2 -pipe -isystem/home/ubuntu/yocto/rpi-build/tmp/work/x86_64-linux/bison-native/3.8.2-r0/recipe-sysroot-native/usr/include -S conftest.c
configure:29295: $? = 0
configure:29305: result: no
configure:29334: checking for sigset_t
configure:29334: gcc  -c -isystem/home/ubuntu/yocto/rpi-build/tmp/work/x86_64-linux/bison-native/3.8.2-r0/recipe-sysroot-native/usr/include -O2 -pipe -isystem/home/ubuntu/yocto/rpi-build/tmp/work/x86_64-linux/bison-native/3.8.2-r0/recipe-sysroot-native/usr/include conftest.c >&5
configure:29334: $? = 0
configure:29334: gcc  -c -isystem/home/ubuntu/yocto/rpi-build/tmp/work/x86_64-linux/bison-native/3.8.2-r0/recipe-sysroot-native/usr/include -O2 -pipe -isystem/home/ubuntu/yocto/rpi-build/tmp/work/x86_64-linux/bison-native/3.8.2-r0/recipe-sysroot-native/usr/include conftest.c >&5
conftest.c: In function 'main':
conftest.c:172:23: error: expected expression before ')' token
  172 | if (sizeof ((sigset_t)))
      |                       ^
configure:29334: $? = 1
configure: failed program was:
| /* confdefs.h */
| #define PACKAGE_NAME "GNU Bison"
| #define PACKAGE_TARNAME "bison"
| #define PACKAGE_VERSION "3.8.2"
| #define PACKAGE_STRING "GNU Bison 3.8.2"
| #define PACKAGE_BUGREPORT "bug-bison@gnu.org"
| #define PACKAGE_URL "https://www.gnu.org/software/bison/"
| #define PACKAGE_COPYRIGHT_YEAR 2021
| #define PACKAGE "bison"
| #define VERSION "3.8.2"
| #define HAVE_STDIO_H 1
| #define HAVE_STDLIB_H 1
| #define HAVE_STRING_H 1
| #define HAVE_INTTYPES_H 1
| #define HAVE_STDINT_H 1
| #define HAVE_STRINGS_H 1
| #define HAVE_SYS_STAT_H 1
| #define HAVE_SYS_TYPES_H 1
| #define HAVE_UNISTD_H 1
| #define HAVE_WCHAR_H 1
| #define HAVE_LOCALE_H 1
| #define HAVE_SYS_PARAM_H 1
| #define HAVE_SYS_SOCKET_H 1
| #define HAVE_STDIO_EXT_H 1
| #define HAVE_FEATURES_H 1
| #define HAVE_GETOPT_H 1
| #define HAVE_SYS_CDEFS_H 1
| #define HAVE_SYS_TIME_H 1
| #define HAVE_ICONV_H 1
| #define HAVE_LIMITS_H 1
| #define HAVE_WCTYPE_H 1
| #define HAVE_THREADS_H 1
| #define HAVE_MATH_H 1
| #define HAVE_SYS_MMAN_H 1
| #define HAVE_SPAWN_H 1
| #define HAVE_SYS_IOCTL_H 1
| #define HAVE_SYS_RESOURCE_H 1
| #define HAVE_SYS_TIMES_H 1
| #define HAVE_SYS_WAIT_H 1
| #define HAVE_TERMIOS_H 1
| #define HAVE_DIRENT_H 1
| #define STDC_HEADERS 1
| #define _ALL_SOURCE 1
| #define _DARWIN_C_SOURCE 1
| #define _GNU_SOURCE 1
| #define _HPUX_ALT_XOPEN_SOCKET_API 1
| #define _NETBSD_SOURCE 1
| #define _OPENBSD_SOURCE 1
| #define _POSIX_PTHREAD_SEMANTICS 1
| #define __STDC_WANT_IEC_60559_ATTRIBS_EXT__ 1
| #define __STDC_WANT_IEC_60559_BFP_EXT__ 1
| #define __STDC_WANT_IEC_60559_DFP_EXT__ 1
| #define __STDC_WANT_IEC_60559_FUNCS_EXT__ 1
| #define __STDC_WANT_IEC_60559_TYPES_EXT__ 1
| #define __STDC_WANT_LIB_EXT2__ 1
| #define __STDC_WANT_MATH_SPEC_FUNCS__ 1
| #define _TANDEM_SOURCE 1
| #define __EXTENSIONS__ 1
| #define HAVE_TCDRAIN 1
| #define HAVE_CANONICALIZE_FILE_NAME 1
| #define HAVE_FACCESSAT 1
| #define HAVE_REALPATH 1
| #define HAVE_LSTAT 1
| #define HAVE_READLINKAT 1
| #define HAVE_FCHDIR 1
| #define HAVE_FCNTL 1
| #define HAVE_SYMLINK 1
| #define HAVE_FFSL 1
| #define HAVE_SNPRINTF 1
| #define HAVE_FSYNC 1
| #define HAVE_GETRUSAGE 1
| #define HAVE_GETTIMEOFDAY 1
| #define HAVE_ISWCNTRL 1
| #define HAVE_ISWBLANK 1
| #define HAVE_MBSINIT 1
| #define HAVE_MBRTOWC 1
| #define HAVE_ISASCII 1
| #define HAVE_MPROTECT 1
| #define HAVE_OBSTACK_PRINTF 1
| #define HAVE_STRERROR_R 1
| #define HAVE___XPG_STRERROR_R 1
| #define HAVE_PIPE 1
| #define HAVE_PIPE2 1
| #define HAVE_POSIX_SPAWN_FILE_ACTIONS_ADDCHDIR_NP 1
| #define HAVE_READLINK 1
| #define HAVE_SETENV 1
| #define HAVE_LINK 1
| #define HAVE_SIGACTION 1
| #define HAVE_SIGALTSTACK 1
| #define HAVE_SIGINTERRUPT 1
| #define HAVE_STPNCPY 1
| #define HAVE_STRNDUP 1
| #define HAVE_WCWIDTH 1
| #define HAVE_FDOPENDIR 1
| #define HAVE_MEMPCPY 1
| #define HAVE_FSTATAT 1
| #define HAVE_GETDELIM 1
| #define HAVE_GETDTABLESIZE 1
| #define HAVE_OPENAT 1
| #define HAVE_CATGETS 1
| #define HAVE_SETLOCALE 1
| #define YYTEXT_POINTER 1
| #define M4 "m4"
| #define M4_GNU_OPTION "--gnu"
| #define HAVE_ALLOCA_H 1
| #define HAVE_ALLOCA 1
| #define HAVE_MALLOC_POSIX 1
| #define LSTAT_FOLLOWS_SLASHED_SYMLINK 1
| #define FUNC_REALPATH_WORKS 1
| #define HAVE_GETCWD 1
| #define restrict __restrict__
| #define HAVE_ENVIRON_DECL 1
| #define HAVE_DECL_STRERROR_R 1
| #define HAVE_STRERROR_R 1
| #define STRERROR_R_CHAR_P 1
| #define HAVE_SIG_ATOMIC_T 1
| #define HAVE_WORKING_O_NOATIME 1
| #define HAVE_WORKING_O_NOFOLLOW 1
| #define HAVE_STDINT_H_WITH_UINTMAX 1
| #define HAVE_INTTYPES_H_WITH_UINTMAX 1
| #define CHECK_PRINTF_SAFE 1
| #define HAVE_WCHAR_T 1
| #define HAVE_WINT_T 1
| #define HAVE_INTMAX_T 1
| #define DBL_EXPBIT0_WORD 1
| #define DBL_EXPBIT0_BIT 20
| #define HAVE_SNPRINTF 1
| #define HAVE_STRNLEN 1
| #define HAVE_WCSLEN 1
| #define HAVE_WCSNLEN 1
| #define HAVE_MBRTOWC 1
| #define HAVE_WCRTOMB 1
| #define HAVE_DECL__SNPRINTF 0
| #define HAVE_SNPRINTF_RETVAL_C99 1
| #define HAVE_SNPRINTF_TRUNCATION_C99 1
| #define HAVE_DECL_ALARM 1
| #define HAVE_DECL_GETCWD 1
| #define D_INO_IN_DIRENT 1
| #define HAVE_GETOPT_H 1
| #define HAVE_GETOPT_LONG_ONLY 1
| #define HAVE_ICONV 1
| #define ICONV_CONST 
| #define HAVE_LONG_LONG_INT 1
| #define HAVE_UNSIGNED_LONG_LONG_INT 1
| #define FLT_EXPBIT0_WORD 0
| #define FLT_EXPBIT0_BIT 23
| #define HAVE_TOWLOWER 1
| #define HAVE_LANGINFO_CODESET 1
| #define HAVE_WEAK_SYMBOLS 1
| #define HAVE_PTHREAD_API 1
| #define USE_POSIX_THREADS 1
| #define USE_POSIX_THREADS_FROM_LIBC 1
| #define HAVE_MBSTATE_T 1
| #define HAVE_MAP_ANONYMOUS 1
| #define HAVE_MINMAX_IN_SYS_PARAM_H 1
| #define HAVE_DECL_OBSTACK_PRINTF 1
| #define PROMOTED_MODE_T mode_t
| #define HAVE_POSIX_SPAWN 1
| #define HAVE_DECL_POSIX_SPAWN 1
| #define REPLACE_VFPRINTF_POSIX 1
| #define USER_LABEL_PREFIX 
| /* end confdefs.h.  */
| 
|       #include <signal.h>
|       /* Mingw defines sigset_t not in <signal.h>, but in <sys/types.h>.  */
|       #include <sys/types.h>
| 
| 
| int
| main (void)
| {
| if (sizeof ((sigset_t)))
| 	    return 0;
|   ;
|   return 0;
| }
configure:29334: result: yes
configure:29385: checking for shared library path variable
configure:29399: result: LD_LIBRARY_PATH
configure:29404: checking whether to activate relocatable installation
configure:29420: result: no
configure:29568: checking whether malloc (0) returns nonnull
configure:29615: result: yes
configure:29628: checking whether setenv is declared
configure:29628: gcc  -c -isystem/home/ubuntu/yocto/rpi-build/tmp/work/x86_64-linux/bison-native/3.8.2-r0/recipe-sysroot-native/usr/include -O2 -pipe  -isystem/home/ubuntu/yocto/rpi-build/tmp/work/x86_64-linux/bison-native/3.8.2-r0/recipe-sysroot-native/usr/include conftest.c >&5
configure:29628: $? = 0
configure:29628: result: yes
configure:29649: checking for sched.h
configure:29649: gcc  -c -isystem/home/ubuntu/yocto/rpi-build/tmp/work/x86_64-linux/bison-native/3.8.2-r0/recipe-sysroot-native/usr/include -O2 -pipe -isystem/home/ubuntu/yocto/rpi-build/tmp/work/x86_64-linux/bison-native/3.8.2-r0/recipe-sysroot-native/usr/include conftest.c >&5
configure:29649: $? = 0
configure:29649: result: yes
configure:29741: checking for struct sched_param
configure:29741: gcc  -c -isystem/home/ubuntu/yocto/rpi-build/tmp/work/x86_64-linux/bison-native/3.8.2-r0/recipe-sysroot-native/usr/include -O2 -pipe -isystem/home/ubuntu/yocto/rpi-build/tmp/work/x86_64-linux/bison-native/3.8.2-r0/recipe-sysroot-native/usr/include conftest.c >&5
configure:29741: $? = 0
configure:29741: gcc  -c -isystem/home/ubuntu/yocto/rpi-build/tmp/work/x86_64-linux/bison-native/3.8.2-r0/recipe-sysroot-native/usr/include -O2 -pipe -isystem/home/ubuntu/yocto/rpi-build/tmp/work/x86_64-linux/bison-native/3.8.2-r0/recipe-sysroot-native/usr/include conftest.c >&5
conftest.c: In function 'main':
conftest.c:177:33: error: expected expression before ')' token
  177 | if (sizeof ((struct sched_param)))
      |                                 ^
configure:29741: $? = 1
configure: failed program was:
| /* confdefs.h */
| #define PACKAGE_NAME "GNU Bison"
| #define PACKAGE_TARNAME "bison"
| #define PACKAGE_VERSION "3.8.2"
| #define PACKAGE_STRING "GNU Bison 3.8.2"
| #define PACKAGE_BUGREPORT "bug-bison@gnu.org"
| #define PACKAGE_URL "https://www.gnu.org/software/bison/"
| #define PACKAGE_COPYRIGHT_YEAR 2021
| #define PACKAGE "bison"
| #define VERSION "3.8.2"
| #define HAVE_STDIO_H 1
| #define HAVE_STDLIB_H 1
| #define HAVE_STRING_H 1
| #define HAVE_INTTYPES_H 1
| #define HAVE_STDINT_H 1
| #define HAVE_STRINGS_H 1
| #define HAVE_SYS_STAT_H 1
| #define HAVE_SYS_TYPES_H 1
| #define HAVE_UNISTD_H 1
| #define HAVE_WCHAR_H 1
| #define HAVE_LOCALE_H 1
| #define HAVE_SYS_PARAM_H 1
| #define HAVE_SYS_SOCKET_H 1
| #define HAVE_STDIO_EXT_H 1
| #define HAVE_FEATURES_H 1
| #define HAVE_GETOPT_H 1
| #define HAVE_SYS_CDEFS_H 1
| #define HAVE_SYS_TIME_H 1
| #define HAVE_ICONV_H 1
| #define HAVE_LIMITS_H 1
| #define HAVE_WCTYPE_H 1
| #define HAVE_THREADS_H 1
| #define HAVE_MATH_H 1
| #define HAVE_SYS_MMAN_H 1
| #define HAVE_SPAWN_H 1
| #define HAVE_SYS_IOCTL_H 1
| #define HAVE_SYS_RESOURCE_H 1
| #define HAVE_SYS_TIMES_H 1
| #define HAVE_SYS_WAIT_H 1
| #define HAVE_TERMIOS_H 1
| #define HAVE_DIRENT_H 1
| #define STDC_HEADERS 1
| #define _ALL_SOURCE 1
| #define _DARWIN_C_SOURCE 1
| #define _GNU_SOURCE 1
| #define _HPUX_ALT_XOPEN_SOCKET_API 1
| #define _NETBSD_SOURCE 1
| #define _OPENBSD_SOURCE 1
| #define _POSIX_PTHREAD_SEMANTICS 1
| #define __STDC_WANT_IEC_60559_ATTRIBS_EXT__ 1
| #define __STDC_WANT_IEC_60559_BFP_EXT__ 1
| #define __STDC_WANT_IEC_60559_DFP_EXT__ 1
| #define __STDC_WANT_IEC_60559_FUNCS_EXT__ 1
| #define __STDC_WANT_IEC_60559_TYPES_EXT__ 1
| #define __STDC_WANT_LIB_EXT2__ 1
| #define __STDC_WANT_MATH_SPEC_FUNCS__ 1
| #define _TANDEM_SOURCE 1
| #define __EXTENSIONS__ 1
| #define HAVE_TCDRAIN 1
| #define HAVE_CANONICALIZE_FILE_NAME 1
| #define HAVE_FACCESSAT 1
| #define HAVE_REALPATH 1
| #define HAVE_LSTAT 1
| #define HAVE_READLINKAT 1
| #define HAVE_FCHDIR 1
| #define HAVE_FCNTL 1
| #define HAVE_SYMLINK 1
| #define HAVE_FFSL 1
| #define HAVE_SNPRINTF 1
| #define HAVE_FSYNC 1
| #define HAVE_GETRUSAGE 1
| #define HAVE_GETTIMEOFDAY 1
| #define HAVE_ISWCNTRL 1
| #define HAVE_ISWBLANK 1
| #define HAVE_MBSINIT 1
| #define HAVE_MBRTOWC 1
| #define HAVE_ISASCII 1
| #define HAVE_MPROTECT 1
| #define HAVE_OBSTACK_PRINTF 1
| #define HAVE_STRERROR_R 1
| #define HAVE___XPG_STRERROR_R 1
| #define HAVE_PIPE 1
| #define HAVE_PIPE2 1
| #define HAVE_POSIX_SPAWN_FILE_ACTIONS_ADDCHDIR_NP 1
| #define HAVE_READLINK 1
| #define HAVE_SETENV 1
| #define HAVE_LINK 1
| #define HAVE_SIGACTION 1
| #define HAVE_SIGALTSTACK 1
| #define HAVE_SIGINTERRUPT 1
| #define HAVE_STPNCPY 1
| #define HAVE_STRNDUP 1
| #define HAVE_WCWIDTH 1
| #define HAVE_FDOPENDIR 1
| #define HAVE_MEMPCPY 1
| #define HAVE_FSTATAT 1
| #define HAVE_GETDELIM 1
| #define HAVE_GETDTABLESIZE 1
| #define HAVE_OPENAT 1
| #define HAVE_CATGETS 1
| #define HAVE_SETLOCALE 1
| #define YYTEXT_POINTER 1
| #define M4 "m4"
| #define M4_GNU_OPTION "--gnu"
| #define HAVE_ALLOCA_H 1
| #define HAVE_ALLOCA 1
| #define HAVE_MALLOC_POSIX 1
| #define LSTAT_FOLLOWS_SLASHED_SYMLINK 1
| #define FUNC_REALPATH_WORKS 1
| #define HAVE_GETCWD 1
| #define restrict __restrict__
| #define HAVE_ENVIRON_DECL 1
| #define HAVE_DECL_STRERROR_R 1
| #define HAVE_STRERROR_R 1
| #define STRERROR_R_CHAR_P 1
| #define HAVE_SIG_ATOMIC_T 1
| #define HAVE_WORKING_O_NOATIME 1
| #define HAVE_WORKING_O_NOFOLLOW 1
| #define HAVE_STDINT_H_WITH_UINTMAX 1
| #define HAVE_INTTYPES_H_WITH_UINTMAX 1
| #define CHECK_PRINTF_SAFE 1
| #define HAVE_WCHAR_T 1
| #define HAVE_WINT_T 1
| #define HAVE_INTMAX_T 1
| #define DBL_EXPBIT0_WORD 1
| #define DBL_EXPBIT0_BIT 20
| #define HAVE_SNPRINTF 1
| #define HAVE_STRNLEN 1
| #define HAVE_WCSLEN 1
| #define HAVE_WCSNLEN 1
| #define HAVE_MBRTOWC 1
| #define HAVE_WCRTOMB 1
| #define HAVE_DECL__SNPRINTF 0
| #define HAVE_SNPRINTF_RETVAL_C99 1
| #define HAVE_SNPRINTF_TRUNCATION_C99 1
| #define HAVE_DECL_ALARM 1
| #define HAVE_DECL_GETCWD 1
| #define D_INO_IN_DIRENT 1
| #define HAVE_GETOPT_H 1
| #define HAVE_GETOPT_LONG_ONLY 1
| #define HAVE_ICONV 1
| #define ICONV_CONST 
| #define HAVE_LONG_LONG_INT 1
| #define HAVE_UNSIGNED_LONG_LONG_INT 1
| #define FLT_EXPBIT0_WORD 0
| #define FLT_EXPBIT0_BIT 23
| #define HAVE_TOWLOWER 1
| #define HAVE_LANGINFO_CODESET 1
| #define HAVE_WEAK_SYMBOLS 1
| #define HAVE_PTHREAD_API 1
| #define USE_POSIX_THREADS 1
| #define USE_POSIX_THREADS_FROM_LIBC 1
| #define HAVE_MBSTATE_T 1
| #define HAVE_MAP_ANONYMOUS 1
| #define HAVE_MINMAX_IN_SYS_PARAM_H 1
| #define HAVE_DECL_OBSTACK_PRINTF 1
| #define PROMOTED_MODE_T mode_t
| #define HAVE_POSIX_SPAWN 1
| #define HAVE_DECL_POSIX_SPAWN 1
| #define REPLACE_VFPRINTF_POSIX 1
| #define USER_LABEL_PREFIX 
| #define HAVE_SIGSET_T 1
| #define INSTALLPREFIX "/home/ubuntu/yocto/rpi-build/tmp/work/x86_64-linux/bison-native/3.8.2-r0/recipe-sysroot-native/usr"
| #define MALLOC_0_IS_NONNULL 1
| #define HAVE_DECL_SETENV 1
| #define HAVE_SCHED_H 1
| /* end confdefs.h.  */
| #if HAVE_SYS_CDEFS_H
|          #include <sys/cdefs.h>
|         #endif
|         #include <sched.h>
| 
| 
| int
| main (void)
| {
| if (sizeof ((struct sched_param)))
| 	    return 0;
|   ;
|   return 0;
| }
configure:29741: result: yes
configure:29799: checking for uid_t in sys/types.h
configure:29820: result: {ac_cv_type_uid_t=yes}
configure:29911: checking for volatile sig_atomic_t
configure:29911: gcc  -c -isystem/home/ubuntu/yocto/rpi-build/tmp/work/x86_64-linux/bison-native/3.8.2-r0/recipe-sysroot-native/usr/include -O2 -pipe -isystem/home/ubuntu/yocto/rpi-build/tmp/work/x86_64-linux/bison-native/3.8.2-r0/recipe-sysroot-native/usr/include conftest.c >&5
configure:29911: $? = 0
configure:29911: gcc  -c -isystem/home/ubuntu/yocto/rpi-build/tmp/work/x86_64-linux/bison-native/3.8.2-r0/recipe-sysroot-native/usr/include -O2 -pipe -isystem/home/ubuntu/yocto/rpi-build/tmp/work/x86_64-linux/bison-native/3.8.2-r0/recipe-sysroot-native/usr/include conftest.c >&5
conftest.c: In function 'main':
conftest.c:175:36: error: expected expression before ')' token
  175 | if (sizeof ((volatile sig_atomic_t)))
      |                                    ^
configure:29911: $? = 1
configure: failed program was:
| /* confdefs.h */
| #define PACKAGE_NAME "GNU Bison"
| #define PACKAGE_TARNAME "bison"
| #define PACKAGE_VERSION "3.8.2"
| #define PACKAGE_STRING "GNU Bison 3.8.2"
| #define PACKAGE_BUGREPORT "bug-bison@gnu.org"
| #define PACKAGE_URL "https://www.gnu.org/software/bison/"
| #define PACKAGE_COPYRIGHT_YEAR 2021
| #define PACKAGE "bison"
| #define VERSION "3.8.2"
| #define HAVE_STDIO_H 1
| #define HAVE_STDLIB_H 1
| #define HAVE_STRING_H 1
| #define HAVE_INTTYPES_H 1
| #define HAVE_STDINT_H 1
| #define HAVE_STRINGS_H 1
| #define HAVE_SYS_STAT_H 1
| #define HAVE_SYS_TYPES_H 1
| #define HAVE_UNISTD_H 1
| #define HAVE_WCHAR_H 1
| #define HAVE_LOCALE_H 1
| #define HAVE_SYS_PARAM_H 1
| #define HAVE_SYS_SOCKET_H 1
| #define HAVE_STDIO_EXT_H 1
| #define HAVE_FEATURES_H 1
| #define HAVE_GETOPT_H 1
| #define HAVE_SYS_CDEFS_H 1
| #define HAVE_SYS_TIME_H 1
| #define HAVE_ICONV_H 1
| #define HAVE_LIMITS_H 1
| #define HAVE_WCTYPE_H 1
| #define HAVE_THREADS_H 1
| #define HAVE_MATH_H 1
| #define HAVE_SYS_MMAN_H 1
| #define HAVE_SPAWN_H 1
| #define HAVE_SYS_IOCTL_H 1
| #define HAVE_SYS_RESOURCE_H 1
| #define HAVE_SYS_TIMES_H 1
| #define HAVE_SYS_WAIT_H 1
| #define HAVE_TERMIOS_H 1
| #define HAVE_DIRENT_H 1
| #define STDC_HEADERS 1
| #define _ALL_SOURCE 1
| #define _DARWIN_C_SOURCE 1
| #define _GNU_SOURCE 1
| #define _HPUX_ALT_XOPEN_SOCKET_API 1
| #define _NETBSD_SOURCE 1
| #define _OPENBSD_SOURCE 1
| #define _POSIX_PTHREAD_SEMANTICS 1
| #define __STDC_WANT_IEC_60559_ATTRIBS_EXT__ 1
| #define __STDC_WANT_IEC_60559_BFP_EXT__ 1
| #define __STDC_WANT_IEC_60559_DFP_EXT__ 1
| #define __STDC_WANT_IEC_60559_FUNCS_EXT__ 1
| #define __STDC_WANT_IEC_60559_TYPES_EXT__ 1
| #define __STDC_WANT_LIB_EXT2__ 1
| #define __STDC_WANT_MATH_SPEC_FUNCS__ 1
| #define _TANDEM_SOURCE 1
| #define __EXTENSIONS__ 1
| #define HAVE_TCDRAIN 1
| #define HAVE_CANONICALIZE_FILE_NAME 1
| #define HAVE_FACCESSAT 1
| #define HAVE_REALPATH 1
| #define HAVE_LSTAT 1
| #define HAVE_READLINKAT 1
| #define HAVE_FCHDIR 1
| #define HAVE_FCNTL 1
| #define HAVE_SYMLINK 1
| #define HAVE_FFSL 1
| #define HAVE_SNPRINTF 1
| #define HAVE_FSYNC 1
| #define HAVE_GETRUSAGE 1
| #define HAVE_GETTIMEOFDAY 1
| #define HAVE_ISWCNTRL 1
| #define HAVE_ISWBLANK 1
| #define HAVE_MBSINIT 1
| #define HAVE_MBRTOWC 1
| #define HAVE_ISASCII 1
| #define HAVE_MPROTECT 1
| #define HAVE_OBSTACK_PRINTF 1
| #define HAVE_STRERROR_R 1
| #define HAVE___XPG_STRERROR_R 1
| #define HAVE_PIPE 1
| #define HAVE_PIPE2 1
| #define HAVE_POSIX_SPAWN_FILE_ACTIONS_ADDCHDIR_NP 1
| #define HAVE_READLINK 1
| #define HAVE_SETENV 1
| #define HAVE_LINK 1
| #define HAVE_SIGACTION 1
| #define HAVE_SIGALTSTACK 1
| #define HAVE_SIGINTERRUPT 1
| #define HAVE_STPNCPY 1
| #define HAVE_STRNDUP 1
| #define HAVE_WCWIDTH 1
| #define HAVE_FDOPENDIR 1
| #define HAVE_MEMPCPY 1
| #define HAVE_FSTATAT 1
| #define HAVE_GETDELIM 1
| #define HAVE_GETDTABLESIZE 1
| #define HAVE_OPENAT 1
| #define HAVE_CATGETS 1
| #define HAVE_SETLOCALE 1
| #define YYTEXT_POINTER 1
| #define M4 "m4"
| #define M4_GNU_OPTION "--gnu"
| #define HAVE_ALLOCA_H 1
| #define HAVE_ALLOCA 1
| #define HAVE_MALLOC_POSIX 1
| #define LSTAT_FOLLOWS_SLASHED_SYMLINK 1
| #define FUNC_REALPATH_WORKS 1
| #define HAVE_GETCWD 1
| #define restrict __restrict__
| #define HAVE_ENVIRON_DECL 1
| #define HAVE_DECL_STRERROR_R 1
| #define HAVE_STRERROR_R 1
| #define STRERROR_R_CHAR_P 1
| #define HAVE_SIG_ATOMIC_T 1
| #define HAVE_WORKING_O_NOATIME 1
| #define HAVE_WORKING_O_NOFOLLOW 1
| #define HAVE_STDINT_H_WITH_UINTMAX 1
| #define HAVE_INTTYPES_H_WITH_UINTMAX 1
| #define CHECK_PRINTF_SAFE 1
| #define HAVE_WCHAR_T 1
| #define HAVE_WINT_T 1
| #define HAVE_INTMAX_T 1
| #define DBL_EXPBIT0_WORD 1
| #define DBL_EXPBIT0_BIT 20
| #define HAVE_SNPRINTF 1
| #define HAVE_STRNLEN 1
| #define HAVE_WCSLEN 1
| #define HAVE_WCSNLEN 1
| #define HAVE_MBRTOWC 1
| #define HAVE_WCRTOMB 1
| #define HAVE_DECL__SNPRINTF 0
| #define HAVE_SNPRINTF_RETVAL_C99 1
| #define HAVE_SNPRINTF_TRUNCATION_C99 1
| #define HAVE_DECL_ALARM 1
| #define HAVE_DECL_GETCWD 1
| #define D_INO_IN_DIRENT 1
| #define HAVE_GETOPT_H 1
| #define HAVE_GETOPT_LONG_ONLY 1
| #define HAVE_ICONV 1
| #define ICONV_CONST 
| #define HAVE_LONG_LONG_INT 1
| #define HAVE_UNSIGNED_LONG_LONG_INT 1
| #define FLT_EXPBIT0_WORD 0
| #define FLT_EXPBIT0_BIT 23
| #define HAVE_TOWLOWER 1
| #define HAVE_LANGINFO_CODESET 1
| #define HAVE_WEAK_SYMBOLS 1
| #define HAVE_PTHREAD_API 1
| #define USE_POSIX_THREADS 1
| #define USE_POSIX_THREADS_FROM_LIBC 1
| #define HAVE_MBSTATE_T 1
| #define HAVE_MAP_ANONYMOUS 1
| #define HAVE_MINMAX_IN_SYS_PARAM_H 1
| #define HAVE_DECL_OBSTACK_PRINTF 1
| #define PROMOTED_MODE_T mode_t
| #define HAVE_POSIX_SPAWN 1
| #define HAVE_DECL_POSIX_SPAWN 1
| #define REPLACE_VFPRINTF_POSIX 1
| #define USER_LABEL_PREFIX 
| #define HAVE_SIGSET_T 1
| #define INSTALLPREFIX "/home/ubuntu/yocto/rpi-build/tmp/work/x86_64-linux/bison-native/3.8.2-r0/recipe-sysroot-native/usr"
| #define MALLOC_0_IS_NONNULL 1
| #define HAVE_DECL_SETENV 1
| #define HAVE_SCHED_H 1
| /* end confdefs.h.  */
| 
| #include <signal.h>
| 
| 
| int
| main (void)
| {
| if (sizeof ((volatile sig_atomic_t)))
| 	    return 0;
|   ;
|   return 0;
| }
configure:29911: result: yes
configure:29928: checking for sighandler_t
configure:29928: gcc  -c -isystem/home/ubuntu/yocto/rpi-build/tmp/work/x86_64-linux/bison-native/3.8.2-r0/recipe-sysroot-native/usr/include -O2 -pipe -isystem/home/ubuntu/yocto/rpi-build/tmp/work/x86_64-linux/bison-native/3.8.2-r0/recipe-sysroot-native/usr/include conftest.c >&5
configure:29928: $? = 0
configure:29928: gcc  -c -isystem/home/ubuntu/yocto/rpi-build/tmp/work/x86_64-linux/bison-native/3.8.2-r0/recipe-sysroot-native/usr/include -O2 -pipe -isystem/home/ubuntu/yocto/rpi-build/tmp/work/x86_64-linux/bison-native/3.8.2-r0/recipe-sysroot-native/usr/include conftest.c >&5
conftest.c: In function 'main':
conftest.c:175:27: error: expected expression before ')' token
  175 | if (sizeof ((sighandler_t)))
      |                           ^
configure:29928: $? = 1
configure: failed program was:
| /* confdefs.h */
| #define PACKAGE_NAME "GNU Bison"
| #define PACKAGE_TARNAME "bison"
| #define PACKAGE_VERSION "3.8.2"
| #define PACKAGE_STRING "GNU Bison 3.8.2"
| #define PACKAGE_BUGREPORT "bug-bison@gnu.org"
| #define PACKAGE_URL "https://www.gnu.org/software/bison/"
| #define PACKAGE_COPYRIGHT_YEAR 2021
| #define PACKAGE "bison"
| #define VERSION "3.8.2"
| #define HAVE_STDIO_H 1
| #define HAVE_STDLIB_H 1
| #define HAVE_STRING_H 1
| #define HAVE_INTTYPES_H 1
| #define HAVE_STDINT_H 1
| #define HAVE_STRINGS_H 1
| #define HAVE_SYS_STAT_H 1
| #define HAVE_SYS_TYPES_H 1
| #define HAVE_UNISTD_H 1
| #define HAVE_WCHAR_H 1
| #define HAVE_LOCALE_H 1
| #define HAVE_SYS_PARAM_H 1
| #define HAVE_SYS_SOCKET_H 1
| #define HAVE_STDIO_EXT_H 1
| #define HAVE_FEATURES_H 1
| #define HAVE_GETOPT_H 1
| #define HAVE_SYS_CDEFS_H 1
| #define HAVE_SYS_TIME_H 1
| #define HAVE_ICONV_H 1
| #define HAVE_LIMITS_H 1
| #define HAVE_WCTYPE_H 1
| #define HAVE_THREADS_H 1
| #define HAVE_MATH_H 1
| #define HAVE_SYS_MMAN_H 1
| #define HAVE_SPAWN_H 1
| #define HAVE_SYS_IOCTL_H 1
| #define HAVE_SYS_RESOURCE_H 1
| #define HAVE_SYS_TIMES_H 1
| #define HAVE_SYS_WAIT_H 1
| #define HAVE_TERMIOS_H 1
| #define HAVE_DIRENT_H 1
| #define STDC_HEADERS 1
| #define _ALL_SOURCE 1
| #define _DARWIN_C_SOURCE 1
| #define _GNU_SOURCE 1
| #define _HPUX_ALT_XOPEN_SOCKET_API 1
| #define _NETBSD_SOURCE 1
| #define _OPENBSD_SOURCE 1
| #define _POSIX_PTHREAD_SEMANTICS 1
| #define __STDC_WANT_IEC_60559_ATTRIBS_EXT__ 1
| #define __STDC_WANT_IEC_60559_BFP_EXT__ 1
| #define __STDC_WANT_IEC_60559_DFP_EXT__ 1
| #define __STDC_WANT_IEC_60559_FUNCS_EXT__ 1
| #define __STDC_WANT_IEC_60559_TYPES_EXT__ 1
| #define __STDC_WANT_LIB_EXT2__ 1
| #define __STDC_WANT_MATH_SPEC_FUNCS__ 1
| #define _TANDEM_SOURCE 1
| #define __EXTENSIONS__ 1
| #define HAVE_TCDRAIN 1
| #define HAVE_CANONICALIZE_FILE_NAME 1
| #define HAVE_FACCESSAT 1
| #define HAVE_REALPATH 1
| #define HAVE_LSTAT 1
| #define HAVE_READLINKAT 1
| #define HAVE_FCHDIR 1
| #define HAVE_FCNTL 1
| #define HAVE_SYMLINK 1
| #define HAVE_FFSL 1
| #define HAVE_SNPRINTF 1
| #define HAVE_FSYNC 1
| #define HAVE_GETRUSAGE 1
| #define HAVE_GETTIMEOFDAY 1
| #define HAVE_ISWCNTRL 1
| #define HAVE_ISWBLANK 1
| #define HAVE_MBSINIT 1
| #define HAVE_MBRTOWC 1
| #define HAVE_ISASCII 1
| #define HAVE_MPROTECT 1
| #define HAVE_OBSTACK_PRINTF 1
| #define HAVE_STRERROR_R 1
| #define HAVE___XPG_STRERROR_R 1
| #define HAVE_PIPE 1
| #define HAVE_PIPE2 1
| #define HAVE_POSIX_SPAWN_FILE_ACTIONS_ADDCHDIR_NP 1
| #define HAVE_READLINK 1
| #define HAVE_SETENV 1
| #define HAVE_LINK 1
| #define HAVE_SIGACTION 1
| #define HAVE_SIGALTSTACK 1
| #define HAVE_SIGINTERRUPT 1
| #define HAVE_STPNCPY 1
| #define HAVE_STRNDUP 1
| #define HAVE_WCWIDTH 1
| #define HAVE_FDOPENDIR 1
| #define HAVE_MEMPCPY 1
| #define HAVE_FSTATAT 1
| #define HAVE_GETDELIM 1
| #define HAVE_GETDTABLESIZE 1
| #define HAVE_OPENAT 1
| #define HAVE_CATGETS 1
| #define HAVE_SETLOCALE 1
| #define YYTEXT_POINTER 1
| #define M4 "m4"
| #define M4_GNU_OPTION "--gnu"
| #define HAVE_ALLOCA_H 1
| #define HAVE_ALLOCA 1
| #define HAVE_MALLOC_POSIX 1
| #define LSTAT_FOLLOWS_SLASHED_SYMLINK 1
| #define FUNC_REALPATH_WORKS 1
| #define HAVE_GETCWD 1
| #define restrict __restrict__
| #define HAVE_ENVIRON_DECL 1
| #define HAVE_DECL_STRERROR_R 1
| #define HAVE_STRERROR_R 1
| #define STRERROR_R_CHAR_P 1
| #define HAVE_SIG_ATOMIC_T 1
| #define HAVE_WORKING_O_NOATIME 1
| #define HAVE_WORKING_O_NOFOLLOW 1
| #define HAVE_STDINT_H_WITH_UINTMAX 1
| #define HAVE_INTTYPES_H_WITH_UINTMAX 1
| #define CHECK_PRINTF_SAFE 1
| #define HAVE_WCHAR_T 1
| #define HAVE_WINT_T 1
| #define HAVE_INTMAX_T 1
| #define DBL_EXPBIT0_WORD 1
| #define DBL_EXPBIT0_BIT 20
| #define HAVE_SNPRINTF 1
| #define HAVE_STRNLEN 1
| #define HAVE_WCSLEN 1
| #define HAVE_WCSNLEN 1
| #define HAVE_MBRTOWC 1
| #define HAVE_WCRTOMB 1
| #define HAVE_DECL__SNPRINTF 0
| #define HAVE_SNPRINTF_RETVAL_C99 1
| #define HAVE_SNPRINTF_TRUNCATION_C99 1
| #define HAVE_DECL_ALARM 1
| #define HAVE_DECL_GETCWD 1
| #define D_INO_IN_DIRENT 1
| #define HAVE_GETOPT_H 1
| #define HAVE_GETOPT_LONG_ONLY 1
| #define HAVE_ICONV 1
| #define ICONV_CONST 
| #define HAVE_LONG_LONG_INT 1
| #define HAVE_UNSIGNED_LONG_LONG_INT 1
| #define FLT_EXPBIT0_WORD 0
| #define FLT_EXPBIT0_BIT 23
| #define HAVE_TOWLOWER 1
| #define HAVE_LANGINFO_CODESET 1
| #define HAVE_WEAK_SYMBOLS 1
| #define HAVE_PTHREAD_API 1
| #define USE_POSIX_THREADS 1
| #define USE_POSIX_THREADS_FROM_LIBC 1
| #define HAVE_MBSTATE_T 1
| #define HAVE_MAP_ANONYMOUS 1
| #define HAVE_MINMAX_IN_SYS_PARAM_H 1
| #define HAVE_DECL_OBSTACK_PRINTF 1
| #define PROMOTED_MODE_T mode_t
| #define HAVE_POSIX_SPAWN 1
| #define HAVE_DECL_POSIX_SPAWN 1
| #define REPLACE_VFPRINTF_POSIX 1
| #define USER_LABEL_PREFIX 
| #define HAVE_SIGSET_T 1
| #define INSTALLPREFIX "/home/ubuntu/yocto/rpi-build/tmp/work/x86_64-linux/bison-native/3.8.2-r0/recipe-sysroot-native/usr"
| #define MALLOC_0_IS_NONNULL 1
| #define HAVE_DECL_SETENV 1
| #define HAVE_SCHED_H 1
| /* end confdefs.h.  */
| 
| #include <signal.h>
| 
| 
| int
| main (void)
| {
| if (sizeof ((sighandler_t)))
| 	    return 0;
|   ;
|   return 0;
| }
configure:29928: result: yes
configure:29946: checking whether snprintf is declared
configure:29946: gcc  -c -isystem/home/ubuntu/yocto/rpi-build/tmp/work/x86_64-linux/bison-native/3.8.2-r0/recipe-sysroot-native/usr/include -O2 -pipe  -isystem/home/ubuntu/yocto/rpi-build/tmp/work/x86_64-linux/bison-native/3.8.2-r0/recipe-sysroot-native/usr/include conftest.c >&5
configure:29946: $? = 0
configure:29946: result: yes
configure:30041: checking for posix_spawnattr_t
configure:30041: gcc  -c -isystem/home/ubuntu/yocto/rpi-build/tmp/work/x86_64-linux/bison-native/3.8.2-r0/recipe-sysroot-native/usr/include -O2 -pipe -isystem/home/ubuntu/yocto/rpi-build/tmp/work/x86_64-linux/bison-native/3.8.2-r0/recipe-sysroot-native/usr/include conftest.c >&5
configure:30041: $? = 0
configure:30041: gcc  -c -isystem/home/ubuntu/yocto/rpi-build/tmp/work/x86_64-linux/bison-native/3.8.2-r0/recipe-sysroot-native/usr/include -O2 -pipe -isystem/home/ubuntu/yocto/rpi-build/tmp/work/x86_64-linux/bison-native/3.8.2-r0/recipe-sysroot-native/usr/include conftest.c >&5
conftest.c: In function 'main':
conftest.c:176:32: error: expected expression before ')' token
  176 | if (sizeof ((posix_spawnattr_t)))
      |                                ^
configure:30041: $? = 1
configure: failed program was:
| /* confdefs.h */
| #define PACKAGE_NAME "GNU Bison"
| #define PACKAGE_TARNAME "bison"
| #define PACKAGE_VERSION "3.8.2"
| #define PACKAGE_STRING "GNU Bison 3.8.2"
| #define PACKAGE_BUGREPORT "bug-bison@gnu.org"
| #define PACKAGE_URL "https://www.gnu.org/software/bison/"
| #define PACKAGE_COPYRIGHT_YEAR 2021
| #define PACKAGE "bison"
| #define VERSION "3.8.2"
| #define HAVE_STDIO_H 1
| #define HAVE_STDLIB_H 1
| #define HAVE_STRING_H 1
| #define HAVE_INTTYPES_H 1
| #define HAVE_STDINT_H 1
| #define HAVE_STRINGS_H 1
| #define HAVE_SYS_STAT_H 1
| #define HAVE_SYS_TYPES_H 1
| #define HAVE_UNISTD_H 1
| #define HAVE_WCHAR_H 1
| #define HAVE_LOCALE_H 1
| #define HAVE_SYS_PARAM_H 1
| #define HAVE_SYS_SOCKET_H 1
| #define HAVE_STDIO_EXT_H 1
| #define HAVE_FEATURES_H 1
| #define HAVE_GETOPT_H 1
| #define HAVE_SYS_CDEFS_H 1
| #define HAVE_SYS_TIME_H 1
| #define HAVE_ICONV_H 1
| #define HAVE_LIMITS_H 1
| #define HAVE_WCTYPE_H 1
| #define HAVE_THREADS_H 1
| #define HAVE_MATH_H 1
| #define HAVE_SYS_MMAN_H 1
| #define HAVE_SPAWN_H 1
| #define HAVE_SYS_IOCTL_H 1
| #define HAVE_SYS_RESOURCE_H 1
| #define HAVE_SYS_TIMES_H 1
| #define HAVE_SYS_WAIT_H 1
| #define HAVE_TERMIOS_H 1
| #define HAVE_DIRENT_H 1
| #define STDC_HEADERS 1
| #define _ALL_SOURCE 1
| #define _DARWIN_C_SOURCE 1
| #define _GNU_SOURCE 1
| #define _HPUX_ALT_XOPEN_SOCKET_API 1
| #define _NETBSD_SOURCE 1
| #define _OPENBSD_SOURCE 1
| #define _POSIX_PTHREAD_SEMANTICS 1
| #define __STDC_WANT_IEC_60559_ATTRIBS_EXT__ 1
| #define __STDC_WANT_IEC_60559_BFP_EXT__ 1
| #define __STDC_WANT_IEC_60559_DFP_EXT__ 1
| #define __STDC_WANT_IEC_60559_FUNCS_EXT__ 1
| #define __STDC_WANT_IEC_60559_TYPES_EXT__ 1
| #define __STDC_WANT_LIB_EXT2__ 1
| #define __STDC_WANT_MATH_SPEC_FUNCS__ 1
| #define _TANDEM_SOURCE 1
| #define __EXTENSIONS__ 1
| #define HAVE_TCDRAIN 1
| #define HAVE_CANONICALIZE_FILE_NAME 1
| #define HAVE_FACCESSAT 1
| #define HAVE_REALPATH 1
| #define HAVE_LSTAT 1
| #define HAVE_READLINKAT 1
| #define HAVE_FCHDIR 1
| #define HAVE_FCNTL 1
| #define HAVE_SYMLINK 1
| #define HAVE_FFSL 1
| #define HAVE_SNPRINTF 1
| #define HAVE_FSYNC 1
| #define HAVE_GETRUSAGE 1
| #define HAVE_GETTIMEOFDAY 1
| #define HAVE_ISWCNTRL 1
| #define HAVE_ISWBLANK 1
| #define HAVE_MBSINIT 1
| #define HAVE_MBRTOWC 1
| #define HAVE_ISASCII 1
| #define HAVE_MPROTECT 1
| #define HAVE_OBSTACK_PRINTF 1
| #define HAVE_STRERROR_R 1
| #define HAVE___XPG_STRERROR_R 1
| #define HAVE_PIPE 1
| #define HAVE_PIPE2 1
| #define HAVE_POSIX_SPAWN_FILE_ACTIONS_ADDCHDIR_NP 1
| #define HAVE_READLINK 1
| #define HAVE_SETENV 1
| #define HAVE_LINK 1
| #define HAVE_SIGACTION 1
| #define HAVE_SIGALTSTACK 1
| #define HAVE_SIGINTERRUPT 1
| #define HAVE_STPNCPY 1
| #define HAVE_STRNDUP 1
| #define HAVE_WCWIDTH 1
| #define HAVE_FDOPENDIR 1
| #define HAVE_MEMPCPY 1
| #define HAVE_FSTATAT 1
| #define HAVE_GETDELIM 1
| #define HAVE_GETDTABLESIZE 1
| #define HAVE_OPENAT 1
| #define HAVE_CATGETS 1
| #define HAVE_SETLOCALE 1
| #define YYTEXT_POINTER 1
| #define M4 "m4"
| #define M4_GNU_OPTION "--gnu"
| #define HAVE_ALLOCA_H 1
| #define HAVE_ALLOCA 1
| #define HAVE_MALLOC_POSIX 1
| #define LSTAT_FOLLOWS_SLASHED_SYMLINK 1
| #define FUNC_REALPATH_WORKS 1
| #define HAVE_GETCWD 1
| #define restrict __restrict__
| #define HAVE_ENVIRON_DECL 1
| #define HAVE_DECL_STRERROR_R 1
| #define HAVE_STRERROR_R 1
| #define STRERROR_R_CHAR_P 1
| #define HAVE_SIG_ATOMIC_T 1
| #define HAVE_WORKING_O_NOATIME 1
| #define HAVE_WORKING_O_NOFOLLOW 1
| #define HAVE_STDINT_H_WITH_UINTMAX 1
| #define HAVE_INTTYPES_H_WITH_UINTMAX 1
| #define CHECK_PRINTF_SAFE 1
| #define HAVE_WCHAR_T 1
| #define HAVE_WINT_T 1
| #define HAVE_INTMAX_T 1
| #define DBL_EXPBIT0_WORD 1
| #define DBL_EXPBIT0_BIT 20
| #define HAVE_SNPRINTF 1
| #define HAVE_STRNLEN 1
| #define HAVE_WCSLEN 1
| #define HAVE_WCSNLEN 1
| #define HAVE_MBRTOWC 1
| #define HAVE_WCRTOMB 1
| #define HAVE_DECL__SNPRINTF 0
| #define HAVE_SNPRINTF_RETVAL_C99 1
| #define HAVE_SNPRINTF_TRUNCATION_C99 1
| #define HAVE_DECL_ALARM 1
| #define HAVE_DECL_GETCWD 1
| #define D_INO_IN_DIRENT 1
| #define HAVE_GETOPT_H 1
| #define HAVE_GETOPT_LONG_ONLY 1
| #define HAVE_ICONV 1
| #define ICONV_CONST 
| #define HAVE_LONG_LONG_INT 1
| #define HAVE_UNSIGNED_LONG_LONG_INT 1
| #define FLT_EXPBIT0_WORD 0
| #define FLT_EXPBIT0_BIT 23
| #define HAVE_TOWLOWER 1
| #define HAVE_LANGINFO_CODESET 1
| #define HAVE_WEAK_SYMBOLS 1
| #define HAVE_PTHREAD_API 1
| #define USE_POSIX_THREADS 1
| #define USE_POSIX_THREADS_FROM_LIBC 1
| #define HAVE_MBSTATE_T 1
| #define HAVE_MAP_ANONYMOUS 1
| #define HAVE_MINMAX_IN_SYS_PARAM_H 1
| #define HAVE_DECL_OBSTACK_PRINTF 1
| #define PROMOTED_MODE_T mode_t
| #define HAVE_POSIX_SPAWN 1
| #define HAVE_DECL_POSIX_SPAWN 1
| #define REPLACE_VFPRINTF_POSIX 1
| #define USER_LABEL_PREFIX 
| #define HAVE_SIGSET_T 1
| #define INSTALLPREFIX "/home/ubuntu/yocto/rpi-build/tmp/work/x86_64-linux/bison-native/3.8.2-r0/recipe-sysroot-native/usr"
| #define MALLOC_0_IS_NONNULL 1
| #define HAVE_DECL_SETENV 1
| #define HAVE_SCHED_H 1
| #define HAVE_DECL_SNPRINTF 1
| /* end confdefs.h.  */
| 
| #include <spawn.h>
| 
| 
| int
| main (void)
| {
| if (sizeof ((posix_spawnattr_t)))
| 	    return 0;
|   ;
|   return 0;
| }
configure:30041: result: yes
configure:30055: checking for posix_spawn_file_actions_t
configure:30055: gcc  -c -isystem/home/ubuntu/yocto/rpi-build/tmp/work/x86_64-linux/bison-native/3.8.2-r0/recipe-sysroot-native/usr/include -O2 -pipe -isystem/home/ubuntu/yocto/rpi-build/tmp/work/x86_64-linux/bison-native/3.8.2-r0/recipe-sysroot-native/usr/include conftest.c >&5
configure:30055: $? = 0
configure:30055: gcc  -c -isystem/home/ubuntu/yocto/rpi-build/tmp/work/x86_64-linux/bison-native/3.8.2-r0/recipe-sysroot-native/usr/include -O2 -pipe -isystem/home/ubuntu/yocto/rpi-build/tmp/work/x86_64-linux/bison-native/3.8.2-r0/recipe-sysroot-native/usr/include conftest.c >&5
conftest.c: In function 'main':
conftest.c:177:41: error: expected expression before ')' token
  177 | if (sizeof ((posix_spawn_file_actions_t)))
      |                                         ^
configure:30055: $? = 1
configure: failed program was:
| /* confdefs.h */
| #define PACKAGE_NAME "GNU Bison"
| #define PACKAGE_TARNAME "bison"
| #define PACKAGE_VERSION "3.8.2"
| #define PACKAGE_STRING "GNU Bison 3.8.2"
| #define PACKAGE_BUGREPORT "bug-bison@gnu.org"
| #define PACKAGE_URL "https://www.gnu.org/software/bison/"
| #define PACKAGE_COPYRIGHT_YEAR 2021
| #define PACKAGE "bison"
| #define VERSION "3.8.2"
| #define HAVE_STDIO_H 1
| #define HAVE_STDLIB_H 1
| #define HAVE_STRING_H 1
| #define HAVE_INTTYPES_H 1
| #define HAVE_STDINT_H 1
| #define HAVE_STRINGS_H 1
| #define HAVE_SYS_STAT_H 1
| #define HAVE_SYS_TYPES_H 1
| #define HAVE_UNISTD_H 1
| #define HAVE_WCHAR_H 1
| #define HAVE_LOCALE_H 1
| #define HAVE_SYS_PARAM_H 1
| #define HAVE_SYS_SOCKET_H 1
| #define HAVE_STDIO_EXT_H 1
| #define HAVE_FEATURES_H 1
| #define HAVE_GETOPT_H 1
| #define HAVE_SYS_CDEFS_H 1
| #define HAVE_SYS_TIME_H 1
| #define HAVE_ICONV_H 1
| #define HAVE_LIMITS_H 1
| #define HAVE_WCTYPE_H 1
| #define HAVE_THREADS_H 1
| #define HAVE_MATH_H 1
| #define HAVE_SYS_MMAN_H 1
| #define HAVE_SPAWN_H 1
| #define HAVE_SYS_IOCTL_H 1
| #define HAVE_SYS_RESOURCE_H 1
| #define HAVE_SYS_TIMES_H 1
| #define HAVE_SYS_WAIT_H 1
| #define HAVE_TERMIOS_H 1
| #define HAVE_DIRENT_H 1
| #define STDC_HEADERS 1
| #define _ALL_SOURCE 1
| #define _DARWIN_C_SOURCE 1
| #define _GNU_SOURCE 1
| #define _HPUX_ALT_XOPEN_SOCKET_API 1
| #define _NETBSD_SOURCE 1
| #define _OPENBSD_SOURCE 1
| #define _POSIX_PTHREAD_SEMANTICS 1
| #define __STDC_WANT_IEC_60559_ATTRIBS_EXT__ 1
| #define __STDC_WANT_IEC_60559_BFP_EXT__ 1
| #define __STDC_WANT_IEC_60559_DFP_EXT__ 1
| #define __STDC_WANT_IEC_60559_FUNCS_EXT__ 1
| #define __STDC_WANT_IEC_60559_TYPES_EXT__ 1
| #define __STDC_WANT_LIB_EXT2__ 1
| #define __STDC_WANT_MATH_SPEC_FUNCS__ 1
| #define _TANDEM_SOURCE 1
| #define __EXTENSIONS__ 1
| #define HAVE_TCDRAIN 1
| #define HAVE_CANONICALIZE_FILE_NAME 1
| #define HAVE_FACCESSAT 1
| #define HAVE_REALPATH 1
| #define HAVE_LSTAT 1
| #define HAVE_READLINKAT 1
| #define HAVE_FCHDIR 1
| #define HAVE_FCNTL 1
| #define HAVE_SYMLINK 1
| #define HAVE_FFSL 1
| #define HAVE_SNPRINTF 1
| #define HAVE_FSYNC 1
| #define HAVE_GETRUSAGE 1
| #define HAVE_GETTIMEOFDAY 1
| #define HAVE_ISWCNTRL 1
| #define HAVE_ISWBLANK 1
| #define HAVE_MBSINIT 1
| #define HAVE_MBRTOWC 1
| #define HAVE_ISASCII 1
| #define HAVE_MPROTECT 1
| #define HAVE_OBSTACK_PRINTF 1
| #define HAVE_STRERROR_R 1
| #define HAVE___XPG_STRERROR_R 1
| #define HAVE_PIPE 1
| #define HAVE_PIPE2 1
| #define HAVE_POSIX_SPAWN_FILE_ACTIONS_ADDCHDIR_NP 1
| #define HAVE_READLINK 1
| #define HAVE_SETENV 1
| #define HAVE_LINK 1
| #define HAVE_SIGACTION 1
| #define HAVE_SIGALTSTACK 1
| #define HAVE_SIGINTERRUPT 1
| #define HAVE_STPNCPY 1
| #define HAVE_STRNDUP 1
| #define HAVE_WCWIDTH 1
| #define HAVE_FDOPENDIR 1
| #define HAVE_MEMPCPY 1
| #define HAVE_FSTATAT 1
| #define HAVE_GETDELIM 1
| #define HAVE_GETDTABLESIZE 1
| #define HAVE_OPENAT 1
| #define HAVE_CATGETS 1
| #define HAVE_SETLOCALE 1
| #define YYTEXT_POINTER 1
| #define M4 "m4"
| #define M4_GNU_OPTION "--gnu"
| #define HAVE_ALLOCA_H 1
| #define HAVE_ALLOCA 1
| #define HAVE_MALLOC_POSIX 1
| #define LSTAT_FOLLOWS_SLASHED_SYMLINK 1
| #define FUNC_REALPATH_WORKS 1
| #define HAVE_GETCWD 1
| #define restrict __restrict__
| #define HAVE_ENVIRON_DECL 1
| #define HAVE_DECL_STRERROR_R 1
| #define HAVE_STRERROR_R 1
| #define STRERROR_R_CHAR_P 1
| #define HAVE_SIG_ATOMIC_T 1
| #define HAVE_WORKING_O_NOATIME 1
| #define HAVE_WORKING_O_NOFOLLOW 1
| #define HAVE_STDINT_H_WITH_UINTMAX 1
| #define HAVE_INTTYPES_H_WITH_UINTMAX 1
| #define CHECK_PRINTF_SAFE 1
| #define HAVE_WCHAR_T 1
| #define HAVE_WINT_T 1
| #define HAVE_INTMAX_T 1
| #define DBL_EXPBIT0_WORD 1
| #define DBL_EXPBIT0_BIT 20
| #define HAVE_SNPRINTF 1
| #define HAVE_STRNLEN 1
| #define HAVE_WCSLEN 1
| #define HAVE_WCSNLEN 1
| #define HAVE_MBRTOWC 1
| #define HAVE_WCRTOMB 1
| #define HAVE_DECL__SNPRINTF 0
| #define HAVE_SNPRINTF_RETVAL_C99 1
| #define HAVE_SNPRINTF_TRUNCATION_C99 1
| #define HAVE_DECL_ALARM 1
| #define HAVE_DECL_GETCWD 1
| #define D_INO_IN_DIRENT 1
| #define HAVE_GETOPT_H 1
| #define HAVE_GETOPT_LONG_ONLY 1
| #define HAVE_ICONV 1
| #define ICONV_CONST 
| #define HAVE_LONG_LONG_INT 1
| #define HAVE_UNSIGNED_LONG_LONG_INT 1
| #define FLT_EXPBIT0_WORD 0
| #define FLT_EXPBIT0_BIT 23
| #define HAVE_TOWLOWER 1
| #define HAVE_LANGINFO_CODESET 1
| #define HAVE_WEAK_SYMBOLS 1
| #define HAVE_PTHREAD_API 1
| #define USE_POSIX_THREADS 1
| #define USE_POSIX_THREADS_FROM_LIBC 1
| #define HAVE_MBSTATE_T 1
| #define HAVE_MAP_ANONYMOUS 1
| #define HAVE_MINMAX_IN_SYS_PARAM_H 1
| #define HAVE_DECL_OBSTACK_PRINTF 1
| #define PROMOTED_MODE_T mode_t
| #define HAVE_POSIX_SPAWN 1
| #define HAVE_DECL_POSIX_SPAWN 1
| #define REPLACE_VFPRINTF_POSIX 1
| #define USER_LABEL_PREFIX 
| #define HAVE_SIGSET_T 1
| #define INSTALLPREFIX "/home/ubuntu/yocto/rpi-build/tmp/work/x86_64-linux/bison-native/3.8.2-r0/recipe-sysroot-native/usr"
| #define MALLOC_0_IS_NONNULL 1
| #define HAVE_DECL_SETENV 1
| #define HAVE_SCHED_H 1
| #define HAVE_DECL_SNPRINTF 1
| #define HAVE_POSIX_SPAWNATTR_T 1
| /* end confdefs.h.  */
| 
| #include <spawn.h>
| 
| 
| int
| main (void)
| {
| if (sizeof ((posix_spawn_file_actions_t)))
| 	    return 0;
|   ;
|   return 0;
| }
configure:30055: result: yes
configure:30114: checking whether stat file-mode macros are broken
configure:30142: gcc  -c -isystem/home/ubuntu/yocto/rpi-build/tmp/work/x86_64-linux/bison-native/3.8.2-r0/recipe-sysroot-native/usr/include -O2 -pipe -isystem/home/ubuntu/yocto/rpi-build/tmp/work/x86_64-linux/bison-native/3.8.2-r0/recipe-sysroot-native/usr/include conftest.c >&5
configure:30142: $? = 0
configure:30150: result: no
configure:30255: checking for nlink_t
configure:30255: gcc  -c -isystem/home/ubuntu/yocto/rpi-build/tmp/work/x86_64-linux/bison-native/3.8.2-r0/recipe-sysroot-native/usr/include -O2 -pipe -isystem/home/ubuntu/yocto/rpi-build/tmp/work/x86_64-linux/bison-native/3.8.2-r0/recipe-sysroot-native/usr/include conftest.c >&5
configure:30255: $? = 0
configure:30255: gcc  -c -isystem/home/ubuntu/yocto/rpi-build/tmp/work/x86_64-linux/bison-native/3.8.2-r0/recipe-sysroot-native/usr/include -O2 -pipe -isystem/home/ubuntu/yocto/rpi-build/tmp/work/x86_64-linux/bison-native/3.8.2-r0/recipe-sysroot-native/usr/include conftest.c >&5
conftest.c: In function 'main':
conftest.c:177:22: error: expected expression before ')' token
  177 | if (sizeof ((nlink_t)))
      |                      ^
configure:30255: $? = 1
configure: failed program was:
| /* confdefs.h */
| #define PACKAGE_NAME "GNU Bison"
| #define PACKAGE_TARNAME "bison"
| #define PACKAGE_VERSION "3.8.2"
| #define PACKAGE_STRING "GNU Bison 3.8.2"
| #define PACKAGE_BUGREPORT "bug-bison@gnu.org"
| #define PACKAGE_URL "https://www.gnu.org/software/bison/"
| #define PACKAGE_COPYRIGHT_YEAR 2021
| #define PACKAGE "bison"
| #define VERSION "3.8.2"
| #define HAVE_STDIO_H 1
| #define HAVE_STDLIB_H 1
| #define HAVE_STRING_H 1
| #define HAVE_INTTYPES_H 1
| #define HAVE_STDINT_H 1
| #define HAVE_STRINGS_H 1
| #define HAVE_SYS_STAT_H 1
| #define HAVE_SYS_TYPES_H 1
| #define HAVE_UNISTD_H 1
| #define HAVE_WCHAR_H 1
| #define HAVE_LOCALE_H 1
| #define HAVE_SYS_PARAM_H 1
| #define HAVE_SYS_SOCKET_H 1
| #define HAVE_STDIO_EXT_H 1
| #define HAVE_FEATURES_H 1
| #define HAVE_GETOPT_H 1
| #define HAVE_SYS_CDEFS_H 1
| #define HAVE_SYS_TIME_H 1
| #define HAVE_ICONV_H 1
| #define HAVE_LIMITS_H 1
| #define HAVE_WCTYPE_H 1
| #define HAVE_THREADS_H 1
| #define HAVE_MATH_H 1
| #define HAVE_SYS_MMAN_H 1
| #define HAVE_SPAWN_H 1
| #define HAVE_SYS_IOCTL_H 1
| #define HAVE_SYS_RESOURCE_H 1
| #define HAVE_SYS_TIMES_H 1
| #define HAVE_SYS_WAIT_H 1
| #define HAVE_TERMIOS_H 1
| #define HAVE_DIRENT_H 1
| #define STDC_HEADERS 1
| #define _ALL_SOURCE 1
| #define _DARWIN_C_SOURCE 1
| #define _GNU_SOURCE 1
| #define _HPUX_ALT_XOPEN_SOCKET_API 1
| #define _NETBSD_SOURCE 1
| #define _OPENBSD_SOURCE 1
| #define _POSIX_PTHREAD_SEMANTICS 1
| #define __STDC_WANT_IEC_60559_ATTRIBS_EXT__ 1
| #define __STDC_WANT_IEC_60559_BFP_EXT__ 1
| #define __STDC_WANT_IEC_60559_DFP_EXT__ 1
| #define __STDC_WANT_IEC_60559_FUNCS_EXT__ 1
| #define __STDC_WANT_IEC_60559_TYPES_EXT__ 1
| #define __STDC_WANT_LIB_EXT2__ 1
| #define __STDC_WANT_MATH_SPEC_FUNCS__ 1
| #define _TANDEM_SOURCE 1
| #define __EXTENSIONS__ 1
| #define HAVE_TCDRAIN 1
| #define HAVE_CANONICALIZE_FILE_NAME 1
| #define HAVE_FACCESSAT 1
| #define HAVE_REALPATH 1
| #define HAVE_LSTAT 1
| #define HAVE_READLINKAT 1
| #define HAVE_FCHDIR 1
| #define HAVE_FCNTL 1
| #define HAVE_SYMLINK 1
| #define HAVE_FFSL 1
| #define HAVE_SNPRINTF 1
| #define HAVE_FSYNC 1
| #define HAVE_GETRUSAGE 1
| #define HAVE_GETTIMEOFDAY 1
| #define HAVE_ISWCNTRL 1
| #define HAVE_ISWBLANK 1
| #define HAVE_MBSINIT 1
| #define HAVE_MBRTOWC 1
| #define HAVE_ISASCII 1
| #define HAVE_MPROTECT 1
| #define HAVE_OBSTACK_PRINTF 1
| #define HAVE_STRERROR_R 1
| #define HAVE___XPG_STRERROR_R 1
| #define HAVE_PIPE 1
| #define HAVE_PIPE2 1
| #define HAVE_POSIX_SPAWN_FILE_ACTIONS_ADDCHDIR_NP 1
| #define HAVE_READLINK 1
| #define HAVE_SETENV 1
| #define HAVE_LINK 1
| #define HAVE_SIGACTION 1
| #define HAVE_SIGALTSTACK 1
| #define HAVE_SIGINTERRUPT 1
| #define HAVE_STPNCPY 1
| #define HAVE_STRNDUP 1
| #define HAVE_WCWIDTH 1
| #define HAVE_FDOPENDIR 1
| #define HAVE_MEMPCPY 1
| #define HAVE_FSTATAT 1
| #define HAVE_GETDELIM 1
| #define HAVE_GETDTABLESIZE 1
| #define HAVE_OPENAT 1
| #define HAVE_CATGETS 1
| #define HAVE_SETLOCALE 1
| #define YYTEXT_POINTER 1
| #define M4 "m4"
| #define M4_GNU_OPTION "--gnu"
| #define HAVE_ALLOCA_H 1
| #define HAVE_ALLOCA 1
| #define HAVE_MALLOC_POSIX 1
| #define LSTAT_FOLLOWS_SLASHED_SYMLINK 1
| #define FUNC_REALPATH_WORKS 1
| #define HAVE_GETCWD 1
| #define restrict __restrict__
| #define HAVE_ENVIRON_DECL 1
| #define HAVE_DECL_STRERROR_R 1
| #define HAVE_STRERROR_R 1
| #define STRERROR_R_CHAR_P 1
| #define HAVE_SIG_ATOMIC_T 1
| #define HAVE_WORKING_O_NOATIME 1
| #define HAVE_WORKING_O_NOFOLLOW 1
| #define HAVE_STDINT_H_WITH_UINTMAX 1
| #define HAVE_INTTYPES_H_WITH_UINTMAX 1
| #define CHECK_PRINTF_SAFE 1
| #define HAVE_WCHAR_T 1
| #define HAVE_WINT_T 1
| #define HAVE_INTMAX_T 1
| #define DBL_EXPBIT0_WORD 1
| #define DBL_EXPBIT0_BIT 20
| #define HAVE_SNPRINTF 1
| #define HAVE_STRNLEN 1
| #define HAVE_WCSLEN 1
| #define HAVE_WCSNLEN 1
| #define HAVE_MBRTOWC 1
| #define HAVE_WCRTOMB 1
| #define HAVE_DECL__SNPRINTF 0
| #define HAVE_SNPRINTF_RETVAL_C99 1
| #define HAVE_SNPRINTF_TRUNCATION_C99 1
| #define HAVE_DECL_ALARM 1
| #define HAVE_DECL_GETCWD 1
| #define D_INO_IN_DIRENT 1
| #define HAVE_GETOPT_H 1
| #define HAVE_GETOPT_LONG_ONLY 1
| #define HAVE_ICONV 1
| #define ICONV_CONST 
| #define HAVE_LONG_LONG_INT 1
| #define HAVE_UNSIGNED_LONG_LONG_INT 1
| #define FLT_EXPBIT0_WORD 0
| #define FLT_EXPBIT0_BIT 23
| #define HAVE_TOWLOWER 1
| #define HAVE_LANGINFO_CODESET 1
| #define HAVE_WEAK_SYMBOLS 1
| #define HAVE_PTHREAD_API 1
| #define USE_POSIX_THREADS 1
| #define USE_POSIX_THREADS_FROM_LIBC 1
| #define HAVE_MBSTATE_T 1
| #define HAVE_MAP_ANONYMOUS 1
| #define HAVE_MINMAX_IN_SYS_PARAM_H 1
| #define HAVE_DECL_OBSTACK_PRINTF 1
| #define PROMOTED_MODE_T mode_t
| #define HAVE_POSIX_SPAWN 1
| #define HAVE_DECL_POSIX_SPAWN 1
| #define REPLACE_VFPRINTF_POSIX 1
| #define USER_LABEL_PREFIX 
| #define HAVE_SIGSET_T 1
| #define INSTALLPREFIX "/home/ubuntu/yocto/rpi-build/tmp/work/x86_64-linux/bison-native/3.8.2-r0/recipe-sysroot-native/usr"
| #define MALLOC_0_IS_NONNULL 1
| #define HAVE_DECL_SETENV 1
| #define HAVE_SCHED_H 1
| #define HAVE_DECL_SNPRINTF 1
| #define HAVE_POSIX_SPAWNATTR_T 1
| #define HAVE_POSIX_SPAWN_FILE_ACTIONS_T 1
| /* end confdefs.h.  */
| #include <sys/types.h>
|      #include <sys/stat.h>
| 
| int
| main (void)
| {
| if (sizeof ((nlink_t)))
| 	    return 0;
|   ;
|   return 0;
| }
configure:30255: result: yes
configure:30370: checking for stdbool.h that conforms to C99
configure:30446: gcc  -c -isystem/home/ubuntu/yocto/rpi-build/tmp/work/x86_64-linux/bison-native/3.8.2-r0/recipe-sysroot-native/usr/include -O2 -pipe -isystem/home/ubuntu/yocto/rpi-build/tmp/work/x86_64-linux/bison-native/3.8.2-r0/recipe-sysroot-native/usr/include conftest.c >&5
configure:30446: $? = 0
configure:30454: result: yes
configure:30456: checking for _Bool
configure:30456: gcc  -c -isystem/home/ubuntu/yocto/rpi-build/tmp/work/x86_64-linux/bison-native/3.8.2-r0/recipe-sysroot-native/usr/include -O2 -pipe -isystem/home/ubuntu/yocto/rpi-build/tmp/work/x86_64-linux/bison-native/3.8.2-r0/recipe-sysroot-native/usr/include conftest.c >&5
configure:30456: $? = 0
configure:30456: gcc  -c -isystem/home/ubuntu/yocto/rpi-build/tmp/work/x86_64-linux/bison-native/3.8.2-r0/recipe-sysroot-native/usr/include -O2 -pipe -isystem/home/ubuntu/yocto/rpi-build/tmp/work/x86_64-linux/bison-native/3.8.2-r0/recipe-sysroot-native/usr/include conftest.c >&5
conftest.c: In function 'main':
conftest.c:202:20: error: expected expression before ')' token
  202 | if (sizeof ((_Bool)))
      |                    ^
configure:30456: $? = 1
configure: failed program was:
| /* confdefs.h */
| #define PACKAGE_NAME "GNU Bison"
| #define PACKAGE_TARNAME "bison"
| #define PACKAGE_VERSION "3.8.2"
| #define PACKAGE_STRING "GNU Bison 3.8.2"
| #define PACKAGE_BUGREPORT "bug-bison@gnu.org"
| #define PACKAGE_URL "https://www.gnu.org/software/bison/"
| #define PACKAGE_COPYRIGHT_YEAR 2021
| #define PACKAGE "bison"
| #define VERSION "3.8.2"
| #define HAVE_STDIO_H 1
| #define HAVE_STDLIB_H 1
| #define HAVE_STRING_H 1
| #define HAVE_INTTYPES_H 1
| #define HAVE_STDINT_H 1
| #define HAVE_STRINGS_H 1
| #define HAVE_SYS_STAT_H 1
| #define HAVE_SYS_TYPES_H 1
| #define HAVE_UNISTD_H 1
| #define HAVE_WCHAR_H 1
| #define HAVE_LOCALE_H 1
| #define HAVE_SYS_PARAM_H 1
| #define HAVE_SYS_SOCKET_H 1
| #define HAVE_STDIO_EXT_H 1
| #define HAVE_FEATURES_H 1
| #define HAVE_GETOPT_H 1
| #define HAVE_SYS_CDEFS_H 1
| #define HAVE_SYS_TIME_H 1
| #define HAVE_ICONV_H 1
| #define HAVE_LIMITS_H 1
| #define HAVE_WCTYPE_H 1
| #define HAVE_THREADS_H 1
| #define HAVE_MATH_H 1
| #define HAVE_SYS_MMAN_H 1
| #define HAVE_SPAWN_H 1
| #define HAVE_SYS_IOCTL_H 1
| #define HAVE_SYS_RESOURCE_H 1
| #define HAVE_SYS_TIMES_H 1
| #define HAVE_SYS_WAIT_H 1
| #define HAVE_TERMIOS_H 1
| #define HAVE_DIRENT_H 1
| #define STDC_HEADERS 1
| #define _ALL_SOURCE 1
| #define _DARWIN_C_SOURCE 1
| #define _GNU_SOURCE 1
| #define _HPUX_ALT_XOPEN_SOCKET_API 1
| #define _NETBSD_SOURCE 1
| #define _OPENBSD_SOURCE 1
| #define _POSIX_PTHREAD_SEMANTICS 1
| #define __STDC_WANT_IEC_60559_ATTRIBS_EXT__ 1
| #define __STDC_WANT_IEC_60559_BFP_EXT__ 1
| #define __STDC_WANT_IEC_60559_DFP_EXT__ 1
| #define __STDC_WANT_IEC_60559_FUNCS_EXT__ 1
| #define __STDC_WANT_IEC_60559_TYPES_EXT__ 1
| #define __STDC_WANT_LIB_EXT2__ 1
| #define __STDC_WANT_MATH_SPEC_FUNCS__ 1
| #define _TANDEM_SOURCE 1
| #define __EXTENSIONS__ 1
| #define HAVE_TCDRAIN 1
| #define HAVE_CANONICALIZE_FILE_NAME 1
| #define HAVE_FACCESSAT 1
| #define HAVE_REALPATH 1
| #define HAVE_LSTAT 1
| #define HAVE_READLINKAT 1
| #define HAVE_FCHDIR 1
| #define HAVE_FCNTL 1
| #define HAVE_SYMLINK 1
| #define HAVE_FFSL 1
| #define HAVE_SNPRINTF 1
| #define HAVE_FSYNC 1
| #define HAVE_GETRUSAGE 1
| #define HAVE_GETTIMEOFDAY 1
| #define HAVE_ISWCNTRL 1
| #define HAVE_ISWBLANK 1
| #define HAVE_MBSINIT 1
| #define HAVE_MBRTOWC 1
| #define HAVE_ISASCII 1
| #define HAVE_MPROTECT 1
| #define HAVE_OBSTACK_PRINTF 1
| #define HAVE_STRERROR_R 1
| #define HAVE___XPG_STRERROR_R 1
| #define HAVE_PIPE 1
| #define HAVE_PIPE2 1
| #define HAVE_POSIX_SPAWN_FILE_ACTIONS_ADDCHDIR_NP 1
| #define HAVE_READLINK 1
| #define HAVE_SETENV 1
| #define HAVE_LINK 1
| #define HAVE_SIGACTION 1
| #define HAVE_SIGALTSTACK 1
| #define HAVE_SIGINTERRUPT 1
| #define HAVE_STPNCPY 1
| #define HAVE_STRNDUP 1
| #define HAVE_WCWIDTH 1
| #define HAVE_FDOPENDIR 1
| #define HAVE_MEMPCPY 1
| #define HAVE_FSTATAT 1
| #define HAVE_GETDELIM 1
| #define HAVE_GETDTABLESIZE 1
| #define HAVE_OPENAT 1
| #define HAVE_CATGETS 1
| #define HAVE_SETLOCALE 1
| #define YYTEXT_POINTER 1
| #define M4 "m4"
| #define M4_GNU_OPTION "--gnu"
| #define HAVE_ALLOCA_H 1
| #define HAVE_ALLOCA 1
| #define HAVE_MALLOC_POSIX 1
| #define LSTAT_FOLLOWS_SLASHED_SYMLINK 1
| #define FUNC_REALPATH_WORKS 1
| #define HAVE_GETCWD 1
| #define restrict __restrict__
| #define HAVE_ENVIRON_DECL 1
| #define HAVE_DECL_STRERROR_R 1
| #define HAVE_STRERROR_R 1
| #define STRERROR_R_CHAR_P 1
| #define HAVE_SIG_ATOMIC_T 1
| #define HAVE_WORKING_O_NOATIME 1
| #define HAVE_WORKING_O_NOFOLLOW 1
| #define HAVE_STDINT_H_WITH_UINTMAX 1
| #define HAVE_INTTYPES_H_WITH_UINTMAX 1
| #define CHECK_PRINTF_SAFE 1
| #define HAVE_WCHAR_T 1
| #define HAVE_WINT_T 1
| #define HAVE_INTMAX_T 1
| #define DBL_EXPBIT0_WORD 1
| #define DBL_EXPBIT0_BIT 20
| #define HAVE_SNPRINTF 1
| #define HAVE_STRNLEN 1
| #define HAVE_WCSLEN 1
| #define HAVE_WCSNLEN 1
| #define HAVE_MBRTOWC 1
| #define HAVE_WCRTOMB 1
| #define HAVE_DECL__SNPRINTF 0
| #define HAVE_SNPRINTF_RETVAL_C99 1
| #define HAVE_SNPRINTF_TRUNCATION_C99 1
| #define HAVE_DECL_ALARM 1
| #define HAVE_DECL_GETCWD 1
| #define D_INO_IN_DIRENT 1
| #define HAVE_GETOPT_H 1
| #define HAVE_GETOPT_LONG_ONLY 1
| #define HAVE_ICONV 1
| #define ICONV_CONST 
| #define HAVE_LONG_LONG_INT 1
| #define HAVE_UNSIGNED_LONG_LONG_INT 1
| #define FLT_EXPBIT0_WORD 0
| #define FLT_EXPBIT0_BIT 23
| #define HAVE_TOWLOWER 1
| #define HAVE_LANGINFO_CODESET 1
| #define HAVE_WEAK_SYMBOLS 1
| #define HAVE_PTHREAD_API 1
| #define USE_POSIX_THREADS 1
| #define USE_POSIX_THREADS_FROM_LIBC 1
| #define HAVE_MBSTATE_T 1
| #define HAVE_MAP_ANONYMOUS 1
| #define HAVE_MINMAX_IN_SYS_PARAM_H 1
| #define HAVE_DECL_OBSTACK_PRINTF 1
| #define PROMOTED_MODE_T mode_t
| #define HAVE_POSIX_SPAWN 1
| #define HAVE_DECL_POSIX_SPAWN 1
| #define REPLACE_VFPRINTF_POSIX 1
| #define USER_LABEL_PREFIX 
| #define HAVE_SIGSET_T 1
| #define INSTALLPREFIX "/home/ubuntu/yocto/rpi-build/tmp/work/x86_64-linux/bison-native/3.8.2-r0/recipe-sysroot-native/usr"
| #define MALLOC_0_IS_NONNULL 1
| #define HAVE_DECL_SETENV 1
| #define HAVE_SCHED_H 1
| #define HAVE_DECL_SNPRINTF 1
| #define HAVE_POSIX_SPAWNATTR_T 1
| #define HAVE_POSIX_SPAWN_FILE_ACTIONS_T 1
| /* end confdefs.h.  */
| #include <stddef.h>
| #ifdef HAVE_STDIO_H
| # include <stdio.h>
| #endif
| #ifdef HAVE_STDLIB_H
| # include <stdlib.h>
| #endif
| #ifdef HAVE_STRING_H
| # include <string.h>
| #endif
| #ifdef HAVE_INTTYPES_H
| # include <inttypes.h>
| #endif
| #ifdef HAVE_STDINT_H
| # include <stdint.h>
| #endif
| #ifdef HAVE_STRINGS_H
| # include <strings.h>
| #endif
| #ifdef HAVE_SYS_TYPES_H
| # include <sys/types.h>
| #endif
| #ifdef HAVE_SYS_STAT_H
| # include <sys/stat.h>
| #endif
| #ifdef HAVE_UNISTD_H
| # include <unistd.h>
| #endif
| int
| main (void)
| {
| if (sizeof ((_Bool)))
| 	    return 0;
|   ;
|   return 0;
| }
configure:30456: result: yes
configure:30479: checking for good max_align_t
configure:30509: gcc  -c -isystem/home/ubuntu/yocto/rpi-build/tmp/work/x86_64-linux/bison-native/3.8.2-r0/recipe-sysroot-native/usr/include -O2 -pipe -isystem/home/ubuntu/yocto/rpi-build/tmp/work/x86_64-linux/bison-native/3.8.2-r0/recipe-sysroot-native/usr/include conftest.c >&5
configure:30509: $? = 0
configure:30518: result: yes
configure:30530: checking whether NULL can be used in arbitrary expressions
configure:30549: gcc  -c -isystem/home/ubuntu/yocto/rpi-build/tmp/work/x86_64-linux/bison-native/3.8.2-r0/recipe-sysroot-native/usr/include -O2 -pipe -isystem/home/ubuntu/yocto/rpi-build/tmp/work/x86_64-linux/bison-native/3.8.2-r0/recipe-sysroot-native/usr/include conftest.c >&5
configure:30549: $? = 0
configure:30557: result: yes
configure:30650: checking whether fcloseall is declared
configure:30650: gcc  -c -isystem/home/ubuntu/yocto/rpi-build/tmp/work/x86_64-linux/bison-native/3.8.2-r0/recipe-sysroot-native/usr/include -O2 -pipe  -isystem/home/ubuntu/yocto/rpi-build/tmp/work/x86_64-linux/bison-native/3.8.2-r0/recipe-sysroot-native/usr/include conftest.c >&5
configure:30650: $? = 0
configure:30650: result: yes
configure:30737: checking which flavor of printf attribute matches inttypes macros
configure:30765: gcc  -c -isystem/home/ubuntu/yocto/rpi-build/tmp/work/x86_64-linux/bison-native/3.8.2-r0/recipe-sysroot-native/usr/include -O2 -pipe -isystem/home/ubuntu/yocto/rpi-build/tmp/work/x86_64-linux/bison-native/3.8.2-r0/recipe-sysroot-native/usr/include conftest.c >&5
configure:30765: $? = 0
configure:30773: result: system
configure:30797: checking whether ecvt is declared
configure:30797: gcc  -c -isystem/home/ubuntu/yocto/rpi-build/tmp/work/x86_64-linux/bison-native/3.8.2-r0/recipe-sysroot-native/usr/include -O2 -pipe  -isystem/home/ubuntu/yocto/rpi-build/tmp/work/x86_64-linux/bison-native/3.8.2-r0/recipe-sysroot-native/usr/include conftest.c >&5
configure:30797: $? = 0
configure:30797: result: yes
configure:30806: checking whether fcvt is declared
configure:30806: gcc  -c -isystem/home/ubuntu/yocto/rpi-build/tmp/work/x86_64-linux/bison-native/3.8.2-r0/recipe-sysroot-native/usr/include -O2 -pipe  -isystem/home/ubuntu/yocto/rpi-build/tmp/work/x86_64-linux/bison-native/3.8.2-r0/recipe-sysroot-native/usr/include conftest.c >&5
configure:30806: $? = 0
configure:30806: result: yes
configure:30815: checking whether gcvt is declared
configure:30815: gcc  -c -isystem/home/ubuntu/yocto/rpi-build/tmp/work/x86_64-linux/bison-native/3.8.2-r0/recipe-sysroot-native/usr/include -O2 -pipe  -isystem/home/ubuntu/yocto/rpi-build/tmp/work/x86_64-linux/bison-native/3.8.2-r0/recipe-sysroot-native/usr/include conftest.c >&5
configure:30815: $? = 0
configure:30815: result: yes
configure:30918: checking whether stpncpy is declared
configure:30918: gcc  -c -isystem/home/ubuntu/yocto/rpi-build/tmp/work/x86_64-linux/bison-native/3.8.2-r0/recipe-sysroot-native/usr/include -O2 -pipe  -isystem/home/ubuntu/yocto/rpi-build/tmp/work/x86_64-linux/bison-native/3.8.2-r0/recipe-sysroot-native/usr/include conftest.c >&5
configure:30918: $? = 0
configure:30918: result: yes
configure:30928: checking whether strdup is declared
configure:30928: gcc  -c -isystem/home/ubuntu/yocto/rpi-build/tmp/work/x86_64-linux/bison-native/3.8.2-r0/recipe-sysroot-native/usr/include -O2 -pipe  -isystem/home/ubuntu/yocto/rpi-build/tmp/work/x86_64-linux/bison-native/3.8.2-r0/recipe-sysroot-native/usr/include conftest.c >&5
configure:30928: $? = 0
configure:30928: result: yes
configure:31018: checking whether strndup is declared
configure:31018: gcc  -c -isystem/home/ubuntu/yocto/rpi-build/tmp/work/x86_64-linux/bison-native/3.8.2-r0/recipe-sysroot-native/usr/include -O2 -pipe  -isystem/home/ubuntu/yocto/rpi-build/tmp/work/x86_64-linux/bison-native/3.8.2-r0/recipe-sysroot-native/usr/include conftest.c >&5
configure:31018: $? = 0
configure:31018: result: yes
configure:31035: checking whether <sys/ioctl.h> declares ioctl
configure:31052: gcc  -c -isystem/home/ubuntu/yocto/rpi-build/tmp/work/x86_64-linux/bison-native/3.8.2-r0/recipe-sysroot-native/usr/include -O2 -pipe -isystem/home/ubuntu/yocto/rpi-build/tmp/work/x86_64-linux/bison-native/3.8.2-r0/recipe-sysroot-native/usr/include conftest.c >&5
configure:31052: $? = 0
configure:31061: result: yes
configure:31339: checking for struct tms
configure:31339: gcc  -c -isystem/home/ubuntu/yocto/rpi-build/tmp/work/x86_64-linux/bison-native/3.8.2-r0/recipe-sysroot-native/usr/include -O2 -pipe -isystem/home/ubuntu/yocto/rpi-build/tmp/work/x86_64-linux/bison-native/3.8.2-r0/recipe-sysroot-native/usr/include conftest.c >&5
configure:31339: $? = 0
configure:31339: gcc  -c -isystem/home/ubuntu/yocto/rpi-build/tmp/work/x86_64-linux/bison-native/3.8.2-r0/recipe-sysroot-native/usr/include -O2 -pipe -isystem/home/ubuntu/yocto/rpi-build/tmp/work/x86_64-linux/bison-native/3.8.2-r0/recipe-sysroot-native/usr/include conftest.c >&5
conftest.c: In function 'main':
conftest.c:187:25: error: expected expression before ')' token
  187 | if (sizeof ((struct tms)))
      |                         ^
configure:31339: $? = 1
configure: failed program was:
| /* confdefs.h */
| #define PACKAGE_NAME "GNU Bison"
| #define PACKAGE_TARNAME "bison"
| #define PACKAGE_VERSION "3.8.2"
| #define PACKAGE_STRING "GNU Bison 3.8.2"
| #define PACKAGE_BUGREPORT "bug-bison@gnu.org"
| #define PACKAGE_URL "https://www.gnu.org/software/bison/"
| #define PACKAGE_COPYRIGHT_YEAR 2021
| #define PACKAGE "bison"
| #define VERSION "3.8.2"
| #define HAVE_STDIO_H 1
| #define HAVE_STDLIB_H 1
| #define HAVE_STRING_H 1
| #define HAVE_INTTYPES_H 1
| #define HAVE_STDINT_H 1
| #define HAVE_STRINGS_H 1
| #define HAVE_SYS_STAT_H 1
| #define HAVE_SYS_TYPES_H 1
| #define HAVE_UNISTD_H 1
| #define HAVE_WCHAR_H 1
| #define HAVE_LOCALE_H 1
| #define HAVE_SYS_PARAM_H 1
| #define HAVE_SYS_SOCKET_H 1
| #define HAVE_STDIO_EXT_H 1
| #define HAVE_FEATURES_H 1
| #define HAVE_GETOPT_H 1
| #define HAVE_SYS_CDEFS_H 1
| #define HAVE_SYS_TIME_H 1
| #define HAVE_ICONV_H 1
| #define HAVE_LIMITS_H 1
| #define HAVE_WCTYPE_H 1
| #define HAVE_THREADS_H 1
| #define HAVE_MATH_H 1
| #define HAVE_SYS_MMAN_H 1
| #define HAVE_SPAWN_H 1
| #define HAVE_SYS_IOCTL_H 1
| #define HAVE_SYS_RESOURCE_H 1
| #define HAVE_SYS_TIMES_H 1
| #define HAVE_SYS_WAIT_H 1
| #define HAVE_TERMIOS_H 1
| #define HAVE_DIRENT_H 1
| #define STDC_HEADERS 1
| #define _ALL_SOURCE 1
| #define _DARWIN_C_SOURCE 1
| #define _GNU_SOURCE 1
| #define _HPUX_ALT_XOPEN_SOCKET_API 1
| #define _NETBSD_SOURCE 1
| #define _OPENBSD_SOURCE 1
| #define _POSIX_PTHREAD_SEMANTICS 1
| #define __STDC_WANT_IEC_60559_ATTRIBS_EXT__ 1
| #define __STDC_WANT_IEC_60559_BFP_EXT__ 1
| #define __STDC_WANT_IEC_60559_DFP_EXT__ 1
| #define __STDC_WANT_IEC_60559_FUNCS_EXT__ 1
| #define __STDC_WANT_IEC_60559_TYPES_EXT__ 1
| #define __STDC_WANT_LIB_EXT2__ 1
| #define __STDC_WANT_MATH_SPEC_FUNCS__ 1
| #define _TANDEM_SOURCE 1
| #define __EXTENSIONS__ 1
| #define HAVE_TCDRAIN 1
| #define HAVE_CANONICALIZE_FILE_NAME 1
| #define HAVE_FACCESSAT 1
| #define HAVE_REALPATH 1
| #define HAVE_LSTAT 1
| #define HAVE_READLINKAT 1
| #define HAVE_FCHDIR 1
| #define HAVE_FCNTL 1
| #define HAVE_SYMLINK 1
| #define HAVE_FFSL 1
| #define HAVE_SNPRINTF 1
| #define HAVE_FSYNC 1
| #define HAVE_GETRUSAGE 1
| #define HAVE_GETTIMEOFDAY 1
| #define HAVE_ISWCNTRL 1
| #define HAVE_ISWBLANK 1
| #define HAVE_MBSINIT 1
| #define HAVE_MBRTOWC 1
| #define HAVE_ISASCII 1
| #define HAVE_MPROTECT 1
| #define HAVE_OBSTACK_PRINTF 1
| #define HAVE_STRERROR_R 1
| #define HAVE___XPG_STRERROR_R 1
| #define HAVE_PIPE 1
| #define HAVE_PIPE2 1
| #define HAVE_POSIX_SPAWN_FILE_ACTIONS_ADDCHDIR_NP 1
| #define HAVE_READLINK 1
| #define HAVE_SETENV 1
| #define HAVE_LINK 1
| #define HAVE_SIGACTION 1
| #define HAVE_SIGALTSTACK 1
| #define HAVE_SIGINTERRUPT 1
| #define HAVE_STPNCPY 1
| #define HAVE_STRNDUP 1
| #define HAVE_WCWIDTH 1
| #define HAVE_FDOPENDIR 1
| #define HAVE_MEMPCPY 1
| #define HAVE_FSTATAT 1
| #define HAVE_GETDELIM 1
| #define HAVE_GETDTABLESIZE 1
| #define HAVE_OPENAT 1
| #define HAVE_CATGETS 1
| #define HAVE_SETLOCALE 1
| #define YYTEXT_POINTER 1
| #define M4 "m4"
| #define M4_GNU_OPTION "--gnu"
| #define HAVE_ALLOCA_H 1
| #define HAVE_ALLOCA 1
| #define HAVE_MALLOC_POSIX 1
| #define LSTAT_FOLLOWS_SLASHED_SYMLINK 1
| #define FUNC_REALPATH_WORKS 1
| #define HAVE_GETCWD 1
| #define restrict __restrict__
| #define HAVE_ENVIRON_DECL 1
| #define HAVE_DECL_STRERROR_R 1
| #define HAVE_STRERROR_R 1
| #define STRERROR_R_CHAR_P 1
| #define HAVE_SIG_ATOMIC_T 1
| #define HAVE_WORKING_O_NOATIME 1
| #define HAVE_WORKING_O_NOFOLLOW 1
| #define HAVE_STDINT_H_WITH_UINTMAX 1
| #define HAVE_INTTYPES_H_WITH_UINTMAX 1
| #define CHECK_PRINTF_SAFE 1
| #define HAVE_WCHAR_T 1
| #define HAVE_WINT_T 1
| #define HAVE_INTMAX_T 1
| #define DBL_EXPBIT0_WORD 1
| #define DBL_EXPBIT0_BIT 20
| #define HAVE_SNPRINTF 1
| #define HAVE_STRNLEN 1
| #define HAVE_WCSLEN 1
| #define HAVE_WCSNLEN 1
| #define HAVE_MBRTOWC 1
| #define HAVE_WCRTOMB 1
| #define HAVE_DECL__SNPRINTF 0
| #define HAVE_SNPRINTF_RETVAL_C99 1
| #define HAVE_SNPRINTF_TRUNCATION_C99 1
| #define HAVE_DECL_ALARM 1
| #define HAVE_DECL_GETCWD 1
| #define D_INO_IN_DIRENT 1
| #define HAVE_GETOPT_H 1
| #define HAVE_GETOPT_LONG_ONLY 1
| #define HAVE_ICONV 1
| #define ICONV_CONST 
| #define HAVE_LONG_LONG_INT 1
| #define HAVE_UNSIGNED_LONG_LONG_INT 1
| #define FLT_EXPBIT0_WORD 0
| #define FLT_EXPBIT0_BIT 23
| #define HAVE_TOWLOWER 1
| #define HAVE_LANGINFO_CODESET 1
| #define HAVE_WEAK_SYMBOLS 1
| #define HAVE_PTHREAD_API 1
| #define USE_POSIX_THREADS 1
| #define USE_POSIX_THREADS_FROM_LIBC 1
| #define HAVE_MBSTATE_T 1
| #define HAVE_MAP_ANONYMOUS 1
| #define HAVE_MINMAX_IN_SYS_PARAM_H 1
| #define HAVE_DECL_OBSTACK_PRINTF 1
| #define PROMOTED_MODE_T mode_t
| #define HAVE_POSIX_SPAWN 1
| #define HAVE_DECL_POSIX_SPAWN 1
| #define REPLACE_VFPRINTF_POSIX 1
| #define USER_LABEL_PREFIX 
| #define HAVE_SIGSET_T 1
| #define INSTALLPREFIX "/home/ubuntu/yocto/rpi-build/tmp/work/x86_64-linux/bison-native/3.8.2-r0/recipe-sysroot-native/usr"
| #define MALLOC_0_IS_NONNULL 1
| #define HAVE_DECL_SETENV 1
| #define HAVE_SCHED_H 1
| #define HAVE_DECL_SNPRINTF 1
| #define HAVE_POSIX_SPAWNATTR_T 1
| #define HAVE_POSIX_SPAWN_FILE_ACTIONS_T 1
| #define HAVE__BOOL 1
| #define HAVE_DECL_FCLOSEALL 1
| #define __USE_MINGW_ANSI_STDIO 1
| #define HAVE_DECL_ECVT 1
| #define HAVE_DECL_FCVT 1
| #define HAVE_DECL_GCVT 1
| #define HAVE_DECL_STPNCPY 1
| #define HAVE_DECL_STRDUP 1
| #define HAVE_DECL_STRNDUP 1
| /* end confdefs.h.  */
| 
| #include <sys/times.h>
| 
| 
| int
| main (void)
| {
| if (sizeof ((struct tms)))
| 	    return 0;
|   ;
|   return 0;
| }
configure:31339: result: yes
configure:31692: checking for struct timespec in <time.h>
configure:31710: gcc  -c -isystem/home/ubuntu/yocto/rpi-build/tmp/work/x86_64-linux/bison-native/3.8.2-r0/recipe-sysroot-native/usr/include -O2 -pipe -isystem/home/ubuntu/yocto/rpi-build/tmp/work/x86_64-linux/bison-native/3.8.2-r0/recipe-sysroot-native/usr/include conftest.c >&5
configure:31710: $? = 0
configure:31718: result: yes
configure:31908: checking for TIME_UTC in <time.h>
configure:31926: gcc  -c -isystem/home/ubuntu/yocto/rpi-build/tmp/work/x86_64-linux/bison-native/3.8.2-r0/recipe-sysroot-native/usr/include -O2 -pipe -isystem/home/ubuntu/yocto/rpi-build/tmp/work/x86_64-linux/bison-native/3.8.2-r0/recipe-sysroot-native/usr/include conftest.c >&5
configure:31926: $? = 0
configure:31934: result: yes
configure:32001: checking whether execvpe is declared
configure:32001: gcc  -c -isystem/home/ubuntu/yocto/rpi-build/tmp/work/x86_64-linux/bison-native/3.8.2-r0/recipe-sysroot-native/usr/include -O2 -pipe  -isystem/home/ubuntu/yocto/rpi-build/tmp/work/x86_64-linux/bison-native/3.8.2-r0/recipe-sysroot-native/usr/include conftest.c >&5
configure:32001: $? = 0
configure:32001: result: yes
configure:32143: checking whether clearerr_unlocked is declared
configure:32143: gcc  -c -isystem/home/ubuntu/yocto/rpi-build/tmp/work/x86_64-linux/bison-native/3.8.2-r0/recipe-sysroot-native/usr/include -O2 -pipe  -isystem/home/ubuntu/yocto/rpi-build/tmp/work/x86_64-linux/bison-native/3.8.2-r0/recipe-sysroot-native/usr/include conftest.c >&5
configure:32143: $? = 0
configure:32143: result: yes
configure:32152: checking whether feof_unlocked is declared
configure:32152: gcc  -c -isystem/home/ubuntu/yocto/rpi-build/tmp/work/x86_64-linux/bison-native/3.8.2-r0/recipe-sysroot-native/usr/include -O2 -pipe  -isystem/home/ubuntu/yocto/rpi-build/tmp/work/x86_64-linux/bison-native/3.8.2-r0/recipe-sysroot-native/usr/include conftest.c >&5
configure:32152: $? = 0
configure:32152: result: yes
configure:32161: checking whether ferror_unlocked is declared
configure:32161: gcc  -c -isystem/home/ubuntu/yocto/rpi-build/tmp/work/x86_64-linux/bison-native/3.8.2-r0/recipe-sysroot-native/usr/include -O2 -pipe  -isystem/home/ubuntu/yocto/rpi-build/tmp/work/x86_64-linux/bison-native/3.8.2-r0/recipe-sysroot-native/usr/include conftest.c >&5
configure:32161: $? = 0
configure:32161: result: yes
configure:32170: checking whether fflush_unlocked is declared
configure:32170: gcc  -c -isystem/home/ubuntu/yocto/rpi-build/tmp/work/x86_64-linux/bison-native/3.8.2-r0/recipe-sysroot-native/usr/include -O2 -pipe  -isystem/home/ubuntu/yocto/rpi-build/tmp/work/x86_64-linux/bison-native/3.8.2-r0/recipe-sysroot-native/usr/include conftest.c >&5
configure:32170: $? = 0
configure:32170: result: yes
configure:32179: checking whether fgets_unlocked is declared
configure:32179: gcc  -c -isystem/home/ubuntu/yocto/rpi-build/tmp/work/x86_64-linux/bison-native/3.8.2-r0/recipe-sysroot-native/usr/include -O2 -pipe  -isystem/home/ubuntu/yocto/rpi-build/tmp/work/x86_64-linux/bison-native/3.8.2-r0/recipe-sysroot-native/usr/include conftest.c >&5
configure:32179: $? = 0
configure:32179: result: yes
configure:32188: checking whether fputc_unlocked is declared
configure:32188: gcc  -c -isystem/home/ubuntu/yocto/rpi-build/tmp/work/x86_64-linux/bison-native/3.8.2-r0/recipe-sysroot-native/usr/include -O2 -pipe  -isystem/home/ubuntu/yocto/rpi-build/tmp/work/x86_64-linux/bison-native/3.8.2-r0/recipe-sysroot-native/usr/include conftest.c >&5
configure:32188: $? = 0
configure:32188: result: yes
configure:32197: checking whether fputs_unlocked is declared
configure:32197: gcc  -c -isystem/home/ubuntu/yocto/rpi-build/tmp/work/x86_64-linux/bison-native/3.8.2-r0/recipe-sysroot-native/usr/include -O2 -pipe  -isystem/home/ubuntu/yocto/rpi-build/tmp/work/x86_64-linux/bison-native/3.8.2-r0/recipe-sysroot-native/usr/include conftest.c >&5
configure:32197: $? = 0
configure:32197: result: yes
configure:32206: checking whether fread_unlocked is declared
configure:32206: gcc  -c -isystem/home/ubuntu/yocto/rpi-build/tmp/work/x86_64-linux/bison-native/3.8.2-r0/recipe-sysroot-native/usr/include -O2 -pipe  -isystem/home/ubuntu/yocto/rpi-build/tmp/work/x86_64-linux/bison-native/3.8.2-r0/recipe-sysroot-native/usr/include conftest.c >&5
configure:32206: $? = 0
configure:32206: result: yes
configure:32215: checking whether fwrite_unlocked is declared
configure:32215: gcc  -c -isystem/home/ubuntu/yocto/rpi-build/tmp/work/x86_64-linux/bison-native/3.8.2-r0/recipe-sysroot-native/usr/include -O2 -pipe  -isystem/home/ubuntu/yocto/rpi-build/tmp/work/x86_64-linux/bison-native/3.8.2-r0/recipe-sysroot-native/usr/include conftest.c >&5
configure:32215: $? = 0
configure:32215: result: yes
configure:32224: checking whether getc_unlocked is declared
configure:32224: gcc  -c -isystem/home/ubuntu/yocto/rpi-build/tmp/work/x86_64-linux/bison-native/3.8.2-r0/recipe-sysroot-native/usr/include -O2 -pipe  -isystem/home/ubuntu/yocto/rpi-build/tmp/work/x86_64-linux/bison-native/3.8.2-r0/recipe-sysroot-native/usr/include conftest.c >&5
configure:32224: $? = 0
configure:32224: result: yes
configure:32233: checking whether getchar_unlocked is declared
configure:32233: gcc  -c -isystem/home/ubuntu/yocto/rpi-build/tmp/work/x86_64-linux/bison-native/3.8.2-r0/recipe-sysroot-native/usr/include -O2 -pipe  -isystem/home/ubuntu/yocto/rpi-build/tmp/work/x86_64-linux/bison-native/3.8.2-r0/recipe-sysroot-native/usr/include conftest.c >&5
configure:32233: $? = 0
configure:32233: result: yes
configure:32242: checking whether putc_unlocked is declared
configure:32242: gcc  -c -isystem/home/ubuntu/yocto/rpi-build/tmp/work/x86_64-linux/bison-native/3.8.2-r0/recipe-sysroot-native/usr/include -O2 -pipe  -isystem/home/ubuntu/yocto/rpi-build/tmp/work/x86_64-linux/bison-native/3.8.2-r0/recipe-sysroot-native/usr/include conftest.c >&5
configure:32242: $? = 0
configure:32242: result: yes
configure:32251: checking whether putchar_unlocked is declared
configure:32251: gcc  -c -isystem/home/ubuntu/yocto/rpi-build/tmp/work/x86_64-linux/bison-native/3.8.2-r0/recipe-sysroot-native/usr/include -O2 -pipe  -isystem/home/ubuntu/yocto/rpi-build/tmp/work/x86_64-linux/bison-native/3.8.2-r0/recipe-sysroot-native/usr/include conftest.c >&5
configure:32251: $? = 0
configure:32251: result: yes
configure:32260: checking whether unsetenv is declared
configure:32260: gcc  -c -isystem/home/ubuntu/yocto/rpi-build/tmp/work/x86_64-linux/bison-native/3.8.2-r0/recipe-sysroot-native/usr/include -O2 -pipe  -isystem/home/ubuntu/yocto/rpi-build/tmp/work/x86_64-linux/bison-native/3.8.2-r0/recipe-sysroot-native/usr/include conftest.c >&5
configure:32260: $? = 0
configure:32260: result: yes
configure:32269: checking whether vsnprintf is declared
configure:32269: gcc  -c -isystem/home/ubuntu/yocto/rpi-build/tmp/work/x86_64-linux/bison-native/3.8.2-r0/recipe-sysroot-native/usr/include -O2 -pipe  -isystem/home/ubuntu/yocto/rpi-build/tmp/work/x86_64-linux/bison-native/3.8.2-r0/recipe-sysroot-native/usr/include conftest.c >&5
configure:32269: $? = 0
configure:32269: result: yes
configure:32280: checking whether <wchar.h> uses 'inline' correctly
configure:32302: gcc  -c -isystem/home/ubuntu/yocto/rpi-build/tmp/work/x86_64-linux/bison-native/3.8.2-r0/recipe-sysroot-native/usr/include -O2 -pipe -isystem/home/ubuntu/yocto/rpi-build/tmp/work/x86_64-linux/bison-native/3.8.2-r0/recipe-sysroot-native/usr/include conftest1.c >&5
configure:32305: $? = 0
configure:32318: gcc  -c -isystem/home/ubuntu/yocto/rpi-build/tmp/work/x86_64-linux/bison-native/3.8.2-r0/recipe-sysroot-native/usr/include -O2 -pipe -isystem/home/ubuntu/yocto/rpi-build/tmp/work/x86_64-linux/bison-native/3.8.2-r0/recipe-sysroot-native/usr/include conftest2.c >&5
configure:32321: $? = 0
configure:32336: result: yes
configure:32457: checking whether wcsdup is declared
configure:32457: gcc  -c -isystem/home/ubuntu/yocto/rpi-build/tmp/work/x86_64-linux/bison-native/3.8.2-r0/recipe-sysroot-native/usr/include -O2 -pipe  -isystem/home/ubuntu/yocto/rpi-build/tmp/work/x86_64-linux/bison-native/3.8.2-r0/recipe-sysroot-native/usr/include conftest.c >&5
configure:32457: $? = 0
configure:32457: result: yes
configure:32474: checking POSIX termios
configure:32495: gcc  -o conftest -isystem/home/ubuntu/yocto/rpi-build/tmp/work/x86_64-linux/bison-native/3.8.2-r0/recipe-sysroot-native/usr/include -O2 -pipe -isystem/home/ubuntu/yocto/rpi-build/tmp/work/x86_64-linux/bison-native/3.8.2-r0/recipe-sysroot-native/usr/include -L/home/ubuntu/yocto/rpi-build/tmp/work/x86_64-linux/bison-native/3.8.2-r0/recipe-sysroot-native/usr/lib                         -L/home/ubuntu/yocto/rpi-build/tmp/work/x86_64-linux/bison-native/3.8.2-r0/recipe-sysroot-native/lib                         -Wl,--enable-new-dtags                         -Wl,-rpath-link,/home/ubuntu/yocto/rpi-build/tmp/work/x86_64-linux/bison-native/3.8.2-r0/recipe-sysroot-native/usr/lib                         -Wl,-rpath-link,/home/ubuntu/yocto/rpi-build/tmp/work/x86_64-linux/bison-native/3.8.2-r0/recipe-sysroot-native/lib                         -Wl,-rpath,/home/ubuntu/yocto/rpi-build/tmp/work/x86_64-linux/bison-native/3.8.2-r0/recipe-sysroot-native/usr/lib                         -Wl,-rpath,/home/ubuntu/yocto/rpi-build/tmp/work/x86_64-linux/bison-native/3.8.2-r0/recipe-sysroot-native/lib                         -Wl,-O1 -Wl,--allow-shlib-undefined -Wl,--dynamic-linker=/home/ubuntu/yocto/rpi-build/tmp/sysroots-uninative/x86_64-linux/lib/ld-linux-x86-64.so.2 conftest.c  >&5
configure:32495: $? = 0
configure:32504: result: yes
configure:32508: checking whether use of TIOCGWINSZ requires termios.h
configure:32536: result: no
configure:32686: checking whether fchdir is declared
configure:32686: gcc  -c -isystem/home/ubuntu/yocto/rpi-build/tmp/work/x86_64-linux/bison-native/3.8.2-r0/recipe-sysroot-native/usr/include -O2 -pipe  -isystem/home/ubuntu/yocto/rpi-build/tmp/work/x86_64-linux/bison-native/3.8.2-r0/recipe-sysroot-native/usr/include conftest.c >&5
configure:32686: $? = 0
configure:32686: result: yes
configure:32710: checking whether getdelim is declared
configure:32710: gcc  -c -isystem/home/ubuntu/yocto/rpi-build/tmp/work/x86_64-linux/bison-native/3.8.2-r0/recipe-sysroot-native/usr/include -O2 -pipe  -isystem/home/ubuntu/yocto/rpi-build/tmp/work/x86_64-linux/bison-native/3.8.2-r0/recipe-sysroot-native/usr/include conftest.c >&5
configure:32710: $? = 0
configure:32710: result: yes
configure:32721: checking whether getdtablesize is declared
configure:32721: gcc  -c -isystem/home/ubuntu/yocto/rpi-build/tmp/work/x86_64-linux/bison-native/3.8.2-r0/recipe-sysroot-native/usr/include -O2 -pipe  -isystem/home/ubuntu/yocto/rpi-build/tmp/work/x86_64-linux/bison-native/3.8.2-r0/recipe-sysroot-native/usr/include conftest.c >&5
configure:32721: $? = 0
configure:32721: result: yes
configure:32730: checking whether getline is declared
configure:32730: gcc  -c -isystem/home/ubuntu/yocto/rpi-build/tmp/work/x86_64-linux/bison-native/3.8.2-r0/recipe-sysroot-native/usr/include -O2 -pipe  -isystem/home/ubuntu/yocto/rpi-build/tmp/work/x86_64-linux/bison-native/3.8.2-r0/recipe-sysroot-native/usr/include conftest.c >&5
configure:32730: $? = 0
configure:32730: result: yes
configure:32744: checking whether setlocale (LC_ALL, NULL) is multithread-safe
configure:32763: result: yes
configure:32781: checking whether setlocale (category, NULL) is multithread-safe
configure:32800: result: yes
configure:32961: checking whether locale.h defines locale_t
configure:32979: gcc  -c -isystem/home/ubuntu/yocto/rpi-build/tmp/work/x86_64-linux/bison-native/3.8.2-r0/recipe-sysroot-native/usr/include -O2 -pipe -isystem/home/ubuntu/yocto/rpi-build/tmp/work/x86_64-linux/bison-native/3.8.2-r0/recipe-sysroot-native/usr/include conftest.c >&5
configure:32979: $? = 0
configure:32988: result: yes
configure:33029: checking whether locale.h conforms to POSIX:2001
configure:33048: gcc  -c -isystem/home/ubuntu/yocto/rpi-build/tmp/work/x86_64-linux/bison-native/3.8.2-r0/recipe-sysroot-native/usr/include -O2 -pipe -isystem/home/ubuntu/yocto/rpi-build/tmp/work/x86_64-linux/bison-native/3.8.2-r0/recipe-sysroot-native/usr/include conftest.c >&5
configure:33048: $? = 0
configure:33056: result: yes
configure:33059: checking whether struct lconv is properly defined
configure:33079: gcc  -c -isystem/home/ubuntu/yocto/rpi-build/tmp/work/x86_64-linux/bison-native/3.8.2-r0/recipe-sysroot-native/usr/include -O2 -pipe -isystem/home/ubuntu/yocto/rpi-build/tmp/work/x86_64-linux/bison-native/3.8.2-r0/recipe-sysroot-native/usr/include conftest.c >&5
configure:33079: $? = 0
configure:33088: result: yes
configure:33214: checking whether memrchr is declared
configure:33214: gcc  -c -isystem/home/ubuntu/yocto/rpi-build/tmp/work/x86_64-linux/bison-native/3.8.2-r0/recipe-sysroot-native/usr/include -O2 -pipe  -isystem/home/ubuntu/yocto/rpi-build/tmp/work/x86_64-linux/bison-native/3.8.2-r0/recipe-sysroot-native/usr/include conftest.c >&5
configure:33214: $? = 0
configure:33214: result: yes
configure:33318: checking whether strnlen is declared
configure:33318: gcc  -c -isystem/home/ubuntu/yocto/rpi-build/tmp/work/x86_64-linux/bison-native/3.8.2-r0/recipe-sysroot-native/usr/include -O2 -pipe  -isystem/home/ubuntu/yocto/rpi-build/tmp/work/x86_64-linux/bison-native/3.8.2-r0/recipe-sysroot-native/usr/include conftest.c >&5
configure:33318: $? = 0
configure:33318: result: yes
configure:33399: checking for alloca as a compiler built-in
configure:33425: result: yes
configure:33456: checking whether to enable assertions
configure:33476: result: yes
configure:33481: checking for __builtin_expect
configure:33497: gcc  -o conftest -isystem/home/ubuntu/yocto/rpi-build/tmp/work/x86_64-linux/bison-native/3.8.2-r0/recipe-sysroot-native/usr/include -O2 -pipe -isystem/home/ubuntu/yocto/rpi-build/tmp/work/x86_64-linux/bison-native/3.8.2-r0/recipe-sysroot-native/usr/include -L/home/ubuntu/yocto/rpi-build/tmp/work/x86_64-linux/bison-native/3.8.2-r0/recipe-sysroot-native/usr/lib                         -L/home/ubuntu/yocto/rpi-build/tmp/work/x86_64-linux/bison-native/3.8.2-r0/recipe-sysroot-native/lib                         -Wl,--enable-new-dtags                         -Wl,-rpath-link,/home/ubuntu/yocto/rpi-build/tmp/work/x86_64-linux/bison-native/3.8.2-r0/recipe-sysroot-native/usr/lib                         -Wl,-rpath-link,/home/ubuntu/yocto/rpi-build/tmp/work/x86_64-linux/bison-native/3.8.2-r0/recipe-sysroot-native/lib                         -Wl,-rpath,/home/ubuntu/yocto/rpi-build/tmp/work/x86_64-linux/bison-native/3.8.2-r0/recipe-sysroot-native/usr/lib                         -Wl,-rpath,/home/ubuntu/yocto/rpi-build/tmp/work/x86_64-linux/bison-native/3.8.2-r0/recipe-sysroot-native/lib                         -Wl,-O1 -Wl,--allow-shlib-undefined -Wl,--dynamic-linker=/home/ubuntu/yocto/rpi-build/tmp/sysroots-uninative/x86_64-linux/lib/ld-linux-x86-64.so.2 conftest.c  >&5
configure:33497: $? = 0
configure:33524: result: yes
configure:33540: checking whether calloc (0, n) and calloc (n, 0) return nonnull
configure:33596: result: yes
configure:33794: checking for library containing clock_gettime
configure:33824: gcc  -o conftest -isystem/home/ubuntu/yocto/rpi-build/tmp/work/x86_64-linux/bison-native/3.8.2-r0/recipe-sysroot-native/usr/include -O2 -pipe -isystem/home/ubuntu/yocto/rpi-build/tmp/work/x86_64-linux/bison-native/3.8.2-r0/recipe-sysroot-native/usr/include -L/home/ubuntu/yocto/rpi-build/tmp/work/x86_64-linux/bison-native/3.8.2-r0/recipe-sysroot-native/usr/lib                         -L/home/ubuntu/yocto/rpi-build/tmp/work/x86_64-linux/bison-native/3.8.2-r0/recipe-sysroot-native/lib                         -Wl,--enable-new-dtags                         -Wl,-rpath-link,/home/ubuntu/yocto/rpi-build/tmp/work/x86_64-linux/bison-native/3.8.2-r0/recipe-sysroot-native/usr/lib                         -Wl,-rpath-link,/home/ubuntu/yocto/rpi-build/tmp/work/x86_64-linux/bison-native/3.8.2-r0/recipe-sysroot-native/lib                         -Wl,-rpath,/home/ubuntu/yocto/rpi-build/tmp/work/x86_64-linux/bison-native/3.8.2-r0/recipe-sysroot-native/usr/lib                         -Wl,-rpath,/home/ubuntu/yocto/rpi-build/tmp/work/x86_64-linux/bison-native/3.8.2-r0/recipe-sysroot-native/lib                         -Wl,-O1 -Wl,--allow-shlib-undefined -Wl,--dynamic-linker=/home/ubuntu/yocto/rpi-build/tmp/sysroots-uninative/x86_64-linux/lib/ld-linux-x86-64.so.2 conftest.c  >&5
configure:33824: $? = 0
configure:33844: result: none required
configure:33854: checking for clock_gettime
configure:33854: gcc  -o conftest -isystem/home/ubuntu/yocto/rpi-build/tmp/work/x86_64-linux/bison-native/3.8.2-r0/recipe-sysroot-native/usr/include -O2 -pipe -isystem/home/ubuntu/yocto/rpi-build/tmp/work/x86_64-linux/bison-native/3.8.2-r0/recipe-sysroot-native/usr/include -L/home/ubuntu/yocto/rpi-build/tmp/work/x86_64-linux/bison-native/3.8.2-r0/recipe-sysroot-native/usr/lib                         -L/home/ubuntu/yocto/rpi-build/tmp/work/x86_64-linux/bison-native/3.8.2-r0/recipe-sysroot-native/lib                         -Wl,--enable-new-dtags                         -Wl,-rpath-link,/home/ubuntu/yocto/rpi-build/tmp/work/x86_64-linux/bison-native/3.8.2-r0/recipe-sysroot-native/usr/lib                         -Wl,-rpath-link,/home/ubuntu/yocto/rpi-build/tmp/work/x86_64-linux/bison-native/3.8.2-r0/recipe-sysroot-native/lib                         -Wl,-rpath,/home/ubuntu/yocto/rpi-build/tmp/work/x86_64-linux/bison-native/3.8.2-r0/recipe-sysroot-native/usr/lib                         -Wl,-rpath,/home/ubuntu/yocto/rpi-build/tmp/work/x86_64-linux/bison-native/3.8.2-r0/recipe-sysroot-native/lib                         -Wl,-O1 -Wl,--allow-shlib-undefined -Wl,--dynamic-linker=/home/ubuntu/yocto/rpi-build/tmp/sysroots-uninative/x86_64-linux/lib/ld-linux-x86-64.so.2 conftest.c  >&5
configure:33854: $? = 0
configure:33854: result: yes
configure:33860: checking for clock_settime
configure:33860: gcc  -o conftest -isystem/home/ubuntu/yocto/rpi-build/tmp/work/x86_64-linux/bison-native/3.8.2-r0/recipe-sysroot-native/usr/include -O2 -pipe -isystem/home/ubuntu/yocto/rpi-build/tmp/work/x86_64-linux/bison-native/3.8.2-r0/recipe-sysroot-native/usr/include -L/home/ubuntu/yocto/rpi-build/tmp/work/x86_64-linux/bison-native/3.8.2-r0/recipe-sysroot-native/usr/lib                         -L/home/ubuntu/yocto/rpi-build/tmp/work/x86_64-linux/bison-native/3.8.2-r0/recipe-sysroot-native/lib                         -Wl,--enable-new-dtags                         -Wl,-rpath-link,/home/ubuntu/yocto/rpi-build/tmp/work/x86_64-linux/bison-native/3.8.2-r0/recipe-sysroot-native/usr/lib                         -Wl,-rpath-link,/home/ubuntu/yocto/rpi-build/tmp/work/x86_64-linux/bison-native/3.8.2-r0/recipe-sysroot-native/lib                         -Wl,-rpath,/home/ubuntu/yocto/rpi-build/tmp/work/x86_64-linux/bison-native/3.8.2-r0/recipe-sysroot-native/usr/lib                         -Wl,-rpath,/home/ubuntu/yocto/rpi-build/tmp/work/x86_64-linux/bison-native/3.8.2-r0/recipe-sysroot-native/lib                         -Wl,-O1 -Wl,--allow-shlib-undefined -Wl,--dynamic-linker=/home/ubuntu/yocto/rpi-build/tmp/sysroots-uninative/x86_64-linux/lib/ld-linux-x86-64.so.2 conftest.c  >&5
configure:33860: $? = 0
configure:33860: result: yes
configure:33981: checking whether // is distinct from /
configure:34011: result: no
configure:34022: checking whether dup2 works
configure:34115: gcc  -o conftest -isystem/home/ubuntu/yocto/rpi-build/tmp/work/x86_64-linux/bison-native/3.8.2-r0/recipe-sysroot-native/usr/include -O2 -pipe -isystem/home/ubuntu/yocto/rpi-build/tmp/work/x86_64-linux/bison-native/3.8.2-r0/recipe-sysroot-native/usr/include -L/home/ubuntu/yocto/rpi-build/tmp/work/x86_64-linux/bison-native/3.8.2-r0/recipe-sysroot-native/usr/lib                         -L/home/ubuntu/yocto/rpi-build/tmp/work/x86_64-linux/bison-native/3.8.2-r0/recipe-sysroot-native/lib                         -Wl,--enable-new-dtags                         -Wl,-rpath-link,/home/ubuntu/yocto/rpi-build/tmp/work/x86_64-linux/bison-native/3.8.2-r0/recipe-sysroot-native/usr/lib                         -Wl,-rpath-link,/home/ubuntu/yocto/rpi-build/tmp/work/x86_64-linux/bison-native/3.8.2-r0/recipe-sysroot-native/lib                         -Wl,-rpath,/home/ubuntu/yocto/rpi-build/tmp/work/x86_64-linux/bison-native/3.8.2-r0/recipe-sysroot-native/usr/lib                         -Wl,-rpath,/home/ubuntu/yocto/rpi-build/tmp/work/x86_64-linux/bison-native/3.8.2-r0/recipe-sysroot-native/lib                         -Wl,-O1 -Wl,--allow-shlib-undefined -Wl,--dynamic-linker=/home/ubuntu/yocto/rpi-build/tmp/sysroots-uninative/x86_64-linux/lib/ld-linux-x86-64.so.2 conftest.c  >&5
configure:34115: $? = 0
configure:34115: ./conftest
configure:34115: $? = 0
configure:34127: result: yes
configure:34209: checking for error_at_line
configure:34226: gcc  -o conftest -isystem/home/ubuntu/yocto/rpi-build/tmp/work/x86_64-linux/bison-native/3.8.2-r0/recipe-sysroot-native/usr/include -O2 -pipe -isystem/home/ubuntu/yocto/rpi-build/tmp/work/x86_64-linux/bison-native/3.8.2-r0/recipe-sysroot-native/usr/include -L/home/ubuntu/yocto/rpi-build/tmp/work/x86_64-linux/bison-native/3.8.2-r0/recipe-sysroot-native/usr/lib                         -L/home/ubuntu/yocto/rpi-build/tmp/work/x86_64-linux/bison-native/3.8.2-r0/recipe-sysroot-native/lib                         -Wl,--enable-new-dtags                         -Wl,-rpath-link,/home/ubuntu/yocto/rpi-build/tmp/work/x86_64-linux/bison-native/3.8.2-r0/recipe-sysroot-native/usr/lib                         -Wl,-rpath-link,/home/ubuntu/yocto/rpi-build/tmp/work/x86_64-linux/bison-native/3.8.2-r0/recipe-sysroot-native/lib                         -Wl,-rpath,/home/ubuntu/yocto/rpi-build/tmp/work/x86_64-linux/bison-native/3.8.2-r0/recipe-sysroot-native/usr/lib                         -Wl,-rpath,/home/ubuntu/yocto/rpi-build/tmp/work/x86_64-linux/bison-native/3.8.2-r0/recipe-sysroot-native/lib                         -Wl,-O1 -Wl,--allow-shlib-undefined -Wl,--dynamic-linker=/home/ubuntu/yocto/rpi-build/tmp/sysroots-uninative/x86_64-linux/lib/ld-linux-x86-64.so.2 conftest.c  >&5
configure:34226: $? = 0
configure:34235: result: yes
configure:34292: checking whether fcntl handles F_DUPFD correctly
configure:34356: gcc  -o conftest -isystem/home/ubuntu/yocto/rpi-build/tmp/work/x86_64-linux/bison-native/3.8.2-r0/recipe-sysroot-native/usr/include -O2 -pipe -isystem/home/ubuntu/yocto/rpi-build/tmp/work/x86_64-linux/bison-native/3.8.2-r0/recipe-sysroot-native/usr/include -L/home/ubuntu/yocto/rpi-build/tmp/work/x86_64-linux/bison-native/3.8.2-r0/recipe-sysroot-native/usr/lib                         -L/home/ubuntu/yocto/rpi-build/tmp/work/x86_64-linux/bison-native/3.8.2-r0/recipe-sysroot-native/lib                         -Wl,--enable-new-dtags                         -Wl,-rpath-link,/home/ubuntu/yocto/rpi-build/tmp/work/x86_64-linux/bison-native/3.8.2-r0/recipe-sysroot-native/usr/lib                         -Wl,-rpath-link,/home/ubuntu/yocto/rpi-build/tmp/work/x86_64-linux/bison-native/3.8.2-r0/recipe-sysroot-native/lib                         -Wl,-rpath,/home/ubuntu/yocto/rpi-build/tmp/work/x86_64-linux/bison-native/3.8.2-r0/recipe-sysroot-native/usr/lib                         -Wl,-rpath,/home/ubuntu/yocto/rpi-build/tmp/work/x86_64-linux/bison-native/3.8.2-r0/recipe-sysroot-native/lib                         -Wl,-O1 -Wl,--allow-shlib-undefined -Wl,--dynamic-linker=/home/ubuntu/yocto/rpi-build/tmp/sysroots-uninative/x86_64-linux/lib/ld-linux-x86-64.so.2 conftest.c  >&5
configure:34356: $? = 0
configure:34356: ./conftest
configure:34356: $? = 0
configure:34367: result: yes
configure:34385: checking whether fcntl understands F_DUPFD_CLOEXEC
configure:34420: gcc  -o conftest -isystem/home/ubuntu/yocto/rpi-build/tmp/work/x86_64-linux/bison-native/3.8.2-r0/recipe-sysroot-native/usr/include -O2 -pipe -isystem/home/ubuntu/yocto/rpi-build/tmp/work/x86_64-linux/bison-native/3.8.2-r0/recipe-sysroot-native/usr/include -L/home/ubuntu/yocto/rpi-build/tmp/work/x86_64-linux/bison-native/3.8.2-r0/recipe-sysroot-native/usr/lib                         -L/home/ubuntu/yocto/rpi-build/tmp/work/x86_64-linux/bison-native/3.8.2-r0/recipe-sysroot-native/lib                         -Wl,--enable-new-dtags                         -Wl,-rpath-link,/home/ubuntu/yocto/rpi-build/tmp/work/x86_64-linux/bison-native/3.8.2-r0/recipe-sysroot-native/usr/lib                         -Wl,-rpath-link,/home/ubuntu/yocto/rpi-build/tmp/work/x86_64-linux/bison-native/3.8.2-r0/recipe-sysroot-native/lib                         -Wl,-rpath,/home/ubuntu/yocto/rpi-build/tmp/work/x86_64-linux/bison-native/3.8.2-r0/recipe-sysroot-native/usr/lib                         -Wl,-rpath,/home/ubuntu/yocto/rpi-build/tmp/work/x86_64-linux/bison-native/3.8.2-r0/recipe-sysroot-native/lib                         -Wl,-O1 -Wl,--allow-shlib-undefined -Wl,--dynamic-linker=/home/ubuntu/yocto/rpi-build/tmp/sysroots-uninative/x86_64-linux/lib/ld-linux-x86-64.so.2 conftest.c  >&5
configure:34420: $? = 0
configure:34420: ./conftest
configure:34420: $? = 0
configure:34439: gcc  -c -isystem/home/ubuntu/yocto/rpi-build/tmp/work/x86_64-linux/bison-native/3.8.2-r0/recipe-sysroot-native/usr/include -O2 -pipe -isystem/home/ubuntu/yocto/rpi-build/tmp/work/x86_64-linux/bison-native/3.8.2-r0/recipe-sysroot-native/usr/include conftest.c >&5
conftest.c:229:1: error: unknown type name 'choke'
  229 | choke me
      | ^~~~~
conftest.c:229:9: error: expected ';' before 'int'
  229 | choke me
      |         ^
      |         ;
......
  232 | int
      | ~~~      
configure:34439: $? = 1
configure: failed program was:
| /* confdefs.h */
| #define PACKAGE_NAME "GNU Bison"
| #define PACKAGE_TARNAME "bison"
| #define PACKAGE_VERSION "3.8.2"
| #define PACKAGE_STRING "GNU Bison 3.8.2"
| #define PACKAGE_BUGREPORT "bug-bison@gnu.org"
| #define PACKAGE_URL "https://www.gnu.org/software/bison/"
| #define PACKAGE_COPYRIGHT_YEAR 2021
| #define PACKAGE "bison"
| #define VERSION "3.8.2"
| #define HAVE_STDIO_H 1
| #define HAVE_STDLIB_H 1
| #define HAVE_STRING_H 1
| #define HAVE_INTTYPES_H 1
| #define HAVE_STDINT_H 1
| #define HAVE_STRINGS_H 1
| #define HAVE_SYS_STAT_H 1
| #define HAVE_SYS_TYPES_H 1
| #define HAVE_UNISTD_H 1
| #define HAVE_WCHAR_H 1
| #define HAVE_LOCALE_H 1
| #define HAVE_SYS_PARAM_H 1
| #define HAVE_SYS_SOCKET_H 1
| #define HAVE_STDIO_EXT_H 1
| #define HAVE_FEATURES_H 1
| #define HAVE_GETOPT_H 1
| #define HAVE_SYS_CDEFS_H 1
| #define HAVE_SYS_TIME_H 1
| #define HAVE_ICONV_H 1
| #define HAVE_LIMITS_H 1
| #define HAVE_WCTYPE_H 1
| #define HAVE_THREADS_H 1
| #define HAVE_MATH_H 1
| #define HAVE_SYS_MMAN_H 1
| #define HAVE_SPAWN_H 1
| #define HAVE_SYS_IOCTL_H 1
| #define HAVE_SYS_RESOURCE_H 1
| #define HAVE_SYS_TIMES_H 1
| #define HAVE_SYS_WAIT_H 1
| #define HAVE_TERMIOS_H 1
| #define HAVE_DIRENT_H 1
| #define STDC_HEADERS 1
| #define _ALL_SOURCE 1
| #define _DARWIN_C_SOURCE 1
| #define _GNU_SOURCE 1
| #define _HPUX_ALT_XOPEN_SOCKET_API 1
| #define _NETBSD_SOURCE 1
| #define _OPENBSD_SOURCE 1
| #define _POSIX_PTHREAD_SEMANTICS 1
| #define __STDC_WANT_IEC_60559_ATTRIBS_EXT__ 1
| #define __STDC_WANT_IEC_60559_BFP_EXT__ 1
| #define __STDC_WANT_IEC_60559_DFP_EXT__ 1
| #define __STDC_WANT_IEC_60559_FUNCS_EXT__ 1
| #define __STDC_WANT_IEC_60559_TYPES_EXT__ 1
| #define __STDC_WANT_LIB_EXT2__ 1
| #define __STDC_WANT_MATH_SPEC_FUNCS__ 1
| #define _TANDEM_SOURCE 1
| #define __EXTENSIONS__ 1
| #define HAVE_TCDRAIN 1
| #define HAVE_CANONICALIZE_FILE_NAME 1
| #define HAVE_FACCESSAT 1
| #define HAVE_REALPATH 1
| #define HAVE_LSTAT 1
| #define HAVE_READLINKAT 1
| #define HAVE_FCHDIR 1
| #define HAVE_FCNTL 1
| #define HAVE_SYMLINK 1
| #define HAVE_FFSL 1
| #define HAVE_SNPRINTF 1
| #define HAVE_FSYNC 1
| #define HAVE_GETRUSAGE 1
| #define HAVE_GETTIMEOFDAY 1
| #define HAVE_ISWCNTRL 1
| #define HAVE_ISWBLANK 1
| #define HAVE_MBSINIT 1
| #define HAVE_MBRTOWC 1
| #define HAVE_ISASCII 1
| #define HAVE_MPROTECT 1
| #define HAVE_OBSTACK_PRINTF 1
| #define HAVE_STRERROR_R 1
| #define HAVE___XPG_STRERROR_R 1
| #define HAVE_PIPE 1
| #define HAVE_PIPE2 1
| #define HAVE_POSIX_SPAWN_FILE_ACTIONS_ADDCHDIR_NP 1
| #define HAVE_READLINK 1
| #define HAVE_SETENV 1
| #define HAVE_LINK 1
| #define HAVE_SIGACTION 1
| #define HAVE_SIGALTSTACK 1
| #define HAVE_SIGINTERRUPT 1
| #define HAVE_STPNCPY 1
| #define HAVE_STRNDUP 1
| #define HAVE_WCWIDTH 1
| #define HAVE_FDOPENDIR 1
| #define HAVE_MEMPCPY 1
| #define HAVE_FSTATAT 1
| #define HAVE_GETDELIM 1
| #define HAVE_GETDTABLESIZE 1
| #define HAVE_OPENAT 1
| #define HAVE_CATGETS 1
| #define HAVE_SETLOCALE 1
| #define YYTEXT_POINTER 1
| #define M4 "m4"
| #define M4_GNU_OPTION "--gnu"
| #define HAVE_ALLOCA_H 1
| #define HAVE_ALLOCA 1
| #define HAVE_MALLOC_POSIX 1
| #define LSTAT_FOLLOWS_SLASHED_SYMLINK 1
| #define FUNC_REALPATH_WORKS 1
| #define HAVE_GETCWD 1
| #define restrict __restrict__
| #define HAVE_ENVIRON_DECL 1
| #define HAVE_DECL_STRERROR_R 1
| #define HAVE_STRERROR_R 1
| #define STRERROR_R_CHAR_P 1
| #define HAVE_SIG_ATOMIC_T 1
| #define HAVE_WORKING_O_NOATIME 1
| #define HAVE_WORKING_O_NOFOLLOW 1
| #define HAVE_STDINT_H_WITH_UINTMAX 1
| #define HAVE_INTTYPES_H_WITH_UINTMAX 1
| #define CHECK_PRINTF_SAFE 1
| #define HAVE_WCHAR_T 1
| #define HAVE_WINT_T 1
| #define HAVE_INTMAX_T 1
| #define DBL_EXPBIT0_WORD 1
| #define DBL_EXPBIT0_BIT 20
| #define HAVE_SNPRINTF 1
| #define HAVE_STRNLEN 1
| #define HAVE_WCSLEN 1
| #define HAVE_WCSNLEN 1
| #define HAVE_MBRTOWC 1
| #define HAVE_WCRTOMB 1
| #define HAVE_DECL__SNPRINTF 0
| #define HAVE_SNPRINTF_RETVAL_C99 1
| #define HAVE_SNPRINTF_TRUNCATION_C99 1
| #define HAVE_DECL_ALARM 1
| #define HAVE_DECL_GETCWD 1
| #define D_INO_IN_DIRENT 1
| #define HAVE_GETOPT_H 1
| #define HAVE_GETOPT_LONG_ONLY 1
| #define HAVE_ICONV 1
| #define ICONV_CONST 
| #define HAVE_LONG_LONG_INT 1
| #define HAVE_UNSIGNED_LONG_LONG_INT 1
| #define FLT_EXPBIT0_WORD 0
| #define FLT_EXPBIT0_BIT 23
| #define HAVE_TOWLOWER 1
| #define HAVE_LANGINFO_CODESET 1
| #define HAVE_WEAK_SYMBOLS 1
| #define HAVE_PTHREAD_API 1
| #define USE_POSIX_THREADS 1
| #define USE_POSIX_THREADS_FROM_LIBC 1
| #define HAVE_MBSTATE_T 1
| #define HAVE_MAP_ANONYMOUS 1
| #define HAVE_MINMAX_IN_SYS_PARAM_H 1
| #define HAVE_DECL_OBSTACK_PRINTF 1
| #define PROMOTED_MODE_T mode_t
| #define HAVE_POSIX_SPAWN 1
| #define HAVE_DECL_POSIX_SPAWN 1
| #define REPLACE_VFPRINTF_POSIX 1
| #define USER_LABEL_PREFIX 
| #define HAVE_SIGSET_T 1
| #define INSTALLPREFIX "/home/ubuntu/yocto/rpi-build/tmp/work/x86_64-linux/bison-native/3.8.2-r0/recipe-sysroot-native/usr"
| #define MALLOC_0_IS_NONNULL 1
| #define HAVE_DECL_SETENV 1
| #define HAVE_SCHED_H 1
| #define HAVE_DECL_SNPRINTF 1
| #define HAVE_POSIX_SPAWNATTR_T 1
| #define HAVE_POSIX_SPAWN_FILE_ACTIONS_T 1
| #define HAVE__BOOL 1
| #define HAVE_DECL_FCLOSEALL 1
| #define __USE_MINGW_ANSI_STDIO 1
| #define HAVE_DECL_ECVT 1
| #define HAVE_DECL_FCVT 1
| #define HAVE_DECL_GCVT 1
| #define HAVE_DECL_STPNCPY 1
| #define HAVE_DECL_STRDUP 1
| #define HAVE_DECL_STRNDUP 1
| #define HAVE_STRUCT_TMS 1
| #define _USE_STD_STAT 1
| #define HAVE_DECL_EXECVPE 1
| #define HAVE_DECL_CLEARERR_UNLOCKED 1
| #define HAVE_DECL_FEOF_UNLOCKED 1
| #define HAVE_DECL_FERROR_UNLOCKED 1
| #define HAVE_DECL_FFLUSH_UNLOCKED 1
| #define HAVE_DECL_FGETS_UNLOCKED 1
| #define HAVE_DECL_FPUTC_UNLOCKED 1
| #define HAVE_DECL_FPUTS_UNLOCKED 1
| #define HAVE_DECL_FREAD_UNLOCKED 1
| #define HAVE_DECL_FWRITE_UNLOCKED 1
| #define HAVE_DECL_GETC_UNLOCKED 1
| #define HAVE_DECL_GETCHAR_UNLOCKED 1
| #define HAVE_DECL_PUTC_UNLOCKED 1
| #define HAVE_DECL_PUTCHAR_UNLOCKED 1
| #define HAVE_DECL_UNSETENV 1
| #define HAVE_DECL_VSNPRINTF 1
| #define HAVE_DECL_WCSDUP 1
| #define HAVE_DECL_FCHDIR 1
| #define HAVE_DECL_GETDELIM 1
| #define HAVE_DECL_GETDTABLESIZE 1
| #define HAVE_DECL_GETLINE 1
| #define SETLOCALE_NULL_ALL_MTSAFE 1
| #define SETLOCALE_NULL_ONE_MTSAFE 1
| #define HAVE_DECL_MEMRCHR 1
| #define HAVE_DECL_STRNLEN 1
| #define GNULIB_TEST_ACCESS 1
| #define HAVE_ALLOCA 1
| #define HAVE___BUILTIN_EXPECT 1
| #define GNULIB_TEST_CALLOC_POSIX 1
| #define GNULIB_CANONICALIZE 1
| #define GNULIB_TEST_CANONICALIZE 1
| #define GNULIB_TEST_CANONICALIZE_FILE_NAME 1
| #define GNULIB_CANONICALIZE_LGPL 1
| #define GNULIB_TEST_CANONICALIZE_FILE_NAME 1
| #define GNULIB_TEST_REALPATH 1
| #define HAVE_CLOCK_GETTIME 1
| #define HAVE_CLOCK_SETTIME 1
| #define GNULIB_TEST_CLOEXEC 1
| #define GNULIB_TEST_CLOSE 1
| #define GNULIB_CLOSE_STREAM 1
| #define GNULIB_DIRNAME 1
| #define GNULIB_TEST_DUP2 1
| #define GNULIB_TEST_ENVIRON 1
| /* end confdefs.h.  */
| 
| #ifdef __linux__
| /* The Linux kernel only added F_DUPFD_CLOEXEC in 2.6.24, so we always replace
|    it to support the semantics on older kernels that failed with EINVAL.  */
| choke me
| #endif
| 
| int
| main (void)
| {
| 
|   ;
|   return 0;
| }
configure:34456: result: needs runtime check
configure:34632: checking whether conversion from 'int' to 'long double' works
configure:34679: gcc  -o conftest -isystem/home/ubuntu/yocto/rpi-build/tmp/work/x86_64-linux/bison-native/3.8.2-r0/recipe-sysroot-native/usr/include -O2 -pipe -isystem/home/ubuntu/yocto/rpi-build/tmp/work/x86_64-linux/bison-native/3.8.2-r0/recipe-sysroot-native/usr/include -L/home/ubuntu/yocto/rpi-build/tmp/work/x86_64-linux/bison-native/3.8.2-r0/recipe-sysroot-native/usr/lib                         -L/home/ubuntu/yocto/rpi-build/tmp/work/x86_64-linux/bison-native/3.8.2-r0/recipe-sysroot-native/lib                         -Wl,--enable-new-dtags                         -Wl,-rpath-link,/home/ubuntu/yocto/rpi-build/tmp/work/x86_64-linux/bison-native/3.8.2-r0/recipe-sysroot-native/usr/lib                         -Wl,-rpath-link,/home/ubuntu/yocto/rpi-build/tmp/work/x86_64-linux/bison-native/3.8.2-r0/recipe-sysroot-native/lib                         -Wl,-rpath,/home/ubuntu/yocto/rpi-build/tmp/work/x86_64-linux/bison-native/3.8.2-r0/recipe-sysroot-native/usr/lib                         -Wl,-rpath,/home/ubuntu/yocto/rpi-build/tmp/work/x86_64-linux/bison-native/3.8.2-r0/recipe-sysroot-native/lib                         -Wl,-O1 -Wl,--allow-shlib-undefined -Wl,--dynamic-linker=/home/ubuntu/yocto/rpi-build/tmp/sysroots-uninative/x86_64-linux/lib/ld-linux-x86-64.so.2 conftest.c  >&5
configure:34679: $? = 0
configure:34679: ./conftest
configure:34679: $? = 0
configure:34691: result: yes
configure:34818: checking whether fopen recognizes a trailing slash
configure:34850: gcc  -o conftest -isystem/home/ubuntu/yocto/rpi-build/tmp/work/x86_64-linux/bison-native/3.8.2-r0/recipe-sysroot-native/usr/include -O2 -pipe -isystem/home/ubuntu/yocto/rpi-build/tmp/work/x86_64-linux/bison-native/3.8.2-r0/recipe-sysroot-native/usr/include -L/home/ubuntu/yocto/rpi-build/tmp/work/x86_64-linux/bison-native/3.8.2-r0/recipe-sysroot-native/usr/lib                         -L/home/ubuntu/yocto/rpi-build/tmp/work/x86_64-linux/bison-native/3.8.2-r0/recipe-sysroot-native/lib                         -Wl,--enable-new-dtags                         -Wl,-rpath-link,/home/ubuntu/yocto/rpi-build/tmp/work/x86_64-linux/bison-native/3.8.2-r0/recipe-sysroot-native/usr/lib                         -Wl,-rpath-link,/home/ubuntu/yocto/rpi-build/tmp/work/x86_64-linux/bison-native/3.8.2-r0/recipe-sysroot-native/lib                         -Wl,-rpath,/home/ubuntu/yocto/rpi-build/tmp/work/x86_64-linux/bison-native/3.8.2-r0/recipe-sysroot-native/usr/lib                         -Wl,-rpath,/home/ubuntu/yocto/rpi-build/tmp/work/x86_64-linux/bison-native/3.8.2-r0/recipe-sysroot-native/lib                         -Wl,-O1 -Wl,--allow-shlib-undefined -Wl,--dynamic-linker=/home/ubuntu/yocto/rpi-build/tmp/sysroots-uninative/x86_64-linux/lib/ld-linux-x86-64.so.2 conftest.c  >&5
configure:34850: $? = 0
configure:34850: ./conftest
configure:34850: $? = 0
configure:34863: result: yes
configure:34910: checking whether fopen supports the mode character 'x'
configure:34950: gcc  -o conftest -isystem/home/ubuntu/yocto/rpi-build/tmp/work/x86_64-linux/bison-native/3.8.2-r0/recipe-sysroot-native/usr/include -O2 -pipe -isystem/home/ubuntu/yocto/rpi-build/tmp/work/x86_64-linux/bison-native/3.8.2-r0/recipe-sysroot-native/usr/include -L/home/ubuntu/yocto/rpi-build/tmp/work/x86_64-linux/bison-native/3.8.2-r0/recipe-sysroot-native/usr/lib                         -L/home/ubuntu/yocto/rpi-build/tmp/work/x86_64-linux/bison-native/3.8.2-r0/recipe-sysroot-native/lib                         -Wl,--enable-new-dtags                         -Wl,-rpath-link,/home/ubuntu/yocto/rpi-build/tmp/work/x86_64-linux/bison-native/3.8.2-r0/recipe-sysroot-native/usr/lib                         -Wl,-rpath-link,/home/ubuntu/yocto/rpi-build/tmp/work/x86_64-linux/bison-native/3.8.2-r0/recipe-sysroot-native/lib                         -Wl,-rpath,/home/ubuntu/yocto/rpi-build/tmp/work/x86_64-linux/bison-native/3.8.2-r0/recipe-sysroot-native/usr/lib                         -Wl,-rpath,/home/ubuntu/yocto/rpi-build/tmp/work/x86_64-linux/bison-native/3.8.2-r0/recipe-sysroot-native/lib                         -Wl,-O1 -Wl,--allow-shlib-undefined -Wl,--dynamic-linker=/home/ubuntu/yocto/rpi-build/tmp/sysroots-uninative/x86_64-linux/lib/ld-linux-x86-64.so.2 conftest.c  >&5
configure:34950: $? = 0
configure:34950: ./conftest
configure:34950: $? = 0
configure:34963: result: yes
configure:34965: checking whether fopen supports the mode character 'e'
configure:35013: gcc  -o conftest -isystem/home/ubuntu/yocto/rpi-build/tmp/work/x86_64-linux/bison-native/3.8.2-r0/recipe-sysroot-native/usr/include -O2 -pipe -isystem/home/ubuntu/yocto/rpi-build/tmp/work/x86_64-linux/bison-native/3.8.2-r0/recipe-sysroot-native/usr/include -L/home/ubuntu/yocto/rpi-build/tmp/work/x86_64-linux/bison-native/3.8.2-r0/recipe-sysroot-native/usr/lib                         -L/home/ubuntu/yocto/rpi-build/tmp/work/x86_64-linux/bison-native/3.8.2-r0/recipe-sysroot-native/lib                         -Wl,--enable-new-dtags                         -Wl,-rpath-link,/home/ubuntu/yocto/rpi-build/tmp/work/x86_64-linux/bison-native/3.8.2-r0/recipe-sysroot-native/usr/lib                         -Wl,-rpath-link,/home/ubuntu/yocto/rpi-build/tmp/work/x86_64-linux/bison-native/3.8.2-r0/recipe-sysroot-native/lib                         -Wl,-rpath,/home/ubuntu/yocto/rpi-build/tmp/work/x86_64-linux/bison-native/3.8.2-r0/recipe-sysroot-native/usr/lib                         -Wl,-rpath,/home/ubuntu/yocto/rpi-build/tmp/work/x86_64-linux/bison-native/3.8.2-r0/recipe-sysroot-native/lib                         -Wl,-O1 -Wl,--allow-shlib-undefined -Wl,--dynamic-linker=/home/ubuntu/yocto/rpi-build/tmp/sysroots-uninative/x86_64-linux/lib/ld-linux-x86-64.so.2 conftest.c  >&5
configure:35013: $? = 0
configure:35013: ./conftest
configure:35013: $? = 0
configure:35026: result: yes
configure:35066: checking for __fpending
configure:35084: gcc  -o conftest -isystem/home/ubuntu/yocto/rpi-build/tmp/work/x86_64-linux/bison-native/3.8.2-r0/recipe-sysroot-native/usr/include -O2 -pipe -isystem/home/ubuntu/yocto/rpi-build/tmp/work/x86_64-linux/bison-native/3.8.2-r0/recipe-sysroot-native/usr/include -L/home/ubuntu/yocto/rpi-build/tmp/work/x86_64-linux/bison-native/3.8.2-r0/recipe-sysroot-native/usr/lib                         -L/home/ubuntu/yocto/rpi-build/tmp/work/x86_64-linux/bison-native/3.8.2-r0/recipe-sysroot-native/lib                         -Wl,--enable-new-dtags                         -Wl,-rpath-link,/home/ubuntu/yocto/rpi-build/tmp/work/x86_64-linux/bison-native/3.8.2-r0/recipe-sysroot-native/usr/lib                         -Wl,-rpath-link,/home/ubuntu/yocto/rpi-build/tmp/work/x86_64-linux/bison-native/3.8.2-r0/recipe-sysroot-native/lib                         -Wl,-rpath,/home/ubuntu/yocto/rpi-build/tmp/work/x86_64-linux/bison-native/3.8.2-r0/recipe-sysroot-native/usr/lib                         -Wl,-rpath,/home/ubuntu/yocto/rpi-build/tmp/work/x86_64-linux/bison-native/3.8.2-r0/recipe-sysroot-native/lib                         -Wl,-O1 -Wl,--allow-shlib-undefined -Wl,--dynamic-linker=/home/ubuntu/yocto/rpi-build/tmp/sysroots-uninative/x86_64-linux/lib/ld-linux-x86-64.so.2 conftest.c  >&5
configure:35084: $? = 0
configure:35094: result: yes
configure:35097: checking whether __fpending is declared
configure:35097: gcc  -c -isystem/home/ubuntu/yocto/rpi-build/tmp/work/x86_64-linux/bison-native/3.8.2-r0/recipe-sysroot-native/usr/include -O2 -pipe  -isystem/home/ubuntu/yocto/rpi-build/tmp/work/x86_64-linux/bison-native/3.8.2-r0/recipe-sysroot-native/usr/include conftest.c >&5
configure:35097: $? = 0
configure:35097: result: yes
configure:35398: checking for ptrdiff_t
configure:35398: result: yes
configure:35457: checking whether free is known to preserve errno
configure:35481: gcc  -c -isystem/home/ubuntu/yocto/rpi-build/tmp/work/x86_64-linux/bison-native/3.8.2-r0/recipe-sysroot-native/usr/include -O2 -pipe -isystem/home/ubuntu/yocto/rpi-build/tmp/work/x86_64-linux/bison-native/3.8.2-r0/recipe-sysroot-native/usr/include conftest.c >&5
configure:35481: $? = 0
configure:35490: result: yes
configure:35541: checking whether frexp works
configure:35642: gcc  -o conftest -isystem/home/ubuntu/yocto/rpi-build/tmp/work/x86_64-linux/bison-native/3.8.2-r0/recipe-sysroot-native/usr/include -O2 -pipe -isystem/home/ubuntu/yocto/rpi-build/tmp/work/x86_64-linux/bison-native/3.8.2-r0/recipe-sysroot-native/usr/include -L/home/ubuntu/yocto/rpi-build/tmp/work/x86_64-linux/bison-native/3.8.2-r0/recipe-sysroot-native/usr/lib                         -L/home/ubuntu/yocto/rpi-build/tmp/work/x86_64-linux/bison-native/3.8.2-r0/recipe-sysroot-native/lib                         -Wl,--enable-new-dtags                         -Wl,-rpath-link,/home/ubuntu/yocto/rpi-build/tmp/work/x86_64-linux/bison-native/3.8.2-r0/recipe-sysroot-native/usr/lib                         -Wl,-rpath-link,/home/ubuntu/yocto/rpi-build/tmp/work/x86_64-linux/bison-native/3.8.2-r0/recipe-sysroot-native/lib                         -Wl,-rpath,/home/ubuntu/yocto/rpi-build/tmp/work/x86_64-linux/bison-native/3.8.2-r0/recipe-sysroot-native/usr/lib                         -Wl,-rpath,/home/ubuntu/yocto/rpi-build/tmp/work/x86_64-linux/bison-native/3.8.2-r0/recipe-sysroot-native/lib                         -Wl,-O1 -Wl,--allow-shlib-undefined -Wl,--dynamic-linker=/home/ubuntu/yocto/rpi-build/tmp/sysroots-uninative/x86_64-linux/lib/ld-linux-x86-64.so.2 conftest.c  >&5
conftest.c: In function 'main':
conftest.c:295:21: warning: passing argument 2 of 'memcmp' discards 'volatile' qualifier from pointer target type [-Wdiscarded-qualifiers]
  295 |     if (memcmp (&y, &x, sizeof x))
      |                     ^~
In file included from conftest.c:239:
/usr/include/string.h:64:50: note: expected 'const void *' but argument is of type 'volatile double *'
   64 | extern int memcmp (const void *__s1, const void *__s2, size_t __n)
      |                                      ~~~~~~~~~~~~^~~~
configure:35642: $? = 0
configure:35642: ./conftest
configure:35642: $? = 0
configure:35654: result: yes
configure:35705: checking whether frexpl is declared
configure:35705: gcc  -c -isystem/home/ubuntu/yocto/rpi-build/tmp/work/x86_64-linux/bison-native/3.8.2-r0/recipe-sysroot-native/usr/include -O2 -pipe  -isystem/home/ubuntu/yocto/rpi-build/tmp/work/x86_64-linux/bison-native/3.8.2-r0/recipe-sysroot-native/usr/include conftest.c >&5
configure:35705: $? = 0
configure:35705: result: yes
configure:35715: checking whether frexpl() can be used without linking with libm
configure:35734: gcc  -o conftest -isystem/home/ubuntu/yocto/rpi-build/tmp/work/x86_64-linux/bison-native/3.8.2-r0/recipe-sysroot-native/usr/include -O2 -pipe -isystem/home/ubuntu/yocto/rpi-build/tmp/work/x86_64-linux/bison-native/3.8.2-r0/recipe-sysroot-native/usr/include -L/home/ubuntu/yocto/rpi-build/tmp/work/x86_64-linux/bison-native/3.8.2-r0/recipe-sysroot-native/usr/lib                         -L/home/ubuntu/yocto/rpi-build/tmp/work/x86_64-linux/bison-native/3.8.2-r0/recipe-sysroot-native/lib                         -Wl,--enable-new-dtags                         -Wl,-rpath-link,/home/ubuntu/yocto/rpi-build/tmp/work/x86_64-linux/bison-native/3.8.2-r0/recipe-sysroot-native/usr/lib                         -Wl,-rpath-link,/home/ubuntu/yocto/rpi-build/tmp/work/x86_64-linux/bison-native/3.8.2-r0/recipe-sysroot-native/lib                         -Wl,-rpath,/home/ubuntu/yocto/rpi-build/tmp/work/x86_64-linux/bison-native/3.8.2-r0/recipe-sysroot-native/usr/lib                         -Wl,-rpath,/home/ubuntu/yocto/rpi-build/tmp/work/x86_64-linux/bison-native/3.8.2-r0/recipe-sysroot-native/lib                         -Wl,-O1 -Wl,--allow-shlib-undefined -Wl,--dynamic-linker=/home/ubuntu/yocto/rpi-build/tmp/sysroots-uninative/x86_64-linux/lib/ld-linux-x86-64.so.2 conftest.c  >&5
configure:35734: $? = 0
configure:35744: result: yes
configure:35750: checking whether frexpl works
configure:35865: gcc  -o conftest -isystem/home/ubuntu/yocto/rpi-build/tmp/work/x86_64-linux/bison-native/3.8.2-r0/recipe-sysroot-native/usr/include -O2 -pipe -isystem/home/ubuntu/yocto/rpi-build/tmp/work/x86_64-linux/bison-native/3.8.2-r0/recipe-sysroot-native/usr/include -L/home/ubuntu/yocto/rpi-build/tmp/work/x86_64-linux/bison-native/3.8.2-r0/recipe-sysroot-native/usr/lib                         -L/home/ubuntu/yocto/rpi-build/tmp/work/x86_64-linux/bison-native/3.8.2-r0/recipe-sysroot-native/lib                         -Wl,--enable-new-dtags                         -Wl,-rpath-link,/home/ubuntu/yocto/rpi-build/tmp/work/x86_64-linux/bison-native/3.8.2-r0/recipe-sysroot-native/usr/lib                         -Wl,-rpath-link,/home/ubuntu/yocto/rpi-build/tmp/work/x86_64-linux/bison-native/3.8.2-r0/recipe-sysroot-native/lib                         -Wl,-rpath,/home/ubuntu/yocto/rpi-build/tmp/work/x86_64-linux/bison-native/3.8.2-r0/recipe-sysroot-native/usr/lib                         -Wl,-rpath,/home/ubuntu/yocto/rpi-build/tmp/work/x86_64-linux/bison-native/3.8.2-r0/recipe-sysroot-native/lib                         -Wl,-O1 -Wl,--allow-shlib-undefined -Wl,--dynamic-linker=/home/ubuntu/yocto/rpi-build/tmp/sysroots-uninative/x86_64-linux/lib/ld-linux-x86-64.so.2 conftest.c  >&5
configure:35865: $? = 0
configure:35865: ./conftest
configure:35865: $? = 0
configure:35877: result: yes
configure:35981: checking whether getcwd handles long file names properly
configure:36233: result: yes
configure:36244: checking for getpagesize
configure:36262: gcc  -o conftest -isystem/home/ubuntu/yocto/rpi-build/tmp/work/x86_64-linux/bison-native/3.8.2-r0/recipe-sysroot-native/usr/include -O2 -pipe -isystem/home/ubuntu/yocto/rpi-build/tmp/work/x86_64-linux/bison-native/3.8.2-r0/recipe-sysroot-native/usr/include -L/home/ubuntu/yocto/rpi-build/tmp/work/x86_64-linux/bison-native/3.8.2-r0/recipe-sysroot-native/usr/lib                         -L/home/ubuntu/yocto/rpi-build/tmp/work/x86_64-linux/bison-native/3.8.2-r0/recipe-sysroot-native/lib                         -Wl,--enable-new-dtags                         -Wl,-rpath-link,/home/ubuntu/yocto/rpi-build/tmp/work/x86_64-linux/bison-native/3.8.2-r0/recipe-sysroot-native/usr/lib                         -Wl,-rpath-link,/home/ubuntu/yocto/rpi-build/tmp/work/x86_64-linux/bison-native/3.8.2-r0/recipe-sysroot-native/lib                         -Wl,-rpath,/home/ubuntu/yocto/rpi-build/tmp/work/x86_64-linux/bison-native/3.8.2-r0/recipe-sysroot-native/usr/lib                         -Wl,-rpath,/home/ubuntu/yocto/rpi-build/tmp/work/x86_64-linux/bison-native/3.8.2-r0/recipe-sysroot-native/lib                         -Wl,-O1 -Wl,--allow-shlib-undefined -Wl,--dynamic-linker=/home/ubuntu/yocto/rpi-build/tmp/sysroots-uninative/x86_64-linux/lib/ld-linux-x86-64.so.2 conftest.c  >&5
configure:36262: $? = 0
configure:36272: result: yes
configure:36281: checking whether getcwd succeeds when 4k < cwd_length < 16k
configure:36418: gcc  -o conftest -isystem/home/ubuntu/yocto/rpi-build/tmp/work/x86_64-linux/bison-native/3.8.2-r0/recipe-sysroot-native/usr/include -O2 -pipe -isystem/home/ubuntu/yocto/rpi-build/tmp/work/x86_64-linux/bison-native/3.8.2-r0/recipe-sysroot-native/usr/include -L/home/ubuntu/yocto/rpi-build/tmp/work/x86_64-linux/bison-native/3.8.2-r0/recipe-sysroot-native/usr/lib                         -L/home/ubuntu/yocto/rpi-build/tmp/work/x86_64-linux/bison-native/3.8.2-r0/recipe-sysroot-native/lib                         -Wl,--enable-new-dtags                         -Wl,-rpath-link,/home/ubuntu/yocto/rpi-build/tmp/work/x86_64-linux/bison-native/3.8.2-r0/recipe-sysroot-native/usr/lib                         -Wl,-rpath-link,/home/ubuntu/yocto/rpi-build/tmp/work/x86_64-linux/bison-native/3.8.2-r0/recipe-sysroot-native/lib                         -Wl,-rpath,/home/ubuntu/yocto/rpi-build/tmp/work/x86_64-linux/bison-native/3.8.2-r0/recipe-sysroot-native/usr/lib                         -Wl,-rpath,/home/ubuntu/yocto/rpi-build/tmp/work/x86_64-linux/bison-native/3.8.2-r0/recipe-sysroot-native/lib                         -Wl,-O1 -Wl,--allow-shlib-undefined -Wl,--dynamic-linker=/home/ubuntu/yocto/rpi-build/tmp/sysroots-uninative/x86_64-linux/lib/ld-linux-x86-64.so.2 conftest.c  >&5
configure:36418: $? = 0
configure:36418: ./conftest
configure:36418: $? = 0
configure:36436: result: yes
configure:36524: checking whether gethrtime is declared
configure:36524: gcc  -c -isystem/home/ubuntu/yocto/rpi-build/tmp/work/x86_64-linux/bison-native/3.8.2-r0/recipe-sysroot-native/usr/include -O2 -pipe  -isystem/home/ubuntu/yocto/rpi-build/tmp/work/x86_64-linux/bison-native/3.8.2-r0/recipe-sysroot-native/usr/include conftest.c >&5
conftest.c: In function 'main':
conftest.c:254:10: error: 'gethrtime' undeclared (first use in this function)
  254 |   (void) gethrtime;
      |          ^~~~~~~~~
conftest.c:254:10: note: each undeclared identifier is reported only once for each function it appears in
configure:36524: $? = 1
configure: failed program was:
| /* confdefs.h */
| #define PACKAGE_NAME "GNU Bison"
| #define PACKAGE_TARNAME "bison"
| #define PACKAGE_VERSION "3.8.2"
| #define PACKAGE_STRING "GNU Bison 3.8.2"
| #define PACKAGE_BUGREPORT "bug-bison@gnu.org"
| #define PACKAGE_URL "https://www.gnu.org/software/bison/"
| #define PACKAGE_COPYRIGHT_YEAR 2021
| #define PACKAGE "bison"
| #define VERSION "3.8.2"
| #define HAVE_STDIO_H 1
| #define HAVE_STDLIB_H 1
| #define HAVE_STRING_H 1
| #define HAVE_INTTYPES_H 1
| #define HAVE_STDINT_H 1
| #define HAVE_STRINGS_H 1
| #define HAVE_SYS_STAT_H 1
| #define HAVE_SYS_TYPES_H 1
| #define HAVE_UNISTD_H 1
| #define HAVE_WCHAR_H 1
| #define HAVE_LOCALE_H 1
| #define HAVE_SYS_PARAM_H 1
| #define HAVE_SYS_SOCKET_H 1
| #define HAVE_STDIO_EXT_H 1
| #define HAVE_FEATURES_H 1
| #define HAVE_GETOPT_H 1
| #define HAVE_SYS_CDEFS_H 1
| #define HAVE_SYS_TIME_H 1
| #define HAVE_ICONV_H 1
| #define HAVE_LIMITS_H 1
| #define HAVE_WCTYPE_H 1
| #define HAVE_THREADS_H 1
| #define HAVE_MATH_H 1
| #define HAVE_SYS_MMAN_H 1
| #define HAVE_SPAWN_H 1
| #define HAVE_SYS_IOCTL_H 1
| #define HAVE_SYS_RESOURCE_H 1
| #define HAVE_SYS_TIMES_H 1
| #define HAVE_SYS_WAIT_H 1
| #define HAVE_TERMIOS_H 1
| #define HAVE_DIRENT_H 1
| #define STDC_HEADERS 1
| #define _ALL_SOURCE 1
| #define _DARWIN_C_SOURCE 1
| #define _GNU_SOURCE 1
| #define _HPUX_ALT_XOPEN_SOCKET_API 1
| #define _NETBSD_SOURCE 1
| #define _OPENBSD_SOURCE 1
| #define _POSIX_PTHREAD_SEMANTICS 1
| #define __STDC_WANT_IEC_60559_ATTRIBS_EXT__ 1
| #define __STDC_WANT_IEC_60559_BFP_EXT__ 1
| #define __STDC_WANT_IEC_60559_DFP_EXT__ 1
| #define __STDC_WANT_IEC_60559_FUNCS_EXT__ 1
| #define __STDC_WANT_IEC_60559_TYPES_EXT__ 1
| #define __STDC_WANT_LIB_EXT2__ 1
| #define __STDC_WANT_MATH_SPEC_FUNCS__ 1
| #define _TANDEM_SOURCE 1
| #define __EXTENSIONS__ 1
| #define HAVE_TCDRAIN 1
| #define HAVE_CANONICALIZE_FILE_NAME 1
| #define HAVE_FACCESSAT 1
| #define HAVE_REALPATH 1
| #define HAVE_LSTAT 1
| #define HAVE_READLINKAT 1
| #define HAVE_FCHDIR 1
| #define HAVE_FCNTL 1
| #define HAVE_SYMLINK 1
| #define HAVE_FFSL 1
| #define HAVE_SNPRINTF 1
| #define HAVE_FSYNC 1
| #define HAVE_GETRUSAGE 1
| #define HAVE_GETTIMEOFDAY 1
| #define HAVE_ISWCNTRL 1
| #define HAVE_ISWBLANK 1
| #define HAVE_MBSINIT 1
| #define HAVE_MBRTOWC 1
| #define HAVE_ISASCII 1
| #define HAVE_MPROTECT 1
| #define HAVE_OBSTACK_PRINTF 1
| #define HAVE_STRERROR_R 1
| #define HAVE___XPG_STRERROR_R 1
| #define HAVE_PIPE 1
| #define HAVE_PIPE2 1
| #define HAVE_POSIX_SPAWN_FILE_ACTIONS_ADDCHDIR_NP 1
| #define HAVE_READLINK 1
| #define HAVE_SETENV 1
| #define HAVE_LINK 1
| #define HAVE_SIGACTION 1
| #define HAVE_SIGALTSTACK 1
| #define HAVE_SIGINTERRUPT 1
| #define HAVE_STPNCPY 1
| #define HAVE_STRNDUP 1
| #define HAVE_WCWIDTH 1
| #define HAVE_FDOPENDIR 1
| #define HAVE_MEMPCPY 1
| #define HAVE_FSTATAT 1
| #define HAVE_GETDELIM 1
| #define HAVE_GETDTABLESIZE 1
| #define HAVE_OPENAT 1
| #define HAVE_CATGETS 1
| #define HAVE_SETLOCALE 1
| #define YYTEXT_POINTER 1
| #define M4 "m4"
| #define M4_GNU_OPTION "--gnu"
| #define HAVE_ALLOCA_H 1
| #define HAVE_ALLOCA 1
| #define HAVE_MALLOC_POSIX 1
| #define LSTAT_FOLLOWS_SLASHED_SYMLINK 1
| #define FUNC_REALPATH_WORKS 1
| #define HAVE_GETCWD 1
| #define restrict __restrict__
| #define HAVE_ENVIRON_DECL 1
| #define HAVE_DECL_STRERROR_R 1
| #define HAVE_STRERROR_R 1
| #define STRERROR_R_CHAR_P 1
| #define HAVE_SIG_ATOMIC_T 1
| #define HAVE_WORKING_O_NOATIME 1
| #define HAVE_WORKING_O_NOFOLLOW 1
| #define HAVE_STDINT_H_WITH_UINTMAX 1
| #define HAVE_INTTYPES_H_WITH_UINTMAX 1
| #define CHECK_PRINTF_SAFE 1
| #define HAVE_WCHAR_T 1
| #define HAVE_WINT_T 1
| #define HAVE_INTMAX_T 1
| #define DBL_EXPBIT0_WORD 1
| #define DBL_EXPBIT0_BIT 20
| #define HAVE_SNPRINTF 1
| #define HAVE_STRNLEN 1
| #define HAVE_WCSLEN 1
| #define HAVE_WCSNLEN 1
| #define HAVE_MBRTOWC 1
| #define HAVE_WCRTOMB 1
| #define HAVE_DECL__SNPRINTF 0
| #define HAVE_SNPRINTF_RETVAL_C99 1
| #define HAVE_SNPRINTF_TRUNCATION_C99 1
| #define HAVE_DECL_ALARM 1
| #define HAVE_DECL_GETCWD 1
| #define D_INO_IN_DIRENT 1
| #define HAVE_GETOPT_H 1
| #define HAVE_GETOPT_LONG_ONLY 1
| #define HAVE_ICONV 1
| #define ICONV_CONST 
| #define HAVE_LONG_LONG_INT 1
| #define HAVE_UNSIGNED_LONG_LONG_INT 1
| #define FLT_EXPBIT0_WORD 0
| #define FLT_EXPBIT0_BIT 23
| #define HAVE_TOWLOWER 1
| #define HAVE_LANGINFO_CODESET 1
| #define HAVE_WEAK_SYMBOLS 1
| #define HAVE_PTHREAD_API 1
| #define USE_POSIX_THREADS 1
| #define USE_POSIX_THREADS_FROM_LIBC 1
| #define HAVE_MBSTATE_T 1
| #define HAVE_MAP_ANONYMOUS 1
| #define HAVE_MINMAX_IN_SYS_PARAM_H 1
| #define HAVE_DECL_OBSTACK_PRINTF 1
| #define PROMOTED_MODE_T mode_t
| #define HAVE_POSIX_SPAWN 1
| #define HAVE_DECL_POSIX_SPAWN 1
| #define REPLACE_VFPRINTF_POSIX 1
| #define USER_LABEL_PREFIX 
| #define HAVE_SIGSET_T 1
| #define INSTALLPREFIX "/home/ubuntu/yocto/rpi-build/tmp/work/x86_64-linux/bison-native/3.8.2-r0/recipe-sysroot-native/usr"
| #define MALLOC_0_IS_NONNULL 1
| #define HAVE_DECL_SETENV 1
| #define HAVE_SCHED_H 1
| #define HAVE_DECL_SNPRINTF 1
| #define HAVE_POSIX_SPAWNATTR_T 1
| #define HAVE_POSIX_SPAWN_FILE_ACTIONS_T 1
| #define HAVE__BOOL 1
| #define HAVE_DECL_FCLOSEALL 1
| #define __USE_MINGW_ANSI_STDIO 1
| #define HAVE_DECL_ECVT 1
| #define HAVE_DECL_FCVT 1
| #define HAVE_DECL_GCVT 1
| #define HAVE_DECL_STPNCPY 1
| #define HAVE_DECL_STRDUP 1
| #define HAVE_DECL_STRNDUP 1
| #define HAVE_STRUCT_TMS 1
| #define _USE_STD_STAT 1
| #define HAVE_DECL_EXECVPE 1
| #define HAVE_DECL_CLEARERR_UNLOCKED 1
| #define HAVE_DECL_FEOF_UNLOCKED 1
| #define HAVE_DECL_FERROR_UNLOCKED 1
| #define HAVE_DECL_FFLUSH_UNLOCKED 1
| #define HAVE_DECL_FGETS_UNLOCKED 1
| #define HAVE_DECL_FPUTC_UNLOCKED 1
| #define HAVE_DECL_FPUTS_UNLOCKED 1
| #define HAVE_DECL_FREAD_UNLOCKED 1
| #define HAVE_DECL_FWRITE_UNLOCKED 1
| #define HAVE_DECL_GETC_UNLOCKED 1
| #define HAVE_DECL_GETCHAR_UNLOCKED 1
| #define HAVE_DECL_PUTC_UNLOCKED 1
| #define HAVE_DECL_PUTCHAR_UNLOCKED 1
| #define HAVE_DECL_UNSETENV 1
| #define HAVE_DECL_VSNPRINTF 1
| #define HAVE_DECL_WCSDUP 1
| #define HAVE_DECL_FCHDIR 1
| #define HAVE_DECL_GETDELIM 1
| #define HAVE_DECL_GETDTABLESIZE 1
| #define HAVE_DECL_GETLINE 1
| #define SETLOCALE_NULL_ALL_MTSAFE 1
| #define SETLOCALE_NULL_ONE_MTSAFE 1
| #define HAVE_DECL_MEMRCHR 1
| #define HAVE_DECL_STRNLEN 1
| #define GNULIB_TEST_ACCESS 1
| #define HAVE_ALLOCA 1
| #define HAVE___BUILTIN_EXPECT 1
| #define GNULIB_TEST_CALLOC_POSIX 1
| #define GNULIB_CANONICALIZE 1
| #define GNULIB_TEST_CANONICALIZE 1
| #define GNULIB_TEST_CANONICALIZE_FILE_NAME 1
| #define GNULIB_CANONICALIZE_LGPL 1
| #define GNULIB_TEST_CANONICALIZE_FILE_NAME 1
| #define GNULIB_TEST_REALPATH 1
| #define HAVE_CLOCK_GETTIME 1
| #define HAVE_CLOCK_SETTIME 1
| #define GNULIB_TEST_CLOEXEC 1
| #define GNULIB_TEST_CLOSE 1
| #define GNULIB_CLOSE_STREAM 1
| #define GNULIB_DIRNAME 1
| #define GNULIB_TEST_DUP2 1
| #define GNULIB_TEST_ENVIRON 1
| #define GNULIB_TEST_FCNTL 1
| #define GNULIB_FD_SAFER_FLAG 1
| #define GNULIB_TEST_FFSL 1
| #define GNULIB_TEST_FOPEN 1
| #define GNULIB_FOPEN_GNU 1
| #define GNULIB_FOPEN_SAFER 1
| #define HAVE_DECL___FPENDING 1
| #define REPLACE_FPRINTF_POSIX 1
| #define GNULIB_TEST_FPRINTF_POSIX 1
| #define HAVE_FREE_POSIX 1
| #define GNULIB_TEST_FREE_POSIX 1
| #define HAVE_FREXP_IN_LIBC 1
| #define GNULIB_TEST_FREXP 1
| #define HAVE_FREXPL_IN_LIBC 1
| #define GNULIB_TEST_FREXPL 1
| #define GNULIB_TEST_FSYNC 1
| #define HAVE_GETPAGESIZE 1
| #define HAVE_MINIMALLY_WORKING_GETCWD 1
| #define GNULIB_GETCWD 1
| #define GNULIB_TEST_GETCWD 1
| /* end confdefs.h.  */
| #include <time.h>
| 
| int
| main (void)
| {
| #ifndef gethrtime
| #ifdef __cplusplus
|   (void) gethrtime;
| #else
|   (void) gethrtime;
| #endif
| #endif
| 
|   ;
|   return 0;
| }
configure:36524: result: no
configure:36543: checking whether CLOCK_MONOTONIC or CLOCK_REALTIME is defined
configure:36568: result: yes
configure:36665: checking whether program_invocation_name is declared
configure:36665: gcc  -c -isystem/home/ubuntu/yocto/rpi-build/tmp/work/x86_64-linux/bison-native/3.8.2-r0/recipe-sysroot-native/usr/include -O2 -pipe  -isystem/home/ubuntu/yocto/rpi-build/tmp/work/x86_64-linux/bison-native/3.8.2-r0/recipe-sysroot-native/usr/include conftest.c >&5
configure:36665: $? = 0
configure:36665: result: yes
configure:36679: checking whether program_invocation_short_name is declared
configure:36679: gcc  -c -isystem/home/ubuntu/yocto/rpi-build/tmp/work/x86_64-linux/bison-native/3.8.2-r0/recipe-sysroot-native/usr/include -O2 -pipe  -isystem/home/ubuntu/yocto/rpi-build/tmp/work/x86_64-linux/bison-native/3.8.2-r0/recipe-sysroot-native/usr/include conftest.c >&5
configure:36679: $? = 0
configure:36679: result: yes
configure:36693: checking whether __argv is declared
configure:36693: gcc  -c -isystem/home/ubuntu/yocto/rpi-build/tmp/work/x86_64-linux/bison-native/3.8.2-r0/recipe-sysroot-native/usr/include -O2 -pipe  -isystem/home/ubuntu/yocto/rpi-build/tmp/work/x86_64-linux/bison-native/3.8.2-r0/recipe-sysroot-native/usr/include conftest.c >&5
conftest.c: In function 'main':
conftest.c:258:10: error: '__argv' undeclared (first use in this function)
  258 |   (void) __argv;
      |          ^~~~~~
conftest.c:258:10: note: each undeclared identifier is reported only once for each function it appears in
configure:36693: $? = 1
configure: failed program was:
| /* confdefs.h */
| #define PACKAGE_NAME "GNU Bison"
| #define PACKAGE_TARNAME "bison"
| #define PACKAGE_VERSION "3.8.2"
| #define PACKAGE_STRING "GNU Bison 3.8.2"
| #define PACKAGE_BUGREPORT "bug-bison@gnu.org"
| #define PACKAGE_URL "https://www.gnu.org/software/bison/"
| #define PACKAGE_COPYRIGHT_YEAR 2021
| #define PACKAGE "bison"
| #define VERSION "3.8.2"
| #define HAVE_STDIO_H 1
| #define HAVE_STDLIB_H 1
| #define HAVE_STRING_H 1
| #define HAVE_INTTYPES_H 1
| #define HAVE_STDINT_H 1
| #define HAVE_STRINGS_H 1
| #define HAVE_SYS_STAT_H 1
| #define HAVE_SYS_TYPES_H 1
| #define HAVE_UNISTD_H 1
| #define HAVE_WCHAR_H 1
| #define HAVE_LOCALE_H 1
| #define HAVE_SYS_PARAM_H 1
| #define HAVE_SYS_SOCKET_H 1
| #define HAVE_STDIO_EXT_H 1
| #define HAVE_FEATURES_H 1
| #define HAVE_GETOPT_H 1
| #define HAVE_SYS_CDEFS_H 1
| #define HAVE_SYS_TIME_H 1
| #define HAVE_ICONV_H 1
| #define HAVE_LIMITS_H 1
| #define HAVE_WCTYPE_H 1
| #define HAVE_THREADS_H 1
| #define HAVE_MATH_H 1
| #define HAVE_SYS_MMAN_H 1
| #define HAVE_SPAWN_H 1
| #define HAVE_SYS_IOCTL_H 1
| #define HAVE_SYS_RESOURCE_H 1
| #define HAVE_SYS_TIMES_H 1
| #define HAVE_SYS_WAIT_H 1
| #define HAVE_TERMIOS_H 1
| #define HAVE_DIRENT_H 1
| #define STDC_HEADERS 1
| #define _ALL_SOURCE 1
| #define _DARWIN_C_SOURCE 1
| #define _GNU_SOURCE 1
| #define _HPUX_ALT_XOPEN_SOCKET_API 1
| #define _NETBSD_SOURCE 1
| #define _OPENBSD_SOURCE 1
| #define _POSIX_PTHREAD_SEMANTICS 1
| #define __STDC_WANT_IEC_60559_ATTRIBS_EXT__ 1
| #define __STDC_WANT_IEC_60559_BFP_EXT__ 1
| #define __STDC_WANT_IEC_60559_DFP_EXT__ 1
| #define __STDC_WANT_IEC_60559_FUNCS_EXT__ 1
| #define __STDC_WANT_IEC_60559_TYPES_EXT__ 1
| #define __STDC_WANT_LIB_EXT2__ 1
| #define __STDC_WANT_MATH_SPEC_FUNCS__ 1
| #define _TANDEM_SOURCE 1
| #define __EXTENSIONS__ 1
| #define HAVE_TCDRAIN 1
| #define HAVE_CANONICALIZE_FILE_NAME 1
| #define HAVE_FACCESSAT 1
| #define HAVE_REALPATH 1
| #define HAVE_LSTAT 1
| #define HAVE_READLINKAT 1
| #define HAVE_FCHDIR 1
| #define HAVE_FCNTL 1
| #define HAVE_SYMLINK 1
| #define HAVE_FFSL 1
| #define HAVE_SNPRINTF 1
| #define HAVE_FSYNC 1
| #define HAVE_GETRUSAGE 1
| #define HAVE_GETTIMEOFDAY 1
| #define HAVE_ISWCNTRL 1
| #define HAVE_ISWBLANK 1
| #define HAVE_MBSINIT 1
| #define HAVE_MBRTOWC 1
| #define HAVE_ISASCII 1
| #define HAVE_MPROTECT 1
| #define HAVE_OBSTACK_PRINTF 1
| #define HAVE_STRERROR_R 1
| #define HAVE___XPG_STRERROR_R 1
| #define HAVE_PIPE 1
| #define HAVE_PIPE2 1
| #define HAVE_POSIX_SPAWN_FILE_ACTIONS_ADDCHDIR_NP 1
| #define HAVE_READLINK 1
| #define HAVE_SETENV 1
| #define HAVE_LINK 1
| #define HAVE_SIGACTION 1
| #define HAVE_SIGALTSTACK 1
| #define HAVE_SIGINTERRUPT 1
| #define HAVE_STPNCPY 1
| #define HAVE_STRNDUP 1
| #define HAVE_WCWIDTH 1
| #define HAVE_FDOPENDIR 1
| #define HAVE_MEMPCPY 1
| #define HAVE_FSTATAT 1
| #define HAVE_GETDELIM 1
| #define HAVE_GETDTABLESIZE 1
| #define HAVE_OPENAT 1
| #define HAVE_CATGETS 1
| #define HAVE_SETLOCALE 1
| #define YYTEXT_POINTER 1
| #define M4 "m4"
| #define M4_GNU_OPTION "--gnu"
| #define HAVE_ALLOCA_H 1
| #define HAVE_ALLOCA 1
| #define HAVE_MALLOC_POSIX 1
| #define LSTAT_FOLLOWS_SLASHED_SYMLINK 1
| #define FUNC_REALPATH_WORKS 1
| #define HAVE_GETCWD 1
| #define restrict __restrict__
| #define HAVE_ENVIRON_DECL 1
| #define HAVE_DECL_STRERROR_R 1
| #define HAVE_STRERROR_R 1
| #define STRERROR_R_CHAR_P 1
| #define HAVE_SIG_ATOMIC_T 1
| #define HAVE_WORKING_O_NOATIME 1
| #define HAVE_WORKING_O_NOFOLLOW 1
| #define HAVE_STDINT_H_WITH_UINTMAX 1
| #define HAVE_INTTYPES_H_WITH_UINTMAX 1
| #define CHECK_PRINTF_SAFE 1
| #define HAVE_WCHAR_T 1
| #define HAVE_WINT_T 1
| #define HAVE_INTMAX_T 1
| #define DBL_EXPBIT0_WORD 1
| #define DBL_EXPBIT0_BIT 20
| #define HAVE_SNPRINTF 1
| #define HAVE_STRNLEN 1
| #define HAVE_WCSLEN 1
| #define HAVE_WCSNLEN 1
| #define HAVE_MBRTOWC 1
| #define HAVE_WCRTOMB 1
| #define HAVE_DECL__SNPRINTF 0
| #define HAVE_SNPRINTF_RETVAL_C99 1
| #define HAVE_SNPRINTF_TRUNCATION_C99 1
| #define HAVE_DECL_ALARM 1
| #define HAVE_DECL_GETCWD 1
| #define D_INO_IN_DIRENT 1
| #define HAVE_GETOPT_H 1
| #define HAVE_GETOPT_LONG_ONLY 1
| #define HAVE_ICONV 1
| #define ICONV_CONST 
| #define HAVE_LONG_LONG_INT 1
| #define HAVE_UNSIGNED_LONG_LONG_INT 1
| #define FLT_EXPBIT0_WORD 0
| #define FLT_EXPBIT0_BIT 23
| #define HAVE_TOWLOWER 1
| #define HAVE_LANGINFO_CODESET 1
| #define HAVE_WEAK_SYMBOLS 1
| #define HAVE_PTHREAD_API 1
| #define USE_POSIX_THREADS 1
| #define USE_POSIX_THREADS_FROM_LIBC 1
| #define HAVE_MBSTATE_T 1
| #define HAVE_MAP_ANONYMOUS 1
| #define HAVE_MINMAX_IN_SYS_PARAM_H 1
| #define HAVE_DECL_OBSTACK_PRINTF 1
| #define PROMOTED_MODE_T mode_t
| #define HAVE_POSIX_SPAWN 1
| #define HAVE_DECL_POSIX_SPAWN 1
| #define REPLACE_VFPRINTF_POSIX 1
| #define USER_LABEL_PREFIX 
| #define HAVE_SIGSET_T 1
| #define INSTALLPREFIX "/home/ubuntu/yocto/rpi-build/tmp/work/x86_64-linux/bison-native/3.8.2-r0/recipe-sysroot-native/usr"
| #define MALLOC_0_IS_NONNULL 1
| #define HAVE_DECL_SETENV 1
| #define HAVE_SCHED_H 1
| #define HAVE_DECL_SNPRINTF 1
| #define HAVE_POSIX_SPAWNATTR_T 1
| #define HAVE_POSIX_SPAWN_FILE_ACTIONS_T 1
| #define HAVE__BOOL 1
| #define HAVE_DECL_FCLOSEALL 1
| #define __USE_MINGW_ANSI_STDIO 1
| #define HAVE_DECL_ECVT 1
| #define HAVE_DECL_FCVT 1
| #define HAVE_DECL_GCVT 1
| #define HAVE_DECL_STPNCPY 1
| #define HAVE_DECL_STRDUP 1
| #define HAVE_DECL_STRNDUP 1
| #define HAVE_STRUCT_TMS 1
| #define _USE_STD_STAT 1
| #define HAVE_DECL_EXECVPE 1
| #define HAVE_DECL_CLEARERR_UNLOCKED 1
| #define HAVE_DECL_FEOF_UNLOCKED 1
| #define HAVE_DECL_FERROR_UNLOCKED 1
| #define HAVE_DECL_FFLUSH_UNLOCKED 1
| #define HAVE_DECL_FGETS_UNLOCKED 1
| #define HAVE_DECL_FPUTC_UNLOCKED 1
| #define HAVE_DECL_FPUTS_UNLOCKED 1
| #define HAVE_DECL_FREAD_UNLOCKED 1
| #define HAVE_DECL_FWRITE_UNLOCKED 1
| #define HAVE_DECL_GETC_UNLOCKED 1
| #define HAVE_DECL_GETCHAR_UNLOCKED 1
| #define HAVE_DECL_PUTC_UNLOCKED 1
| #define HAVE_DECL_PUTCHAR_UNLOCKED 1
| #define HAVE_DECL_UNSETENV 1
| #define HAVE_DECL_VSNPRINTF 1
| #define HAVE_DECL_WCSDUP 1
| #define HAVE_DECL_FCHDIR 1
| #define HAVE_DECL_GETDELIM 1
| #define HAVE_DECL_GETDTABLESIZE 1
| #define HAVE_DECL_GETLINE 1
| #define SETLOCALE_NULL_ALL_MTSAFE 1
| #define SETLOCALE_NULL_ONE_MTSAFE 1
| #define HAVE_DECL_MEMRCHR 1
| #define HAVE_DECL_STRNLEN 1
| #define GNULIB_TEST_ACCESS 1
| #define HAVE_ALLOCA 1
| #define HAVE___BUILTIN_EXPECT 1
| #define GNULIB_TEST_CALLOC_POSIX 1
| #define GNULIB_CANONICALIZE 1
| #define GNULIB_TEST_CANONICALIZE 1
| #define GNULIB_TEST_CANONICALIZE_FILE_NAME 1
| #define GNULIB_CANONICALIZE_LGPL 1
| #define GNULIB_TEST_CANONICALIZE_FILE_NAME 1
| #define GNULIB_TEST_REALPATH 1
| #define HAVE_CLOCK_GETTIME 1
| #define HAVE_CLOCK_SETTIME 1
| #define GNULIB_TEST_CLOEXEC 1
| #define GNULIB_TEST_CLOSE 1
| #define GNULIB_CLOSE_STREAM 1
| #define GNULIB_DIRNAME 1
| #define GNULIB_TEST_DUP2 1
| #define GNULIB_TEST_ENVIRON 1
| #define GNULIB_TEST_FCNTL 1
| #define GNULIB_FD_SAFER_FLAG 1
| #define GNULIB_TEST_FFSL 1
| #define GNULIB_TEST_FOPEN 1
| #define GNULIB_FOPEN_GNU 1
| #define GNULIB_FOPEN_SAFER 1
| #define HAVE_DECL___FPENDING 1
| #define REPLACE_FPRINTF_POSIX 1
| #define GNULIB_TEST_FPRINTF_POSIX 1
| #define HAVE_FREE_POSIX 1
| #define GNULIB_TEST_FREE_POSIX 1
| #define HAVE_FREXP_IN_LIBC 1
| #define GNULIB_TEST_FREXP 1
| #define HAVE_FREXPL_IN_LIBC 1
| #define GNULIB_TEST_FREXPL 1
| #define GNULIB_TEST_FSYNC 1
| #define HAVE_GETPAGESIZE 1
| #define HAVE_MINIMALLY_WORKING_GETCWD 1
| #define GNULIB_GETCWD 1
| #define GNULIB_TEST_GETCWD 1
| #define HAVE_DECL_GETHRTIME 0
| #define GNULIB_TEST_GETOPT_POSIX 1
| #define HAVE_DECL_PROGRAM_INVOCATION_NAME 1
| #define HAVE_DECL_PROGRAM_INVOCATION_SHORT_NAME 1
| /* end confdefs.h.  */
| #include <stdlib.h>
| 
| int
| main (void)
| {
| #ifndef __argv
| #ifdef __cplusplus
|   (void) __argv;
| #else
|   (void) __argv;
| #endif
| #endif
| 
|   ;
|   return 0;
| }
configure:36693: result: no
configure:36807: checking for gettimeofday with POSIX signature
configure:36836: gcc  -c -isystem/home/ubuntu/yocto/rpi-build/tmp/work/x86_64-linux/bison-native/3.8.2-r0/recipe-sysroot-native/usr/include -O2 -pipe -isystem/home/ubuntu/yocto/rpi-build/tmp/work/x86_64-linux/bison-native/3.8.2-r0/recipe-sysroot-native/usr/include conftest.c >&5
configure:36836: $? = 0
configure:36863: result: yes
configure:37056: checking whether the compiler generally respects inline
configure:37078: gcc  -c -isystem/home/ubuntu/yocto/rpi-build/tmp/work/x86_64-linux/bison-native/3.8.2-r0/recipe-sysroot-native/usr/include -O2 -pipe -isystem/home/ubuntu/yocto/rpi-build/tmp/work/x86_64-linux/bison-native/3.8.2-r0/recipe-sysroot-native/usr/include conftest.c >&5
configure:37078: $? = 0
configure:37088: result: yes
configure:37112: checking whether isnan macro works
configure:37117: result: yes
configure:37163: checking whether isnan(double) can be used without linking with libm
configure:37199: result: yes
configure:37298: checking whether isnan(double) can be used without linking with libm
configure:37334: result: yes
configure:37363: checking whether isnan(float) can be used without linking with libm
configure:37399: result: yes
configure:37457: checking whether isnan(float) works
configure:37558: result: yes
configure:37722: checking whether isnan(long double) can be used without linking with libm
configure:37758: result: yes
configure:37817: checking whether isnanl works
configure:37975: result: yes
configure:38175: checking whether isnan(long double) can be used without linking with libm
configure:38211: result: yes
configure:38220: checking whether isnanl works
configure:38378: result: yes
configure:38557: checking whether iswblank is declared
configure:38557: gcc  -c -isystem/home/ubuntu/yocto/rpi-build/tmp/work/x86_64-linux/bison-native/3.8.2-r0/recipe-sysroot-native/usr/include -O2 -pipe  -isystem/home/ubuntu/yocto/rpi-build/tmp/work/x86_64-linux/bison-native/3.8.2-r0/recipe-sysroot-native/usr/include conftest.c >&5
configure:38557: $? = 0
configure:38557: result: yes
configure:38631: checking whether iswdigit is ISO C compliant
configure:38722: gcc  -o conftest -isystem/home/ubuntu/yocto/rpi-build/tmp/work/x86_64-linux/bison-native/3.8.2-r0/recipe-sysroot-native/usr/include -O2 -pipe -isystem/home/ubuntu/yocto/rpi-build/tmp/work/x86_64-linux/bison-native/3.8.2-r0/recipe-sysroot-native/usr/include -L/home/ubuntu/yocto/rpi-build/tmp/work/x86_64-linux/bison-native/3.8.2-r0/recipe-sysroot-native/usr/lib                         -L/home/ubuntu/yocto/rpi-build/tmp/work/x86_64-linux/bison-native/3.8.2-r0/recipe-sysroot-native/lib                         -Wl,--enable-new-dtags                         -Wl,-rpath-link,/home/ubuntu/yocto/rpi-build/tmp/work/x86_64-linux/bison-native/3.8.2-r0/recipe-sysroot-native/usr/lib                         -Wl,-rpath-link,/home/ubuntu/yocto/rpi-build/tmp/work/x86_64-linux/bison-native/3.8.2-r0/recipe-sysroot-native/lib                         -Wl,-rpath,/home/ubuntu/yocto/rpi-build/tmp/work/x86_64-linux/bison-native/3.8.2-r0/recipe-sysroot-native/usr/lib                         -Wl,-rpath,/home/ubuntu/yocto/rpi-build/tmp/work/x86_64-linux/bison-native/3.8.2-r0/recipe-sysroot-native/lib                         -Wl,-O1 -Wl,--allow-shlib-undefined -Wl,--dynamic-linker=/home/ubuntu/yocto/rpi-build/tmp/sysroots-uninative/x86_64-linux/lib/ld-linux-x86-64.so.2 conftest.c  >&5
configure:38722: $? = 0
configure:38722: ./conftest
configure:38722: $? = 0
configure:38735: result: yes
configure:38788: checking whether iswxdigit is ISO C compliant
configure:38871: gcc  -o conftest -isystem/home/ubuntu/yocto/rpi-build/tmp/work/x86_64-linux/bison-native/3.8.2-r0/recipe-sysroot-native/usr/include -O2 -pipe -isystem/home/ubuntu/yocto/rpi-build/tmp/work/x86_64-linux/bison-native/3.8.2-r0/recipe-sysroot-native/usr/include -L/home/ubuntu/yocto/rpi-build/tmp/work/x86_64-linux/bison-native/3.8.2-r0/recipe-sysroot-native/usr/lib                         -L/home/ubuntu/yocto/rpi-build/tmp/work/x86_64-linux/bison-native/3.8.2-r0/recipe-sysroot-native/lib                         -Wl,--enable-new-dtags                         -Wl,-rpath-link,/home/ubuntu/yocto/rpi-build/tmp/work/x86_64-linux/bison-native/3.8.2-r0/recipe-sysroot-native/usr/lib                         -Wl,-rpath-link,/home/ubuntu/yocto/rpi-build/tmp/work/x86_64-linux/bison-native/3.8.2-r0/recipe-sysroot-native/lib                         -Wl,-rpath,/home/ubuntu/yocto/rpi-build/tmp/work/x86_64-linux/bison-native/3.8.2-r0/recipe-sysroot-native/usr/lib                         -Wl,-rpath,/home/ubuntu/yocto/rpi-build/tmp/work/x86_64-linux/bison-native/3.8.2-r0/recipe-sysroot-native/lib                         -Wl,-O1 -Wl,--allow-shlib-undefined -Wl,--dynamic-linker=/home/ubuntu/yocto/rpi-build/tmp/sysroots-uninative/x86_64-linux/lib/ld-linux-x86-64.so.2 conftest.c  >&5
configure:38871: $? = 0
configure:38871: ./conftest
configure:38871: $? = 0
configure:38884: result: yes
configure:38940: checking whether ldexpl is declared
configure:38940: gcc  -c -isystem/home/ubuntu/yocto/rpi-build/tmp/work/x86_64-linux/bison-native/3.8.2-r0/recipe-sysroot-native/usr/include -O2 -pipe  -isystem/home/ubuntu/yocto/rpi-build/tmp/work/x86_64-linux/bison-native/3.8.2-r0/recipe-sysroot-native/usr/include conftest.c >&5
configure:38940: $? = 0
configure:38940: result: yes
configure:38952: checking whether ldexpl() can be used without linking with libm
configure:38971: gcc  -o conftest -isystem/home/ubuntu/yocto/rpi-build/tmp/work/x86_64-linux/bison-native/3.8.2-r0/recipe-sysroot-native/usr/include -O2 -pipe -isystem/home/ubuntu/yocto/rpi-build/tmp/work/x86_64-linux/bison-native/3.8.2-r0/recipe-sysroot-native/usr/include -L/home/ubuntu/yocto/rpi-build/tmp/work/x86_64-linux/bison-native/3.8.2-r0/recipe-sysroot-native/usr/lib                         -L/home/ubuntu/yocto/rpi-build/tmp/work/x86_64-linux/bison-native/3.8.2-r0/recipe-sysroot-native/lib                         -Wl,--enable-new-dtags                         -Wl,-rpath-link,/home/ubuntu/yocto/rpi-build/tmp/work/x86_64-linux/bison-native/3.8.2-r0/recipe-sysroot-native/usr/lib                         -Wl,-rpath-link,/home/ubuntu/yocto/rpi-build/tmp/work/x86_64-linux/bison-native/3.8.2-r0/recipe-sysroot-native/lib                         -Wl,-rpath,/home/ubuntu/yocto/rpi-build/tmp/work/x86_64-linux/bison-native/3.8.2-r0/recipe-sysroot-native/usr/lib                         -Wl,-rpath,/home/ubuntu/yocto/rpi-build/tmp/work/x86_64-linux/bison-native/3.8.2-r0/recipe-sysroot-native/lib                         -Wl,-O1 -Wl,--allow-shlib-undefined -Wl,--dynamic-linker=/home/ubuntu/yocto/rpi-build/tmp/sysroots-uninative/x86_64-linux/lib/ld-linux-x86-64.so.2 conftest.c  >&5
configure:38971: $? = 0
configure:38981: result: yes
configure:39029: checking whether ldexpl works
configure:39074: gcc  -o conftest -isystem/home/ubuntu/yocto/rpi-build/tmp/work/x86_64-linux/bison-native/3.8.2-r0/recipe-sysroot-native/usr/include -O2 -pipe -isystem/home/ubuntu/yocto/rpi-build/tmp/work/x86_64-linux/bison-native/3.8.2-r0/recipe-sysroot-native/usr/include -L/home/ubuntu/yocto/rpi-build/tmp/work/x86_64-linux/bison-native/3.8.2-r0/recipe-sysroot-native/usr/lib                         -L/home/ubuntu/yocto/rpi-build/tmp/work/x86_64-linux/bison-native/3.8.2-r0/recipe-sysroot-native/lib                         -Wl,--enable-new-dtags                         -Wl,-rpath-link,/home/ubuntu/yocto/rpi-build/tmp/work/x86_64-linux/bison-native/3.8.2-r0/recipe-sysroot-native/usr/lib                         -Wl,-rpath-link,/home/ubuntu/yocto/rpi-build/tmp/work/x86_64-linux/bison-native/3.8.2-r0/recipe-sysroot-native/lib                         -Wl,-rpath,/home/ubuntu/yocto/rpi-build/tmp/work/x86_64-linux/bison-native/3.8.2-r0/recipe-sysroot-native/usr/lib                         -Wl,-rpath,/home/ubuntu/yocto/rpi-build/tmp/work/x86_64-linux/bison-native/3.8.2-r0/recipe-sysroot-native/lib                         -Wl,-O1 -Wl,--allow-shlib-undefined -Wl,--dynamic-linker=/home/ubuntu/yocto/rpi-build/tmp/sysroots-uninative/x86_64-linux/lib/ld-linux-x86-64.so.2 conftest.c   >&5
configure:39074: $? = 0
configure:39074: ./conftest
configure:39074: $? = 0
configure:39086: result: yes
configure:39145: checking whether the compiler supports the __inline keyword
configure:39163: gcc  -c -isystem/home/ubuntu/yocto/rpi-build/tmp/work/x86_64-linux/bison-native/3.8.2-r0/recipe-sysroot-native/usr/include -O2 -pipe -isystem/home/ubuntu/yocto/rpi-build/tmp/work/x86_64-linux/bison-native/3.8.2-r0/recipe-sysroot-native/usr/include conftest.c >&5
configure:39163: $? = 0
configure:39171: result: yes
configure:39193: checking for pthread_rwlock_t
configure:39193: gcc  -c -isystem/home/ubuntu/yocto/rpi-build/tmp/work/x86_64-linux/bison-native/3.8.2-r0/recipe-sysroot-native/usr/include -O2 -pipe -isystem/home/ubuntu/yocto/rpi-build/tmp/work/x86_64-linux/bison-native/3.8.2-r0/recipe-sysroot-native/usr/include conftest.c >&5
configure:39193: $? = 0
configure:39193: gcc  -c -isystem/home/ubuntu/yocto/rpi-build/tmp/work/x86_64-linux/bison-native/3.8.2-r0/recipe-sysroot-native/usr/include -O2 -pipe -isystem/home/ubuntu/yocto/rpi-build/tmp/work/x86_64-linux/bison-native/3.8.2-r0/recipe-sysroot-native/usr/include conftest.c >&5
conftest.c: In function 'main':
conftest.c:272:31: error: expected expression before ')' token
  272 | if (sizeof ((pthread_rwlock_t)))
      |                               ^
configure:39193: $? = 1
configure: failed program was:
| /* confdefs.h */
| #define PACKAGE_NAME "GNU Bison"
| #define PACKAGE_TARNAME "bison"
| #define PACKAGE_VERSION "3.8.2"
| #define PACKAGE_STRING "GNU Bison 3.8.2"
| #define PACKAGE_BUGREPORT "bug-bison@gnu.org"
| #define PACKAGE_URL "https://www.gnu.org/software/bison/"
| #define PACKAGE_COPYRIGHT_YEAR 2021
| #define PACKAGE "bison"
| #define VERSION "3.8.2"
| #define HAVE_STDIO_H 1
| #define HAVE_STDLIB_H 1
| #define HAVE_STRING_H 1
| #define HAVE_INTTYPES_H 1
| #define HAVE_STDINT_H 1
| #define HAVE_STRINGS_H 1
| #define HAVE_SYS_STAT_H 1
| #define HAVE_SYS_TYPES_H 1
| #define HAVE_UNISTD_H 1
| #define HAVE_WCHAR_H 1
| #define HAVE_LOCALE_H 1
| #define HAVE_SYS_PARAM_H 1
| #define HAVE_SYS_SOCKET_H 1
| #define HAVE_STDIO_EXT_H 1
| #define HAVE_FEATURES_H 1
| #define HAVE_GETOPT_H 1
| #define HAVE_SYS_CDEFS_H 1
| #define HAVE_SYS_TIME_H 1
| #define HAVE_ICONV_H 1
| #define HAVE_LIMITS_H 1
| #define HAVE_WCTYPE_H 1
| #define HAVE_THREADS_H 1
| #define HAVE_MATH_H 1
| #define HAVE_SYS_MMAN_H 1
| #define HAVE_SPAWN_H 1
| #define HAVE_SYS_IOCTL_H 1
| #define HAVE_SYS_RESOURCE_H 1
| #define HAVE_SYS_TIMES_H 1
| #define HAVE_SYS_WAIT_H 1
| #define HAVE_TERMIOS_H 1
| #define HAVE_DIRENT_H 1
| #define STDC_HEADERS 1
| #define _ALL_SOURCE 1
| #define _DARWIN_C_SOURCE 1
| #define _GNU_SOURCE 1
| #define _HPUX_ALT_XOPEN_SOCKET_API 1
| #define _NETBSD_SOURCE 1
| #define _OPENBSD_SOURCE 1
| #define _POSIX_PTHREAD_SEMANTICS 1
| #define __STDC_WANT_IEC_60559_ATTRIBS_EXT__ 1
| #define __STDC_WANT_IEC_60559_BFP_EXT__ 1
| #define __STDC_WANT_IEC_60559_DFP_EXT__ 1
| #define __STDC_WANT_IEC_60559_FUNCS_EXT__ 1
| #define __STDC_WANT_IEC_60559_TYPES_EXT__ 1
| #define __STDC_WANT_LIB_EXT2__ 1
| #define __STDC_WANT_MATH_SPEC_FUNCS__ 1
| #define _TANDEM_SOURCE 1
| #define __EXTENSIONS__ 1
| #define HAVE_TCDRAIN 1
| #define HAVE_CANONICALIZE_FILE_NAME 1
| #define HAVE_FACCESSAT 1
| #define HAVE_REALPATH 1
| #define HAVE_LSTAT 1
| #define HAVE_READLINKAT 1
| #define HAVE_FCHDIR 1
| #define HAVE_FCNTL 1
| #define HAVE_SYMLINK 1
| #define HAVE_FFSL 1
| #define HAVE_SNPRINTF 1
| #define HAVE_FSYNC 1
| #define HAVE_GETRUSAGE 1
| #define HAVE_GETTIMEOFDAY 1
| #define HAVE_ISWCNTRL 1
| #define HAVE_ISWBLANK 1
| #define HAVE_MBSINIT 1
| #define HAVE_MBRTOWC 1
| #define HAVE_ISASCII 1
| #define HAVE_MPROTECT 1
| #define HAVE_OBSTACK_PRINTF 1
| #define HAVE_STRERROR_R 1
| #define HAVE___XPG_STRERROR_R 1
| #define HAVE_PIPE 1
| #define HAVE_PIPE2 1
| #define HAVE_POSIX_SPAWN_FILE_ACTIONS_ADDCHDIR_NP 1
| #define HAVE_READLINK 1
| #define HAVE_SETENV 1
| #define HAVE_LINK 1
| #define HAVE_SIGACTION 1
| #define HAVE_SIGALTSTACK 1
| #define HAVE_SIGINTERRUPT 1
| #define HAVE_STPNCPY 1
| #define HAVE_STRNDUP 1
| #define HAVE_WCWIDTH 1
| #define HAVE_FDOPENDIR 1
| #define HAVE_MEMPCPY 1
| #define HAVE_FSTATAT 1
| #define HAVE_GETDELIM 1
| #define HAVE_GETDTABLESIZE 1
| #define HAVE_OPENAT 1
| #define HAVE_CATGETS 1
| #define HAVE_SETLOCALE 1
| #define YYTEXT_POINTER 1
| #define M4 "m4"
| #define M4_GNU_OPTION "--gnu"
| #define HAVE_ALLOCA_H 1
| #define HAVE_ALLOCA 1
| #define HAVE_MALLOC_POSIX 1
| #define LSTAT_FOLLOWS_SLASHED_SYMLINK 1
| #define FUNC_REALPATH_WORKS 1
| #define HAVE_GETCWD 1
| #define restrict __restrict__
| #define HAVE_ENVIRON_DECL 1
| #define HAVE_DECL_STRERROR_R 1
| #define HAVE_STRERROR_R 1
| #define STRERROR_R_CHAR_P 1
| #define HAVE_SIG_ATOMIC_T 1
| #define HAVE_WORKING_O_NOATIME 1
| #define HAVE_WORKING_O_NOFOLLOW 1
| #define HAVE_STDINT_H_WITH_UINTMAX 1
| #define HAVE_INTTYPES_H_WITH_UINTMAX 1
| #define CHECK_PRINTF_SAFE 1
| #define HAVE_WCHAR_T 1
| #define HAVE_WINT_T 1
| #define HAVE_INTMAX_T 1
| #define DBL_EXPBIT0_WORD 1
| #define DBL_EXPBIT0_BIT 20
| #define HAVE_SNPRINTF 1
| #define HAVE_STRNLEN 1
| #define HAVE_WCSLEN 1
| #define HAVE_WCSNLEN 1
| #define HAVE_MBRTOWC 1
| #define HAVE_WCRTOMB 1
| #define HAVE_DECL__SNPRINTF 0
| #define HAVE_SNPRINTF_RETVAL_C99 1
| #define HAVE_SNPRINTF_TRUNCATION_C99 1
| #define HAVE_DECL_ALARM 1
| #define HAVE_DECL_GETCWD 1
| #define D_INO_IN_DIRENT 1
| #define HAVE_GETOPT_H 1
| #define HAVE_GETOPT_LONG_ONLY 1
| #define HAVE_ICONV 1
| #define ICONV_CONST 
| #define HAVE_LONG_LONG_INT 1
| #define HAVE_UNSIGNED_LONG_LONG_INT 1
| #define FLT_EXPBIT0_WORD 0
| #define FLT_EXPBIT0_BIT 23
| #define HAVE_TOWLOWER 1
| #define HAVE_LANGINFO_CODESET 1
| #define HAVE_WEAK_SYMBOLS 1
| #define HAVE_PTHREAD_API 1
| #define USE_POSIX_THREADS 1
| #define USE_POSIX_THREADS_FROM_LIBC 1
| #define HAVE_MBSTATE_T 1
| #define HAVE_MAP_ANONYMOUS 1
| #define HAVE_MINMAX_IN_SYS_PARAM_H 1
| #define HAVE_DECL_OBSTACK_PRINTF 1
| #define PROMOTED_MODE_T mode_t
| #define HAVE_POSIX_SPAWN 1
| #define HAVE_DECL_POSIX_SPAWN 1
| #define REPLACE_VFPRINTF_POSIX 1
| #define USER_LABEL_PREFIX 
| #define HAVE_SIGSET_T 1
| #define INSTALLPREFIX "/home/ubuntu/yocto/rpi-build/tmp/work/x86_64-linux/bison-native/3.8.2-r0/recipe-sysroot-native/usr"
| #define MALLOC_0_IS_NONNULL 1
| #define HAVE_DECL_SETENV 1
| #define HAVE_SCHED_H 1
| #define HAVE_DECL_SNPRINTF 1
| #define HAVE_POSIX_SPAWNATTR_T 1
| #define HAVE_POSIX_SPAWN_FILE_ACTIONS_T 1
| #define HAVE__BOOL 1
| #define HAVE_DECL_FCLOSEALL 1
| #define __USE_MINGW_ANSI_STDIO 1
| #define HAVE_DECL_ECVT 1
| #define HAVE_DECL_FCVT 1
| #define HAVE_DECL_GCVT 1
| #define HAVE_DECL_STPNCPY 1
| #define HAVE_DECL_STRDUP 1
| #define HAVE_DECL_STRNDUP 1
| #define HAVE_STRUCT_TMS 1
| #define _USE_STD_STAT 1
| #define HAVE_DECL_EXECVPE 1
| #define HAVE_DECL_CLEARERR_UNLOCKED 1
| #define HAVE_DECL_FEOF_UNLOCKED 1
| #define HAVE_DECL_FERROR_UNLOCKED 1
| #define HAVE_DECL_FFLUSH_UNLOCKED 1
| #define HAVE_DECL_FGETS_UNLOCKED 1
| #define HAVE_DECL_FPUTC_UNLOCKED 1
| #define HAVE_DECL_FPUTS_UNLOCKED 1
| #define HAVE_DECL_FREAD_UNLOCKED 1
| #define HAVE_DECL_FWRITE_UNLOCKED 1
| #define HAVE_DECL_GETC_UNLOCKED 1
| #define HAVE_DECL_GETCHAR_UNLOCKED 1
| #define HAVE_DECL_PUTC_UNLOCKED 1
| #define HAVE_DECL_PUTCHAR_UNLOCKED 1
| #define HAVE_DECL_UNSETENV 1
| #define HAVE_DECL_VSNPRINTF 1
| #define HAVE_DECL_WCSDUP 1
| #define HAVE_DECL_FCHDIR 1
| #define HAVE_DECL_GETDELIM 1
| #define HAVE_DECL_GETDTABLESIZE 1
| #define HAVE_DECL_GETLINE 1
| #define SETLOCALE_NULL_ALL_MTSAFE 1
| #define SETLOCALE_NULL_ONE_MTSAFE 1
| #define HAVE_DECL_MEMRCHR 1
| #define HAVE_DECL_STRNLEN 1
| #define GNULIB_TEST_ACCESS 1
| #define HAVE_ALLOCA 1
| #define HAVE___BUILTIN_EXPECT 1
| #define GNULIB_TEST_CALLOC_POSIX 1
| #define GNULIB_CANONICALIZE 1
| #define GNULIB_TEST_CANONICALIZE 1
| #define GNULIB_TEST_CANONICALIZE_FILE_NAME 1
| #define GNULIB_CANONICALIZE_LGPL 1
| #define GNULIB_TEST_CANONICALIZE_FILE_NAME 1
| #define GNULIB_TEST_REALPATH 1
| #define HAVE_CLOCK_GETTIME 1
| #define HAVE_CLOCK_SETTIME 1
| #define GNULIB_TEST_CLOEXEC 1
| #define GNULIB_TEST_CLOSE 1
| #define GNULIB_CLOSE_STREAM 1
| #define GNULIB_DIRNAME 1
| #define GNULIB_TEST_DUP2 1
| #define GNULIB_TEST_ENVIRON 1
| #define GNULIB_TEST_FCNTL 1
| #define GNULIB_FD_SAFER_FLAG 1
| #define GNULIB_TEST_FFSL 1
| #define GNULIB_TEST_FOPEN 1
| #define GNULIB_FOPEN_GNU 1
| #define GNULIB_FOPEN_SAFER 1
| #define HAVE_DECL___FPENDING 1
| #define REPLACE_FPRINTF_POSIX 1
| #define GNULIB_TEST_FPRINTF_POSIX 1
| #define HAVE_FREE_POSIX 1
| #define GNULIB_TEST_FREE_POSIX 1
| #define HAVE_FREXP_IN_LIBC 1
| #define GNULIB_TEST_FREXP 1
| #define HAVE_FREXPL_IN_LIBC 1
| #define GNULIB_TEST_FREXPL 1
| #define GNULIB_TEST_FSYNC 1
| #define HAVE_GETPAGESIZE 1
| #define HAVE_MINIMALLY_WORKING_GETCWD 1
| #define GNULIB_GETCWD 1
| #define GNULIB_TEST_GETCWD 1
| #define HAVE_DECL_GETHRTIME 0
| #define GNULIB_TEST_GETOPT_POSIX 1
| #define HAVE_DECL_PROGRAM_INVOCATION_NAME 1
| #define HAVE_DECL_PROGRAM_INVOCATION_SHORT_NAME 1
| #define HAVE_DECL___ARGV 0
| #define GNULIB_TEST_GETRUSAGE 1
| #define GETTIMEOFDAY_TIMEZONE void
| #define GNULIB_TEST_GETTIMEOFDAY 1
| #define HAVE_INLINE 1
| #define GNULIB_TEST_ISNAN 1
| #define GNULIB_TEST_ISNAND 1
| #define HAVE_ISNAND_IN_LIBC 1
| #define GNULIB_TEST_ISNANF 1
| #define GNULIB_TEST_ISNANL 1
| #define HAVE_ISNANL_IN_LIBC 1
| #define HAVE_DECL_ISWBLANK 1
| #define GNULIB_TEST_ISWBLANK 1
| #define GNULIB_TEST_ISWDIGIT 1
| #define GNULIB_TEST_ISWXDIGIT 1
| #define HAVE_LDEXPL 1
| #define GNULIB_TEST_LDEXPL 1
| #define HAVE___INLINE 1
| /* end confdefs.h.  */
| #include <pthread.h>
| 
| int
| main (void)
| {
| if (sizeof ((pthread_rwlock_t)))
| 	    return 0;
|   ;
|   return 0;
| }
configure:39193: result: yes
configure:39206: checking whether pthread_rwlock_rdlock prefers a writer to a reader
configure:39351: gcc  -o conftest -isystem/home/ubuntu/yocto/rpi-build/tmp/work/x86_64-linux/bison-native/3.8.2-r0/recipe-sysroot-native/usr/include -O2 -pipe -isystem/home/ubuntu/yocto/rpi-build/tmp/work/x86_64-linux/bison-native/3.8.2-r0/recipe-sysroot-native/usr/include -L/home/ubuntu/yocto/rpi-build/tmp/work/x86_64-linux/bison-native/3.8.2-r0/recipe-sysroot-native/usr/lib                         -L/home/ubuntu/yocto/rpi-build/tmp/work/x86_64-linux/bison-native/3.8.2-r0/recipe-sysroot-native/lib                         -Wl,--enable-new-dtags                         -Wl,-rpath-link,/home/ubuntu/yocto/rpi-build/tmp/work/x86_64-linux/bison-native/3.8.2-r0/recipe-sysroot-native/usr/lib                         -Wl,-rpath-link,/home/ubuntu/yocto/rpi-build/tmp/work/x86_64-linux/bison-native/3.8.2-r0/recipe-sysroot-native/lib                         -Wl,-rpath,/home/ubuntu/yocto/rpi-build/tmp/work/x86_64-linux/bison-native/3.8.2-r0/recipe-sysroot-native/usr/lib                         -Wl,-rpath,/home/ubuntu/yocto/rpi-build/tmp/work/x86_64-linux/bison-native/3.8.2-r0/recipe-sysroot-native/lib                         -Wl,-O1 -Wl,--allow-shlib-undefined -Wl,--dynamic-linker=/home/ubuntu/yocto/rpi-build/tmp/sysroots-uninative/x86_64-linux/lib/ld-linux-x86-64.so.2 conftest.c   >&5
configure:39351: $? = 0
configure:39351: ./conftest
configure:39351: $? = 1
configure: program exited with status 1
configure: failed program was:
| /* confdefs.h */
| #define PACKAGE_NAME "GNU Bison"
| #define PACKAGE_TARNAME "bison"
| #define PACKAGE_VERSION "3.8.2"
| #define PACKAGE_STRING "GNU Bison 3.8.2"
| #define PACKAGE_BUGREPORT "bug-bison@gnu.org"
| #define PACKAGE_URL "https://www.gnu.org/software/bison/"
| #define PACKAGE_COPYRIGHT_YEAR 2021
| #define PACKAGE "bison"
| #define VERSION "3.8.2"
| #define HAVE_STDIO_H 1
| #define HAVE_STDLIB_H 1
| #define HAVE_STRING_H 1
| #define HAVE_INTTYPES_H 1
| #define HAVE_STDINT_H 1
| #define HAVE_STRINGS_H 1
| #define HAVE_SYS_STAT_H 1
| #define HAVE_SYS_TYPES_H 1
| #define HAVE_UNISTD_H 1
| #define HAVE_WCHAR_H 1
| #define HAVE_LOCALE_H 1
| #define HAVE_SYS_PARAM_H 1
| #define HAVE_SYS_SOCKET_H 1
| #define HAVE_STDIO_EXT_H 1
| #define HAVE_FEATURES_H 1
| #define HAVE_GETOPT_H 1
| #define HAVE_SYS_CDEFS_H 1
| #define HAVE_SYS_TIME_H 1
| #define HAVE_ICONV_H 1
| #define HAVE_LIMITS_H 1
| #define HAVE_WCTYPE_H 1
| #define HAVE_THREADS_H 1
| #define HAVE_MATH_H 1
| #define HAVE_SYS_MMAN_H 1
| #define HAVE_SPAWN_H 1
| #define HAVE_SYS_IOCTL_H 1
| #define HAVE_SYS_RESOURCE_H 1
| #define HAVE_SYS_TIMES_H 1
| #define HAVE_SYS_WAIT_H 1
| #define HAVE_TERMIOS_H 1
| #define HAVE_DIRENT_H 1
| #define STDC_HEADERS 1
| #define _ALL_SOURCE 1
| #define _DARWIN_C_SOURCE 1
| #define _GNU_SOURCE 1
| #define _HPUX_ALT_XOPEN_SOCKET_API 1
| #define _NETBSD_SOURCE 1
| #define _OPENBSD_SOURCE 1
| #define _POSIX_PTHREAD_SEMANTICS 1
| #define __STDC_WANT_IEC_60559_ATTRIBS_EXT__ 1
| #define __STDC_WANT_IEC_60559_BFP_EXT__ 1
| #define __STDC_WANT_IEC_60559_DFP_EXT__ 1
| #define __STDC_WANT_IEC_60559_FUNCS_EXT__ 1
| #define __STDC_WANT_IEC_60559_TYPES_EXT__ 1
| #define __STDC_WANT_LIB_EXT2__ 1
| #define __STDC_WANT_MATH_SPEC_FUNCS__ 1
| #define _TANDEM_SOURCE 1
| #define __EXTENSIONS__ 1
| #define HAVE_TCDRAIN 1
| #define HAVE_CANONICALIZE_FILE_NAME 1
| #define HAVE_FACCESSAT 1
| #define HAVE_REALPATH 1
| #define HAVE_LSTAT 1
| #define HAVE_READLINKAT 1
| #define HAVE_FCHDIR 1
| #define HAVE_FCNTL 1
| #define HAVE_SYMLINK 1
| #define HAVE_FFSL 1
| #define HAVE_SNPRINTF 1
| #define HAVE_FSYNC 1
| #define HAVE_GETRUSAGE 1
| #define HAVE_GETTIMEOFDAY 1
| #define HAVE_ISWCNTRL 1
| #define HAVE_ISWBLANK 1
| #define HAVE_MBSINIT 1
| #define HAVE_MBRTOWC 1
| #define HAVE_ISASCII 1
| #define HAVE_MPROTECT 1
| #define HAVE_OBSTACK_PRINTF 1
| #define HAVE_STRERROR_R 1
| #define HAVE___XPG_STRERROR_R 1
| #define HAVE_PIPE 1
| #define HAVE_PIPE2 1
| #define HAVE_POSIX_SPAWN_FILE_ACTIONS_ADDCHDIR_NP 1
| #define HAVE_READLINK 1
| #define HAVE_SETENV 1
| #define HAVE_LINK 1
| #define HAVE_SIGACTION 1
| #define HAVE_SIGALTSTACK 1
| #define HAVE_SIGINTERRUPT 1
| #define HAVE_STPNCPY 1
| #define HAVE_STRNDUP 1
| #define HAVE_WCWIDTH 1
| #define HAVE_FDOPENDIR 1
| #define HAVE_MEMPCPY 1
| #define HAVE_FSTATAT 1
| #define HAVE_GETDELIM 1
| #define HAVE_GETDTABLESIZE 1
| #define HAVE_OPENAT 1
| #define HAVE_CATGETS 1
| #define HAVE_SETLOCALE 1
| #define YYTEXT_POINTER 1
| #define M4 "m4"
| #define M4_GNU_OPTION "--gnu"
| #define HAVE_ALLOCA_H 1
| #define HAVE_ALLOCA 1
| #define HAVE_MALLOC_POSIX 1
| #define LSTAT_FOLLOWS_SLASHED_SYMLINK 1
| #define FUNC_REALPATH_WORKS 1
| #define HAVE_GETCWD 1
| #define restrict __restrict__
| #define HAVE_ENVIRON_DECL 1
| #define HAVE_DECL_STRERROR_R 1
| #define HAVE_STRERROR_R 1
| #define STRERROR_R_CHAR_P 1
| #define HAVE_SIG_ATOMIC_T 1
| #define HAVE_WORKING_O_NOATIME 1
| #define HAVE_WORKING_O_NOFOLLOW 1
| #define HAVE_STDINT_H_WITH_UINTMAX 1
| #define HAVE_INTTYPES_H_WITH_UINTMAX 1
| #define CHECK_PRINTF_SAFE 1
| #define HAVE_WCHAR_T 1
| #define HAVE_WINT_T 1
| #define HAVE_INTMAX_T 1
| #define DBL_EXPBIT0_WORD 1
| #define DBL_EXPBIT0_BIT 20
| #define HAVE_SNPRINTF 1
| #define HAVE_STRNLEN 1
| #define HAVE_WCSLEN 1
| #define HAVE_WCSNLEN 1
| #define HAVE_MBRTOWC 1
| #define HAVE_WCRTOMB 1
| #define HAVE_DECL__SNPRINTF 0
| #define HAVE_SNPRINTF_RETVAL_C99 1
| #define HAVE_SNPRINTF_TRUNCATION_C99 1
| #define HAVE_DECL_ALARM 1
| #define HAVE_DECL_GETCWD 1
| #define D_INO_IN_DIRENT 1
| #define HAVE_GETOPT_H 1
| #define HAVE_GETOPT_LONG_ONLY 1
| #define HAVE_ICONV 1
| #define ICONV_CONST 
| #define HAVE_LONG_LONG_INT 1
| #define HAVE_UNSIGNED_LONG_LONG_INT 1
| #define FLT_EXPBIT0_WORD 0
| #define FLT_EXPBIT0_BIT 23
| #define HAVE_TOWLOWER 1
| #define HAVE_LANGINFO_CODESET 1
| #define HAVE_WEAK_SYMBOLS 1
| #define HAVE_PTHREAD_API 1
| #define USE_POSIX_THREADS 1
| #define USE_POSIX_THREADS_FROM_LIBC 1
| #define HAVE_MBSTATE_T 1
| #define HAVE_MAP_ANONYMOUS 1
| #define HAVE_MINMAX_IN_SYS_PARAM_H 1
| #define HAVE_DECL_OBSTACK_PRINTF 1
| #define PROMOTED_MODE_T mode_t
| #define HAVE_POSIX_SPAWN 1
| #define HAVE_DECL_POSIX_SPAWN 1
| #define REPLACE_VFPRINTF_POSIX 1
| #define USER_LABEL_PREFIX 
| #define HAVE_SIGSET_T 1
| #define INSTALLPREFIX "/home/ubuntu/yocto/rpi-build/tmp/work/x86_64-linux/bison-native/3.8.2-r0/recipe-sysroot-native/usr"
| #define MALLOC_0_IS_NONNULL 1
| #define HAVE_DECL_SETENV 1
| #define HAVE_SCHED_H 1
| #define HAVE_DECL_SNPRINTF 1
| #define HAVE_POSIX_SPAWNATTR_T 1
| #define HAVE_POSIX_SPAWN_FILE_ACTIONS_T 1
| #define HAVE__BOOL 1
| #define HAVE_DECL_FCLOSEALL 1
| #define __USE_MINGW_ANSI_STDIO 1
| #define HAVE_DECL_ECVT 1
| #define HAVE_DECL_FCVT 1
| #define HAVE_DECL_GCVT 1
| #define HAVE_DECL_STPNCPY 1
| #define HAVE_DECL_STRDUP 1
| #define HAVE_DECL_STRNDUP 1
| #define HAVE_STRUCT_TMS 1
| #define _USE_STD_STAT 1
| #define HAVE_DECL_EXECVPE 1
| #define HAVE_DECL_CLEARERR_UNLOCKED 1
| #define HAVE_DECL_FEOF_UNLOCKED 1
| #define HAVE_DECL_FERROR_UNLOCKED 1
| #define HAVE_DECL_FFLUSH_UNLOCKED 1
| #define HAVE_DECL_FGETS_UNLOCKED 1
| #define HAVE_DECL_FPUTC_UNLOCKED 1
| #define HAVE_DECL_FPUTS_UNLOCKED 1
| #define HAVE_DECL_FREAD_UNLOCKED 1
| #define HAVE_DECL_FWRITE_UNLOCKED 1
| #define HAVE_DECL_GETC_UNLOCKED 1
| #define HAVE_DECL_GETCHAR_UNLOCKED 1
| #define HAVE_DECL_PUTC_UNLOCKED 1
| #define HAVE_DECL_PUTCHAR_UNLOCKED 1
| #define HAVE_DECL_UNSETENV 1
| #define HAVE_DECL_VSNPRINTF 1
| #define HAVE_DECL_WCSDUP 1
| #define HAVE_DECL_FCHDIR 1
| #define HAVE_DECL_GETDELIM 1
| #define HAVE_DECL_GETDTABLESIZE 1
| #define HAVE_DECL_GETLINE 1
| #define SETLOCALE_NULL_ALL_MTSAFE 1
| #define SETLOCALE_NULL_ONE_MTSAFE 1
| #define HAVE_DECL_MEMRCHR 1
| #define HAVE_DECL_STRNLEN 1
| #define GNULIB_TEST_ACCESS 1
| #define HAVE_ALLOCA 1
| #define HAVE___BUILTIN_EXPECT 1
| #define GNULIB_TEST_CALLOC_POSIX 1
| #define GNULIB_CANONICALIZE 1
| #define GNULIB_TEST_CANONICALIZE 1
| #define GNULIB_TEST_CANONICALIZE_FILE_NAME 1
| #define GNULIB_CANONICALIZE_LGPL 1
| #define GNULIB_TEST_CANONICALIZE_FILE_NAME 1
| #define GNULIB_TEST_REALPATH 1
| #define HAVE_CLOCK_GETTIME 1
| #define HAVE_CLOCK_SETTIME 1
| #define GNULIB_TEST_CLOEXEC 1
| #define GNULIB_TEST_CLOSE 1
| #define GNULIB_CLOSE_STREAM 1
| #define GNULIB_DIRNAME 1
| #define GNULIB_TEST_DUP2 1
| #define GNULIB_TEST_ENVIRON 1
| #define GNULIB_TEST_FCNTL 1
| #define GNULIB_FD_SAFER_FLAG 1
| #define GNULIB_TEST_FFSL 1
| #define GNULIB_TEST_FOPEN 1
| #define GNULIB_FOPEN_GNU 1
| #define GNULIB_FOPEN_SAFER 1
| #define HAVE_DECL___FPENDING 1
| #define REPLACE_FPRINTF_POSIX 1
| #define GNULIB_TEST_FPRINTF_POSIX 1
| #define HAVE_FREE_POSIX 1
| #define GNULIB_TEST_FREE_POSIX 1
| #define HAVE_FREXP_IN_LIBC 1
| #define GNULIB_TEST_FREXP 1
| #define HAVE_FREXPL_IN_LIBC 1
| #define GNULIB_TEST_FREXPL 1
| #define GNULIB_TEST_FSYNC 1
| #define HAVE_GETPAGESIZE 1
| #define HAVE_MINIMALLY_WORKING_GETCWD 1
| #define GNULIB_GETCWD 1
| #define GNULIB_TEST_GETCWD 1
| #define HAVE_DECL_GETHRTIME 0
| #define GNULIB_TEST_GETOPT_POSIX 1
| #define HAVE_DECL_PROGRAM_INVOCATION_NAME 1
| #define HAVE_DECL_PROGRAM_INVOCATION_SHORT_NAME 1
| #define HAVE_DECL___ARGV 0
| #define GNULIB_TEST_GETRUSAGE 1
| #define GETTIMEOFDAY_TIMEZONE void
| #define GNULIB_TEST_GETTIMEOFDAY 1
| #define HAVE_INLINE 1
| #define GNULIB_TEST_ISNAN 1
| #define GNULIB_TEST_ISNAND 1
| #define HAVE_ISNAND_IN_LIBC 1
| #define GNULIB_TEST_ISNANF 1
| #define GNULIB_TEST_ISNANL 1
| #define HAVE_ISNANL_IN_LIBC 1
| #define HAVE_DECL_ISWBLANK 1
| #define GNULIB_TEST_ISWBLANK 1
| #define GNULIB_TEST_ISWDIGIT 1
| #define GNULIB_TEST_ISWXDIGIT 1
| #define HAVE_LDEXPL 1
| #define GNULIB_TEST_LDEXPL 1
| #define HAVE___INLINE 1
| #define HAVE_PTHREAD_RWLOCK 1
| /* end confdefs.h.  */
| 
| #include <errno.h>
| #include <pthread.h>
| #include <stdlib.h>
| #include <unistd.h>
| 
| #define SUCCEED() exit (0)
| #define FAILURE() exit (1)
| #define UNEXPECTED(n) (exit (10 + (n)))
| 
| /* The main thread creates the waiting writer and the requesting reader threads
|    in the default way; this guarantees that they have the same priority.
|    We can reuse the main thread as first reader thread.  */
| 
| static pthread_rwlock_t lock;
| static pthread_t reader1;
| static pthread_t writer;
| static pthread_t reader2;
| static pthread_t timer;
| /* Used to pass control from writer to reader2 and from reader2 to timer,
|    as in a relay race.
|    Passing control from one running thread to another running thread
|    is most likely faster than to create the second thread.  */
| static pthread_mutex_t baton;
| 
| static void *
| timer_func (void *ignored)
| {
|   /* Step 13 (can be before or after step 12):
|      The timer thread takes the baton, then waits a moment to make sure
|      it can tell whether the second reader thread is blocked at step 12.  */
|   if (pthread_mutex_lock (&baton))
|     UNEXPECTED (13);
|   usleep (100000);
|   /* By the time we get here, it's clear that the second reader thread is
|      blocked at step 12.  This is the desired behaviour.  */
|   SUCCEED ();
| }
| 
| static void *
| reader2_func (void *ignored)
| {
|   int err;
| 
|   /* Step 8 (can be before or after step 7):
|      The second reader thread takes the baton, then waits a moment to make sure
|      the writer thread has reached step 7.  */
|   if (pthread_mutex_lock (&baton))
|     UNEXPECTED (8);
|   usleep (100000);
|   /* Step 9: The second reader thread requests the lock.  */
|   err = pthread_rwlock_tryrdlock (&lock);
|   if (err == 0)
|     FAILURE ();
|   else if (err != EBUSY)
|     UNEXPECTED (9);
|   /* Step 10: Launch a timer, to test whether the next call blocks.  */
|   if (pthread_create (&timer, NULL, timer_func, NULL))
|     UNEXPECTED (10);
|   /* Step 11: Release the baton.  */
|   if (pthread_mutex_unlock (&baton))
|     UNEXPECTED (11);
|   /* Step 12: The second reader thread requests the lock.  */
|   err = pthread_rwlock_rdlock (&lock);
|   if (err == 0)
|     FAILURE ();
|   else
|     UNEXPECTED (12);
| }
| 
| static void *
| writer_func (void *ignored)
| {
|   /* Step 4: Take the baton, so that the second reader thread does not go ahead
|      too early.  */
|   if (pthread_mutex_lock (&baton))
|     UNEXPECTED (4);
|   /* Step 5: Create the second reader thread.  */
|   if (pthread_create (&reader2, NULL, reader2_func, NULL))
|     UNEXPECTED (5);
|   /* Step 6: Release the baton.  */
|   if (pthread_mutex_unlock (&baton))
|     UNEXPECTED (6);
|   /* Step 7: The writer thread requests the lock.  */
|   if (pthread_rwlock_wrlock (&lock))
|     UNEXPECTED (7);
|   return NULL;
| }
| 
| int
| main ()
| {
|   reader1 = pthread_self ();
| 
|   /* Step 1: The main thread initializes the lock and the baton.  */
|   if (pthread_rwlock_init (&lock, NULL))
|     UNEXPECTED (1);
|   if (pthread_mutex_init (&baton, NULL))
|     UNEXPECTED (1);
|   /* Step 2: The main thread acquires the lock as a reader.  */
|   if (pthread_rwlock_rdlock (&lock))
|     UNEXPECTED (2);
|   /* Step 3: Create the writer thread.  */
|   if (pthread_create (&writer, NULL, writer_func, NULL))
|     UNEXPECTED (3);
|   /* Job done.  Go to sleep.  */
|   for (;;)
|     {
|       sleep (1);
|     }
| }
| 
configure:39364: result: no
configure:39398: gcc  -c -isystem/home/ubuntu/yocto/rpi-build/tmp/work/x86_64-linux/bison-native/3.8.2-r0/recipe-sysroot-native/usr/include -O2 -pipe -isystem/home/ubuntu/yocto/rpi-build/tmp/work/x86_64-linux/bison-native/3.8.2-r0/recipe-sysroot-native/usr/include conftest.c >&5
configure:39398: $? = 0
configure:39421: checking whether malloc (0) returns nonnull
configure:39468: result: yes
configure:39558: checking whether mbrtowc handles incomplete characters
configure:39650: result: yes
configure:39656: checking whether mbrtowc works as well as mbtowc
configure:39713: result: yes
configure:39755: checking whether mbrtowc handles a NULL pwc argument
configure:39809: gcc  -o conftest -isystem/home/ubuntu/yocto/rpi-build/tmp/work/x86_64-linux/bison-native/3.8.2-r0/recipe-sysroot-native/usr/include -O2 -pipe -isystem/home/ubuntu/yocto/rpi-build/tmp/work/x86_64-linux/bison-native/3.8.2-r0/recipe-sysroot-native/usr/include -L/home/ubuntu/yocto/rpi-build/tmp/work/x86_64-linux/bison-native/3.8.2-r0/recipe-sysroot-native/usr/lib                         -L/home/ubuntu/yocto/rpi-build/tmp/work/x86_64-linux/bison-native/3.8.2-r0/recipe-sysroot-native/lib                         -Wl,--enable-new-dtags                         -Wl,-rpath-link,/home/ubuntu/yocto/rpi-build/tmp/work/x86_64-linux/bison-native/3.8.2-r0/recipe-sysroot-native/usr/lib                         -Wl,-rpath-link,/home/ubuntu/yocto/rpi-build/tmp/work/x86_64-linux/bison-native/3.8.2-r0/recipe-sysroot-native/lib                         -Wl,-rpath,/home/ubuntu/yocto/rpi-build/tmp/work/x86_64-linux/bison-native/3.8.2-r0/recipe-sysroot-native/usr/lib                         -Wl,-rpath,/home/ubuntu/yocto/rpi-build/tmp/work/x86_64-linux/bison-native/3.8.2-r0/recipe-sysroot-native/lib                         -Wl,-O1 -Wl,--allow-shlib-undefined -Wl,--dynamic-linker=/home/ubuntu/yocto/rpi-build/tmp/sysroots-uninative/x86_64-linux/lib/ld-linux-x86-64.so.2 conftest.c  >&5
configure:39809: $? = 0
configure:39809: ./conftest
configure:39809: $? = 0
configure:39822: result: yes
configure:39828: checking whether mbrtowc handles a NULL string argument
configure:39870: gcc  -o conftest -isystem/home/ubuntu/yocto/rpi-build/tmp/work/x86_64-linux/bison-native/3.8.2-r0/recipe-sysroot-native/usr/include -O2 -pipe -isystem/home/ubuntu/yocto/rpi-build/tmp/work/x86_64-linux/bison-native/3.8.2-r0/recipe-sysroot-native/usr/include -L/home/ubuntu/yocto/rpi-build/tmp/work/x86_64-linux/bison-native/3.8.2-r0/recipe-sysroot-native/usr/lib                         -L/home/ubuntu/yocto/rpi-build/tmp/work/x86_64-linux/bison-native/3.8.2-r0/recipe-sysroot-native/lib                         -Wl,--enable-new-dtags                         -Wl,-rpath-link,/home/ubuntu/yocto/rpi-build/tmp/work/x86_64-linux/bison-native/3.8.2-r0/recipe-sysroot-native/usr/lib                         -Wl,-rpath-link,/home/ubuntu/yocto/rpi-build/tmp/work/x86_64-linux/bison-native/3.8.2-r0/recipe-sysroot-native/lib                         -Wl,-rpath,/home/ubuntu/yocto/rpi-build/tmp/work/x86_64-linux/bison-native/3.8.2-r0/recipe-sysroot-native/usr/lib                         -Wl,-rpath,/home/ubuntu/yocto/rpi-build/tmp/work/x86_64-linux/bison-native/3.8.2-r0/recipe-sysroot-native/lib                         -Wl,-O1 -Wl,--allow-shlib-undefined -Wl,--dynamic-linker=/home/ubuntu/yocto/rpi-build/tmp/sysroots-uninative/x86_64-linux/lib/ld-linux-x86-64.so.2 conftest.c  >&5
configure:39870: $? = 0
configure:39870: ./conftest
configure:39870: $? = 0
configure:39883: result: yes
configure:39891: checking whether mbrtowc has a correct return value
configure:40017: result: yes
configure:40023: checking whether mbrtowc returns 0 when parsing a NUL character
configure:40075: result: yes
configure:40080: checking whether mbrtowc stores incomplete characters
configure:40189: gcc  -o conftest -isystem/home/ubuntu/yocto/rpi-build/tmp/work/x86_64-linux/bison-native/3.8.2-r0/recipe-sysroot-native/usr/include -O2 -pipe -isystem/home/ubuntu/yocto/rpi-build/tmp/work/x86_64-linux/bison-native/3.8.2-r0/recipe-sysroot-native/usr/include -L/home/ubuntu/yocto/rpi-build/tmp/work/x86_64-linux/bison-native/3.8.2-r0/recipe-sysroot-native/usr/lib                         -L/home/ubuntu/yocto/rpi-build/tmp/work/x86_64-linux/bison-native/3.8.2-r0/recipe-sysroot-native/lib                         -Wl,--enable-new-dtags                         -Wl,-rpath-link,/home/ubuntu/yocto/rpi-build/tmp/work/x86_64-linux/bison-native/3.8.2-r0/recipe-sysroot-native/usr/lib                         -Wl,-rpath-link,/home/ubuntu/yocto/rpi-build/tmp/work/x86_64-linux/bison-native/3.8.2-r0/recipe-sysroot-native/lib                         -Wl,-rpath,/home/ubuntu/yocto/rpi-build/tmp/work/x86_64-linux/bison-native/3.8.2-r0/recipe-sysroot-native/usr/lib                         -Wl,-rpath,/home/ubuntu/yocto/rpi-build/tmp/work/x86_64-linux/bison-native/3.8.2-r0/recipe-sysroot-native/lib                         -Wl,-O1 -Wl,--allow-shlib-undefined -Wl,--dynamic-linker=/home/ubuntu/yocto/rpi-build/tmp/sysroots-uninative/x86_64-linux/lib/ld-linux-x86-64.so.2 conftest.c  >&5
configure:40189: $? = 0
configure:40189: ./conftest
configure:40189: $? = 0
configure:40204: result: no
configure:40209: checking whether mbrtowc works on empty input
configure:40239: gcc  -o conftest -isystem/home/ubuntu/yocto/rpi-build/tmp/work/x86_64-linux/bison-native/3.8.2-r0/recipe-sysroot-native/usr/include -O2 -pipe -isystem/home/ubuntu/yocto/rpi-build/tmp/work/x86_64-linux/bison-native/3.8.2-r0/recipe-sysroot-native/usr/include -L/home/ubuntu/yocto/rpi-build/tmp/work/x86_64-linux/bison-native/3.8.2-r0/recipe-sysroot-native/usr/lib                         -L/home/ubuntu/yocto/rpi-build/tmp/work/x86_64-linux/bison-native/3.8.2-r0/recipe-sysroot-native/lib                         -Wl,--enable-new-dtags                         -Wl,-rpath-link,/home/ubuntu/yocto/rpi-build/tmp/work/x86_64-linux/bison-native/3.8.2-r0/recipe-sysroot-native/usr/lib                         -Wl,-rpath-link,/home/ubuntu/yocto/rpi-build/tmp/work/x86_64-linux/bison-native/3.8.2-r0/recipe-sysroot-native/lib                         -Wl,-rpath,/home/ubuntu/yocto/rpi-build/tmp/work/x86_64-linux/bison-native/3.8.2-r0/recipe-sysroot-native/usr/lib                         -Wl,-rpath,/home/ubuntu/yocto/rpi-build/tmp/work/x86_64-linux/bison-native/3.8.2-r0/recipe-sysroot-native/lib                         -Wl,-O1 -Wl,--allow-shlib-undefined -Wl,--dynamic-linker=/home/ubuntu/yocto/rpi-build/tmp/sysroots-uninative/x86_64-linux/lib/ld-linux-x86-64.so.2 conftest.c  >&5
configure:40239: $? = 0
configure:40239: ./conftest
configure:40239: $? = 0
configure:40251: result: yes
configure:40255: checking whether the C locale is free of encoding errors
configure:40301: gcc  -o conftest -isystem/home/ubuntu/yocto/rpi-build/tmp/work/x86_64-linux/bison-native/3.8.2-r0/recipe-sysroot-native/usr/include -O2 -pipe -isystem/home/ubuntu/yocto/rpi-build/tmp/work/x86_64-linux/bison-native/3.8.2-r0/recipe-sysroot-native/usr/include -L/home/ubuntu/yocto/rpi-build/tmp/work/x86_64-linux/bison-native/3.8.2-r0/recipe-sysroot-native/usr/lib                         -L/home/ubuntu/yocto/rpi-build/tmp/work/x86_64-linux/bison-native/3.8.2-r0/recipe-sysroot-native/lib                         -Wl,--enable-new-dtags                         -Wl,-rpath-link,/home/ubuntu/yocto/rpi-build/tmp/work/x86_64-linux/bison-native/3.8.2-r0/recipe-sysroot-native/usr/lib                         -Wl,-rpath-link,/home/ubuntu/yocto/rpi-build/tmp/work/x86_64-linux/bison-native/3.8.2-r0/recipe-sysroot-native/lib                         -Wl,-rpath,/home/ubuntu/yocto/rpi-build/tmp/work/x86_64-linux/bison-native/3.8.2-r0/recipe-sysroot-native/usr/lib                         -Wl,-rpath,/home/ubuntu/yocto/rpi-build/tmp/work/x86_64-linux/bison-native/3.8.2-r0/recipe-sysroot-native/lib                         -Wl,-O1 -Wl,--allow-shlib-undefined -Wl,--dynamic-linker=/home/ubuntu/yocto/rpi-build/tmp/sysroots-uninative/x86_64-linux/lib/ld-linux-x86-64.so.2 conftest.c  >&5
configure:40301: $? = 0
configure:40301: ./conftest
configure:40301: $? = 3
configure: program exited with status 3
configure: failed program was:
| /* confdefs.h */
| #define PACKAGE_NAME "GNU Bison"
| #define PACKAGE_TARNAME "bison"
| #define PACKAGE_VERSION "3.8.2"
| #define PACKAGE_STRING "GNU Bison 3.8.2"
| #define PACKAGE_BUGREPORT "bug-bison@gnu.org"
| #define PACKAGE_URL "https://www.gnu.org/software/bison/"
| #define PACKAGE_COPYRIGHT_YEAR 2021
| #define PACKAGE "bison"
| #define VERSION "3.8.2"
| #define HAVE_STDIO_H 1
| #define HAVE_STDLIB_H 1
| #define HAVE_STRING_H 1
| #define HAVE_INTTYPES_H 1
| #define HAVE_STDINT_H 1
| #define HAVE_STRINGS_H 1
| #define HAVE_SYS_STAT_H 1
| #define HAVE_SYS_TYPES_H 1
| #define HAVE_UNISTD_H 1
| #define HAVE_WCHAR_H 1
| #define HAVE_LOCALE_H 1
| #define HAVE_SYS_PARAM_H 1
| #define HAVE_SYS_SOCKET_H 1
| #define HAVE_STDIO_EXT_H 1
| #define HAVE_FEATURES_H 1
| #define HAVE_GETOPT_H 1
| #define HAVE_SYS_CDEFS_H 1
| #define HAVE_SYS_TIME_H 1
| #define HAVE_ICONV_H 1
| #define HAVE_LIMITS_H 1
| #define HAVE_WCTYPE_H 1
| #define HAVE_THREADS_H 1
| #define HAVE_MATH_H 1
| #define HAVE_SYS_MMAN_H 1
| #define HAVE_SPAWN_H 1
| #define HAVE_SYS_IOCTL_H 1
| #define HAVE_SYS_RESOURCE_H 1
| #define HAVE_SYS_TIMES_H 1
| #define HAVE_SYS_WAIT_H 1
| #define HAVE_TERMIOS_H 1
| #define HAVE_DIRENT_H 1
| #define STDC_HEADERS 1
| #define _ALL_SOURCE 1
| #define _DARWIN_C_SOURCE 1
| #define _GNU_SOURCE 1
| #define _HPUX_ALT_XOPEN_SOCKET_API 1
| #define _NETBSD_SOURCE 1
| #define _OPENBSD_SOURCE 1
| #define _POSIX_PTHREAD_SEMANTICS 1
| #define __STDC_WANT_IEC_60559_ATTRIBS_EXT__ 1
| #define __STDC_WANT_IEC_60559_BFP_EXT__ 1
| #define __STDC_WANT_IEC_60559_DFP_EXT__ 1
| #define __STDC_WANT_IEC_60559_FUNCS_EXT__ 1
| #define __STDC_WANT_IEC_60559_TYPES_EXT__ 1
| #define __STDC_WANT_LIB_EXT2__ 1
| #define __STDC_WANT_MATH_SPEC_FUNCS__ 1
| #define _TANDEM_SOURCE 1
| #define __EXTENSIONS__ 1
| #define HAVE_TCDRAIN 1
| #define HAVE_CANONICALIZE_FILE_NAME 1
| #define HAVE_FACCESSAT 1
| #define HAVE_REALPATH 1
| #define HAVE_LSTAT 1
| #define HAVE_READLINKAT 1
| #define HAVE_FCHDIR 1
| #define HAVE_FCNTL 1
| #define HAVE_SYMLINK 1
| #define HAVE_FFSL 1
| #define HAVE_SNPRINTF 1
| #define HAVE_FSYNC 1
| #define HAVE_GETRUSAGE 1
| #define HAVE_GETTIMEOFDAY 1
| #define HAVE_ISWCNTRL 1
| #define HAVE_ISWBLANK 1
| #define HAVE_MBSINIT 1
| #define HAVE_MBRTOWC 1
| #define HAVE_ISASCII 1
| #define HAVE_MPROTECT 1
| #define HAVE_OBSTACK_PRINTF 1
| #define HAVE_STRERROR_R 1
| #define HAVE___XPG_STRERROR_R 1
| #define HAVE_PIPE 1
| #define HAVE_PIPE2 1
| #define HAVE_POSIX_SPAWN_FILE_ACTIONS_ADDCHDIR_NP 1
| #define HAVE_READLINK 1
| #define HAVE_SETENV 1
| #define HAVE_LINK 1
| #define HAVE_SIGACTION 1
| #define HAVE_SIGALTSTACK 1
| #define HAVE_SIGINTERRUPT 1
| #define HAVE_STPNCPY 1
| #define HAVE_STRNDUP 1
| #define HAVE_WCWIDTH 1
| #define HAVE_FDOPENDIR 1
| #define HAVE_MEMPCPY 1
| #define HAVE_FSTATAT 1
| #define HAVE_GETDELIM 1
| #define HAVE_GETDTABLESIZE 1
| #define HAVE_OPENAT 1
| #define HAVE_CATGETS 1
| #define HAVE_SETLOCALE 1
| #define YYTEXT_POINTER 1
| #define M4 "m4"
| #define M4_GNU_OPTION "--gnu"
| #define HAVE_ALLOCA_H 1
| #define HAVE_ALLOCA 1
| #define HAVE_MALLOC_POSIX 1
| #define LSTAT_FOLLOWS_SLASHED_SYMLINK 1
| #define FUNC_REALPATH_WORKS 1
| #define HAVE_GETCWD 1
| #define restrict __restrict__
| #define HAVE_ENVIRON_DECL 1
| #define HAVE_DECL_STRERROR_R 1
| #define HAVE_STRERROR_R 1
| #define STRERROR_R_CHAR_P 1
| #define HAVE_SIG_ATOMIC_T 1
| #define HAVE_WORKING_O_NOATIME 1
| #define HAVE_WORKING_O_NOFOLLOW 1
| #define HAVE_STDINT_H_WITH_UINTMAX 1
| #define HAVE_INTTYPES_H_WITH_UINTMAX 1
| #define CHECK_PRINTF_SAFE 1
| #define HAVE_WCHAR_T 1
| #define HAVE_WINT_T 1
| #define HAVE_INTMAX_T 1
| #define DBL_EXPBIT0_WORD 1
| #define DBL_EXPBIT0_BIT 20
| #define HAVE_SNPRINTF 1
| #define HAVE_STRNLEN 1
| #define HAVE_WCSLEN 1
| #define HAVE_WCSNLEN 1
| #define HAVE_MBRTOWC 1
| #define HAVE_WCRTOMB 1
| #define HAVE_DECL__SNPRINTF 0
| #define HAVE_SNPRINTF_RETVAL_C99 1
| #define HAVE_SNPRINTF_TRUNCATION_C99 1
| #define HAVE_DECL_ALARM 1
| #define HAVE_DECL_GETCWD 1
| #define D_INO_IN_DIRENT 1
| #define HAVE_GETOPT_H 1
| #define HAVE_GETOPT_LONG_ONLY 1
| #define HAVE_ICONV 1
| #define ICONV_CONST 
| #define HAVE_LONG_LONG_INT 1
| #define HAVE_UNSIGNED_LONG_LONG_INT 1
| #define FLT_EXPBIT0_WORD 0
| #define FLT_EXPBIT0_BIT 23
| #define HAVE_TOWLOWER 1
| #define HAVE_LANGINFO_CODESET 1
| #define HAVE_WEAK_SYMBOLS 1
| #define HAVE_PTHREAD_API 1
| #define USE_POSIX_THREADS 1
| #define USE_POSIX_THREADS_FROM_LIBC 1
| #define HAVE_MBSTATE_T 1
| #define HAVE_MAP_ANONYMOUS 1
| #define HAVE_MINMAX_IN_SYS_PARAM_H 1
| #define HAVE_DECL_OBSTACK_PRINTF 1
| #define PROMOTED_MODE_T mode_t
| #define HAVE_POSIX_SPAWN 1
| #define HAVE_DECL_POSIX_SPAWN 1
| #define REPLACE_VFPRINTF_POSIX 1
| #define USER_LABEL_PREFIX 
| #define HAVE_SIGSET_T 1
| #define INSTALLPREFIX "/home/ubuntu/yocto/rpi-build/tmp/work/x86_64-linux/bison-native/3.8.2-r0/recipe-sysroot-native/usr"
| #define MALLOC_0_IS_NONNULL 1
| #define HAVE_DECL_SETENV 1
| #define HAVE_SCHED_H 1
| #define HAVE_DECL_SNPRINTF 1
| #define HAVE_POSIX_SPAWNATTR_T 1
| #define HAVE_POSIX_SPAWN_FILE_ACTIONS_T 1
| #define HAVE__BOOL 1
| #define HAVE_DECL_FCLOSEALL 1
| #define __USE_MINGW_ANSI_STDIO 1
| #define HAVE_DECL_ECVT 1
| #define HAVE_DECL_FCVT 1
| #define HAVE_DECL_GCVT 1
| #define HAVE_DECL_STPNCPY 1
| #define HAVE_DECL_STRDUP 1
| #define HAVE_DECL_STRNDUP 1
| #define HAVE_STRUCT_TMS 1
| #define _USE_STD_STAT 1
| #define HAVE_DECL_EXECVPE 1
| #define HAVE_DECL_CLEARERR_UNLOCKED 1
| #define HAVE_DECL_FEOF_UNLOCKED 1
| #define HAVE_DECL_FERROR_UNLOCKED 1
| #define HAVE_DECL_FFLUSH_UNLOCKED 1
| #define HAVE_DECL_FGETS_UNLOCKED 1
| #define HAVE_DECL_FPUTC_UNLOCKED 1
| #define HAVE_DECL_FPUTS_UNLOCKED 1
| #define HAVE_DECL_FREAD_UNLOCKED 1
| #define HAVE_DECL_FWRITE_UNLOCKED 1
| #define HAVE_DECL_GETC_UNLOCKED 1
| #define HAVE_DECL_GETCHAR_UNLOCKED 1
| #define HAVE_DECL_PUTC_UNLOCKED 1
| #define HAVE_DECL_PUTCHAR_UNLOCKED 1
| #define HAVE_DECL_UNSETENV 1
| #define HAVE_DECL_VSNPRINTF 1
| #define HAVE_DECL_WCSDUP 1
| #define HAVE_DECL_FCHDIR 1
| #define HAVE_DECL_GETDELIM 1
| #define HAVE_DECL_GETDTABLESIZE 1
| #define HAVE_DECL_GETLINE 1
| #define SETLOCALE_NULL_ALL_MTSAFE 1
| #define SETLOCALE_NULL_ONE_MTSAFE 1
| #define HAVE_DECL_MEMRCHR 1
| #define HAVE_DECL_STRNLEN 1
| #define GNULIB_TEST_ACCESS 1
| #define HAVE_ALLOCA 1
| #define HAVE___BUILTIN_EXPECT 1
| #define GNULIB_TEST_CALLOC_POSIX 1
| #define GNULIB_CANONICALIZE 1
| #define GNULIB_TEST_CANONICALIZE 1
| #define GNULIB_TEST_CANONICALIZE_FILE_NAME 1
| #define GNULIB_CANONICALIZE_LGPL 1
| #define GNULIB_TEST_CANONICALIZE_FILE_NAME 1
| #define GNULIB_TEST_REALPATH 1
| #define HAVE_CLOCK_GETTIME 1
| #define HAVE_CLOCK_SETTIME 1
| #define GNULIB_TEST_CLOEXEC 1
| #define GNULIB_TEST_CLOSE 1
| #define GNULIB_CLOSE_STREAM 1
| #define GNULIB_DIRNAME 1
| #define GNULIB_TEST_DUP2 1
| #define GNULIB_TEST_ENVIRON 1
| #define GNULIB_TEST_FCNTL 1
| #define GNULIB_FD_SAFER_FLAG 1
| #define GNULIB_TEST_FFSL 1
| #define GNULIB_TEST_FOPEN 1
| #define GNULIB_FOPEN_GNU 1
| #define GNULIB_FOPEN_SAFER 1
| #define HAVE_DECL___FPENDING 1
| #define REPLACE_FPRINTF_POSIX 1
| #define GNULIB_TEST_FPRINTF_POSIX 1
| #define HAVE_FREE_POSIX 1
| #define GNULIB_TEST_FREE_POSIX 1
| #define HAVE_FREXP_IN_LIBC 1
| #define GNULIB_TEST_FREXP 1
| #define HAVE_FREXPL_IN_LIBC 1
| #define GNULIB_TEST_FREXPL 1
| #define GNULIB_TEST_FSYNC 1
| #define HAVE_GETPAGESIZE 1
| #define HAVE_MINIMALLY_WORKING_GETCWD 1
| #define GNULIB_GETCWD 1
| #define GNULIB_TEST_GETCWD 1
| #define HAVE_DECL_GETHRTIME 0
| #define GNULIB_TEST_GETOPT_POSIX 1
| #define HAVE_DECL_PROGRAM_INVOCATION_NAME 1
| #define HAVE_DECL_PROGRAM_INVOCATION_SHORT_NAME 1
| #define HAVE_DECL___ARGV 0
| #define GNULIB_TEST_GETRUSAGE 1
| #define GETTIMEOFDAY_TIMEZONE void
| #define GNULIB_TEST_GETTIMEOFDAY 1
| #define HAVE_INLINE 1
| #define GNULIB_TEST_ISNAN 1
| #define GNULIB_TEST_ISNAND 1
| #define HAVE_ISNAND_IN_LIBC 1
| #define GNULIB_TEST_ISNANF 1
| #define GNULIB_TEST_ISNANL 1
| #define HAVE_ISNANL_IN_LIBC 1
| #define HAVE_DECL_ISWBLANK 1
| #define GNULIB_TEST_ISWBLANK 1
| #define GNULIB_TEST_ISWDIGIT 1
| #define GNULIB_TEST_ISWXDIGIT 1
| #define HAVE_LDEXPL 1
| #define GNULIB_TEST_LDEXPL 1
| #define HAVE___INLINE 1
| #define HAVE_PTHREAD_RWLOCK 1
| #define HAVE_PTHREAD_MUTEX_RECURSIVE 1
| #define GNULIB_LOCK 1
| #define GNULIB_TEST_MALLOC_POSIX 1
| /* end confdefs.h.  */
| #include <limits.h>
|             #include <locale.h>
|             #include <wchar.h>
| 
| int
| main (void)
| {
| 
|             int i;
|             char *locale = setlocale (LC_ALL, "C");
|             if (! locale)
|               return 2;
|             for (i = CHAR_MIN; i <= CHAR_MAX; i++)
|               {
|                 char c = i;
|                 wchar_t wc;
|                 mbstate_t mbs = { 0, };
|                 size_t ss = mbrtowc (&wc, &c, 1, &mbs);
|                 if (1 < ss)
|                   return 3;
|               }
|             return 0;
| 
|   ;
|   return 0;
| }
configure:40313: result: no
configure:40672: checking whether mbrtowc handles incomplete characters
configure:40764: result: yes
configure:40770: checking whether mbrtowc works as well as mbtowc
configure:40827: result: yes
configure:40910: checking whether mbswidth is declared in <wchar.h>
configure:40930: gcc  -c -isystem/home/ubuntu/yocto/rpi-build/tmp/work/x86_64-linux/bison-native/3.8.2-r0/recipe-sysroot-native/usr/include -O2 -pipe -isystem/home/ubuntu/yocto/rpi-build/tmp/work/x86_64-linux/bison-native/3.8.2-r0/recipe-sysroot-native/usr/include conftest.c >&5
conftest.c: In function 'main':
conftest.c:279:20: error: 'mbswidth' undeclared (first use in this function); did you mean 'wcswidth'?
  279 | char *p = (char *) mbswidth;
      |                    ^~~~~~~~
      |                    wcswidth
conftest.c:279:20: note: each undeclared identifier is reported only once for each function it appears in
configure:40930: $? = 1
configure: failed program was:
| /* confdefs.h */
| #define PACKAGE_NAME "GNU Bison"
| #define PACKAGE_TARNAME "bison"
| #define PACKAGE_VERSION "3.8.2"
| #define PACKAGE_STRING "GNU Bison 3.8.2"
| #define PACKAGE_BUGREPORT "bug-bison@gnu.org"
| #define PACKAGE_URL "https://www.gnu.org/software/bison/"
| #define PACKAGE_COPYRIGHT_YEAR 2021
| #define PACKAGE "bison"
| #define VERSION "3.8.2"
| #define HAVE_STDIO_H 1
| #define HAVE_STDLIB_H 1
| #define HAVE_STRING_H 1
| #define HAVE_INTTYPES_H 1
| #define HAVE_STDINT_H 1
| #define HAVE_STRINGS_H 1
| #define HAVE_SYS_STAT_H 1
| #define HAVE_SYS_TYPES_H 1
| #define HAVE_UNISTD_H 1
| #define HAVE_WCHAR_H 1
| #define HAVE_LOCALE_H 1
| #define HAVE_SYS_PARAM_H 1
| #define HAVE_SYS_SOCKET_H 1
| #define HAVE_STDIO_EXT_H 1
| #define HAVE_FEATURES_H 1
| #define HAVE_GETOPT_H 1
| #define HAVE_SYS_CDEFS_H 1
| #define HAVE_SYS_TIME_H 1
| #define HAVE_ICONV_H 1
| #define HAVE_LIMITS_H 1
| #define HAVE_WCTYPE_H 1
| #define HAVE_THREADS_H 1
| #define HAVE_MATH_H 1
| #define HAVE_SYS_MMAN_H 1
| #define HAVE_SPAWN_H 1
| #define HAVE_SYS_IOCTL_H 1
| #define HAVE_SYS_RESOURCE_H 1
| #define HAVE_SYS_TIMES_H 1
| #define HAVE_SYS_WAIT_H 1
| #define HAVE_TERMIOS_H 1
| #define HAVE_DIRENT_H 1
| #define STDC_HEADERS 1
| #define _ALL_SOURCE 1
| #define _DARWIN_C_SOURCE 1
| #define _GNU_SOURCE 1
| #define _HPUX_ALT_XOPEN_SOCKET_API 1
| #define _NETBSD_SOURCE 1
| #define _OPENBSD_SOURCE 1
| #define _POSIX_PTHREAD_SEMANTICS 1
| #define __STDC_WANT_IEC_60559_ATTRIBS_EXT__ 1
| #define __STDC_WANT_IEC_60559_BFP_EXT__ 1
| #define __STDC_WANT_IEC_60559_DFP_EXT__ 1
| #define __STDC_WANT_IEC_60559_FUNCS_EXT__ 1
| #define __STDC_WANT_IEC_60559_TYPES_EXT__ 1
| #define __STDC_WANT_LIB_EXT2__ 1
| #define __STDC_WANT_MATH_SPEC_FUNCS__ 1
| #define _TANDEM_SOURCE 1
| #define __EXTENSIONS__ 1
| #define HAVE_TCDRAIN 1
| #define HAVE_CANONICALIZE_FILE_NAME 1
| #define HAVE_FACCESSAT 1
| #define HAVE_REALPATH 1
| #define HAVE_LSTAT 1
| #define HAVE_READLINKAT 1
| #define HAVE_FCHDIR 1
| #define HAVE_FCNTL 1
| #define HAVE_SYMLINK 1
| #define HAVE_FFSL 1
| #define HAVE_SNPRINTF 1
| #define HAVE_FSYNC 1
| #define HAVE_GETRUSAGE 1
| #define HAVE_GETTIMEOFDAY 1
| #define HAVE_ISWCNTRL 1
| #define HAVE_ISWBLANK 1
| #define HAVE_MBSINIT 1
| #define HAVE_MBRTOWC 1
| #define HAVE_ISASCII 1
| #define HAVE_MPROTECT 1
| #define HAVE_OBSTACK_PRINTF 1
| #define HAVE_STRERROR_R 1
| #define HAVE___XPG_STRERROR_R 1
| #define HAVE_PIPE 1
| #define HAVE_PIPE2 1
| #define HAVE_POSIX_SPAWN_FILE_ACTIONS_ADDCHDIR_NP 1
| #define HAVE_READLINK 1
| #define HAVE_SETENV 1
| #define HAVE_LINK 1
| #define HAVE_SIGACTION 1
| #define HAVE_SIGALTSTACK 1
| #define HAVE_SIGINTERRUPT 1
| #define HAVE_STPNCPY 1
| #define HAVE_STRNDUP 1
| #define HAVE_WCWIDTH 1
| #define HAVE_FDOPENDIR 1
| #define HAVE_MEMPCPY 1
| #define HAVE_FSTATAT 1
| #define HAVE_GETDELIM 1
| #define HAVE_GETDTABLESIZE 1
| #define HAVE_OPENAT 1
| #define HAVE_CATGETS 1
| #define HAVE_SETLOCALE 1
| #define YYTEXT_POINTER 1
| #define M4 "m4"
| #define M4_GNU_OPTION "--gnu"
| #define HAVE_ALLOCA_H 1
| #define HAVE_ALLOCA 1
| #define HAVE_MALLOC_POSIX 1
| #define LSTAT_FOLLOWS_SLASHED_SYMLINK 1
| #define FUNC_REALPATH_WORKS 1
| #define HAVE_GETCWD 1
| #define restrict __restrict__
| #define HAVE_ENVIRON_DECL 1
| #define HAVE_DECL_STRERROR_R 1
| #define HAVE_STRERROR_R 1
| #define STRERROR_R_CHAR_P 1
| #define HAVE_SIG_ATOMIC_T 1
| #define HAVE_WORKING_O_NOATIME 1
| #define HAVE_WORKING_O_NOFOLLOW 1
| #define HAVE_STDINT_H_WITH_UINTMAX 1
| #define HAVE_INTTYPES_H_WITH_UINTMAX 1
| #define CHECK_PRINTF_SAFE 1
| #define HAVE_WCHAR_T 1
| #define HAVE_WINT_T 1
| #define HAVE_INTMAX_T 1
| #define DBL_EXPBIT0_WORD 1
| #define DBL_EXPBIT0_BIT 20
| #define HAVE_SNPRINTF 1
| #define HAVE_STRNLEN 1
| #define HAVE_WCSLEN 1
| #define HAVE_WCSNLEN 1
| #define HAVE_MBRTOWC 1
| #define HAVE_WCRTOMB 1
| #define HAVE_DECL__SNPRINTF 0
| #define HAVE_SNPRINTF_RETVAL_C99 1
| #define HAVE_SNPRINTF_TRUNCATION_C99 1
| #define HAVE_DECL_ALARM 1
| #define HAVE_DECL_GETCWD 1
| #define D_INO_IN_DIRENT 1
| #define HAVE_GETOPT_H 1
| #define HAVE_GETOPT_LONG_ONLY 1
| #define HAVE_ICONV 1
| #define ICONV_CONST 
| #define HAVE_LONG_LONG_INT 1
| #define HAVE_UNSIGNED_LONG_LONG_INT 1
| #define FLT_EXPBIT0_WORD 0
| #define FLT_EXPBIT0_BIT 23
| #define HAVE_TOWLOWER 1
| #define HAVE_LANGINFO_CODESET 1
| #define HAVE_WEAK_SYMBOLS 1
| #define HAVE_PTHREAD_API 1
| #define USE_POSIX_THREADS 1
| #define USE_POSIX_THREADS_FROM_LIBC 1
| #define HAVE_MBSTATE_T 1
| #define HAVE_MAP_ANONYMOUS 1
| #define HAVE_MINMAX_IN_SYS_PARAM_H 1
| #define HAVE_DECL_OBSTACK_PRINTF 1
| #define PROMOTED_MODE_T mode_t
| #define HAVE_POSIX_SPAWN 1
| #define HAVE_DECL_POSIX_SPAWN 1
| #define REPLACE_VFPRINTF_POSIX 1
| #define USER_LABEL_PREFIX 
| #define HAVE_SIGSET_T 1
| #define INSTALLPREFIX "/home/ubuntu/yocto/rpi-build/tmp/work/x86_64-linux/bison-native/3.8.2-r0/recipe-sysroot-native/usr"
| #define MALLOC_0_IS_NONNULL 1
| #define HAVE_DECL_SETENV 1
| #define HAVE_SCHED_H 1
| #define HAVE_DECL_SNPRINTF 1
| #define HAVE_POSIX_SPAWNATTR_T 1
| #define HAVE_POSIX_SPAWN_FILE_ACTIONS_T 1
| #define HAVE__BOOL 1
| #define HAVE_DECL_FCLOSEALL 1
| #define __USE_MINGW_ANSI_STDIO 1
| #define HAVE_DECL_ECVT 1
| #define HAVE_DECL_FCVT 1
| #define HAVE_DECL_GCVT 1
| #define HAVE_DECL_STPNCPY 1
| #define HAVE_DECL_STRDUP 1
| #define HAVE_DECL_STRNDUP 1
| #define HAVE_STRUCT_TMS 1
| #define _USE_STD_STAT 1
| #define HAVE_DECL_EXECVPE 1
| #define HAVE_DECL_CLEARERR_UNLOCKED 1
| #define HAVE_DECL_FEOF_UNLOCKED 1
| #define HAVE_DECL_FERROR_UNLOCKED 1
| #define HAVE_DECL_FFLUSH_UNLOCKED 1
| #define HAVE_DECL_FGETS_UNLOCKED 1
| #define HAVE_DECL_FPUTC_UNLOCKED 1
| #define HAVE_DECL_FPUTS_UNLOCKED 1
| #define HAVE_DECL_FREAD_UNLOCKED 1
| #define HAVE_DECL_FWRITE_UNLOCKED 1
| #define HAVE_DECL_GETC_UNLOCKED 1
| #define HAVE_DECL_GETCHAR_UNLOCKED 1
| #define HAVE_DECL_PUTC_UNLOCKED 1
| #define HAVE_DECL_PUTCHAR_UNLOCKED 1
| #define HAVE_DECL_UNSETENV 1
| #define HAVE_DECL_VSNPRINTF 1
| #define HAVE_DECL_WCSDUP 1
| #define HAVE_DECL_FCHDIR 1
| #define HAVE_DECL_GETDELIM 1
| #define HAVE_DECL_GETDTABLESIZE 1
| #define HAVE_DECL_GETLINE 1
| #define SETLOCALE_NULL_ALL_MTSAFE 1
| #define SETLOCALE_NULL_ONE_MTSAFE 1
| #define HAVE_DECL_MEMRCHR 1
| #define HAVE_DECL_STRNLEN 1
| #define GNULIB_TEST_ACCESS 1
| #define HAVE_ALLOCA 1
| #define HAVE___BUILTIN_EXPECT 1
| #define GNULIB_TEST_CALLOC_POSIX 1
| #define GNULIB_CANONICALIZE 1
| #define GNULIB_TEST_CANONICALIZE 1
| #define GNULIB_TEST_CANONICALIZE_FILE_NAME 1
| #define GNULIB_CANONICALIZE_LGPL 1
| #define GNULIB_TEST_CANONICALIZE_FILE_NAME 1
| #define GNULIB_TEST_REALPATH 1
| #define HAVE_CLOCK_GETTIME 1
| #define HAVE_CLOCK_SETTIME 1
| #define GNULIB_TEST_CLOEXEC 1
| #define GNULIB_TEST_CLOSE 1
| #define GNULIB_CLOSE_STREAM 1
| #define GNULIB_DIRNAME 1
| #define GNULIB_TEST_DUP2 1
| #define GNULIB_TEST_ENVIRON 1
| #define GNULIB_TEST_FCNTL 1
| #define GNULIB_FD_SAFER_FLAG 1
| #define GNULIB_TEST_FFSL 1
| #define GNULIB_TEST_FOPEN 1
| #define GNULIB_FOPEN_GNU 1
| #define GNULIB_FOPEN_SAFER 1
| #define HAVE_DECL___FPENDING 1
| #define REPLACE_FPRINTF_POSIX 1
| #define GNULIB_TEST_FPRINTF_POSIX 1
| #define HAVE_FREE_POSIX 1
| #define GNULIB_TEST_FREE_POSIX 1
| #define HAVE_FREXP_IN_LIBC 1
| #define GNULIB_TEST_FREXP 1
| #define HAVE_FREXPL_IN_LIBC 1
| #define GNULIB_TEST_FREXPL 1
| #define GNULIB_TEST_FSYNC 1
| #define HAVE_GETPAGESIZE 1
| #define HAVE_MINIMALLY_WORKING_GETCWD 1
| #define GNULIB_GETCWD 1
| #define GNULIB_TEST_GETCWD 1
| #define HAVE_DECL_GETHRTIME 0
| #define GNULIB_TEST_GETOPT_POSIX 1
| #define HAVE_DECL_PROGRAM_INVOCATION_NAME 1
| #define HAVE_DECL_PROGRAM_INVOCATION_SHORT_NAME 1
| #define HAVE_DECL___ARGV 0
| #define GNULIB_TEST_GETRUSAGE 1
| #define GETTIMEOFDAY_TIMEZONE void
| #define GNULIB_TEST_GETTIMEOFDAY 1
| #define HAVE_INLINE 1
| #define GNULIB_TEST_ISNAN 1
| #define GNULIB_TEST_ISNAND 1
| #define HAVE_ISNAND_IN_LIBC 1
| #define GNULIB_TEST_ISNANF 1
| #define GNULIB_TEST_ISNANL 1
| #define HAVE_ISNANL_IN_LIBC 1
| #define HAVE_DECL_ISWBLANK 1
| #define GNULIB_TEST_ISWBLANK 1
| #define GNULIB_TEST_ISWDIGIT 1
| #define GNULIB_TEST_ISWXDIGIT 1
| #define HAVE_LDEXPL 1
| #define GNULIB_TEST_LDEXPL 1
| #define HAVE___INLINE 1
| #define HAVE_PTHREAD_RWLOCK 1
| #define HAVE_PTHREAD_MUTEX_RECURSIVE 1
| #define GNULIB_LOCK 1
| #define GNULIB_TEST_MALLOC_POSIX 1
| #define MBRTOWC_IN_C_LOCALE_MAYBE_EILSEQ 1
| #define GNULIB_TEST_MBRTOWC 1
| #define GNULIB_TEST_MBSINIT 1
| /* end confdefs.h.  */
| #include <wchar.h>
| 
| int
| main (void)
| {
| char *p = (char *) mbswidth;
|             return !p;
| 
|   ;
|   return 0;
| }
configure:40938: result: no
configure:40951: checking for mbstate_t
configure:40977: result: yes
configure:41037: checking for mempcpy
configure:41037: result: yes
configure:41130: checking for obstacks that work with any size object
configure:41155: gcc  -o conftest -isystem/home/ubuntu/yocto/rpi-build/tmp/work/x86_64-linux/bison-native/3.8.2-r0/recipe-sysroot-native/usr/include -O2 -pipe -isystem/home/ubuntu/yocto/rpi-build/tmp/work/x86_64-linux/bison-native/3.8.2-r0/recipe-sysroot-native/usr/include -L/home/ubuntu/yocto/rpi-build/tmp/work/x86_64-linux/bison-native/3.8.2-r0/recipe-sysroot-native/usr/lib                         -L/home/ubuntu/yocto/rpi-build/tmp/work/x86_64-linux/bison-native/3.8.2-r0/recipe-sysroot-native/lib                         -Wl,--enable-new-dtags                         -Wl,-rpath-link,/home/ubuntu/yocto/rpi-build/tmp/work/x86_64-linux/bison-native/3.8.2-r0/recipe-sysroot-native/usr/lib                         -Wl,-rpath-link,/home/ubuntu/yocto/rpi-build/tmp/work/x86_64-linux/bison-native/3.8.2-r0/recipe-sysroot-native/lib                         -Wl,-rpath,/home/ubuntu/yocto/rpi-build/tmp/work/x86_64-linux/bison-native/3.8.2-r0/recipe-sysroot-native/usr/lib                         -Wl,-rpath,/home/ubuntu/yocto/rpi-build/tmp/work/x86_64-linux/bison-native/3.8.2-r0/recipe-sysroot-native/lib                         -Wl,-O1 -Wl,--allow-shlib-undefined -Wl,--dynamic-linker=/home/ubuntu/yocto/rpi-build/tmp/sysroots-uninative/x86_64-linux/lib/ld-linux-x86-64.so.2 conftest.c  >&5
conftest.c:284:21: error: conflicting types for '_obstack_memory_used'; have 'size_t(struct obstack *)' {aka 'long unsigned int(struct obstack *)'}
  284 |              size_t _obstack_memory_used (struct obstack *);
      |                     ^~~~~~~~~~~~~~~~~~~~
In file included from conftest.c:280:
/usr/include/obstack.h:190:12: note: previous declaration of '_obstack_memory_used' with type 'int(struct obstack *)'
  190 | extern int _obstack_memory_used (struct obstack *) __attribute_pure__;
      |            ^~~~~~~~~~~~~~~~~~~~
configure:41155: $? = 1
configure: failed program was:
| /* confdefs.h */
| #define PACKAGE_NAME "GNU Bison"
| #define PACKAGE_TARNAME "bison"
| #define PACKAGE_VERSION "3.8.2"
| #define PACKAGE_STRING "GNU Bison 3.8.2"
| #define PACKAGE_BUGREPORT "bug-bison@gnu.org"
| #define PACKAGE_URL "https://www.gnu.org/software/bison/"
| #define PACKAGE_COPYRIGHT_YEAR 2021
| #define PACKAGE "bison"
| #define VERSION "3.8.2"
| #define HAVE_STDIO_H 1
| #define HAVE_STDLIB_H 1
| #define HAVE_STRING_H 1
| #define HAVE_INTTYPES_H 1
| #define HAVE_STDINT_H 1
| #define HAVE_STRINGS_H 1
| #define HAVE_SYS_STAT_H 1
| #define HAVE_SYS_TYPES_H 1
| #define HAVE_UNISTD_H 1
| #define HAVE_WCHAR_H 1
| #define HAVE_LOCALE_H 1
| #define HAVE_SYS_PARAM_H 1
| #define HAVE_SYS_SOCKET_H 1
| #define HAVE_STDIO_EXT_H 1
| #define HAVE_FEATURES_H 1
| #define HAVE_GETOPT_H 1
| #define HAVE_SYS_CDEFS_H 1
| #define HAVE_SYS_TIME_H 1
| #define HAVE_ICONV_H 1
| #define HAVE_LIMITS_H 1
| #define HAVE_WCTYPE_H 1
| #define HAVE_THREADS_H 1
| #define HAVE_MATH_H 1
| #define HAVE_SYS_MMAN_H 1
| #define HAVE_SPAWN_H 1
| #define HAVE_SYS_IOCTL_H 1
| #define HAVE_SYS_RESOURCE_H 1
| #define HAVE_SYS_TIMES_H 1
| #define HAVE_SYS_WAIT_H 1
| #define HAVE_TERMIOS_H 1
| #define HAVE_DIRENT_H 1
| #define STDC_HEADERS 1
| #define _ALL_SOURCE 1
| #define _DARWIN_C_SOURCE 1
| #define _GNU_SOURCE 1
| #define _HPUX_ALT_XOPEN_SOCKET_API 1
| #define _NETBSD_SOURCE 1
| #define _OPENBSD_SOURCE 1
| #define _POSIX_PTHREAD_SEMANTICS 1
| #define __STDC_WANT_IEC_60559_ATTRIBS_EXT__ 1
| #define __STDC_WANT_IEC_60559_BFP_EXT__ 1
| #define __STDC_WANT_IEC_60559_DFP_EXT__ 1
| #define __STDC_WANT_IEC_60559_FUNCS_EXT__ 1
| #define __STDC_WANT_IEC_60559_TYPES_EXT__ 1
| #define __STDC_WANT_LIB_EXT2__ 1
| #define __STDC_WANT_MATH_SPEC_FUNCS__ 1
| #define _TANDEM_SOURCE 1
| #define __EXTENSIONS__ 1
| #define HAVE_TCDRAIN 1
| #define HAVE_CANONICALIZE_FILE_NAME 1
| #define HAVE_FACCESSAT 1
| #define HAVE_REALPATH 1
| #define HAVE_LSTAT 1
| #define HAVE_READLINKAT 1
| #define HAVE_FCHDIR 1
| #define HAVE_FCNTL 1
| #define HAVE_SYMLINK 1
| #define HAVE_FFSL 1
| #define HAVE_SNPRINTF 1
| #define HAVE_FSYNC 1
| #define HAVE_GETRUSAGE 1
| #define HAVE_GETTIMEOFDAY 1
| #define HAVE_ISWCNTRL 1
| #define HAVE_ISWBLANK 1
| #define HAVE_MBSINIT 1
| #define HAVE_MBRTOWC 1
| #define HAVE_ISASCII 1
| #define HAVE_MPROTECT 1
| #define HAVE_OBSTACK_PRINTF 1
| #define HAVE_STRERROR_R 1
| #define HAVE___XPG_STRERROR_R 1
| #define HAVE_PIPE 1
| #define HAVE_PIPE2 1
| #define HAVE_POSIX_SPAWN_FILE_ACTIONS_ADDCHDIR_NP 1
| #define HAVE_READLINK 1
| #define HAVE_SETENV 1
| #define HAVE_LINK 1
| #define HAVE_SIGACTION 1
| #define HAVE_SIGALTSTACK 1
| #define HAVE_SIGINTERRUPT 1
| #define HAVE_STPNCPY 1
| #define HAVE_STRNDUP 1
| #define HAVE_WCWIDTH 1
| #define HAVE_FDOPENDIR 1
| #define HAVE_MEMPCPY 1
| #define HAVE_FSTATAT 1
| #define HAVE_GETDELIM 1
| #define HAVE_GETDTABLESIZE 1
| #define HAVE_OPENAT 1
| #define HAVE_CATGETS 1
| #define HAVE_SETLOCALE 1
| #define YYTEXT_POINTER 1
| #define M4 "m4"
| #define M4_GNU_OPTION "--gnu"
| #define HAVE_ALLOCA_H 1
| #define HAVE_ALLOCA 1
| #define HAVE_MALLOC_POSIX 1
| #define LSTAT_FOLLOWS_SLASHED_SYMLINK 1
| #define FUNC_REALPATH_WORKS 1
| #define HAVE_GETCWD 1
| #define restrict __restrict__
| #define HAVE_ENVIRON_DECL 1
| #define HAVE_DECL_STRERROR_R 1
| #define HAVE_STRERROR_R 1
| #define STRERROR_R_CHAR_P 1
| #define HAVE_SIG_ATOMIC_T 1
| #define HAVE_WORKING_O_NOATIME 1
| #define HAVE_WORKING_O_NOFOLLOW 1
| #define HAVE_STDINT_H_WITH_UINTMAX 1
| #define HAVE_INTTYPES_H_WITH_UINTMAX 1
| #define CHECK_PRINTF_SAFE 1
| #define HAVE_WCHAR_T 1
| #define HAVE_WINT_T 1
| #define HAVE_INTMAX_T 1
| #define DBL_EXPBIT0_WORD 1
| #define DBL_EXPBIT0_BIT 20
| #define HAVE_SNPRINTF 1
| #define HAVE_STRNLEN 1
| #define HAVE_WCSLEN 1
| #define HAVE_WCSNLEN 1
| #define HAVE_MBRTOWC 1
| #define HAVE_WCRTOMB 1
| #define HAVE_DECL__SNPRINTF 0
| #define HAVE_SNPRINTF_RETVAL_C99 1
| #define HAVE_SNPRINTF_TRUNCATION_C99 1
| #define HAVE_DECL_ALARM 1
| #define HAVE_DECL_GETCWD 1
| #define D_INO_IN_DIRENT 1
| #define HAVE_GETOPT_H 1
| #define HAVE_GETOPT_LONG_ONLY 1
| #define HAVE_ICONV 1
| #define ICONV_CONST 
| #define HAVE_LONG_LONG_INT 1
| #define HAVE_UNSIGNED_LONG_LONG_INT 1
| #define FLT_EXPBIT0_WORD 0
| #define FLT_EXPBIT0_BIT 23
| #define HAVE_TOWLOWER 1
| #define HAVE_LANGINFO_CODESET 1
| #define HAVE_WEAK_SYMBOLS 1
| #define HAVE_PTHREAD_API 1
| #define USE_POSIX_THREADS 1
| #define USE_POSIX_THREADS_FROM_LIBC 1
| #define HAVE_MBSTATE_T 1
| #define HAVE_MAP_ANONYMOUS 1
| #define HAVE_MINMAX_IN_SYS_PARAM_H 1
| #define HAVE_DECL_OBSTACK_PRINTF 1
| #define PROMOTED_MODE_T mode_t
| #define HAVE_POSIX_SPAWN 1
| #define HAVE_DECL_POSIX_SPAWN 1
| #define REPLACE_VFPRINTF_POSIX 1
| #define USER_LABEL_PREFIX 
| #define HAVE_SIGSET_T 1
| #define INSTALLPREFIX "/home/ubuntu/yocto/rpi-build/tmp/work/x86_64-linux/bison-native/3.8.2-r0/recipe-sysroot-native/usr"
| #define MALLOC_0_IS_NONNULL 1
| #define HAVE_DECL_SETENV 1
| #define HAVE_SCHED_H 1
| #define HAVE_DECL_SNPRINTF 1
| #define HAVE_POSIX_SPAWNATTR_T 1
| #define HAVE_POSIX_SPAWN_FILE_ACTIONS_T 1
| #define HAVE__BOOL 1
| #define HAVE_DECL_FCLOSEALL 1
| #define __USE_MINGW_ANSI_STDIO 1
| #define HAVE_DECL_ECVT 1
| #define HAVE_DECL_FCVT 1
| #define HAVE_DECL_GCVT 1
| #define HAVE_DECL_STPNCPY 1
| #define HAVE_DECL_STRDUP 1
| #define HAVE_DECL_STRNDUP 1
| #define HAVE_STRUCT_TMS 1
| #define _USE_STD_STAT 1
| #define HAVE_DECL_EXECVPE 1
| #define HAVE_DECL_CLEARERR_UNLOCKED 1
| #define HAVE_DECL_FEOF_UNLOCKED 1
| #define HAVE_DECL_FERROR_UNLOCKED 1
| #define HAVE_DECL_FFLUSH_UNLOCKED 1
| #define HAVE_DECL_FGETS_UNLOCKED 1
| #define HAVE_DECL_FPUTC_UNLOCKED 1
| #define HAVE_DECL_FPUTS_UNLOCKED 1
| #define HAVE_DECL_FREAD_UNLOCKED 1
| #define HAVE_DECL_FWRITE_UNLOCKED 1
| #define HAVE_DECL_GETC_UNLOCKED 1
| #define HAVE_DECL_GETCHAR_UNLOCKED 1
| #define HAVE_DECL_PUTC_UNLOCKED 1
| #define HAVE_DECL_PUTCHAR_UNLOCKED 1
| #define HAVE_DECL_UNSETENV 1
| #define HAVE_DECL_VSNPRINTF 1
| #define HAVE_DECL_WCSDUP 1
| #define HAVE_DECL_FCHDIR 1
| #define HAVE_DECL_GETDELIM 1
| #define HAVE_DECL_GETDTABLESIZE 1
| #define HAVE_DECL_GETLINE 1
| #define SETLOCALE_NULL_ALL_MTSAFE 1
| #define SETLOCALE_NULL_ONE_MTSAFE 1
| #define HAVE_DECL_MEMRCHR 1
| #define HAVE_DECL_STRNLEN 1
| #define GNULIB_TEST_ACCESS 1
| #define HAVE_ALLOCA 1
| #define HAVE___BUILTIN_EXPECT 1
| #define GNULIB_TEST_CALLOC_POSIX 1
| #define GNULIB_CANONICALIZE 1
| #define GNULIB_TEST_CANONICALIZE 1
| #define GNULIB_TEST_CANONICALIZE_FILE_NAME 1
| #define GNULIB_CANONICALIZE_LGPL 1
| #define GNULIB_TEST_CANONICALIZE_FILE_NAME 1
| #define GNULIB_TEST_REALPATH 1
| #define HAVE_CLOCK_GETTIME 1
| #define HAVE_CLOCK_SETTIME 1
| #define GNULIB_TEST_CLOEXEC 1
| #define GNULIB_TEST_CLOSE 1
| #define GNULIB_CLOSE_STREAM 1
| #define GNULIB_DIRNAME 1
| #define GNULIB_TEST_DUP2 1
| #define GNULIB_TEST_ENVIRON 1
| #define GNULIB_TEST_FCNTL 1
| #define GNULIB_FD_SAFER_FLAG 1
| #define GNULIB_TEST_FFSL 1
| #define GNULIB_TEST_FOPEN 1
| #define GNULIB_FOPEN_GNU 1
| #define GNULIB_FOPEN_SAFER 1
| #define HAVE_DECL___FPENDING 1
| #define REPLACE_FPRINTF_POSIX 1
| #define GNULIB_TEST_FPRINTF_POSIX 1
| #define HAVE_FREE_POSIX 1
| #define GNULIB_TEST_FREE_POSIX 1
| #define HAVE_FREXP_IN_LIBC 1
| #define GNULIB_TEST_FREXP 1
| #define HAVE_FREXPL_IN_LIBC 1
| #define GNULIB_TEST_FREXPL 1
| #define GNULIB_TEST_FSYNC 1
| #define HAVE_GETPAGESIZE 1
| #define HAVE_MINIMALLY_WORKING_GETCWD 1
| #define GNULIB_GETCWD 1
| #define GNULIB_TEST_GETCWD 1
| #define HAVE_DECL_GETHRTIME 0
| #define GNULIB_TEST_GETOPT_POSIX 1
| #define HAVE_DECL_PROGRAM_INVOCATION_NAME 1
| #define HAVE_DECL_PROGRAM_INVOCATION_SHORT_NAME 1
| #define HAVE_DECL___ARGV 0
| #define GNULIB_TEST_GETRUSAGE 1
| #define GETTIMEOFDAY_TIMEZONE void
| #define GNULIB_TEST_GETTIMEOFDAY 1
| #define HAVE_INLINE 1
| #define GNULIB_TEST_ISNAN 1
| #define GNULIB_TEST_ISNAND 1
| #define HAVE_ISNAND_IN_LIBC 1
| #define GNULIB_TEST_ISNANF 1
| #define GNULIB_TEST_ISNANL 1
| #define HAVE_ISNANL_IN_LIBC 1
| #define HAVE_DECL_ISWBLANK 1
| #define GNULIB_TEST_ISWBLANK 1
| #define GNULIB_TEST_ISWDIGIT 1
| #define GNULIB_TEST_ISWXDIGIT 1
| #define HAVE_LDEXPL 1
| #define GNULIB_TEST_LDEXPL 1
| #define HAVE___INLINE 1
| #define HAVE_PTHREAD_RWLOCK 1
| #define HAVE_PTHREAD_MUTEX_RECURSIVE 1
| #define GNULIB_LOCK 1
| #define GNULIB_TEST_MALLOC_POSIX 1
| #define MBRTOWC_IN_C_LOCALE_MAYBE_EILSEQ 1
| #define GNULIB_TEST_MBRTOWC 1
| #define GNULIB_TEST_MBSINIT 1
| #define HAVE_DECL_MBSWIDTH_IN_WCHAR_H 0
| #define HAVE_MBSTATE_T 1
| #define GNULIB_TEST_MEMCHR 1
| #define HAVE_MEMPCPY 1
| #define GNULIB_TEST_MEMPCPY 1
| #define GNULIB_MSVC_NOTHROW 1
| /* end confdefs.h.  */
| #include "obstack.h"
|              void *obstack_chunk_alloc (size_t n) { return 0; }
|              void obstack_chunk_free (void *p) { }
|              /* Check that an internal function returns size_t, not int.  */
|              size_t _obstack_memory_used (struct obstack *);
| 
| int
| main (void)
| {
| struct obstack mem;
|              obstack_init (&mem);
|              obstack_free (&mem, 0);
| 
|   ;
|   return 0;
| }
configure:41164: result: no
configure:41249: checking whether open recognizes a trailing slash
configure:41294: gcc  -o conftest -isystem/home/ubuntu/yocto/rpi-build/tmp/work/x86_64-linux/bison-native/3.8.2-r0/recipe-sysroot-native/usr/include -O2 -pipe -isystem/home/ubuntu/yocto/rpi-build/tmp/work/x86_64-linux/bison-native/3.8.2-r0/recipe-sysroot-native/usr/include -L/home/ubuntu/yocto/rpi-build/tmp/work/x86_64-linux/bison-native/3.8.2-r0/recipe-sysroot-native/usr/lib                         -L/home/ubuntu/yocto/rpi-build/tmp/work/x86_64-linux/bison-native/3.8.2-r0/recipe-sysroot-native/lib                         -Wl,--enable-new-dtags                         -Wl,-rpath-link,/home/ubuntu/yocto/rpi-build/tmp/work/x86_64-linux/bison-native/3.8.2-r0/recipe-sysroot-native/usr/lib                         -Wl,-rpath-link,/home/ubuntu/yocto/rpi-build/tmp/work/x86_64-linux/bison-native/3.8.2-r0/recipe-sysroot-native/lib                         -Wl,-rpath,/home/ubuntu/yocto/rpi-build/tmp/work/x86_64-linux/bison-native/3.8.2-r0/recipe-sysroot-native/usr/lib                         -Wl,-rpath,/home/ubuntu/yocto/rpi-build/tmp/work/x86_64-linux/bison-native/3.8.2-r0/recipe-sysroot-native/lib                         -Wl,-O1 -Wl,--allow-shlib-undefined -Wl,--dynamic-linker=/home/ubuntu/yocto/rpi-build/tmp/sysroots-uninative/x86_64-linux/lib/ld-linux-x86-64.so.2 conftest.c  >&5
configure:41294: $? = 0
configure:41294: ./conftest
configure:41294: $? = 0
configure:41307: result: yes
configure:41388: checking whether perror matches strerror
configure:41428: gcc  -o conftest -isystem/home/ubuntu/yocto/rpi-build/tmp/work/x86_64-linux/bison-native/3.8.2-r0/recipe-sysroot-native/usr/include -O2 -pipe -isystem/home/ubuntu/yocto/rpi-build/tmp/work/x86_64-linux/bison-native/3.8.2-r0/recipe-sysroot-native/usr/include -L/home/ubuntu/yocto/rpi-build/tmp/work/x86_64-linux/bison-native/3.8.2-r0/recipe-sysroot-native/usr/lib                         -L/home/ubuntu/yocto/rpi-build/tmp/work/x86_64-linux/bison-native/3.8.2-r0/recipe-sysroot-native/lib                         -Wl,--enable-new-dtags                         -Wl,-rpath-link,/home/ubuntu/yocto/rpi-build/tmp/work/x86_64-linux/bison-native/3.8.2-r0/recipe-sysroot-native/usr/lib                         -Wl,-rpath-link,/home/ubuntu/yocto/rpi-build/tmp/work/x86_64-linux/bison-native/3.8.2-r0/recipe-sysroot-native/lib                         -Wl,-rpath,/home/ubuntu/yocto/rpi-build/tmp/work/x86_64-linux/bison-native/3.8.2-r0/recipe-sysroot-native/usr/lib                         -Wl,-rpath,/home/ubuntu/yocto/rpi-build/tmp/work/x86_64-linux/bison-native/3.8.2-r0/recipe-sysroot-native/lib                         -Wl,-O1 -Wl,--allow-shlib-undefined -Wl,--dynamic-linker=/home/ubuntu/yocto/rpi-build/tmp/sysroots-uninative/x86_64-linux/lib/ld-linux-x86-64.so.2 conftest.c  >&5
configure:41428: $? = 0
configure:41428: ./conftest
configure:41428: $? = 0
configure:41446: result: yes
configure:41649: checking whether posix_spawn_file_actions_addclose works
configure:41681: gcc  -o conftest -isystem/home/ubuntu/yocto/rpi-build/tmp/work/x86_64-linux/bison-native/3.8.2-r0/recipe-sysroot-native/usr/include -O2 -pipe -isystem/home/ubuntu/yocto/rpi-build/tmp/work/x86_64-linux/bison-native/3.8.2-r0/recipe-sysroot-native/usr/include -L/home/ubuntu/yocto/rpi-build/tmp/work/x86_64-linux/bison-native/3.8.2-r0/recipe-sysroot-native/usr/lib                         -L/home/ubuntu/yocto/rpi-build/tmp/work/x86_64-linux/bison-native/3.8.2-r0/recipe-sysroot-native/lib                         -Wl,--enable-new-dtags                         -Wl,-rpath-link,/home/ubuntu/yocto/rpi-build/tmp/work/x86_64-linux/bison-native/3.8.2-r0/recipe-sysroot-native/usr/lib                         -Wl,-rpath-link,/home/ubuntu/yocto/rpi-build/tmp/work/x86_64-linux/bison-native/3.8.2-r0/recipe-sysroot-native/lib                         -Wl,-rpath,/home/ubuntu/yocto/rpi-build/tmp/work/x86_64-linux/bison-native/3.8.2-r0/recipe-sysroot-native/usr/lib                         -Wl,-rpath,/home/ubuntu/yocto/rpi-build/tmp/work/x86_64-linux/bison-native/3.8.2-r0/recipe-sysroot-native/lib                         -Wl,-O1 -Wl,--allow-shlib-undefined -Wl,--dynamic-linker=/home/ubuntu/yocto/rpi-build/tmp/sysroots-uninative/x86_64-linux/lib/ld-linux-x86-64.so.2 conftest.c  >&5
configure:41681: $? = 0
configure:41681: ./conftest
configure:41681: $? = 0
configure:41693: result: yes
configure:41741: checking whether posix_spawn_file_actions_adddup2 works
configure:41773: gcc  -o conftest -isystem/home/ubuntu/yocto/rpi-build/tmp/work/x86_64-linux/bison-native/3.8.2-r0/recipe-sysroot-native/usr/include -O2 -pipe -isystem/home/ubuntu/yocto/rpi-build/tmp/work/x86_64-linux/bison-native/3.8.2-r0/recipe-sysroot-native/usr/include -L/home/ubuntu/yocto/rpi-build/tmp/work/x86_64-linux/bison-native/3.8.2-r0/recipe-sysroot-native/usr/lib                         -L/home/ubuntu/yocto/rpi-build/tmp/work/x86_64-linux/bison-native/3.8.2-r0/recipe-sysroot-native/lib                         -Wl,--enable-new-dtags                         -Wl,-rpath-link,/home/ubuntu/yocto/rpi-build/tmp/work/x86_64-linux/bison-native/3.8.2-r0/recipe-sysroot-native/usr/lib                         -Wl,-rpath-link,/home/ubuntu/yocto/rpi-build/tmp/work/x86_64-linux/bison-native/3.8.2-r0/recipe-sysroot-native/lib                         -Wl,-rpath,/home/ubuntu/yocto/rpi-build/tmp/work/x86_64-linux/bison-native/3.8.2-r0/recipe-sysroot-native/usr/lib                         -Wl,-rpath,/home/ubuntu/yocto/rpi-build/tmp/work/x86_64-linux/bison-native/3.8.2-r0/recipe-sysroot-native/lib                         -Wl,-O1 -Wl,--allow-shlib-undefined -Wl,--dynamic-linker=/home/ubuntu/yocto/rpi-build/tmp/sysroots-uninative/x86_64-linux/lib/ld-linux-x86-64.so.2 conftest.c  >&5
configure:41773: $? = 0
configure:41773: ./conftest
configure:41773: $? = 0
configure:41785: result: yes
configure:41833: checking whether posix_spawn_file_actions_addopen works
configure:41867: gcc  -o conftest -isystem/home/ubuntu/yocto/rpi-build/tmp/work/x86_64-linux/bison-native/3.8.2-r0/recipe-sysroot-native/usr/include -O2 -pipe -isystem/home/ubuntu/yocto/rpi-build/tmp/work/x86_64-linux/bison-native/3.8.2-r0/recipe-sysroot-native/usr/include -L/home/ubuntu/yocto/rpi-build/tmp/work/x86_64-linux/bison-native/3.8.2-r0/recipe-sysroot-native/usr/lib                         -L/home/ubuntu/yocto/rpi-build/tmp/work/x86_64-linux/bison-native/3.8.2-r0/recipe-sysroot-native/lib                         -Wl,--enable-new-dtags                         -Wl,-rpath-link,/home/ubuntu/yocto/rpi-build/tmp/work/x86_64-linux/bison-native/3.8.2-r0/recipe-sysroot-native/usr/lib                         -Wl,-rpath-link,/home/ubuntu/yocto/rpi-build/tmp/work/x86_64-linux/bison-native/3.8.2-r0/recipe-sysroot-native/lib                         -Wl,-rpath,/home/ubuntu/yocto/rpi-build/tmp/work/x86_64-linux/bison-native/3.8.2-r0/recipe-sysroot-native/usr/lib                         -Wl,-rpath,/home/ubuntu/yocto/rpi-build/tmp/work/x86_64-linux/bison-native/3.8.2-r0/recipe-sysroot-native/lib                         -Wl,-O1 -Wl,--allow-shlib-undefined -Wl,--dynamic-linker=/home/ubuntu/yocto/rpi-build/tmp/sysroots-uninative/x86_64-linux/lib/ld-linux-x86-64.so.2 conftest.c  >&5
configure:41867: $? = 0
configure:41867: ./conftest
configure:41867: $? = 0
configure:41879: result: yes
configure:42196: checking whether frexp works
configure:42309: result: yes
configure:42321: checking whether ldexp can be used without linking with libm
configure:42351: result: yes
configure:42364: checking whether frexpl() can be used without linking with libm
configure:42393: result: yes
configure:42399: checking whether frexpl works
configure:42526: result: yes
configure:42541: checking whether frexpl is declared
configure:42541: result: yes
configure:42552: checking whether ldexpl() can be used without linking with libm
configure:42581: result: yes
configure:42587: checking whether ldexpl works
configure:42644: result: yes
configure:42652: checking whether ldexpl is declared
configure:42652: result: yes
configure:42708: checking whether program_invocation_name is declared
configure:42708: result: yes
configure:42718: checking whether program_invocation_short_name is declared
configure:42718: result: yes
configure:42738: checking for raise
configure:42738: gcc  -o conftest -isystem/home/ubuntu/yocto/rpi-build/tmp/work/x86_64-linux/bison-native/3.8.2-r0/recipe-sysroot-native/usr/include -O2 -pipe -isystem/home/ubuntu/yocto/rpi-build/tmp/work/x86_64-linux/bison-native/3.8.2-r0/recipe-sysroot-native/usr/include -L/home/ubuntu/yocto/rpi-build/tmp/work/x86_64-linux/bison-native/3.8.2-r0/recipe-sysroot-native/usr/lib                         -L/home/ubuntu/yocto/rpi-build/tmp/work/x86_64-linux/bison-native/3.8.2-r0/recipe-sysroot-native/lib                         -Wl,--enable-new-dtags                         -Wl,-rpath-link,/home/ubuntu/yocto/rpi-build/tmp/work/x86_64-linux/bison-native/3.8.2-r0/recipe-sysroot-native/usr/lib                         -Wl,-rpath-link,/home/ubuntu/yocto/rpi-build/tmp/work/x86_64-linux/bison-native/3.8.2-r0/recipe-sysroot-native/lib                         -Wl,-rpath,/home/ubuntu/yocto/rpi-build/tmp/work/x86_64-linux/bison-native/3.8.2-r0/recipe-sysroot-native/usr/lib                         -Wl,-rpath,/home/ubuntu/yocto/rpi-build/tmp/work/x86_64-linux/bison-native/3.8.2-r0/recipe-sysroot-native/lib                         -Wl,-O1 -Wl,--allow-shlib-undefined -Wl,--dynamic-linker=/home/ubuntu/yocto/rpi-build/tmp/sysroots-uninative/x86_64-linux/lib/ld-linux-x86-64.so.2 conftest.c  >&5
configure:42738: $? = 0
configure:42738: result: yes
configure:42760: checking for sigprocmask
configure:42760: gcc  -o conftest -isystem/home/ubuntu/yocto/rpi-build/tmp/work/x86_64-linux/bison-native/3.8.2-r0/recipe-sysroot-native/usr/include -O2 -pipe -isystem/home/ubuntu/yocto/rpi-build/tmp/work/x86_64-linux/bison-native/3.8.2-r0/recipe-sysroot-native/usr/include -L/home/ubuntu/yocto/rpi-build/tmp/work/x86_64-linux/bison-native/3.8.2-r0/recipe-sysroot-native/usr/lib                         -L/home/ubuntu/yocto/rpi-build/tmp/work/x86_64-linux/bison-native/3.8.2-r0/recipe-sysroot-native/lib                         -Wl,--enable-new-dtags                         -Wl,-rpath-link,/home/ubuntu/yocto/rpi-build/tmp/work/x86_64-linux/bison-native/3.8.2-r0/recipe-sysroot-native/usr/lib                         -Wl,-rpath-link,/home/ubuntu/yocto/rpi-build/tmp/work/x86_64-linux/bison-native/3.8.2-r0/recipe-sysroot-native/lib                         -Wl,-rpath,/home/ubuntu/yocto/rpi-build/tmp/work/x86_64-linux/bison-native/3.8.2-r0/recipe-sysroot-native/usr/lib                         -Wl,-rpath,/home/ubuntu/yocto/rpi-build/tmp/work/x86_64-linux/bison-native/3.8.2-r0/recipe-sysroot-native/lib                         -Wl,-O1 -Wl,--allow-shlib-undefined -Wl,--dynamic-linker=/home/ubuntu/yocto/rpi-build/tmp/sysroots-uninative/x86_64-linux/lib/ld-linux-x86-64.so.2 conftest.c  >&5
configure:42760: $? = 0
configure:42760: result: yes
configure:42810: checking for rawmemchr
configure:42810: gcc  -o conftest -isystem/home/ubuntu/yocto/rpi-build/tmp/work/x86_64-linux/bison-native/3.8.2-r0/recipe-sysroot-native/usr/include -O2 -pipe -isystem/home/ubuntu/yocto/rpi-build/tmp/work/x86_64-linux/bison-native/3.8.2-r0/recipe-sysroot-native/usr/include -L/home/ubuntu/yocto/rpi-build/tmp/work/x86_64-linux/bison-native/3.8.2-r0/recipe-sysroot-native/usr/lib                         -L/home/ubuntu/yocto/rpi-build/tmp/work/x86_64-linux/bison-native/3.8.2-r0/recipe-sysroot-native/lib                         -Wl,--enable-new-dtags                         -Wl,-rpath-link,/home/ubuntu/yocto/rpi-build/tmp/work/x86_64-linux/bison-native/3.8.2-r0/recipe-sysroot-native/usr/lib                         -Wl,-rpath-link,/home/ubuntu/yocto/rpi-build/tmp/work/x86_64-linux/bison-native/3.8.2-r0/recipe-sysroot-native/lib                         -Wl,-rpath,/home/ubuntu/yocto/rpi-build/tmp/work/x86_64-linux/bison-native/3.8.2-r0/recipe-sysroot-native/usr/lib                         -Wl,-rpath,/home/ubuntu/yocto/rpi-build/tmp/work/x86_64-linux/bison-native/3.8.2-r0/recipe-sysroot-native/lib                         -Wl,-O1 -Wl,--allow-shlib-undefined -Wl,--dynamic-linker=/home/ubuntu/yocto/rpi-build/tmp/sysroots-uninative/x86_64-linux/lib/ld-linux-x86-64.so.2 conftest.c  >&5
configure:42810: $? = 0
configure:42810: result: yes
configure:43368: checking for readline
configure:43412: result: no
configure:43436: checking for readline/readline.h
configure:43436: result: no
configure:43442: checking for readline/history.h
configure:43442: result: no
configure:43471: checking whether readlink signature is correct
configure:43490: gcc  -c -isystem/home/ubuntu/yocto/rpi-build/tmp/work/x86_64-linux/bison-native/3.8.2-r0/recipe-sysroot-native/usr/include -O2 -pipe -isystem/home/ubuntu/yocto/rpi-build/tmp/work/x86_64-linux/bison-native/3.8.2-r0/recipe-sysroot-native/usr/include conftest.c >&5
configure:43490: $? = 0
configure:43498: result: yes
configure:43500: checking whether readlink handles trailing slash correctly
configure:43537: gcc  -o conftest -isystem/home/ubuntu/yocto/rpi-build/tmp/work/x86_64-linux/bison-native/3.8.2-r0/recipe-sysroot-native/usr/include -O2 -pipe -isystem/home/ubuntu/yocto/rpi-build/tmp/work/x86_64-linux/bison-native/3.8.2-r0/recipe-sysroot-native/usr/include -L/home/ubuntu/yocto/rpi-build/tmp/work/x86_64-linux/bison-native/3.8.2-r0/recipe-sysroot-native/usr/lib                         -L/home/ubuntu/yocto/rpi-build/tmp/work/x86_64-linux/bison-native/3.8.2-r0/recipe-sysroot-native/lib                         -Wl,--enable-new-dtags                         -Wl,-rpath-link,/home/ubuntu/yocto/rpi-build/tmp/work/x86_64-linux/bison-native/3.8.2-r0/recipe-sysroot-native/usr/lib                         -Wl,-rpath-link,/home/ubuntu/yocto/rpi-build/tmp/work/x86_64-linux/bison-native/3.8.2-r0/recipe-sysroot-native/lib                         -Wl,-rpath,/home/ubuntu/yocto/rpi-build/tmp/work/x86_64-linux/bison-native/3.8.2-r0/recipe-sysroot-native/usr/lib                         -Wl,-rpath,/home/ubuntu/yocto/rpi-build/tmp/work/x86_64-linux/bison-native/3.8.2-r0/recipe-sysroot-native/lib                         -Wl,-O1 -Wl,--allow-shlib-undefined -Wl,--dynamic-linker=/home/ubuntu/yocto/rpi-build/tmp/sysroots-uninative/x86_64-linux/lib/ld-linux-x86-64.so.2 conftest.c  >&5
configure:43537: $? = 0
configure:43537: ./conftest
configure:43537: $? = 0
configure:43549: result: yes
configure:43565: checking whether readlink truncates results correctly
configure:43601: gcc  -o conftest -isystem/home/ubuntu/yocto/rpi-build/tmp/work/x86_64-linux/bison-native/3.8.2-r0/recipe-sysroot-native/usr/include -O2 -pipe -isystem/home/ubuntu/yocto/rpi-build/tmp/work/x86_64-linux/bison-native/3.8.2-r0/recipe-sysroot-native/usr/include -L/home/ubuntu/yocto/rpi-build/tmp/work/x86_64-linux/bison-native/3.8.2-r0/recipe-sysroot-native/usr/lib                         -L/home/ubuntu/yocto/rpi-build/tmp/work/x86_64-linux/bison-native/3.8.2-r0/recipe-sysroot-native/lib                         -Wl,--enable-new-dtags                         -Wl,-rpath-link,/home/ubuntu/yocto/rpi-build/tmp/work/x86_64-linux/bison-native/3.8.2-r0/recipe-sysroot-native/usr/lib                         -Wl,-rpath-link,/home/ubuntu/yocto/rpi-build/tmp/work/x86_64-linux/bison-native/3.8.2-r0/recipe-sysroot-native/lib                         -Wl,-rpath,/home/ubuntu/yocto/rpi-build/tmp/work/x86_64-linux/bison-native/3.8.2-r0/recipe-sysroot-native/usr/lib                         -Wl,-rpath,/home/ubuntu/yocto/rpi-build/tmp/work/x86_64-linux/bison-native/3.8.2-r0/recipe-sysroot-native/lib                         -Wl,-O1 -Wl,--allow-shlib-undefined -Wl,--dynamic-linker=/home/ubuntu/yocto/rpi-build/tmp/sysroots-uninative/x86_64-linux/lib/ld-linux-x86-64.so.2 conftest.c  >&5
configure:43601: $? = 0
configure:43601: ./conftest
configure:43601: $? = 0
configure:43613: result: yes
configure:43669: checking whether realloc (0, 0) returns nonnull
configure:43716: result: yes
configure:43782: checking for reallocarray
configure:43782: gcc  -o conftest -isystem/home/ubuntu/yocto/rpi-build/tmp/work/x86_64-linux/bison-native/3.8.2-r0/recipe-sysroot-native/usr/include -O2 -pipe -isystem/home/ubuntu/yocto/rpi-build/tmp/work/x86_64-linux/bison-native/3.8.2-r0/recipe-sysroot-native/usr/include -L/home/ubuntu/yocto/rpi-build/tmp/work/x86_64-linux/bison-native/3.8.2-r0/recipe-sysroot-native/usr/lib                         -L/home/ubuntu/yocto/rpi-build/tmp/work/x86_64-linux/bison-native/3.8.2-r0/recipe-sysroot-native/lib                         -Wl,--enable-new-dtags                         -Wl,-rpath-link,/home/ubuntu/yocto/rpi-build/tmp/work/x86_64-linux/bison-native/3.8.2-r0/recipe-sysroot-native/usr/lib                         -Wl,-rpath-link,/home/ubuntu/yocto/rpi-build/tmp/work/x86_64-linux/bison-native/3.8.2-r0/recipe-sysroot-native/lib                         -Wl,-rpath,/home/ubuntu/yocto/rpi-build/tmp/work/x86_64-linux/bison-native/3.8.2-r0/recipe-sysroot-native/usr/lib                         -Wl,-rpath,/home/ubuntu/yocto/rpi-build/tmp/work/x86_64-linux/bison-native/3.8.2-r0/recipe-sysroot-native/lib                         -Wl,-O1 -Wl,--allow-shlib-undefined -Wl,--dynamic-linker=/home/ubuntu/yocto/rpi-build/tmp/sysroots-uninative/x86_64-linux/lib/ld-linux-x86-64.so.2 conftest.c  >&5
configure:43782: $? = 0
configure:43782: result: yes
configure:43878: checking for getcwd
configure:43878: result: yes
configure:43913: checking whether free is known to preserve errno
configure:43946: result: yes
configure:43964: checking for mempcpy
configure:43964: result: yes
configure:43979: checking for rawmemchr
configure:43979: result: yes
configure:44007: checking for search.h
configure:44007: gcc  -c -isystem/home/ubuntu/yocto/rpi-build/tmp/work/x86_64-linux/bison-native/3.8.2-r0/recipe-sysroot-native/usr/include -O2 -pipe -isystem/home/ubuntu/yocto/rpi-build/tmp/work/x86_64-linux/bison-native/3.8.2-r0/recipe-sysroot-native/usr/include conftest.c >&5
configure:44007: $? = 0
configure:44007: result: yes
configure:44014: checking for tsearch
configure:44014: gcc  -o conftest -isystem/home/ubuntu/yocto/rpi-build/tmp/work/x86_64-linux/bison-native/3.8.2-r0/recipe-sysroot-native/usr/include -O2 -pipe -isystem/home/ubuntu/yocto/rpi-build/tmp/work/x86_64-linux/bison-native/3.8.2-r0/recipe-sysroot-native/usr/include -L/home/ubuntu/yocto/rpi-build/tmp/work/x86_64-linux/bison-native/3.8.2-r0/recipe-sysroot-native/usr/lib                         -L/home/ubuntu/yocto/rpi-build/tmp/work/x86_64-linux/bison-native/3.8.2-r0/recipe-sysroot-native/lib                         -Wl,--enable-new-dtags                         -Wl,-rpath-link,/home/ubuntu/yocto/rpi-build/tmp/work/x86_64-linux/bison-native/3.8.2-r0/recipe-sysroot-native/usr/lib                         -Wl,-rpath-link,/home/ubuntu/yocto/rpi-build/tmp/work/x86_64-linux/bison-native/3.8.2-r0/recipe-sysroot-native/lib                         -Wl,-rpath,/home/ubuntu/yocto/rpi-build/tmp/work/x86_64-linux/bison-native/3.8.2-r0/recipe-sysroot-native/usr/lib                         -Wl,-rpath,/home/ubuntu/yocto/rpi-build/tmp/work/x86_64-linux/bison-native/3.8.2-r0/recipe-sysroot-native/lib                         -Wl,-O1 -Wl,--allow-shlib-undefined -Wl,--dynamic-linker=/home/ubuntu/yocto/rpi-build/tmp/sysroots-uninative/x86_64-linux/lib/ld-linux-x86-64.so.2 conftest.c  >&5
configure:44014: $? = 0
configure:44014: result: yes
configure:44031: checking whether rename honors trailing slash on destination
configure:44082: gcc  -o conftest -isystem/home/ubuntu/yocto/rpi-build/tmp/work/x86_64-linux/bison-native/3.8.2-r0/recipe-sysroot-native/usr/include -O2 -pipe -isystem/home/ubuntu/yocto/rpi-build/tmp/work/x86_64-linux/bison-native/3.8.2-r0/recipe-sysroot-native/usr/include -L/home/ubuntu/yocto/rpi-build/tmp/work/x86_64-linux/bison-native/3.8.2-r0/recipe-sysroot-native/usr/lib                         -L/home/ubuntu/yocto/rpi-build/tmp/work/x86_64-linux/bison-native/3.8.2-r0/recipe-sysroot-native/lib                         -Wl,--enable-new-dtags                         -Wl,-rpath-link,/home/ubuntu/yocto/rpi-build/tmp/work/x86_64-linux/bison-native/3.8.2-r0/recipe-sysroot-native/usr/lib                         -Wl,-rpath-link,/home/ubuntu/yocto/rpi-build/tmp/work/x86_64-linux/bison-native/3.8.2-r0/recipe-sysroot-native/lib                         -Wl,-rpath,/home/ubuntu/yocto/rpi-build/tmp/work/x86_64-linux/bison-native/3.8.2-r0/recipe-sysroot-native/usr/lib                         -Wl,-rpath,/home/ubuntu/yocto/rpi-build/tmp/work/x86_64-linux/bison-native/3.8.2-r0/recipe-sysroot-native/lib                         -Wl,-O1 -Wl,--allow-shlib-undefined -Wl,--dynamic-linker=/home/ubuntu/yocto/rpi-build/tmp/sysroots-uninative/x86_64-linux/lib/ld-linux-x86-64.so.2 conftest.c  >&5
configure:44082: $? = 0
configure:44082: ./conftest
configure:44082: $? = 0
configure:44095: result: yes
configure:44107: checking whether rename honors trailing slash on source
configure:44158: gcc  -o conftest -isystem/home/ubuntu/yocto/rpi-build/tmp/work/x86_64-linux/bison-native/3.8.2-r0/recipe-sysroot-native/usr/include -O2 -pipe -isystem/home/ubuntu/yocto/rpi-build/tmp/work/x86_64-linux/bison-native/3.8.2-r0/recipe-sysroot-native/usr/include -L/home/ubuntu/yocto/rpi-build/tmp/work/x86_64-linux/bison-native/3.8.2-r0/recipe-sysroot-native/usr/lib                         -L/home/ubuntu/yocto/rpi-build/tmp/work/x86_64-linux/bison-native/3.8.2-r0/recipe-sysroot-native/lib                         -Wl,--enable-new-dtags                         -Wl,-rpath-link,/home/ubuntu/yocto/rpi-build/tmp/work/x86_64-linux/bison-native/3.8.2-r0/recipe-sysroot-native/usr/lib                         -Wl,-rpath-link,/home/ubuntu/yocto/rpi-build/tmp/work/x86_64-linux/bison-native/3.8.2-r0/recipe-sysroot-native/lib                         -Wl,-rpath,/home/ubuntu/yocto/rpi-build/tmp/work/x86_64-linux/bison-native/3.8.2-r0/recipe-sysroot-native/usr/lib                         -Wl,-rpath,/home/ubuntu/yocto/rpi-build/tmp/work/x86_64-linux/bison-native/3.8.2-r0/recipe-sysroot-native/lib                         -Wl,-O1 -Wl,--allow-shlib-undefined -Wl,--dynamic-linker=/home/ubuntu/yocto/rpi-build/tmp/sysroots-uninative/x86_64-linux/lib/ld-linux-x86-64.so.2 conftest.c  >&5
configure:44158: $? = 0
configure:44158: ./conftest
configure:44158: $? = 0
configure:44171: result: yes
configure:44184: checking whether rename manages hard links correctly
configure:44237: gcc  -o conftest -isystem/home/ubuntu/yocto/rpi-build/tmp/work/x86_64-linux/bison-native/3.8.2-r0/recipe-sysroot-native/usr/include -O2 -pipe -isystem/home/ubuntu/yocto/rpi-build/tmp/work/x86_64-linux/bison-native/3.8.2-r0/recipe-sysroot-native/usr/include -L/home/ubuntu/yocto/rpi-build/tmp/work/x86_64-linux/bison-native/3.8.2-r0/recipe-sysroot-native/usr/lib                         -L/home/ubuntu/yocto/rpi-build/tmp/work/x86_64-linux/bison-native/3.8.2-r0/recipe-sysroot-native/lib                         -Wl,--enable-new-dtags                         -Wl,-rpath-link,/home/ubuntu/yocto/rpi-build/tmp/work/x86_64-linux/bison-native/3.8.2-r0/recipe-sysroot-native/usr/lib                         -Wl,-rpath-link,/home/ubuntu/yocto/rpi-build/tmp/work/x86_64-linux/bison-native/3.8.2-r0/recipe-sysroot-native/lib                         -Wl,-rpath,/home/ubuntu/yocto/rpi-build/tmp/work/x86_64-linux/bison-native/3.8.2-r0/recipe-sysroot-native/usr/lib                         -Wl,-rpath,/home/ubuntu/yocto/rpi-build/tmp/work/x86_64-linux/bison-native/3.8.2-r0/recipe-sysroot-native/lib                         -Wl,-O1 -Wl,--allow-shlib-undefined -Wl,--dynamic-linker=/home/ubuntu/yocto/rpi-build/tmp/sysroots-uninative/x86_64-linux/lib/ld-linux-x86-64.so.2 conftest.c  >&5
configure:44237: $? = 0
configure:44237: ./conftest
configure:44237: $? = 0
configure:44268: result: yes
configure:44280: checking whether rename manages existing destinations correctly
configure:44323: gcc  -o conftest -isystem/home/ubuntu/yocto/rpi-build/tmp/work/x86_64-linux/bison-native/3.8.2-r0/recipe-sysroot-native/usr/include -O2 -pipe -isystem/home/ubuntu/yocto/rpi-build/tmp/work/x86_64-linux/bison-native/3.8.2-r0/recipe-sysroot-native/usr/include -L/home/ubuntu/yocto/rpi-build/tmp/work/x86_64-linux/bison-native/3.8.2-r0/recipe-sysroot-native/usr/lib                         -L/home/ubuntu/yocto/rpi-build/tmp/work/x86_64-linux/bison-native/3.8.2-r0/recipe-sysroot-native/lib                         -Wl,--enable-new-dtags                         -Wl,-rpath-link,/home/ubuntu/yocto/rpi-build/tmp/work/x86_64-linux/bison-native/3.8.2-r0/recipe-sysroot-native/usr/lib                         -Wl,-rpath-link,/home/ubuntu/yocto/rpi-build/tmp/work/x86_64-linux/bison-native/3.8.2-r0/recipe-sysroot-native/lib                         -Wl,-rpath,/home/ubuntu/yocto/rpi-build/tmp/work/x86_64-linux/bison-native/3.8.2-r0/recipe-sysroot-native/usr/lib                         -Wl,-rpath,/home/ubuntu/yocto/rpi-build/tmp/work/x86_64-linux/bison-native/3.8.2-r0/recipe-sysroot-native/lib                         -Wl,-O1 -Wl,--allow-shlib-undefined -Wl,--dynamic-linker=/home/ubuntu/yocto/rpi-build/tmp/sysroots-uninative/x86_64-linux/lib/ld-linux-x86-64.so.2 conftest.c  >&5
configure:44323: $? = 0
configure:44323: ./conftest
configure:44323: $? = 0
configure:44336: result: yes
configure:44390: checking for struct sigaction.sa_sigaction
configure:44390: gcc  -c -isystem/home/ubuntu/yocto/rpi-build/tmp/work/x86_64-linux/bison-native/3.8.2-r0/recipe-sysroot-native/usr/include -O2 -pipe -isystem/home/ubuntu/yocto/rpi-build/tmp/work/x86_64-linux/bison-native/3.8.2-r0/recipe-sysroot-native/usr/include conftest.c >&5
configure:44390: $? = 0
configure:44390: result: yes
configure:44469: checking for signbit macro
configure:44580: gcc  -o conftest -isystem/home/ubuntu/yocto/rpi-build/tmp/work/x86_64-linux/bison-native/3.8.2-r0/recipe-sysroot-native/usr/include -O2 -pipe -isystem/home/ubuntu/yocto/rpi-build/tmp/work/x86_64-linux/bison-native/3.8.2-r0/recipe-sysroot-native/usr/include -L/home/ubuntu/yocto/rpi-build/tmp/work/x86_64-linux/bison-native/3.8.2-r0/recipe-sysroot-native/usr/lib                         -L/home/ubuntu/yocto/rpi-build/tmp/work/x86_64-linux/bison-native/3.8.2-r0/recipe-sysroot-native/lib                         -Wl,--enable-new-dtags                         -Wl,-rpath-link,/home/ubuntu/yocto/rpi-build/tmp/work/x86_64-linux/bison-native/3.8.2-r0/recipe-sysroot-native/usr/lib                         -Wl,-rpath-link,/home/ubuntu/yocto/rpi-build/tmp/work/x86_64-linux/bison-native/3.8.2-r0/recipe-sysroot-native/lib                         -Wl,-rpath,/home/ubuntu/yocto/rpi-build/tmp/work/x86_64-linux/bison-native/3.8.2-r0/recipe-sysroot-native/usr/lib                         -Wl,-rpath,/home/ubuntu/yocto/rpi-build/tmp/work/x86_64-linux/bison-native/3.8.2-r0/recipe-sysroot-native/lib                         -Wl,-O1 -Wl,--allow-shlib-undefined -Wl,--dynamic-linker=/home/ubuntu/yocto/rpi-build/tmp/sysroots-uninative/x86_64-linux/lib/ld-linux-x86-64.so.2 conftest.c  >&5
configure:44580: $? = 0
configure:44580: ./conftest
configure:44580: $? = 0
configure:44592: result: yes
configure:44594: checking for signbit compiler built-ins
configure:44707: gcc  -o conftest -isystem/home/ubuntu/yocto/rpi-build/tmp/work/x86_64-linux/bison-native/3.8.2-r0/recipe-sysroot-native/usr/include -O2 -pipe -isystem/home/ubuntu/yocto/rpi-build/tmp/work/x86_64-linux/bison-native/3.8.2-r0/recipe-sysroot-native/usr/include -L/home/ubuntu/yocto/rpi-build/tmp/work/x86_64-linux/bison-native/3.8.2-r0/recipe-sysroot-native/usr/lib                         -L/home/ubuntu/yocto/rpi-build/tmp/work/x86_64-linux/bison-native/3.8.2-r0/recipe-sysroot-native/lib                         -Wl,--enable-new-dtags                         -Wl,-rpath-link,/home/ubuntu/yocto/rpi-build/tmp/work/x86_64-linux/bison-native/3.8.2-r0/recipe-sysroot-native/usr/lib                         -Wl,-rpath-link,/home/ubuntu/yocto/rpi-build/tmp/work/x86_64-linux/bison-native/3.8.2-r0/recipe-sysroot-native/lib                         -Wl,-rpath,/home/ubuntu/yocto/rpi-build/tmp/work/x86_64-linux/bison-native/3.8.2-r0/recipe-sysroot-native/usr/lib                         -Wl,-rpath,/home/ubuntu/yocto/rpi-build/tmp/work/x86_64-linux/bison-native/3.8.2-r0/recipe-sysroot-native/lib                         -Wl,-O1 -Wl,--allow-shlib-undefined -Wl,--dynamic-linker=/home/ubuntu/yocto/rpi-build/tmp/sysroots-uninative/x86_64-linux/lib/ld-linux-x86-64.so.2 conftest.c  >&5
configure:44707: $? = 0
configure:44707: ./conftest
configure:44707: $? = 0
configure:44719: result: yes
configure:45266: checking for sigprocmask
configure:45266: result: yes
configure:45307: checking for stdint.h
configure:45307: result: yes
configure:45314: checking for SIZE_MAX
configure:45390: result: yes
configure:45402: checking for snprintf
configure:45402: result: yes
configure:45413: checking whether snprintf respects a size of 1
configure:45456: gcc  -o conftest -isystem/home/ubuntu/yocto/rpi-build/tmp/work/x86_64-linux/bison-native/3.8.2-r0/recipe-sysroot-native/usr/include -O2 -pipe -isystem/home/ubuntu/yocto/rpi-build/tmp/work/x86_64-linux/bison-native/3.8.2-r0/recipe-sysroot-native/usr/include -L/home/ubuntu/yocto/rpi-build/tmp/work/x86_64-linux/bison-native/3.8.2-r0/recipe-sysroot-native/usr/lib                         -L/home/ubuntu/yocto/rpi-build/tmp/work/x86_64-linux/bison-native/3.8.2-r0/recipe-sysroot-native/lib                         -Wl,--enable-new-dtags                         -Wl,-rpath-link,/home/ubuntu/yocto/rpi-build/tmp/work/x86_64-linux/bison-native/3.8.2-r0/recipe-sysroot-native/usr/lib                         -Wl,-rpath-link,/home/ubuntu/yocto/rpi-build/tmp/work/x86_64-linux/bison-native/3.8.2-r0/recipe-sysroot-native/lib                         -Wl,-rpath,/home/ubuntu/yocto/rpi-build/tmp/work/x86_64-linux/bison-native/3.8.2-r0/recipe-sysroot-native/usr/lib                         -Wl,-rpath,/home/ubuntu/yocto/rpi-build/tmp/work/x86_64-linux/bison-native/3.8.2-r0/recipe-sysroot-native/lib                         -Wl,-O1 -Wl,--allow-shlib-undefined -Wl,--dynamic-linker=/home/ubuntu/yocto/rpi-build/tmp/sysroots-uninative/x86_64-linux/lib/ld-linux-x86-64.so.2 conftest.c  >&5
conftest.c: In function 'main':
conftest.c:349:25: warning: '%d' directive output truncated writing 5 bytes into a region of size 1 [-Wformat-truncation=]
  349 |   my_snprintf (buf, 1, "%d", 12345);
      |                         ^~
In file included from /usr/include/stdio.h:894,
                 from conftest.c:331:
/usr/include/x86_64-linux-gnu/bits/stdio2.h:71:10: note: '__builtin___snprintf_chk' output 6 bytes into a destination of size 1
   71 |   return __builtin___snprintf_chk (__s, __n, __USE_FORTIFY_LEVEL - 1,
      |          ^~~~~~~~~~~~~~~~~~~~~~~~~~~~~~~~~~~~~~~~~~~~~~~~~~~~~~~~~~~~
   72 |                                    __glibc_objsize (__s), __fmt,
      |                                    ~~~~~~~~~~~~~~~~~~~~~~~~~~~~~
   73 |                                    __va_arg_pack ());
      |                                    ~~~~~~~~~~~~~~~~~
configure:45456: $? = 0
configure:45456: ./conftest
configure:45456: $? = 0
configure:45468: result: yes
configure:45478: checking whether printf supports POSIX/XSI format strings with positions
configure:45527: result: yes
configure:45609: checking for snprintf
configure:45609: result: yes
configure:45622: checking whether snprintf fully supports the 'n' directive
configure:45719: gcc  -o conftest -isystem/home/ubuntu/yocto/rpi-build/tmp/work/x86_64-linux/bison-native/3.8.2-r0/recipe-sysroot-native/usr/include -O2 -pipe -isystem/home/ubuntu/yocto/rpi-build/tmp/work/x86_64-linux/bison-native/3.8.2-r0/recipe-sysroot-native/usr/include -L/home/ubuntu/yocto/rpi-build/tmp/work/x86_64-linux/bison-native/3.8.2-r0/recipe-sysroot-native/usr/lib                         -L/home/ubuntu/yocto/rpi-build/tmp/work/x86_64-linux/bison-native/3.8.2-r0/recipe-sysroot-native/lib                         -Wl,--enable-new-dtags                         -Wl,-rpath-link,/home/ubuntu/yocto/rpi-build/tmp/work/x86_64-linux/bison-native/3.8.2-r0/recipe-sysroot-native/usr/lib                         -Wl,-rpath-link,/home/ubuntu/yocto/rpi-build/tmp/work/x86_64-linux/bison-native/3.8.2-r0/recipe-sysroot-native/lib                         -Wl,-rpath,/home/ubuntu/yocto/rpi-build/tmp/work/x86_64-linux/bison-native/3.8.2-r0/recipe-sysroot-native/usr/lib                         -Wl,-rpath,/home/ubuntu/yocto/rpi-build/tmp/work/x86_64-linux/bison-native/3.8.2-r0/recipe-sysroot-native/lib                         -Wl,-O1 -Wl,--allow-shlib-undefined -Wl,--dynamic-linker=/home/ubuntu/yocto/rpi-build/tmp/sysroots-uninative/x86_64-linux/lib/ld-linux-x86-64.so.2 conftest.c  >&5
configure:45719: $? = 0
configure:45719: ./conftest
*** %n in writable segment detected ***
../bison-3.8.2/configure: line 3481: 143019 Aborted                 (core dumped) ./conftest$ac_exeext
configure:45719: $? = 134
configure: program exited with status 134
configure: failed program was:
| /* confdefs.h */
| #define PACKAGE_NAME "GNU Bison"
| #define PACKAGE_TARNAME "bison"
| #define PACKAGE_VERSION "3.8.2"
| #define PACKAGE_STRING "GNU Bison 3.8.2"
| #define PACKAGE_BUGREPORT "bug-bison@gnu.org"
| #define PACKAGE_URL "https://www.gnu.org/software/bison/"
| #define PACKAGE_COPYRIGHT_YEAR 2021
| #define PACKAGE "bison"
| #define VERSION "3.8.2"
| #define HAVE_STDIO_H 1
| #define HAVE_STDLIB_H 1
| #define HAVE_STRING_H 1
| #define HAVE_INTTYPES_H 1
| #define HAVE_STDINT_H 1
| #define HAVE_STRINGS_H 1
| #define HAVE_SYS_STAT_H 1
| #define HAVE_SYS_TYPES_H 1
| #define HAVE_UNISTD_H 1
| #define HAVE_WCHAR_H 1
| #define HAVE_LOCALE_H 1
| #define HAVE_SYS_PARAM_H 1
| #define HAVE_SYS_SOCKET_H 1
| #define HAVE_STDIO_EXT_H 1
| #define HAVE_FEATURES_H 1
| #define HAVE_GETOPT_H 1
| #define HAVE_SYS_CDEFS_H 1
| #define HAVE_SYS_TIME_H 1
| #define HAVE_ICONV_H 1
| #define HAVE_LIMITS_H 1
| #define HAVE_WCTYPE_H 1
| #define HAVE_THREADS_H 1
| #define HAVE_MATH_H 1
| #define HAVE_SYS_MMAN_H 1
| #define HAVE_SPAWN_H 1
| #define HAVE_SYS_IOCTL_H 1
| #define HAVE_SYS_RESOURCE_H 1
| #define HAVE_SYS_TIMES_H 1
| #define HAVE_SYS_WAIT_H 1
| #define HAVE_TERMIOS_H 1
| #define HAVE_DIRENT_H 1
| #define STDC_HEADERS 1
| #define _ALL_SOURCE 1
| #define _DARWIN_C_SOURCE 1
| #define _GNU_SOURCE 1
| #define _HPUX_ALT_XOPEN_SOCKET_API 1
| #define _NETBSD_SOURCE 1
| #define _OPENBSD_SOURCE 1
| #define _POSIX_PTHREAD_SEMANTICS 1
| #define __STDC_WANT_IEC_60559_ATTRIBS_EXT__ 1
| #define __STDC_WANT_IEC_60559_BFP_EXT__ 1
| #define __STDC_WANT_IEC_60559_DFP_EXT__ 1
| #define __STDC_WANT_IEC_60559_FUNCS_EXT__ 1
| #define __STDC_WANT_IEC_60559_TYPES_EXT__ 1
| #define __STDC_WANT_LIB_EXT2__ 1
| #define __STDC_WANT_MATH_SPEC_FUNCS__ 1
| #define _TANDEM_SOURCE 1
| #define __EXTENSIONS__ 1
| #define HAVE_TCDRAIN 1
| #define HAVE_CANONICALIZE_FILE_NAME 1
| #define HAVE_FACCESSAT 1
| #define HAVE_REALPATH 1
| #define HAVE_LSTAT 1
| #define HAVE_READLINKAT 1
| #define HAVE_FCHDIR 1
| #define HAVE_FCNTL 1
| #define HAVE_SYMLINK 1
| #define HAVE_FFSL 1
| #define HAVE_SNPRINTF 1
| #define HAVE_FSYNC 1
| #define HAVE_GETRUSAGE 1
| #define HAVE_GETTIMEOFDAY 1
| #define HAVE_ISWCNTRL 1
| #define HAVE_ISWBLANK 1
| #define HAVE_MBSINIT 1
| #define HAVE_MBRTOWC 1
| #define HAVE_ISASCII 1
| #define HAVE_MPROTECT 1
| #define HAVE_OBSTACK_PRINTF 1
| #define HAVE_STRERROR_R 1
| #define HAVE___XPG_STRERROR_R 1
| #define HAVE_PIPE 1
| #define HAVE_PIPE2 1
| #define HAVE_POSIX_SPAWN_FILE_ACTIONS_ADDCHDIR_NP 1
| #define HAVE_READLINK 1
| #define HAVE_SETENV 1
| #define HAVE_LINK 1
| #define HAVE_SIGACTION 1
| #define HAVE_SIGALTSTACK 1
| #define HAVE_SIGINTERRUPT 1
| #define HAVE_STPNCPY 1
| #define HAVE_STRNDUP 1
| #define HAVE_WCWIDTH 1
| #define HAVE_FDOPENDIR 1
| #define HAVE_MEMPCPY 1
| #define HAVE_FSTATAT 1
| #define HAVE_GETDELIM 1
| #define HAVE_GETDTABLESIZE 1
| #define HAVE_OPENAT 1
| #define HAVE_CATGETS 1
| #define HAVE_SETLOCALE 1
| #define YYTEXT_POINTER 1
| #define M4 "m4"
| #define M4_GNU_OPTION "--gnu"
| #define HAVE_ALLOCA_H 1
| #define HAVE_ALLOCA 1
| #define HAVE_MALLOC_POSIX 1
| #define LSTAT_FOLLOWS_SLASHED_SYMLINK 1
| #define FUNC_REALPATH_WORKS 1
| #define HAVE_GETCWD 1
| #define restrict __restrict__
| #define HAVE_ENVIRON_DECL 1
| #define HAVE_DECL_STRERROR_R 1
| #define HAVE_STRERROR_R 1
| #define STRERROR_R_CHAR_P 1
| #define HAVE_SIG_ATOMIC_T 1
| #define HAVE_WORKING_O_NOATIME 1
| #define HAVE_WORKING_O_NOFOLLOW 1
| #define HAVE_STDINT_H_WITH_UINTMAX 1
| #define HAVE_INTTYPES_H_WITH_UINTMAX 1
| #define CHECK_PRINTF_SAFE 1
| #define HAVE_WCHAR_T 1
| #define HAVE_WINT_T 1
| #define HAVE_INTMAX_T 1
| #define DBL_EXPBIT0_WORD 1
| #define DBL_EXPBIT0_BIT 20
| #define HAVE_SNPRINTF 1
| #define HAVE_STRNLEN 1
| #define HAVE_WCSLEN 1
| #define HAVE_WCSNLEN 1
| #define HAVE_MBRTOWC 1
| #define HAVE_WCRTOMB 1
| #define HAVE_DECL__SNPRINTF 0
| #define HAVE_SNPRINTF_RETVAL_C99 1
| #define HAVE_SNPRINTF_TRUNCATION_C99 1
| #define HAVE_DECL_ALARM 1
| #define HAVE_DECL_GETCWD 1
| #define D_INO_IN_DIRENT 1
| #define HAVE_GETOPT_H 1
| #define HAVE_GETOPT_LONG_ONLY 1
| #define HAVE_ICONV 1
| #define ICONV_CONST 
| #define HAVE_LONG_LONG_INT 1
| #define HAVE_UNSIGNED_LONG_LONG_INT 1
| #define FLT_EXPBIT0_WORD 0
| #define FLT_EXPBIT0_BIT 23
| #define HAVE_TOWLOWER 1
| #define HAVE_LANGINFO_CODESET 1
| #define HAVE_WEAK_SYMBOLS 1
| #define HAVE_PTHREAD_API 1
| #define USE_POSIX_THREADS 1
| #define USE_POSIX_THREADS_FROM_LIBC 1
| #define HAVE_MBSTATE_T 1
| #define HAVE_MAP_ANONYMOUS 1
| #define HAVE_MINMAX_IN_SYS_PARAM_H 1
| #define HAVE_DECL_OBSTACK_PRINTF 1
| #define PROMOTED_MODE_T mode_t
| #define HAVE_POSIX_SPAWN 1
| #define HAVE_DECL_POSIX_SPAWN 1
| #define REPLACE_VFPRINTF_POSIX 1
| #define USER_LABEL_PREFIX 
| #define HAVE_SIGSET_T 1
| #define INSTALLPREFIX "/home/ubuntu/yocto/rpi-build/tmp/work/x86_64-linux/bison-native/3.8.2-r0/recipe-sysroot-native/usr"
| #define MALLOC_0_IS_NONNULL 1
| #define HAVE_DECL_SETENV 1
| #define HAVE_SCHED_H 1
| #define HAVE_DECL_SNPRINTF 1
| #define HAVE_POSIX_SPAWNATTR_T 1
| #define HAVE_POSIX_SPAWN_FILE_ACTIONS_T 1
| #define HAVE__BOOL 1
| #define HAVE_DECL_FCLOSEALL 1
| #define __USE_MINGW_ANSI_STDIO 1
| #define HAVE_DECL_ECVT 1
| #define HAVE_DECL_FCVT 1
| #define HAVE_DECL_GCVT 1
| #define HAVE_DECL_STPNCPY 1
| #define HAVE_DECL_STRDUP 1
| #define HAVE_DECL_STRNDUP 1
| #define HAVE_STRUCT_TMS 1
| #define _USE_STD_STAT 1
| #define HAVE_DECL_EXECVPE 1
| #define HAVE_DECL_CLEARERR_UNLOCKED 1
| #define HAVE_DECL_FEOF_UNLOCKED 1
| #define HAVE_DECL_FERROR_UNLOCKED 1
| #define HAVE_DECL_FFLUSH_UNLOCKED 1
| #define HAVE_DECL_FGETS_UNLOCKED 1
| #define HAVE_DECL_FPUTC_UNLOCKED 1
| #define HAVE_DECL_FPUTS_UNLOCKED 1
| #define HAVE_DECL_FREAD_UNLOCKED 1
| #define HAVE_DECL_FWRITE_UNLOCKED 1
| #define HAVE_DECL_GETC_UNLOCKED 1
| #define HAVE_DECL_GETCHAR_UNLOCKED 1
| #define HAVE_DECL_PUTC_UNLOCKED 1
| #define HAVE_DECL_PUTCHAR_UNLOCKED 1
| #define HAVE_DECL_UNSETENV 1
| #define HAVE_DECL_VSNPRINTF 1
| #define HAVE_DECL_WCSDUP 1
| #define HAVE_DECL_FCHDIR 1
| #define HAVE_DECL_GETDELIM 1
| #define HAVE_DECL_GETDTABLESIZE 1
| #define HAVE_DECL_GETLINE 1
| #define SETLOCALE_NULL_ALL_MTSAFE 1
| #define SETLOCALE_NULL_ONE_MTSAFE 1
| #define HAVE_DECL_MEMRCHR 1
| #define HAVE_DECL_STRNLEN 1
| #define GNULIB_TEST_ACCESS 1
| #define HAVE_ALLOCA 1
| #define HAVE___BUILTIN_EXPECT 1
| #define GNULIB_TEST_CALLOC_POSIX 1
| #define GNULIB_CANONICALIZE 1
| #define GNULIB_TEST_CANONICALIZE 1
| #define GNULIB_TEST_CANONICALIZE_FILE_NAME 1
| #define GNULIB_CANONICALIZE_LGPL 1
| #define GNULIB_TEST_CANONICALIZE_FILE_NAME 1
| #define GNULIB_TEST_REALPATH 1
| #define HAVE_CLOCK_GETTIME 1
| #define HAVE_CLOCK_SETTIME 1
| #define GNULIB_TEST_CLOEXEC 1
| #define GNULIB_TEST_CLOSE 1
| #define GNULIB_CLOSE_STREAM 1
| #define GNULIB_DIRNAME 1
| #define GNULIB_TEST_DUP2 1
| #define GNULIB_TEST_ENVIRON 1
| #define GNULIB_TEST_FCNTL 1
| #define GNULIB_FD_SAFER_FLAG 1
| #define GNULIB_TEST_FFSL 1
| #define GNULIB_TEST_FOPEN 1
| #define GNULIB_FOPEN_GNU 1
| #define GNULIB_FOPEN_SAFER 1
| #define HAVE_DECL___FPENDING 1
| #define REPLACE_FPRINTF_POSIX 1
| #define GNULIB_TEST_FPRINTF_POSIX 1
| #define HAVE_FREE_POSIX 1
| #define GNULIB_TEST_FREE_POSIX 1
| #define HAVE_FREXP_IN_LIBC 1
| #define GNULIB_TEST_FREXP 1
| #define HAVE_FREXPL_IN_LIBC 1
| #define GNULIB_TEST_FREXPL 1
| #define GNULIB_TEST_FSYNC 1
| #define HAVE_GETPAGESIZE 1
| #define HAVE_MINIMALLY_WORKING_GETCWD 1
| #define GNULIB_GETCWD 1
| #define GNULIB_TEST_GETCWD 1
| #define HAVE_DECL_GETHRTIME 0
| #define GNULIB_TEST_GETOPT_POSIX 1
| #define HAVE_DECL_PROGRAM_INVOCATION_NAME 1
| #define HAVE_DECL_PROGRAM_INVOCATION_SHORT_NAME 1
| #define HAVE_DECL___ARGV 0
| #define GNULIB_TEST_GETRUSAGE 1
| #define GETTIMEOFDAY_TIMEZONE void
| #define GNULIB_TEST_GETTIMEOFDAY 1
| #define HAVE_INLINE 1
| #define GNULIB_TEST_ISNAN 1
| #define GNULIB_TEST_ISNAND 1
| #define HAVE_ISNAND_IN_LIBC 1
| #define GNULIB_TEST_ISNANF 1
| #define GNULIB_TEST_ISNANL 1
| #define HAVE_ISNANL_IN_LIBC 1
| #define HAVE_DECL_ISWBLANK 1
| #define GNULIB_TEST_ISWBLANK 1
| #define GNULIB_TEST_ISWDIGIT 1
| #define GNULIB_TEST_ISWXDIGIT 1
| #define HAVE_LDEXPL 1
| #define GNULIB_TEST_LDEXPL 1
| #define HAVE___INLINE 1
| #define HAVE_PTHREAD_RWLOCK 1
| #define HAVE_PTHREAD_MUTEX_RECURSIVE 1
| #define GNULIB_LOCK 1
| #define GNULIB_TEST_MALLOC_POSIX 1
| #define MBRTOWC_IN_C_LOCALE_MAYBE_EILSEQ 1
| #define GNULIB_TEST_MBRTOWC 1
| #define GNULIB_TEST_MBSINIT 1
| #define HAVE_DECL_MBSWIDTH_IN_WCHAR_H 0
| #define HAVE_MBSTATE_T 1
| #define GNULIB_TEST_MEMCHR 1
| #define HAVE_MEMPCPY 1
| #define GNULIB_TEST_MEMPCPY 1
| #define GNULIB_MSVC_NOTHROW 1
| #define GNULIB_TEST_OBSTACK_PRINTF 1
| #define GNULIB_TEST_OPEN 1
| #define GNULIB_TEST_PERROR 1
| #define GNULIB_TEST_PIPE 1
| #define GNULIB_TEST_PIPE2 1
| #define GNULIB_PIPE2_SAFER 1
| #define GNULIB_TEST_POSIX_SPAWN 1
| #define GNULIB_TEST_POSIX_SPAWN_FILE_ACTIONS_ADDCHDIR 1
| #define GNULIB_TEST_POSIX_SPAWN_FILE_ACTIONS_ADDCLOSE 1
| #define GNULIB_TEST_POSIX_SPAWN_FILE_ACTIONS_ADDDUP2 1
| #define GNULIB_TEST_POSIX_SPAWN_FILE_ACTIONS_ADDOPEN 1
| #define GNULIB_TEST_POSIX_SPAWN_FILE_ACTIONS_DESTROY 1
| #define GNULIB_TEST_POSIX_SPAWN_FILE_ACTIONS_INIT 1
| #define GNULIB_TEST_POSIX_SPAWNATTR_DESTROY 1
| #define GNULIB_TEST_POSIX_SPAWNATTR_INIT 1
| #define GNULIB_TEST_POSIX_SPAWNATTR_SETFLAGS 1
| #define GNULIB_TEST_POSIX_SPAWNATTR_SETPGROUP 1
| #define GNULIB_TEST_POSIX_SPAWNATTR_SETSIGMASK 1
| #define GNULIB_TEST_POSIX_SPAWNP 1
| #define HAVE_FREXP_IN_LIBC 1
| #define HAVE_LDEXP_IN_LIBC 1
| #define HAVE_FREXPL_IN_LIBC 1
| #define HAVE_LDEXPL_IN_LIBC 1
| #define REPLACE_PRINTF_POSIX 1
| #define GNULIB_TEST_PRINTF_POSIX 1
| #define HAVE_DECL_PROGRAM_INVOCATION_NAME 1
| #define HAVE_DECL_PROGRAM_INVOCATION_SHORT_NAME 1
| #define HAVE_RAISE 1
| #define GNULIB_TEST_RAISE 1
| #define HAVE_RAWMEMCHR 1
| #define GNULIB_TEST_RAWMEMCHR 1
| #define GNULIB_TEST_READLINK 1
| #define GNULIB_TEST_REALLOC_POSIX 1
| #define HAVE_REALLOCARRAY 1
| #define GNULIB_REALLOCARRAY 1
| #define GNULIB_TEST_REALLOCARRAY 1
| #define HAVE_GETCWD 1
| #define HAVE_MALLOC_POSIX 1
| #define HAVE_FREE_POSIX 1
| #define HAVE_MEMPCPY 1
| #define HAVE_RAWMEMCHR 1
| #define HAVE_SEARCH_H 1
| #define HAVE_TSEARCH 1
| #define GNULIB_TEST_RENAME 1
| #define HAVE_STRUCT_SIGACTION_SA_SIGACTION 1
| #define GNULIB_TEST_SIGACTION 1
| #define GNULIB_TEST_SIGNBIT 1
| #define GNULIB_TEST_SIGPROCMASK 1
| #define HAVE_STDINT_H 1
| #define HAVE_SNPRINTF 1
| #define GNULIB_TEST_SNPRINTF 1
| #define GNULIB_SNPRINTF 1
| #define HAVE_SNPRINTF 1
| /* end confdefs.h.  */
| 
| #include <stdio.h>
| #include <string.h>
| #if HAVE_SNPRINTF
| # define my_snprintf snprintf
| #else
| # include <stdarg.h>
| static int my_snprintf (char *buf, int size, const char *format, ...)
| {
|   va_list args;
|   int ret;
|   va_start (args, format);
|   ret = vsnprintf (buf, size, format, args);
|   va_end (args);
|   return ret;
| }
| #endif
| static char fmtstring[10];
| static char buf[100];
| int main ()
| {
|   int count = -1;
|   /* Copy the format string.  Some systems (glibc with _FORTIFY_SOURCE=2)
|      support %n in format strings in read-only memory but not in writable
|      memory.  */
|   strcpy (fmtstring, "%d %n");
|   my_snprintf (buf, 4, fmtstring, 12345, &count, 33, 44, 55);
|   if (count != 6)
|     return 1;
|   return 0;
| }
configure:45731: result: no
configure:45737: checking whether snprintf respects a size of 1
configure:45792: result: yes
configure:45797: checking whether vsnprintf respects a zero size as in C99
configure:45866: gcc  -o conftest -isystem/home/ubuntu/yocto/rpi-build/tmp/work/x86_64-linux/bison-native/3.8.2-r0/recipe-sysroot-native/usr/include -O2 -pipe -isystem/home/ubuntu/yocto/rpi-build/tmp/work/x86_64-linux/bison-native/3.8.2-r0/recipe-sysroot-native/usr/include -L/home/ubuntu/yocto/rpi-build/tmp/work/x86_64-linux/bison-native/3.8.2-r0/recipe-sysroot-native/usr/lib                         -L/home/ubuntu/yocto/rpi-build/tmp/work/x86_64-linux/bison-native/3.8.2-r0/recipe-sysroot-native/lib                         -Wl,--enable-new-dtags                         -Wl,-rpath-link,/home/ubuntu/yocto/rpi-build/tmp/work/x86_64-linux/bison-native/3.8.2-r0/recipe-sysroot-native/usr/lib                         -Wl,-rpath-link,/home/ubuntu/yocto/rpi-build/tmp/work/x86_64-linux/bison-native/3.8.2-r0/recipe-sysroot-native/lib                         -Wl,-rpath,/home/ubuntu/yocto/rpi-build/tmp/work/x86_64-linux/bison-native/3.8.2-r0/recipe-sysroot-native/usr/lib                         -Wl,-rpath,/home/ubuntu/yocto/rpi-build/tmp/work/x86_64-linux/bison-native/3.8.2-r0/recipe-sysroot-native/lib                         -Wl,-O1 -Wl,--allow-shlib-undefined -Wl,--dynamic-linker=/home/ubuntu/yocto/rpi-build/tmp/sysroots-uninative/x86_64-linux/lib/ld-linux-x86-64.so.2 conftest.c  >&5
configure:45866: $? = 0
configure:45866: ./conftest
configure:45866: $? = 0
configure:45878: result: yes
configure:46163: checking for ptrdiff_t
configure:46163: result: yes
configure:46505: checking for ptrdiff_t
configure:46505: result: yes
configure:46559: checking for ssize_t
configure:46577: gcc  -c -isystem/home/ubuntu/yocto/rpi-build/tmp/work/x86_64-linux/bison-native/3.8.2-r0/recipe-sysroot-native/usr/include -O2 -pipe -isystem/home/ubuntu/yocto/rpi-build/tmp/work/x86_64-linux/bison-native/3.8.2-r0/recipe-sysroot-native/usr/include conftest.c >&5
configure:46577: $? = 0
configure:46585: result: yes
configure:46602: checking whether stat handles trailing slashes on files
configure:46646: gcc  -o conftest -isystem/home/ubuntu/yocto/rpi-build/tmp/work/x86_64-linux/bison-native/3.8.2-r0/recipe-sysroot-native/usr/include -O2 -pipe -isystem/home/ubuntu/yocto/rpi-build/tmp/work/x86_64-linux/bison-native/3.8.2-r0/recipe-sysroot-native/usr/include -L/home/ubuntu/yocto/rpi-build/tmp/work/x86_64-linux/bison-native/3.8.2-r0/recipe-sysroot-native/usr/lib                         -L/home/ubuntu/yocto/rpi-build/tmp/work/x86_64-linux/bison-native/3.8.2-r0/recipe-sysroot-native/lib                         -Wl,--enable-new-dtags                         -Wl,-rpath-link,/home/ubuntu/yocto/rpi-build/tmp/work/x86_64-linux/bison-native/3.8.2-r0/recipe-sysroot-native/usr/lib                         -Wl,-rpath-link,/home/ubuntu/yocto/rpi-build/tmp/work/x86_64-linux/bison-native/3.8.2-r0/recipe-sysroot-native/lib                         -Wl,-rpath,/home/ubuntu/yocto/rpi-build/tmp/work/x86_64-linux/bison-native/3.8.2-r0/recipe-sysroot-native/usr/lib                         -Wl,-rpath,/home/ubuntu/yocto/rpi-build/tmp/work/x86_64-linux/bison-native/3.8.2-r0/recipe-sysroot-native/lib                         -Wl,-O1 -Wl,--allow-shlib-undefined -Wl,--dynamic-linker=/home/ubuntu/yocto/rpi-build/tmp/sysroots-uninative/x86_64-linux/lib/ld-linux-x86-64.so.2 conftest.c  >&5
configure:46646: $? = 0
configure:46646: ./conftest
configure:46646: $? = 0
configure:46658: result: yes
configure:46725: checking for working stdalign.h
configure:46773: gcc  -c -isystem/home/ubuntu/yocto/rpi-build/tmp/work/x86_64-linux/bison-native/3.8.2-r0/recipe-sysroot-native/usr/include -O2 -pipe -isystem/home/ubuntu/yocto/rpi-build/tmp/work/x86_64-linux/bison-native/3.8.2-r0/recipe-sysroot-native/usr/include conftest.c >&5
configure:46773: $? = 0
configure:46781: result: yes
configure:47195: checking for stpcpy
configure:47195: gcc  -o conftest -isystem/home/ubuntu/yocto/rpi-build/tmp/work/x86_64-linux/bison-native/3.8.2-r0/recipe-sysroot-native/usr/include -O2 -pipe -isystem/home/ubuntu/yocto/rpi-build/tmp/work/x86_64-linux/bison-native/3.8.2-r0/recipe-sysroot-native/usr/include -L/home/ubuntu/yocto/rpi-build/tmp/work/x86_64-linux/bison-native/3.8.2-r0/recipe-sysroot-native/usr/lib                         -L/home/ubuntu/yocto/rpi-build/tmp/work/x86_64-linux/bison-native/3.8.2-r0/recipe-sysroot-native/lib                         -Wl,--enable-new-dtags                         -Wl,-rpath-link,/home/ubuntu/yocto/rpi-build/tmp/work/x86_64-linux/bison-native/3.8.2-r0/recipe-sysroot-native/usr/lib                         -Wl,-rpath-link,/home/ubuntu/yocto/rpi-build/tmp/work/x86_64-linux/bison-native/3.8.2-r0/recipe-sysroot-native/lib                         -Wl,-rpath,/home/ubuntu/yocto/rpi-build/tmp/work/x86_64-linux/bison-native/3.8.2-r0/recipe-sysroot-native/usr/lib                         -Wl,-rpath,/home/ubuntu/yocto/rpi-build/tmp/work/x86_64-linux/bison-native/3.8.2-r0/recipe-sysroot-native/lib                         -Wl,-O1 -Wl,--allow-shlib-undefined -Wl,--dynamic-linker=/home/ubuntu/yocto/rpi-build/tmp/sysroots-uninative/x86_64-linux/lib/ld-linux-x86-64.so.2 conftest.c  >&5
conftest.c:370:6: warning: conflicting types for built-in function 'stpcpy'; expected 'char *(char *, const char *)' [-Wbuiltin-declaration-mismatch]
  370 | char stpcpy (void);
      |      ^~~~~~
configure:47195: $? = 0
configure:47195: result: yes
configure:47252: checking for working stpncpy
configure:47325: gcc  -o conftest -isystem/home/ubuntu/yocto/rpi-build/tmp/work/x86_64-linux/bison-native/3.8.2-r0/recipe-sysroot-native/usr/include -O2 -pipe -isystem/home/ubuntu/yocto/rpi-build/tmp/work/x86_64-linux/bison-native/3.8.2-r0/recipe-sysroot-native/usr/include -L/home/ubuntu/yocto/rpi-build/tmp/work/x86_64-linux/bison-native/3.8.2-r0/recipe-sysroot-native/usr/lib                         -L/home/ubuntu/yocto/rpi-build/tmp/work/x86_64-linux/bison-native/3.8.2-r0/recipe-sysroot-native/lib                         -Wl,--enable-new-dtags                         -Wl,-rpath-link,/home/ubuntu/yocto/rpi-build/tmp/work/x86_64-linux/bison-native/3.8.2-r0/recipe-sysroot-native/usr/lib                         -Wl,-rpath-link,/home/ubuntu/yocto/rpi-build/tmp/work/x86_64-linux/bison-native/3.8.2-r0/recipe-sysroot-native/lib                         -Wl,-rpath,/home/ubuntu/yocto/rpi-build/tmp/work/x86_64-linux/bison-native/3.8.2-r0/recipe-sysroot-native/usr/lib                         -Wl,-rpath,/home/ubuntu/yocto/rpi-build/tmp/work/x86_64-linux/bison-native/3.8.2-r0/recipe-sysroot-native/lib                         -Wl,-O1 -Wl,--allow-shlib-undefined -Wl,--dynamic-linker=/home/ubuntu/yocto/rpi-build/tmp/sysroots-uninative/x86_64-linux/lib/ld-linux-x86-64.so.2 conftest.c  >&5
configure:47325: $? = 0
configure:47325: ./conftest
configure:47325: $? = 0
configure:47337: result: yes
configure:47438: checking for working strerror function
configure:47468: gcc  -o conftest -isystem/home/ubuntu/yocto/rpi-build/tmp/work/x86_64-linux/bison-native/3.8.2-r0/recipe-sysroot-native/usr/include -O2 -pipe -isystem/home/ubuntu/yocto/rpi-build/tmp/work/x86_64-linux/bison-native/3.8.2-r0/recipe-sysroot-native/usr/include -L/home/ubuntu/yocto/rpi-build/tmp/work/x86_64-linux/bison-native/3.8.2-r0/recipe-sysroot-native/usr/lib                         -L/home/ubuntu/yocto/rpi-build/tmp/work/x86_64-linux/bison-native/3.8.2-r0/recipe-sysroot-native/lib                         -Wl,--enable-new-dtags                         -Wl,-rpath-link,/home/ubuntu/yocto/rpi-build/tmp/work/x86_64-linux/bison-native/3.8.2-r0/recipe-sysroot-native/usr/lib                         -Wl,-rpath-link,/home/ubuntu/yocto/rpi-build/tmp/work/x86_64-linux/bison-native/3.8.2-r0/recipe-sysroot-native/lib                         -Wl,-rpath,/home/ubuntu/yocto/rpi-build/tmp/work/x86_64-linux/bison-native/3.8.2-r0/recipe-sysroot-native/usr/lib                         -Wl,-rpath,/home/ubuntu/yocto/rpi-build/tmp/work/x86_64-linux/bison-native/3.8.2-r0/recipe-sysroot-native/lib                         -Wl,-O1 -Wl,--allow-shlib-undefined -Wl,--dynamic-linker=/home/ubuntu/yocto/rpi-build/tmp/sysroots-uninative/x86_64-linux/lib/ld-linux-x86-64.so.2 conftest.c  >&5
configure:47468: $? = 0
configure:47468: ./conftest
configure:47468: $? = 0
configure:47480: result: yes
configure:47552: checking for working strndup
configure:47595: gcc  -o conftest -isystem/home/ubuntu/yocto/rpi-build/tmp/work/x86_64-linux/bison-native/3.8.2-r0/recipe-sysroot-native/usr/include -O2 -pipe -isystem/home/ubuntu/yocto/rpi-build/tmp/work/x86_64-linux/bison-native/3.8.2-r0/recipe-sysroot-native/usr/include -L/home/ubuntu/yocto/rpi-build/tmp/work/x86_64-linux/bison-native/3.8.2-r0/recipe-sysroot-native/usr/lib                         -L/home/ubuntu/yocto/rpi-build/tmp/work/x86_64-linux/bison-native/3.8.2-r0/recipe-sysroot-native/lib                         -Wl,--enable-new-dtags                         -Wl,-rpath-link,/home/ubuntu/yocto/rpi-build/tmp/work/x86_64-linux/bison-native/3.8.2-r0/recipe-sysroot-native/usr/lib                         -Wl,-rpath-link,/home/ubuntu/yocto/rpi-build/tmp/work/x86_64-linux/bison-native/3.8.2-r0/recipe-sysroot-native/lib                         -Wl,-rpath,/home/ubuntu/yocto/rpi-build/tmp/work/x86_64-linux/bison-native/3.8.2-r0/recipe-sysroot-native/usr/lib                         -Wl,-rpath,/home/ubuntu/yocto/rpi-build/tmp/work/x86_64-linux/bison-native/3.8.2-r0/recipe-sysroot-native/lib                         -Wl,-O1 -Wl,--allow-shlib-undefined -Wl,--dynamic-linker=/home/ubuntu/yocto/rpi-build/tmp/sysroots-uninative/x86_64-linux/lib/ld-linux-x86-64.so.2 conftest.c  >&5
configure:47595: $? = 0
configure:47595: ./conftest
configure:47595: $? = 0
configure:47606: result: yes
configure:47650: checking whether strtod obeys C99
configure:47776: gcc  -o conftest -isystem/home/ubuntu/yocto/rpi-build/tmp/work/x86_64-linux/bison-native/3.8.2-r0/recipe-sysroot-native/usr/include -O2 -pipe -isystem/home/ubuntu/yocto/rpi-build/tmp/work/x86_64-linux/bison-native/3.8.2-r0/recipe-sysroot-native/usr/include -L/home/ubuntu/yocto/rpi-build/tmp/work/x86_64-linux/bison-native/3.8.2-r0/recipe-sysroot-native/usr/lib                         -L/home/ubuntu/yocto/rpi-build/tmp/work/x86_64-linux/bison-native/3.8.2-r0/recipe-sysroot-native/lib                         -Wl,--enable-new-dtags                         -Wl,-rpath-link,/home/ubuntu/yocto/rpi-build/tmp/work/x86_64-linux/bison-native/3.8.2-r0/recipe-sysroot-native/usr/lib                         -Wl,-rpath-link,/home/ubuntu/yocto/rpi-build/tmp/work/x86_64-linux/bison-native/3.8.2-r0/recipe-sysroot-native/lib                         -Wl,-rpath,/home/ubuntu/yocto/rpi-build/tmp/work/x86_64-linux/bison-native/3.8.2-r0/recipe-sysroot-native/usr/lib                         -Wl,-rpath,/home/ubuntu/yocto/rpi-build/tmp/work/x86_64-linux/bison-native/3.8.2-r0/recipe-sysroot-native/lib                         -Wl,-O1 -Wl,--allow-shlib-undefined -Wl,--dynamic-linker=/home/ubuntu/yocto/rpi-build/tmp/sysroots-uninative/x86_64-linux/lib/ld-linux-x86-64.so.2 conftest.c  >&5
configure:47776: $? = 0
configure:47776: ./conftest
configure:47776: $? = 0
configure:47788: result: yes
configure:47848: checking for strverscmp
configure:47848: gcc  -o conftest -isystem/home/ubuntu/yocto/rpi-build/tmp/work/x86_64-linux/bison-native/3.8.2-r0/recipe-sysroot-native/usr/include -O2 -pipe -isystem/home/ubuntu/yocto/rpi-build/tmp/work/x86_64-linux/bison-native/3.8.2-r0/recipe-sysroot-native/usr/include -L/home/ubuntu/yocto/rpi-build/tmp/work/x86_64-linux/bison-native/3.8.2-r0/recipe-sysroot-native/usr/lib                         -L/home/ubuntu/yocto/rpi-build/tmp/work/x86_64-linux/bison-native/3.8.2-r0/recipe-sysroot-native/lib                         -Wl,--enable-new-dtags                         -Wl,-rpath-link,/home/ubuntu/yocto/rpi-build/tmp/work/x86_64-linux/bison-native/3.8.2-r0/recipe-sysroot-native/usr/lib                         -Wl,-rpath-link,/home/ubuntu/yocto/rpi-build/tmp/work/x86_64-linux/bison-native/3.8.2-r0/recipe-sysroot-native/lib                         -Wl,-rpath,/home/ubuntu/yocto/rpi-build/tmp/work/x86_64-linux/bison-native/3.8.2-r0/recipe-sysroot-native/usr/lib                         -Wl,-rpath,/home/ubuntu/yocto/rpi-build/tmp/work/x86_64-linux/bison-native/3.8.2-r0/recipe-sysroot-native/lib                         -Wl,-O1 -Wl,--allow-shlib-undefined -Wl,--dynamic-linker=/home/ubuntu/yocto/rpi-build/tmp/sysroots-uninative/x86_64-linux/lib/ld-linux-x86-64.so.2 conftest.c  >&5
configure:47848: $? = 0
configure:47848: result: yes
configure:47948: checking for sys/single_threaded.h
configure:47948: gcc  -c -isystem/home/ubuntu/yocto/rpi-build/tmp/work/x86_64-linux/bison-native/3.8.2-r0/recipe-sysroot-native/usr/include -O2 -pipe -isystem/home/ubuntu/yocto/rpi-build/tmp/work/x86_64-linux/bison-native/3.8.2-r0/recipe-sysroot-native/usr/include conftest.c >&5
configure:47948: $? = 0
configure:47948: result: yes
configure:48162: checking whether unlink honors trailing slashes
configure:48219: gcc  -o conftest -isystem/home/ubuntu/yocto/rpi-build/tmp/work/x86_64-linux/bison-native/3.8.2-r0/recipe-sysroot-native/usr/include -O2 -pipe -isystem/home/ubuntu/yocto/rpi-build/tmp/work/x86_64-linux/bison-native/3.8.2-r0/recipe-sysroot-native/usr/include -L/home/ubuntu/yocto/rpi-build/tmp/work/x86_64-linux/bison-native/3.8.2-r0/recipe-sysroot-native/usr/lib                         -L/home/ubuntu/yocto/rpi-build/tmp/work/x86_64-linux/bison-native/3.8.2-r0/recipe-sysroot-native/lib                         -Wl,--enable-new-dtags                         -Wl,-rpath-link,/home/ubuntu/yocto/rpi-build/tmp/work/x86_64-linux/bison-native/3.8.2-r0/recipe-sysroot-native/usr/lib                         -Wl,-rpath-link,/home/ubuntu/yocto/rpi-build/tmp/work/x86_64-linux/bison-native/3.8.2-r0/recipe-sysroot-native/lib                         -Wl,-rpath,/home/ubuntu/yocto/rpi-build/tmp/work/x86_64-linux/bison-native/3.8.2-r0/recipe-sysroot-native/usr/lib                         -Wl,-rpath,/home/ubuntu/yocto/rpi-build/tmp/work/x86_64-linux/bison-native/3.8.2-r0/recipe-sysroot-native/lib                         -Wl,-O1 -Wl,--allow-shlib-undefined -Wl,--dynamic-linker=/home/ubuntu/yocto/rpi-build/tmp/sysroots-uninative/x86_64-linux/lib/ld-linux-x86-64.so.2 conftest.c  >&5
configure:48219: $? = 0
configure:48219: ./conftest
configure:48219: $? = 0
configure:48231: result: yes
configure:48239: checking whether unlink of a parent directory fails as it should
configure:48318: result: guessing yes
configure:48389: checking for unsetenv
configure:48389: gcc  -o conftest -isystem/home/ubuntu/yocto/rpi-build/tmp/work/x86_64-linux/bison-native/3.8.2-r0/recipe-sysroot-native/usr/include -O2 -pipe -isystem/home/ubuntu/yocto/rpi-build/tmp/work/x86_64-linux/bison-native/3.8.2-r0/recipe-sysroot-native/usr/include -L/home/ubuntu/yocto/rpi-build/tmp/work/x86_64-linux/bison-native/3.8.2-r0/recipe-sysroot-native/usr/lib                         -L/home/ubuntu/yocto/rpi-build/tmp/work/x86_64-linux/bison-native/3.8.2-r0/recipe-sysroot-native/lib                         -Wl,--enable-new-dtags                         -Wl,-rpath-link,/home/ubuntu/yocto/rpi-build/tmp/work/x86_64-linux/bison-native/3.8.2-r0/recipe-sysroot-native/usr/lib                         -Wl,-rpath-link,/home/ubuntu/yocto/rpi-build/tmp/work/x86_64-linux/bison-native/3.8.2-r0/recipe-sysroot-native/lib                         -Wl,-rpath,/home/ubuntu/yocto/rpi-build/tmp/work/x86_64-linux/bison-native/3.8.2-r0/recipe-sysroot-native/usr/lib                         -Wl,-rpath,/home/ubuntu/yocto/rpi-build/tmp/work/x86_64-linux/bison-native/3.8.2-r0/recipe-sysroot-native/lib                         -Wl,-O1 -Wl,--allow-shlib-undefined -Wl,--dynamic-linker=/home/ubuntu/yocto/rpi-build/tmp/sysroots-uninative/x86_64-linux/lib/ld-linux-x86-64.so.2 conftest.c  >&5
configure:48389: $? = 0
configure:48389: result: yes
configure:48400: checking for unsetenv() return type
configure:48426: gcc  -c -isystem/home/ubuntu/yocto/rpi-build/tmp/work/x86_64-linux/bison-native/3.8.2-r0/recipe-sysroot-native/usr/include -O2 -pipe -isystem/home/ubuntu/yocto/rpi-build/tmp/work/x86_64-linux/bison-native/3.8.2-r0/recipe-sysroot-native/usr/include conftest.c >&5
configure:48426: $? = 0
configure:48434: result: int
configure:48443: checking whether unsetenv obeys POSIX
configure:48493: gcc  -o conftest -isystem/home/ubuntu/yocto/rpi-build/tmp/work/x86_64-linux/bison-native/3.8.2-r0/recipe-sysroot-native/usr/include -O2 -pipe -isystem/home/ubuntu/yocto/rpi-build/tmp/work/x86_64-linux/bison-native/3.8.2-r0/recipe-sysroot-native/usr/include -L/home/ubuntu/yocto/rpi-build/tmp/work/x86_64-linux/bison-native/3.8.2-r0/recipe-sysroot-native/usr/lib                         -L/home/ubuntu/yocto/rpi-build/tmp/work/x86_64-linux/bison-native/3.8.2-r0/recipe-sysroot-native/lib                         -Wl,--enable-new-dtags                         -Wl,-rpath-link,/home/ubuntu/yocto/rpi-build/tmp/work/x86_64-linux/bison-native/3.8.2-r0/recipe-sysroot-native/usr/lib                         -Wl,-rpath-link,/home/ubuntu/yocto/rpi-build/tmp/work/x86_64-linux/bison-native/3.8.2-r0/recipe-sysroot-native/lib                         -Wl,-rpath,/home/ubuntu/yocto/rpi-build/tmp/work/x86_64-linux/bison-native/3.8.2-r0/recipe-sysroot-native/usr/lib                         -Wl,-rpath,/home/ubuntu/yocto/rpi-build/tmp/work/x86_64-linux/bison-native/3.8.2-r0/recipe-sysroot-native/lib                         -Wl,-O1 -Wl,--allow-shlib-undefined -Wl,--dynamic-linker=/home/ubuntu/yocto/rpi-build/tmp/sysroots-uninative/x86_64-linux/lib/ld-linux-x86-64.so.2 conftest.c  >&5
configure:48493: $? = 0
configure:48493: ./conftest
configure:48493: $? = 0
configure:48505: result: yes
configure:48610: checking for ptrdiff_t
configure:48610: result: yes
configure:48630: checking for vasprintf
configure:48630: gcc  -o conftest -isystem/home/ubuntu/yocto/rpi-build/tmp/work/x86_64-linux/bison-native/3.8.2-r0/recipe-sysroot-native/usr/include -O2 -pipe -isystem/home/ubuntu/yocto/rpi-build/tmp/work/x86_64-linux/bison-native/3.8.2-r0/recipe-sysroot-native/usr/include -L/home/ubuntu/yocto/rpi-build/tmp/work/x86_64-linux/bison-native/3.8.2-r0/recipe-sysroot-native/usr/lib                         -L/home/ubuntu/yocto/rpi-build/tmp/work/x86_64-linux/bison-native/3.8.2-r0/recipe-sysroot-native/lib                         -Wl,--enable-new-dtags                         -Wl,-rpath-link,/home/ubuntu/yocto/rpi-build/tmp/work/x86_64-linux/bison-native/3.8.2-r0/recipe-sysroot-native/usr/lib                         -Wl,-rpath-link,/home/ubuntu/yocto/rpi-build/tmp/work/x86_64-linux/bison-native/3.8.2-r0/recipe-sysroot-native/lib                         -Wl,-rpath,/home/ubuntu/yocto/rpi-build/tmp/work/x86_64-linux/bison-native/3.8.2-r0/recipe-sysroot-native/usr/lib                         -Wl,-rpath,/home/ubuntu/yocto/rpi-build/tmp/work/x86_64-linux/bison-native/3.8.2-r0/recipe-sysroot-native/lib                         -Wl,-O1 -Wl,--allow-shlib-undefined -Wl,--dynamic-linker=/home/ubuntu/yocto/rpi-build/tmp/sysroots-uninative/x86_64-linux/lib/ld-linux-x86-64.so.2 conftest.c  >&5
configure:48630: $? = 0
configure:48630: result: yes
configure:48718: checking for vasprintf
configure:48718: result: yes
configure:48988: checking for ptrdiff_t
configure:48988: result: yes
configure:49045: checking for vsnprintf
configure:49045: gcc  -o conftest -isystem/home/ubuntu/yocto/rpi-build/tmp/work/x86_64-linux/bison-native/3.8.2-r0/recipe-sysroot-native/usr/include -O2 -pipe -isystem/home/ubuntu/yocto/rpi-build/tmp/work/x86_64-linux/bison-native/3.8.2-r0/recipe-sysroot-native/usr/include -L/home/ubuntu/yocto/rpi-build/tmp/work/x86_64-linux/bison-native/3.8.2-r0/recipe-sysroot-native/usr/lib                         -L/home/ubuntu/yocto/rpi-build/tmp/work/x86_64-linux/bison-native/3.8.2-r0/recipe-sysroot-native/lib                         -Wl,--enable-new-dtags                         -Wl,-rpath-link,/home/ubuntu/yocto/rpi-build/tmp/work/x86_64-linux/bison-native/3.8.2-r0/recipe-sysroot-native/usr/lib                         -Wl,-rpath-link,/home/ubuntu/yocto/rpi-build/tmp/work/x86_64-linux/bison-native/3.8.2-r0/recipe-sysroot-native/lib                         -Wl,-rpath,/home/ubuntu/yocto/rpi-build/tmp/work/x86_64-linux/bison-native/3.8.2-r0/recipe-sysroot-native/usr/lib                         -Wl,-rpath,/home/ubuntu/yocto/rpi-build/tmp/work/x86_64-linux/bison-native/3.8.2-r0/recipe-sysroot-native/lib                         -Wl,-O1 -Wl,--allow-shlib-undefined -Wl,--dynamic-linker=/home/ubuntu/yocto/rpi-build/tmp/sysroots-uninative/x86_64-linux/lib/ld-linux-x86-64.so.2 conftest.c  >&5
conftest.c:392:6: warning: conflicting types for built-in function 'vsnprintf'; expected 'int(char *, long unsigned int,  const char *, __va_list_tag *)' [-Wbuiltin-declaration-mismatch]
  392 | char vsnprintf (void);
      |      ^~~~~~~~~
conftest.c:384:1: note: 'vsnprintf' is declared in header '<stdio.h>'
  383 | #include <limits.h>
  384 | #undef vsnprintf
configure:49045: $? = 0
configure:49045: result: yes
configure:49056: checking whether snprintf respects a size of 1
configure:49111: result: yes
configure:49121: checking whether printf supports POSIX/XSI format strings with positions
configure:49170: result: yes
configure:49247: checking for vsnprintf
configure:49247: result: yes
configure:49260: checking whether snprintf fully supports the 'n' directive
configure:49369: result: no
configure:49375: checking whether snprintf respects a size of 1
configure:49430: result: yes
configure:49435: checking whether vsnprintf respects a zero size as in C99
configure:49516: result: yes
configure:49801: checking for ptrdiff_t
configure:49801: result: yes
configure:50119: checking for ptrdiff_t
configure:50119: result: yes
configure:50174: checking for waitid
configure:50174: gcc  -o conftest -isystem/home/ubuntu/yocto/rpi-build/tmp/work/x86_64-linux/bison-native/3.8.2-r0/recipe-sysroot-native/usr/include -O2 -pipe -isystem/home/ubuntu/yocto/rpi-build/tmp/work/x86_64-linux/bison-native/3.8.2-r0/recipe-sysroot-native/usr/include -L/home/ubuntu/yocto/rpi-build/tmp/work/x86_64-linux/bison-native/3.8.2-r0/recipe-sysroot-native/usr/lib                         -L/home/ubuntu/yocto/rpi-build/tmp/work/x86_64-linux/bison-native/3.8.2-r0/recipe-sysroot-native/lib                         -Wl,--enable-new-dtags                         -Wl,-rpath-link,/home/ubuntu/yocto/rpi-build/tmp/work/x86_64-linux/bison-native/3.8.2-r0/recipe-sysroot-native/usr/lib                         -Wl,-rpath-link,/home/ubuntu/yocto/rpi-build/tmp/work/x86_64-linux/bison-native/3.8.2-r0/recipe-sysroot-native/lib                         -Wl,-rpath,/home/ubuntu/yocto/rpi-build/tmp/work/x86_64-linux/bison-native/3.8.2-r0/recipe-sysroot-native/usr/lib                         -Wl,-rpath,/home/ubuntu/yocto/rpi-build/tmp/work/x86_64-linux/bison-native/3.8.2-r0/recipe-sysroot-native/lib                         -Wl,-O1 -Wl,--allow-shlib-undefined -Wl,--dynamic-linker=/home/ubuntu/yocto/rpi-build/tmp/sysroots-uninative/x86_64-linux/lib/ld-linux-x86-64.so.2 conftest.c  >&5
configure:50174: $? = 0
configure:50174: result: yes
configure:50243: checking whether wcwidth is declared
configure:50243: gcc  -c -isystem/home/ubuntu/yocto/rpi-build/tmp/work/x86_64-linux/bison-native/3.8.2-r0/recipe-sysroot-native/usr/include -O2 -pipe  -isystem/home/ubuntu/yocto/rpi-build/tmp/work/x86_64-linux/bison-native/3.8.2-r0/recipe-sysroot-native/usr/include conftest.c >&5
configure:50243: $? = 0
configure:50243: result: yes
configure:50291: checking whether wcwidth works reasonably in UTF-8 locales
configure:50343: gcc  -o conftest -isystem/home/ubuntu/yocto/rpi-build/tmp/work/x86_64-linux/bison-native/3.8.2-r0/recipe-sysroot-native/usr/include -O2 -pipe -isystem/home/ubuntu/yocto/rpi-build/tmp/work/x86_64-linux/bison-native/3.8.2-r0/recipe-sysroot-native/usr/include -L/home/ubuntu/yocto/rpi-build/tmp/work/x86_64-linux/bison-native/3.8.2-r0/recipe-sysroot-native/usr/lib                         -L/home/ubuntu/yocto/rpi-build/tmp/work/x86_64-linux/bison-native/3.8.2-r0/recipe-sysroot-native/lib                         -Wl,--enable-new-dtags                         -Wl,-rpath-link,/home/ubuntu/yocto/rpi-build/tmp/work/x86_64-linux/bison-native/3.8.2-r0/recipe-sysroot-native/usr/lib                         -Wl,-rpath-link,/home/ubuntu/yocto/rpi-build/tmp/work/x86_64-linux/bison-native/3.8.2-r0/recipe-sysroot-native/lib                         -Wl,-rpath,/home/ubuntu/yocto/rpi-build/tmp/work/x86_64-linux/bison-native/3.8.2-r0/recipe-sysroot-native/usr/lib                         -Wl,-rpath,/home/ubuntu/yocto/rpi-build/tmp/work/x86_64-linux/bison-native/3.8.2-r0/recipe-sysroot-native/lib                         -Wl,-O1 -Wl,--allow-shlib-undefined -Wl,--dynamic-linker=/home/ubuntu/yocto/rpi-build/tmp/sysroots-uninative/x86_64-linux/lib/ld-linux-x86-64.so.2 conftest.c  >&5
configure:50343: $? = 0
configure:50343: ./conftest
configure:50343: $? = 0
configure:50355: result: yes
configure:50416: checking whether use of TIOCGWINSZ requires sys/ioctl.h
configure:50444: result: yes
configure:50453: checking whether use of TIOCGWINSZ requires termios.h
configure:50481: result: no
configure:50486: checking whether use of struct winsize requires sys/ptem.h
configure:50506: gcc  -c -isystem/home/ubuntu/yocto/rpi-build/tmp/work/x86_64-linux/bison-native/3.8.2-r0/recipe-sysroot-native/usr/include -O2 -pipe -isystem/home/ubuntu/yocto/rpi-build/tmp/work/x86_64-linux/bison-native/3.8.2-r0/recipe-sysroot-native/usr/include conftest.c >&5
conftest.c: In function 'main':
conftest.c:389:16: error: storage size of 'x' isn't known
  389 | struct winsize x;
      |                ^
configure:50506: $? = 1
configure: failed program was:
| /* confdefs.h */
| #define PACKAGE_NAME "GNU Bison"
| #define PACKAGE_TARNAME "bison"
| #define PACKAGE_VERSION "3.8.2"
| #define PACKAGE_STRING "GNU Bison 3.8.2"
| #define PACKAGE_BUGREPORT "bug-bison@gnu.org"
| #define PACKAGE_URL "https://www.gnu.org/software/bison/"
| #define PACKAGE_COPYRIGHT_YEAR 2021
| #define PACKAGE "bison"
| #define VERSION "3.8.2"
| #define HAVE_STDIO_H 1
| #define HAVE_STDLIB_H 1
| #define HAVE_STRING_H 1
| #define HAVE_INTTYPES_H 1
| #define HAVE_STDINT_H 1
| #define HAVE_STRINGS_H 1
| #define HAVE_SYS_STAT_H 1
| #define HAVE_SYS_TYPES_H 1
| #define HAVE_UNISTD_H 1
| #define HAVE_WCHAR_H 1
| #define HAVE_LOCALE_H 1
| #define HAVE_SYS_PARAM_H 1
| #define HAVE_SYS_SOCKET_H 1
| #define HAVE_STDIO_EXT_H 1
| #define HAVE_FEATURES_H 1
| #define HAVE_GETOPT_H 1
| #define HAVE_SYS_CDEFS_H 1
| #define HAVE_SYS_TIME_H 1
| #define HAVE_ICONV_H 1
| #define HAVE_LIMITS_H 1
| #define HAVE_WCTYPE_H 1
| #define HAVE_THREADS_H 1
| #define HAVE_MATH_H 1
| #define HAVE_SYS_MMAN_H 1
| #define HAVE_SPAWN_H 1
| #define HAVE_SYS_IOCTL_H 1
| #define HAVE_SYS_RESOURCE_H 1
| #define HAVE_SYS_TIMES_H 1
| #define HAVE_SYS_WAIT_H 1
| #define HAVE_TERMIOS_H 1
| #define HAVE_DIRENT_H 1
| #define STDC_HEADERS 1
| #define _ALL_SOURCE 1
| #define _DARWIN_C_SOURCE 1
| #define _GNU_SOURCE 1
| #define _HPUX_ALT_XOPEN_SOCKET_API 1
| #define _NETBSD_SOURCE 1
| #define _OPENBSD_SOURCE 1
| #define _POSIX_PTHREAD_SEMANTICS 1
| #define __STDC_WANT_IEC_60559_ATTRIBS_EXT__ 1
| #define __STDC_WANT_IEC_60559_BFP_EXT__ 1
| #define __STDC_WANT_IEC_60559_DFP_EXT__ 1
| #define __STDC_WANT_IEC_60559_FUNCS_EXT__ 1
| #define __STDC_WANT_IEC_60559_TYPES_EXT__ 1
| #define __STDC_WANT_LIB_EXT2__ 1
| #define __STDC_WANT_MATH_SPEC_FUNCS__ 1
| #define _TANDEM_SOURCE 1
| #define __EXTENSIONS__ 1
| #define HAVE_TCDRAIN 1
| #define HAVE_CANONICALIZE_FILE_NAME 1
| #define HAVE_FACCESSAT 1
| #define HAVE_REALPATH 1
| #define HAVE_LSTAT 1
| #define HAVE_READLINKAT 1
| #define HAVE_FCHDIR 1
| #define HAVE_FCNTL 1
| #define HAVE_SYMLINK 1
| #define HAVE_FFSL 1
| #define HAVE_SNPRINTF 1
| #define HAVE_FSYNC 1
| #define HAVE_GETRUSAGE 1
| #define HAVE_GETTIMEOFDAY 1
| #define HAVE_ISWCNTRL 1
| #define HAVE_ISWBLANK 1
| #define HAVE_MBSINIT 1
| #define HAVE_MBRTOWC 1
| #define HAVE_ISASCII 1
| #define HAVE_MPROTECT 1
| #define HAVE_OBSTACK_PRINTF 1
| #define HAVE_STRERROR_R 1
| #define HAVE___XPG_STRERROR_R 1
| #define HAVE_PIPE 1
| #define HAVE_PIPE2 1
| #define HAVE_POSIX_SPAWN_FILE_ACTIONS_ADDCHDIR_NP 1
| #define HAVE_READLINK 1
| #define HAVE_SETENV 1
| #define HAVE_LINK 1
| #define HAVE_SIGACTION 1
| #define HAVE_SIGALTSTACK 1
| #define HAVE_SIGINTERRUPT 1
| #define HAVE_STPNCPY 1
| #define HAVE_STRNDUP 1
| #define HAVE_WCWIDTH 1
| #define HAVE_FDOPENDIR 1
| #define HAVE_MEMPCPY 1
| #define HAVE_FSTATAT 1
| #define HAVE_GETDELIM 1
| #define HAVE_GETDTABLESIZE 1
| #define HAVE_OPENAT 1
| #define HAVE_CATGETS 1
| #define HAVE_SETLOCALE 1
| #define YYTEXT_POINTER 1
| #define M4 "m4"
| #define M4_GNU_OPTION "--gnu"
| #define HAVE_ALLOCA_H 1
| #define HAVE_ALLOCA 1
| #define HAVE_MALLOC_POSIX 1
| #define LSTAT_FOLLOWS_SLASHED_SYMLINK 1
| #define FUNC_REALPATH_WORKS 1
| #define HAVE_GETCWD 1
| #define restrict __restrict__
| #define HAVE_ENVIRON_DECL 1
| #define HAVE_DECL_STRERROR_R 1
| #define HAVE_STRERROR_R 1
| #define STRERROR_R_CHAR_P 1
| #define HAVE_SIG_ATOMIC_T 1
| #define HAVE_WORKING_O_NOATIME 1
| #define HAVE_WORKING_O_NOFOLLOW 1
| #define HAVE_STDINT_H_WITH_UINTMAX 1
| #define HAVE_INTTYPES_H_WITH_UINTMAX 1
| #define CHECK_PRINTF_SAFE 1
| #define HAVE_WCHAR_T 1
| #define HAVE_WINT_T 1
| #define HAVE_INTMAX_T 1
| #define DBL_EXPBIT0_WORD 1
| #define DBL_EXPBIT0_BIT 20
| #define HAVE_SNPRINTF 1
| #define HAVE_STRNLEN 1
| #define HAVE_WCSLEN 1
| #define HAVE_WCSNLEN 1
| #define HAVE_MBRTOWC 1
| #define HAVE_WCRTOMB 1
| #define HAVE_DECL__SNPRINTF 0
| #define HAVE_SNPRINTF_RETVAL_C99 1
| #define HAVE_SNPRINTF_TRUNCATION_C99 1
| #define HAVE_DECL_ALARM 1
| #define HAVE_DECL_GETCWD 1
| #define D_INO_IN_DIRENT 1
| #define HAVE_GETOPT_H 1
| #define HAVE_GETOPT_LONG_ONLY 1
| #define HAVE_ICONV 1
| #define ICONV_CONST 
| #define HAVE_LONG_LONG_INT 1
| #define HAVE_UNSIGNED_LONG_LONG_INT 1
| #define FLT_EXPBIT0_WORD 0
| #define FLT_EXPBIT0_BIT 23
| #define HAVE_TOWLOWER 1
| #define HAVE_LANGINFO_CODESET 1
| #define HAVE_WEAK_SYMBOLS 1
| #define HAVE_PTHREAD_API 1
| #define USE_POSIX_THREADS 1
| #define USE_POSIX_THREADS_FROM_LIBC 1
| #define HAVE_MBSTATE_T 1
| #define HAVE_MAP_ANONYMOUS 1
| #define HAVE_MINMAX_IN_SYS_PARAM_H 1
| #define HAVE_DECL_OBSTACK_PRINTF 1
| #define PROMOTED_MODE_T mode_t
| #define HAVE_POSIX_SPAWN 1
| #define HAVE_DECL_POSIX_SPAWN 1
| #define REPLACE_VFPRINTF_POSIX 1
| #define USER_LABEL_PREFIX 
| #define HAVE_SIGSET_T 1
| #define INSTALLPREFIX "/home/ubuntu/yocto/rpi-build/tmp/work/x86_64-linux/bison-native/3.8.2-r0/recipe-sysroot-native/usr"
| #define MALLOC_0_IS_NONNULL 1
| #define HAVE_DECL_SETENV 1
| #define HAVE_SCHED_H 1
| #define HAVE_DECL_SNPRINTF 1
| #define HAVE_POSIX_SPAWNATTR_T 1
| #define HAVE_POSIX_SPAWN_FILE_ACTIONS_T 1
| #define HAVE__BOOL 1
| #define HAVE_DECL_FCLOSEALL 1
| #define __USE_MINGW_ANSI_STDIO 1
| #define HAVE_DECL_ECVT 1
| #define HAVE_DECL_FCVT 1
| #define HAVE_DECL_GCVT 1
| #define HAVE_DECL_STPNCPY 1
| #define HAVE_DECL_STRDUP 1
| #define HAVE_DECL_STRNDUP 1
| #define HAVE_STRUCT_TMS 1
| #define _USE_STD_STAT 1
| #define HAVE_DECL_EXECVPE 1
| #define HAVE_DECL_CLEARERR_UNLOCKED 1
| #define HAVE_DECL_FEOF_UNLOCKED 1
| #define HAVE_DECL_FERROR_UNLOCKED 1
| #define HAVE_DECL_FFLUSH_UNLOCKED 1
| #define HAVE_DECL_FGETS_UNLOCKED 1
| #define HAVE_DECL_FPUTC_UNLOCKED 1
| #define HAVE_DECL_FPUTS_UNLOCKED 1
| #define HAVE_DECL_FREAD_UNLOCKED 1
| #define HAVE_DECL_FWRITE_UNLOCKED 1
| #define HAVE_DECL_GETC_UNLOCKED 1
| #define HAVE_DECL_GETCHAR_UNLOCKED 1
| #define HAVE_DECL_PUTC_UNLOCKED 1
| #define HAVE_DECL_PUTCHAR_UNLOCKED 1
| #define HAVE_DECL_UNSETENV 1
| #define HAVE_DECL_VSNPRINTF 1
| #define HAVE_DECL_WCSDUP 1
| #define HAVE_DECL_FCHDIR 1
| #define HAVE_DECL_GETDELIM 1
| #define HAVE_DECL_GETDTABLESIZE 1
| #define HAVE_DECL_GETLINE 1
| #define SETLOCALE_NULL_ALL_MTSAFE 1
| #define SETLOCALE_NULL_ONE_MTSAFE 1
| #define HAVE_DECL_MEMRCHR 1
| #define HAVE_DECL_STRNLEN 1
| #define GNULIB_TEST_ACCESS 1
| #define HAVE_ALLOCA 1
| #define HAVE___BUILTIN_EXPECT 1
| #define GNULIB_TEST_CALLOC_POSIX 1
| #define GNULIB_CANONICALIZE 1
| #define GNULIB_TEST_CANONICALIZE 1
| #define GNULIB_TEST_CANONICALIZE_FILE_NAME 1
| #define GNULIB_CANONICALIZE_LGPL 1
| #define GNULIB_TEST_CANONICALIZE_FILE_NAME 1
| #define GNULIB_TEST_REALPATH 1
| #define HAVE_CLOCK_GETTIME 1
| #define HAVE_CLOCK_SETTIME 1
| #define GNULIB_TEST_CLOEXEC 1
| #define GNULIB_TEST_CLOSE 1
| #define GNULIB_CLOSE_STREAM 1
| #define GNULIB_DIRNAME 1
| #define GNULIB_TEST_DUP2 1
| #define GNULIB_TEST_ENVIRON 1
| #define GNULIB_TEST_FCNTL 1
| #define GNULIB_FD_SAFER_FLAG 1
| #define GNULIB_TEST_FFSL 1
| #define GNULIB_TEST_FOPEN 1
| #define GNULIB_FOPEN_GNU 1
| #define GNULIB_FOPEN_SAFER 1
| #define HAVE_DECL___FPENDING 1
| #define REPLACE_FPRINTF_POSIX 1
| #define GNULIB_TEST_FPRINTF_POSIX 1
| #define HAVE_FREE_POSIX 1
| #define GNULIB_TEST_FREE_POSIX 1
| #define HAVE_FREXP_IN_LIBC 1
| #define GNULIB_TEST_FREXP 1
| #define HAVE_FREXPL_IN_LIBC 1
| #define GNULIB_TEST_FREXPL 1
| #define GNULIB_TEST_FSYNC 1
| #define HAVE_GETPAGESIZE 1
| #define HAVE_MINIMALLY_WORKING_GETCWD 1
| #define GNULIB_GETCWD 1
| #define GNULIB_TEST_GETCWD 1
| #define HAVE_DECL_GETHRTIME 0
| #define GNULIB_TEST_GETOPT_POSIX 1
| #define HAVE_DECL_PROGRAM_INVOCATION_NAME 1
| #define HAVE_DECL_PROGRAM_INVOCATION_SHORT_NAME 1
| #define HAVE_DECL___ARGV 0
| #define GNULIB_TEST_GETRUSAGE 1
| #define GETTIMEOFDAY_TIMEZONE void
| #define GNULIB_TEST_GETTIMEOFDAY 1
| #define HAVE_INLINE 1
| #define GNULIB_TEST_ISNAN 1
| #define GNULIB_TEST_ISNAND 1
| #define HAVE_ISNAND_IN_LIBC 1
| #define GNULIB_TEST_ISNANF 1
| #define GNULIB_TEST_ISNANL 1
| #define HAVE_ISNANL_IN_LIBC 1
| #define HAVE_DECL_ISWBLANK 1
| #define GNULIB_TEST_ISWBLANK 1
| #define GNULIB_TEST_ISWDIGIT 1
| #define GNULIB_TEST_ISWXDIGIT 1
| #define HAVE_LDEXPL 1
| #define GNULIB_TEST_LDEXPL 1
| #define HAVE___INLINE 1
| #define HAVE_PTHREAD_RWLOCK 1
| #define HAVE_PTHREAD_MUTEX_RECURSIVE 1
| #define GNULIB_LOCK 1
| #define GNULIB_TEST_MALLOC_POSIX 1
| #define MBRTOWC_IN_C_LOCALE_MAYBE_EILSEQ 1
| #define GNULIB_TEST_MBRTOWC 1
| #define GNULIB_TEST_MBSINIT 1
| #define HAVE_DECL_MBSWIDTH_IN_WCHAR_H 0
| #define HAVE_MBSTATE_T 1
| #define GNULIB_TEST_MEMCHR 1
| #define HAVE_MEMPCPY 1
| #define GNULIB_TEST_MEMPCPY 1
| #define GNULIB_MSVC_NOTHROW 1
| #define GNULIB_TEST_OBSTACK_PRINTF 1
| #define GNULIB_TEST_OPEN 1
| #define GNULIB_TEST_PERROR 1
| #define GNULIB_TEST_PIPE 1
| #define GNULIB_TEST_PIPE2 1
| #define GNULIB_PIPE2_SAFER 1
| #define GNULIB_TEST_POSIX_SPAWN 1
| #define GNULIB_TEST_POSIX_SPAWN_FILE_ACTIONS_ADDCHDIR 1
| #define GNULIB_TEST_POSIX_SPAWN_FILE_ACTIONS_ADDCLOSE 1
| #define GNULIB_TEST_POSIX_SPAWN_FILE_ACTIONS_ADDDUP2 1
| #define GNULIB_TEST_POSIX_SPAWN_FILE_ACTIONS_ADDOPEN 1
| #define GNULIB_TEST_POSIX_SPAWN_FILE_ACTIONS_DESTROY 1
| #define GNULIB_TEST_POSIX_SPAWN_FILE_ACTIONS_INIT 1
| #define GNULIB_TEST_POSIX_SPAWNATTR_DESTROY 1
| #define GNULIB_TEST_POSIX_SPAWNATTR_INIT 1
| #define GNULIB_TEST_POSIX_SPAWNATTR_SETFLAGS 1
| #define GNULIB_TEST_POSIX_SPAWNATTR_SETPGROUP 1
| #define GNULIB_TEST_POSIX_SPAWNATTR_SETSIGMASK 1
| #define GNULIB_TEST_POSIX_SPAWNP 1
| #define HAVE_FREXP_IN_LIBC 1
| #define HAVE_LDEXP_IN_LIBC 1
| #define HAVE_FREXPL_IN_LIBC 1
| #define HAVE_LDEXPL_IN_LIBC 1
| #define REPLACE_PRINTF_POSIX 1
| #define GNULIB_TEST_PRINTF_POSIX 1
| #define HAVE_DECL_PROGRAM_INVOCATION_NAME 1
| #define HAVE_DECL_PROGRAM_INVOCATION_SHORT_NAME 1
| #define HAVE_RAISE 1
| #define GNULIB_TEST_RAISE 1
| #define HAVE_RAWMEMCHR 1
| #define GNULIB_TEST_RAWMEMCHR 1
| #define GNULIB_TEST_READLINK 1
| #define GNULIB_TEST_REALLOC_POSIX 1
| #define HAVE_REALLOCARRAY 1
| #define GNULIB_REALLOCARRAY 1
| #define GNULIB_TEST_REALLOCARRAY 1
| #define HAVE_GETCWD 1
| #define HAVE_MALLOC_POSIX 1
| #define HAVE_FREE_POSIX 1
| #define HAVE_MEMPCPY 1
| #define HAVE_RAWMEMCHR 1
| #define HAVE_SEARCH_H 1
| #define HAVE_TSEARCH 1
| #define GNULIB_TEST_RENAME 1
| #define HAVE_STRUCT_SIGACTION_SA_SIGACTION 1
| #define GNULIB_TEST_SIGACTION 1
| #define GNULIB_TEST_SIGNBIT 1
| #define GNULIB_TEST_SIGPROCMASK 1
| #define HAVE_STDINT_H 1
| #define HAVE_SNPRINTF 1
| #define GNULIB_TEST_SNPRINTF 1
| #define GNULIB_SNPRINTF 1
| #define HAVE_SNPRINTF 1
| #define GNULIB_TEST_SPRINTF_POSIX 1
| #define GNULIB_TEST_STAT 1
| #define GNULIB_TEST_FSCANF 1
| #define GNULIB_FSCANF 1
| #define GNULIB_TEST_SCANF 1
| #define GNULIB_SCANF 1
| #define GNULIB_TEST_FGETC 1
| #define GNULIB_TEST_GETC 1
| #define GNULIB_TEST_GETCHAR 1
| #define GNULIB_TEST_FGETS 1
| #define GNULIB_TEST_FREAD 1
| #define GNULIB_TEST_FPRINTF 1
| #define GNULIB_TEST_PRINTF 1
| #define GNULIB_TEST_VFPRINTF 1
| #define GNULIB_TEST_VPRINTF 1
| #define GNULIB_TEST_FPUTC 1
| #define GNULIB_TEST_PUTC 1
| #define GNULIB_TEST_PUTCHAR 1
| #define GNULIB_TEST_FPUTS 1
| #define GNULIB_TEST_PUTS 1
| #define GNULIB_TEST_FWRITE 1
| #define HAVE_STPCPY 1
| #define GNULIB_TEST_STPCPY 1
| #define HAVE_STPNCPY 1
| #define GNULIB_TEST_STPNCPY 1
| #define GNULIB_TEST_STRDUP 1
| #define GNULIB_STRERROR 1
| #define GNULIB_TEST_STRERROR 1
| #define GNULIB_TEST_STRNDUP 1
| #define GNULIB_TEST_STRTOD 1
| #define HAVE_STRVERSCMP 1
| #define GNULIB_TEST_STRVERSCMP 1
| #define HAVE_SYS_SINGLE_THREADED_H 1
| #define GNULIB_UNISTR_U8_MBTOUCR 1
| #define GNULIB_UNISTR_U8_UCTOMB 1
| #define GNULIB_TEST_UNLINK 1
| #define GNULIB_STDIO_SINGLE_THREAD 1
| #define USE_UNLOCKED_IO GNULIB_STDIO_SINGLE_THREAD
| #define HAVE_UNSETENV 1
| #define GNULIB_TEST_UNSETENV 1
| #define HAVE_VASPRINTF 1
| #define GNULIB_TEST_VASPRINTF 1
| #define HAVE_VASPRINTF 1
| #define HAVE_VSNPRINTF 1
| #define GNULIB_TEST_VSNPRINTF 1
| #define HAVE_VSNPRINTF 1
| #define GNULIB_TEST_VSPRINTF_POSIX 1
| #define HAVE_WAITID 1
| #define GNULIB_TEST_WAITPID 1
| #define HAVE_DECL_WCWIDTH 1
| #define GNULIB_TEST_WCWIDTH 1
| #define GWINSZ_IN_SYS_IOCTL 1
| /* end confdefs.h.  */
| #include <termios.h>
| int
| main (void)
| {
| struct winsize x;
|             if (sizeof x > 0) return 0;
|   ;
|   return 0;
| }
configure:50525: gcc  -c -isystem/home/ubuntu/yocto/rpi-build/tmp/work/x86_64-linux/bison-native/3.8.2-r0/recipe-sysroot-native/usr/include -O2 -pipe -isystem/home/ubuntu/yocto/rpi-build/tmp/work/x86_64-linux/bison-native/3.8.2-r0/recipe-sysroot-native/usr/include conftest.c >&5
conftest.c:385:10: fatal error: sys/ptem.h: No such file or directory
  385 | #include <sys/ptem.h>
      |          ^~~~~~~~~~~~
compilation terminated.
configure:50525: $? = 1
configure: failed program was:
| /* confdefs.h */
| #define PACKAGE_NAME "GNU Bison"
| #define PACKAGE_TARNAME "bison"
| #define PACKAGE_VERSION "3.8.2"
| #define PACKAGE_STRING "GNU Bison 3.8.2"
| #define PACKAGE_BUGREPORT "bug-bison@gnu.org"
| #define PACKAGE_URL "https://www.gnu.org/software/bison/"
| #define PACKAGE_COPYRIGHT_YEAR 2021
| #define PACKAGE "bison"
| #define VERSION "3.8.2"
| #define HAVE_STDIO_H 1
| #define HAVE_STDLIB_H 1
| #define HAVE_STRING_H 1
| #define HAVE_INTTYPES_H 1
| #define HAVE_STDINT_H 1
| #define HAVE_STRINGS_H 1
| #define HAVE_SYS_STAT_H 1
| #define HAVE_SYS_TYPES_H 1
| #define HAVE_UNISTD_H 1
| #define HAVE_WCHAR_H 1
| #define HAVE_LOCALE_H 1
| #define HAVE_SYS_PARAM_H 1
| #define HAVE_SYS_SOCKET_H 1
| #define HAVE_STDIO_EXT_H 1
| #define HAVE_FEATURES_H 1
| #define HAVE_GETOPT_H 1
| #define HAVE_SYS_CDEFS_H 1
| #define HAVE_SYS_TIME_H 1
| #define HAVE_ICONV_H 1
| #define HAVE_LIMITS_H 1
| #define HAVE_WCTYPE_H 1
| #define HAVE_THREADS_H 1
| #define HAVE_MATH_H 1
| #define HAVE_SYS_MMAN_H 1
| #define HAVE_SPAWN_H 1
| #define HAVE_SYS_IOCTL_H 1
| #define HAVE_SYS_RESOURCE_H 1
| #define HAVE_SYS_TIMES_H 1
| #define HAVE_SYS_WAIT_H 1
| #define HAVE_TERMIOS_H 1
| #define HAVE_DIRENT_H 1
| #define STDC_HEADERS 1
| #define _ALL_SOURCE 1
| #define _DARWIN_C_SOURCE 1
| #define _GNU_SOURCE 1
| #define _HPUX_ALT_XOPEN_SOCKET_API 1
| #define _NETBSD_SOURCE 1
| #define _OPENBSD_SOURCE 1
| #define _POSIX_PTHREAD_SEMANTICS 1
| #define __STDC_WANT_IEC_60559_ATTRIBS_EXT__ 1
| #define __STDC_WANT_IEC_60559_BFP_EXT__ 1
| #define __STDC_WANT_IEC_60559_DFP_EXT__ 1
| #define __STDC_WANT_IEC_60559_FUNCS_EXT__ 1
| #define __STDC_WANT_IEC_60559_TYPES_EXT__ 1
| #define __STDC_WANT_LIB_EXT2__ 1
| #define __STDC_WANT_MATH_SPEC_FUNCS__ 1
| #define _TANDEM_SOURCE 1
| #define __EXTENSIONS__ 1
| #define HAVE_TCDRAIN 1
| #define HAVE_CANONICALIZE_FILE_NAME 1
| #define HAVE_FACCESSAT 1
| #define HAVE_REALPATH 1
| #define HAVE_LSTAT 1
| #define HAVE_READLINKAT 1
| #define HAVE_FCHDIR 1
| #define HAVE_FCNTL 1
| #define HAVE_SYMLINK 1
| #define HAVE_FFSL 1
| #define HAVE_SNPRINTF 1
| #define HAVE_FSYNC 1
| #define HAVE_GETRUSAGE 1
| #define HAVE_GETTIMEOFDAY 1
| #define HAVE_ISWCNTRL 1
| #define HAVE_ISWBLANK 1
| #define HAVE_MBSINIT 1
| #define HAVE_MBRTOWC 1
| #define HAVE_ISASCII 1
| #define HAVE_MPROTECT 1
| #define HAVE_OBSTACK_PRINTF 1
| #define HAVE_STRERROR_R 1
| #define HAVE___XPG_STRERROR_R 1
| #define HAVE_PIPE 1
| #define HAVE_PIPE2 1
| #define HAVE_POSIX_SPAWN_FILE_ACTIONS_ADDCHDIR_NP 1
| #define HAVE_READLINK 1
| #define HAVE_SETENV 1
| #define HAVE_LINK 1
| #define HAVE_SIGACTION 1
| #define HAVE_SIGALTSTACK 1
| #define HAVE_SIGINTERRUPT 1
| #define HAVE_STPNCPY 1
| #define HAVE_STRNDUP 1
| #define HAVE_WCWIDTH 1
| #define HAVE_FDOPENDIR 1
| #define HAVE_MEMPCPY 1
| #define HAVE_FSTATAT 1
| #define HAVE_GETDELIM 1
| #define HAVE_GETDTABLESIZE 1
| #define HAVE_OPENAT 1
| #define HAVE_CATGETS 1
| #define HAVE_SETLOCALE 1
| #define YYTEXT_POINTER 1
| #define M4 "m4"
| #define M4_GNU_OPTION "--gnu"
| #define HAVE_ALLOCA_H 1
| #define HAVE_ALLOCA 1
| #define HAVE_MALLOC_POSIX 1
| #define LSTAT_FOLLOWS_SLASHED_SYMLINK 1
| #define FUNC_REALPATH_WORKS 1
| #define HAVE_GETCWD 1
| #define restrict __restrict__
| #define HAVE_ENVIRON_DECL 1
| #define HAVE_DECL_STRERROR_R 1
| #define HAVE_STRERROR_R 1
| #define STRERROR_R_CHAR_P 1
| #define HAVE_SIG_ATOMIC_T 1
| #define HAVE_WORKING_O_NOATIME 1
| #define HAVE_WORKING_O_NOFOLLOW 1
| #define HAVE_STDINT_H_WITH_UINTMAX 1
| #define HAVE_INTTYPES_H_WITH_UINTMAX 1
| #define CHECK_PRINTF_SAFE 1
| #define HAVE_WCHAR_T 1
| #define HAVE_WINT_T 1
| #define HAVE_INTMAX_T 1
| #define DBL_EXPBIT0_WORD 1
| #define DBL_EXPBIT0_BIT 20
| #define HAVE_SNPRINTF 1
| #define HAVE_STRNLEN 1
| #define HAVE_WCSLEN 1
| #define HAVE_WCSNLEN 1
| #define HAVE_MBRTOWC 1
| #define HAVE_WCRTOMB 1
| #define HAVE_DECL__SNPRINTF 0
| #define HAVE_SNPRINTF_RETVAL_C99 1
| #define HAVE_SNPRINTF_TRUNCATION_C99 1
| #define HAVE_DECL_ALARM 1
| #define HAVE_DECL_GETCWD 1
| #define D_INO_IN_DIRENT 1
| #define HAVE_GETOPT_H 1
| #define HAVE_GETOPT_LONG_ONLY 1
| #define HAVE_ICONV 1
| #define ICONV_CONST 
| #define HAVE_LONG_LONG_INT 1
| #define HAVE_UNSIGNED_LONG_LONG_INT 1
| #define FLT_EXPBIT0_WORD 0
| #define FLT_EXPBIT0_BIT 23
| #define HAVE_TOWLOWER 1
| #define HAVE_LANGINFO_CODESET 1
| #define HAVE_WEAK_SYMBOLS 1
| #define HAVE_PTHREAD_API 1
| #define USE_POSIX_THREADS 1
| #define USE_POSIX_THREADS_FROM_LIBC 1
| #define HAVE_MBSTATE_T 1
| #define HAVE_MAP_ANONYMOUS 1
| #define HAVE_MINMAX_IN_SYS_PARAM_H 1
| #define HAVE_DECL_OBSTACK_PRINTF 1
| #define PROMOTED_MODE_T mode_t
| #define HAVE_POSIX_SPAWN 1
| #define HAVE_DECL_POSIX_SPAWN 1
| #define REPLACE_VFPRINTF_POSIX 1
| #define USER_LABEL_PREFIX 
| #define HAVE_SIGSET_T 1
| #define INSTALLPREFIX "/home/ubuntu/yocto/rpi-build/tmp/work/x86_64-linux/bison-native/3.8.2-r0/recipe-sysroot-native/usr"
| #define MALLOC_0_IS_NONNULL 1
| #define HAVE_DECL_SETENV 1
| #define HAVE_SCHED_H 1
| #define HAVE_DECL_SNPRINTF 1
| #define HAVE_POSIX_SPAWNATTR_T 1
| #define HAVE_POSIX_SPAWN_FILE_ACTIONS_T 1
| #define HAVE__BOOL 1
| #define HAVE_DECL_FCLOSEALL 1
| #define __USE_MINGW_ANSI_STDIO 1
| #define HAVE_DECL_ECVT 1
| #define HAVE_DECL_FCVT 1
| #define HAVE_DECL_GCVT 1
| #define HAVE_DECL_STPNCPY 1
| #define HAVE_DECL_STRDUP 1
| #define HAVE_DECL_STRNDUP 1
| #define HAVE_STRUCT_TMS 1
| #define _USE_STD_STAT 1
| #define HAVE_DECL_EXECVPE 1
| #define HAVE_DECL_CLEARERR_UNLOCKED 1
| #define HAVE_DECL_FEOF_UNLOCKED 1
| #define HAVE_DECL_FERROR_UNLOCKED 1
| #define HAVE_DECL_FFLUSH_UNLOCKED 1
| #define HAVE_DECL_FGETS_UNLOCKED 1
| #define HAVE_DECL_FPUTC_UNLOCKED 1
| #define HAVE_DECL_FPUTS_UNLOCKED 1
| #define HAVE_DECL_FREAD_UNLOCKED 1
| #define HAVE_DECL_FWRITE_UNLOCKED 1
| #define HAVE_DECL_GETC_UNLOCKED 1
| #define HAVE_DECL_GETCHAR_UNLOCKED 1
| #define HAVE_DECL_PUTC_UNLOCKED 1
| #define HAVE_DECL_PUTCHAR_UNLOCKED 1
| #define HAVE_DECL_UNSETENV 1
| #define HAVE_DECL_VSNPRINTF 1
| #define HAVE_DECL_WCSDUP 1
| #define HAVE_DECL_FCHDIR 1
| #define HAVE_DECL_GETDELIM 1
| #define HAVE_DECL_GETDTABLESIZE 1
| #define HAVE_DECL_GETLINE 1
| #define SETLOCALE_NULL_ALL_MTSAFE 1
| #define SETLOCALE_NULL_ONE_MTSAFE 1
| #define HAVE_DECL_MEMRCHR 1
| #define HAVE_DECL_STRNLEN 1
| #define GNULIB_TEST_ACCESS 1
| #define HAVE_ALLOCA 1
| #define HAVE___BUILTIN_EXPECT 1
| #define GNULIB_TEST_CALLOC_POSIX 1
| #define GNULIB_CANONICALIZE 1
| #define GNULIB_TEST_CANONICALIZE 1
| #define GNULIB_TEST_CANONICALIZE_FILE_NAME 1
| #define GNULIB_CANONICALIZE_LGPL 1
| #define GNULIB_TEST_CANONICALIZE_FILE_NAME 1
| #define GNULIB_TEST_REALPATH 1
| #define HAVE_CLOCK_GETTIME 1
| #define HAVE_CLOCK_SETTIME 1
| #define GNULIB_TEST_CLOEXEC 1
| #define GNULIB_TEST_CLOSE 1
| #define GNULIB_CLOSE_STREAM 1
| #define GNULIB_DIRNAME 1
| #define GNULIB_TEST_DUP2 1
| #define GNULIB_TEST_ENVIRON 1
| #define GNULIB_TEST_FCNTL 1
| #define GNULIB_FD_SAFER_FLAG 1
| #define GNULIB_TEST_FFSL 1
| #define GNULIB_TEST_FOPEN 1
| #define GNULIB_FOPEN_GNU 1
| #define GNULIB_FOPEN_SAFER 1
| #define HAVE_DECL___FPENDING 1
| #define REPLACE_FPRINTF_POSIX 1
| #define GNULIB_TEST_FPRINTF_POSIX 1
| #define HAVE_FREE_POSIX 1
| #define GNULIB_TEST_FREE_POSIX 1
| #define HAVE_FREXP_IN_LIBC 1
| #define GNULIB_TEST_FREXP 1
| #define HAVE_FREXPL_IN_LIBC 1
| #define GNULIB_TEST_FREXPL 1
| #define GNULIB_TEST_FSYNC 1
| #define HAVE_GETPAGESIZE 1
| #define HAVE_MINIMALLY_WORKING_GETCWD 1
| #define GNULIB_GETCWD 1
| #define GNULIB_TEST_GETCWD 1
| #define HAVE_DECL_GETHRTIME 0
| #define GNULIB_TEST_GETOPT_POSIX 1
| #define HAVE_DECL_PROGRAM_INVOCATION_NAME 1
| #define HAVE_DECL_PROGRAM_INVOCATION_SHORT_NAME 1
| #define HAVE_DECL___ARGV 0
| #define GNULIB_TEST_GETRUSAGE 1
| #define GETTIMEOFDAY_TIMEZONE void
| #define GNULIB_TEST_GETTIMEOFDAY 1
| #define HAVE_INLINE 1
| #define GNULIB_TEST_ISNAN 1
| #define GNULIB_TEST_ISNAND 1
| #define HAVE_ISNAND_IN_LIBC 1
| #define GNULIB_TEST_ISNANF 1
| #define GNULIB_TEST_ISNANL 1
| #define HAVE_ISNANL_IN_LIBC 1
| #define HAVE_DECL_ISWBLANK 1
| #define GNULIB_TEST_ISWBLANK 1
| #define GNULIB_TEST_ISWDIGIT 1
| #define GNULIB_TEST_ISWXDIGIT 1
| #define HAVE_LDEXPL 1
| #define GNULIB_TEST_LDEXPL 1
| #define HAVE___INLINE 1
| #define HAVE_PTHREAD_RWLOCK 1
| #define HAVE_PTHREAD_MUTEX_RECURSIVE 1
| #define GNULIB_LOCK 1
| #define GNULIB_TEST_MALLOC_POSIX 1
| #define MBRTOWC_IN_C_LOCALE_MAYBE_EILSEQ 1
| #define GNULIB_TEST_MBRTOWC 1
| #define GNULIB_TEST_MBSINIT 1
| #define HAVE_DECL_MBSWIDTH_IN_WCHAR_H 0
| #define HAVE_MBSTATE_T 1
| #define GNULIB_TEST_MEMCHR 1
| #define HAVE_MEMPCPY 1
| #define GNULIB_TEST_MEMPCPY 1
| #define GNULIB_MSVC_NOTHROW 1
| #define GNULIB_TEST_OBSTACK_PRINTF 1
| #define GNULIB_TEST_OPEN 1
| #define GNULIB_TEST_PERROR 1
| #define GNULIB_TEST_PIPE 1
| #define GNULIB_TEST_PIPE2 1
| #define GNULIB_PIPE2_SAFER 1
| #define GNULIB_TEST_POSIX_SPAWN 1
| #define GNULIB_TEST_POSIX_SPAWN_FILE_ACTIONS_ADDCHDIR 1
| #define GNULIB_TEST_POSIX_SPAWN_FILE_ACTIONS_ADDCLOSE 1
| #define GNULIB_TEST_POSIX_SPAWN_FILE_ACTIONS_ADDDUP2 1
| #define GNULIB_TEST_POSIX_SPAWN_FILE_ACTIONS_ADDOPEN 1
| #define GNULIB_TEST_POSIX_SPAWN_FILE_ACTIONS_DESTROY 1
| #define GNULIB_TEST_POSIX_SPAWN_FILE_ACTIONS_INIT 1
| #define GNULIB_TEST_POSIX_SPAWNATTR_DESTROY 1
| #define GNULIB_TEST_POSIX_SPAWNATTR_INIT 1
| #define GNULIB_TEST_POSIX_SPAWNATTR_SETFLAGS 1
| #define GNULIB_TEST_POSIX_SPAWNATTR_SETPGROUP 1
| #define GNULIB_TEST_POSIX_SPAWNATTR_SETSIGMASK 1
| #define GNULIB_TEST_POSIX_SPAWNP 1
| #define HAVE_FREXP_IN_LIBC 1
| #define HAVE_LDEXP_IN_LIBC 1
| #define HAVE_FREXPL_IN_LIBC 1
| #define HAVE_LDEXPL_IN_LIBC 1
| #define REPLACE_PRINTF_POSIX 1
| #define GNULIB_TEST_PRINTF_POSIX 1
| #define HAVE_DECL_PROGRAM_INVOCATION_NAME 1
| #define HAVE_DECL_PROGRAM_INVOCATION_SHORT_NAME 1
| #define HAVE_RAISE 1
| #define GNULIB_TEST_RAISE 1
| #define HAVE_RAWMEMCHR 1
| #define GNULIB_TEST_RAWMEMCHR 1
| #define GNULIB_TEST_READLINK 1
| #define GNULIB_TEST_REALLOC_POSIX 1
| #define HAVE_REALLOCARRAY 1
| #define GNULIB_REALLOCARRAY 1
| #define GNULIB_TEST_REALLOCARRAY 1
| #define HAVE_GETCWD 1
| #define HAVE_MALLOC_POSIX 1
| #define HAVE_FREE_POSIX 1
| #define HAVE_MEMPCPY 1
| #define HAVE_RAWMEMCHR 1
| #define HAVE_SEARCH_H 1
| #define HAVE_TSEARCH 1
| #define GNULIB_TEST_RENAME 1
| #define HAVE_STRUCT_SIGACTION_SA_SIGACTION 1
| #define GNULIB_TEST_SIGACTION 1
| #define GNULIB_TEST_SIGNBIT 1
| #define GNULIB_TEST_SIGPROCMASK 1
| #define HAVE_STDINT_H 1
| #define HAVE_SNPRINTF 1
| #define GNULIB_TEST_SNPRINTF 1
| #define GNULIB_SNPRINTF 1
| #define HAVE_SNPRINTF 1
| #define GNULIB_TEST_SPRINTF_POSIX 1
| #define GNULIB_TEST_STAT 1
| #define GNULIB_TEST_FSCANF 1
| #define GNULIB_FSCANF 1
| #define GNULIB_TEST_SCANF 1
| #define GNULIB_SCANF 1
| #define GNULIB_TEST_FGETC 1
| #define GNULIB_TEST_GETC 1
| #define GNULIB_TEST_GETCHAR 1
| #define GNULIB_TEST_FGETS 1
| #define GNULIB_TEST_FREAD 1
| #define GNULIB_TEST_FPRINTF 1
| #define GNULIB_TEST_PRINTF 1
| #define GNULIB_TEST_VFPRINTF 1
| #define GNULIB_TEST_VPRINTF 1
| #define GNULIB_TEST_FPUTC 1
| #define GNULIB_TEST_PUTC 1
| #define GNULIB_TEST_PUTCHAR 1
| #define GNULIB_TEST_FPUTS 1
| #define GNULIB_TEST_PUTS 1
| #define GNULIB_TEST_FWRITE 1
| #define HAVE_STPCPY 1
| #define GNULIB_TEST_STPCPY 1
| #define HAVE_STPNCPY 1
| #define GNULIB_TEST_STPNCPY 1
| #define GNULIB_TEST_STRDUP 1
| #define GNULIB_STRERROR 1
| #define GNULIB_TEST_STRERROR 1
| #define GNULIB_TEST_STRNDUP 1
| #define GNULIB_TEST_STRTOD 1
| #define HAVE_STRVERSCMP 1
| #define GNULIB_TEST_STRVERSCMP 1
| #define HAVE_SYS_SINGLE_THREADED_H 1
| #define GNULIB_UNISTR_U8_MBTOUCR 1
| #define GNULIB_UNISTR_U8_UCTOMB 1
| #define GNULIB_TEST_UNLINK 1
| #define GNULIB_STDIO_SINGLE_THREAD 1
| #define USE_UNLOCKED_IO GNULIB_STDIO_SINGLE_THREAD
| #define HAVE_UNSETENV 1
| #define GNULIB_TEST_UNSETENV 1
| #define HAVE_VASPRINTF 1
| #define GNULIB_TEST_VASPRINTF 1
| #define HAVE_VASPRINTF 1
| #define HAVE_VSNPRINTF 1
| #define GNULIB_TEST_VSNPRINTF 1
| #define HAVE_VSNPRINTF 1
| #define GNULIB_TEST_VSPRINTF_POSIX 1
| #define HAVE_WAITID 1
| #define GNULIB_TEST_WAITPID 1
| #define HAVE_DECL_WCWIDTH 1
| #define GNULIB_TEST_WCWIDTH 1
| #define GWINSZ_IN_SYS_IOCTL 1
| /* end confdefs.h.  */
| #include <sys/ptem.h>
| int
| main (void)
| {
| struct winsize x;
|             if (sizeof x > 0) return 0;
|   ;
|   return 0;
| }
configure:50534: result: no
configure:50555: checking for stdint.h
configure:50555: result: yes
configure:52000: checking whether getdtablesize works
configure:52040: gcc  -o conftest -isystem/home/ubuntu/yocto/rpi-build/tmp/work/x86_64-linux/bison-native/3.8.2-r0/recipe-sysroot-native/usr/include -O2 -pipe -isystem/home/ubuntu/yocto/rpi-build/tmp/work/x86_64-linux/bison-native/3.8.2-r0/recipe-sysroot-native/usr/include -L/home/ubuntu/yocto/rpi-build/tmp/work/x86_64-linux/bison-native/3.8.2-r0/recipe-sysroot-native/usr/lib                         -L/home/ubuntu/yocto/rpi-build/tmp/work/x86_64-linux/bison-native/3.8.2-r0/recipe-sysroot-native/lib                         -Wl,--enable-new-dtags                         -Wl,-rpath-link,/home/ubuntu/yocto/rpi-build/tmp/work/x86_64-linux/bison-native/3.8.2-r0/recipe-sysroot-native/usr/lib                         -Wl,-rpath-link,/home/ubuntu/yocto/rpi-build/tmp/work/x86_64-linux/bison-native/3.8.2-r0/recipe-sysroot-native/lib                         -Wl,-rpath,/home/ubuntu/yocto/rpi-build/tmp/work/x86_64-linux/bison-native/3.8.2-r0/recipe-sysroot-native/usr/lib                         -Wl,-rpath,/home/ubuntu/yocto/rpi-build/tmp/work/x86_64-linux/bison-native/3.8.2-r0/recipe-sysroot-native/lib                         -Wl,-O1 -Wl,--allow-shlib-undefined -Wl,--dynamic-linker=/home/ubuntu/yocto/rpi-build/tmp/sysroots-uninative/x86_64-linux/lib/ld-linux-x86-64.so.2 conftest.c  >&5
configure:52040: $? = 0
configure:52040: ./conftest
configure:52040: $? = 0
configure:52054: result: yes
configure:53224: checking whether setlocale (LC_ALL, NULL) is multithread-safe
configure:53243: result: yes
configure:53261: checking whether setlocale (category, NULL) is multithread-safe
configure:53280: result: yes
configure:54340: checking for ptrdiff_t
configure:54340: result: yes
configure:52110: checking for getline
configure:52110: gcc  -o conftest -isystem/home/ubuntu/yocto/rpi-build/tmp/work/x86_64-linux/bison-native/3.8.2-r0/recipe-sysroot-native/usr/include -O2 -pipe -isystem/home/ubuntu/yocto/rpi-build/tmp/work/x86_64-linux/bison-native/3.8.2-r0/recipe-sysroot-native/usr/include -L/home/ubuntu/yocto/rpi-build/tmp/work/x86_64-linux/bison-native/3.8.2-r0/recipe-sysroot-native/usr/lib                         -L/home/ubuntu/yocto/rpi-build/tmp/work/x86_64-linux/bison-native/3.8.2-r0/recipe-sysroot-native/lib                         -Wl,--enable-new-dtags                         -Wl,-rpath-link,/home/ubuntu/yocto/rpi-build/tmp/work/x86_64-linux/bison-native/3.8.2-r0/recipe-sysroot-native/usr/lib                         -Wl,-rpath-link,/home/ubuntu/yocto/rpi-build/tmp/work/x86_64-linux/bison-native/3.8.2-r0/recipe-sysroot-native/lib                         -Wl,-rpath,/home/ubuntu/yocto/rpi-build/tmp/work/x86_64-linux/bison-native/3.8.2-r0/recipe-sysroot-native/usr/lib                         -Wl,-rpath,/home/ubuntu/yocto/rpi-build/tmp/work/x86_64-linux/bison-native/3.8.2-r0/recipe-sysroot-native/lib                         -Wl,-O1 -Wl,--allow-shlib-undefined -Wl,--dynamic-linker=/home/ubuntu/yocto/rpi-build/tmp/sysroots-uninative/x86_64-linux/lib/ld-linux-x86-64.so.2 conftest.c  >&5
configure:52110: $? = 0
configure:52110: result: yes
configure:52119: checking for working getline function
configure:52201: result: yes
configure:55090: checking whether NLS is requested
configure:55100: result: no
configure:55140: checking for msgfmt
configure:55176: result: no
configure:55182: checking for gmsgfmt
configure:55218: result: :
configure:55263: checking for xgettext
configure:55299: result: no
configure:55341: checking for msgmerge
configure:55376: result: no
configure:55421: checking for CFPreferencesCopyAppValue
configure:55440: gcc  -o conftest -isystem/home/ubuntu/yocto/rpi-build/tmp/work/x86_64-linux/bison-native/3.8.2-r0/recipe-sysroot-native/usr/include -O2 -pipe -isystem/home/ubuntu/yocto/rpi-build/tmp/work/x86_64-linux/bison-native/3.8.2-r0/recipe-sysroot-native/usr/include -L/home/ubuntu/yocto/rpi-build/tmp/work/x86_64-linux/bison-native/3.8.2-r0/recipe-sysroot-native/usr/lib                         -L/home/ubuntu/yocto/rpi-build/tmp/work/x86_64-linux/bison-native/3.8.2-r0/recipe-sysroot-native/lib                         -Wl,--enable-new-dtags                         -Wl,-rpath-link,/home/ubuntu/yocto/rpi-build/tmp/work/x86_64-linux/bison-native/3.8.2-r0/recipe-sysroot-native/usr/lib                         -Wl,-rpath-link,/home/ubuntu/yocto/rpi-build/tmp/work/x86_64-linux/bison-native/3.8.2-r0/recipe-sysroot-native/lib                         -Wl,-rpath,/home/ubuntu/yocto/rpi-build/tmp/work/x86_64-linux/bison-native/3.8.2-r0/recipe-sysroot-native/usr/lib                         -Wl,-rpath,/home/ubuntu/yocto/rpi-build/tmp/work/x86_64-linux/bison-native/3.8.2-r0/recipe-sysroot-native/lib                         -Wl,-O1 -Wl,--allow-shlib-undefined -Wl,--dynamic-linker=/home/ubuntu/yocto/rpi-build/tmp/sysroots-uninative/x86_64-linux/lib/ld-linux-x86-64.so.2 conftest.c  -Wl,-framework -Wl,CoreFoundation >&5
conftest.c:396:10: fatal error: CoreFoundation/CFPreferences.h: No such file or directory
  396 | #include <CoreFoundation/CFPreferences.h>
      |          ^~~~~~~~~~~~~~~~~~~~~~~~~~~~~~~~
compilation terminated.
configure:55440: $? = 1
configure: failed program was:
| /* confdefs.h */
| #define PACKAGE_NAME "GNU Bison"
| #define PACKAGE_TARNAME "bison"
| #define PACKAGE_VERSION "3.8.2"
| #define PACKAGE_STRING "GNU Bison 3.8.2"
| #define PACKAGE_BUGREPORT "bug-bison@gnu.org"
| #define PACKAGE_URL "https://www.gnu.org/software/bison/"
| #define PACKAGE_COPYRIGHT_YEAR 2021
| #define PACKAGE "bison"
| #define VERSION "3.8.2"
| #define HAVE_STDIO_H 1
| #define HAVE_STDLIB_H 1
| #define HAVE_STRING_H 1
| #define HAVE_INTTYPES_H 1
| #define HAVE_STDINT_H 1
| #define HAVE_STRINGS_H 1
| #define HAVE_SYS_STAT_H 1
| #define HAVE_SYS_TYPES_H 1
| #define HAVE_UNISTD_H 1
| #define HAVE_WCHAR_H 1
| #define HAVE_LOCALE_H 1
| #define HAVE_SYS_PARAM_H 1
| #define HAVE_SYS_SOCKET_H 1
| #define HAVE_STDIO_EXT_H 1
| #define HAVE_FEATURES_H 1
| #define HAVE_GETOPT_H 1
| #define HAVE_SYS_CDEFS_H 1
| #define HAVE_SYS_TIME_H 1
| #define HAVE_ICONV_H 1
| #define HAVE_LIMITS_H 1
| #define HAVE_WCTYPE_H 1
| #define HAVE_THREADS_H 1
| #define HAVE_MATH_H 1
| #define HAVE_SYS_MMAN_H 1
| #define HAVE_SPAWN_H 1
| #define HAVE_SYS_IOCTL_H 1
| #define HAVE_SYS_RESOURCE_H 1
| #define HAVE_SYS_TIMES_H 1
| #define HAVE_SYS_WAIT_H 1
| #define HAVE_TERMIOS_H 1
| #define HAVE_DIRENT_H 1
| #define STDC_HEADERS 1
| #define _ALL_SOURCE 1
| #define _DARWIN_C_SOURCE 1
| #define _GNU_SOURCE 1
| #define _HPUX_ALT_XOPEN_SOCKET_API 1
| #define _NETBSD_SOURCE 1
| #define _OPENBSD_SOURCE 1
| #define _POSIX_PTHREAD_SEMANTICS 1
| #define __STDC_WANT_IEC_60559_ATTRIBS_EXT__ 1
| #define __STDC_WANT_IEC_60559_BFP_EXT__ 1
| #define __STDC_WANT_IEC_60559_DFP_EXT__ 1
| #define __STDC_WANT_IEC_60559_FUNCS_EXT__ 1
| #define __STDC_WANT_IEC_60559_TYPES_EXT__ 1
| #define __STDC_WANT_LIB_EXT2__ 1
| #define __STDC_WANT_MATH_SPEC_FUNCS__ 1
| #define _TANDEM_SOURCE 1
| #define __EXTENSIONS__ 1
| #define HAVE_TCDRAIN 1
| #define HAVE_CANONICALIZE_FILE_NAME 1
| #define HAVE_FACCESSAT 1
| #define HAVE_REALPATH 1
| #define HAVE_LSTAT 1
| #define HAVE_READLINKAT 1
| #define HAVE_FCHDIR 1
| #define HAVE_FCNTL 1
| #define HAVE_SYMLINK 1
| #define HAVE_FFSL 1
| #define HAVE_SNPRINTF 1
| #define HAVE_FSYNC 1
| #define HAVE_GETRUSAGE 1
| #define HAVE_GETTIMEOFDAY 1
| #define HAVE_ISWCNTRL 1
| #define HAVE_ISWBLANK 1
| #define HAVE_MBSINIT 1
| #define HAVE_MBRTOWC 1
| #define HAVE_ISASCII 1
| #define HAVE_MPROTECT 1
| #define HAVE_OBSTACK_PRINTF 1
| #define HAVE_STRERROR_R 1
| #define HAVE___XPG_STRERROR_R 1
| #define HAVE_PIPE 1
| #define HAVE_PIPE2 1
| #define HAVE_POSIX_SPAWN_FILE_ACTIONS_ADDCHDIR_NP 1
| #define HAVE_READLINK 1
| #define HAVE_SETENV 1
| #define HAVE_LINK 1
| #define HAVE_SIGACTION 1
| #define HAVE_SIGALTSTACK 1
| #define HAVE_SIGINTERRUPT 1
| #define HAVE_STPNCPY 1
| #define HAVE_STRNDUP 1
| #define HAVE_WCWIDTH 1
| #define HAVE_FDOPENDIR 1
| #define HAVE_MEMPCPY 1
| #define HAVE_FSTATAT 1
| #define HAVE_GETDELIM 1
| #define HAVE_GETDTABLESIZE 1
| #define HAVE_OPENAT 1
| #define HAVE_CATGETS 1
| #define HAVE_SETLOCALE 1
| #define YYTEXT_POINTER 1
| #define M4 "m4"
| #define M4_GNU_OPTION "--gnu"
| #define HAVE_ALLOCA_H 1
| #define HAVE_ALLOCA 1
| #define HAVE_MALLOC_POSIX 1
| #define LSTAT_FOLLOWS_SLASHED_SYMLINK 1
| #define FUNC_REALPATH_WORKS 1
| #define HAVE_GETCWD 1
| #define restrict __restrict__
| #define HAVE_ENVIRON_DECL 1
| #define HAVE_DECL_STRERROR_R 1
| #define HAVE_STRERROR_R 1
| #define STRERROR_R_CHAR_P 1
| #define HAVE_SIG_ATOMIC_T 1
| #define HAVE_WORKING_O_NOATIME 1
| #define HAVE_WORKING_O_NOFOLLOW 1
| #define HAVE_STDINT_H_WITH_UINTMAX 1
| #define HAVE_INTTYPES_H_WITH_UINTMAX 1
| #define CHECK_PRINTF_SAFE 1
| #define HAVE_WCHAR_T 1
| #define HAVE_WINT_T 1
| #define HAVE_INTMAX_T 1
| #define DBL_EXPBIT0_WORD 1
| #define DBL_EXPBIT0_BIT 20
| #define HAVE_SNPRINTF 1
| #define HAVE_STRNLEN 1
| #define HAVE_WCSLEN 1
| #define HAVE_WCSNLEN 1
| #define HAVE_MBRTOWC 1
| #define HAVE_WCRTOMB 1
| #define HAVE_DECL__SNPRINTF 0
| #define HAVE_SNPRINTF_RETVAL_C99 1
| #define HAVE_SNPRINTF_TRUNCATION_C99 1
| #define HAVE_DECL_ALARM 1
| #define HAVE_DECL_GETCWD 1
| #define D_INO_IN_DIRENT 1
| #define HAVE_GETOPT_H 1
| #define HAVE_GETOPT_LONG_ONLY 1
| #define HAVE_ICONV 1
| #define ICONV_CONST 
| #define HAVE_LONG_LONG_INT 1
| #define HAVE_UNSIGNED_LONG_LONG_INT 1
| #define FLT_EXPBIT0_WORD 0
| #define FLT_EXPBIT0_BIT 23
| #define HAVE_TOWLOWER 1
| #define HAVE_LANGINFO_CODESET 1
| #define HAVE_WEAK_SYMBOLS 1
| #define HAVE_PTHREAD_API 1
| #define USE_POSIX_THREADS 1
| #define USE_POSIX_THREADS_FROM_LIBC 1
| #define HAVE_MBSTATE_T 1
| #define HAVE_MAP_ANONYMOUS 1
| #define HAVE_MINMAX_IN_SYS_PARAM_H 1
| #define HAVE_DECL_OBSTACK_PRINTF 1
| #define PROMOTED_MODE_T mode_t
| #define HAVE_POSIX_SPAWN 1
| #define HAVE_DECL_POSIX_SPAWN 1
| #define REPLACE_VFPRINTF_POSIX 1
| #define USER_LABEL_PREFIX 
| #define HAVE_SIGSET_T 1
| #define INSTALLPREFIX "/home/ubuntu/yocto/rpi-build/tmp/work/x86_64-linux/bison-native/3.8.2-r0/recipe-sysroot-native/usr"
| #define MALLOC_0_IS_NONNULL 1
| #define HAVE_DECL_SETENV 1
| #define HAVE_SCHED_H 1
| #define HAVE_DECL_SNPRINTF 1
| #define HAVE_POSIX_SPAWNATTR_T 1
| #define HAVE_POSIX_SPAWN_FILE_ACTIONS_T 1
| #define HAVE__BOOL 1
| #define HAVE_DECL_FCLOSEALL 1
| #define __USE_MINGW_ANSI_STDIO 1
| #define HAVE_DECL_ECVT 1
| #define HAVE_DECL_FCVT 1
| #define HAVE_DECL_GCVT 1
| #define HAVE_DECL_STPNCPY 1
| #define HAVE_DECL_STRDUP 1
| #define HAVE_DECL_STRNDUP 1
| #define HAVE_STRUCT_TMS 1
| #define _USE_STD_STAT 1
| #define HAVE_DECL_EXECVPE 1
| #define HAVE_DECL_CLEARERR_UNLOCKED 1
| #define HAVE_DECL_FEOF_UNLOCKED 1
| #define HAVE_DECL_FERROR_UNLOCKED 1
| #define HAVE_DECL_FFLUSH_UNLOCKED 1
| #define HAVE_DECL_FGETS_UNLOCKED 1
| #define HAVE_DECL_FPUTC_UNLOCKED 1
| #define HAVE_DECL_FPUTS_UNLOCKED 1
| #define HAVE_DECL_FREAD_UNLOCKED 1
| #define HAVE_DECL_FWRITE_UNLOCKED 1
| #define HAVE_DECL_GETC_UNLOCKED 1
| #define HAVE_DECL_GETCHAR_UNLOCKED 1
| #define HAVE_DECL_PUTC_UNLOCKED 1
| #define HAVE_DECL_PUTCHAR_UNLOCKED 1
| #define HAVE_DECL_UNSETENV 1
| #define HAVE_DECL_VSNPRINTF 1
| #define HAVE_DECL_WCSDUP 1
| #define HAVE_DECL_FCHDIR 1
| #define HAVE_DECL_GETDELIM 1
| #define HAVE_DECL_GETDTABLESIZE 1
| #define HAVE_DECL_GETLINE 1
| #define SETLOCALE_NULL_ALL_MTSAFE 1
| #define SETLOCALE_NULL_ONE_MTSAFE 1
| #define HAVE_DECL_MEMRCHR 1
| #define HAVE_DECL_STRNLEN 1
| #define GNULIB_TEST_ACCESS 1
| #define HAVE_ALLOCA 1
| #define HAVE___BUILTIN_EXPECT 1
| #define GNULIB_TEST_CALLOC_POSIX 1
| #define GNULIB_CANONICALIZE 1
| #define GNULIB_TEST_CANONICALIZE 1
| #define GNULIB_TEST_CANONICALIZE_FILE_NAME 1
| #define GNULIB_CANONICALIZE_LGPL 1
| #define GNULIB_TEST_CANONICALIZE_FILE_NAME 1
| #define GNULIB_TEST_REALPATH 1
| #define HAVE_CLOCK_GETTIME 1
| #define HAVE_CLOCK_SETTIME 1
| #define GNULIB_TEST_CLOEXEC 1
| #define GNULIB_TEST_CLOSE 1
| #define GNULIB_CLOSE_STREAM 1
| #define GNULIB_DIRNAME 1
| #define GNULIB_TEST_DUP2 1
| #define GNULIB_TEST_ENVIRON 1
| #define GNULIB_TEST_FCNTL 1
| #define GNULIB_FD_SAFER_FLAG 1
| #define GNULIB_TEST_FFSL 1
| #define GNULIB_TEST_FOPEN 1
| #define GNULIB_FOPEN_GNU 1
| #define GNULIB_FOPEN_SAFER 1
| #define HAVE_DECL___FPENDING 1
| #define REPLACE_FPRINTF_POSIX 1
| #define GNULIB_TEST_FPRINTF_POSIX 1
| #define HAVE_FREE_POSIX 1
| #define GNULIB_TEST_FREE_POSIX 1
| #define HAVE_FREXP_IN_LIBC 1
| #define GNULIB_TEST_FREXP 1
| #define HAVE_FREXPL_IN_LIBC 1
| #define GNULIB_TEST_FREXPL 1
| #define GNULIB_TEST_FSYNC 1
| #define HAVE_GETPAGESIZE 1
| #define HAVE_MINIMALLY_WORKING_GETCWD 1
| #define GNULIB_GETCWD 1
| #define GNULIB_TEST_GETCWD 1
| #define HAVE_DECL_GETHRTIME 0
| #define GNULIB_TEST_GETOPT_POSIX 1
| #define HAVE_DECL_PROGRAM_INVOCATION_NAME 1
| #define HAVE_DECL_PROGRAM_INVOCATION_SHORT_NAME 1
| #define HAVE_DECL___ARGV 0
| #define GNULIB_TEST_GETRUSAGE 1
| #define GETTIMEOFDAY_TIMEZONE void
| #define GNULIB_TEST_GETTIMEOFDAY 1
| #define HAVE_INLINE 1
| #define GNULIB_TEST_ISNAN 1
| #define GNULIB_TEST_ISNAND 1
| #define HAVE_ISNAND_IN_LIBC 1
| #define GNULIB_TEST_ISNANF 1
| #define GNULIB_TEST_ISNANL 1
| #define HAVE_ISNANL_IN_LIBC 1
| #define HAVE_DECL_ISWBLANK 1
| #define GNULIB_TEST_ISWBLANK 1
| #define GNULIB_TEST_ISWDIGIT 1
| #define GNULIB_TEST_ISWXDIGIT 1
| #define HAVE_LDEXPL 1
| #define GNULIB_TEST_LDEXPL 1
| #define HAVE___INLINE 1
| #define HAVE_PTHREAD_RWLOCK 1
| #define HAVE_PTHREAD_MUTEX_RECURSIVE 1
| #define GNULIB_LOCK 1
| #define GNULIB_TEST_MALLOC_POSIX 1
| #define MBRTOWC_IN_C_LOCALE_MAYBE_EILSEQ 1
| #define GNULIB_TEST_MBRTOWC 1
| #define GNULIB_TEST_MBSINIT 1
| #define HAVE_DECL_MBSWIDTH_IN_WCHAR_H 0
| #define HAVE_MBSTATE_T 1
| #define GNULIB_TEST_MEMCHR 1
| #define HAVE_MEMPCPY 1
| #define GNULIB_TEST_MEMPCPY 1
| #define GNULIB_MSVC_NOTHROW 1
| #define GNULIB_TEST_OBSTACK_PRINTF 1
| #define GNULIB_TEST_OPEN 1
| #define GNULIB_TEST_PERROR 1
| #define GNULIB_TEST_PIPE 1
| #define GNULIB_TEST_PIPE2 1
| #define GNULIB_PIPE2_SAFER 1
| #define GNULIB_TEST_POSIX_SPAWN 1
| #define GNULIB_TEST_POSIX_SPAWN_FILE_ACTIONS_ADDCHDIR 1
| #define GNULIB_TEST_POSIX_SPAWN_FILE_ACTIONS_ADDCLOSE 1
| #define GNULIB_TEST_POSIX_SPAWN_FILE_ACTIONS_ADDDUP2 1
| #define GNULIB_TEST_POSIX_SPAWN_FILE_ACTIONS_ADDOPEN 1
| #define GNULIB_TEST_POSIX_SPAWN_FILE_ACTIONS_DESTROY 1
| #define GNULIB_TEST_POSIX_SPAWN_FILE_ACTIONS_INIT 1
| #define GNULIB_TEST_POSIX_SPAWNATTR_DESTROY 1
| #define GNULIB_TEST_POSIX_SPAWNATTR_INIT 1
| #define GNULIB_TEST_POSIX_SPAWNATTR_SETFLAGS 1
| #define GNULIB_TEST_POSIX_SPAWNATTR_SETPGROUP 1
| #define GNULIB_TEST_POSIX_SPAWNATTR_SETSIGMASK 1
| #define GNULIB_TEST_POSIX_SPAWNP 1
| #define HAVE_FREXP_IN_LIBC 1
| #define HAVE_LDEXP_IN_LIBC 1
| #define HAVE_FREXPL_IN_LIBC 1
| #define HAVE_LDEXPL_IN_LIBC 1
| #define REPLACE_PRINTF_POSIX 1
| #define GNULIB_TEST_PRINTF_POSIX 1
| #define HAVE_DECL_PROGRAM_INVOCATION_NAME 1
| #define HAVE_DECL_PROGRAM_INVOCATION_SHORT_NAME 1
| #define HAVE_RAISE 1
| #define GNULIB_TEST_RAISE 1
| #define HAVE_RAWMEMCHR 1
| #define GNULIB_TEST_RAWMEMCHR 1
| #define GNULIB_TEST_READLINK 1
| #define GNULIB_TEST_REALLOC_POSIX 1
| #define HAVE_REALLOCARRAY 1
| #define GNULIB_REALLOCARRAY 1
| #define GNULIB_TEST_REALLOCARRAY 1
| #define HAVE_GETCWD 1
| #define HAVE_MALLOC_POSIX 1
| #define HAVE_FREE_POSIX 1
| #define HAVE_MEMPCPY 1
| #define HAVE_RAWMEMCHR 1
| #define HAVE_SEARCH_H 1
| #define HAVE_TSEARCH 1
| #define GNULIB_TEST_RENAME 1
| #define HAVE_STRUCT_SIGACTION_SA_SIGACTION 1
| #define GNULIB_TEST_SIGACTION 1
| #define GNULIB_TEST_SIGNBIT 1
| #define GNULIB_TEST_SIGPROCMASK 1
| #define HAVE_STDINT_H 1
| #define HAVE_SNPRINTF 1
| #define GNULIB_TEST_SNPRINTF 1
| #define GNULIB_SNPRINTF 1
| #define HAVE_SNPRINTF 1
| #define GNULIB_TEST_SPRINTF_POSIX 1
| #define GNULIB_TEST_STAT 1
| #define GNULIB_TEST_FSCANF 1
| #define GNULIB_FSCANF 1
| #define GNULIB_TEST_SCANF 1
| #define GNULIB_SCANF 1
| #define GNULIB_TEST_FGETC 1
| #define GNULIB_TEST_GETC 1
| #define GNULIB_TEST_GETCHAR 1
| #define GNULIB_TEST_FGETS 1
| #define GNULIB_TEST_FREAD 1
| #define GNULIB_TEST_FPRINTF 1
| #define GNULIB_TEST_PRINTF 1
| #define GNULIB_TEST_VFPRINTF 1
| #define GNULIB_TEST_VPRINTF 1
| #define GNULIB_TEST_FPUTC 1
| #define GNULIB_TEST_PUTC 1
| #define GNULIB_TEST_PUTCHAR 1
| #define GNULIB_TEST_FPUTS 1
| #define GNULIB_TEST_PUTS 1
| #define GNULIB_TEST_FWRITE 1
| #define HAVE_STPCPY 1
| #define GNULIB_TEST_STPCPY 1
| #define HAVE_STPNCPY 1
| #define GNULIB_TEST_STPNCPY 1
| #define GNULIB_TEST_STRDUP 1
| #define GNULIB_STRERROR 1
| #define GNULIB_TEST_STRERROR 1
| #define GNULIB_TEST_STRNDUP 1
| #define GNULIB_TEST_STRTOD 1
| #define HAVE_STRVERSCMP 1
| #define GNULIB_TEST_STRVERSCMP 1
| #define HAVE_SYS_SINGLE_THREADED_H 1
| #define GNULIB_UNISTR_U8_MBTOUCR 1
| #define GNULIB_UNISTR_U8_UCTOMB 1
| #define GNULIB_TEST_UNLINK 1
| #define GNULIB_STDIO_SINGLE_THREAD 1
| #define USE_UNLOCKED_IO GNULIB_STDIO_SINGLE_THREAD
| #define HAVE_UNSETENV 1
| #define GNULIB_TEST_UNSETENV 1
| #define HAVE_VASPRINTF 1
| #define GNULIB_TEST_VASPRINTF 1
| #define HAVE_VASPRINTF 1
| #define HAVE_VSNPRINTF 1
| #define GNULIB_TEST_VSNPRINTF 1
| #define HAVE_VSNPRINTF 1
| #define GNULIB_TEST_VSPRINTF_POSIX 1
| #define HAVE_WAITID 1
| #define GNULIB_TEST_WAITPID 1
| #define HAVE_DECL_WCWIDTH 1
| #define GNULIB_TEST_WCWIDTH 1
| #define GWINSZ_IN_SYS_IOCTL 1
| #define GNULIB_XALLOC 1
| #define GNULIB_XALLOC_DIE 1
| #define HAVE_STDINT_H 1
| #define GNULIB_TEST_GETDTABLESIZE 1
| #define SETLOCALE_NULL_ALL_MTSAFE 1
| #define SETLOCALE_NULL_ONE_MTSAFE 1
| #define GNULIB_TEST_SETLOCALE_NULL 1
| #define REPLACE_VFPRINTF_POSIX 1
| #define GNULIB_TEST_VFPRINTF_POSIX 1
| #define GNULIB_VFPRINTF_POSIX 1
| #define GNULIB_TEST_GETLINE 1
| /* end confdefs.h.  */
| #include <CoreFoundation/CFPreferences.h>
| int
| main (void)
| {
| CFPreferencesCopyAppValue(NULL, NULL)
|   ;
|   return 0;
| }
configure:55450: result: no
configure:55457: checking for CFLocaleCopyCurrent
configure:55476: gcc  -o conftest -isystem/home/ubuntu/yocto/rpi-build/tmp/work/x86_64-linux/bison-native/3.8.2-r0/recipe-sysroot-native/usr/include -O2 -pipe -isystem/home/ubuntu/yocto/rpi-build/tmp/work/x86_64-linux/bison-native/3.8.2-r0/recipe-sysroot-native/usr/include -L/home/ubuntu/yocto/rpi-build/tmp/work/x86_64-linux/bison-native/3.8.2-r0/recipe-sysroot-native/usr/lib                         -L/home/ubuntu/yocto/rpi-build/tmp/work/x86_64-linux/bison-native/3.8.2-r0/recipe-sysroot-native/lib                         -Wl,--enable-new-dtags                         -Wl,-rpath-link,/home/ubuntu/yocto/rpi-build/tmp/work/x86_64-linux/bison-native/3.8.2-r0/recipe-sysroot-native/usr/lib                         -Wl,-rpath-link,/home/ubuntu/yocto/rpi-build/tmp/work/x86_64-linux/bison-native/3.8.2-r0/recipe-sysroot-native/lib                         -Wl,-rpath,/home/ubuntu/yocto/rpi-build/tmp/work/x86_64-linux/bison-native/3.8.2-r0/recipe-sysroot-native/usr/lib                         -Wl,-rpath,/home/ubuntu/yocto/rpi-build/tmp/work/x86_64-linux/bison-native/3.8.2-r0/recipe-sysroot-native/lib                         -Wl,-O1 -Wl,--allow-shlib-undefined -Wl,--dynamic-linker=/home/ubuntu/yocto/rpi-build/tmp/sysroots-uninative/x86_64-linux/lib/ld-linux-x86-64.so.2 conftest.c  -Wl,-framework -Wl,CoreFoundation >&5
conftest.c:396:10: fatal error: CoreFoundation/CFLocale.h: No such file or directory
  396 | #include <CoreFoundation/CFLocale.h>
      |          ^~~~~~~~~~~~~~~~~~~~~~~~~~~
compilation terminated.
configure:55476: $? = 1
configure: failed program was:
| /* confdefs.h */
| #define PACKAGE_NAME "GNU Bison"
| #define PACKAGE_TARNAME "bison"
| #define PACKAGE_VERSION "3.8.2"
| #define PACKAGE_STRING "GNU Bison 3.8.2"
| #define PACKAGE_BUGREPORT "bug-bison@gnu.org"
| #define PACKAGE_URL "https://www.gnu.org/software/bison/"
| #define PACKAGE_COPYRIGHT_YEAR 2021
| #define PACKAGE "bison"
| #define VERSION "3.8.2"
| #define HAVE_STDIO_H 1
| #define HAVE_STDLIB_H 1
| #define HAVE_STRING_H 1
| #define HAVE_INTTYPES_H 1
| #define HAVE_STDINT_H 1
| #define HAVE_STRINGS_H 1
| #define HAVE_SYS_STAT_H 1
| #define HAVE_SYS_TYPES_H 1
| #define HAVE_UNISTD_H 1
| #define HAVE_WCHAR_H 1
| #define HAVE_LOCALE_H 1
| #define HAVE_SYS_PARAM_H 1
| #define HAVE_SYS_SOCKET_H 1
| #define HAVE_STDIO_EXT_H 1
| #define HAVE_FEATURES_H 1
| #define HAVE_GETOPT_H 1
| #define HAVE_SYS_CDEFS_H 1
| #define HAVE_SYS_TIME_H 1
| #define HAVE_ICONV_H 1
| #define HAVE_LIMITS_H 1
| #define HAVE_WCTYPE_H 1
| #define HAVE_THREADS_H 1
| #define HAVE_MATH_H 1
| #define HAVE_SYS_MMAN_H 1
| #define HAVE_SPAWN_H 1
| #define HAVE_SYS_IOCTL_H 1
| #define HAVE_SYS_RESOURCE_H 1
| #define HAVE_SYS_TIMES_H 1
| #define HAVE_SYS_WAIT_H 1
| #define HAVE_TERMIOS_H 1
| #define HAVE_DIRENT_H 1
| #define STDC_HEADERS 1
| #define _ALL_SOURCE 1
| #define _DARWIN_C_SOURCE 1
| #define _GNU_SOURCE 1
| #define _HPUX_ALT_XOPEN_SOCKET_API 1
| #define _NETBSD_SOURCE 1
| #define _OPENBSD_SOURCE 1
| #define _POSIX_PTHREAD_SEMANTICS 1
| #define __STDC_WANT_IEC_60559_ATTRIBS_EXT__ 1
| #define __STDC_WANT_IEC_60559_BFP_EXT__ 1
| #define __STDC_WANT_IEC_60559_DFP_EXT__ 1
| #define __STDC_WANT_IEC_60559_FUNCS_EXT__ 1
| #define __STDC_WANT_IEC_60559_TYPES_EXT__ 1
| #define __STDC_WANT_LIB_EXT2__ 1
| #define __STDC_WANT_MATH_SPEC_FUNCS__ 1
| #define _TANDEM_SOURCE 1
| #define __EXTENSIONS__ 1
| #define HAVE_TCDRAIN 1
| #define HAVE_CANONICALIZE_FILE_NAME 1
| #define HAVE_FACCESSAT 1
| #define HAVE_REALPATH 1
| #define HAVE_LSTAT 1
| #define HAVE_READLINKAT 1
| #define HAVE_FCHDIR 1
| #define HAVE_FCNTL 1
| #define HAVE_SYMLINK 1
| #define HAVE_FFSL 1
| #define HAVE_SNPRINTF 1
| #define HAVE_FSYNC 1
| #define HAVE_GETRUSAGE 1
| #define HAVE_GETTIMEOFDAY 1
| #define HAVE_ISWCNTRL 1
| #define HAVE_ISWBLANK 1
| #define HAVE_MBSINIT 1
| #define HAVE_MBRTOWC 1
| #define HAVE_ISASCII 1
| #define HAVE_MPROTECT 1
| #define HAVE_OBSTACK_PRINTF 1
| #define HAVE_STRERROR_R 1
| #define HAVE___XPG_STRERROR_R 1
| #define HAVE_PIPE 1
| #define HAVE_PIPE2 1
| #define HAVE_POSIX_SPAWN_FILE_ACTIONS_ADDCHDIR_NP 1
| #define HAVE_READLINK 1
| #define HAVE_SETENV 1
| #define HAVE_LINK 1
| #define HAVE_SIGACTION 1
| #define HAVE_SIGALTSTACK 1
| #define HAVE_SIGINTERRUPT 1
| #define HAVE_STPNCPY 1
| #define HAVE_STRNDUP 1
| #define HAVE_WCWIDTH 1
| #define HAVE_FDOPENDIR 1
| #define HAVE_MEMPCPY 1
| #define HAVE_FSTATAT 1
| #define HAVE_GETDELIM 1
| #define HAVE_GETDTABLESIZE 1
| #define HAVE_OPENAT 1
| #define HAVE_CATGETS 1
| #define HAVE_SETLOCALE 1
| #define YYTEXT_POINTER 1
| #define M4 "m4"
| #define M4_GNU_OPTION "--gnu"
| #define HAVE_ALLOCA_H 1
| #define HAVE_ALLOCA 1
| #define HAVE_MALLOC_POSIX 1
| #define LSTAT_FOLLOWS_SLASHED_SYMLINK 1
| #define FUNC_REALPATH_WORKS 1
| #define HAVE_GETCWD 1
| #define restrict __restrict__
| #define HAVE_ENVIRON_DECL 1
| #define HAVE_DECL_STRERROR_R 1
| #define HAVE_STRERROR_R 1
| #define STRERROR_R_CHAR_P 1
| #define HAVE_SIG_ATOMIC_T 1
| #define HAVE_WORKING_O_NOATIME 1
| #define HAVE_WORKING_O_NOFOLLOW 1
| #define HAVE_STDINT_H_WITH_UINTMAX 1
| #define HAVE_INTTYPES_H_WITH_UINTMAX 1
| #define CHECK_PRINTF_SAFE 1
| #define HAVE_WCHAR_T 1
| #define HAVE_WINT_T 1
| #define HAVE_INTMAX_T 1
| #define DBL_EXPBIT0_WORD 1
| #define DBL_EXPBIT0_BIT 20
| #define HAVE_SNPRINTF 1
| #define HAVE_STRNLEN 1
| #define HAVE_WCSLEN 1
| #define HAVE_WCSNLEN 1
| #define HAVE_MBRTOWC 1
| #define HAVE_WCRTOMB 1
| #define HAVE_DECL__SNPRINTF 0
| #define HAVE_SNPRINTF_RETVAL_C99 1
| #define HAVE_SNPRINTF_TRUNCATION_C99 1
| #define HAVE_DECL_ALARM 1
| #define HAVE_DECL_GETCWD 1
| #define D_INO_IN_DIRENT 1
| #define HAVE_GETOPT_H 1
| #define HAVE_GETOPT_LONG_ONLY 1
| #define HAVE_ICONV 1
| #define ICONV_CONST 
| #define HAVE_LONG_LONG_INT 1
| #define HAVE_UNSIGNED_LONG_LONG_INT 1
| #define FLT_EXPBIT0_WORD 0
| #define FLT_EXPBIT0_BIT 23
| #define HAVE_TOWLOWER 1
| #define HAVE_LANGINFO_CODESET 1
| #define HAVE_WEAK_SYMBOLS 1
| #define HAVE_PTHREAD_API 1
| #define USE_POSIX_THREADS 1
| #define USE_POSIX_THREADS_FROM_LIBC 1
| #define HAVE_MBSTATE_T 1
| #define HAVE_MAP_ANONYMOUS 1
| #define HAVE_MINMAX_IN_SYS_PARAM_H 1
| #define HAVE_DECL_OBSTACK_PRINTF 1
| #define PROMOTED_MODE_T mode_t
| #define HAVE_POSIX_SPAWN 1
| #define HAVE_DECL_POSIX_SPAWN 1
| #define REPLACE_VFPRINTF_POSIX 1
| #define USER_LABEL_PREFIX 
| #define HAVE_SIGSET_T 1
| #define INSTALLPREFIX "/home/ubuntu/yocto/rpi-build/tmp/work/x86_64-linux/bison-native/3.8.2-r0/recipe-sysroot-native/usr"
| #define MALLOC_0_IS_NONNULL 1
| #define HAVE_DECL_SETENV 1
| #define HAVE_SCHED_H 1
| #define HAVE_DECL_SNPRINTF 1
| #define HAVE_POSIX_SPAWNATTR_T 1
| #define HAVE_POSIX_SPAWN_FILE_ACTIONS_T 1
| #define HAVE__BOOL 1
| #define HAVE_DECL_FCLOSEALL 1
| #define __USE_MINGW_ANSI_STDIO 1
| #define HAVE_DECL_ECVT 1
| #define HAVE_DECL_FCVT 1
| #define HAVE_DECL_GCVT 1
| #define HAVE_DECL_STPNCPY 1
| #define HAVE_DECL_STRDUP 1
| #define HAVE_DECL_STRNDUP 1
| #define HAVE_STRUCT_TMS 1
| #define _USE_STD_STAT 1
| #define HAVE_DECL_EXECVPE 1
| #define HAVE_DECL_CLEARERR_UNLOCKED 1
| #define HAVE_DECL_FEOF_UNLOCKED 1
| #define HAVE_DECL_FERROR_UNLOCKED 1
| #define HAVE_DECL_FFLUSH_UNLOCKED 1
| #define HAVE_DECL_FGETS_UNLOCKED 1
| #define HAVE_DECL_FPUTC_UNLOCKED 1
| #define HAVE_DECL_FPUTS_UNLOCKED 1
| #define HAVE_DECL_FREAD_UNLOCKED 1
| #define HAVE_DECL_FWRITE_UNLOCKED 1
| #define HAVE_DECL_GETC_UNLOCKED 1
| #define HAVE_DECL_GETCHAR_UNLOCKED 1
| #define HAVE_DECL_PUTC_UNLOCKED 1
| #define HAVE_DECL_PUTCHAR_UNLOCKED 1
| #define HAVE_DECL_UNSETENV 1
| #define HAVE_DECL_VSNPRINTF 1
| #define HAVE_DECL_WCSDUP 1
| #define HAVE_DECL_FCHDIR 1
| #define HAVE_DECL_GETDELIM 1
| #define HAVE_DECL_GETDTABLESIZE 1
| #define HAVE_DECL_GETLINE 1
| #define SETLOCALE_NULL_ALL_MTSAFE 1
| #define SETLOCALE_NULL_ONE_MTSAFE 1
| #define HAVE_DECL_MEMRCHR 1
| #define HAVE_DECL_STRNLEN 1
| #define GNULIB_TEST_ACCESS 1
| #define HAVE_ALLOCA 1
| #define HAVE___BUILTIN_EXPECT 1
| #define GNULIB_TEST_CALLOC_POSIX 1
| #define GNULIB_CANONICALIZE 1
| #define GNULIB_TEST_CANONICALIZE 1
| #define GNULIB_TEST_CANONICALIZE_FILE_NAME 1
| #define GNULIB_CANONICALIZE_LGPL 1
| #define GNULIB_TEST_CANONICALIZE_FILE_NAME 1
| #define GNULIB_TEST_REALPATH 1
| #define HAVE_CLOCK_GETTIME 1
| #define HAVE_CLOCK_SETTIME 1
| #define GNULIB_TEST_CLOEXEC 1
| #define GNULIB_TEST_CLOSE 1
| #define GNULIB_CLOSE_STREAM 1
| #define GNULIB_DIRNAME 1
| #define GNULIB_TEST_DUP2 1
| #define GNULIB_TEST_ENVIRON 1
| #define GNULIB_TEST_FCNTL 1
| #define GNULIB_FD_SAFER_FLAG 1
| #define GNULIB_TEST_FFSL 1
| #define GNULIB_TEST_FOPEN 1
| #define GNULIB_FOPEN_GNU 1
| #define GNULIB_FOPEN_SAFER 1
| #define HAVE_DECL___FPENDING 1
| #define REPLACE_FPRINTF_POSIX 1
| #define GNULIB_TEST_FPRINTF_POSIX 1
| #define HAVE_FREE_POSIX 1
| #define GNULIB_TEST_FREE_POSIX 1
| #define HAVE_FREXP_IN_LIBC 1
| #define GNULIB_TEST_FREXP 1
| #define HAVE_FREXPL_IN_LIBC 1
| #define GNULIB_TEST_FREXPL 1
| #define GNULIB_TEST_FSYNC 1
| #define HAVE_GETPAGESIZE 1
| #define HAVE_MINIMALLY_WORKING_GETCWD 1
| #define GNULIB_GETCWD 1
| #define GNULIB_TEST_GETCWD 1
| #define HAVE_DECL_GETHRTIME 0
| #define GNULIB_TEST_GETOPT_POSIX 1
| #define HAVE_DECL_PROGRAM_INVOCATION_NAME 1
| #define HAVE_DECL_PROGRAM_INVOCATION_SHORT_NAME 1
| #define HAVE_DECL___ARGV 0
| #define GNULIB_TEST_GETRUSAGE 1
| #define GETTIMEOFDAY_TIMEZONE void
| #define GNULIB_TEST_GETTIMEOFDAY 1
| #define HAVE_INLINE 1
| #define GNULIB_TEST_ISNAN 1
| #define GNULIB_TEST_ISNAND 1
| #define HAVE_ISNAND_IN_LIBC 1
| #define GNULIB_TEST_ISNANF 1
| #define GNULIB_TEST_ISNANL 1
| #define HAVE_ISNANL_IN_LIBC 1
| #define HAVE_DECL_ISWBLANK 1
| #define GNULIB_TEST_ISWBLANK 1
| #define GNULIB_TEST_ISWDIGIT 1
| #define GNULIB_TEST_ISWXDIGIT 1
| #define HAVE_LDEXPL 1
| #define GNULIB_TEST_LDEXPL 1
| #define HAVE___INLINE 1
| #define HAVE_PTHREAD_RWLOCK 1
| #define HAVE_PTHREAD_MUTEX_RECURSIVE 1
| #define GNULIB_LOCK 1
| #define GNULIB_TEST_MALLOC_POSIX 1
| #define MBRTOWC_IN_C_LOCALE_MAYBE_EILSEQ 1
| #define GNULIB_TEST_MBRTOWC 1
| #define GNULIB_TEST_MBSINIT 1
| #define HAVE_DECL_MBSWIDTH_IN_WCHAR_H 0
| #define HAVE_MBSTATE_T 1
| #define GNULIB_TEST_MEMCHR 1
| #define HAVE_MEMPCPY 1
| #define GNULIB_TEST_MEMPCPY 1
| #define GNULIB_MSVC_NOTHROW 1
| #define GNULIB_TEST_OBSTACK_PRINTF 1
| #define GNULIB_TEST_OPEN 1
| #define GNULIB_TEST_PERROR 1
| #define GNULIB_TEST_PIPE 1
| #define GNULIB_TEST_PIPE2 1
| #define GNULIB_PIPE2_SAFER 1
| #define GNULIB_TEST_POSIX_SPAWN 1
| #define GNULIB_TEST_POSIX_SPAWN_FILE_ACTIONS_ADDCHDIR 1
| #define GNULIB_TEST_POSIX_SPAWN_FILE_ACTIONS_ADDCLOSE 1
| #define GNULIB_TEST_POSIX_SPAWN_FILE_ACTIONS_ADDDUP2 1
| #define GNULIB_TEST_POSIX_SPAWN_FILE_ACTIONS_ADDOPEN 1
| #define GNULIB_TEST_POSIX_SPAWN_FILE_ACTIONS_DESTROY 1
| #define GNULIB_TEST_POSIX_SPAWN_FILE_ACTIONS_INIT 1
| #define GNULIB_TEST_POSIX_SPAWNATTR_DESTROY 1
| #define GNULIB_TEST_POSIX_SPAWNATTR_INIT 1
| #define GNULIB_TEST_POSIX_SPAWNATTR_SETFLAGS 1
| #define GNULIB_TEST_POSIX_SPAWNATTR_SETPGROUP 1
| #define GNULIB_TEST_POSIX_SPAWNATTR_SETSIGMASK 1
| #define GNULIB_TEST_POSIX_SPAWNP 1
| #define HAVE_FREXP_IN_LIBC 1
| #define HAVE_LDEXP_IN_LIBC 1
| #define HAVE_FREXPL_IN_LIBC 1
| #define HAVE_LDEXPL_IN_LIBC 1
| #define REPLACE_PRINTF_POSIX 1
| #define GNULIB_TEST_PRINTF_POSIX 1
| #define HAVE_DECL_PROGRAM_INVOCATION_NAME 1
| #define HAVE_DECL_PROGRAM_INVOCATION_SHORT_NAME 1
| #define HAVE_RAISE 1
| #define GNULIB_TEST_RAISE 1
| #define HAVE_RAWMEMCHR 1
| #define GNULIB_TEST_RAWMEMCHR 1
| #define GNULIB_TEST_READLINK 1
| #define GNULIB_TEST_REALLOC_POSIX 1
| #define HAVE_REALLOCARRAY 1
| #define GNULIB_REALLOCARRAY 1
| #define GNULIB_TEST_REALLOCARRAY 1
| #define HAVE_GETCWD 1
| #define HAVE_MALLOC_POSIX 1
| #define HAVE_FREE_POSIX 1
| #define HAVE_MEMPCPY 1
| #define HAVE_RAWMEMCHR 1
| #define HAVE_SEARCH_H 1
| #define HAVE_TSEARCH 1
| #define GNULIB_TEST_RENAME 1
| #define HAVE_STRUCT_SIGACTION_SA_SIGACTION 1
| #define GNULIB_TEST_SIGACTION 1
| #define GNULIB_TEST_SIGNBIT 1
| #define GNULIB_TEST_SIGPROCMASK 1
| #define HAVE_STDINT_H 1
| #define HAVE_SNPRINTF 1
| #define GNULIB_TEST_SNPRINTF 1
| #define GNULIB_SNPRINTF 1
| #define HAVE_SNPRINTF 1
| #define GNULIB_TEST_SPRINTF_POSIX 1
| #define GNULIB_TEST_STAT 1
| #define GNULIB_TEST_FSCANF 1
| #define GNULIB_FSCANF 1
| #define GNULIB_TEST_SCANF 1
| #define GNULIB_SCANF 1
| #define GNULIB_TEST_FGETC 1
| #define GNULIB_TEST_GETC 1
| #define GNULIB_TEST_GETCHAR 1
| #define GNULIB_TEST_FGETS 1
| #define GNULIB_TEST_FREAD 1
| #define GNULIB_TEST_FPRINTF 1
| #define GNULIB_TEST_PRINTF 1
| #define GNULIB_TEST_VFPRINTF 1
| #define GNULIB_TEST_VPRINTF 1
| #define GNULIB_TEST_FPUTC 1
| #define GNULIB_TEST_PUTC 1
| #define GNULIB_TEST_PUTCHAR 1
| #define GNULIB_TEST_FPUTS 1
| #define GNULIB_TEST_PUTS 1
| #define GNULIB_TEST_FWRITE 1
| #define HAVE_STPCPY 1
| #define GNULIB_TEST_STPCPY 1
| #define HAVE_STPNCPY 1
| #define GNULIB_TEST_STPNCPY 1
| #define GNULIB_TEST_STRDUP 1
| #define GNULIB_STRERROR 1
| #define GNULIB_TEST_STRERROR 1
| #define GNULIB_TEST_STRNDUP 1
| #define GNULIB_TEST_STRTOD 1
| #define HAVE_STRVERSCMP 1
| #define GNULIB_TEST_STRVERSCMP 1
| #define HAVE_SYS_SINGLE_THREADED_H 1
| #define GNULIB_UNISTR_U8_MBTOUCR 1
| #define GNULIB_UNISTR_U8_UCTOMB 1
| #define GNULIB_TEST_UNLINK 1
| #define GNULIB_STDIO_SINGLE_THREAD 1
| #define USE_UNLOCKED_IO GNULIB_STDIO_SINGLE_THREAD
| #define HAVE_UNSETENV 1
| #define GNULIB_TEST_UNSETENV 1
| #define HAVE_VASPRINTF 1
| #define GNULIB_TEST_VASPRINTF 1
| #define HAVE_VASPRINTF 1
| #define HAVE_VSNPRINTF 1
| #define GNULIB_TEST_VSNPRINTF 1
| #define HAVE_VSNPRINTF 1
| #define GNULIB_TEST_VSPRINTF_POSIX 1
| #define HAVE_WAITID 1
| #define GNULIB_TEST_WAITPID 1
| #define HAVE_DECL_WCWIDTH 1
| #define GNULIB_TEST_WCWIDTH 1
| #define GWINSZ_IN_SYS_IOCTL 1
| #define GNULIB_XALLOC 1
| #define GNULIB_XALLOC_DIE 1
| #define HAVE_STDINT_H 1
| #define GNULIB_TEST_GETDTABLESIZE 1
| #define SETLOCALE_NULL_ALL_MTSAFE 1
| #define SETLOCALE_NULL_ONE_MTSAFE 1
| #define GNULIB_TEST_SETLOCALE_NULL 1
| #define REPLACE_VFPRINTF_POSIX 1
| #define GNULIB_TEST_VFPRINTF_POSIX 1
| #define GNULIB_VFPRINTF_POSIX 1
| #define GNULIB_TEST_GETLINE 1
| /* end confdefs.h.  */
| #include <CoreFoundation/CFLocale.h>
| int
| main (void)
| {
| CFLocaleCopyCurrent();
|   ;
|   return 0;
| }
configure:55486: result: no
configure:56466: checking whether to use NLS
configure:56468: result: no
configure:56602: checking for valgrind
configure:56637: result: no
configure:56660: checking Valgrind suppression file
configure:56662: result: 
configure:57216: creating ./config.status

## ---------------------- ##
## Running config.status. ##
## ---------------------- ##

This file was extended by GNU Bison config.status 3.8.2, which was
generated by GNU Autoconf 2.71.  Invocation command line was

  CONFIG_FILES    = 
  CONFIG_HEADERS  = 
  CONFIG_LINKS    = 
  CONFIG_COMMANDS = 
  $ ./config.status 

on DESKTOP-CSPIOE3

config.status:2830: creating src/yacc
config.status:2830: creating javacomp.sh
config.status:2830: creating javaexec.sh
config.status:2830: creating gnulib-po/Makefile.in
config.status:2830: creating runtime-po/Makefile.in
config.status:2830: creating etc/bench.pl
config.status:2830: creating tests/atlocal
config.status:2830: creating tests/bison
config.status:2830: creating Makefile
config.status:2830: creating po/Makefile.in
config.status:2830: creating doc/yacc.1
config.status:2830: creating lib/config.h
config.status:3061: linking ../bison-3.8.2/GNUmakefile to GNUmakefile
config.status:3080: executing depfiles commands
config.status:3080: executing po-directories commands
config.status:3080: executing tests/atconfig commands
configure:58764: WARNING: unrecognized options: --disable-static

## ---------------- ##
## Cache variables. ##
## ---------------- ##

ac_cv___va_copy=yes
ac_cv_af_unix_large_dgram=yes
ac_cv_alignof_char=1
ac_cv_alignof_dbind_pointer=8
ac_cv_alignof_dbind_struct=1
ac_cv_alignof_dbus_bool_t=4
ac_cv_alignof_dbus_int16_t=2
ac_cv_alignof_dbus_int32_t=4
ac_cv_alignof_dbus_int64_t=8
ac_cv_alignof_double=8
ac_cv_alignof_guint32=4
ac_cv_alignof_guint64=8
ac_cv_alignof_unsigned_long=8
ac_cv_buggy_getaddrinfo=no
ac_cv_build=x86_64-pc-linux-gnu
ac_cv_c_bigendian=no
ac_cv_c_compiler_gnu=yes
ac_cv_c_endian=little
ac_cv_c_inline=inline
ac_cv_c_littleendian=yes
ac_cv_c_restrict=__restrict__
ac_cv_c_undeclared_builtin_options='none needed'
ac_cv_check_sjlj=ssjlj
ac_cv_conv_longlong_to_float=yes
ac_cv_cxx_compiler_gnu=yes
ac_cv_env_CCC_set=
ac_cv_env_CCC_value=
ac_cv_env_CC_set=set
ac_cv_env_CC_value='gcc '
ac_cv_env_CFLAGS_set=set
ac_cv_env_CFLAGS_value='-isystem/home/ubuntu/yocto/rpi-build/tmp/work/x86_64-linux/bison-native/3.8.2-r0/recipe-sysroot-native/usr/include -O2 -pipe'
ac_cv_env_CPPFLAGS_set=set
ac_cv_env_CPPFLAGS_value=-isystem/home/ubuntu/yocto/rpi-build/tmp/work/x86_64-linux/bison-native/3.8.2-r0/recipe-sysroot-native/usr/include
ac_cv_env_CPP_set=set
ac_cv_env_CPP_value='gcc  -E'
ac_cv_env_CXXFLAGS_set=set
ac_cv_env_CXXFLAGS_value='-isystem/home/ubuntu/yocto/rpi-build/tmp/work/x86_64-linux/bison-native/3.8.2-r0/recipe-sysroot-native/usr/include -O2 -pipe'
ac_cv_env_CXX_set=set
ac_cv_env_CXX_value='g++ '
ac_cv_env_LDFLAGS_set=set
ac_cv_env_LDFLAGS_value='-L/home/ubuntu/yocto/rpi-build/tmp/work/x86_64-linux/bison-native/3.8.2-r0/recipe-sysroot-native/usr/lib                         -L/home/ubuntu/yocto/rpi-build/tmp/work/x86_64-linux/bison-native/3.8.2-r0/recipe-sysroot-native/lib                         -Wl,--enable-new-dtags                         -Wl,-rpath-link,/home/ubuntu/yocto/rpi-build/tmp/work/x86_64-linux/bison-native/3.8.2-r0/recipe-sysroot-native/usr/lib                         -Wl,-rpath-link,/home/ubuntu/yocto/rpi-build/tmp/work/x86_64-linux/bison-native/3.8.2-r0/recipe-sysroot-native/lib                         -Wl,-rpath,/home/ubuntu/yocto/rpi-build/tmp/work/x86_64-linux/bison-native/3.8.2-r0/recipe-sysroot-native/usr/lib                         -Wl,-rpath,/home/ubuntu/yocto/rpi-build/tmp/work/x86_64-linux/bison-native/3.8.2-r0/recipe-sysroot-native/lib                         -Wl,-O1 -Wl,--allow-shlib-undefined -Wl,--dynamic-linker=/home/ubuntu/yocto/rpi-build/tmp/sysroots-uninative/x86_64-linux/lib/ld-linux-x86-64.so.2'
ac_cv_env_LIBS_set=
ac_cv_env_LIBS_value=
ac_cv_env_M4_set=
ac_cv_env_M4_value=
ac_cv_env_YACC_set=
ac_cv_env_YACC_value=
ac_cv_env_YFLAGS_set=
ac_cv_env_YFLAGS_value=
ac_cv_env_build_alias_set=set
ac_cv_env_build_alias_value=x86_64-linux
ac_cv_env_host_alias_set=set
ac_cv_env_host_alias_value=x86_64-linux
ac_cv_env_target_alias_set=set
ac_cv_env_target_alias_value=x86_64-linux
ac_cv_epoll_works=yes
ac_cv_file__dev_random=yes
ac_cv_file__dev_zero=yes
ac_cv_func___ashldi3=no
ac_cv_func___ashrdi3=no
ac_cv_func___bswapdi2=no
ac_cv_func___bswapsi2=no
ac_cv_func___fseterr=no
ac_cv_func___lshrdi3=no
ac_cv_func___trampoline_setup=no
ac_cv_func___ucmpdi2=no
ac_cv_func___va_copy=yes
ac_cv_func___xpg_strerror_r=yes
ac_cv_func__restgpr_14_x=no
ac_cv_func__set_invalid_parameter_handler=no
ac_cv_func_alloca_works=yes
ac_cv_func_calloc_0_nonnull=yes
ac_cv_func_canonicalize_file_name=yes
ac_cv_func_catgets=yes
ac_cv_func_chown_works=yes
ac_cv_func_clock_gettime=yes
ac_cv_func_clock_settime=yes
ac_cv_func_eaccess=yes
ac_cv_func_faccessat=yes
ac_cv_func_fchdir=yes
ac_cv_func_fcntl=yes
ac_cv_func_fdopendir=yes
ac_cv_func_ffsl=yes
ac_cv_func_fstatat=yes
ac_cv_func_fsync=yes
ac_cv_func_getaddrinfo=yes
ac_cv_func_getcwd=yes
ac_cv_func_getdelim=yes
ac_cv_func_getdtablesize=yes
ac_cv_func_getexecname=no
ac_cv_func_getgrgid_r=yes
ac_cv_func_getgroups_works=yes
ac_cv_func_getline=yes
ac_cv_func_getopt_long_only=yes
ac_cv_func_getpagesize=yes
ac_cv_func_getpgrp_void=yes
ac_cv_func_getprogname=no
ac_cv_func_getpwuid_r=yes
ac_cv_func_getrusage=yes
ac_cv_func_gettimeofday=yes
ac_cv_func_isascii=yes
ac_cv_func_iswblank=yes
ac_cv_func_iswcntrl=yes
ac_cv_func_link=yes
ac_cv_func_lstat=yes
ac_cv_func_lstat_dereferences_slashed_symlink=yes
ac_cv_func_lstat_empty_string_bug=no
ac_cv_func_malloc_0_nonnull=yes
ac_cv_func_malloc_works=yes
ac_cv_func_mbrtowc=yes
ac_cv_func_mbsinit=yes
ac_cv_func_memcmp_working=yes
ac_cv_func_memcpy=yes
ac_cv_func_mempcpy=yes
ac_cv_func_microuptime=no
ac_cv_func_mmap=yes
ac_cv_func_mmap_fixed_mapped=yes
ac_cv_func_mprotect=yes
ac_cv_func_nanouptime=no
ac_cv_func_obstack=no
ac_cv_func_obstack_printf=yes
ac_cv_func_openat=yes
ac_cv_func_pipe2=yes
ac_cv_func_pipe=yes
ac_cv_func_posix_getgrgid_r=yes
ac_cv_func_posix_getpwnam_r=yes
ac_cv_func_posix_getpwuid_r=yes
ac_cv_func_posix_spawn=yes
ac_cv_func_posix_spawn_file_actions_addchdir=no
ac_cv_func_posix_spawn_file_actions_addchdir_np=yes
ac_cv_func_printf_unix98=yes
ac_cv_func_pthread_attr_getstack=yes
ac_cv_func_pthread_key_delete=yes
ac_cv_func_raise=yes
ac_cv_func_rawmemchr=yes
ac_cv_func_readlink=yes
ac_cv_func_readlinkat=yes
ac_cv_func_realloc_0_nonnull=yes
ac_cv_func_realloc_works=yes
ac_cv_func_reallocarray=yes
ac_cv_func_realpath=yes
ac_cv_func_setenv=yes
ac_cv_func_setgrent_void=yes
ac_cv_func_setlocale=yes
ac_cv_func_setpgrp_void=yes
ac_cv_func_setresuid=yes
ac_cv_func_setvbuf_reversed=no
ac_cv_func_sigaction=yes
ac_cv_func_sigaltstack=yes
ac_cv_func_siginterrupt=yes
ac_cv_func_sigprocmask=yes
ac_cv_func_snprintf=yes
ac_cv_func_snprintf_c99=yes
ac_cv_func_stat_empty_string_bug=no
ac_cv_func_stat_ignores_trailing_slash=no
ac_cv_func_stpcpy=yes
ac_cv_func_stpncpy=yes
ac_cv_func_strerror=yes
ac_cv_func_strerror_r=yes
ac_cv_func_strerror_r_char_p=yes
ac_cv_func_strndup=yes
ac_cv_func_strnlen=yes
ac_cv_func_strtod=yes
ac_cv_func_strverscmp=yes
ac_cv_func_symlink=yes
ac_cv_func_tcdrain=yes
ac_cv_func_towlower=yes
ac_cv_func_tsearch=yes
ac_cv_func_unsetenv=yes
ac_cv_func_utime_null=yes
ac_cv_func_va_copy=yes
ac_cv_func_vasnprintf=no
ac_cv_func_vasprintf=yes
ac_cv_func_vsnprintf=yes
ac_cv_func_vsnprintf_c99=yes
ac_cv_func_waitid=yes
ac_cv_func_wcrtomb=yes
ac_cv_func_wcslen=yes
ac_cv_func_wcsnlen=yes
ac_cv_func_wcwidth=yes
ac_cv_have_abstract_sockets=yes
ac_cv_have_decl___argv=no
ac_cv_have_decl___fpending=yes
ac_cv_have_decl__snprintf=no
ac_cv_have_decl_alarm=yes
ac_cv_have_decl_clearerr_unlocked=yes
ac_cv_have_decl_ecvt=yes
ac_cv_have_decl_execvpe=yes
ac_cv_have_decl_fchdir=yes
ac_cv_have_decl_fcloseall=yes
ac_cv_have_decl_fcvt=yes
ac_cv_have_decl_feof_unlocked=yes
ac_cv_have_decl_ferror_unlocked=yes
ac_cv_have_decl_fflush_unlocked=yes
ac_cv_have_decl_fgets_unlocked=yes
ac_cv_have_decl_fputc_unlocked=yes
ac_cv_have_decl_fputs_unlocked=yes
ac_cv_have_decl_fread_unlocked=yes
ac_cv_have_decl_frexpl=yes
ac_cv_have_decl_fwrite_unlocked=yes
ac_cv_have_decl_gcvt=yes
ac_cv_have_decl_getc_unlocked=yes
ac_cv_have_decl_getchar_unlocked=yes
ac_cv_have_decl_getcwd=yes
ac_cv_have_decl_getdelim=yes
ac_cv_have_decl_getdtablesize=yes
ac_cv_have_decl_gethrtime=no
ac_cv_have_decl_getline=yes
ac_cv_have_decl_iswblank=yes
ac_cv_have_decl_ldexpl=yes
ac_cv_have_decl_mbswidth=no
ac_cv_have_decl_memrchr=yes
ac_cv_have_decl_obstack_printf=yes
ac_cv_have_decl_posix_spawn=yes
ac_cv_have_decl_program_invocation_name=yes
ac_cv_have_decl_program_invocation_short_name=yes
ac_cv_have_decl_putc_unlocked=yes
ac_cv_have_decl_putchar_unlocked=yes
ac_cv_have_decl_setenv=yes
ac_cv_have_decl_snprintf=yes
ac_cv_have_decl_stpncpy=yes
ac_cv_have_decl_strdup=yes
ac_cv_have_decl_strerror_r=yes
ac_cv_have_decl_strndup=yes
ac_cv_have_decl_strnlen=yes
ac_cv_have_decl_sys_siglist=no
ac_cv_have_decl_unsetenv=yes
ac_cv_have_decl_vsnprintf=yes
ac_cv_have_decl_wcsdup=yes
ac_cv_have_decl_wcwidth=yes
ac_cv_have_long_long_format=yes
ac_cv_header_crtdefs_h=no
ac_cv_header_dirent_h=yes
ac_cv_header_features_h=yes
ac_cv_header_getopt_h=yes
ac_cv_header_iconv_h=yes
ac_cv_header_inttypes_h=yes
ac_cv_header_limits_h=yes
ac_cv_header_locale_h=yes
ac_cv_header_math_h=yes
ac_cv_header_minix_config_h=no
ac_cv_header_pthread_h=yes
ac_cv_header_readline_history_h=no
ac_cv_header_readline_readline_h=no
ac_cv_header_sched_h=yes
ac_cv_header_search_h=yes
ac_cv_header_spawn_h=yes
ac_cv_header_stat_broken=no
ac_cv_header_stdbool_h=yes
ac_cv_header_stdint_h=yes
ac_cv_header_stdio_ext_h=yes
ac_cv_header_stdio_h=yes
ac_cv_header_stdlib_h=yes
ac_cv_header_string_h=yes
ac_cv_header_strings_h=yes
ac_cv_header_sys_cdefs_h=yes
ac_cv_header_sys_ioctl_h=yes
ac_cv_header_sys_mman_h=yes
ac_cv_header_sys_param_h=yes
ac_cv_header_sys_resource_h=yes
ac_cv_header_sys_single_threaded_h=yes
ac_cv_header_sys_socket_h=yes
ac_cv_header_sys_stat_h=yes
ac_cv_header_sys_time_h=yes
ac_cv_header_sys_times_h=yes
ac_cv_header_sys_types_h=yes
ac_cv_header_sys_wait_h=yes
ac_cv_header_termios_h=yes
ac_cv_header_threads_h=yes
ac_cv_header_unistd_h=yes
ac_cv_header_wchar_h=yes
ac_cv_header_wctype_h=yes
ac_cv_header_xlocale_h=no
ac_cv_host=x86_64-pc-linux-gnu
ac_cv_lib_error_at_line=yes
ac_cv_lib_lex=-lfl
ac_cv_lib_m_sin=yes
ac_cv_lib_pthread_pthread_kill=yes
ac_cv_libnet_endianess=lil
ac_cv_libtextstyle=no
ac_cv_linux_vers=2
ac_cv_member_struct_sigaction_sa_sigaction=yes
ac_cv_need_trio=no
ac_cv_o_nonblock_inherited=no
ac_cv_objext=o
ac_cv_path_EGREP='/home/ubuntu/yocto/rpi-build/tmp/hosttools/grep -E'
ac_cv_path_GMSGFMT=:
ac_cv_path_GREP=/home/ubuntu/yocto/rpi-build/tmp/hosttools/grep
ac_cv_path_M4=m4
ac_cv_path_MSGFMT=:
ac_cv_path_MSGMERGE=:
ac_cv_path_PERL=/home/ubuntu/yocto/rpi-build/tmp/hosttools/perl
ac_cv_path_SED=sed
ac_cv_path_XGETTEXT=:
ac_cv_path_install='/home/ubuntu/yocto/rpi-build/tmp/hosttools/install -c'
ac_cv_path_mkdir=/home/ubuntu/yocto/rpi-build/tmp/hosttools/mkdir
ac_cv_prog_AR=ar
ac_cv_prog_AWK=gawk
ac_cv_prog_CC='gcc '
ac_cv_prog_CPP='gcc  -E'
ac_cv_prog_LEX=flex
ac_cv_prog_RANLIB='ranlib -D'
ac_cv_prog_cc_c11=
ac_cv_prog_cc_g=yes
ac_cv_prog_cc_stdc=
ac_cv_prog_cxx_11=no
ac_cv_prog_cxx_cxx11=
ac_cv_prog_cxx_g=yes
ac_cv_prog_cxx_stdcxx=
ac_cv_prog_gnu_m4_debugfile=--debugfile
ac_cv_prog_gnu_m4_gnu=yes
ac_cv_prog_lex_is_flex=yes
ac_cv_prog_lex_root=lex.yy
ac_cv_prog_lex_supports_header_opt=yes
ac_cv_prog_lex_yytext_pointer=yes
ac_cv_prog_make_make_set=yes
ac_cv_safe_to_define___extensions__=yes
ac_cv_search_clock_gettime='none required'
ac_cv_search_posix_spawn='none required'
ac_cv_should_define__xopen_source=no
ac_cv_sizeof___int64=0
ac_cv_sizeof_char=1
ac_cv_sizeof_dev_t=8
ac_cv_sizeof_gid_t=4
ac_cv_sizeof_int=4
ac_cv_sizeof_long=8
ac_cv_sizeof_long_double=16
ac_cv_sizeof_long_int=8
ac_cv_sizeof_long_long=8
ac_cv_sizeof_pid_t=4
ac_cv_sizeof_short=2
ac_cv_sizeof_short_int=2
ac_cv_sizeof_size_t=8
ac_cv_sizeof_uid_t=4
ac_cv_sizeof_unsigned_int=4
ac_cv_sizeof_unsigned_long=8
ac_cv_sizeof_unsigned_short=2
ac_cv_sizeof_void_p=8
ac_cv_strerror_r_SUSv3=no
ac_cv_sys_file_offset_bits=no
ac_cv_sys_largefile_CC=no
ac_cv_sys_posix_termios=yes
ac_cv_sys_restartable_syscalls=yes
ac_cv_type__Bool=yes
ac_cv_type_mbstate_t=yes
ac_cv_type_mode_t=yes
ac_cv_type_nlink_t=yes
ac_cv_type_pid_t=yes
ac_cv_type_posix_spawn_file_actions_t=yes
ac_cv_type_posix_spawnattr_t=yes
ac_cv_type_pthread_rwlock_t=yes
ac_cv_type_ptrdiff_t=yes
ac_cv_type_sig_atomic_t=yes
ac_cv_type_sighandler_t=yes
ac_cv_type_sigset_t=yes
ac_cv_type_size_t=yes
ac_cv_type_struct_sched_param=yes
ac_cv_type_struct_tms=yes
ac_cv_type_uid_t='{ac_cv_type_uid_t=yes}'
ac_cv_type_volatile_sig_atomic_t=yes
ac_cv_va_copy=yes
ac_cv_va_val_copy=no
ac_cv_working_alloca_h=yes
acl_cv_hardcode_direct=no
acl_cv_hardcode_libdir_flag_spec='${wl}-rpath ${wl}$libdir'
acl_cv_hardcode_libdir_separator=
acl_cv_hardcode_minus_L=no
acl_cv_libdirstems=lib,lib,lib64
acl_cv_libext=a
acl_cv_libname_spec='lib$name'
acl_cv_libpath=LD_LIBRARY_PATH
acl_cv_library_names_spec='$libname$shrext'
acl_cv_prog_gnu_ld=yes
acl_cv_rpath=done
acl_cv_shlibext=so
acl_cv_shlibpath_var=LD_LIBRARY_PATH
acl_cv_wl=-Wl,
am_cv_CC_dependencies_compiler_type=none
am_cv_CXX_dependencies_compiler_type=none
am_cv_func_iconv=yes
am_cv_func_iconv_works=yes
am_cv_func_working_getline=yes
am_cv_langinfo_codeset=yes
am_cv_lib_iconv=no
am_cv_make_support_nested_variables=yes
am_cv_prog_cc_c_o=yes
am_cv_proto_iconv='extern size_t iconv (iconv_t cd, char * *inbuf, size_t *inbytesleft, char * *outbuf, size_t *outbytesleft);'
am_cv_proto_iconv_arg1=
am_cv_scanf_lld=yes
apr_cv_process_shared_works=no
apr_cv_tcp_nodelay_with_cork=yes
as_cv_unaligned_access=yes
ax_cv_check_cxxflags___std_cpp03=yes
ax_cv_check_cxxflags___std_cpp11=yes
ax_cv_check_cxxflags___std_cpp14=yes
ax_cv_check_cxxflags___std_cpp17=yes
ax_cv_check_cxxflags___std_cpp20=yes
ax_cv_check_cxxflags___std_cpp2b=yes
ax_cv_check_cxxflags___std_cpp98=yes
bash_cv_dup2_broken=no
bash_cv_func_sigsetjmp=present
bash_cv_func_strcoll_broken=no
bash_cv_getcwd_calls_popen=no
bash_cv_getcwd_malloc=yes
bash_cv_getenv_redef=yes
bash_cv_have_mbstate_t=yes
bash_cv_job_control_missing=present
bash_cv_must_reinstall_sighandlers=no
bash_cv_opendir_not_robust=no
bash_cv_pgrp_pipe=no
bash_cv_printf_a_format=yes
bash_cv_sys_named_pipes=present
bash_cv_sys_siglist=no
bash_cv_type_rlimit=rlim_t
bash_cv_ulimit_maxfds=yes
bash_cv_under_sys_siglist=no
bash_cv_unusable_rtsigs=no
bison_cv_c_supports_posixly_correct=yes
bison_cv_cxx_supports_posixly_correct=yes
bison_cv_cxx_works=yes
cvs_cv_func_printf_ptr=yes
db_cv_align_t='unsigned long long'
db_cv_alignp_t='unsigned long long'
db_cv_fcntl_f_setfd=yes
db_cv_path_ar=/usr/bin/ar
db_cv_path_chmod=/bin/chmod
db_cv_path_cp=/bin/cp
db_cv_path_ln=/bin/ln
db_cv_path_mkdir=/bin/mkdir
db_cv_path_ranlib=/usr/bin/ranlib
db_cv_path_rm=/bin/rm
db_cv_path_sh=/bin/sh
db_cv_path_strip=/usr/bin/strip
db_cv_sprintf_count=yes
fu_cv_sys_stat_statfs2_bsize=yes
gl_cv___builtin_expect=yes
gl_cv_arithmetic_hrtime_t=no
gl_cv_c___inline=yes
gl_cv_c_amsterdam_compiler=no
gl_cv_c_inline_effective=yes
gl_cv_c_multiarch=no
gl_cv_cc_double_expbit0='word 1 bit 20'
gl_cv_cc_float_expbit0='word 0 bit 23'
gl_cv_compiler_check_decl_option=none
gl_cv_compiler_clang=no
gl_cv_decl_ioctl_in_sys_ioctl_h=yes
gl_cv_decl_null_works=yes
gl_cv_decl_readlink_works=yes
gl_cv_double_slash_root=no
gl_cv_elf=yes
gl_cv_func___fpending=yes
gl_cv_func_btowc_eof=yes
gl_cv_func_dup2_works=yes
gl_cv_func_fcntl_f_dupfd_cloexec='needs runtime check'
gl_cv_func_fcntl_f_dupfd_works=yes
gl_cv_func_fopen_mode_e=yes
gl_cv_func_fopen_mode_x=yes
gl_cv_func_fopen_slash=yes
gl_cv_func_fprintf_posix=no
gl_cv_func_free_preserves_errno=yes
gl_cv_func_frexp_no_libm=yes
gl_cv_func_frexp_works=yes
gl_cv_func_frexpl_no_libm=yes
gl_cv_func_frexpl_works=yes
gl_cv_func_fstatat_zero_flag=yes
gl_cv_func_getcwd_abort_bug=no
gl_cv_func_getcwd_null=yes
gl_cv_func_getcwd_path_max=yes
gl_cv_func_getcwd_posix_signature=yes
gl_cv_func_getcwd_succeeds_beyond_4k=yes
gl_cv_func_getdtablesize_works=yes
gl_cv_func_getopt_gnu=yes
gl_cv_func_getopt_long_gnu=yes
gl_cv_func_getopt_posix=yes
gl_cv_func_getpagesize=yes
gl_cv_func_gettimeofday_posix_signature=yes
gl_cv_func_isnand_no_libm=yes
gl_cv_func_isnanf_no_libm=yes
gl_cv_func_isnanf_works=yes
gl_cv_func_isnanl_no_libm=yes
gl_cv_func_isnanl_works=yes
gl_cv_func_iswcntrl_works=yes
gl_cv_func_iswdigit_works=yes
gl_cv_func_iswxdigit_works=yes
gl_cv_func_itold_works=yes
gl_cv_func_ldexp_no_libm=yes
gl_cv_func_ldexpl_no_libm=yes
gl_cv_func_ldexpl_works=yes
gl_cv_func_link_follows_symlink=no
gl_cv_func_lstat_dereferences_slashed_symlink=yes
gl_cv_func_malloc_0_nonnull=1
gl_cv_func_malloc_posix=yes
gl_cv_func_mbrtowc_C_locale_sans_EILSEQ=no
gl_cv_func_mbrtowc_empty_input=yes
gl_cv_func_mbrtowc_incomplete_state=yes
gl_cv_func_mbrtowc_nul_retval=yes
gl_cv_func_mbrtowc_null_arg1=yes
gl_cv_func_mbrtowc_null_arg2=yes
gl_cv_func_mbrtowc_null_arg=yes
gl_cv_func_mbrtowc_retval=yes
gl_cv_func_mbrtowc_sanitycheck=yes
gl_cv_func_mbrtowc_stores_incomplete=no
gl_cv_func_memchr_works=yes
gl_cv_func_nanosleep='no (mishandles large arguments)'
gl_cv_func_open_slash=yes
gl_cv_func_perror_works=yes
gl_cv_func_posix_spawn_file_actions_addclose_works=yes
gl_cv_func_posix_spawn_file_actions_adddup2_works=yes
gl_cv_func_posix_spawn_file_actions_addopen_works=yes
gl_cv_func_posix_spawn_secure_exec=yes
gl_cv_func_posix_spawn_works=yes
gl_cv_func_posix_spawnp_secure_exec=yes
gl_cv_func_printf_attribute_flavor=system
gl_cv_func_printf_directive_a=yes
gl_cv_func_printf_directive_f=yes
gl_cv_func_printf_directive_ls=yes
gl_cv_func_printf_directive_n=no
gl_cv_func_printf_enomem=yes
gl_cv_func_printf_flag_grouping=yes
gl_cv_func_printf_flag_leftadjust=yes
gl_cv_func_printf_flag_zero=yes
gl_cv_func_printf_infinite=yes
gl_cv_func_printf_infinite_long_double=yes
gl_cv_func_printf_long_double=yes
gl_cv_func_printf_positions=yes
gl_cv_func_printf_precision=yes
gl_cv_func_printf_sizes_c99=yes
gl_cv_func_readlink_trailing_slash=yes
gl_cv_func_readlink_truncate=yes
gl_cv_func_realpath_works=yes
gl_cv_func_rename_dest_works=yes
gl_cv_func_rename_link_works=yes
gl_cv_func_rename_slash_dst_works=yes
gl_cv_func_rename_slash_src_works=yes
gl_cv_func_setlocale_null_all_mtsafe=yes
gl_cv_func_setlocale_null_one_mtsafe=yes
gl_cv_func_signbit=yes
gl_cv_func_signbit_builtins=yes
gl_cv_func_sleep_works=yes
gl_cv_func_snprintf_directive_n=no
gl_cv_func_snprintf_posix=no
gl_cv_func_snprintf_retval_c99=yes
gl_cv_func_snprintf_size1=yes
gl_cv_func_snprintf_truncation_c99=yes
gl_cv_func_snprintf_usable=yes
gl_cv_func_spawnattr_setschedparam=yes
gl_cv_func_spawnattr_setschedpolicy=yes
gl_cv_func_sprintf_posix=no
gl_cv_func_stat_file_slash=yes
gl_cv_func_stpncpy=yes
gl_cv_func_strerror_0_works=yes
gl_cv_func_strerror_r_posix_signature=no
gl_cv_func_strerror_r_works=yes
gl_cv_func_strndup_works=yes
gl_cv_func_strtod_works=yes
gl_cv_func_unlink_busy_text=yes
gl_cv_func_unlink_honors_slashes=yes
gl_cv_func_unlink_parent_fails='guessing yes'
gl_cv_func_unsetenv_works=yes
gl_cv_func_vasprintf_posix=no
gl_cv_func_vfprintf_posix=no
gl_cv_func_vsnprintf_posix=no
gl_cv_func_vsnprintf_usable=yes
gl_cv_func_vsnprintf_zerosize_c99=yes
gl_cv_func_vsprintf_posix=no
gl_cv_func_wcrtomb_retval=yes
gl_cv_func_wctob_works=yes
gl_cv_func_wcwidth_works=yes
gl_cv_func_working_mkstemp=yes
gl_cv_func_working_mktime=yes
gl_cv_func_working_strerror=yes
gl_cv_func_working_utimes=yes
gl_cv_have_clock_gettime_macro=yes
gl_cv_have_include_next=yes
gl_cv_have_proc_uptime=yes
gl_cv_have_weak=yes
gl_cv_header_errno_h_complete=yes
gl_cv_header_inttypes_h=yes
gl_cv_header_limits_width=yes
gl_cv_header_locale_h_needs_xlocale_h=no
gl_cv_header_locale_h_posix2001=yes
gl_cv_header_locale_has_locale_t=yes
gl_cv_header_math_huge_val_works=yes
gl_cv_header_math_nan_works=yes
gl_cv_header_stdint_h=yes
gl_cv_header_stdint_width=yes
gl_cv_header_stdint_without_STDC_macros=yes
gl_cv_header_wchar_h_correct_inline=yes
gl_cv_header_working_fcntl_h=yes
gl_cv_header_working_stdalign_h=yes
gl_cv_header_working_stdint_h=yes
gl_cv_host_cpu_c_abi_32bit=no
gl_cv_lib_readline=no
gl_cv_long_double_equals_double=no
gl_cv_macro_O_CLOEXEC=yes
gl_cv_malloc_ptrdiff=yes
gl_cv_minmax_in_limits_h=no
gl_cv_minmax_in_sys_param_h=yes
gl_cv_next_dirent_h='<dirent.h>'
gl_cv_next_fcntl_h='<fcntl.h>'
gl_cv_next_getopt_h='<getopt.h>'
gl_cv_next_iconv_h='<iconv.h>'
gl_cv_next_inttypes_h='<inttypes.h>'
gl_cv_next_limits_h='<limits.h>'
gl_cv_next_locale_h='<locale.h>'
gl_cv_next_math_h='<math.h>'
gl_cv_next_sched_h='<sched.h>'
gl_cv_next_signal_h='<signal.h>'
gl_cv_next_spawn_h='<spawn.h>'
gl_cv_next_stdint_h='<stdint.h>'
gl_cv_next_stdio_h='<stdio.h>'
gl_cv_next_stdlib_h='<stdlib.h>'
gl_cv_next_string_h='<string.h>'
gl_cv_next_strings_h='<strings.h>'
gl_cv_next_sys_ioctl_h='<sys/ioctl.h>'
gl_cv_next_sys_resource_h='<sys/resource.h>'
gl_cv_next_sys_stat_h='<sys/stat.h>'
gl_cv_next_sys_time_h='<sys/time.h>'
gl_cv_next_sys_times_h='<sys/times.h>'
gl_cv_next_sys_types_h='<sys/types.h>'
gl_cv_next_sys_wait_h='<sys/wait.h>'
gl_cv_next_termios_h='<termios.h>'
gl_cv_next_time_h='<time.h>'
gl_cv_next_unistd_h='<unistd.h>'
gl_cv_next_wchar_h='<wchar.h>'
gl_cv_next_wctype_h='<wctype.h>'
gl_cv_pipes_are_fifos='yes (1)'
gl_cv_prog_as_underscore=no
gl_cv_promoted_mode_t=mode_t
gl_cv_pthread_rwlock_rdlock_prefer_writer=no
gl_cv_rpl_alloca=yes
gl_cv_size_max=yes
gl_cv_source_line_length_unlimited=yes
gl_cv_struct_dirent_d_ino=yes
gl_cv_sys_struct_lconv_ok=yes
gl_cv_sys_struct_timespec_in_time_h=yes
gl_cv_sys_struct_timeval=yes
gl_cv_sys_struct_timeval_tv_sec=yes
gl_cv_sys_struct_winsize_needs_sys_ptem_h=no
gl_cv_sys_tiocgwinsz_needs_sys_ioctl_h=yes
gl_cv_sys_tiocgwinsz_needs_termios_h=no
gl_cv_test_INT32_MAX_LT_INTMAX_MAX=yes
gl_cv_test_INT64_MAX_EQ_LONG_MAX=yes
gl_cv_test_UINT32_MAX_LT_UINTMAX_MAX=yes
gl_cv_test_UINT64_MAX_EQ_ULONG_MAX=yes
gl_cv_time_h_has_TIME_UTC=yes
gl_cv_type_max_align_t=yes
gl_cv_type_sigset_t=yes
gl_cv_type_wctrans_t=yes
gl_cv_type_wctype_t=yes
gl_cv_type_wint_t_large_enough=yes
gl_cv_warn_cxx__Werror__Wunknown_warning_option=no
gl_cv_warn_cxx__fno_exceptions=yes
glib_cv___va_copy=yes
glib_cv_compliant_posix_memalign=1
glib_cv_has__inline=yes
glib_cv_has__inline__=yes
glib_cv_hasinline=yes
glib_cv_have_qsort_r=yes
glib_cv_long_long_format=ll
glib_cv_rtldglobal_broken=yes
glib_cv_sane_realloc=yes
glib_cv_sizeof_gmutex=40
glib_cv_sizeof_intmax_t=8
glib_cv_sizeof_ptrdiff_t=8
glib_cv_sizeof_size_t=8
glib_cv_sizeof_system_thread=8
glib_cv_stack_grows=no
glib_cv_strlcpy=no
glib_cv_sys_pthread_cond_timedwait_posix=yes
glib_cv_sys_pthread_getspecific_posix=yes
glib_cv_sys_pthread_mutex_trylock_posix=yes
glib_cv_uscore=no
glib_cv_va_copy=yes
glib_cv_va_val_copy=no
gt_cv_c_intmax_t=yes
gt_cv_c_wchar_t=yes
gt_cv_c_wint_t=yes
gt_cv_func_CFLocaleCopyCurrent=no
gt_cv_func_CFPreferencesCopyAppValue=no
gt_cv_func_unsetenv_ret=int
gt_cv_locale_fr=fr_FR
gt_cv_locale_fr_utf8=fr_FR.UTF-8
gt_cv_locale_ja=none
gt_cv_locale_zh_CN=none
gt_cv_ssize_t=yes
gt_cv_var_environ_declaration=yes
hw_cv_func_snprintf_c99=yes
hw_cv_func_vsnprintf_c99=yes
lf_cv_sane_realloc=yes
lftp_cv_va_val_copy=no
lt_cv_sys_lib_dlsearch_path_spec='/home/ubuntu/yocto/rpi-build/tmp/work/x86_64-linux/bison-native/3.8.2-r0/recipe-sysroot-native/usr/lib /home/ubuntu/yocto/rpi-build/tmp/work/x86_64-linux/bison-native/3.8.2-r0/recipe-sysroot-native/usr/lib /lib /lib64 /usr/lib /usr/lib64'
lv_cv_gcc_pragma_push_works=yes
mr_cv_target_elf=yes
nano_cv_func_regexec_segv_emptystr=no
nfsd_cv_broken_setfsuid=0
nfsd_cv_bsd_signals=yes
nfsd_cv_func_statfs=statfs2_bsize
rsync_cv_HAVE_C99_VSNPRINTF=yes
samba_cv_HAVE_IFACE_AIX=no
samba_cv_HAVE_IFACE_IFCONF=yes
samba_cv_HAVE_IFACE_IFREQ=yes
samba_cv_HAVE_IRIX_SPECIFIC_CAPABILITIES=no
samba_cv_HAVE_VA_COPY=yes
screen_cv_sys_bcopy_overlap=no
screen_cv_sys_fifo_broken_impl=yes
screen_cv_sys_fifo_usable=yes
screen_cv_sys_memcpy_overlap=no
screen_cv_sys_memmove_overlap=no
screen_cv_sys_select_broken_retval=no
screen_cv_sys_sockets_nofs=no
screen_cv_sys_sockets_usable=yes
screen_cv_sys_terminfo_used=yes
shadow_cv_logdir=/home/ubuntu/yocto/rpi-build/tmp/work/x86_64-linux/bison-native/3.8.2-r0/recipe-sysroot-native/var/log
shadow_cv_maildir=/home/ubuntu/yocto/rpi-build/tmp/work/x86_64-linux/bison-native/3.8.2-r0/recipe-sysroot-native/var/spool/mail
shadow_cv_mailfile=Mailbox
shadow_cv_passwd_dir=/home/ubuntu/yocto/rpi-build/tmp/work/x86_64-linux/bison-native/3.8.2-r0/recipe-sysroot-native/usr/bin
shadow_cv_utmpdir=/home/ubuntu/yocto/rpi-build/tmp/work/x86_64-linux/bison-native/3.8.2-r0/recipe-sysroot-native/var/run
slrn_cv_va_val_copy=no
sudo_cv_func_unsetenv_void=no
tcl_cv_api_serial=termios
utils_cv_sys_open_max=1015
xorg_cv_malloc0_returns_null=yes

## ----------------- ##
## Output variables. ##
## ----------------- ##

ACLOCAL='${SHELL} '\''/home/ubuntu/yocto/rpi-build/tmp/work/x86_64-linux/bison-native/3.8.2-r0/bison-3.8.2/build-aux/missing'\'' aclocal-1.16'
ALLOCA=''
ALLOCA_H='lib/alloca.h'
AMDEPBACKSLASH=''
AMDEP_FALSE=''
AMDEP_TRUE='#'
AMTAR='$${TAR-tar}'
AM_BACKSLASH='\'
AM_DEFAULT_V='$(AM_DEFAULT_VERBOSITY)'
AM_DEFAULT_VERBOSITY='1'
AM_V='$(V)'
APPLE_UNIVERSAL_BUILD='0'
AR='ar'
ARFLAGS='cr'
ASM_SYMBOL_PREFIX='""'
AUTOCONF='${SHELL} '\''/home/ubuntu/yocto/rpi-build/tmp/work/x86_64-linux/bison-native/3.8.2-r0/bison-3.8.2/build-aux/missing'\'' autoconf'
AUTOHEADER='${SHELL} '\''/home/ubuntu/yocto/rpi-build/tmp/work/x86_64-linux/bison-native/3.8.2-r0/bison-3.8.2/build-aux/missing'\'' autoheader'
AUTOM4TE='${SHELL} '\''/home/ubuntu/yocto/rpi-build/tmp/work/x86_64-linux/bison-native/3.8.2-r0/bison-3.8.2/build-aux/missing'\'' autom4te'
AUTOMAKE='${SHELL} '\''/home/ubuntu/yocto/rpi-build/tmp/work/x86_64-linux/bison-native/3.8.2-r0/bison-3.8.2/build-aux/missing'\'' automake-1.16'
AWK='gawk'
BISON_CXX_WORKS=':'
BISON_C_WORKS=':'
BISON_LOCALEDIR=''
BITSIZEOF_PTRDIFF_T=''
BITSIZEOF_SIG_ATOMIC_T=''
BITSIZEOF_SIZE_T=''
BITSIZEOF_WCHAR_T=''
BITSIZEOF_WINT_T=''
CC='gcc '
CCDEPMODE='depmode=none'
CFLAGS='-isystem/home/ubuntu/yocto/rpi-build/tmp/work/x86_64-linux/bison-native/3.8.2-r0/recipe-sysroot-native/usr/include -O2 -pipe'
CFLAG_VISIBILITY=''
CLASSPATH=''
CLASSPATH_SEPARATOR=':'
CONFIG_INCLUDE='lib/config.h'
CONF_JAVA=''
CONF_JAVAC=''
CPP='gcc  -E'
CPPFLAGS='-isystem/home/ubuntu/yocto/rpi-build/tmp/work/x86_64-linux/bison-native/3.8.2-r0/recipe-sysroot-native/usr/include'
CROSS_COMPILING_FALSE=''
CROSS_COMPILING_TRUE='#'
CSCOPE='cscope'
CTAGS='ctags'
CXX03_CXXFLAGS='-std=c++03'
CXX11_CXXFLAGS='-std=c++11'
CXX14_CXXFLAGS='-std=c++14'
CXX17_CXXFLAGS='-std=c++17'
CXX20_CXXFLAGS='-std=c++20'
CXX2B_CXXFLAGS='-std=c++2b'
CXX98_CXXFLAGS='-std=c++98'
CXX='g++ '
CXXDEPMODE='depmode=none'
CXXFLAGS='-isystem/home/ubuntu/yocto/rpi-build/tmp/work/x86_64-linux/bison-native/3.8.2-r0/recipe-sysroot-native/usr/include -O2 -pipe'
CXX_COMPILER_POSIXLY_CORRECT='true'
CYGPATH_W='echo'
C_COMPILER_POSIXLY_CORRECT='true'
DC=''
DCFLAGS=''
DEFS=''
DEPDIR='.deps'
DOT='${SHELL} '\''/home/ubuntu/yocto/rpi-build/tmp/work/x86_64-linux/bison-native/3.8.2-r0/bison-3.8.2/build-aux/missing'\'' dot'
ECHO_C=''
ECHO_N='-n'
ECHO_T=''
EGREP='/home/ubuntu/yocto/rpi-build/tmp/hosttools/grep -E'
EMULTIHOP_HIDDEN=''
EMULTIHOP_VALUE=''
ENABLE_BISTROMATHIC_FALSE=''
ENABLE_BISTROMATHIC_TRUE='#'
ENABLE_CXX11_FALSE='#'
ENABLE_CXX11_TRUE=''
ENABLE_CXX14_FALSE='#'
ENABLE_CXX14_TRUE=''
ENABLE_CXX_FALSE='#'
ENABLE_CXX_TRUE=''
ENABLE_D_FALSE=''
ENABLE_D_TRUE='#'
ENABLE_GCC_WARNINGS_FALSE=''
ENABLE_GCC_WARNINGS_TRUE='#'
ENABLE_JAVA_FALSE=''
ENABLE_JAVA_TRUE='#'
ENABLE_YACC_FALSE='#'
ENABLE_YACC_TRUE=''
ENOLINK_HIDDEN=''
ENOLINK_VALUE=''
EOVERFLOW_HIDDEN=''
EOVERFLOW_VALUE=''
ERRNO_H=''
ETAGS='etags'
EXEEXT=''
FLEX_CXX_WORKS_FALSE='#'
FLEX_CXX_WORKS_TRUE=''
FLEX_SCANNER_CXXFLAGS=''
FLEX_WORKS_FALSE='#'
FLEX_WORKS_TRUE=''
FLOAT_H=''
GCC='yes'
GETOPT_CDEFS_H=''
GETOPT_H=''
GETTEXT_MACRO_VERSION='0.20'
GL_COND_LIBTOOL_FALSE=''
GL_COND_LIBTOOL_TRUE='#'
GL_GENERATE_ALLOCA_H_FALSE='#'
GL_GENERATE_ALLOCA_H_TRUE=''
GL_GENERATE_ERRNO_H_FALSE=''
GL_GENERATE_ERRNO_H_TRUE='#'
GL_GENERATE_FLOAT_H_FALSE=''
GL_GENERATE_FLOAT_H_TRUE='#'
GL_GENERATE_ICONV_H_FALSE='#'
GL_GENERATE_ICONV_H_TRUE=''
GL_GENERATE_LIMITS_H_FALSE='#'
GL_GENERATE_LIMITS_H_TRUE=''
GL_GENERATE_STDALIGN_H_FALSE=''
GL_GENERATE_STDALIGN_H_TRUE='#'
GL_GENERATE_STDBOOL_H_FALSE=''
GL_GENERATE_STDBOOL_H_TRUE='#'
GL_GENERATE_STDDEF_H_FALSE=''
GL_GENERATE_STDDEF_H_TRUE='#'
GL_GENERATE_STDINT_H_FALSE=''
GL_GENERATE_STDINT_H_TRUE='#'
GL_GENERATE_TEXTSTYLE_H_FALSE='#'
GL_GENERATE_TEXTSTYLE_H_TRUE=''
GL_GNULIB_ACCESS='1'
GL_GNULIB_ACOSF='0'
GL_GNULIB_ACOSL='0'
GL_GNULIB_ALIGNED_ALLOC='0'
GL_GNULIB_ALPHASORT='0'
GL_GNULIB_ASINF='0'
GL_GNULIB_ASINL='0'
GL_GNULIB_ATAN2F='0'
GL_GNULIB_ATANF='0'
GL_GNULIB_ATANL='0'
GL_GNULIB_ATOLL='0'
GL_GNULIB_BTOWC='0'
GL_GNULIB_CALLOC_POSIX='1'
GL_GNULIB_CANONICALIZE_FILE_NAME='1'
GL_GNULIB_CBRT='0'
GL_GNULIB_CBRTF='0'
GL_GNULIB_CBRTL='0'
GL_GNULIB_CEIL='0'
GL_GNULIB_CEILF='0'
GL_GNULIB_CEILL='0'
GL_GNULIB_CHDIR='0'
GL_GNULIB_CHOWN='0'
GL_GNULIB_CLOSE='1'
GL_GNULIB_CLOSEDIR='0'
GL_GNULIB_COPYSIGN='0'
GL_GNULIB_COPYSIGNF='0'
GL_GNULIB_COPYSIGNL='0'
GL_GNULIB_COPY_FILE_RANGE='0'
GL_GNULIB_COSF='0'
GL_GNULIB_COSHF='0'
GL_GNULIB_COSL='0'
GL_GNULIB_CREAT='0'
GL_GNULIB_CTIME='0'
GL_GNULIB_DIRFD='0'
GL_GNULIB_DPRINTF='0'
GL_GNULIB_DUP2='1'
GL_GNULIB_DUP3='0'
GL_GNULIB_DUP='0'
GL_GNULIB_DUPLOCALE='0'
GL_GNULIB_ENVIRON='1'
GL_GNULIB_EUIDACCESS='0'
GL_GNULIB_EXECL='0'
GL_GNULIB_EXECLE='0'
GL_GNULIB_EXECLP='0'
GL_GNULIB_EXECV='0'
GL_GNULIB_EXECVE='0'
GL_GNULIB_EXECVP='0'
GL_GNULIB_EXECVPE='0'
GL_GNULIB_EXP2='0'
GL_GNULIB_EXP2F='0'
GL_GNULIB_EXP2L='0'
GL_GNULIB_EXPF='0'
GL_GNULIB_EXPL='0'
GL_GNULIB_EXPLICIT_BZERO='0'
GL_GNULIB_EXPM1='0'
GL_GNULIB_EXPM1F='0'
GL_GNULIB_EXPM1L='0'
GL_GNULIB_FABSF='0'
GL_GNULIB_FABSL='0'
GL_GNULIB_FACCESSAT='0'
GL_GNULIB_FCHDIR='0'
GL_GNULIB_FCHMODAT='0'
GL_GNULIB_FCHOWNAT='0'
GL_GNULIB_FCLOSE='0'
GL_GNULIB_FCNTL='1'
GL_GNULIB_FDATASYNC='0'
GL_GNULIB_FDOPEN='0'
GL_GNULIB_FDOPENDIR='0'
GL_GNULIB_FFLUSH='0'
GL_GNULIB_FFS='0'
GL_GNULIB_FFSL='1'
GL_GNULIB_FFSLL='0'
GL_GNULIB_FGETC='1'
GL_GNULIB_FGETS='1'
GL_GNULIB_FLOOR='0'
GL_GNULIB_FLOORF='0'
GL_GNULIB_FLOORL='0'
GL_GNULIB_FMA='0'
GL_GNULIB_FMAF='0'
GL_GNULIB_FMAL='0'
GL_GNULIB_FMOD='0'
GL_GNULIB_FMODF='0'
GL_GNULIB_FMODL='0'
GL_GNULIB_FOPEN='1'
GL_GNULIB_FPRINTF='1'
GL_GNULIB_FPRINTF_POSIX='1'
GL_GNULIB_FPURGE='0'
GL_GNULIB_FPUTC='1'
GL_GNULIB_FPUTS='1'
GL_GNULIB_FREAD='1'
GL_GNULIB_FREE_POSIX='1'
GL_GNULIB_FREOPEN='0'
GL_GNULIB_FREXP='1'
GL_GNULIB_FREXPF='0'
GL_GNULIB_FREXPL='1'
GL_GNULIB_FSCANF='1'
GL_GNULIB_FSEEK='0'
GL_GNULIB_FSEEKO='0'
GL_GNULIB_FSTAT='0'
GL_GNULIB_FSTATAT='0'
GL_GNULIB_FSYNC='1'
GL_GNULIB_FTELL='0'
GL_GNULIB_FTELLO='0'
GL_GNULIB_FTRUNCATE='0'
GL_GNULIB_FUTIMENS='0'
GL_GNULIB_FWRITE='1'
GL_GNULIB_GETC='1'
GL_GNULIB_GETCHAR='1'
GL_GNULIB_GETCWD='1'
GL_GNULIB_GETDELIM='0'
GL_GNULIB_GETDOMAINNAME='0'
GL_GNULIB_GETDTABLESIZE='1'
GL_GNULIB_GETENTROPY='0'
GL_GNULIB_GETGROUPS='0'
GL_GNULIB_GETHOSTNAME='0'
GL_GNULIB_GETLINE='1'
GL_GNULIB_GETLOADAVG='0'
GL_GNULIB_GETLOGIN='0'
GL_GNULIB_GETLOGIN_R='0'
GL_GNULIB_GETOPT_POSIX='1'
GL_GNULIB_GETPAGESIZE='0'
GL_GNULIB_GETPASS='0'
GL_GNULIB_GETRUSAGE='1'
GL_GNULIB_GETSUBOPT='0'
GL_GNULIB_GETTIMEOFDAY='1'
GL_GNULIB_GETUMASK='0'
GL_GNULIB_GETUSERSHELL='0'
GL_GNULIB_GRANTPT='0'
GL_GNULIB_GROUP_MEMBER='0'
GL_GNULIB_HYPOT='0'
GL_GNULIB_HYPOTF='0'
GL_GNULIB_HYPOTL='0'
GL_GNULIB_ICONV='1'
GL_GNULIB_ILOGB='0'
GL_GNULIB_ILOGBF='0'
GL_GNULIB_ILOGBL='0'
GL_GNULIB_IMAXABS='0'
GL_GNULIB_IMAXDIV='0'
GL_GNULIB_IOCTL='0'
GL_GNULIB_ISATTY='0'
GL_GNULIB_ISFINITE='0'
GL_GNULIB_ISINF='0'
GL_GNULIB_ISNAN='1'
GL_GNULIB_ISNAND='1'
GL_GNULIB_ISNANF='1'
GL_GNULIB_ISNANL='1'
GL_GNULIB_ISWBLANK='1'
GL_GNULIB_ISWCTYPE='0'
GL_GNULIB_ISWDIGIT='1'
GL_GNULIB_ISWXDIGIT='1'
GL_GNULIB_LCHMOD='0'
GL_GNULIB_LCHOWN='0'
GL_GNULIB_LDEXPF='0'
GL_GNULIB_LDEXPL='1'
GL_GNULIB_LINK='0'
GL_GNULIB_LINKAT='0'
GL_GNULIB_LOCALECONV='0'
GL_GNULIB_LOCALENAME='0'
GL_GNULIB_LOCALTIME='0'
GL_GNULIB_LOG10='0'
GL_GNULIB_LOG10F='0'
GL_GNULIB_LOG10L='0'
GL_GNULIB_LOG1P='0'
GL_GNULIB_LOG1PF='0'
GL_GNULIB_LOG1PL='0'
GL_GNULIB_LOG2='0'
GL_GNULIB_LOG2F='0'
GL_GNULIB_LOG2L='0'
GL_GNULIB_LOG='0'
GL_GNULIB_LOGB='0'
GL_GNULIB_LOGBF='0'
GL_GNULIB_LOGBL='0'
GL_GNULIB_LOGF='0'
GL_GNULIB_LOGL='0'
GL_GNULIB_LSEEK='0'
GL_GNULIB_LSTAT='0'
GL_GNULIB_MALLOC_POSIX='1'
GL_GNULIB_MBRLEN='0'
GL_GNULIB_MBRTOWC='1'
GL_GNULIB_MBSCASECMP='0'
GL_GNULIB_MBSCASESTR='0'
GL_GNULIB_MBSCHR='0'
GL_GNULIB_MBSCSPN='0'
GL_GNULIB_MBSINIT='1'
GL_GNULIB_MBSLEN='0'
GL_GNULIB_MBSNCASECMP='0'
GL_GNULIB_MBSNLEN='0'
GL_GNULIB_MBSNRTOWCS='0'
GL_GNULIB_MBSPBRK='0'
GL_GNULIB_MBSPCASECMP='0'
GL_GNULIB_MBSRCHR='0'
GL_GNULIB_MBSRTOWCS='0'
GL_GNULIB_MBSSEP='0'
GL_GNULIB_MBSSPN='0'
GL_GNULIB_MBSSTR='0'
GL_GNULIB_MBSTOK_R='0'
GL_GNULIB_MBTOWC='0'
GL_GNULIB_MDA_ACCESS='1'
GL_GNULIB_MDA_CHDIR='1'
GL_GNULIB_MDA_CHMOD='1'
GL_GNULIB_MDA_CLOSE='1'
GL_GNULIB_MDA_CREAT='1'
GL_GNULIB_MDA_DUP2='1'
GL_GNULIB_MDA_DUP='1'
GL_GNULIB_MDA_ECVT='1'
GL_GNULIB_MDA_EXECL='1'
GL_GNULIB_MDA_EXECLE='1'
GL_GNULIB_MDA_EXECLP='1'
GL_GNULIB_MDA_EXECV='1'
GL_GNULIB_MDA_EXECVE='1'
GL_GNULIB_MDA_EXECVP='1'
GL_GNULIB_MDA_EXECVPE='1'
GL_GNULIB_MDA_FCLOSEALL='1'
GL_GNULIB_MDA_FCVT='1'
GL_GNULIB_MDA_FDOPEN='1'
GL_GNULIB_MDA_FILENO='1'
GL_GNULIB_MDA_GCVT='1'
GL_GNULIB_MDA_GETCWD='1'
GL_GNULIB_MDA_GETPID='1'
GL_GNULIB_MDA_GETW='1'
GL_GNULIB_MDA_ISATTY='1'
GL_GNULIB_MDA_J0='1'
GL_GNULIB_MDA_J1='1'
GL_GNULIB_MDA_JN='1'
GL_GNULIB_MDA_LSEEK='1'
GL_GNULIB_MDA_MEMCCPY='1'
GL_GNULIB_MDA_MKDIR='1'
GL_GNULIB_MDA_MKTEMP='1'
GL_GNULIB_MDA_OPEN='1'
GL_GNULIB_MDA_PUTENV='1'
GL_GNULIB_MDA_PUTW='1'
GL_GNULIB_MDA_READ='1'
GL_GNULIB_MDA_RMDIR='1'
GL_GNULIB_MDA_STRDUP='1'
GL_GNULIB_MDA_SWAB='1'
GL_GNULIB_MDA_TEMPNAM='1'
GL_GNULIB_MDA_TZSET='1'
GL_GNULIB_MDA_UMASK='1'
GL_GNULIB_MDA_UNLINK='1'
GL_GNULIB_MDA_WCSDUP='1'
GL_GNULIB_MDA_WRITE='1'
GL_GNULIB_MDA_Y0='1'
GL_GNULIB_MDA_Y1='1'
GL_GNULIB_MDA_YN='1'
GL_GNULIB_MEMCHR='1'
GL_GNULIB_MEMMEM='0'
GL_GNULIB_MEMPCPY='1'
GL_GNULIB_MEMRCHR='0'
GL_GNULIB_MKDIR='0'
GL_GNULIB_MKDIRAT='0'
GL_GNULIB_MKDTEMP='0'
GL_GNULIB_MKFIFO='0'
GL_GNULIB_MKFIFOAT='0'
GL_GNULIB_MKNOD='0'
GL_GNULIB_MKNODAT='0'
GL_GNULIB_MKOSTEMP='0'
GL_GNULIB_MKOSTEMPS='0'
GL_GNULIB_MKSTEMP='0'
GL_GNULIB_MKSTEMPS='0'
GL_GNULIB_MKTIME='0'
GL_GNULIB_MODF='0'
GL_GNULIB_MODFF='0'
GL_GNULIB_MODFL='0'
GL_GNULIB_NANOSLEEP='0'
GL_GNULIB_NONBLOCKING='0'
GL_GNULIB_OBSTACK_PRINTF='1'
GL_GNULIB_OBSTACK_PRINTF_POSIX='0'
GL_GNULIB_OPEN='1'
GL_GNULIB_OPENAT='0'
GL_GNULIB_OPENDIR='0'
GL_GNULIB_OVERRIDES_STRUCT_STAT='0'
GL_GNULIB_PCLOSE='0'
GL_GNULIB_PERROR='1'
GL_GNULIB_PIPE2='1'
GL_GNULIB_PIPE='1'
GL_GNULIB_POPEN='0'
GL_GNULIB_POSIX_MEMALIGN='0'
GL_GNULIB_POSIX_OPENPT='0'
GL_GNULIB_POSIX_SPAWN='1'
GL_GNULIB_POSIX_SPAWNATTR_DESTROY='1'
GL_GNULIB_POSIX_SPAWNATTR_GETFLAGS='0'
GL_GNULIB_POSIX_SPAWNATTR_GETPGROUP='0'
GL_GNULIB_POSIX_SPAWNATTR_GETSCHEDPARAM='0'
GL_GNULIB_POSIX_SPAWNATTR_GETSCHEDPOLICY='0'
GL_GNULIB_POSIX_SPAWNATTR_GETSIGDEFAULT='0'
GL_GNULIB_POSIX_SPAWNATTR_GETSIGMASK='0'
GL_GNULIB_POSIX_SPAWNATTR_INIT='1'
GL_GNULIB_POSIX_SPAWNATTR_SETFLAGS='1'
GL_GNULIB_POSIX_SPAWNATTR_SETPGROUP='1'
GL_GNULIB_POSIX_SPAWNATTR_SETSCHEDPARAM='0'
GL_GNULIB_POSIX_SPAWNATTR_SETSCHEDPOLICY='0'
GL_GNULIB_POSIX_SPAWNATTR_SETSIGDEFAULT='0'
GL_GNULIB_POSIX_SPAWNATTR_SETSIGMASK='1'
GL_GNULIB_POSIX_SPAWNP='1'
GL_GNULIB_POSIX_SPAWN_FILE_ACTIONS_ADDCHDIR='1'
GL_GNULIB_POSIX_SPAWN_FILE_ACTIONS_ADDCLOSE='1'
GL_GNULIB_POSIX_SPAWN_FILE_ACTIONS_ADDDUP2='1'
GL_GNULIB_POSIX_SPAWN_FILE_ACTIONS_ADDFCHDIR='0'
GL_GNULIB_POSIX_SPAWN_FILE_ACTIONS_ADDOPEN='1'
GL_GNULIB_POSIX_SPAWN_FILE_ACTIONS_DESTROY='1'
GL_GNULIB_POSIX_SPAWN_FILE_ACTIONS_INIT='1'
GL_GNULIB_POWF='0'
GL_GNULIB_PREAD='0'
GL_GNULIB_PRINTF='1'
GL_GNULIB_PRINTF_POSIX='1'
GL_GNULIB_PTHREAD_SIGMASK='0'
GL_GNULIB_PTSNAME='0'
GL_GNULIB_PTSNAME_R='0'
GL_GNULIB_PUTC='1'
GL_GNULIB_PUTCHAR='1'
GL_GNULIB_PUTENV='0'
GL_GNULIB_PUTS='1'
GL_GNULIB_PWRITE='0'
GL_GNULIB_QSORT_R='0'
GL_GNULIB_RAISE='1'
GL_GNULIB_RANDOM='0'
GL_GNULIB_RANDOM_R='0'
GL_GNULIB_RAWMEMCHR='1'
GL_GNULIB_READ='0'
GL_GNULIB_READDIR='0'
GL_GNULIB_READLINK='1'
GL_GNULIB_READLINKAT='0'
GL_GNULIB_REALLOCARRAY='1'
GL_GNULIB_REALLOC_POSIX='1'
GL_GNULIB_REALPATH='1'
GL_GNULIB_REMAINDER='0'
GL_GNULIB_REMAINDERF='0'
GL_GNULIB_REMAINDERL='0'
GL_GNULIB_REMOVE='0'
GL_GNULIB_RENAME='1'
GL_GNULIB_RENAMEAT='0'
GL_GNULIB_REWINDDIR='0'
GL_GNULIB_RINT='0'
GL_GNULIB_RINTF='0'
GL_GNULIB_RINTL='0'
GL_GNULIB_RMDIR='0'
GL_GNULIB_ROUND='0'
GL_GNULIB_ROUNDF='0'
GL_GNULIB_ROUNDL='0'
GL_GNULIB_RPMATCH='0'
GL_GNULIB_SCANDIR='0'
GL_GNULIB_SCANF='1'
GL_GNULIB_SCHED_YIELD='0'
GL_GNULIB_SECURE_GETENV='0'
GL_GNULIB_SETENV='0'
GL_GNULIB_SETHOSTNAME='0'
GL_GNULIB_SETLOCALE='0'
GL_GNULIB_SETLOCALE_NULL='1'
GL_GNULIB_SIGABBREV_NP='0'
GL_GNULIB_SIGACTION='1'
GL_GNULIB_SIGDESCR_NP='0'
GL_GNULIB_SIGNAL_H_SIGPIPE='0'
GL_GNULIB_SIGNBIT='1'
GL_GNULIB_SIGPROCMASK='1'
GL_GNULIB_SINF='0'
GL_GNULIB_SINHF='0'
GL_GNULIB_SINL='0'
GL_GNULIB_SLEEP='0'
GL_GNULIB_SNPRINTF='1'
GL_GNULIB_SPRINTF_POSIX='1'
GL_GNULIB_SQRTF='0'
GL_GNULIB_SQRTL='0'
GL_GNULIB_STAT='1'
GL_GNULIB_STDIO_H_NONBLOCKING='0'
GL_GNULIB_STDIO_H_SIGPIPE='0'
GL_GNULIB_STPCPY='1'
GL_GNULIB_STPNCPY='1'
GL_GNULIB_STRCASESTR='0'
GL_GNULIB_STRCHRNUL='0'
GL_GNULIB_STRDUP='1'
GL_GNULIB_STRERROR='1'
GL_GNULIB_STRERRORNAME_NP='0'
GL_GNULIB_STRERROR_R='0'
GL_GNULIB_STRFTIME='0'
GL_GNULIB_STRNCAT='0'
GL_GNULIB_STRNDUP='1'
GL_GNULIB_STRNLEN='0'
GL_GNULIB_STRPBRK='0'
GL_GNULIB_STRPTIME='0'
GL_GNULIB_STRSEP='0'
GL_GNULIB_STRSIGNAL='0'
GL_GNULIB_STRSTR='0'
GL_GNULIB_STRTOD='1'
GL_GNULIB_STRTOIMAX='0'
GL_GNULIB_STRTOK_R='0'
GL_GNULIB_STRTOL='0'
GL_GNULIB_STRTOLD='0'
GL_GNULIB_STRTOLL='0'
GL_GNULIB_STRTOUL='0'
GL_GNULIB_STRTOULL='0'
GL_GNULIB_STRTOUMAX='0'
GL_GNULIB_STRVERSCMP='1'
GL_GNULIB_SYMLINK='0'
GL_GNULIB_SYMLINKAT='0'
GL_GNULIB_SYSTEM_POSIX='0'
GL_GNULIB_TANF='0'
GL_GNULIB_TANHF='0'
GL_GNULIB_TANL='0'
GL_GNULIB_TCGETSID='0'
GL_GNULIB_TIMEGM='0'
GL_GNULIB_TIMES='0'
GL_GNULIB_TIMESPEC_GET='0'
GL_GNULIB_TIME_R='0'
GL_GNULIB_TIME_RZ='0'
GL_GNULIB_TMPFILE='0'
GL_GNULIB_TOWCTRANS='0'
GL_GNULIB_TRUNC='0'
GL_GNULIB_TRUNCATE='0'
GL_GNULIB_TRUNCF='0'
GL_GNULIB_TRUNCL='0'
GL_GNULIB_TTYNAME_R='0'
GL_GNULIB_TZSET='0'
GL_GNULIB_UNISTD_H_GETOPT='0'
GL_GNULIB_UNISTD_H_NONBLOCKING='0'
GL_GNULIB_UNISTD_H_SIGPIPE='0'
GL_GNULIB_UNLINK='1'
GL_GNULIB_UNLINKAT='0'
GL_GNULIB_UNLOCKPT='0'
GL_GNULIB_UNSETENV='1'
GL_GNULIB_USLEEP='0'
GL_GNULIB_UTIMENSAT='0'
GL_GNULIB_VASPRINTF='1'
GL_GNULIB_VDPRINTF='0'
GL_GNULIB_VFPRINTF='1'
GL_GNULIB_VFPRINTF_POSIX='1'
GL_GNULIB_VFSCANF='0'
GL_GNULIB_VPRINTF='1'
GL_GNULIB_VPRINTF_POSIX='0'
GL_GNULIB_VSCANF='0'
GL_GNULIB_VSNPRINTF='1'
GL_GNULIB_VSPRINTF_POSIX='1'
GL_GNULIB_WAITPID='1'
GL_GNULIB_WCPCPY='0'
GL_GNULIB_WCPNCPY='0'
GL_GNULIB_WCRTOMB='0'
GL_GNULIB_WCSCASECMP='0'
GL_GNULIB_WCSCAT='0'
GL_GNULIB_WCSCHR='0'
GL_GNULIB_WCSCMP='0'
GL_GNULIB_WCSCOLL='0'
GL_GNULIB_WCSCPY='0'
GL_GNULIB_WCSCSPN='0'
GL_GNULIB_WCSDUP='0'
GL_GNULIB_WCSFTIME='0'
GL_GNULIB_WCSLEN='0'
GL_GNULIB_WCSNCASECMP='0'
GL_GNULIB_WCSNCAT='0'
GL_GNULIB_WCSNCMP='0'
GL_GNULIB_WCSNCPY='0'
GL_GNULIB_WCSNLEN='0'
GL_GNULIB_WCSNRTOMBS='0'
GL_GNULIB_WCSPBRK='0'
GL_GNULIB_WCSRCHR='0'
GL_GNULIB_WCSRTOMBS='0'
GL_GNULIB_WCSSPN='0'
GL_GNULIB_WCSSTR='0'
GL_GNULIB_WCSTOK='0'
GL_GNULIB_WCSWIDTH='0'
GL_GNULIB_WCSXFRM='0'
GL_GNULIB_WCTOB='0'
GL_GNULIB_WCTOMB='0'
GL_GNULIB_WCTRANS='0'
GL_GNULIB_WCTYPE='0'
GL_GNULIB_WCWIDTH='1'
GL_GNULIB_WMEMCHR='0'
GL_GNULIB_WMEMCMP='0'
GL_GNULIB_WMEMCPY='0'
GL_GNULIB_WMEMMOVE='0'
GL_GNULIB_WMEMPCPY='0'
GL_GNULIB_WMEMSET='0'
GL_GNULIB_WRITE='0'
GL_GNULIB__EXIT='0'
GMSGFMT=':'
GMSGFMT_015=':'
GNULIBHEADERS_OVERRIDE_WINT_T='0'
GNULIB_GETTIMEOFDAY='0'
GREP='/home/ubuntu/yocto/rpi-build/tmp/hosttools/grep'
HAVE_ACOSF='1'
HAVE_ACOSL='1'
HAVE_ALIGNED_ALLOC='1'
HAVE_ALLOCA_H='1'
HAVE_ALPHASORT='1'
HAVE_ASINF='1'
HAVE_ASINL='1'
HAVE_ATAN2F='1'
HAVE_ATANF='1'
HAVE_ATANL='1'
HAVE_ATOLL='1'
HAVE_BTOWC='1'
HAVE_C99_STDINT_H='1'
HAVE_CANONICALIZE_FILE_NAME='1'
HAVE_CBRT='1'
HAVE_CBRTF='1'
HAVE_CBRTL='1'
HAVE_CHOWN='1'
HAVE_CLOSEDIR='1'
HAVE_COPYSIGN='1'
HAVE_COPYSIGNL='1'
HAVE_COPY_FILE_RANGE='1'
HAVE_COSF='1'
HAVE_COSHF='1'
HAVE_COSL='1'
HAVE_CRTDEFS_H='0'
HAVE_DECL_ACOSL='1'
HAVE_DECL_ASINL='1'
HAVE_DECL_ATANL='1'
HAVE_DECL_CBRTF='1'
HAVE_DECL_CBRTL='1'
HAVE_DECL_CEILF='1'
HAVE_DECL_CEILL='1'
HAVE_DECL_COPYSIGNF='1'
HAVE_DECL_COSL='1'
HAVE_DECL_DIRFD='1'
HAVE_DECL_ECVT='1'
HAVE_DECL_ENVIRON='1'
HAVE_DECL_EXECVPE='1'
HAVE_DECL_EXP2='1'
HAVE_DECL_EXP2F='1'
HAVE_DECL_EXP2L='1'
HAVE_DECL_EXPL='1'
HAVE_DECL_EXPM1L='1'
HAVE_DECL_FCHDIR='1'
HAVE_DECL_FCLOSEALL='1'
HAVE_DECL_FCVT='1'
HAVE_DECL_FDATASYNC='1'
HAVE_DECL_FDOPENDIR='1'
HAVE_DECL_FLOORF='1'
HAVE_DECL_FLOORL='1'
HAVE_DECL_FPURGE='1'
HAVE_DECL_FREXPL='1'
HAVE_DECL_FSEEKO='1'
HAVE_DECL_FTELLO='1'
HAVE_DECL_GCVT='1'
HAVE_DECL_GETDELIM='1'
HAVE_DECL_GETDOMAINNAME='1'
HAVE_DECL_GETLINE='1'
HAVE_DECL_GETLOADAVG='1'
HAVE_DECL_GETLOGIN='1'
HAVE_DECL_GETLOGIN_R='1'
HAVE_DECL_GETPAGESIZE='1'
HAVE_DECL_GETUSERSHELL='1'
HAVE_DECL_IMAXABS='1'
HAVE_DECL_IMAXDIV='1'
HAVE_DECL_INITSTATE='1'
HAVE_DECL_LDEXPL='1'
HAVE_DECL_LOCALTIME_R='1'
HAVE_DECL_LOG10L='1'
HAVE_DECL_LOG2='1'
HAVE_DECL_LOG2F='1'
HAVE_DECL_LOG2L='1'
HAVE_DECL_LOGB='1'
HAVE_DECL_LOGL='1'
HAVE_DECL_MEMMEM='1'
HAVE_DECL_MEMRCHR='1'
HAVE_DECL_OBSTACK_PRINTF='1'
HAVE_DECL_REMAINDER='1'
HAVE_DECL_REMAINDERL='1'
HAVE_DECL_RINTF='1'
HAVE_DECL_ROUND='1'
HAVE_DECL_ROUNDF='1'
HAVE_DECL_ROUNDL='1'
HAVE_DECL_SETENV='1'
HAVE_DECL_SETHOSTNAME='1'
HAVE_DECL_SETSTATE='1'
HAVE_DECL_SINL='1'
HAVE_DECL_SNPRINTF='1'
HAVE_DECL_SQRTL='1'
HAVE_DECL_STRDUP='1'
HAVE_DECL_STRERROR_R='1'
HAVE_DECL_STRNCASECMP='1'
HAVE_DECL_STRNDUP='1'
HAVE_DECL_STRNLEN='1'
HAVE_DECL_STRSIGNAL='1'
HAVE_DECL_STRTOIMAX='1'
HAVE_DECL_STRTOK_R='1'
HAVE_DECL_STRTOUMAX='1'
HAVE_DECL_TANL='1'
HAVE_DECL_TCGETSID='1'
HAVE_DECL_TRUNC='1'
HAVE_DECL_TRUNCATE='1'
HAVE_DECL_TRUNCF='1'
HAVE_DECL_TRUNCL='1'
HAVE_DECL_TTYNAME_R='1'
HAVE_DECL_UNSETENV='1'
HAVE_DECL_VSNPRINTF='1'
HAVE_DECL_WCSDUP='1'
HAVE_DECL_WCTOB='1'
HAVE_DECL_WCWIDTH='1'
HAVE_DIRENT_H='1'
HAVE_DPRINTF='1'
HAVE_DUP3='1'
HAVE_DUPLOCALE='1'
HAVE_EUIDACCESS='1'
HAVE_EXECVPE='1'
HAVE_EXPF='1'
HAVE_EXPL='1'
HAVE_EXPLICIT_BZERO='1'
HAVE_EXPM1='1'
HAVE_EXPM1F='1'
HAVE_FABSF='1'
HAVE_FABSL='1'
HAVE_FACCESSAT='1'
HAVE_FCHDIR='1'
HAVE_FCHMODAT='1'
HAVE_FCHOWNAT='1'
HAVE_FCNTL='1'
HAVE_FDATASYNC='1'
HAVE_FDOPENDIR='1'
HAVE_FEATURES_H='1'
HAVE_FFS='1'
HAVE_FFSL='1'
HAVE_FFSLL='1'
HAVE_FMA='1'
HAVE_FMAF='1'
HAVE_FMAL='1'
HAVE_FMODF='1'
HAVE_FMODL='1'
HAVE_FREELOCALE='1'
HAVE_FREXPF='1'
HAVE_FSEEKO='1'
HAVE_FSTATAT='1'
HAVE_FSYNC='1'
HAVE_FTELLO='1'
HAVE_FTRUNCATE='1'
HAVE_FUTIMENS='1'
HAVE_GCJ_C=''
HAVE_GCJ_IN_PATH=''
HAVE_GETDTABLESIZE='1'
HAVE_GETENTROPY='1'
HAVE_GETGROUPS='1'
HAVE_GETHOSTNAME='1'
HAVE_GETLOGIN='1'
HAVE_GETOPT_H='1'
HAVE_GETPAGESIZE='1'
HAVE_GETPASS='1'
HAVE_GETRUSAGE='1'
HAVE_GETSUBOPT='1'
HAVE_GETTIMEOFDAY='1'
HAVE_GETUMASK='1'
HAVE_GIJ=''
HAVE_GIJ_IN_PATH=''
HAVE_GRANTPT='1'
HAVE_GROUP_MEMBER='1'
HAVE_HYPOTF='1'
HAVE_HYPOTL='1'
HAVE_ILOGB='1'
HAVE_ILOGBF='1'
HAVE_ILOGBL='1'
HAVE_IMAXDIV_T='1'
HAVE_INITSTATE='1'
HAVE_INTTYPES_H='1'
HAVE_ISNAND='1'
HAVE_ISNANF='1'
HAVE_ISNANL='1'
HAVE_ISWBLANK='1'
HAVE_ISWCNTRL='1'
HAVE_JAVA=''
HAVE_JAVAC=''
HAVE_JAVAC_ENVVAR=''
HAVE_JAVAC_IN_PATH=''
HAVE_JAVA_ENVVAR=''
HAVE_JAVA_IN_PATH=''
HAVE_JIKES=''
HAVE_JIKES_IN_PATH=''
HAVE_JRE=''
HAVE_JRE_IN_PATH=''
HAVE_JVIEW=''
HAVE_JVIEW_IN_PATH=''
HAVE_LCHMOD='1'
HAVE_LCHOWN='1'
HAVE_LDEXPF='1'
HAVE_LIBTEXTSTYLE='no'
HAVE_LINK='1'
HAVE_LINKAT='1'
HAVE_LOG10F='1'
HAVE_LOG10L='1'
HAVE_LOG1P='1'
HAVE_LOG1PF='1'
HAVE_LOG1PL='1'
HAVE_LOGBF='1'
HAVE_LOGBL='1'
HAVE_LOGF='1'
HAVE_LOGL='1'
HAVE_LSTAT='1'
HAVE_MAX_ALIGN_T='1'
HAVE_MBRLEN='1'
HAVE_MBRTOWC='1'
HAVE_MBSINIT='1'
HAVE_MBSLEN='0'
HAVE_MBSNRTOWCS='1'
HAVE_MBSRTOWCS='1'
HAVE_MBTOWC='1'
HAVE_MEMPCPY='1'
HAVE_MKDIRAT='1'
HAVE_MKDTEMP='1'
HAVE_MKFIFO='1'
HAVE_MKFIFOAT='1'
HAVE_MKNOD='1'
HAVE_MKNODAT='1'
HAVE_MKOSTEMP='1'
HAVE_MKOSTEMPS='1'
HAVE_MKSTEMP='1'
HAVE_MKSTEMPS='1'
HAVE_MODFF='1'
HAVE_MODFL='1'
HAVE_MSVC_INVALID_PARAMETER_HANDLER='0'
HAVE_NANOSLEEP='1'
HAVE_NEWLOCALE='1'
HAVE_OPENAT='1'
HAVE_OPENDIR='1'
HAVE_OS_H='0'
HAVE_PCLOSE='1'
HAVE_PIPE2='1'
HAVE_PIPE='1'
HAVE_POPEN='1'
HAVE_POSIX_MEMALIGN='1'
HAVE_POSIX_OPENPT='1'
HAVE_POSIX_SIGNALBLOCKING='1'
HAVE_POSIX_SPAWN='1'
HAVE_POSIX_SPAWNATTR_T='1'
HAVE_POSIX_SPAWN_FILE_ACTIONS_ADDCHDIR='0'
HAVE_POSIX_SPAWN_FILE_ACTIONS_ADDFCHDIR='1'
HAVE_POSIX_SPAWN_FILE_ACTIONS_T='1'
HAVE_POWF='1'
HAVE_PREAD='1'
HAVE_PTHREAD_SIGMASK='1'
HAVE_PTSNAME='1'
HAVE_PTSNAME_R='1'
HAVE_PWRITE='1'
HAVE_QSORT_R='1'
HAVE_RAISE='1'
HAVE_RANDOM='1'
HAVE_RANDOM_H='1'
HAVE_RANDOM_R='1'
HAVE_RAWMEMCHR='1'
HAVE_READDIR='1'
HAVE_READLINK='1'
HAVE_READLINKAT='1'
HAVE_REALLOCARRAY='1'
HAVE_REALPATH='1'
HAVE_REMAINDER='1'
HAVE_REMAINDERF='1'
HAVE_RENAMEAT='1'
HAVE_REWINDDIR='1'
HAVE_RINT='1'
HAVE_RINTL='1'
HAVE_RPMATCH='1'
HAVE_SAME_LONG_DOUBLE_AS_DOUBLE='0'
HAVE_SCANDIR='1'
HAVE_SCHED_H='1'
HAVE_SCHED_YIELD='1'
HAVE_SECURE_GETENV='1'
HAVE_SETENV='1'
HAVE_SETHOSTNAME='1'
HAVE_SETSTATE='1'
HAVE_SIGABBREV_NP='1'
HAVE_SIGACTION='1'
HAVE_SIGDESCR_NP='1'
HAVE_SIGHANDLER_T='1'
HAVE_SIGINFO_T='1'
HAVE_SIGNED_SIG_ATOMIC_T=''
HAVE_SIGNED_WCHAR_T=''
HAVE_SIGNED_WINT_T=''
HAVE_SIGSET_T='1'
HAVE_SINF='1'
HAVE_SINHF='1'
HAVE_SINL='1'
HAVE_SLEEP='1'
HAVE_SPAWN_H='1'
HAVE_SQRTF='1'
HAVE_SQRTL='1'
HAVE_STDINT_H='1'
HAVE_STPCPY='1'
HAVE_STPNCPY='1'
HAVE_STRCASECMP='1'
HAVE_STRCASESTR='1'
HAVE_STRCHRNUL='1'
HAVE_STRERRORNAME_NP='1'
HAVE_STRINGS_H='1'
HAVE_STRPBRK='1'
HAVE_STRPTIME='1'
HAVE_STRSEP='1'
HAVE_STRTOD='1'
HAVE_STRTOL='1'
HAVE_STRTOLD='1'
HAVE_STRTOLL='1'
HAVE_STRTOUL='1'
HAVE_STRTOULL='1'
HAVE_STRUCT_RANDOM_DATA='1'
HAVE_STRUCT_SCHED_PARAM='1'
HAVE_STRUCT_SIGACTION_SA_SIGACTION='1'
HAVE_STRUCT_TIMEVAL='1'
HAVE_STRUCT_TMS='1'
HAVE_STRVERSCMP='1'
HAVE_SYMLINK='1'
HAVE_SYMLINKAT='1'
HAVE_SYS_BITYPES_H='0'
HAVE_SYS_CDEFS_H='1'
HAVE_SYS_INTTYPES_H='0'
HAVE_SYS_IOCTL_H='1'
HAVE_SYS_LOADAVG_H='0'
HAVE_SYS_PARAM_H='0'
HAVE_SYS_RESOURCE_H='1'
HAVE_SYS_TIMES_H='1'
HAVE_SYS_TIME_H='1'
HAVE_SYS_TYPES_H='1'
HAVE_TANF='1'
HAVE_TANHF='1'
HAVE_TANL='1'
HAVE_TERMIOS_H='1'
HAVE_TIMEGM='1'
HAVE_TIMES='1'
HAVE_TIMESPEC_GET='1'
HAVE_TIMEZONE_T='0'
HAVE_TYPE_VOLATILE_SIG_ATOMIC_T='1'
HAVE_UNISTD_H='1'
HAVE_UNLINKAT='1'
HAVE_UNLOCKPT='1'
HAVE_USLEEP='1'
HAVE_UTIMENSAT='1'
HAVE_VASPRINTF='1'
HAVE_VDPRINTF='1'
HAVE_VISIBILITY=''
HAVE_WCHAR_H='1'
HAVE_WCHAR_T='1'
HAVE_WCPCPY='1'
HAVE_WCPNCPY='1'
HAVE_WCRTOMB='1'
HAVE_WCSCASECMP='1'
HAVE_WCSCAT='1'
HAVE_WCSCHR='1'
HAVE_WCSCMP='1'
HAVE_WCSCOLL='1'
HAVE_WCSCPY='1'
HAVE_WCSCSPN='1'
HAVE_WCSDUP='1'
HAVE_WCSFTIME='1'
HAVE_WCSLEN='1'
HAVE_WCSNCASECMP='1'
HAVE_WCSNCAT='1'
HAVE_WCSNCMP='1'
HAVE_WCSNCPY='1'
HAVE_WCSNLEN='1'
HAVE_WCSNRTOMBS='1'
HAVE_WCSPBRK='1'
HAVE_WCSRCHR='1'
HAVE_WCSRTOMBS='1'
HAVE_WCSSPN='1'
HAVE_WCSSTR='1'
HAVE_WCSTOK='1'
HAVE_WCSWIDTH='1'
HAVE_WCSXFRM='1'
HAVE_WCTRANS_T='1'
HAVE_WCTYPE_H='1'
HAVE_WCTYPE_T='1'
HAVE_WINSOCK2_H='0'
HAVE_WINT_T='1'
HAVE_WMEMCHR='1'
HAVE_WMEMCMP='1'
HAVE_WMEMCPY='1'
HAVE_WMEMMOVE='1'
HAVE_WMEMPCPY='1'
HAVE_WMEMSET='1'
HAVE_XLOCALE_H='0'
HAVE__BOOL='1'
HAVE__EXIT='1'
HELP2MAN='${SHELL} '\''/home/ubuntu/yocto/rpi-build/tmp/work/x86_64-linux/bison-native/3.8.2-r0/bison-3.8.2/build-aux/missing'\'' help2man'
ICONV_CONST=''
ICONV_H='lib/iconv.h'
INCLUDE_NEXT='include_next'
INCLUDE_NEXT_AS_FIRST_DIRECTIVE='include_next'
INSTALL_DATA='${INSTALL} -m 644'
INSTALL_PROGRAM='${INSTALL}'
INSTALL_PROGRAM_ENV=''
INSTALL_SCRIPT='${INSTALL}'
INSTALL_STRIP_PROGRAM='$(install_sh) -c -s'
INT32_MAX_LT_INTMAX_MAX='1'
INT64_MAX_EQ_LONG_MAX='1'
INTLLIBS=''
INTL_MACOSX_LIBS=''
ISNAND_LIBM=''
ISNANF_LIBM=''
ISNANL_LIBM=''
ISNAN_LIBM=''
LDEXPL_LIBM=''
LDEXP_LIBM=''
LDFLAGS='-L/home/ubuntu/yocto/rpi-build/tmp/work/x86_64-linux/bison-native/3.8.2-r0/recipe-sysroot-native/usr/lib                         -L/home/ubuntu/yocto/rpi-build/tmp/work/x86_64-linux/bison-native/3.8.2-r0/recipe-sysroot-native/lib                         -Wl,--enable-new-dtags                         -Wl,-rpath-link,/home/ubuntu/yocto/rpi-build/tmp/work/x86_64-linux/bison-native/3.8.2-r0/recipe-sysroot-native/usr/lib                         -Wl,-rpath-link,/home/ubuntu/yocto/rpi-build/tmp/work/x86_64-linux/bison-native/3.8.2-r0/recipe-sysroot-native/lib                         -Wl,-rpath,/home/ubuntu/yocto/rpi-build/tmp/work/x86_64-linux/bison-native/3.8.2-r0/recipe-sysroot-native/usr/lib                         -Wl,-rpath,/home/ubuntu/yocto/rpi-build/tmp/work/x86_64-linux/bison-native/3.8.2-r0/recipe-sysroot-native/lib                         -Wl,-O1 -Wl,--allow-shlib-undefined -Wl,--dynamic-linker=/home/ubuntu/yocto/rpi-build/tmp/sysroots-uninative/x86_64-linux/lib/ld-linux-x86-64.so.2'
LEX='flex'
LEXLIB='-lfl'
LEX_IS_FLEX='true'
LEX_OUTPUT_ROOT='lex.yy'
LIBBISON_LIBDEPS=''
LIBBISON_LTLIBDEPS=''
LIBICONV=''
LIBINTL=''
LIBMULTITHREAD=''
LIBOBJS=''
LIBPMULTITHREAD=''
LIBPTHREAD=''
LIBREADLINE=''
LIBS=''
LIBSTDTHREAD=''
LIBTEXTSTYLE=''
LIBTEXTSTYLE_PREFIX=''
LIBTHREAD=''
LIBUNISTRING_COMPILE_UNISTR_U8_MBTOUCR_FALSE='#'
LIBUNISTRING_COMPILE_UNISTR_U8_MBTOUCR_TRUE=''
LIBUNISTRING_COMPILE_UNISTR_U8_UCTOMB_FALSE='#'
LIBUNISTRING_COMPILE_UNISTR_U8_UCTOMB_TRUE=''
LIBUNISTRING_COMPILE_UNIWIDTH_WIDTH_FALSE='#'
LIBUNISTRING_COMPILE_UNIWIDTH_WIDTH_TRUE=''
LIBUNISTRING_UNISTR_H='lib/unistr.h'
LIBUNISTRING_UNITYPES_H='lib/unitypes.h'
LIBUNISTRING_UNIWIDTH_H='lib/uniwidth.h'
LIB_CLOCK_GETTIME=''
LIB_GETHRXTIME=''
LIB_HARD_LOCALE=''
LIB_MBRTOWC=''
LIB_POSIX_SPAWN=''
LIB_SCHED_YIELD=''
LIB_SETLOCALE_NULL=''
LIMITS_H='lib/limits.h'
LOCALCHARSET_TESTS_ENVIRONMENT=''
LOCALENAME_ENHANCE_LOCALE_FUNCS='0'
LOCALE_FR='fr_FR'
LOCALE_FR_UTF8='fr_FR.UTF-8'
LOCALE_JA='none'
LOCALE_ZH_CN='none'
LTLIBICONV=''
LTLIBINTL=''
LTLIBMULTITHREAD=''
LTLIBOBJS=''
LTLIBREADLINE=''
LTLIBTEXTSTYLE=''
LTLIBTHREAD=''
M4='m4'
M4_DEBUGFILE='--debugfile'
M4_GNU='--gnu'
MAKEINFO='${SHELL} '\''/home/ubuntu/yocto/rpi-build/tmp/work/x86_64-linux/bison-native/3.8.2-r0/bison-3.8.2/build-aux/missing'\'' makeinfo'
MKDIR_P='/home/ubuntu/yocto/rpi-build/tmp/hosttools/mkdir -p'
MSGFMT=':'
MSGMERGE=':'
MSGMERGE_FOR_MSGFMT_OPTION='--no-location --quiet'
NEXT_AS_FIRST_DIRECTIVE_DIRENT_H='<dirent.h>'
NEXT_AS_FIRST_DIRECTIVE_ERRNO_H=''
NEXT_AS_FIRST_DIRECTIVE_FCNTL_H='<fcntl.h>'
NEXT_AS_FIRST_DIRECTIVE_FLOAT_H=''
NEXT_AS_FIRST_DIRECTIVE_GETOPT_H='<getopt.h>'
NEXT_AS_FIRST_DIRECTIVE_ICONV_H='<iconv.h>'
NEXT_AS_FIRST_DIRECTIVE_INTTYPES_H='<inttypes.h>'
NEXT_AS_FIRST_DIRECTIVE_LIMITS_H='<limits.h>'
NEXT_AS_FIRST_DIRECTIVE_LOCALE_H='<locale.h>'
NEXT_AS_FIRST_DIRECTIVE_MATH_H='<math.h>'
NEXT_AS_FIRST_DIRECTIVE_SCHED_H='<sched.h>'
NEXT_AS_FIRST_DIRECTIVE_SIGNAL_H='<signal.h>'
NEXT_AS_FIRST_DIRECTIVE_SPAWN_H='<spawn.h>'
NEXT_AS_FIRST_DIRECTIVE_STDDEF_H=''
NEXT_AS_FIRST_DIRECTIVE_STDINT_H='<stdint.h>'
NEXT_AS_FIRST_DIRECTIVE_STDIO_H='<stdio.h>'
NEXT_AS_FIRST_DIRECTIVE_STDLIB_H='<stdlib.h>'
NEXT_AS_FIRST_DIRECTIVE_STRINGS_H='<strings.h>'
NEXT_AS_FIRST_DIRECTIVE_STRING_H='<string.h>'
NEXT_AS_FIRST_DIRECTIVE_SYS_IOCTL_H='<sys/ioctl.h>'
NEXT_AS_FIRST_DIRECTIVE_SYS_RESOURCE_H='<sys/resource.h>'
NEXT_AS_FIRST_DIRECTIVE_SYS_STAT_H='<sys/stat.h>'
NEXT_AS_FIRST_DIRECTIVE_SYS_TIMES_H='<sys/times.h>'
NEXT_AS_FIRST_DIRECTIVE_SYS_TIME_H='<sys/time.h>'
NEXT_AS_FIRST_DIRECTIVE_SYS_TYPES_H='<sys/types.h>'
NEXT_AS_FIRST_DIRECTIVE_SYS_WAIT_H='<sys/wait.h>'
NEXT_AS_FIRST_DIRECTIVE_TERMIOS_H='<termios.h>'
NEXT_AS_FIRST_DIRECTIVE_TIME_H='<time.h>'
NEXT_AS_FIRST_DIRECTIVE_UNISTD_H='<unistd.h>'
NEXT_AS_FIRST_DIRECTIVE_WCHAR_H='<wchar.h>'
NEXT_AS_FIRST_DIRECTIVE_WCTYPE_H='<wctype.h>'
NEXT_DIRENT_H='<dirent.h>'
NEXT_ERRNO_H=''
NEXT_FCNTL_H='<fcntl.h>'
NEXT_FLOAT_H=''
NEXT_GETOPT_H='<getopt.h>'
NEXT_ICONV_H='<iconv.h>'
NEXT_INTTYPES_H='<inttypes.h>'
NEXT_LIMITS_H='<limits.h>'
NEXT_LOCALE_H='<locale.h>'
NEXT_MATH_H='<math.h>'
NEXT_SCHED_H='<sched.h>'
NEXT_SIGNAL_H='<signal.h>'
NEXT_SPAWN_H='<spawn.h>'
NEXT_STDDEF_H=''
NEXT_STDINT_H='<stdint.h>'
NEXT_STDIO_H='<stdio.h>'
NEXT_STDLIB_H='<stdlib.h>'
NEXT_STRINGS_H='<strings.h>'
NEXT_STRING_H='<string.h>'
NEXT_SYS_IOCTL_H='<sys/ioctl.h>'
NEXT_SYS_RESOURCE_H='<sys/resource.h>'
NEXT_SYS_STAT_H='<sys/stat.h>'
NEXT_SYS_TIMES_H='<sys/times.h>'
NEXT_SYS_TIME_H='<sys/time.h>'
NEXT_SYS_TYPES_H='<sys/types.h>'
NEXT_SYS_WAIT_H='<sys/wait.h>'
NEXT_TERMIOS_H='<termios.h>'
NEXT_TIME_H='<time.h>'
NEXT_UNISTD_H='<unistd.h>'
NEXT_WCHAR_H='<wchar.h>'
NEXT_WCTYPE_H='<wctype.h>'
NO_EXCEPTIONS_CXXFLAGS=' -fno-exceptions'
OBJEXT='o'
PACKAGE='bison'
PACKAGE_BUGREPORT='bug-bison@gnu.org'
PACKAGE_COPYRIGHT_YEAR='2021'
PACKAGE_NAME='GNU Bison'
PACKAGE_STRING='GNU Bison 3.8.2'
PACKAGE_TARNAME='bison'
PACKAGE_URL='https://www.gnu.org/software/bison/'
PACKAGE_VERSION='3.8.2'
PATH_SEPARATOR=':'
PERL='/home/ubuntu/yocto/rpi-build/tmp/hosttools/perl'
POSUB=''
PRAGMA_COLUMNS=''
PRAGMA_SYSTEM_HEADER='#pragma GCC system_header'
PRIPTR_PREFIX='"l"'
PTHREAD_H_DEFINES_STRUCT_TIMESPEC='0'
PTRDIFF_T_SUFFIX=''
RANLIB='ranlib -D'
RELOCATABLE='no'
RELOCATABLE_BUILD_DIR='$(top_builddir)/lib'
RELOCATABLE_CONFIG_H_DIR='$(top_builddir)'
RELOCATABLE_LDFLAGS=''
RELOCATABLE_LIBRARY_PATH=''
RELOCATABLE_SRC_DIR='$(top_srcdir)/lib'
RELOCATABLE_STRIP=':'
RELOCATABLE_VIA_LD_FALSE=''
RELOCATABLE_VIA_LD_TRUE='#'
RELOCATABLE_VIA_WRAPPER_FALSE=''
RELOCATABLE_VIA_WRAPPER_TRUE='#'
REPLACE_ACCESS='0'
REPLACE_ACOSF='0'
REPLACE_ALIGNED_ALLOC='0'
REPLACE_ASINF='0'
REPLACE_ATAN2F='0'
REPLACE_ATANF='0'
REPLACE_BTOWC='0'
REPLACE_CALLOC='0'
REPLACE_CANONICALIZE_FILE_NAME='0'
REPLACE_CBRTF='0'
REPLACE_CBRTL='0'
REPLACE_CEIL='0'
REPLACE_CEILF='0'
REPLACE_CEILL='0'
REPLACE_CHOWN='0'
REPLACE_CLOSE='0'
REPLACE_CLOSEDIR='0'
REPLACE_COSF='0'
REPLACE_COSHF='0'
REPLACE_CREAT='0'
REPLACE_CTIME='GNULIB_PORTCHECK'
REPLACE_DIRFD='0'
REPLACE_DPRINTF='0'
REPLACE_DUP2='0'
REPLACE_DUP='0'
REPLACE_DUPLOCALE='0'
REPLACE_EXECL='0'
REPLACE_EXECLE='0'
REPLACE_EXECLP='0'
REPLACE_EXECV='0'
REPLACE_EXECVE='0'
REPLACE_EXECVP='0'
REPLACE_EXECVPE='0'
REPLACE_EXP2='0'
REPLACE_EXP2L='0'
REPLACE_EXPF='0'
REPLACE_EXPL='0'
REPLACE_EXPM1='0'
REPLACE_EXPM1F='0'
REPLACE_EXPM1L='0'
REPLACE_FABSL='0'
REPLACE_FACCESSAT='0'
REPLACE_FCHMODAT='0'
REPLACE_FCHOWNAT='0'
REPLACE_FCLOSE='0'
REPLACE_FCNTL='1'
REPLACE_FDOPEN='0'
REPLACE_FDOPENDIR='0'
REPLACE_FFLUSH='0'
REPLACE_FFSLL='0'
REPLACE_FLOOR='0'
REPLACE_FLOORF='0'
REPLACE_FLOORL='0'
REPLACE_FMA='0'
REPLACE_FMAF='0'
REPLACE_FMAL='0'
REPLACE_FMOD='0'
REPLACE_FMODF='0'
REPLACE_FMODL='0'
REPLACE_FOPEN='0'
REPLACE_FPRINTF='1'
REPLACE_FPURGE='0'
REPLACE_FREE='0'
REPLACE_FREELOCALE='0'
REPLACE_FREOPEN='0'
REPLACE_FREXP='0'
REPLACE_FREXPF='0'
REPLACE_FREXPL='0'
REPLACE_FSEEK='0'
REPLACE_FSEEKO='0'
REPLACE_FSTAT='0'
REPLACE_FSTATAT='0'
REPLACE_FTELL='0'
REPLACE_FTELLO='0'
REPLACE_FTRUNCATE='0'
REPLACE_FUTIMENS='0'
REPLACE_GETCWD='0'
REPLACE_GETDELIM='0'
REPLACE_GETDOMAINNAME='0'
REPLACE_GETDTABLESIZE='0'
REPLACE_GETGROUPS='0'
REPLACE_GETLINE='0'
REPLACE_GETLOGIN_R='0'
REPLACE_GETPAGESIZE='0'
REPLACE_GETPASS='0'
REPLACE_GETTIMEOFDAY='0'
REPLACE_GMTIME='0'
REPLACE_HUGE_VAL='0'
REPLACE_HYPOT='0'
REPLACE_HYPOTF='0'
REPLACE_HYPOTL='0'
REPLACE_ICONV='0'
REPLACE_ICONV_OPEN='0'
REPLACE_ICONV_UTF='0'
REPLACE_ILOGB='0'
REPLACE_ILOGBF='0'
REPLACE_ILOGBL='0'
REPLACE_INITSTATE='0'
REPLACE_IOCTL='0'
REPLACE_ISATTY='0'
REPLACE_ISFINITE='0'
REPLACE_ISINF='0'
REPLACE_ISNAN='0'
REPLACE_ISWBLANK='0'
REPLACE_ISWCNTRL='0'
REPLACE_ISWDIGIT='0'
REPLACE_ISWXDIGIT='0'
REPLACE_ITOLD='0'
REPLACE_LCHOWN='0'
REPLACE_LDEXPL='0'
REPLACE_LINK='0'
REPLACE_LINKAT='0'
REPLACE_LOCALECONV='0'
REPLACE_LOCALTIME='0'
REPLACE_LOCALTIME_R='GNULIB_PORTCHECK'
REPLACE_LOG10='0'
REPLACE_LOG10F='0'
REPLACE_LOG10L='0'
REPLACE_LOG1P='0'
REPLACE_LOG1PF='0'
REPLACE_LOG1PL='0'
REPLACE_LOG2='0'
REPLACE_LOG2F='0'
REPLACE_LOG2L='0'
REPLACE_LOG='0'
REPLACE_LOGB='0'
REPLACE_LOGBF='0'
REPLACE_LOGBL='0'
REPLACE_LOGF='0'
REPLACE_LOGL='0'
REPLACE_LSEEK='0'
REPLACE_LSTAT='0'
REPLACE_MALLOC='0'
REPLACE_MBRLEN='0'
REPLACE_MBRTOWC='1'
REPLACE_MBSINIT='0'
REPLACE_MBSNRTOWCS='0'
REPLACE_MBSRTOWCS='0'
REPLACE_MBSTATE_T='0'
REPLACE_MBTOWC='0'
REPLACE_MEMCHR='0'
REPLACE_MEMMEM='0'
REPLACE_MKDIR='0'
REPLACE_MKFIFO='0'
REPLACE_MKFIFOAT='0'
REPLACE_MKNOD='0'
REPLACE_MKNODAT='0'
REPLACE_MKSTEMP='0'
REPLACE_MKTIME='GNULIB_PORTCHECK'
REPLACE_MODF='0'
REPLACE_MODFF='0'
REPLACE_MODFL='0'
REPLACE_NAN='0'
REPLACE_NANOSLEEP='GNULIB_PORTCHECK'
REPLACE_NEWLOCALE='0'
REPLACE_NULL='0'
REPLACE_OBSTACK_PRINTF='0'
REPLACE_OPEN='0'
REPLACE_OPENAT='0'
REPLACE_OPENDIR='0'
REPLACE_PERROR='0'
REPLACE_POPEN='0'
REPLACE_POSIX_MEMALIGN='0'
REPLACE_POSIX_SPAWN='0'
REPLACE_POSIX_SPAWN_FILE_ACTIONS_ADDCHDIR='0'
REPLACE_POSIX_SPAWN_FILE_ACTIONS_ADDCLOSE='0'
REPLACE_POSIX_SPAWN_FILE_ACTIONS_ADDDUP2='0'
REPLACE_POSIX_SPAWN_FILE_ACTIONS_ADDFCHDIR='0'
REPLACE_POSIX_SPAWN_FILE_ACTIONS_ADDOPEN='0'
REPLACE_PREAD='0'
REPLACE_PRINTF='1'
REPLACE_PTHREAD_SIGMASK='0'
REPLACE_PTSNAME='0'
REPLACE_PTSNAME_R='0'
REPLACE_PUTENV='0'
REPLACE_PWRITE='0'
REPLACE_QSORT_R='0'
REPLACE_RAISE='0'
REPLACE_RANDOM='0'
REPLACE_RANDOM_R='0'
REPLACE_READ='0'
REPLACE_READLINK='0'
REPLACE_READLINKAT='0'
REPLACE_REALLOC='0'
REPLACE_REALLOCARRAY='0'
REPLACE_REALPATH='0'
REPLACE_REMAINDER='0'
REPLACE_REMAINDERF='0'
REPLACE_REMAINDERL='0'
REPLACE_REMOVE='0'
REPLACE_RENAME='0'
REPLACE_RENAMEAT='0'
REPLACE_RINTL='0'
REPLACE_RMDIR='0'
REPLACE_ROUND='0'
REPLACE_ROUNDF='0'
REPLACE_ROUNDL='0'
REPLACE_SCHED_YIELD='0'
REPLACE_SETENV='0'
REPLACE_SETLOCALE='0'
REPLACE_SETSTATE='0'
REPLACE_SIGNBIT='0'
REPLACE_SIGNBIT_USING_BUILTINS='1'
REPLACE_SINF='0'
REPLACE_SINHF='0'
REPLACE_SLEEP='0'
REPLACE_SNPRINTF='1'
REPLACE_SPRINTF='1'
REPLACE_SQRTF='0'
REPLACE_SQRTL='0'
REPLACE_STAT='0'
REPLACE_STDIO_READ_FUNCS='0'
REPLACE_STDIO_WRITE_FUNCS='0'
REPLACE_STPNCPY='0'
REPLACE_STRCASESTR='0'
REPLACE_STRCHRNUL='0'
REPLACE_STRDUP='0'
REPLACE_STRERROR='0'
REPLACE_STRERRORNAME_NP='0'
REPLACE_STRERROR_R='1'
REPLACE_STRFTIME='GNULIB_PORTCHECK'
REPLACE_STRNCAT='0'
REPLACE_STRNDUP='0'
REPLACE_STRNLEN='0'
REPLACE_STRSIGNAL='0'
REPLACE_STRSTR='0'
REPLACE_STRTOD='0'
REPLACE_STRTOIMAX='0'
REPLACE_STRTOK_R='0'
REPLACE_STRTOL='0'
REPLACE_STRTOLD='0'
REPLACE_STRTOLL='0'
REPLACE_STRTOUL='0'
REPLACE_STRTOULL='0'
REPLACE_STRTOUMAX='0'
REPLACE_STRUCT_LCONV='0'
REPLACE_STRUCT_TIMEVAL='0'
REPLACE_SYMLINK='0'
REPLACE_SYMLINKAT='0'
REPLACE_TANF='0'
REPLACE_TANHF='0'
REPLACE_TIMEGM='GNULIB_PORTCHECK'
REPLACE_TMPFILE='0'
REPLACE_TOWLOWER='0'
REPLACE_TRUNC='0'
REPLACE_TRUNCATE='0'
REPLACE_TRUNCF='0'
REPLACE_TRUNCL='0'
REPLACE_TTYNAME_R='0'
REPLACE_TZSET='GNULIB_PORTCHECK'
REPLACE_UNLINK='0'
REPLACE_UNLINKAT='0'
REPLACE_UNSETENV='0'
REPLACE_USLEEP='0'
REPLACE_UTIMENSAT='0'
REPLACE_VASPRINTF='1'
REPLACE_VDPRINTF='0'
REPLACE_VFPRINTF='1'
REPLACE_VPRINTF='0'
REPLACE_VSNPRINTF='1'
REPLACE_VSPRINTF='1'
REPLACE_WCRTOMB='0'
REPLACE_WCSFTIME='0'
REPLACE_WCSNRTOMBS='0'
REPLACE_WCSRTOMBS='0'
REPLACE_WCSTOK='0'
REPLACE_WCSWIDTH='0'
REPLACE_WCTOB='0'
REPLACE_WCTOMB='0'
REPLACE_WCWIDTH='0'
REPLACE_WRITE='0'
SED='sed'
SET_MAKE=''
SHELL='/bin/bash'
SIG_ATOMIC_T_SUFFIX=''
SIZE_T_SUFFIX=''
STDALIGN_H=''
STDBOOL_H=''
STDDEF_H=''
STDINT_H=''
STRIP='strip'
SYS_IOCTL_H_HAVE_WINSOCK2_H='0'
SYS_IOCTL_H_HAVE_WINSOCK2_H_AND_USE_SOCKETS='0'
SYS_TIME_H_DEFINES_STRUCT_TIMESPEC='0'
TEXTSTYLE_H='lib/textstyle.h'
TIME_H_DEFINES_STRUCT_TIMESPEC='1'
TIME_H_DEFINES_TIME_UTC='1'
UINT32_MAX_LT_UINTMAX_MAX='1'
UINT64_MAX_EQ_ULONG_MAX='1'
UNDEFINE_STRTOK_R='0'
UNISTD_H_DEFINES_STRUCT_TIMESPEC='0'
UNISTD_H_HAVE_SYS_RANDOM_H='0'
UNISTD_H_HAVE_WINSOCK2_H='0'
UNISTD_H_HAVE_WINSOCK2_H_AND_USE_SOCKETS='0'
USE_NLS='no'
VALGRIND=''
VALGRIND_OPTS_SUPPRESSION=''
VERSION='3.8.2'
WARN_CFLAGS=''
WARN_CFLAGS_TEST=''
WARN_CXXFLAGS=''
WARN_CXXFLAGS_TEST=''
WCHAR_T_SUFFIX=''
WERROR_CFLAGS=''
WERROR_CXXFLAGS=''
WINDOWS_64_BIT_OFF_T='0'
WINDOWS_64_BIT_ST_SIZE='0'
WINDOWS_STAT_INODES='0'
WINDOWS_STAT_TIMESPEC='0'
WINT_T_SUFFIX=''
WNO_DEPRECATED_CXXFLAGS=''
XGETTEXT=':'
XGETTEXT_015=':'
XGETTEXT_EXTRA_OPTIONS=' --flag=error:3:c-format --flag=error_at_line:5:c-format --flag=asprintf:2:c-format --flag=vasprintf:2:c-format'
XSLTPROC=''
YACC='yacc'
YFLAGS=''
ac_ct_CC=''
ac_ct_CXX=''
aclocaldir='${datadir}/aclocal'
am__EXEEXT_FALSE=''
am__EXEEXT_TRUE='#'
am__fastdepCC_FALSE=''
am__fastdepCC_TRUE='#'
am__fastdepCXX_FALSE=''
am__fastdepCXX_TRUE='#'
am__include='include'
am__isrc=' -I$(srcdir)'
am__leading_dot='.'
am__nodep=''
am__quote=''
am__tar='$${TAR-tar} chof - "$$tardir"'
am__untar='$${TAR-tar} xf -'
bindir='/home/ubuntu/yocto/rpi-build/tmp/work/x86_64-linux/bison-native/3.8.2-r0/recipe-sysroot-native/usr/bin'
build='x86_64-pc-linux-gnu'
build_alias='x86_64-linux'
build_cpu='x86_64'
build_os='linux-gnu'
build_vendor='pc'
datadir='/home/ubuntu/yocto/rpi-build/tmp/work/x86_64-linux/bison-native/3.8.2-r0/recipe-sysroot-native/usr/share'
datarootdir='${prefix}/share'
docdir='${datarootdir}/doc/${PACKAGE_TARNAME}'
dvidir='${docdir}'
exec_prefix='/home/ubuntu/yocto/rpi-build/tmp/work/x86_64-linux/bison-native/3.8.2-r0/recipe-sysroot-native/usr'
gl_GNULIB_ENABLED_0137e3d3638b33e5819d132d0b23165c_FALSE=''
gl_GNULIB_ENABLED_0137e3d3638b33e5819d132d0b23165c_TRUE='#'
gl_GNULIB_ENABLED_03e0aaad4cb89ca757653bd367a6ccb7_FALSE=''
gl_GNULIB_ENABLED_03e0aaad4cb89ca757653bd367a6ccb7_TRUE='#'
gl_GNULIB_ENABLED_1840129d490f3a00c8a098316d0fa345_FALSE=''
gl_GNULIB_ENABLED_1840129d490f3a00c8a098316d0fa345_TRUE='#'
gl_GNULIB_ENABLED_1f32594a85e6221ba15f884daeee8c2a_FALSE=''
gl_GNULIB_ENABLED_1f32594a85e6221ba15f884daeee8c2a_TRUE='#'
gl_GNULIB_ENABLED_260941c0e5dc67ec9e87d1fb321c300b_FALSE=''
gl_GNULIB_ENABLED_260941c0e5dc67ec9e87d1fb321c300b_TRUE='#'
gl_GNULIB_ENABLED_30838f5439487421042f2225bed3af76_FALSE='#'
gl_GNULIB_ENABLED_30838f5439487421042f2225bed3af76_TRUE=''
gl_GNULIB_ENABLED_332607f759618fb73dfc3076748afea7_FALSE=''
gl_GNULIB_ENABLED_332607f759618fb73dfc3076748afea7_TRUE='#'
gl_GNULIB_ENABLED_3d094ef542bfdd238a5194e172bfe5f6_FALSE=''
gl_GNULIB_ENABLED_3d094ef542bfdd238a5194e172bfe5f6_TRUE='#'
gl_GNULIB_ENABLED_3f0e593033d1fc2c127581960f641b66_FALSE=''
gl_GNULIB_ENABLED_3f0e593033d1fc2c127581960f641b66_TRUE='#'
gl_GNULIB_ENABLED_43fe87a341d9b4b93c47c3ad819a5239_FALSE=''
gl_GNULIB_ENABLED_43fe87a341d9b4b93c47c3ad819a5239_TRUE='#'
gl_GNULIB_ENABLED_48b2271240803e4879464b755748a89d_FALSE=''
gl_GNULIB_ENABLED_48b2271240803e4879464b755748a89d_TRUE='#'
gl_GNULIB_ENABLED_503a4cb75d69c787103d0aa2ab7d8440_FALSE=''
gl_GNULIB_ENABLED_503a4cb75d69c787103d0aa2ab7d8440_TRUE='#'
gl_GNULIB_ENABLED_68a4501daeca58988392c7e60b4917ab_FALSE=''
gl_GNULIB_ENABLED_68a4501daeca58988392c7e60b4917ab_TRUE='#'
gl_GNULIB_ENABLED_75c65a2c014cf8235dd95289676302a4_FALSE=''
gl_GNULIB_ENABLED_75c65a2c014cf8235dd95289676302a4_TRUE='#'
gl_GNULIB_ENABLED_8198daae261b932d64a998f8586f5005_FALSE=''
gl_GNULIB_ENABLED_8198daae261b932d64a998f8586f5005_TRUE='#'
gl_GNULIB_ENABLED_8bb827fe37eaccf1b97feb0c87bc92ef_FALSE=''
gl_GNULIB_ENABLED_8bb827fe37eaccf1b97feb0c87bc92ef_TRUE='#'
gl_GNULIB_ENABLED_cdeb0f2aaf9d280baa6526bfa1b07f70_FALSE=''
gl_GNULIB_ENABLED_cdeb0f2aaf9d280baa6526bfa1b07f70_TRUE='#'
gl_GNULIB_ENABLED_chdir_FALSE=''
gl_GNULIB_ENABLED_chdir_TRUE='#'
gl_GNULIB_ENABLED_closedir_FALSE=''
gl_GNULIB_ENABLED_closedir_TRUE='#'
gl_GNULIB_ENABLED_d4850532688ba16d685f036076611f21_FALSE=''
gl_GNULIB_ENABLED_d4850532688ba16d685f036076611f21_TRUE='#'
gl_GNULIB_ENABLED_dbb57f49352be8fb86869629a254fb72_FALSE=''
gl_GNULIB_ENABLED_dbb57f49352be8fb86869629a254fb72_TRUE='#'
gl_GNULIB_ENABLED_dirent_FALSE=''
gl_GNULIB_ENABLED_dirent_TRUE='#'
gl_GNULIB_ENABLED_dirfd_FALSE=''
gl_GNULIB_ENABLED_dirfd_TRUE='#'
gl_GNULIB_ENABLED_dup_FALSE=''
gl_GNULIB_ENABLED_dup_TRUE='#'
gl_GNULIB_ENABLED_e7e881d32ca02f1c997b13c737c64bbd_FALSE='#'
gl_GNULIB_ENABLED_e7e881d32ca02f1c997b13c737c64bbd_TRUE=''
gl_GNULIB_ENABLED_ed5616be3593d355b981ffab56b9f37b_FALSE='#'
gl_GNULIB_ENABLED_ed5616be3593d355b981ffab56b9f37b_TRUE=''
gl_GNULIB_ENABLED_f0efff84a70f4afba30902bb8ffe9354_FALSE=''
gl_GNULIB_ENABLED_f0efff84a70f4afba30902bb8ffe9354_TRUE='#'
gl_GNULIB_ENABLED_fca9852db2a43bb33f02f0fbdbc174f6_FALSE=''
gl_GNULIB_ENABLED_fca9852db2a43bb33f02f0fbdbc174f6_TRUE='#'
gl_GNULIB_ENABLED_fchdir_FALSE=''
gl_GNULIB_ENABLED_fchdir_TRUE='#'
gl_GNULIB_ENABLED_fdopendir_FALSE=''
gl_GNULIB_ENABLED_fdopendir_TRUE='#'
gl_GNULIB_ENABLED_ffs_FALSE=''
gl_GNULIB_ENABLED_ffs_TRUE='#'
gl_GNULIB_ENABLED_fseterr_FALSE='#'
gl_GNULIB_ENABLED_fseterr_TRUE=''
gl_GNULIB_ENABLED_fstat_FALSE=''
gl_GNULIB_ENABLED_fstat_TRUE='#'
gl_GNULIB_ENABLED_fstatat_FALSE=''
gl_GNULIB_ENABLED_fstatat_TRUE='#'
gl_GNULIB_ENABLED_getdelim_FALSE=''
gl_GNULIB_ENABLED_getdelim_TRUE='#'
gl_GNULIB_ENABLED_getdtablesize_FALSE='#'
gl_GNULIB_ENABLED_getdtablesize_TRUE=''
gl_GNULIB_ENABLED_getline_FALSE='#'
gl_GNULIB_ENABLED_getline_TRUE=''
gl_GNULIB_ENABLED_ldexp_FALSE=''
gl_GNULIB_ENABLED_ldexp_TRUE='#'
gl_GNULIB_ENABLED_locale_FALSE='#'
gl_GNULIB_ENABLED_locale_TRUE=''
gl_GNULIB_ENABLED_lstat_FALSE=''
gl_GNULIB_ENABLED_lstat_TRUE='#'
gl_GNULIB_ENABLED_malloca_FALSE=''
gl_GNULIB_ENABLED_malloca_TRUE='#'
gl_GNULIB_ENABLED_memrchr_FALSE=''
gl_GNULIB_ENABLED_memrchr_TRUE='#'
gl_GNULIB_ENABLED_openat_FALSE=''
gl_GNULIB_ENABLED_openat_TRUE='#'
gl_GNULIB_ENABLED_opendir_FALSE=''
gl_GNULIB_ENABLED_opendir_TRUE='#'
gl_GNULIB_ENABLED_readdir_FALSE=''
gl_GNULIB_ENABLED_readdir_TRUE='#'
gl_GNULIB_ENABLED_rewinddir_FALSE=''
gl_GNULIB_ENABLED_rewinddir_TRUE='#'
gl_GNULIB_ENABLED_rmdir_FALSE=''
gl_GNULIB_ENABLED_rmdir_TRUE='#'
gl_GNULIB_ENABLED_strchrnul_FALSE=''
gl_GNULIB_ENABLED_strchrnul_TRUE='#'
gl_GNULIB_ENABLED_strings_FALSE=''
gl_GNULIB_ENABLED_strings_TRUE='#'
gl_GNULIB_ENABLED_strnlen_FALSE=''
gl_GNULIB_ENABLED_strnlen_TRUE='#'
gl_LIBOBJS=' lib/libbison_a-asnprintf.o lib/libbison_a-asprintf.o lib/libbison_a-fcntl.o lib/libbison_a-fprintf.o lib/libbison_a-fseterr.o lib/libbison_a-mbrtowc.o lib/libbison_a-obstack.o lib/libbison_a-printf.o lib/libbison_a-printf-args.o lib/libbison_a-printf-parse.o lib/libbison_a-readline.o lib/libbison_a-snprintf.o lib/libbison_a-spawn_faction_addchdir.o lib/libbison_a-sprintf.o lib/libbison_a-vasnprintf.o lib/libbison_a-vasprintf.o lib/libbison_a-vfprintf.o lib/libbison_a-vsnprintf.o lib/libbison_a-vsprintf.o'
gl_LTLIBOBJS=' lib/asnprintf.lo lib/asprintf.lo lib/fcntl.lo lib/fprintf.lo lib/fseterr.lo lib/mbrtowc.lo lib/obstack.lo lib/printf.lo lib/printf-args.lo lib/printf-parse.lo lib/readline.lo lib/snprintf.lo lib/spawn_faction_addchdir.lo lib/sprintf.lo lib/vasnprintf.lo lib/vasprintf.lo lib/vfprintf.lo lib/vsnprintf.lo lib/vsprintf.lo'
gltests_LIBOBJS=''
gltests_LTLIBOBJS=''
gltests_WITNESS='IN_BISON_GNULIB_TESTS'
host='x86_64-pc-linux-gnu'
host_alias='x86_64-linux'
host_cpu='x86_64'
host_os='linux-gnu'
host_vendor='pc'
htmldir='${docdir}'
includedir='/home/ubuntu/yocto/rpi-build/tmp/work/x86_64-linux/bison-native/3.8.2-r0/recipe-sysroot-native/usr/include'
infodir='/home/ubuntu/yocto/rpi-build/tmp/work/x86_64-linux/bison-native/3.8.2-r0/recipe-sysroot-native/usr/share/info'
install_sh='${SHELL} /home/ubuntu/yocto/rpi-build/tmp/work/x86_64-linux/bison-native/3.8.2-r0/bison-3.8.2/build-aux/install-sh'
libdir='/home/ubuntu/yocto/rpi-build/tmp/work/x86_64-linux/bison-native/3.8.2-r0/recipe-sysroot-native/usr/lib'
libexecdir='/home/ubuntu/yocto/rpi-build/tmp/work/x86_64-linux/bison-native/3.8.2-r0/recipe-sysroot-native/usr/libexec'
lispdir='${datarootdir}/emacs/site-lisp'
localedir='${datarootdir}/locale'
localstatedir='/home/ubuntu/yocto/rpi-build/tmp/work/x86_64-linux/bison-native/3.8.2-r0/recipe-sysroot-native/var'
mandir='/home/ubuntu/yocto/rpi-build/tmp/work/x86_64-linux/bison-native/3.8.2-r0/recipe-sysroot-native/usr/share/man'
mkdir_p='$(MKDIR_P)'
oldincludedir='/home/ubuntu/yocto/rpi-build/tmp/work/x86_64-linux/bison-native/3.8.2-r0/recipe-sysroot-native/usr/include'
pdfdir='${docdir}'
pkglibexecdir='${libexecdir}/${PACKAGE}'
prefix='/home/ubuntu/yocto/rpi-build/tmp/work/x86_64-linux/bison-native/3.8.2-r0/recipe-sysroot-native/usr'
program_transform_name='s,x,x,'
psdir='${docdir}'
runstatedir='${localstatedir}/run'
sbindir='/home/ubuntu/yocto/rpi-build/tmp/work/x86_64-linux/bison-native/3.8.2-r0/recipe-sysroot-native/usr/sbin'
sharedstatedir='/home/ubuntu/yocto/rpi-build/tmp/work/x86_64-linux/bison-native/3.8.2-r0/recipe-sysroot-native/com'
sysconfdir='/home/ubuntu/yocto/rpi-build/tmp/work/x86_64-linux/bison-native/3.8.2-r0/recipe-sysroot-native/etc'
target_alias='x86_64-linux'

## ------------------- ##
## File substitutions. ##
## ------------------- ##

relocatable_sh='../bison-3.8.2/build-aux//relocatable.sh.in'

## ----------- ##
## confdefs.h. ##
## ----------- ##

/* confdefs.h */
#define PACKAGE_NAME "GNU Bison"
#define PACKAGE_TARNAME "bison"
#define PACKAGE_VERSION "3.8.2"
#define PACKAGE_STRING "GNU Bison 3.8.2"
#define PACKAGE_BUGREPORT "bug-bison@gnu.org"
#define PACKAGE_URL "https://www.gnu.org/software/bison/"
#define PACKAGE_COPYRIGHT_YEAR 2021
#define PACKAGE "bison"
#define VERSION "3.8.2"
#define HAVE_STDIO_H 1
#define HAVE_STDLIB_H 1
#define HAVE_STRING_H 1
#define HAVE_INTTYPES_H 1
#define HAVE_STDINT_H 1
#define HAVE_STRINGS_H 1
#define HAVE_SYS_STAT_H 1
#define HAVE_SYS_TYPES_H 1
#define HAVE_UNISTD_H 1
#define HAVE_WCHAR_H 1
#define HAVE_LOCALE_H 1
#define HAVE_SYS_PARAM_H 1
#define HAVE_SYS_SOCKET_H 1
#define HAVE_STDIO_EXT_H 1
#define HAVE_FEATURES_H 1
#define HAVE_GETOPT_H 1
#define HAVE_SYS_CDEFS_H 1
#define HAVE_SYS_TIME_H 1
#define HAVE_ICONV_H 1
#define HAVE_LIMITS_H 1
#define HAVE_WCTYPE_H 1
#define HAVE_THREADS_H 1
#define HAVE_MATH_H 1
#define HAVE_SYS_MMAN_H 1
#define HAVE_SPAWN_H 1
#define HAVE_SYS_IOCTL_H 1
#define HAVE_SYS_RESOURCE_H 1
#define HAVE_SYS_TIMES_H 1
#define HAVE_SYS_WAIT_H 1
#define HAVE_TERMIOS_H 1
#define HAVE_DIRENT_H 1
#define STDC_HEADERS 1
#define _ALL_SOURCE 1
#define _DARWIN_C_SOURCE 1
#define _GNU_SOURCE 1
#define _HPUX_ALT_XOPEN_SOCKET_API 1
#define _NETBSD_SOURCE 1
#define _OPENBSD_SOURCE 1
#define _POSIX_PTHREAD_SEMANTICS 1
#define __STDC_WANT_IEC_60559_ATTRIBS_EXT__ 1
#define __STDC_WANT_IEC_60559_BFP_EXT__ 1
#define __STDC_WANT_IEC_60559_DFP_EXT__ 1
#define __STDC_WANT_IEC_60559_FUNCS_EXT__ 1
#define __STDC_WANT_IEC_60559_TYPES_EXT__ 1
#define __STDC_WANT_LIB_EXT2__ 1
#define __STDC_WANT_MATH_SPEC_FUNCS__ 1
#define _TANDEM_SOURCE 1
#define __EXTENSIONS__ 1
#define HAVE_TCDRAIN 1
#define HAVE_CANONICALIZE_FILE_NAME 1
#define HAVE_FACCESSAT 1
#define HAVE_REALPATH 1
#define HAVE_LSTAT 1
#define HAVE_READLINKAT 1
#define HAVE_FCHDIR 1
#define HAVE_FCNTL 1
#define HAVE_SYMLINK 1
#define HAVE_FFSL 1
#define HAVE_SNPRINTF 1
#define HAVE_FSYNC 1
#define HAVE_GETRUSAGE 1
#define HAVE_GETTIMEOFDAY 1
#define HAVE_ISWCNTRL 1
#define HAVE_ISWBLANK 1
#define HAVE_MBSINIT 1
#define HAVE_MBRTOWC 1
#define HAVE_ISASCII 1
#define HAVE_MPROTECT 1
#define HAVE_OBSTACK_PRINTF 1
#define HAVE_STRERROR_R 1
#define HAVE___XPG_STRERROR_R 1
#define HAVE_PIPE 1
#define HAVE_PIPE2 1
#define HAVE_POSIX_SPAWN_FILE_ACTIONS_ADDCHDIR_NP 1
#define HAVE_READLINK 1
#define HAVE_SETENV 1
#define HAVE_LINK 1
#define HAVE_SIGACTION 1
#define HAVE_SIGALTSTACK 1
#define HAVE_SIGINTERRUPT 1
#define HAVE_STPNCPY 1
#define HAVE_STRNDUP 1
#define HAVE_WCWIDTH 1
#define HAVE_FDOPENDIR 1
#define HAVE_MEMPCPY 1
#define HAVE_FSTATAT 1
#define HAVE_GETDELIM 1
#define HAVE_GETDTABLESIZE 1
#define HAVE_OPENAT 1
#define HAVE_CATGETS 1
#define HAVE_SETLOCALE 1
#define YYTEXT_POINTER 1
#define M4 "m4"
#define M4_GNU_OPTION "--gnu"
#define HAVE_ALLOCA_H 1
#define HAVE_ALLOCA 1
#define HAVE_MALLOC_POSIX 1
#define LSTAT_FOLLOWS_SLASHED_SYMLINK 1
#define FUNC_REALPATH_WORKS 1
#define HAVE_GETCWD 1
#define restrict __restrict__
#define HAVE_ENVIRON_DECL 1
#define HAVE_DECL_STRERROR_R 1
#define HAVE_STRERROR_R 1
#define STRERROR_R_CHAR_P 1
#define HAVE_SIG_ATOMIC_T 1
#define HAVE_WORKING_O_NOATIME 1
#define HAVE_WORKING_O_NOFOLLOW 1
#define HAVE_STDINT_H_WITH_UINTMAX 1
#define HAVE_INTTYPES_H_WITH_UINTMAX 1
#define CHECK_PRINTF_SAFE 1
#define HAVE_WCHAR_T 1
#define HAVE_WINT_T 1
#define HAVE_INTMAX_T 1
#define DBL_EXPBIT0_WORD 1
#define DBL_EXPBIT0_BIT 20
#define HAVE_SNPRINTF 1
#define HAVE_STRNLEN 1
#define HAVE_WCSLEN 1
#define HAVE_WCSNLEN 1
#define HAVE_MBRTOWC 1
#define HAVE_WCRTOMB 1
#define HAVE_DECL__SNPRINTF 0
#define HAVE_SNPRINTF_RETVAL_C99 1
#define HAVE_SNPRINTF_TRUNCATION_C99 1
#define HAVE_DECL_ALARM 1
#define HAVE_DECL_GETCWD 1
#define D_INO_IN_DIRENT 1
#define HAVE_GETOPT_H 1
#define HAVE_GETOPT_LONG_ONLY 1
#define HAVE_ICONV 1
#define ICONV_CONST 
#define HAVE_LONG_LONG_INT 1
#define HAVE_UNSIGNED_LONG_LONG_INT 1
#define FLT_EXPBIT0_WORD 0
#define FLT_EXPBIT0_BIT 23
#define HAVE_TOWLOWER 1
#define HAVE_LANGINFO_CODESET 1
#define HAVE_WEAK_SYMBOLS 1
#define HAVE_PTHREAD_API 1
#define USE_POSIX_THREADS 1
#define USE_POSIX_THREADS_FROM_LIBC 1
#define HAVE_MBSTATE_T 1
#define HAVE_MAP_ANONYMOUS 1
#define HAVE_MINMAX_IN_SYS_PARAM_H 1
#define HAVE_DECL_OBSTACK_PRINTF 1
#define PROMOTED_MODE_T mode_t
#define HAVE_POSIX_SPAWN 1
#define HAVE_DECL_POSIX_SPAWN 1
#define REPLACE_VFPRINTF_POSIX 1
#define USER_LABEL_PREFIX 
#define HAVE_SIGSET_T 1
#define INSTALLPREFIX "/home/ubuntu/yocto/rpi-build/tmp/work/x86_64-linux/bison-native/3.8.2-r0/recipe-sysroot-native/usr"
#define MALLOC_0_IS_NONNULL 1
#define HAVE_DECL_SETENV 1
#define HAVE_SCHED_H 1
#define HAVE_DECL_SNPRINTF 1
#define HAVE_POSIX_SPAWNATTR_T 1
#define HAVE_POSIX_SPAWN_FILE_ACTIONS_T 1
#define HAVE__BOOL 1
#define HAVE_DECL_FCLOSEALL 1
#define __USE_MINGW_ANSI_STDIO 1
#define HAVE_DECL_ECVT 1
#define HAVE_DECL_FCVT 1
#define HAVE_DECL_GCVT 1
#define HAVE_DECL_STPNCPY 1
#define HAVE_DECL_STRDUP 1
#define HAVE_DECL_STRNDUP 1
#define HAVE_STRUCT_TMS 1
#define _USE_STD_STAT 1
#define HAVE_DECL_EXECVPE 1
#define HAVE_DECL_CLEARERR_UNLOCKED 1
#define HAVE_DECL_FEOF_UNLOCKED 1
#define HAVE_DECL_FERROR_UNLOCKED 1
#define HAVE_DECL_FFLUSH_UNLOCKED 1
#define HAVE_DECL_FGETS_UNLOCKED 1
#define HAVE_DECL_FPUTC_UNLOCKED 1
#define HAVE_DECL_FPUTS_UNLOCKED 1
#define HAVE_DECL_FREAD_UNLOCKED 1
#define HAVE_DECL_FWRITE_UNLOCKED 1
#define HAVE_DECL_GETC_UNLOCKED 1
#define HAVE_DECL_GETCHAR_UNLOCKED 1
#define HAVE_DECL_PUTC_UNLOCKED 1
#define HAVE_DECL_PUTCHAR_UNLOCKED 1
#define HAVE_DECL_UNSETENV 1
#define HAVE_DECL_VSNPRINTF 1
#define HAVE_DECL_WCSDUP 1
#define HAVE_DECL_FCHDIR 1
#define HAVE_DECL_GETDELIM 1
#define HAVE_DECL_GETDTABLESIZE 1
#define HAVE_DECL_GETLINE 1
#define SETLOCALE_NULL_ALL_MTSAFE 1
#define SETLOCALE_NULL_ONE_MTSAFE 1
#define HAVE_DECL_MEMRCHR 1
#define HAVE_DECL_STRNLEN 1
#define GNULIB_TEST_ACCESS 1
#define HAVE_ALLOCA 1
#define HAVE___BUILTIN_EXPECT 1
#define GNULIB_TEST_CALLOC_POSIX 1
#define GNULIB_CANONICALIZE 1
#define GNULIB_TEST_CANONICALIZE 1
#define GNULIB_TEST_CANONICALIZE_FILE_NAME 1
#define GNULIB_CANONICALIZE_LGPL 1
#define GNULIB_TEST_CANONICALIZE_FILE_NAME 1
#define GNULIB_TEST_REALPATH 1
#define HAVE_CLOCK_GETTIME 1
#define HAVE_CLOCK_SETTIME 1
#define GNULIB_TEST_CLOEXEC 1
#define GNULIB_TEST_CLOSE 1
#define GNULIB_CLOSE_STREAM 1
#define GNULIB_DIRNAME 1
#define GNULIB_TEST_DUP2 1
#define GNULIB_TEST_ENVIRON 1
#define GNULIB_TEST_FCNTL 1
#define GNULIB_FD_SAFER_FLAG 1
#define GNULIB_TEST_FFSL 1
#define GNULIB_TEST_FOPEN 1
#define GNULIB_FOPEN_GNU 1
#define GNULIB_FOPEN_SAFER 1
#define HAVE_DECL___FPENDING 1
#define REPLACE_FPRINTF_POSIX 1
#define GNULIB_TEST_FPRINTF_POSIX 1
#define HAVE_FREE_POSIX 1
#define GNULIB_TEST_FREE_POSIX 1
#define HAVE_FREXP_IN_LIBC 1
#define GNULIB_TEST_FREXP 1
#define HAVE_FREXPL_IN_LIBC 1
#define GNULIB_TEST_FREXPL 1
#define GNULIB_TEST_FSYNC 1
#define HAVE_GETPAGESIZE 1
#define HAVE_MINIMALLY_WORKING_GETCWD 1
#define GNULIB_GETCWD 1
#define GNULIB_TEST_GETCWD 1
#define HAVE_DECL_GETHRTIME 0
#define GNULIB_TEST_GETOPT_POSIX 1
#define HAVE_DECL_PROGRAM_INVOCATION_NAME 1
#define HAVE_DECL_PROGRAM_INVOCATION_SHORT_NAME 1
#define HAVE_DECL___ARGV 0
#define GNULIB_TEST_GETRUSAGE 1
#define GETTIMEOFDAY_TIMEZONE void
#define GNULIB_TEST_GETTIMEOFDAY 1
#define HAVE_INLINE 1
#define GNULIB_TEST_ISNAN 1
#define GNULIB_TEST_ISNAND 1
#define HAVE_ISNAND_IN_LIBC 1
#define GNULIB_TEST_ISNANF 1
#define GNULIB_TEST_ISNANL 1
#define HAVE_ISNANL_IN_LIBC 1
#define HAVE_DECL_ISWBLANK 1
#define GNULIB_TEST_ISWBLANK 1
#define GNULIB_TEST_ISWDIGIT 1
#define GNULIB_TEST_ISWXDIGIT 1
#define HAVE_LDEXPL 1
#define GNULIB_TEST_LDEXPL 1
#define HAVE___INLINE 1
#define HAVE_PTHREAD_RWLOCK 1
#define HAVE_PTHREAD_MUTEX_RECURSIVE 1
#define GNULIB_LOCK 1
#define GNULIB_TEST_MALLOC_POSIX 1
#define MBRTOWC_IN_C_LOCALE_MAYBE_EILSEQ 1
#define GNULIB_TEST_MBRTOWC 1
#define GNULIB_TEST_MBSINIT 1
#define HAVE_DECL_MBSWIDTH_IN_WCHAR_H 0
#define HAVE_MBSTATE_T 1
#define GNULIB_TEST_MEMCHR 1
#define HAVE_MEMPCPY 1
#define GNULIB_TEST_MEMPCPY 1
#define GNULIB_MSVC_NOTHROW 1
#define GNULIB_TEST_OBSTACK_PRINTF 1
#define GNULIB_TEST_OPEN 1
#define GNULIB_TEST_PERROR 1
#define GNULIB_TEST_PIPE 1
#define GNULIB_TEST_PIPE2 1
#define GNULIB_PIPE2_SAFER 1
#define GNULIB_TEST_POSIX_SPAWN 1
#define GNULIB_TEST_POSIX_SPAWN_FILE_ACTIONS_ADDCHDIR 1
#define GNULIB_TEST_POSIX_SPAWN_FILE_ACTIONS_ADDCLOSE 1
#define GNULIB_TEST_POSIX_SPAWN_FILE_ACTIONS_ADDDUP2 1
#define GNULIB_TEST_POSIX_SPAWN_FILE_ACTIONS_ADDOPEN 1
#define GNULIB_TEST_POSIX_SPAWN_FILE_ACTIONS_DESTROY 1
#define GNULIB_TEST_POSIX_SPAWN_FILE_ACTIONS_INIT 1
#define GNULIB_TEST_POSIX_SPAWNATTR_DESTROY 1
#define GNULIB_TEST_POSIX_SPAWNATTR_INIT 1
#define GNULIB_TEST_POSIX_SPAWNATTR_SETFLAGS 1
#define GNULIB_TEST_POSIX_SPAWNATTR_SETPGROUP 1
#define GNULIB_TEST_POSIX_SPAWNATTR_SETSIGMASK 1
#define GNULIB_TEST_POSIX_SPAWNP 1
#define HAVE_FREXP_IN_LIBC 1
#define HAVE_LDEXP_IN_LIBC 1
#define HAVE_FREXPL_IN_LIBC 1
#define HAVE_LDEXPL_IN_LIBC 1
#define REPLACE_PRINTF_POSIX 1
#define GNULIB_TEST_PRINTF_POSIX 1
#define HAVE_DECL_PROGRAM_INVOCATION_NAME 1
#define HAVE_DECL_PROGRAM_INVOCATION_SHORT_NAME 1
#define HAVE_RAISE 1
#define GNULIB_TEST_RAISE 1
#define HAVE_RAWMEMCHR 1
#define GNULIB_TEST_RAWMEMCHR 1
#define GNULIB_TEST_READLINK 1
#define GNULIB_TEST_REALLOC_POSIX 1
#define HAVE_REALLOCARRAY 1
#define GNULIB_REALLOCARRAY 1
#define GNULIB_TEST_REALLOCARRAY 1
#define HAVE_GETCWD 1
#define HAVE_MALLOC_POSIX 1
#define HAVE_FREE_POSIX 1
#define HAVE_MEMPCPY 1
#define HAVE_RAWMEMCHR 1
#define HAVE_SEARCH_H 1
#define HAVE_TSEARCH 1
#define GNULIB_TEST_RENAME 1
#define HAVE_STRUCT_SIGACTION_SA_SIGACTION 1
#define GNULIB_TEST_SIGACTION 1
#define GNULIB_TEST_SIGNBIT 1
#define GNULIB_TEST_SIGPROCMASK 1
#define HAVE_STDINT_H 1
#define HAVE_SNPRINTF 1
#define GNULIB_TEST_SNPRINTF 1
#define GNULIB_SNPRINTF 1
#define HAVE_SNPRINTF 1
#define GNULIB_TEST_SPRINTF_POSIX 1
#define GNULIB_TEST_STAT 1
#define GNULIB_TEST_FSCANF 1
#define GNULIB_FSCANF 1
#define GNULIB_TEST_SCANF 1
#define GNULIB_SCANF 1
#define GNULIB_TEST_FGETC 1
#define GNULIB_TEST_GETC 1
#define GNULIB_TEST_GETCHAR 1
#define GNULIB_TEST_FGETS 1
#define GNULIB_TEST_FREAD 1
#define GNULIB_TEST_FPRINTF 1
#define GNULIB_TEST_PRINTF 1
#define GNULIB_TEST_VFPRINTF 1
#define GNULIB_TEST_VPRINTF 1
#define GNULIB_TEST_FPUTC 1
#define GNULIB_TEST_PUTC 1
#define GNULIB_TEST_PUTCHAR 1
#define GNULIB_TEST_FPUTS 1
#define GNULIB_TEST_PUTS 1
#define GNULIB_TEST_FWRITE 1
#define HAVE_STPCPY 1
#define GNULIB_TEST_STPCPY 1
#define HAVE_STPNCPY 1
#define GNULIB_TEST_STPNCPY 1
#define GNULIB_TEST_STRDUP 1
#define GNULIB_STRERROR 1
#define GNULIB_TEST_STRERROR 1
#define GNULIB_TEST_STRNDUP 1
#define GNULIB_TEST_STRTOD 1
#define HAVE_STRVERSCMP 1
#define GNULIB_TEST_STRVERSCMP 1
#define HAVE_SYS_SINGLE_THREADED_H 1
#define GNULIB_UNISTR_U8_MBTOUCR 1
#define GNULIB_UNISTR_U8_UCTOMB 1
#define GNULIB_TEST_UNLINK 1
#define GNULIB_STDIO_SINGLE_THREAD 1
#define USE_UNLOCKED_IO GNULIB_STDIO_SINGLE_THREAD
#define HAVE_UNSETENV 1
#define GNULIB_TEST_UNSETENV 1
#define HAVE_VASPRINTF 1
#define GNULIB_TEST_VASPRINTF 1
#define HAVE_VASPRINTF 1
#define HAVE_VSNPRINTF 1
#define GNULIB_TEST_VSNPRINTF 1
#define HAVE_VSNPRINTF 1
#define GNULIB_TEST_VSPRINTF_POSIX 1
#define HAVE_WAITID 1
#define GNULIB_TEST_WAITPID 1
#define HAVE_DECL_WCWIDTH 1
#define GNULIB_TEST_WCWIDTH 1
#define GWINSZ_IN_SYS_IOCTL 1
#define GNULIB_XALLOC 1
#define GNULIB_XALLOC_DIE 1
#define HAVE_STDINT_H 1
#define GNULIB_TEST_GETDTABLESIZE 1
#define SETLOCALE_NULL_ALL_MTSAFE 1
#define SETLOCALE_NULL_ONE_MTSAFE 1
#define GNULIB_TEST_SETLOCALE_NULL 1
#define REPLACE_VFPRINTF_POSIX 1
#define GNULIB_TEST_VFPRINTF_POSIX 1
#define GNULIB_VFPRINTF_POSIX 1
#define GNULIB_TEST_GETLINE 1

configure: exit 0
