This file contains any messages produced by compilers while
running configure, to aid debugging if configure makes a mistake.

It was created by XZ Utils configure 5.2.6, which was
generated by GNU Autoconf 2.71.  Invocation command line was

  $ ../xz-5.2.6/configure --build=x86_64-linux --host=x86_64-linux --target=x86_64-linux --prefix=/home/ubuntu/yocto/rpi-build/tmp/work/x86_64-linux/xz-native/5.2.6-r0/recipe-sysroot-native/usr --exec_prefix=/home/ubuntu/yocto/rpi-build/tmp/work/x86_64-linux/xz-native/5.2.6-r0/recipe-sysroot-native/usr --bindir=/home/ubuntu/yocto/rpi-build/tmp/work/x86_64-linux/xz-native/5.2.6-r0/recipe-sysroot-native/usr/bin --sbindir=/home/ubuntu/yocto/rpi-build/tmp/work/x86_64-linux/xz-native/5.2.6-r0/recipe-sysroot-native/usr/sbin --libexecdir=/home/ubuntu/yocto/rpi-build/tmp/work/x86_64-linux/xz-native/5.2.6-r0/recipe-sysroot-native/usr/libexec --datadir=/home/ubuntu/yocto/rpi-build/tmp/work/x86_64-linux/xz-native/5.2.6-r0/recipe-sysroot-native/usr/share --sysconfdir=/home/ubuntu/yocto/rpi-build/tmp/work/x86_64-linux/xz-native/5.2.6-r0/recipe-sysroot-native/etc --sharedstatedir=/home/ubuntu/yocto/rpi-build/tmp/work/x86_64-linux/xz-native/5.2.6-r0/recipe-sysroot-native/com --localstatedir=/home/ubuntu/yocto/rpi-build/tmp/work/x86_64-linux/xz-native/5.2.6-r0/recipe-sysroot-native/var --libdir=/home/ubuntu/yocto/rpi-build/tmp/work/x86_64-linux/xz-native/5.2.6-r0/recipe-sysroot-native/usr/lib --includedir=/home/ubuntu/yocto/rpi-build/tmp/work/x86_64-linux/xz-native/5.2.6-r0/recipe-sysroot-native/usr/include --oldincludedir=/home/ubuntu/yocto/rpi-build/tmp/work/x86_64-linux/xz-native/5.2.6-r0/recipe-sysroot-native/usr/include --infodir=/home/ubuntu/yocto/rpi-build/tmp/work/x86_64-linux/xz-native/5.2.6-r0/recipe-sysroot-native/usr/share/info --mandir=/home/ubuntu/yocto/rpi-build/tmp/work/x86_64-linux/xz-native/5.2.6-r0/recipe-sysroot-native/usr/share/man --disable-silent-rules --disable-dependency-tracking --disable-static --disable-nls

## --------- ##
## Platform. ##
## --------- ##

hostname = DESKTOP-CSPIOE3
uname -m = x86_64
uname -r = 6.6.87.2-microsoft-standard-WSL2
uname -s = Linux
uname -v = #1 SMP PREEMPT_DYNAMIC Thu Jun  5 18:30:46 UTC 2025

/usr/bin/uname -p = x86_64
/bin/uname -X     = unknown

/bin/arch              = x86_64
/usr/bin/arch -k       = unknown
/usr/convex/getsysinfo = unknown
/usr/bin/hostinfo      = unknown
/bin/machine           = unknown
/usr/bin/oslevel       = unknown
/bin/universe          = unknown

PATH: /home/ubuntu/yocto/poky/scripts/native-intercept/
PATH: /home/ubuntu/yocto/rpi-build/tmp/sysroots-uninative/x86_64-linux/usr/bin/
PATH: /home/ubuntu/yocto/poky/scripts/
PATH: /home/ubuntu/yocto/rpi-build/tmp/work/x86_64-linux/xz-native/5.2.6-r0/recipe-sysroot-native/usr/bin/x86_64-linux/
PATH: /home/ubuntu/yocto/rpi-build/tmp/work/x86_64-linux/xz-native/5.2.6-r0/recipe-sysroot-native/usr/bin/
PATH: /home/ubuntu/yocto/rpi-build/tmp/work/x86_64-linux/xz-native/5.2.6-r0/recipe-sysroot-native/usr/sbin/
PATH: /home/ubuntu/yocto/rpi-build/tmp/work/x86_64-linux/xz-native/5.2.6-r0/recipe-sysroot-native/usr/bin/
PATH: /home/ubuntu/yocto/rpi-build/tmp/work/x86_64-linux/xz-native/5.2.6-r0/recipe-sysroot-native/sbin/
PATH: /home/ubuntu/yocto/rpi-build/tmp/work/x86_64-linux/xz-native/5.2.6-r0/recipe-sysroot-native/bin/
PATH: /home/ubuntu/yocto/poky/bitbake/bin/
PATH: /home/ubuntu/yocto/rpi-build/tmp/hosttools/


## ----------- ##
## Core tests. ##
## ----------- ##

configure:2831: loading site script /home/ubuntu/yocto/poky/meta/site/endian-little
| ac_cv_c_littleendian=${ac_cv_c_littleendian=yes}
| ac_cv_c_bigendian=${ac_cv_c_bigendian=no}
| 
| # libnet
| ac_cv_libnet_endianess=${ac_cv_libnet_endianess=lil}
| 
| # libmemcached
| ac_cv_c_endian=little
configure:2831: loading site script /home/ubuntu/yocto/poky/meta/site/common-linux
| # gettext - these add sleep delays otherwise
| gl_cv_func_sleep_works=${gl_cv_func_sleep_works=yes}
| gl_cv_header_working_fcntl_h=${gl_cv_header_working_fcntl_h=yes}
| # the euc-jp tests in iconv.m4 break elfutils and libunistring depending on the
| # host locales installed. Avoid this by skipping the tests, we're not on HP-UX!
| am_cv_func_iconv_works=${am_cv_func_iconv_works=yes}
| 
| # apr
| ac_cv_file__dev_zero=${ac_cv_file__dev_zero=yes}
| ac_cv_sizeof_pid_t=${ac_cv_sizeof_pid_t=4}
| ac_cv_func_pthread_key_delete=${ac_cv_func_pthread_key_delete=yes}
| apr_cv_tcp_nodelay_with_cork=${apr_cv_tcp_nodelay_with_cork=yes}
| apr_cv_process_shared_works=${apr_cv_process_shared_works=no}
| 
| # samba
| samba_cv_HAVE_IFACE_AIX=${samba_cv_HAVE_IFACE_AIX=no}
| samba_cv_HAVE_IFACE_IFCONF=${samba_cv_HAVE_IFACE_IFCONF=yes}
| samba_cv_HAVE_IFACE_IFREQ=${samba_cv_HAVE_IFACE_IFREQ=yes}
| samba_cv_HAVE_IRIX_SPECIFIC_CAPABILITIES=${samba_cv_HAVE_IRIX_SPECIFIC_CAPABILITIES=no}
| 
| # db
| db_cv_path_ar=${db_cv_path_ar=/usr/bin/ar}
| db_cv_path_chmod=${db_cv_path_chmod=/bin/chmod}
| db_cv_path_cp=${db_cv_path_cp=/bin/cp}
| db_cv_path_ln=${db_cv_path_ln=/bin/ln}
| db_cv_path_mkdir=${db_cv_path_mkdir=/bin/mkdir}
| db_cv_path_ranlib=${db_cv_path_ranlib=/usr/bin/ranlib}
| db_cv_path_rm=${db_cv_path_rm=/bin/rm}
| db_cv_path_sh=${db_cv_path_sh=/bin/sh}
| db_cv_path_strip=${db_cv_path_strip=/usr/bin/strip}
| 
| # bash
| bash_cv_have_mbstate_t=${bash_cv_have_mbstate_t=yes}
| bash_cv_must_reinstall_sighandlers=${bash_cv_must_reinstall_sighandlers=no}
| bash_cv_func_strcoll_broken=${bash_cv_func_strcoll_broken=no}
| bash_cv_dup2_broken=${bash_cv_dup2_broken=no}
| bash_cv_opendir_not_robust=${bash_cv_opendir_not_robust=no}
| bash_cv_type_rlimit=${bash_cv_type_rlimit=rlim_t}
| bash_cv_getenv_redef=${bash_cv_getenv_redef=yes}
| bash_cv_ulimit_maxfds=${bash_cv_ulimit_maxfds=yes}
| bash_cv_getcwd_calls_popen=${bash_cv_getcwd_calls_popen=no}
| bash_cv_printf_a_format=${bash_cv_printf_a_format=yes}
| bash_cv_pgrp_pipe=${bash_cv_pgrp_pipe=no}
| bash_cv_job_control_missing=${bash_cv_job_control_missing=present}
| bash_cv_sys_named_pipes=${bash_cv_sys_named_pipes=present}
| bash_cv_unusable_rtsigs=${bash_cv_unusable_rtsigs=no}
| 
| # ccache
| hw_cv_func_snprintf_c99=${hw_cv_func_snprintf_c99=yes}
| hw_cv_func_vsnprintf_c99=${hw_cv_func_vsnprintf_c99=yes}
| 
| # coreutils
| ac_cv_func_chown_works=${ac_cv_func_chown_works=yes}
| ac_cv_func_utime_null=${ac_cv_func_utime_null=yes}
| gl_cv_func_fstatat_zero_flag=${gl_cv_func_fstatat_zero_flag=yes}
| gl_cv_func_link_follows_symlink=${gl_cv_func_link_follows_symlink=no}
| gl_cv_func_unlink_busy_text=${gl_cv_func_unlink_busy_text=yes}
| gl_cv_have_proc_uptime=${gl_cv_have_proc_uptime=yes}
| gl_cv_pipes_are_fifos=${gl_cv_pipes_are_fifos='yes (1)'}
| 
| # mysql
| ac_cv_sys_restartable_syscalls=${ac_cv_sys_restartable_syscalls=yes}
| ac_cv_conv_longlong_to_float=${ac_cv_conv_longlong_to_float=yes}
| 
| # TCL
| tcl_cv_api_serial=${tcl_cv_api_serial=termios}
| 
| # python
| ac_cv_have_long_long_format=yes
| 
| # apache
| ac_cv_o_nonblock_inherited=${ac_cv_o_nonblock_inherited=no}
| 
| # rsync
| rsync_cv_HAVE_C99_VSNPRINTF=${rsync_cv_HAVE_C99_VSNPRINTF=yes}
configure:2831: loading site script /home/ubuntu/yocto/poky/meta/site/common-glibc
| # general
| ac_cv_func_calloc_0_nonnull=${ac_cv_func_calloc_0_nonnull=yes}
| ac_cv_func_realloc_works=${ac_cv_func_realloc_works=yes}
| ac_cv_func_realloc_0_nonnull=${ac_cv_func_realloc_0_nonnull=yes}
| ac_cv_func_malloc_works=${ac_cv_func_malloc_works=yes}
| ac_cv_func_malloc_0_nonnull=${ac_cv_func_malloc_0_nonnull=yes}
| ac_cv_func_memcmp_working=${ac_cv_func_memcmp_working=yes}
| ac_cv_func_getpgrp_void=yes
| ac_cv_func_setpgrp_void=yes
| ac_cv_func_setgrent_void=yes
| ac_cv_func_getgrgid_r=${ac_cv_func_getgrgid_r=yes}
| ac_cv_func_getpwuid_r=${ac_cv_func_getpwuid_r=yes}
| ac_cv_func_posix_getpwuid_r=${ac_cv_func_posix_getpwuid_r=yes}
| ac_cv_func_posix_getgrgid_r=${ac_cv_func_posix_getgrgid_r=yes}
| ac_cv_type_uid_t={ac_cv_type_uid_t=yes}
| ac_cv_func_getaddrinfo=${ac_cv_func_getaddrinfo=yes}
| ac_cv_func_strtod=${ac_cv_func_strtod=yes}
| 
| # bash
| bash_cv_getcwd_malloc=${bash_cv_getcwd_malloc=yes}
| 
| # clamav
| clamav_av_func_working_snprintf_long=${clamav_av_func_working_snprintf_long=yes}
| clamav_av_have_in_port_t=${clamav_av_have_in_port_t=yes}
| clamav_av_have_in_addr_t=${clamav_av_have_in_addr_t=yes}
| ac_cv_func_mmap_fixed_mapped=${ac_cv_func_mmap_fixed_mapped=yes}
| 
| # coreutils
| fu_cv_sys_stat_statfs2_bsize=${fu_cv_sys_stat_statfs2_bsize=yes}
| gl_cv_func_getcwd_abort_bug=${gl_cv_func_getcwd_abort_bug=no}
| gl_cv_func_getcwd_null=${gl_cv_func_getcwd_null=yes}
| gl_cv_func_getcwd_path_max=${gl_cv_func_getcwd_path_max=yes}
| ac_cv_func_getgroups_works=${ac_cv_func_getgroups_works=yes}
| gl_cv_func_nanosleep=${gl_cv_func_nanosleep='no (mishandles large arguments)'}
| gl_cv_func_working_mkstemp=${gl_cv_func_working_mkstemp=yes}
| gl_cv_func_working_mktime=${gl_cv_func_working_mktime=yes}
| gl_cv_func_working_utimes=${gl_cv_func_working_utimes=yes}
| 
| # glib
| glib_cv_strlcpy=${glib_cv_strlcpy=no}
| ac_cv_func_printf_unix98=${ac_cv_func_printf_unix98=yes}
| ac_cv_func_snprintf_c99=${ac_cv_func_snprintf_c99=yes}
| ac_cv_func_vsnprintf_c99=${ac_cv_func_vsnprintf_c99=yes}
| glib_cv_compliant_posix_memalign=${glib_cv_compliant_posix_memalign=1}
| glib_cv_long_long_format=${glib_cv_long_long_format=ll}
| # glib-1.x requires this and pkgconfig-native / pkgconfig-nativesdk use
| # that to avoid a dependency loop.
| glib_cv___va_copy=${glib_cv___va_copy=yes}
| glib_cv_va_copy=${glib_cv_va_copy=yes}
| glib_cv_have_qsort_r=${glib_cv_have_qsort_r=yes}
| 
| #dbus-glib
| ac_cv_have_abstract_sockets=${ac_cv_have_abstract_sockets=yes}
| 
| # gnucash
| am_cv_scanf_lld=${am_cv_scanf_lld=yes}
| 
| # guile
| ac_cv_func_pthread_attr_getstack=${ac_cv_func_pthread_attr_getstack=yes}
| 
| #gcc-zlib
| ac_cv_func_getpagesize=${ac_cv_func_getpagesize=yes}
| ac_cv_func_memcpy=${ac_cv_func_memcpy=yes}
| ac_cv_func_strerror=${ac_cv_func_strerror=yes}
| 
| # squid
| ac_cv_af_unix_large_dgram=${ac_cv_af_unix_large_dgram=yes}
| ac_cv_func_setresuid=${ac_cv_func_setresuid=yes}
| ac_cv_func_va_copy=${ac_cv_func_va_copy=yes}
| ac_cv_func___va_copy=${ac_cv_func___va_copy=yes}
| ac_cv_epoll_works=${ac_cv_epoll_works=yes}
| 
| ac_cv_check_sjlj=ssjlj
| 
| # m4
| gt_cv_locale_fr=${gt_cv_locale_fr=fr_FR}
| gl_cv_func_btowc_eof=${gl_cv_func_btowc_eof=yes}
| gl_cv_func_wcrtomb_retval=${gl_cv_func_wcrtomb_retval=yes}
| gl_cv_func_wctob_works=${gl_cv_func_wctob_works=yes}
| gl_cv_func_mbrtowc_incomplete_state=${gl_cv_func_mbrtowc_incomplete_state=yes}
| gl_cv_func_mbrtowc_sanitycheck=${gl_cv_func_mbrtowc_sanitycheck=yes}
| gl_cv_func_mbrtowc_null_arg=${gl_cv_func_mbrtowc_null_arg=yes}
| gl_cv_func_mbrtowc_retval=${gl_cv_func_mbrtowc_retval=yes}
| gl_cv_func_mbrtowc_nul_retval=${gl_cv_func_mbrtowc_nul_retval=yes}
| 
| # va_copy and _va_copy
| ac_cv_va_copy=${ac_cv_va_copy=yes}
| ac_cv___va_copy=${ac_cv___va_copy=yes}
| ac_cv_func_va_copy=${ac_cv_func_va_copy=yes}
| ac_cv_func___va_copy=${ac_cv_func___va_copy=yes}
| 
| # Xorg
| xorg_cv_malloc0_returns_null=${xorg_cv_malloc0_returns_null=yes}
configure:2831: loading site script /home/ubuntu/yocto/poky/meta/site/x86_64-linux
| # general
| ac_cv_va_val_copy=${ac_cv_va_val_copy=no}
| ac_cv_func_lstat_dereferences_slashed_symlink=${ac_cv_func_lstat_dereferences_slashed_symlink=yes}
| ac_cv_func_lstat_empty_string_bug=${ac_cv_func_lstat_empty_string_bug=no}
| ac_cv_func_posix_getpwnam_r=${ac_cv_func_posix_getpwnam_r=yes}
| ac_cv_func_setvbuf_reversed=${ac_cv_func_setvbuf_reversed=no}
| ac_cv_func_stat_empty_string_bug=${ac_cv_func_stat_empty_string_bug=no}
| ac_cv_func_stat_ignores_trailing_slash=${ac_cv_func_stat_ignores_trailing_slash=no}
| ac_libnet_have_packet_socket=${ac_libnet_have_packet_socket=yes}
| ac_cv_linux_vers=${ac_cv_linux_vers=2}
| ac_cv_need_trio=${ac_cv_need_trio=no}
| ac_cv_sizeof_char=${ac_cv_sizeof_char=1}
| ac_cv_sizeof_int=${ac_cv_sizeof_int=4}
| ac_cv_sizeof_unsigned_int=${ac_cv_sizeof_unsigned_int=4}
| ac_cv_sizeof___int64=${ac_cv_sizeof___int64=0}
| ac_cv_sizeof_long=${ac_cv_sizeof_long=8}
| ac_cv_sizeof_unsigned_long=${ac_cv_sizeof_unsigned_long=8}
| ac_cv_sizeof_long_double=${ac_cv_sizeof_long_double=16}
| ac_cv_sizeof_long_int=${ac_cv_sizeof_long_int=8}
| ac_cv_sizeof_long_long=${ac_cv_sizeof_long_long=8}
| ac_cv_sizeof_short=${ac_cv_sizeof_short=2}
| ac_cv_sizeof_unsigned_short=${ac_cv_sizeof_unsigned_short=2}
| ac_cv_sizeof_short_int=${ac_cv_sizeof_short_int=2}
| ac_cv_sizeof_size_t=${ac_cv_sizeof_size_t=8}
| ac_cv_sizeof_uid_t=${ac_cv_sizeof_uid_t=4}
| ac_cv_sizeof_gid_t=${ac_cv_sizeof_gid_t=4}
| ac_cv_sizeof_dev_t=${ac_cv_sizeof_dev_t=8}
| ac_cv_sizeof_void_p=${ac_cv_sizeof_void_p=8}
| ac_cv_strerror_r_SUSv3=${ac_cv_strerror_r_SUSv3=no}
| db_cv_alignp_t=${db_cv_alignp_t='unsigned long long'}
| db_cv_align_t=${db_cv_align_t='unsigned long long'}
| db_cv_fcntl_f_setfd=${db_cv_fcntl_f_setfd=yes}
| db_cv_sprintf_count=${db_cv_sprintf_count=yes}
| 
| # glib
| glib_cv_hasinline=${glib_cv_hasinline=yes}
| glib_cv_has__inline=${glib_cv_has__inline=yes}
| glib_cv_has__inline__=${glib_cv_has__inline__=yes}
| glib_cv_long_long_format=${glib_cv_long_long_format=ll}
| glib_cv_rtldglobal_broken=${glib_cv_rtldglobal_broken=yes}
| glib_cv_sane_realloc=${glib_cv_sane_realloc=yes}
| glib_cv_sizeof_gmutex=${glib_cv_sizeof_gmutex=40}
| glib_cv_sizeof_intmax_t=${glib_cv_sizeof_intmax_t=8}
| glib_cv_sizeof_ptrdiff_t=${glib_cv_sizeof_ptrdiff_t=8}
| glib_cv_sizeof_size_t=${glib_cv_sizeof_size_t=8}
| glib_cv_sizeof_system_thread=${glib_cv_sizeof_system_thread=8}
| glib_cv_stack_grows=${glib_cv_stack_grows=no}
| glib_cv_sys_pthread_cond_timedwait_posix=${glib_cv_sys_pthread_cond_timedwait_posix=yes}
| glib_cv_sys_pthread_getspecific_posix=${glib_cv_sys_pthread_getspecific_posix=yes}
| glib_cv_sys_pthread_mutex_trylock_posix=${glib_cv_sys_pthread_mutex_trylock_posix=yes}
| glib_cv_uscore=${glib_cv_uscore=no}
| glib_cv_va_val_copy=${glib_cv_va_val_copy=no}
| ac_cv_alignof_guint32=4
| ac_cv_alignof_guint64=8
| ac_cv_alignof_unsigned_long=8
| 
| nano_cv_func_regexec_segv_emptystr=${nano_cv_func_regexec_segv_emptystr=no}
| samba_cv_HAVE_VA_COPY=${samba_cv_HAVE_VA_COPY=yes}
| screen_cv_sys_bcopy_overlap=${screen_cv_sys_bcopy_overlap=no}
| screen_cv_sys_fifo_broken_impl=${screen_cv_sys_fifo_broken_impl=yes}
| screen_cv_sys_fifo_usable=${screen_cv_sys_fifo_usable=yes}
| screen_cv_sys_memcpy_overlap=${screen_cv_sys_memcpy_overlap=no}
| screen_cv_sys_memmove_overlap=${screen_cv_sys_memmove_overlap=no}
| screen_cv_sys_select_broken_retval=${screen_cv_sys_select_broken_retval=no}
| screen_cv_sys_sockets_nofs=${screen_cv_sys_sockets_nofs=no}
| screen_cv_sys_sockets_usable=${screen_cv_sys_sockets_usable=yes}
| screen_cv_sys_terminfo_used=${screen_cv_sys_terminfo_used=yes}
| utils_cv_sys_open_max=${utils_cv_sys_open_max=1015}
| 
| # gettext
| am_cv_func_working_getline=${am_cv_func_working_getline=yes}
| 
| #gcc
| ac_cv_lib_m_sin=${ac_cv_lib_m_sin=yes}
| 
| # bash
| bash_cv_func_sigsetjmp=${bash_cv_func_sigsetjmp=present}
| 
| lf_cv_sane_realloc=yes
| as_cv_unaligned_access=${as_cv_unaligned_access=yes}
| 
| #unfs3
| nfsd_cv_broken_setfsuid=${nfsd_cv_broken_setfsuid=0}
| nfsd_cv_func_statfs=${nfsd_cv_func_statfs=statfs2_bsize}
| nfsd_cv_bsd_signals=${nfsd_cv_bsd_signals=yes}
| 
| #apr
| apr_cv_tcp_nodelay_with_cork=${apr_cv_tcp_nodelay_with_cork=yes}
| 
| # lftp
| lftp_cv_va_val_copy=${lftp_cv_va_val_copy=no}
| 
| # slrn
| slrn_cv_va_val_copy=${slrn_cv_va_val_copy=no}
| 
| # grub
| ac_cv_func___ashldi3=no
| ac_cv_func___ashrdi3=no
| ac_cv_func___bswapdi2=no
| ac_cv_func___bswapsi2=no
| ac_cv_func___lshrdi3=no
| ac_cv_func___trampoline_setup=no
| ac_cv_func___ucmpdi2=no
| ac_cv_func__restgpr_14_x=no
| 
| # cvs
| cvs_cv_func_printf_ptr=${cvs_cv_func_printf_ptr=yes}
| 
| # at-spi2-core
| ac_cv_alignof_char=1
| ac_cv_alignof_dbind_pointer=8
| ac_cv_alignof_dbind_struct=1
| ac_cv_alignof_dbus_bool_t=4
| ac_cv_alignof_dbus_int16_t=2
| ac_cv_alignof_dbus_int32_t=4
| ac_cv_alignof_dbus_int64_t=8
| ac_cv_alignof_double=8
configure:2831: loading site script /home/ubuntu/yocto/poky/meta/site/common
| # libelf
| mr_cv_target_elf=${mr_cv_target_elf=yes}
| 
| # Normally kernels have /dev/random enabled
| ac_cv_file__dev_random=${ac_cv_file__dev_random=yes}
| 
| # Avoid sudo to assume void for unsetenv in cross environment, or else it conflicts with
| # target stdlib.h prototype which follows POSIX compiliance. Mark for upstream.
| sudo_cv_func_unsetenv_void=no
| 
| # shadow dir info, to avoid searching build system
| shadow_cv_maildir=${localstatedir}/spool/mail
| shadow_cv_mailfile=Mailbox
| shadow_cv_utmpdir=${localstatedir}/run
| shadow_cv_logdir=${localstatedir}/log
| shadow_cv_passwd_dir=${bindir}
| 
| # python: deactivate a runtime check for ipv6-support in python >=2.7.1 that fails when cross-compiling
| ac_cv_buggy_getaddrinfo=no
| 
| ac_cv_path_SED=${ac_cv_path_SED=sed}
| 
| # General
| ac_cv_have_decl_sys_siglist=${ac_cv_have_decl_sys_siglist=no}
| 
| # bash
| bash_cv_under_sys_siglist=${bash_cv_under_sys_siglist=no}
| bash_cv_sys_siglist=${bash_cv_sys_siglist=no}
configure:3193: looking for aux files: config.rpath ltmain.sh compile missing install-sh config.guess config.sub
configure:3206:  trying ../xz-5.2.6/build-aux/
configure:3235:   ../xz-5.2.6/build-aux/config.rpath found
configure:3235:   ../xz-5.2.6/build-aux/ltmain.sh found
configure:3235:   ../xz-5.2.6/build-aux/compile found
configure:3235:   ../xz-5.2.6/build-aux/missing found
configure:3217:   ../xz-5.2.6/build-aux/install-sh found
configure:3235:   ../xz-5.2.6/build-aux/config.guess found
configure:3235:   ../xz-5.2.6/build-aux/config.sub found
configure:3365: checking build system type
configure:3380: result: x86_64-pc-linux-gnu
configure:3400: checking host system type
configure:3414: result: x86_64-pc-linux-gnu
configure:3474: checking if debugging code should be compiled
configure:3491: result: no
configure:3531: checking which encoders to build
configure:3623: result: lzma1 lzma2 delta x86 powerpc ia64 arm armthumb sparc
configure:3627: checking which decoders to build
configure:3719: result: lzma1 lzma2 delta x86 powerpc ia64 arm armthumb sparc
configure:4058: checking which match finders to build
configure:4114: result: hc3 hc4 bt2 bt3 bt4
configure:4132: checking which integrity checks to build
configure:4175: result: crc32 crc64 sha256
configure:4207: checking if external SHA-256 should be used
configure:4224: result: no
configure:4233: checking if assembler optimizations should be used
configure:4258: result: x86_64
configure:4289: checking if small size is preferred over speed
configure:4308: result: no
configure:4324: checking if threading support is wanted
configure:4351: result: yes, posix
configure:4384: checking how much RAM to assume if the real amount is unknown
configure:4400: result: 128 MiB
configure:4538: checking if library symbol versioning should be used
configure:4562: result: yes
configure:4578: checking if sandboxing should be used
configure:4590: result: maybe (autodetect)
configure:4648: checking for a shell that conforms to POSIX
configure:4690: result: /bin/sh
configure:4732: checking for a BSD-compatible install
configure:4805: result: /home/ubuntu/yocto/rpi-build/tmp/hosttools/install -c
configure:4816: checking whether build environment is sane
configure:4831: result: yes
configure:4981: checking for a race-free mkdir -p
configure:5025: result: /home/ubuntu/yocto/rpi-build/tmp/hosttools/mkdir -p
configure:5032: checking for gawk
configure:5053: found /home/ubuntu/yocto/rpi-build/tmp/hosttools/gawk
configure:5064: result: gawk
configure:5075: checking whether make sets $(MAKE)
configure:5098: result: yes
configure:5128: checking whether make supports nested variables
configure:5146: result: yes
configure:5282: checking whether ln -s works
configure:5286: result: yes
configure:5307: checking whether make supports the include directive
configure:5322: make -f confmf.GNU && cat confinc.out
this is the am__doit target
configure:5325: $? = 0
configure:5344: result: yes (GNU style)
configure:5375: checking for x86_64-linux-gcc
configure:5407: result: gcc 
configure:5805: checking for C compiler version
configure:5814: gcc  --version >&5
gcc (Ubuntu 11.4.0-1ubuntu1~22.04.2) 11.4.0
Copyright (C) 2021 Free Software Foundation, Inc.
This is free software; see the source for copying conditions.  There is NO
warranty; not even for MERCHANTABILITY or FITNESS FOR A PARTICULAR PURPOSE.

configure:5825: $? = 0
configure:5814: gcc  -v >&5
Using built-in specs.
COLLECT_GCC=gcc
COLLECT_LTO_WRAPPER=/usr/lib/gcc/x86_64-linux-gnu/11/lto-wrapper
OFFLOAD_TARGET_NAMES=nvptx-none:amdgcn-amdhsa
OFFLOAD_TARGET_DEFAULT=1
Target: x86_64-linux-gnu
Configured with: ../src/configure -v --with-pkgversion='Ubuntu 11.4.0-1ubuntu1~22.04.2' --with-bugurl=file:///usr/share/doc/gcc-11/README.Bugs --enable-languages=c,ada,c++,go,brig,d,fortran,objc,obj-c++,m2 --prefix=/usr --with-gcc-major-version-only --program-suffix=-11 --program-prefix=x86_64-linux-gnu- --enable-shared --enable-linker-build-id --libexecdir=/usr/lib --without-included-gettext --enable-threads=posix --libdir=/usr/lib --enable-nls --enable-bootstrap --enable-clocale=gnu --enable-libstdcxx-debug --enable-libstdcxx-time=yes --with-default-libstdcxx-abi=new --enable-gnu-unique-object --disable-vtable-verify --enable-plugin --enable-default-pie --with-system-zlib --enable-libphobos-checking=release --with-target-system-zlib=auto --enable-objc-gc=auto --enable-multiarch --disable-werror --enable-cet --with-arch-32=i686 --with-abi=m64 --with-multilib-list=m32,m64,mx32 --enable-multilib --with-tune=generic --enable-offload-targets=nvptx-none=/build/gcc-11-2Y5pKs/gcc-11-11.4.0/debian/tmp-nvptx/usr,amdgcn-amdhsa=/build/gcc-11-2Y5pKs/gcc-11-11.4.0/debian/tmp-gcn/usr --without-cuda-driver --enable-checking=release --build=x86_64-linux-gnu --host=x86_64-linux-gnu --target=x86_64-linux-gnu --with-build-config=bootstrap-lto-lean --enable-link-serialization=2
Thread model: posix
Supported LTO compression algorithms: zlib zstd
gcc version 11.4.0 (Ubuntu 11.4.0-1ubuntu1~22.04.2) 
... rest of stderr output deleted ...
configure:5825: $? = 0
configure:5814: gcc  -V >&5
gcc: error: unrecognized command-line option '-V'
gcc: fatal error: no input files
compilation terminated.
configure:5825: $? = 1
configure:5814: gcc  -qversion >&5
gcc: error: unrecognized command-line option '-qversion'; did you mean '--version'?
gcc: fatal error: no input files
compilation terminated.
configure:5825: $? = 1
configure:5814: gcc  -version >&5
gcc: error: unrecognized command-line option '-version'
gcc: fatal error: no input files
compilation terminated.
configure:5825: $? = 1
configure:5845: checking whether the C compiler works
configure:5867: gcc  -isystem/home/ubuntu/yocto/rpi-build/tmp/work/x86_64-linux/xz-native/5.2.6-r0/recipe-sysroot-native/usr/include -O2 -pipe -isystem/home/ubuntu/yocto/rpi-build/tmp/work/x86_64-linux/xz-native/5.2.6-r0/recipe-sysroot-native/usr/include -L/home/ubuntu/yocto/rpi-build/tmp/work/x86_64-linux/xz-native/5.2.6-r0/recipe-sysroot-native/usr/lib                         -L/home/ubuntu/yocto/rpi-build/tmp/work/x86_64-linux/xz-native/5.2.6-r0/recipe-sysroot-native/lib                         -Wl,--enable-new-dtags                         -Wl,-rpath-link,/home/ubuntu/yocto/rpi-build/tmp/work/x86_64-linux/xz-native/5.2.6-r0/recipe-sysroot-native/usr/lib                         -Wl,-rpath-link,/home/ubuntu/yocto/rpi-build/tmp/work/x86_64-linux/xz-native/5.2.6-r0/recipe-sysroot-native/lib                         -Wl,-rpath,/home/ubuntu/yocto/rpi-build/tmp/work/x86_64-linux/xz-native/5.2.6-r0/recipe-sysroot-native/usr/lib                         -Wl,-rpath,/home/ubuntu/yocto/rpi-build/tmp/work/x86_64-linux/xz-native/5.2.6-r0/recipe-sysroot-native/lib                         -Wl,-O1 -Wl,--allow-shlib-undefined -Wl,--dynamic-linker=/home/ubuntu/yocto/rpi-build/tmp/sysroots-uninative/x86_64-linux/lib/ld-linux-x86-64.so.2 conftest.c  >&5
configure:5871: $? = 0
configure:5921: result: yes
configure:5924: checking for C compiler default output file name
configure:5926: result: a.out
configure:5932: checking for suffix of executables
configure:5939: gcc  -o conftest -isystem/home/ubuntu/yocto/rpi-build/tmp/work/x86_64-linux/xz-native/5.2.6-r0/recipe-sysroot-native/usr/include -O2 -pipe -isystem/home/ubuntu/yocto/rpi-build/tmp/work/x86_64-linux/xz-native/5.2.6-r0/recipe-sysroot-native/usr/include -L/home/ubuntu/yocto/rpi-build/tmp/work/x86_64-linux/xz-native/5.2.6-r0/recipe-sysroot-native/usr/lib                         -L/home/ubuntu/yocto/rpi-build/tmp/work/x86_64-linux/xz-native/5.2.6-r0/recipe-sysroot-native/lib                         -Wl,--enable-new-dtags                         -Wl,-rpath-link,/home/ubuntu/yocto/rpi-build/tmp/work/x86_64-linux/xz-native/5.2.6-r0/recipe-sysroot-native/usr/lib                         -Wl,-rpath-link,/home/ubuntu/yocto/rpi-build/tmp/work/x86_64-linux/xz-native/5.2.6-r0/recipe-sysroot-native/lib                         -Wl,-rpath,/home/ubuntu/yocto/rpi-build/tmp/work/x86_64-linux/xz-native/5.2.6-r0/recipe-sysroot-native/usr/lib                         -Wl,-rpath,/home/ubuntu/yocto/rpi-build/tmp/work/x86_64-linux/xz-native/5.2.6-r0/recipe-sysroot-native/lib                         -Wl,-O1 -Wl,--allow-shlib-undefined -Wl,--dynamic-linker=/home/ubuntu/yocto/rpi-build/tmp/sysroots-uninative/x86_64-linux/lib/ld-linux-x86-64.so.2 conftest.c  >&5
configure:5943: $? = 0
configure:5966: result: 
configure:5988: checking whether we are cross compiling
configure:5996: gcc  -o conftest -isystem/home/ubuntu/yocto/rpi-build/tmp/work/x86_64-linux/xz-native/5.2.6-r0/recipe-sysroot-native/usr/include -O2 -pipe -isystem/home/ubuntu/yocto/rpi-build/tmp/work/x86_64-linux/xz-native/5.2.6-r0/recipe-sysroot-native/usr/include -L/home/ubuntu/yocto/rpi-build/tmp/work/x86_64-linux/xz-native/5.2.6-r0/recipe-sysroot-native/usr/lib                         -L/home/ubuntu/yocto/rpi-build/tmp/work/x86_64-linux/xz-native/5.2.6-r0/recipe-sysroot-native/lib                         -Wl,--enable-new-dtags                         -Wl,-rpath-link,/home/ubuntu/yocto/rpi-build/tmp/work/x86_64-linux/xz-native/5.2.6-r0/recipe-sysroot-native/usr/lib                         -Wl,-rpath-link,/home/ubuntu/yocto/rpi-build/tmp/work/x86_64-linux/xz-native/5.2.6-r0/recipe-sysroot-native/lib                         -Wl,-rpath,/home/ubuntu/yocto/rpi-build/tmp/work/x86_64-linux/xz-native/5.2.6-r0/recipe-sysroot-native/usr/lib                         -Wl,-rpath,/home/ubuntu/yocto/rpi-build/tmp/work/x86_64-linux/xz-native/5.2.6-r0/recipe-sysroot-native/lib                         -Wl,-O1 -Wl,--allow-shlib-undefined -Wl,--dynamic-linker=/home/ubuntu/yocto/rpi-build/tmp/sysroots-uninative/x86_64-linux/lib/ld-linux-x86-64.so.2 conftest.c  >&5
configure:6000: $? = 0
configure:6007: ./conftest
configure:6011: $? = 0
configure:6026: result: no
configure:6031: checking for suffix of object files
configure:6054: gcc  -c -isystem/home/ubuntu/yocto/rpi-build/tmp/work/x86_64-linux/xz-native/5.2.6-r0/recipe-sysroot-native/usr/include -O2 -pipe -isystem/home/ubuntu/yocto/rpi-build/tmp/work/x86_64-linux/xz-native/5.2.6-r0/recipe-sysroot-native/usr/include conftest.c >&5
configure:6058: $? = 0
configure:6080: result: o
configure:6084: checking whether the compiler supports GNU C
configure:6104: gcc  -c -isystem/home/ubuntu/yocto/rpi-build/tmp/work/x86_64-linux/xz-native/5.2.6-r0/recipe-sysroot-native/usr/include -O2 -pipe -isystem/home/ubuntu/yocto/rpi-build/tmp/work/x86_64-linux/xz-native/5.2.6-r0/recipe-sysroot-native/usr/include conftest.c >&5
configure:6104: $? = 0
configure:6114: result: yes
configure:6125: checking whether gcc  accepts -g
configure:6146: gcc  -c -g -isystem/home/ubuntu/yocto/rpi-build/tmp/work/x86_64-linux/xz-native/5.2.6-r0/recipe-sysroot-native/usr/include conftest.c >&5
configure:6146: $? = 0
configure:6190: result: yes
configure:6210: checking for gcc  option to enable C11 features
configure:6225: gcc   -c -isystem/home/ubuntu/yocto/rpi-build/tmp/work/x86_64-linux/xz-native/5.2.6-r0/recipe-sysroot-native/usr/include -O2 -pipe -isystem/home/ubuntu/yocto/rpi-build/tmp/work/x86_64-linux/xz-native/5.2.6-r0/recipe-sysroot-native/usr/include conftest.c >&5
configure:6225: $? = 0
configure:6243: result: none needed
configure:6359: checking whether gcc  understands -c and -o together
configure:6382: gcc  -c conftest.c -o conftest2.o
configure:6385: $? = 0
configure:6382: gcc  -c conftest.c -o conftest2.o
configure:6385: $? = 0
configure:6397: result: yes
configure:6416: checking dependency style of gcc 
configure:6528: result: none
configure:6558: checking dependency style of gcc 
configure:6668: result: none
configure:6688: checking for stdio.h
configure:6688: gcc  -c -isystem/home/ubuntu/yocto/rpi-build/tmp/work/x86_64-linux/xz-native/5.2.6-r0/recipe-sysroot-native/usr/include -O2 -pipe -isystem/home/ubuntu/yocto/rpi-build/tmp/work/x86_64-linux/xz-native/5.2.6-r0/recipe-sysroot-native/usr/include conftest.c >&5
configure:6688: $? = 0
configure:6688: result: yes
configure:6688: checking for stdlib.h
configure:6688: gcc  -c -isystem/home/ubuntu/yocto/rpi-build/tmp/work/x86_64-linux/xz-native/5.2.6-r0/recipe-sysroot-native/usr/include -O2 -pipe -isystem/home/ubuntu/yocto/rpi-build/tmp/work/x86_64-linux/xz-native/5.2.6-r0/recipe-sysroot-native/usr/include conftest.c >&5
configure:6688: $? = 0
configure:6688: result: yes
configure:6688: checking for string.h
configure:6688: gcc  -c -isystem/home/ubuntu/yocto/rpi-build/tmp/work/x86_64-linux/xz-native/5.2.6-r0/recipe-sysroot-native/usr/include -O2 -pipe -isystem/home/ubuntu/yocto/rpi-build/tmp/work/x86_64-linux/xz-native/5.2.6-r0/recipe-sysroot-native/usr/include conftest.c >&5
configure:6688: $? = 0
configure:6688: result: yes
configure:6688: checking for inttypes.h
configure:6688: gcc  -c -isystem/home/ubuntu/yocto/rpi-build/tmp/work/x86_64-linux/xz-native/5.2.6-r0/recipe-sysroot-native/usr/include -O2 -pipe -isystem/home/ubuntu/yocto/rpi-build/tmp/work/x86_64-linux/xz-native/5.2.6-r0/recipe-sysroot-native/usr/include conftest.c >&5
configure:6688: $? = 0
configure:6688: result: yes
configure:6688: checking for stdint.h
configure:6688: gcc  -c -isystem/home/ubuntu/yocto/rpi-build/tmp/work/x86_64-linux/xz-native/5.2.6-r0/recipe-sysroot-native/usr/include -O2 -pipe -isystem/home/ubuntu/yocto/rpi-build/tmp/work/x86_64-linux/xz-native/5.2.6-r0/recipe-sysroot-native/usr/include conftest.c >&5
configure:6688: $? = 0
configure:6688: result: yes
configure:6688: checking for strings.h
configure:6688: gcc  -c -isystem/home/ubuntu/yocto/rpi-build/tmp/work/x86_64-linux/xz-native/5.2.6-r0/recipe-sysroot-native/usr/include -O2 -pipe -isystem/home/ubuntu/yocto/rpi-build/tmp/work/x86_64-linux/xz-native/5.2.6-r0/recipe-sysroot-native/usr/include conftest.c >&5
configure:6688: $? = 0
configure:6688: result: yes
configure:6688: checking for sys/stat.h
configure:6688: gcc  -c -isystem/home/ubuntu/yocto/rpi-build/tmp/work/x86_64-linux/xz-native/5.2.6-r0/recipe-sysroot-native/usr/include -O2 -pipe -isystem/home/ubuntu/yocto/rpi-build/tmp/work/x86_64-linux/xz-native/5.2.6-r0/recipe-sysroot-native/usr/include conftest.c >&5
configure:6688: $? = 0
configure:6688: result: yes
configure:6688: checking for sys/types.h
configure:6688: gcc  -c -isystem/home/ubuntu/yocto/rpi-build/tmp/work/x86_64-linux/xz-native/5.2.6-r0/recipe-sysroot-native/usr/include -O2 -pipe -isystem/home/ubuntu/yocto/rpi-build/tmp/work/x86_64-linux/xz-native/5.2.6-r0/recipe-sysroot-native/usr/include conftest.c >&5
configure:6688: $? = 0
configure:6688: result: yes
configure:6688: checking for unistd.h
configure:6688: gcc  -c -isystem/home/ubuntu/yocto/rpi-build/tmp/work/x86_64-linux/xz-native/5.2.6-r0/recipe-sysroot-native/usr/include -O2 -pipe -isystem/home/ubuntu/yocto/rpi-build/tmp/work/x86_64-linux/xz-native/5.2.6-r0/recipe-sysroot-native/usr/include conftest.c >&5
configure:6688: $? = 0
configure:6688: result: yes
configure:6688: checking for wchar.h
configure:6688: gcc  -c -isystem/home/ubuntu/yocto/rpi-build/tmp/work/x86_64-linux/xz-native/5.2.6-r0/recipe-sysroot-native/usr/include -O2 -pipe -isystem/home/ubuntu/yocto/rpi-build/tmp/work/x86_64-linux/xz-native/5.2.6-r0/recipe-sysroot-native/usr/include conftest.c >&5
configure:6688: $? = 0
configure:6688: result: yes
configure:6688: checking for minix/config.h
configure:6688: gcc  -c -isystem/home/ubuntu/yocto/rpi-build/tmp/work/x86_64-linux/xz-native/5.2.6-r0/recipe-sysroot-native/usr/include -O2 -pipe -isystem/home/ubuntu/yocto/rpi-build/tmp/work/x86_64-linux/xz-native/5.2.6-r0/recipe-sysroot-native/usr/include conftest.c >&5
conftest.c:79:10: fatal error: minix/config.h: No such file or directory
   79 | #include <minix/config.h>
      |          ^~~~~~~~~~~~~~~~
compilation terminated.
configure:6688: $? = 1
configure: failed program was:
| /* confdefs.h */
| #define PACKAGE_NAME "XZ Utils"
| #define PACKAGE_TARNAME "xz"
| #define PACKAGE_VERSION "5.2.6"
| #define PACKAGE_STRING "XZ Utils 5.2.6"
| #define PACKAGE_BUGREPORT "lasse.collin@tukaani.org"
| #define PACKAGE_URL "https://tukaani.org/xz/"
| #define NDEBUG 1
| #define HAVE_ENCODER_LZMA1 1
| #define HAVE_ENCODER_LZMA2 1
| #define HAVE_ENCODER_DELTA 1
| #define HAVE_ENCODER_X86 1
| #define HAVE_ENCODER_POWERPC 1
| #define HAVE_ENCODER_IA64 1
| #define HAVE_ENCODER_ARM 1
| #define HAVE_ENCODER_ARMTHUMB 1
| #define HAVE_ENCODER_SPARC 1
| #define HAVE_ENCODERS 1
| #define HAVE_DECODER_LZMA1 1
| #define HAVE_DECODER_LZMA2 1
| #define HAVE_DECODER_DELTA 1
| #define HAVE_DECODER_X86 1
| #define HAVE_DECODER_POWERPC 1
| #define HAVE_DECODER_IA64 1
| #define HAVE_DECODER_ARM 1
| #define HAVE_DECODER_ARMTHUMB 1
| #define HAVE_DECODER_SPARC 1
| #define HAVE_DECODERS 1
| #define HAVE_MF_HC3 1
| #define HAVE_MF_HC4 1
| #define HAVE_MF_BT2 1
| #define HAVE_MF_BT3 1
| #define HAVE_MF_BT4 1
| #define HAVE_CHECK_CRC32 1
| #define HAVE_CHECK_CRC64 1
| #define HAVE_CHECK_SHA256 1
| #define ASSUME_RAM 128
| #define PACKAGE "xz"
| #define VERSION "5.2.6"
| #define HAVE_STDIO_H 1
| #define HAVE_STDLIB_H 1
| #define HAVE_STRING_H 1
| #define HAVE_INTTYPES_H 1
| #define HAVE_STDINT_H 1
| #define HAVE_STRINGS_H 1
| #define HAVE_SYS_STAT_H 1
| #define HAVE_SYS_TYPES_H 1
| #define HAVE_UNISTD_H 1
| #define HAVE_WCHAR_H 1
| /* end confdefs.h.  */
| #include <stddef.h>
| #ifdef HAVE_STDIO_H
| # include <stdio.h>
| #endif
| #ifdef HAVE_STDLIB_H
| # include <stdlib.h>
| #endif
| #ifdef HAVE_STRING_H
| # include <string.h>
| #endif
| #ifdef HAVE_INTTYPES_H
| # include <inttypes.h>
| #endif
| #ifdef HAVE_STDINT_H
| # include <stdint.h>
| #endif
| #ifdef HAVE_STRINGS_H
| # include <strings.h>
| #endif
| #ifdef HAVE_SYS_TYPES_H
| # include <sys/types.h>
| #endif
| #ifdef HAVE_SYS_STAT_H
| # include <sys/stat.h>
| #endif
| #ifdef HAVE_UNISTD_H
| # include <unistd.h>
| #endif
| #include <minix/config.h>
configure:6688: result: no
configure:6719: checking whether it is safe to define __EXTENSIONS__
configure:6738: gcc  -c -isystem/home/ubuntu/yocto/rpi-build/tmp/work/x86_64-linux/xz-native/5.2.6-r0/recipe-sysroot-native/usr/include -O2 -pipe -isystem/home/ubuntu/yocto/rpi-build/tmp/work/x86_64-linux/xz-native/5.2.6-r0/recipe-sysroot-native/usr/include conftest.c >&5
configure:6738: $? = 0
configure:6746: result: yes
configure:6749: checking whether _XOPEN_SOURCE should be defined
configure:6771: gcc  -c -isystem/home/ubuntu/yocto/rpi-build/tmp/work/x86_64-linux/xz-native/5.2.6-r0/recipe-sysroot-native/usr/include -O2 -pipe -isystem/home/ubuntu/yocto/rpi-build/tmp/work/x86_64-linux/xz-native/5.2.6-r0/recipe-sysroot-native/usr/include conftest.c >&5
configure:6771: $? = 0
configure:6798: result: no
configure:6859: checking for a sed that does not truncate output
configure:6929: result: sed
configure:6939: checking how to run the C preprocessor
configure:7007: result: gcc  -E
configure:7021: gcc  -E -isystem/home/ubuntu/yocto/rpi-build/tmp/work/x86_64-linux/xz-native/5.2.6-r0/recipe-sysroot-native/usr/include conftest.c
configure:7021: $? = 0
configure:7036: gcc  -E -isystem/home/ubuntu/yocto/rpi-build/tmp/work/x86_64-linux/xz-native/5.2.6-r0/recipe-sysroot-native/usr/include conftest.c
conftest.c:68:10: fatal error: ac_nonexistent.h: No such file or directory
   68 | #include <ac_nonexistent.h>
      |          ^~~~~~~~~~~~~~~~~~
compilation terminated.
configure:7036: $? = 1
configure: failed program was:
| /* confdefs.h */
| #define PACKAGE_NAME "XZ Utils"
| #define PACKAGE_TARNAME "xz"
| #define PACKAGE_VERSION "5.2.6"
| #define PACKAGE_STRING "XZ Utils 5.2.6"
| #define PACKAGE_BUGREPORT "lasse.collin@tukaani.org"
| #define PACKAGE_URL "https://tukaani.org/xz/"
| #define NDEBUG 1
| #define HAVE_ENCODER_LZMA1 1
| #define HAVE_ENCODER_LZMA2 1
| #define HAVE_ENCODER_DELTA 1
| #define HAVE_ENCODER_X86 1
| #define HAVE_ENCODER_POWERPC 1
| #define HAVE_ENCODER_IA64 1
| #define HAVE_ENCODER_ARM 1
| #define HAVE_ENCODER_ARMTHUMB 1
| #define HAVE_ENCODER_SPARC 1
| #define HAVE_ENCODERS 1
| #define HAVE_DECODER_LZMA1 1
| #define HAVE_DECODER_LZMA2 1
| #define HAVE_DECODER_DELTA 1
| #define HAVE_DECODER_X86 1
| #define HAVE_DECODER_POWERPC 1
| #define HAVE_DECODER_IA64 1
| #define HAVE_DECODER_ARM 1
| #define HAVE_DECODER_ARMTHUMB 1
| #define HAVE_DECODER_SPARC 1
| #define HAVE_DECODERS 1
| #define HAVE_MF_HC3 1
| #define HAVE_MF_HC4 1
| #define HAVE_MF_BT2 1
| #define HAVE_MF_BT3 1
| #define HAVE_MF_BT4 1
| #define HAVE_CHECK_CRC32 1
| #define HAVE_CHECK_CRC64 1
| #define HAVE_CHECK_SHA256 1
| #define ASSUME_RAM 128
| #define PACKAGE "xz"
| #define VERSION "5.2.6"
| #define HAVE_STDIO_H 1
| #define HAVE_STDLIB_H 1
| #define HAVE_STRING_H 1
| #define HAVE_INTTYPES_H 1
| #define HAVE_STDINT_H 1
| #define HAVE_STRINGS_H 1
| #define HAVE_SYS_STAT_H 1
| #define HAVE_SYS_TYPES_H 1
| #define HAVE_UNISTD_H 1
| #define HAVE_WCHAR_H 1
| #define STDC_HEADERS 1
| #define _ALL_SOURCE 1
| #define _DARWIN_C_SOURCE 1
| #define _GNU_SOURCE 1
| #define _HPUX_ALT_XOPEN_SOCKET_API 1
| #define _NETBSD_SOURCE 1
| #define _OPENBSD_SOURCE 1
| #define _POSIX_PTHREAD_SEMANTICS 1
| #define __STDC_WANT_IEC_60559_ATTRIBS_EXT__ 1
| #define __STDC_WANT_IEC_60559_BFP_EXT__ 1
| #define __STDC_WANT_IEC_60559_DFP_EXT__ 1
| #define __STDC_WANT_IEC_60559_FUNCS_EXT__ 1
| #define __STDC_WANT_IEC_60559_TYPES_EXT__ 1
| #define __STDC_WANT_LIB_EXT2__ 1
| #define __STDC_WANT_MATH_SPEC_FUNCS__ 1
| #define _TANDEM_SOURCE 1
| #define __EXTENSIONS__ 1
| /* end confdefs.h.  */
| #include <ac_nonexistent.h>
configure:7067: checking for grep that handles long lines and -e
configure:7131: result: /home/ubuntu/yocto/rpi-build/tmp/hosttools/grep
configure:7136: checking for egrep
configure:7204: result: /home/ubuntu/yocto/rpi-build/tmp/hosttools/grep -E
configure:7365: checking whether gcc  is Clang
configure:7392: result: no
configure:7457: checking whether pthreads work with "-pthread" and "-lpthread"
configure:7568: gcc  -o conftest -isystem/home/ubuntu/yocto/rpi-build/tmp/work/x86_64-linux/xz-native/5.2.6-r0/recipe-sysroot-native/usr/include -O2 -pipe -pthread -isystem/home/ubuntu/yocto/rpi-build/tmp/work/x86_64-linux/xz-native/5.2.6-r0/recipe-sysroot-native/usr/include -L/home/ubuntu/yocto/rpi-build/tmp/work/x86_64-linux/xz-native/5.2.6-r0/recipe-sysroot-native/usr/lib                         -L/home/ubuntu/yocto/rpi-build/tmp/work/x86_64-linux/xz-native/5.2.6-r0/recipe-sysroot-native/lib                         -Wl,--enable-new-dtags                         -Wl,-rpath-link,/home/ubuntu/yocto/rpi-build/tmp/work/x86_64-linux/xz-native/5.2.6-r0/recipe-sysroot-native/usr/lib                         -Wl,-rpath-link,/home/ubuntu/yocto/rpi-build/tmp/work/x86_64-linux/xz-native/5.2.6-r0/recipe-sysroot-native/lib                         -Wl,-rpath,/home/ubuntu/yocto/rpi-build/tmp/work/x86_64-linux/xz-native/5.2.6-r0/recipe-sysroot-native/usr/lib                         -Wl,-rpath,/home/ubuntu/yocto/rpi-build/tmp/work/x86_64-linux/xz-native/5.2.6-r0/recipe-sysroot-native/lib                         -Wl,-O1 -Wl,--allow-shlib-undefined -Wl,--dynamic-linker=/home/ubuntu/yocto/rpi-build/tmp/sysroots-uninative/x86_64-linux/lib/ld-linux-x86-64.so.2 conftest.c -lpthread  >&5
configure:7568: $? = 0
configure:7578: result: yes
configure:7701: checking for joinable pthread attribute
configure:7720: gcc  -o conftest -isystem/home/ubuntu/yocto/rpi-build/tmp/work/x86_64-linux/xz-native/5.2.6-r0/recipe-sysroot-native/usr/include -O2 -pipe -pthread -isystem/home/ubuntu/yocto/rpi-build/tmp/work/x86_64-linux/xz-native/5.2.6-r0/recipe-sysroot-native/usr/include -L/home/ubuntu/yocto/rpi-build/tmp/work/x86_64-linux/xz-native/5.2.6-r0/recipe-sysroot-native/usr/lib                         -L/home/ubuntu/yocto/rpi-build/tmp/work/x86_64-linux/xz-native/5.2.6-r0/recipe-sysroot-native/lib                         -Wl,--enable-new-dtags                         -Wl,-rpath-link,/home/ubuntu/yocto/rpi-build/tmp/work/x86_64-linux/xz-native/5.2.6-r0/recipe-sysroot-native/usr/lib                         -Wl,-rpath-link,/home/ubuntu/yocto/rpi-build/tmp/work/x86_64-linux/xz-native/5.2.6-r0/recipe-sysroot-native/lib                         -Wl,-rpath,/home/ubuntu/yocto/rpi-build/tmp/work/x86_64-linux/xz-native/5.2.6-r0/recipe-sysroot-native/usr/lib                         -Wl,-rpath,/home/ubuntu/yocto/rpi-build/tmp/work/x86_64-linux/xz-native/5.2.6-r0/recipe-sysroot-native/lib                         -Wl,-O1 -Wl,--allow-shlib-undefined -Wl,--dynamic-linker=/home/ubuntu/yocto/rpi-build/tmp/sysroots-uninative/x86_64-linux/lib/ld-linux-x86-64.so.2 conftest.c -lpthread  >&5
configure:7720: $? = 0
configure:7729: result: PTHREAD_CREATE_JOINABLE
configure:7742: checking whether more special flags are required for pthreads
configure:7756: result: no
configure:7765: checking for PTHREAD_PRIO_INHERIT
configure:7783: gcc  -o conftest -isystem/home/ubuntu/yocto/rpi-build/tmp/work/x86_64-linux/xz-native/5.2.6-r0/recipe-sysroot-native/usr/include -O2 -pipe -pthread -isystem/home/ubuntu/yocto/rpi-build/tmp/work/x86_64-linux/xz-native/5.2.6-r0/recipe-sysroot-native/usr/include -L/home/ubuntu/yocto/rpi-build/tmp/work/x86_64-linux/xz-native/5.2.6-r0/recipe-sysroot-native/usr/lib                         -L/home/ubuntu/yocto/rpi-build/tmp/work/x86_64-linux/xz-native/5.2.6-r0/recipe-sysroot-native/lib                         -Wl,--enable-new-dtags                         -Wl,-rpath-link,/home/ubuntu/yocto/rpi-build/tmp/work/x86_64-linux/xz-native/5.2.6-r0/recipe-sysroot-native/usr/lib                         -Wl,-rpath-link,/home/ubuntu/yocto/rpi-build/tmp/work/x86_64-linux/xz-native/5.2.6-r0/recipe-sysroot-native/lib                         -Wl,-rpath,/home/ubuntu/yocto/rpi-build/tmp/work/x86_64-linux/xz-native/5.2.6-r0/recipe-sysroot-native/usr/lib                         -Wl,-rpath,/home/ubuntu/yocto/rpi-build/tmp/work/x86_64-linux/xz-native/5.2.6-r0/recipe-sysroot-native/lib                         -Wl,-O1 -Wl,--allow-shlib-undefined -Wl,--dynamic-linker=/home/ubuntu/yocto/rpi-build/tmp/sysroots-uninative/x86_64-linux/lib/ld-linux-x86-64.so.2 conftest.c -lpthread  >&5
configure:7783: $? = 0
configure:7793: result: yes
configure:7916: checking for library containing clock_gettime
configure:7946: gcc  -o conftest -isystem/home/ubuntu/yocto/rpi-build/tmp/work/x86_64-linux/xz-native/5.2.6-r0/recipe-sysroot-native/usr/include -O2 -pipe -pthread -isystem/home/ubuntu/yocto/rpi-build/tmp/work/x86_64-linux/xz-native/5.2.6-r0/recipe-sysroot-native/usr/include -L/home/ubuntu/yocto/rpi-build/tmp/work/x86_64-linux/xz-native/5.2.6-r0/recipe-sysroot-native/usr/lib                         -L/home/ubuntu/yocto/rpi-build/tmp/work/x86_64-linux/xz-native/5.2.6-r0/recipe-sysroot-native/lib                         -Wl,--enable-new-dtags                         -Wl,-rpath-link,/home/ubuntu/yocto/rpi-build/tmp/work/x86_64-linux/xz-native/5.2.6-r0/recipe-sysroot-native/usr/lib                         -Wl,-rpath-link,/home/ubuntu/yocto/rpi-build/tmp/work/x86_64-linux/xz-native/5.2.6-r0/recipe-sysroot-native/lib                         -Wl,-rpath,/home/ubuntu/yocto/rpi-build/tmp/work/x86_64-linux/xz-native/5.2.6-r0/recipe-sysroot-native/usr/lib                         -Wl,-rpath,/home/ubuntu/yocto/rpi-build/tmp/work/x86_64-linux/xz-native/5.2.6-r0/recipe-sysroot-native/lib                         -Wl,-O1 -Wl,--allow-shlib-undefined -Wl,--dynamic-linker=/home/ubuntu/yocto/rpi-build/tmp/sysroots-uninative/x86_64-linux/lib/ld-linux-x86-64.so.2 conftest.c  -lpthread >&5
configure:7946: $? = 0
configure:7966: result: none required
configure:7975: checking for clock_gettime
configure:7975: gcc  -o conftest -isystem/home/ubuntu/yocto/rpi-build/tmp/work/x86_64-linux/xz-native/5.2.6-r0/recipe-sysroot-native/usr/include -O2 -pipe -pthread -isystem/home/ubuntu/yocto/rpi-build/tmp/work/x86_64-linux/xz-native/5.2.6-r0/recipe-sysroot-native/usr/include -L/home/ubuntu/yocto/rpi-build/tmp/work/x86_64-linux/xz-native/5.2.6-r0/recipe-sysroot-native/usr/lib                         -L/home/ubuntu/yocto/rpi-build/tmp/work/x86_64-linux/xz-native/5.2.6-r0/recipe-sysroot-native/lib                         -Wl,--enable-new-dtags                         -Wl,-rpath-link,/home/ubuntu/yocto/rpi-build/tmp/work/x86_64-linux/xz-native/5.2.6-r0/recipe-sysroot-native/usr/lib                         -Wl,-rpath-link,/home/ubuntu/yocto/rpi-build/tmp/work/x86_64-linux/xz-native/5.2.6-r0/recipe-sysroot-native/lib                         -Wl,-rpath,/home/ubuntu/yocto/rpi-build/tmp/work/x86_64-linux/xz-native/5.2.6-r0/recipe-sysroot-native/usr/lib                         -Wl,-rpath,/home/ubuntu/yocto/rpi-build/tmp/work/x86_64-linux/xz-native/5.2.6-r0/recipe-sysroot-native/lib                         -Wl,-O1 -Wl,--allow-shlib-undefined -Wl,--dynamic-linker=/home/ubuntu/yocto/rpi-build/tmp/sysroots-uninative/x86_64-linux/lib/ld-linux-x86-64.so.2 conftest.c  -lpthread >&5
configure:7975: $? = 0
configure:7975: result: yes
configure:7981: checking for pthread_condattr_setclock
configure:7981: gcc  -o conftest -isystem/home/ubuntu/yocto/rpi-build/tmp/work/x86_64-linux/xz-native/5.2.6-r0/recipe-sysroot-native/usr/include -O2 -pipe -pthread -isystem/home/ubuntu/yocto/rpi-build/tmp/work/x86_64-linux/xz-native/5.2.6-r0/recipe-sysroot-native/usr/include -L/home/ubuntu/yocto/rpi-build/tmp/work/x86_64-linux/xz-native/5.2.6-r0/recipe-sysroot-native/usr/lib                         -L/home/ubuntu/yocto/rpi-build/tmp/work/x86_64-linux/xz-native/5.2.6-r0/recipe-sysroot-native/lib                         -Wl,--enable-new-dtags                         -Wl,-rpath-link,/home/ubuntu/yocto/rpi-build/tmp/work/x86_64-linux/xz-native/5.2.6-r0/recipe-sysroot-native/usr/lib                         -Wl,-rpath-link,/home/ubuntu/yocto/rpi-build/tmp/work/x86_64-linux/xz-native/5.2.6-r0/recipe-sysroot-native/lib                         -Wl,-rpath,/home/ubuntu/yocto/rpi-build/tmp/work/x86_64-linux/xz-native/5.2.6-r0/recipe-sysroot-native/usr/lib                         -Wl,-rpath,/home/ubuntu/yocto/rpi-build/tmp/work/x86_64-linux/xz-native/5.2.6-r0/recipe-sysroot-native/lib                         -Wl,-O1 -Wl,--allow-shlib-undefined -Wl,--dynamic-linker=/home/ubuntu/yocto/rpi-build/tmp/sysroots-uninative/x86_64-linux/lib/ld-linux-x86-64.so.2 conftest.c  -lpthread >&5
configure:7981: $? = 0
configure:7981: result: yes
configure:7988: checking for gcc  options needed to detect all undeclared functions
configure:8010: gcc  -c -isystem/home/ubuntu/yocto/rpi-build/tmp/work/x86_64-linux/xz-native/5.2.6-r0/recipe-sysroot-native/usr/include -O2 -pipe -pthread  -isystem/home/ubuntu/yocto/rpi-build/tmp/work/x86_64-linux/xz-native/5.2.6-r0/recipe-sysroot-native/usr/include conftest.c >&5
conftest.c: In function 'main':
conftest.c:76:8: error: 'strchr' undeclared (first use in this function)
   76 | (void) strchr;
      |        ^~~~~~
conftest.c:1:1: note: 'strchr' is defined in header '<string.h>'; did you forget to '#include <string.h>'?
    1 | /* confdefs.h */
conftest.c:76:8: note: each undeclared identifier is reported only once for each function it appears in
   76 | (void) strchr;
      |        ^~~~~~
configure:8010: $? = 1
configure: failed program was:
| /* confdefs.h */
| #define PACKAGE_NAME "XZ Utils"
| #define PACKAGE_TARNAME "xz"
| #define PACKAGE_VERSION "5.2.6"
| #define PACKAGE_STRING "XZ Utils 5.2.6"
| #define PACKAGE_BUGREPORT "lasse.collin@tukaani.org"
| #define PACKAGE_URL "https://tukaani.org/xz/"
| #define NDEBUG 1
| #define HAVE_ENCODER_LZMA1 1
| #define HAVE_ENCODER_LZMA2 1
| #define HAVE_ENCODER_DELTA 1
| #define HAVE_ENCODER_X86 1
| #define HAVE_ENCODER_POWERPC 1
| #define HAVE_ENCODER_IA64 1
| #define HAVE_ENCODER_ARM 1
| #define HAVE_ENCODER_ARMTHUMB 1
| #define HAVE_ENCODER_SPARC 1
| #define HAVE_ENCODERS 1
| #define HAVE_DECODER_LZMA1 1
| #define HAVE_DECODER_LZMA2 1
| #define HAVE_DECODER_DELTA 1
| #define HAVE_DECODER_X86 1
| #define HAVE_DECODER_POWERPC 1
| #define HAVE_DECODER_IA64 1
| #define HAVE_DECODER_ARM 1
| #define HAVE_DECODER_ARMTHUMB 1
| #define HAVE_DECODER_SPARC 1
| #define HAVE_DECODERS 1
| #define HAVE_MF_HC3 1
| #define HAVE_MF_HC4 1
| #define HAVE_MF_BT2 1
| #define HAVE_MF_BT3 1
| #define HAVE_MF_BT4 1
| #define HAVE_CHECK_CRC32 1
| #define HAVE_CHECK_CRC64 1
| #define HAVE_CHECK_SHA256 1
| #define ASSUME_RAM 128
| #define PACKAGE "xz"
| #define VERSION "5.2.6"
| #define HAVE_STDIO_H 1
| #define HAVE_STDLIB_H 1
| #define HAVE_STRING_H 1
| #define HAVE_INTTYPES_H 1
| #define HAVE_STDINT_H 1
| #define HAVE_STRINGS_H 1
| #define HAVE_SYS_STAT_H 1
| #define HAVE_SYS_TYPES_H 1
| #define HAVE_UNISTD_H 1
| #define HAVE_WCHAR_H 1
| #define STDC_HEADERS 1
| #define _ALL_SOURCE 1
| #define _DARWIN_C_SOURCE 1
| #define _GNU_SOURCE 1
| #define _HPUX_ALT_XOPEN_SOCKET_API 1
| #define _NETBSD_SOURCE 1
| #define _OPENBSD_SOURCE 1
| #define _POSIX_PTHREAD_SEMANTICS 1
| #define __STDC_WANT_IEC_60559_ATTRIBS_EXT__ 1
| #define __STDC_WANT_IEC_60559_BFP_EXT__ 1
| #define __STDC_WANT_IEC_60559_DFP_EXT__ 1
| #define __STDC_WANT_IEC_60559_FUNCS_EXT__ 1
| #define __STDC_WANT_IEC_60559_TYPES_EXT__ 1
| #define __STDC_WANT_LIB_EXT2__ 1
| #define __STDC_WANT_MATH_SPEC_FUNCS__ 1
| #define _TANDEM_SOURCE 1
| #define __EXTENSIONS__ 1
| #define HAVE_PTHREAD_PRIO_INHERIT 1
| #define MYTHREAD_POSIX 1
| #define HAVE_CLOCK_GETTIME 1
| #define HAVE_PTHREAD_CONDATTR_SETCLOCK 1
| /* end confdefs.h.  */
| 
| int
| main (void)
| {
| (void) strchr;
|   ;
|   return 0;
| }
configure:8037: gcc  -c -isystem/home/ubuntu/yocto/rpi-build/tmp/work/x86_64-linux/xz-native/5.2.6-r0/recipe-sysroot-native/usr/include -O2 -pipe -pthread  -isystem/home/ubuntu/yocto/rpi-build/tmp/work/x86_64-linux/xz-native/5.2.6-r0/recipe-sysroot-native/usr/include conftest.c >&5
configure:8037: $? = 0
configure:8054: result: none needed
configure:8068: checking whether CLOCK_MONOTONIC is declared
configure:8068: gcc  -c -isystem/home/ubuntu/yocto/rpi-build/tmp/work/x86_64-linux/xz-native/5.2.6-r0/recipe-sysroot-native/usr/include -O2 -pipe -pthread  -isystem/home/ubuntu/yocto/rpi-build/tmp/work/x86_64-linux/xz-native/5.2.6-r0/recipe-sysroot-native/usr/include conftest.c >&5
configure:8068: $? = 0
configure:8068: result: yes
configure:8150: checking how to print strings
configure:8177: result: printf
configure:8198: checking for a sed that does not truncate output
configure:8268: result: sed
configure:8286: checking for fgrep
configure:8354: result: /home/ubuntu/yocto/rpi-build/tmp/hosttools/grep -F
configure:8390: checking for ld used by gcc 
configure:8458: result: ld 
configure:8465: checking if the linker (ld ) is GNU ld
configure:8481: result: yes
configure:8493: checking for BSD- or MS-compatible name lister (nm)
configure:8548: result: nm
configure:8688: checking the name lister (nm) interface
configure:8696: gcc  -c -isystem/home/ubuntu/yocto/rpi-build/tmp/work/x86_64-linux/xz-native/5.2.6-r0/recipe-sysroot-native/usr/include -O2 -pipe -isystem/home/ubuntu/yocto/rpi-build/tmp/work/x86_64-linux/xz-native/5.2.6-r0/recipe-sysroot-native/usr/include conftest.c >&5
configure:8699: nm "conftest.o"
configure:8702: output
0000000000000000 B some_variable
configure:8709: result: BSD nm
configure:8713: checking the maximum length of command line arguments
configure:8845: result: 1572864
configure:8893: checking how to convert x86_64-pc-linux-gnu file names to x86_64-pc-linux-gnu format
configure:8934: result: func_convert_file_noop
configure:8941: checking how to convert x86_64-pc-linux-gnu file names to toolchain format
configure:8962: result: func_convert_file_noop
configure:8969: checking for ld  option to reload object files
configure:8977: result: -r
configure:9011: checking for x86_64-linux-file
configure:9046: result: no
configure:9056: checking for file
configure:9077: found /home/ubuntu/yocto/rpi-build/tmp/hosttools/file
configure:9088: result: file
configure:9119: checking for x86_64-linux-objdump
configure:9151: result: objdump
configure:9225: checking how to recognize dependent libraries
configure:9426: result: pass_all
configure:9471: checking for x86_64-linux-dlltool
configure:9506: result: no
configure:9516: checking for dlltool
configure:9551: result: no
configure:9578: checking how to associate runtime and link libraries
configure:9606: result: printf %s\n
configure:9622: checking for x86_64-linux-ar
configure:9654: result: ar
configure:9756: checking for archiver @FILE support
configure:9774: gcc  -c -isystem/home/ubuntu/yocto/rpi-build/tmp/work/x86_64-linux/xz-native/5.2.6-r0/recipe-sysroot-native/usr/include -O2 -pipe -isystem/home/ubuntu/yocto/rpi-build/tmp/work/x86_64-linux/xz-native/5.2.6-r0/recipe-sysroot-native/usr/include conftest.c >&5
configure:9774: $? = 0
configure:9778: ar cr libconftest.a @conftest.lst >&5
configure:9781: $? = 0
configure:9786: ar cr libconftest.a @conftest.lst >&5
/home/ubuntu/yocto/poky/scripts/native-intercept/ar: conftest.o: No such file or directory
configure:9789: $? = 1
configure:9801: result: @
configure:9819: checking for x86_64-linux-strip
configure:9851: result: strip
configure:9928: checking for x86_64-linux-ranlib
configure:9960: result: ranlib -D
configure:10107: checking command to parse nm output from gcc  object
configure:10261: gcc  -c -isystem/home/ubuntu/yocto/rpi-build/tmp/work/x86_64-linux/xz-native/5.2.6-r0/recipe-sysroot-native/usr/include -O2 -pipe -isystem/home/ubuntu/yocto/rpi-build/tmp/work/x86_64-linux/xz-native/5.2.6-r0/recipe-sysroot-native/usr/include conftest.c >&5
configure:10264: $? = 0
configure:10268: nm conftest.o \| sed -n -e 's/^.*[ ]\([ABCDGIRSTW][ABCDGIRSTW]*\)[ ][ ]*\([_A-Za-z][_A-Za-z0-9]*\)$/\1 \2 \2/p' | sed '/ __gnu_lto/d' \> conftest.nm
configure:10271: $? = 0
configure:10337: gcc  -o conftest -isystem/home/ubuntu/yocto/rpi-build/tmp/work/x86_64-linux/xz-native/5.2.6-r0/recipe-sysroot-native/usr/include -O2 -pipe -isystem/home/ubuntu/yocto/rpi-build/tmp/work/x86_64-linux/xz-native/5.2.6-r0/recipe-sysroot-native/usr/include -L/home/ubuntu/yocto/rpi-build/tmp/work/x86_64-linux/xz-native/5.2.6-r0/recipe-sysroot-native/usr/lib                         -L/home/ubuntu/yocto/rpi-build/tmp/work/x86_64-linux/xz-native/5.2.6-r0/recipe-sysroot-native/lib                         -Wl,--enable-new-dtags                         -Wl,-rpath-link,/home/ubuntu/yocto/rpi-build/tmp/work/x86_64-linux/xz-native/5.2.6-r0/recipe-sysroot-native/usr/lib                         -Wl,-rpath-link,/home/ubuntu/yocto/rpi-build/tmp/work/x86_64-linux/xz-native/5.2.6-r0/recipe-sysroot-native/lib                         -Wl,-rpath,/home/ubuntu/yocto/rpi-build/tmp/work/x86_64-linux/xz-native/5.2.6-r0/recipe-sysroot-native/usr/lib                         -Wl,-rpath,/home/ubuntu/yocto/rpi-build/tmp/work/x86_64-linux/xz-native/5.2.6-r0/recipe-sysroot-native/lib                         -Wl,-O1 -Wl,--allow-shlib-undefined -Wl,--dynamic-linker=/home/ubuntu/yocto/rpi-build/tmp/sysroots-uninative/x86_64-linux/lib/ld-linux-x86-64.so.2 conftest.c conftstm.o >&5
configure:10340: $? = 0
configure:10378: result: ok
configure:10425: checking for sysroot
configure:10460: result: no
configure:10467: checking for a working dd
configure:10511: result: /home/ubuntu/yocto/rpi-build/tmp/hosttools/dd
configure:10515: checking how to truncate binary pipes
configure:10531: result: /home/ubuntu/yocto/rpi-build/tmp/hosttools/dd bs=4096 count=1
configure:10668: gcc  -c -isystem/home/ubuntu/yocto/rpi-build/tmp/work/x86_64-linux/xz-native/5.2.6-r0/recipe-sysroot-native/usr/include -O2 -pipe -isystem/home/ubuntu/yocto/rpi-build/tmp/work/x86_64-linux/xz-native/5.2.6-r0/recipe-sysroot-native/usr/include conftest.c >&5
configure:10671: $? = 0
configure:10823: checking for x86_64-linux-mt
configure:10858: result: no
configure:10868: checking for mt
configure:10903: result: no
configure:10923: checking if : is a manifest tool
configure:10930: : '-?'
configure:10938: result: no
configure:11659: checking for dlfcn.h
configure:11659: gcc  -c -isystem/home/ubuntu/yocto/rpi-build/tmp/work/x86_64-linux/xz-native/5.2.6-r0/recipe-sysroot-native/usr/include -O2 -pipe -isystem/home/ubuntu/yocto/rpi-build/tmp/work/x86_64-linux/xz-native/5.2.6-r0/recipe-sysroot-native/usr/include conftest.c >&5
configure:11659: $? = 0
configure:11659: result: yes
configure:12246: checking for objdir
configure:12262: result: .libs
configure:12522: checking if gcc  supports -fno-rtti -fno-exceptions
configure:12541: gcc  -c -isystem/home/ubuntu/yocto/rpi-build/tmp/work/x86_64-linux/xz-native/5.2.6-r0/recipe-sysroot-native/usr/include -O2 -pipe -isystem/home/ubuntu/yocto/rpi-build/tmp/work/x86_64-linux/xz-native/5.2.6-r0/recipe-sysroot-native/usr/include -fno-rtti -fno-exceptions conftest.c >&5
cc1: warning: command-line option '-fno-rtti' is valid for C++/D/ObjC++ but not for C
configure:12545: $? = 0
configure:12558: result: no
configure:12916: checking for gcc  option to produce PIC
configure:12924: result: -fPIC -DPIC
configure:12932: checking if gcc  PIC flag -fPIC -DPIC works
configure:12951: gcc  -c -isystem/home/ubuntu/yocto/rpi-build/tmp/work/x86_64-linux/xz-native/5.2.6-r0/recipe-sysroot-native/usr/include -O2 -pipe -isystem/home/ubuntu/yocto/rpi-build/tmp/work/x86_64-linux/xz-native/5.2.6-r0/recipe-sysroot-native/usr/include -fPIC -DPIC -DPIC conftest.c >&5
configure:12955: $? = 0
configure:12968: result: yes
configure:12997: checking if gcc  static flag -static works
configure:13026: result: yes
configure:13041: checking if gcc  supports -c -o file.o
configure:13063: gcc  -c -isystem/home/ubuntu/yocto/rpi-build/tmp/work/x86_64-linux/xz-native/5.2.6-r0/recipe-sysroot-native/usr/include -O2 -pipe -isystem/home/ubuntu/yocto/rpi-build/tmp/work/x86_64-linux/xz-native/5.2.6-r0/recipe-sysroot-native/usr/include -o out/conftest2.o conftest.c >&5
configure:13067: $? = 0
configure:13089: result: yes
configure:13097: checking if gcc  supports -c -o file.o
configure:13145: result: yes
configure:13178: checking whether the gcc  linker (ld  -m elf_x86_64) supports shared libraries
configure:14446: result: yes
configure:14483: checking whether -lc should be explicitly linked in
configure:14492: gcc  -c -isystem/home/ubuntu/yocto/rpi-build/tmp/work/x86_64-linux/xz-native/5.2.6-r0/recipe-sysroot-native/usr/include -O2 -pipe -isystem/home/ubuntu/yocto/rpi-build/tmp/work/x86_64-linux/xz-native/5.2.6-r0/recipe-sysroot-native/usr/include conftest.c >&5
configure:14495: $? = 0
configure:14510: gcc  -shared  -fPIC -DPIC conftest.o  -v -Wl,-soname -Wl,conftest -o conftest 2\>\&1 \| /home/ubuntu/yocto/rpi-build/tmp/hosttools/grep  -lc  \>/dev/null 2\>\&1
configure:14513: $? = 0
configure:14527: result: no
configure:14687: checking dynamic linker characteristics
configure:15269: gcc  -o conftest -isystem/home/ubuntu/yocto/rpi-build/tmp/work/x86_64-linux/xz-native/5.2.6-r0/recipe-sysroot-native/usr/include -O2 -pipe -isystem/home/ubuntu/yocto/rpi-build/tmp/work/x86_64-linux/xz-native/5.2.6-r0/recipe-sysroot-native/usr/include -L/home/ubuntu/yocto/rpi-build/tmp/work/x86_64-linux/xz-native/5.2.6-r0/recipe-sysroot-native/usr/lib                         -L/home/ubuntu/yocto/rpi-build/tmp/work/x86_64-linux/xz-native/5.2.6-r0/recipe-sysroot-native/lib                         -Wl,--enable-new-dtags                         -Wl,-rpath-link,/home/ubuntu/yocto/rpi-build/tmp/work/x86_64-linux/xz-native/5.2.6-r0/recipe-sysroot-native/usr/lib                         -Wl,-rpath-link,/home/ubuntu/yocto/rpi-build/tmp/work/x86_64-linux/xz-native/5.2.6-r0/recipe-sysroot-native/lib                         -Wl,-rpath,/home/ubuntu/yocto/rpi-build/tmp/work/x86_64-linux/xz-native/5.2.6-r0/recipe-sysroot-native/usr/lib                         -Wl,-rpath,/home/ubuntu/yocto/rpi-build/tmp/work/x86_64-linux/xz-native/5.2.6-r0/recipe-sysroot-native/lib                         -Wl,-O1 -Wl,--allow-shlib-undefined -Wl,--dynamic-linker=/home/ubuntu/yocto/rpi-build/tmp/sysroots-uninative/x86_64-linux/lib/ld-linux-x86-64.so.2 -Wl,-rpath -Wl,/foo conftest.c  -lpthread >&5
configure:15269: $? = 0
configure:15508: result: GNU/Linux ld.so
configure:15630: checking how to hardcode library paths into programs
configure:15655: result: immediate
configure:16207: checking whether stripping libraries is possible
configure:16216: result: yes
configure:16258: checking if libtool supports shared libraries
configure:16260: result: yes
configure:16263: checking whether to build shared libraries
configure:16288: result: yes
configure:16291: checking whether to build static libraries
configure:16295: result: no
configure:16335: checking for x86_64-linux-windres
configure:16370: result: no
configure:16380: checking for windres
configure:16415: result: no
configure:16536: checking whether NLS is requested
configure:16546: result: no
configure:16586: checking for msgfmt
configure:16622: result: no
configure:16628: checking for gmsgfmt
configure:16664: result: :
configure:16709: checking for xgettext
configure:16745: result: no
configure:16787: checking for msgmerge
configure:16822: result: no
configure:16884: checking for ld
configure:17015: result: ld  -m elf_x86_64
configure:17022: checking if the linker (ld  -m elf_x86_64) is GNU ld
configure:17038: result: yes
configure:17046: checking for shared library run path origin
configure:17060: result: done
configure:17082: checking 32-bit host C ABI
configure:17149: gcc  -c -isystem/home/ubuntu/yocto/rpi-build/tmp/work/x86_64-linux/xz-native/5.2.6-r0/recipe-sysroot-native/usr/include -O2 -pipe -isystem/home/ubuntu/yocto/rpi-build/tmp/work/x86_64-linux/xz-native/5.2.6-r0/recipe-sysroot-native/usr/include conftest.c >&5
configure:17149: $? = 0
configure:17345: result: no
configure:17354: checking for ELF binary format
configure:17378: result: yes
configure:17427: checking for the common suffixes of directories in the library search path
configure:17496: result: lib,lib,lib64
configure:18014: checking for CFPreferencesCopyAppValue
configure:18033: gcc  -o conftest -isystem/home/ubuntu/yocto/rpi-build/tmp/work/x86_64-linux/xz-native/5.2.6-r0/recipe-sysroot-native/usr/include -O2 -pipe -isystem/home/ubuntu/yocto/rpi-build/tmp/work/x86_64-linux/xz-native/5.2.6-r0/recipe-sysroot-native/usr/include -L/home/ubuntu/yocto/rpi-build/tmp/work/x86_64-linux/xz-native/5.2.6-r0/recipe-sysroot-native/usr/lib                         -L/home/ubuntu/yocto/rpi-build/tmp/work/x86_64-linux/xz-native/5.2.6-r0/recipe-sysroot-native/lib                         -Wl,--enable-new-dtags                         -Wl,-rpath-link,/home/ubuntu/yocto/rpi-build/tmp/work/x86_64-linux/xz-native/5.2.6-r0/recipe-sysroot-native/usr/lib                         -Wl,-rpath-link,/home/ubuntu/yocto/rpi-build/tmp/work/x86_64-linux/xz-native/5.2.6-r0/recipe-sysroot-native/lib                         -Wl,-rpath,/home/ubuntu/yocto/rpi-build/tmp/work/x86_64-linux/xz-native/5.2.6-r0/recipe-sysroot-native/usr/lib                         -Wl,-rpath,/home/ubuntu/yocto/rpi-build/tmp/work/x86_64-linux/xz-native/5.2.6-r0/recipe-sysroot-native/lib                         -Wl,-O1 -Wl,--allow-shlib-undefined -Wl,--dynamic-linker=/home/ubuntu/yocto/rpi-build/tmp/sysroots-uninative/x86_64-linux/lib/ld-linux-x86-64.so.2 conftest.c  -lpthread -Wl,-framework -Wl,CoreFoundation >&5
conftest.c:75:10: fatal error: CoreFoundation/CFPreferences.h: No such file or directory
   75 | #include <CoreFoundation/CFPreferences.h>
      |          ^~~~~~~~~~~~~~~~~~~~~~~~~~~~~~~~
compilation terminated.
configure:18033: $? = 1
configure: failed program was:
| /* confdefs.h */
| #define PACKAGE_NAME "XZ Utils"
| #define PACKAGE_TARNAME "xz"
| #define PACKAGE_VERSION "5.2.6"
| #define PACKAGE_STRING "XZ Utils 5.2.6"
| #define PACKAGE_BUGREPORT "lasse.collin@tukaani.org"
| #define PACKAGE_URL "https://tukaani.org/xz/"
| #define NDEBUG 1
| #define HAVE_ENCODER_LZMA1 1
| #define HAVE_ENCODER_LZMA2 1
| #define HAVE_ENCODER_DELTA 1
| #define HAVE_ENCODER_X86 1
| #define HAVE_ENCODER_POWERPC 1
| #define HAVE_ENCODER_IA64 1
| #define HAVE_ENCODER_ARM 1
| #define HAVE_ENCODER_ARMTHUMB 1
| #define HAVE_ENCODER_SPARC 1
| #define HAVE_ENCODERS 1
| #define HAVE_DECODER_LZMA1 1
| #define HAVE_DECODER_LZMA2 1
| #define HAVE_DECODER_DELTA 1
| #define HAVE_DECODER_X86 1
| #define HAVE_DECODER_POWERPC 1
| #define HAVE_DECODER_IA64 1
| #define HAVE_DECODER_ARM 1
| #define HAVE_DECODER_ARMTHUMB 1
| #define HAVE_DECODER_SPARC 1
| #define HAVE_DECODERS 1
| #define HAVE_MF_HC3 1
| #define HAVE_MF_HC4 1
| #define HAVE_MF_BT2 1
| #define HAVE_MF_BT3 1
| #define HAVE_MF_BT4 1
| #define HAVE_CHECK_CRC32 1
| #define HAVE_CHECK_CRC64 1
| #define HAVE_CHECK_SHA256 1
| #define ASSUME_RAM 128
| #define PACKAGE "xz"
| #define VERSION "5.2.6"
| #define HAVE_STDIO_H 1
| #define HAVE_STDLIB_H 1
| #define HAVE_STRING_H 1
| #define HAVE_INTTYPES_H 1
| #define HAVE_STDINT_H 1
| #define HAVE_STRINGS_H 1
| #define HAVE_SYS_STAT_H 1
| #define HAVE_SYS_TYPES_H 1
| #define HAVE_UNISTD_H 1
| #define HAVE_WCHAR_H 1
| #define STDC_HEADERS 1
| #define _ALL_SOURCE 1
| #define _DARWIN_C_SOURCE 1
| #define _GNU_SOURCE 1
| #define _HPUX_ALT_XOPEN_SOCKET_API 1
| #define _NETBSD_SOURCE 1
| #define _OPENBSD_SOURCE 1
| #define _POSIX_PTHREAD_SEMANTICS 1
| #define __STDC_WANT_IEC_60559_ATTRIBS_EXT__ 1
| #define __STDC_WANT_IEC_60559_BFP_EXT__ 1
| #define __STDC_WANT_IEC_60559_DFP_EXT__ 1
| #define __STDC_WANT_IEC_60559_FUNCS_EXT__ 1
| #define __STDC_WANT_IEC_60559_TYPES_EXT__ 1
| #define __STDC_WANT_LIB_EXT2__ 1
| #define __STDC_WANT_MATH_SPEC_FUNCS__ 1
| #define _TANDEM_SOURCE 1
| #define __EXTENSIONS__ 1
| #define HAVE_PTHREAD_PRIO_INHERIT 1
| #define MYTHREAD_POSIX 1
| #define HAVE_CLOCK_GETTIME 1
| #define HAVE_PTHREAD_CONDATTR_SETCLOCK 1
| #define HAVE_DECL_CLOCK_MONOTONIC 1
| #define HAVE_DLFCN_H 1
| #define LT_OBJDIR ".libs/"
| /* end confdefs.h.  */
| #include <CoreFoundation/CFPreferences.h>
| int
| main (void)
| {
| CFPreferencesCopyAppValue(NULL, NULL)
|   ;
|   return 0;
| }
configure:18043: result: no
configure:18050: checking for CFLocaleCopyPreferredLanguages
configure:18069: gcc  -o conftest -isystem/home/ubuntu/yocto/rpi-build/tmp/work/x86_64-linux/xz-native/5.2.6-r0/recipe-sysroot-native/usr/include -O2 -pipe -isystem/home/ubuntu/yocto/rpi-build/tmp/work/x86_64-linux/xz-native/5.2.6-r0/recipe-sysroot-native/usr/include -L/home/ubuntu/yocto/rpi-build/tmp/work/x86_64-linux/xz-native/5.2.6-r0/recipe-sysroot-native/usr/lib                         -L/home/ubuntu/yocto/rpi-build/tmp/work/x86_64-linux/xz-native/5.2.6-r0/recipe-sysroot-native/lib                         -Wl,--enable-new-dtags                         -Wl,-rpath-link,/home/ubuntu/yocto/rpi-build/tmp/work/x86_64-linux/xz-native/5.2.6-r0/recipe-sysroot-native/usr/lib                         -Wl,-rpath-link,/home/ubuntu/yocto/rpi-build/tmp/work/x86_64-linux/xz-native/5.2.6-r0/recipe-sysroot-native/lib                         -Wl,-rpath,/home/ubuntu/yocto/rpi-build/tmp/work/x86_64-linux/xz-native/5.2.6-r0/recipe-sysroot-native/usr/lib                         -Wl,-rpath,/home/ubuntu/yocto/rpi-build/tmp/work/x86_64-linux/xz-native/5.2.6-r0/recipe-sysroot-native/lib                         -Wl,-O1 -Wl,--allow-shlib-undefined -Wl,--dynamic-linker=/home/ubuntu/yocto/rpi-build/tmp/sysroots-uninative/x86_64-linux/lib/ld-linux-x86-64.so.2 conftest.c  -lpthread -Wl,-framework -Wl,CoreFoundation >&5
conftest.c:75:10: fatal error: CoreFoundation/CFLocale.h: No such file or directory
   75 | #include <CoreFoundation/CFLocale.h>
      |          ^~~~~~~~~~~~~~~~~~~~~~~~~~~
compilation terminated.
configure:18069: $? = 1
configure: failed program was:
| /* confdefs.h */
| #define PACKAGE_NAME "XZ Utils"
| #define PACKAGE_TARNAME "xz"
| #define PACKAGE_VERSION "5.2.6"
| #define PACKAGE_STRING "XZ Utils 5.2.6"
| #define PACKAGE_BUGREPORT "lasse.collin@tukaani.org"
| #define PACKAGE_URL "https://tukaani.org/xz/"
| #define NDEBUG 1
| #define HAVE_ENCODER_LZMA1 1
| #define HAVE_ENCODER_LZMA2 1
| #define HAVE_ENCODER_DELTA 1
| #define HAVE_ENCODER_X86 1
| #define HAVE_ENCODER_POWERPC 1
| #define HAVE_ENCODER_IA64 1
| #define HAVE_ENCODER_ARM 1
| #define HAVE_ENCODER_ARMTHUMB 1
| #define HAVE_ENCODER_SPARC 1
| #define HAVE_ENCODERS 1
| #define HAVE_DECODER_LZMA1 1
| #define HAVE_DECODER_LZMA2 1
| #define HAVE_DECODER_DELTA 1
| #define HAVE_DECODER_X86 1
| #define HAVE_DECODER_POWERPC 1
| #define HAVE_DECODER_IA64 1
| #define HAVE_DECODER_ARM 1
| #define HAVE_DECODER_ARMTHUMB 1
| #define HAVE_DECODER_SPARC 1
| #define HAVE_DECODERS 1
| #define HAVE_MF_HC3 1
| #define HAVE_MF_HC4 1
| #define HAVE_MF_BT2 1
| #define HAVE_MF_BT3 1
| #define HAVE_MF_BT4 1
| #define HAVE_CHECK_CRC32 1
| #define HAVE_CHECK_CRC64 1
| #define HAVE_CHECK_SHA256 1
| #define ASSUME_RAM 128
| #define PACKAGE "xz"
| #define VERSION "5.2.6"
| #define HAVE_STDIO_H 1
| #define HAVE_STDLIB_H 1
| #define HAVE_STRING_H 1
| #define HAVE_INTTYPES_H 1
| #define HAVE_STDINT_H 1
| #define HAVE_STRINGS_H 1
| #define HAVE_SYS_STAT_H 1
| #define HAVE_SYS_TYPES_H 1
| #define HAVE_UNISTD_H 1
| #define HAVE_WCHAR_H 1
| #define STDC_HEADERS 1
| #define _ALL_SOURCE 1
| #define _DARWIN_C_SOURCE 1
| #define _GNU_SOURCE 1
| #define _HPUX_ALT_XOPEN_SOCKET_API 1
| #define _NETBSD_SOURCE 1
| #define _OPENBSD_SOURCE 1
| #define _POSIX_PTHREAD_SEMANTICS 1
| #define __STDC_WANT_IEC_60559_ATTRIBS_EXT__ 1
| #define __STDC_WANT_IEC_60559_BFP_EXT__ 1
| #define __STDC_WANT_IEC_60559_DFP_EXT__ 1
| #define __STDC_WANT_IEC_60559_FUNCS_EXT__ 1
| #define __STDC_WANT_IEC_60559_TYPES_EXT__ 1
| #define __STDC_WANT_LIB_EXT2__ 1
| #define __STDC_WANT_MATH_SPEC_FUNCS__ 1
| #define _TANDEM_SOURCE 1
| #define __EXTENSIONS__ 1
| #define HAVE_PTHREAD_PRIO_INHERIT 1
| #define MYTHREAD_POSIX 1
| #define HAVE_CLOCK_GETTIME 1
| #define HAVE_PTHREAD_CONDATTR_SETCLOCK 1
| #define HAVE_DECL_CLOCK_MONOTONIC 1
| #define HAVE_DLFCN_H 1
| #define LT_OBJDIR ".libs/"
| /* end confdefs.h.  */
| #include <CoreFoundation/CFLocale.h>
| int
| main (void)
| {
| CFLocaleCopyPreferredLanguages();
|   ;
|   return 0;
| }
configure:18079: result: no
configure:19060: checking whether to use NLS
configure:19062: result: no
configure:19147: checking for fcntl.h
configure:19147: gcc  -c -isystem/home/ubuntu/yocto/rpi-build/tmp/work/x86_64-linux/xz-native/5.2.6-r0/recipe-sysroot-native/usr/include -O2 -pipe -isystem/home/ubuntu/yocto/rpi-build/tmp/work/x86_64-linux/xz-native/5.2.6-r0/recipe-sysroot-native/usr/include conftest.c >&5
configure:19147: $? = 0
configure:19147: result: yes
configure:19147: checking for limits.h
configure:19147: gcc  -c -isystem/home/ubuntu/yocto/rpi-build/tmp/work/x86_64-linux/xz-native/5.2.6-r0/recipe-sysroot-native/usr/include -O2 -pipe -isystem/home/ubuntu/yocto/rpi-build/tmp/work/x86_64-linux/xz-native/5.2.6-r0/recipe-sysroot-native/usr/include conftest.c >&5
configure:19147: $? = 0
configure:19147: result: yes
configure:19147: checking for sys/time.h
configure:19147: gcc  -c -isystem/home/ubuntu/yocto/rpi-build/tmp/work/x86_64-linux/xz-native/5.2.6-r0/recipe-sysroot-native/usr/include -O2 -pipe -isystem/home/ubuntu/yocto/rpi-build/tmp/work/x86_64-linux/xz-native/5.2.6-r0/recipe-sysroot-native/usr/include conftest.c >&5
configure:19147: $? = 0
configure:19147: result: yes
configure:19161: checking for immintrin.h
configure:19161: gcc  -c -isystem/home/ubuntu/yocto/rpi-build/tmp/work/x86_64-linux/xz-native/5.2.6-r0/recipe-sysroot-native/usr/include -O2 -pipe -isystem/home/ubuntu/yocto/rpi-build/tmp/work/x86_64-linux/xz-native/5.2.6-r0/recipe-sysroot-native/usr/include conftest.c >&5
configure:19161: $? = 0
configure:19161: result: yes
configure:19175: checking for _Bool
configure:19175: gcc  -c -isystem/home/ubuntu/yocto/rpi-build/tmp/work/x86_64-linux/xz-native/5.2.6-r0/recipe-sysroot-native/usr/include -O2 -pipe -isystem/home/ubuntu/yocto/rpi-build/tmp/work/x86_64-linux/xz-native/5.2.6-r0/recipe-sysroot-native/usr/include conftest.c >&5
configure:19175: $? = 0
configure:19175: gcc  -c -isystem/home/ubuntu/yocto/rpi-build/tmp/work/x86_64-linux/xz-native/5.2.6-r0/recipe-sysroot-native/usr/include -O2 -pipe -isystem/home/ubuntu/yocto/rpi-build/tmp/work/x86_64-linux/xz-native/5.2.6-r0/recipe-sysroot-native/usr/include conftest.c >&5
conftest.c: In function 'main':
conftest.c:110:20: error: expected expression before ')' token
  110 | if (sizeof ((_Bool)))
      |                    ^
configure:19175: $? = 1
configure: failed program was:
| /* confdefs.h */
| #define PACKAGE_NAME "XZ Utils"
| #define PACKAGE_TARNAME "xz"
| #define PACKAGE_VERSION "5.2.6"
| #define PACKAGE_STRING "XZ Utils 5.2.6"
| #define PACKAGE_BUGREPORT "lasse.collin@tukaani.org"
| #define PACKAGE_URL "https://tukaani.org/xz/"
| #define NDEBUG 1
| #define HAVE_ENCODER_LZMA1 1
| #define HAVE_ENCODER_LZMA2 1
| #define HAVE_ENCODER_DELTA 1
| #define HAVE_ENCODER_X86 1
| #define HAVE_ENCODER_POWERPC 1
| #define HAVE_ENCODER_IA64 1
| #define HAVE_ENCODER_ARM 1
| #define HAVE_ENCODER_ARMTHUMB 1
| #define HAVE_ENCODER_SPARC 1
| #define HAVE_ENCODERS 1
| #define HAVE_DECODER_LZMA1 1
| #define HAVE_DECODER_LZMA2 1
| #define HAVE_DECODER_DELTA 1
| #define HAVE_DECODER_X86 1
| #define HAVE_DECODER_POWERPC 1
| #define HAVE_DECODER_IA64 1
| #define HAVE_DECODER_ARM 1
| #define HAVE_DECODER_ARMTHUMB 1
| #define HAVE_DECODER_SPARC 1
| #define HAVE_DECODERS 1
| #define HAVE_MF_HC3 1
| #define HAVE_MF_HC4 1
| #define HAVE_MF_BT2 1
| #define HAVE_MF_BT3 1
| #define HAVE_MF_BT4 1
| #define HAVE_CHECK_CRC32 1
| #define HAVE_CHECK_CRC64 1
| #define HAVE_CHECK_SHA256 1
| #define ASSUME_RAM 128
| #define PACKAGE "xz"
| #define VERSION "5.2.6"
| #define HAVE_STDIO_H 1
| #define HAVE_STDLIB_H 1
| #define HAVE_STRING_H 1
| #define HAVE_INTTYPES_H 1
| #define HAVE_STDINT_H 1
| #define HAVE_STRINGS_H 1
| #define HAVE_SYS_STAT_H 1
| #define HAVE_SYS_TYPES_H 1
| #define HAVE_UNISTD_H 1
| #define HAVE_WCHAR_H 1
| #define STDC_HEADERS 1
| #define _ALL_SOURCE 1
| #define _DARWIN_C_SOURCE 1
| #define _GNU_SOURCE 1
| #define _HPUX_ALT_XOPEN_SOCKET_API 1
| #define _NETBSD_SOURCE 1
| #define _OPENBSD_SOURCE 1
| #define _POSIX_PTHREAD_SEMANTICS 1
| #define __STDC_WANT_IEC_60559_ATTRIBS_EXT__ 1
| #define __STDC_WANT_IEC_60559_BFP_EXT__ 1
| #define __STDC_WANT_IEC_60559_DFP_EXT__ 1
| #define __STDC_WANT_IEC_60559_FUNCS_EXT__ 1
| #define __STDC_WANT_IEC_60559_TYPES_EXT__ 1
| #define __STDC_WANT_LIB_EXT2__ 1
| #define __STDC_WANT_MATH_SPEC_FUNCS__ 1
| #define _TANDEM_SOURCE 1
| #define __EXTENSIONS__ 1
| #define HAVE_PTHREAD_PRIO_INHERIT 1
| #define MYTHREAD_POSIX 1
| #define HAVE_CLOCK_GETTIME 1
| #define HAVE_PTHREAD_CONDATTR_SETCLOCK 1
| #define HAVE_DECL_CLOCK_MONOTONIC 1
| #define HAVE_DLFCN_H 1
| #define LT_OBJDIR ".libs/"
| #define HAVE_FCNTL_H 1
| #define HAVE_LIMITS_H 1
| #define HAVE_SYS_TIME_H 1
| #define HAVE_IMMINTRIN_H 1
| /* end confdefs.h.  */
| #include <stddef.h>
| #ifdef HAVE_STDIO_H
| # include <stdio.h>
| #endif
| #ifdef HAVE_STDLIB_H
| # include <stdlib.h>
| #endif
| #ifdef HAVE_STRING_H
| # include <string.h>
| #endif
| #ifdef HAVE_INTTYPES_H
| # include <inttypes.h>
| #endif
| #ifdef HAVE_STDINT_H
| # include <stdint.h>
| #endif
| #ifdef HAVE_STRINGS_H
| # include <strings.h>
| #endif
| #ifdef HAVE_SYS_TYPES_H
| # include <sys/types.h>
| #endif
| #ifdef HAVE_SYS_STAT_H
| # include <sys/stat.h>
| #endif
| #ifdef HAVE_UNISTD_H
| # include <unistd.h>
| #endif
| int
| main (void)
| {
| if (sizeof ((_Bool)))
| 	    return 0;
|   ;
|   return 0;
| }
configure:19175: result: yes
configure:19184: checking for stdbool.h that conforms to C99
configure:19300: gcc  -c -isystem/home/ubuntu/yocto/rpi-build/tmp/work/x86_64-linux/xz-native/5.2.6-r0/recipe-sysroot-native/usr/include -O2 -pipe -isystem/home/ubuntu/yocto/rpi-build/tmp/work/x86_64-linux/xz-native/5.2.6-r0/recipe-sysroot-native/usr/include conftest.c >&5
configure:19300: $? = 0
configure:19308: result: yes
configure:19318: checking for uint8_t
configure:19318: gcc  -c -isystem/home/ubuntu/yocto/rpi-build/tmp/work/x86_64-linux/xz-native/5.2.6-r0/recipe-sysroot-native/usr/include -O2 -pipe -isystem/home/ubuntu/yocto/rpi-build/tmp/work/x86_64-linux/xz-native/5.2.6-r0/recipe-sysroot-native/usr/include conftest.c >&5
configure:19318: $? = 0
configure:19318: result: yes
configure:19330: checking for uint16_t
configure:19330: gcc  -c -isystem/home/ubuntu/yocto/rpi-build/tmp/work/x86_64-linux/xz-native/5.2.6-r0/recipe-sysroot-native/usr/include -O2 -pipe -isystem/home/ubuntu/yocto/rpi-build/tmp/work/x86_64-linux/xz-native/5.2.6-r0/recipe-sysroot-native/usr/include conftest.c >&5
configure:19330: $? = 0
configure:19330: result: yes
configure:19340: checking for int32_t
configure:19340: gcc  -c -isystem/home/ubuntu/yocto/rpi-build/tmp/work/x86_64-linux/xz-native/5.2.6-r0/recipe-sysroot-native/usr/include -O2 -pipe -isystem/home/ubuntu/yocto/rpi-build/tmp/work/x86_64-linux/xz-native/5.2.6-r0/recipe-sysroot-native/usr/include conftest.c >&5
configure:19340: $? = 0
configure:19340: gcc  -c -isystem/home/ubuntu/yocto/rpi-build/tmp/work/x86_64-linux/xz-native/5.2.6-r0/recipe-sysroot-native/usr/include -O2 -pipe -isystem/home/ubuntu/yocto/rpi-build/tmp/work/x86_64-linux/xz-native/5.2.6-r0/recipe-sysroot-native/usr/include conftest.c >&5
conftest.c: In function 'main':
conftest.c:114:67: warning: integer overflow in expression of type 'int' results in '-2147483648' [-Woverflow]
  114 |                  < (int32_t) (((((int32_t) 1 << N) << N) - 1) * 2 + 2))];
      |                                                                   ^
conftest.c:113:12: error: storage size of 'test_array' isn't constant
  113 | static int test_array [1 - 2 * !((int32_t) (((((int32_t) 1 << N) << N) - 1) * 2 + 1)
      |            ^~~~~~~~~~
configure:19340: $? = 1
configure: failed program was:
| /* confdefs.h */
| #define PACKAGE_NAME "XZ Utils"
| #define PACKAGE_TARNAME "xz"
| #define PACKAGE_VERSION "5.2.6"
| #define PACKAGE_STRING "XZ Utils 5.2.6"
| #define PACKAGE_BUGREPORT "lasse.collin@tukaani.org"
| #define PACKAGE_URL "https://tukaani.org/xz/"
| #define NDEBUG 1
| #define HAVE_ENCODER_LZMA1 1
| #define HAVE_ENCODER_LZMA2 1
| #define HAVE_ENCODER_DELTA 1
| #define HAVE_ENCODER_X86 1
| #define HAVE_ENCODER_POWERPC 1
| #define HAVE_ENCODER_IA64 1
| #define HAVE_ENCODER_ARM 1
| #define HAVE_ENCODER_ARMTHUMB 1
| #define HAVE_ENCODER_SPARC 1
| #define HAVE_ENCODERS 1
| #define HAVE_DECODER_LZMA1 1
| #define HAVE_DECODER_LZMA2 1
| #define HAVE_DECODER_DELTA 1
| #define HAVE_DECODER_X86 1
| #define HAVE_DECODER_POWERPC 1
| #define HAVE_DECODER_IA64 1
| #define HAVE_DECODER_ARM 1
| #define HAVE_DECODER_ARMTHUMB 1
| #define HAVE_DECODER_SPARC 1
| #define HAVE_DECODERS 1
| #define HAVE_MF_HC3 1
| #define HAVE_MF_HC4 1
| #define HAVE_MF_BT2 1
| #define HAVE_MF_BT3 1
| #define HAVE_MF_BT4 1
| #define HAVE_CHECK_CRC32 1
| #define HAVE_CHECK_CRC64 1
| #define HAVE_CHECK_SHA256 1
| #define ASSUME_RAM 128
| #define PACKAGE "xz"
| #define VERSION "5.2.6"
| #define HAVE_STDIO_H 1
| #define HAVE_STDLIB_H 1
| #define HAVE_STRING_H 1
| #define HAVE_INTTYPES_H 1
| #define HAVE_STDINT_H 1
| #define HAVE_STRINGS_H 1
| #define HAVE_SYS_STAT_H 1
| #define HAVE_SYS_TYPES_H 1
| #define HAVE_UNISTD_H 1
| #define HAVE_WCHAR_H 1
| #define STDC_HEADERS 1
| #define _ALL_SOURCE 1
| #define _DARWIN_C_SOURCE 1
| #define _GNU_SOURCE 1
| #define _HPUX_ALT_XOPEN_SOCKET_API 1
| #define _NETBSD_SOURCE 1
| #define _OPENBSD_SOURCE 1
| #define _POSIX_PTHREAD_SEMANTICS 1
| #define __STDC_WANT_IEC_60559_ATTRIBS_EXT__ 1
| #define __STDC_WANT_IEC_60559_BFP_EXT__ 1
| #define __STDC_WANT_IEC_60559_DFP_EXT__ 1
| #define __STDC_WANT_IEC_60559_FUNCS_EXT__ 1
| #define __STDC_WANT_IEC_60559_TYPES_EXT__ 1
| #define __STDC_WANT_LIB_EXT2__ 1
| #define __STDC_WANT_MATH_SPEC_FUNCS__ 1
| #define _TANDEM_SOURCE 1
| #define __EXTENSIONS__ 1
| #define HAVE_PTHREAD_PRIO_INHERIT 1
| #define MYTHREAD_POSIX 1
| #define HAVE_CLOCK_GETTIME 1
| #define HAVE_PTHREAD_CONDATTR_SETCLOCK 1
| #define HAVE_DECL_CLOCK_MONOTONIC 1
| #define HAVE_DLFCN_H 1
| #define LT_OBJDIR ".libs/"
| #define HAVE_FCNTL_H 1
| #define HAVE_LIMITS_H 1
| #define HAVE_SYS_TIME_H 1
| #define HAVE_IMMINTRIN_H 1
| #define HAVE__BOOL 1
| #define HAVE_STDBOOL_H 1
| /* end confdefs.h.  */
| #include <stddef.h>
| #ifdef HAVE_STDIO_H
| # include <stdio.h>
| #endif
| #ifdef HAVE_STDLIB_H
| # include <stdlib.h>
| #endif
| #ifdef HAVE_STRING_H
| # include <string.h>
| #endif
| #ifdef HAVE_INTTYPES_H
| # include <inttypes.h>
| #endif
| #ifdef HAVE_STDINT_H
| # include <stdint.h>
| #endif
| #ifdef HAVE_STRINGS_H
| # include <strings.h>
| #endif
| #ifdef HAVE_SYS_TYPES_H
| # include <sys/types.h>
| #endif
| #ifdef HAVE_SYS_STAT_H
| # include <sys/stat.h>
| #endif
| #ifdef HAVE_UNISTD_H
| # include <unistd.h>
| #endif
| 	        enum { N = 32 / 2 - 1 };
| int
| main (void)
| {
| static int test_array [1 - 2 * !((int32_t) (((((int32_t) 1 << N) << N) - 1) * 2 + 1)
| 		 < (int32_t) (((((int32_t) 1 << N) << N) - 1) * 2 + 2))];
| test_array [0] = 0;
| return test_array [0];
| 
|   ;
|   return 0;
| }
configure:19340: result: yes
configure:19349: checking for uint32_t
configure:19349: gcc  -c -isystem/home/ubuntu/yocto/rpi-build/tmp/work/x86_64-linux/xz-native/5.2.6-r0/recipe-sysroot-native/usr/include -O2 -pipe -isystem/home/ubuntu/yocto/rpi-build/tmp/work/x86_64-linux/xz-native/5.2.6-r0/recipe-sysroot-native/usr/include conftest.c >&5
configure:19349: $? = 0
configure:19349: result: yes
configure:19361: checking for int64_t
configure:19361: gcc  -c -isystem/home/ubuntu/yocto/rpi-build/tmp/work/x86_64-linux/xz-native/5.2.6-r0/recipe-sysroot-native/usr/include -O2 -pipe -isystem/home/ubuntu/yocto/rpi-build/tmp/work/x86_64-linux/xz-native/5.2.6-r0/recipe-sysroot-native/usr/include conftest.c >&5
configure:19361: $? = 0
configure:19361: gcc  -c -isystem/home/ubuntu/yocto/rpi-build/tmp/work/x86_64-linux/xz-native/5.2.6-r0/recipe-sysroot-native/usr/include -O2 -pipe -isystem/home/ubuntu/yocto/rpi-build/tmp/work/x86_64-linux/xz-native/5.2.6-r0/recipe-sysroot-native/usr/include conftest.c >&5
conftest.c: In function 'main':
conftest.c:114:67: warning: integer overflow in expression of type 'long int' results in '-9223372036854775808' [-Woverflow]
  114 |                  < (int64_t) (((((int64_t) 1 << N) << N) - 1) * 2 + 2))];
      |                                                                   ^
conftest.c:113:12: error: storage size of 'test_array' isn't constant
  113 | static int test_array [1 - 2 * !((int64_t) (((((int64_t) 1 << N) << N) - 1) * 2 + 1)
      |            ^~~~~~~~~~
configure:19361: $? = 1
configure: failed program was:
| /* confdefs.h */
| #define PACKAGE_NAME "XZ Utils"
| #define PACKAGE_TARNAME "xz"
| #define PACKAGE_VERSION "5.2.6"
| #define PACKAGE_STRING "XZ Utils 5.2.6"
| #define PACKAGE_BUGREPORT "lasse.collin@tukaani.org"
| #define PACKAGE_URL "https://tukaani.org/xz/"
| #define NDEBUG 1
| #define HAVE_ENCODER_LZMA1 1
| #define HAVE_ENCODER_LZMA2 1
| #define HAVE_ENCODER_DELTA 1
| #define HAVE_ENCODER_X86 1
| #define HAVE_ENCODER_POWERPC 1
| #define HAVE_ENCODER_IA64 1
| #define HAVE_ENCODER_ARM 1
| #define HAVE_ENCODER_ARMTHUMB 1
| #define HAVE_ENCODER_SPARC 1
| #define HAVE_ENCODERS 1
| #define HAVE_DECODER_LZMA1 1
| #define HAVE_DECODER_LZMA2 1
| #define HAVE_DECODER_DELTA 1
| #define HAVE_DECODER_X86 1
| #define HAVE_DECODER_POWERPC 1
| #define HAVE_DECODER_IA64 1
| #define HAVE_DECODER_ARM 1
| #define HAVE_DECODER_ARMTHUMB 1
| #define HAVE_DECODER_SPARC 1
| #define HAVE_DECODERS 1
| #define HAVE_MF_HC3 1
| #define HAVE_MF_HC4 1
| #define HAVE_MF_BT2 1
| #define HAVE_MF_BT3 1
| #define HAVE_MF_BT4 1
| #define HAVE_CHECK_CRC32 1
| #define HAVE_CHECK_CRC64 1
| #define HAVE_CHECK_SHA256 1
| #define ASSUME_RAM 128
| #define PACKAGE "xz"
| #define VERSION "5.2.6"
| #define HAVE_STDIO_H 1
| #define HAVE_STDLIB_H 1
| #define HAVE_STRING_H 1
| #define HAVE_INTTYPES_H 1
| #define HAVE_STDINT_H 1
| #define HAVE_STRINGS_H 1
| #define HAVE_SYS_STAT_H 1
| #define HAVE_SYS_TYPES_H 1
| #define HAVE_UNISTD_H 1
| #define HAVE_WCHAR_H 1
| #define STDC_HEADERS 1
| #define _ALL_SOURCE 1
| #define _DARWIN_C_SOURCE 1
| #define _GNU_SOURCE 1
| #define _HPUX_ALT_XOPEN_SOCKET_API 1
| #define _NETBSD_SOURCE 1
| #define _OPENBSD_SOURCE 1
| #define _POSIX_PTHREAD_SEMANTICS 1
| #define __STDC_WANT_IEC_60559_ATTRIBS_EXT__ 1
| #define __STDC_WANT_IEC_60559_BFP_EXT__ 1
| #define __STDC_WANT_IEC_60559_DFP_EXT__ 1
| #define __STDC_WANT_IEC_60559_FUNCS_EXT__ 1
| #define __STDC_WANT_IEC_60559_TYPES_EXT__ 1
| #define __STDC_WANT_LIB_EXT2__ 1
| #define __STDC_WANT_MATH_SPEC_FUNCS__ 1
| #define _TANDEM_SOURCE 1
| #define __EXTENSIONS__ 1
| #define HAVE_PTHREAD_PRIO_INHERIT 1
| #define MYTHREAD_POSIX 1
| #define HAVE_CLOCK_GETTIME 1
| #define HAVE_PTHREAD_CONDATTR_SETCLOCK 1
| #define HAVE_DECL_CLOCK_MONOTONIC 1
| #define HAVE_DLFCN_H 1
| #define LT_OBJDIR ".libs/"
| #define HAVE_FCNTL_H 1
| #define HAVE_LIMITS_H 1
| #define HAVE_SYS_TIME_H 1
| #define HAVE_IMMINTRIN_H 1
| #define HAVE__BOOL 1
| #define HAVE_STDBOOL_H 1
| /* end confdefs.h.  */
| #include <stddef.h>
| #ifdef HAVE_STDIO_H
| # include <stdio.h>
| #endif
| #ifdef HAVE_STDLIB_H
| # include <stdlib.h>
| #endif
| #ifdef HAVE_STRING_H
| # include <string.h>
| #endif
| #ifdef HAVE_INTTYPES_H
| # include <inttypes.h>
| #endif
| #ifdef HAVE_STDINT_H
| # include <stdint.h>
| #endif
| #ifdef HAVE_STRINGS_H
| # include <strings.h>
| #endif
| #ifdef HAVE_SYS_TYPES_H
| # include <sys/types.h>
| #endif
| #ifdef HAVE_SYS_STAT_H
| # include <sys/stat.h>
| #endif
| #ifdef HAVE_UNISTD_H
| # include <unistd.h>
| #endif
| 	        enum { N = 64 / 2 - 1 };
| int
| main (void)
| {
| static int test_array [1 - 2 * !((int64_t) (((((int64_t) 1 << N) << N) - 1) * 2 + 1)
| 		 < (int64_t) (((((int64_t) 1 << N) << N) - 1) * 2 + 2))];
| test_array [0] = 0;
| return test_array [0];
| 
|   ;
|   return 0;
| }
configure:19361: result: yes
configure:19370: checking for uint64_t
configure:19370: gcc  -c -isystem/home/ubuntu/yocto/rpi-build/tmp/work/x86_64-linux/xz-native/5.2.6-r0/recipe-sysroot-native/usr/include -O2 -pipe -isystem/home/ubuntu/yocto/rpi-build/tmp/work/x86_64-linux/xz-native/5.2.6-r0/recipe-sysroot-native/usr/include conftest.c >&5
configure:19370: $? = 0
configure:19370: result: yes
configure:19383: checking for uintptr_t
configure:19383: gcc  -c -isystem/home/ubuntu/yocto/rpi-build/tmp/work/x86_64-linux/xz-native/5.2.6-r0/recipe-sysroot-native/usr/include -O2 -pipe -isystem/home/ubuntu/yocto/rpi-build/tmp/work/x86_64-linux/xz-native/5.2.6-r0/recipe-sysroot-native/usr/include conftest.c >&5
configure:19383: $? = 0
configure:19383: gcc  -c -isystem/home/ubuntu/yocto/rpi-build/tmp/work/x86_64-linux/xz-native/5.2.6-r0/recipe-sysroot-native/usr/include -O2 -pipe -isystem/home/ubuntu/yocto/rpi-build/tmp/work/x86_64-linux/xz-native/5.2.6-r0/recipe-sysroot-native/usr/include conftest.c >&5
conftest.c: In function 'main':
conftest.c:112:24: error: expected expression before ')' token
  112 | if (sizeof ((uintptr_t)))
      |                        ^
configure:19383: $? = 1
configure: failed program was:
| /* confdefs.h */
| #define PACKAGE_NAME "XZ Utils"
| #define PACKAGE_TARNAME "xz"
| #define PACKAGE_VERSION "5.2.6"
| #define PACKAGE_STRING "XZ Utils 5.2.6"
| #define PACKAGE_BUGREPORT "lasse.collin@tukaani.org"
| #define PACKAGE_URL "https://tukaani.org/xz/"
| #define NDEBUG 1
| #define HAVE_ENCODER_LZMA1 1
| #define HAVE_ENCODER_LZMA2 1
| #define HAVE_ENCODER_DELTA 1
| #define HAVE_ENCODER_X86 1
| #define HAVE_ENCODER_POWERPC 1
| #define HAVE_ENCODER_IA64 1
| #define HAVE_ENCODER_ARM 1
| #define HAVE_ENCODER_ARMTHUMB 1
| #define HAVE_ENCODER_SPARC 1
| #define HAVE_ENCODERS 1
| #define HAVE_DECODER_LZMA1 1
| #define HAVE_DECODER_LZMA2 1
| #define HAVE_DECODER_DELTA 1
| #define HAVE_DECODER_X86 1
| #define HAVE_DECODER_POWERPC 1
| #define HAVE_DECODER_IA64 1
| #define HAVE_DECODER_ARM 1
| #define HAVE_DECODER_ARMTHUMB 1
| #define HAVE_DECODER_SPARC 1
| #define HAVE_DECODERS 1
| #define HAVE_MF_HC3 1
| #define HAVE_MF_HC4 1
| #define HAVE_MF_BT2 1
| #define HAVE_MF_BT3 1
| #define HAVE_MF_BT4 1
| #define HAVE_CHECK_CRC32 1
| #define HAVE_CHECK_CRC64 1
| #define HAVE_CHECK_SHA256 1
| #define ASSUME_RAM 128
| #define PACKAGE "xz"
| #define VERSION "5.2.6"
| #define HAVE_STDIO_H 1
| #define HAVE_STDLIB_H 1
| #define HAVE_STRING_H 1
| #define HAVE_INTTYPES_H 1
| #define HAVE_STDINT_H 1
| #define HAVE_STRINGS_H 1
| #define HAVE_SYS_STAT_H 1
| #define HAVE_SYS_TYPES_H 1
| #define HAVE_UNISTD_H 1
| #define HAVE_WCHAR_H 1
| #define STDC_HEADERS 1
| #define _ALL_SOURCE 1
| #define _DARWIN_C_SOURCE 1
| #define _GNU_SOURCE 1
| #define _HPUX_ALT_XOPEN_SOCKET_API 1
| #define _NETBSD_SOURCE 1
| #define _OPENBSD_SOURCE 1
| #define _POSIX_PTHREAD_SEMANTICS 1
| #define __STDC_WANT_IEC_60559_ATTRIBS_EXT__ 1
| #define __STDC_WANT_IEC_60559_BFP_EXT__ 1
| #define __STDC_WANT_IEC_60559_DFP_EXT__ 1
| #define __STDC_WANT_IEC_60559_FUNCS_EXT__ 1
| #define __STDC_WANT_IEC_60559_TYPES_EXT__ 1
| #define __STDC_WANT_LIB_EXT2__ 1
| #define __STDC_WANT_MATH_SPEC_FUNCS__ 1
| #define _TANDEM_SOURCE 1
| #define __EXTENSIONS__ 1
| #define HAVE_PTHREAD_PRIO_INHERIT 1
| #define MYTHREAD_POSIX 1
| #define HAVE_CLOCK_GETTIME 1
| #define HAVE_PTHREAD_CONDATTR_SETCLOCK 1
| #define HAVE_DECL_CLOCK_MONOTONIC 1
| #define HAVE_DLFCN_H 1
| #define LT_OBJDIR ".libs/"
| #define HAVE_FCNTL_H 1
| #define HAVE_LIMITS_H 1
| #define HAVE_SYS_TIME_H 1
| #define HAVE_IMMINTRIN_H 1
| #define HAVE__BOOL 1
| #define HAVE_STDBOOL_H 1
| /* end confdefs.h.  */
| #include <stddef.h>
| #ifdef HAVE_STDIO_H
| # include <stdio.h>
| #endif
| #ifdef HAVE_STDLIB_H
| # include <stdlib.h>
| #endif
| #ifdef HAVE_STRING_H
| # include <string.h>
| #endif
| #ifdef HAVE_INTTYPES_H
| # include <inttypes.h>
| #endif
| #ifdef HAVE_STDINT_H
| # include <stdint.h>
| #endif
| #ifdef HAVE_STRINGS_H
| # include <strings.h>
| #endif
| #ifdef HAVE_SYS_TYPES_H
| # include <sys/types.h>
| #endif
| #ifdef HAVE_SYS_STAT_H
| # include <sys/stat.h>
| #endif
| #ifdef HAVE_UNISTD_H
| # include <unistd.h>
| #endif
| int
| main (void)
| {
| if (sizeof ((uintptr_t)))
| 	    return 0;
|   ;
|   return 0;
| }
configure:19383: result: yes
configure:19424: checking size of size_t
configure:19445: result: 8
configure:19457: checking for struct stat.st_atim.tv_nsec
configure:19457: gcc  -c -isystem/home/ubuntu/yocto/rpi-build/tmp/work/x86_64-linux/xz-native/5.2.6-r0/recipe-sysroot-native/usr/include -O2 -pipe -isystem/home/ubuntu/yocto/rpi-build/tmp/work/x86_64-linux/xz-native/5.2.6-r0/recipe-sysroot-native/usr/include conftest.c >&5
configure:19457: $? = 0
configure:19457: result: yes
configure:19465: checking for struct stat.st_atimespec.tv_nsec
configure:19465: gcc  -c -isystem/home/ubuntu/yocto/rpi-build/tmp/work/x86_64-linux/xz-native/5.2.6-r0/recipe-sysroot-native/usr/include -O2 -pipe -isystem/home/ubuntu/yocto/rpi-build/tmp/work/x86_64-linux/xz-native/5.2.6-r0/recipe-sysroot-native/usr/include conftest.c >&5
conftest.c: In function 'main':
conftest.c:116:12: error: 'struct stat' has no member named 'st_atimespec'
  116 | if (ac_aggr.st_atimespec.tv_nsec)
      |            ^
configure:19465: $? = 1
configure: failed program was:
| /* confdefs.h */
| #define PACKAGE_NAME "XZ Utils"
| #define PACKAGE_TARNAME "xz"
| #define PACKAGE_VERSION "5.2.6"
| #define PACKAGE_STRING "XZ Utils 5.2.6"
| #define PACKAGE_BUGREPORT "lasse.collin@tukaani.org"
| #define PACKAGE_URL "https://tukaani.org/xz/"
| #define NDEBUG 1
| #define HAVE_ENCODER_LZMA1 1
| #define HAVE_ENCODER_LZMA2 1
| #define HAVE_ENCODER_DELTA 1
| #define HAVE_ENCODER_X86 1
| #define HAVE_ENCODER_POWERPC 1
| #define HAVE_ENCODER_IA64 1
| #define HAVE_ENCODER_ARM 1
| #define HAVE_ENCODER_ARMTHUMB 1
| #define HAVE_ENCODER_SPARC 1
| #define HAVE_ENCODERS 1
| #define HAVE_DECODER_LZMA1 1
| #define HAVE_DECODER_LZMA2 1
| #define HAVE_DECODER_DELTA 1
| #define HAVE_DECODER_X86 1
| #define HAVE_DECODER_POWERPC 1
| #define HAVE_DECODER_IA64 1
| #define HAVE_DECODER_ARM 1
| #define HAVE_DECODER_ARMTHUMB 1
| #define HAVE_DECODER_SPARC 1
| #define HAVE_DECODERS 1
| #define HAVE_MF_HC3 1
| #define HAVE_MF_HC4 1
| #define HAVE_MF_BT2 1
| #define HAVE_MF_BT3 1
| #define HAVE_MF_BT4 1
| #define HAVE_CHECK_CRC32 1
| #define HAVE_CHECK_CRC64 1
| #define HAVE_CHECK_SHA256 1
| #define ASSUME_RAM 128
| #define PACKAGE "xz"
| #define VERSION "5.2.6"
| #define HAVE_STDIO_H 1
| #define HAVE_STDLIB_H 1
| #define HAVE_STRING_H 1
| #define HAVE_INTTYPES_H 1
| #define HAVE_STDINT_H 1
| #define HAVE_STRINGS_H 1
| #define HAVE_SYS_STAT_H 1
| #define HAVE_SYS_TYPES_H 1
| #define HAVE_UNISTD_H 1
| #define HAVE_WCHAR_H 1
| #define STDC_HEADERS 1
| #define _ALL_SOURCE 1
| #define _DARWIN_C_SOURCE 1
| #define _GNU_SOURCE 1
| #define _HPUX_ALT_XOPEN_SOCKET_API 1
| #define _NETBSD_SOURCE 1
| #define _OPENBSD_SOURCE 1
| #define _POSIX_PTHREAD_SEMANTICS 1
| #define __STDC_WANT_IEC_60559_ATTRIBS_EXT__ 1
| #define __STDC_WANT_IEC_60559_BFP_EXT__ 1
| #define __STDC_WANT_IEC_60559_DFP_EXT__ 1
| #define __STDC_WANT_IEC_60559_FUNCS_EXT__ 1
| #define __STDC_WANT_IEC_60559_TYPES_EXT__ 1
| #define __STDC_WANT_LIB_EXT2__ 1
| #define __STDC_WANT_MATH_SPEC_FUNCS__ 1
| #define _TANDEM_SOURCE 1
| #define __EXTENSIONS__ 1
| #define HAVE_PTHREAD_PRIO_INHERIT 1
| #define MYTHREAD_POSIX 1
| #define HAVE_CLOCK_GETTIME 1
| #define HAVE_PTHREAD_CONDATTR_SETCLOCK 1
| #define HAVE_DECL_CLOCK_MONOTONIC 1
| #define HAVE_DLFCN_H 1
| #define LT_OBJDIR ".libs/"
| #define HAVE_FCNTL_H 1
| #define HAVE_LIMITS_H 1
| #define HAVE_SYS_TIME_H 1
| #define HAVE_IMMINTRIN_H 1
| #define HAVE__BOOL 1
| #define HAVE_STDBOOL_H 1
| #define HAVE_UINTPTR_T 1
| #define SIZEOF_SIZE_T 8
| #define HAVE_STRUCT_STAT_ST_ATIM_TV_NSEC 1
| /* end confdefs.h.  */
| #include <stddef.h>
| #ifdef HAVE_STDIO_H
| # include <stdio.h>
| #endif
| #ifdef HAVE_STDLIB_H
| # include <stdlib.h>
| #endif
| #ifdef HAVE_STRING_H
| # include <string.h>
| #endif
| #ifdef HAVE_INTTYPES_H
| # include <inttypes.h>
| #endif
| #ifdef HAVE_STDINT_H
| # include <stdint.h>
| #endif
| #ifdef HAVE_STRINGS_H
| # include <strings.h>
| #endif
| #ifdef HAVE_SYS_TYPES_H
| # include <sys/types.h>
| #endif
| #ifdef HAVE_SYS_STAT_H
| # include <sys/stat.h>
| #endif
| #ifdef HAVE_UNISTD_H
| # include <unistd.h>
| #endif
| int
| main (void)
| {
| static struct stat ac_aggr;
| if (ac_aggr.st_atimespec.tv_nsec)
| return 0;
|   ;
|   return 0;
| }
configure:19465: gcc  -c -isystem/home/ubuntu/yocto/rpi-build/tmp/work/x86_64-linux/xz-native/5.2.6-r0/recipe-sysroot-native/usr/include -O2 -pipe -isystem/home/ubuntu/yocto/rpi-build/tmp/work/x86_64-linux/xz-native/5.2.6-r0/recipe-sysroot-native/usr/include conftest.c >&5
conftest.c: In function 'main':
conftest.c:116:19: error: 'struct stat' has no member named 'st_atimespec'
  116 | if (sizeof ac_aggr.st_atimespec.tv_nsec)
      |                   ^
configure:19465: $? = 1
configure: failed program was:
| /* confdefs.h */
| #define PACKAGE_NAME "XZ Utils"
| #define PACKAGE_TARNAME "xz"
| #define PACKAGE_VERSION "5.2.6"
| #define PACKAGE_STRING "XZ Utils 5.2.6"
| #define PACKAGE_BUGREPORT "lasse.collin@tukaani.org"
| #define PACKAGE_URL "https://tukaani.org/xz/"
| #define NDEBUG 1
| #define HAVE_ENCODER_LZMA1 1
| #define HAVE_ENCODER_LZMA2 1
| #define HAVE_ENCODER_DELTA 1
| #define HAVE_ENCODER_X86 1
| #define HAVE_ENCODER_POWERPC 1
| #define HAVE_ENCODER_IA64 1
| #define HAVE_ENCODER_ARM 1
| #define HAVE_ENCODER_ARMTHUMB 1
| #define HAVE_ENCODER_SPARC 1
| #define HAVE_ENCODERS 1
| #define HAVE_DECODER_LZMA1 1
| #define HAVE_DECODER_LZMA2 1
| #define HAVE_DECODER_DELTA 1
| #define HAVE_DECODER_X86 1
| #define HAVE_DECODER_POWERPC 1
| #define HAVE_DECODER_IA64 1
| #define HAVE_DECODER_ARM 1
| #define HAVE_DECODER_ARMTHUMB 1
| #define HAVE_DECODER_SPARC 1
| #define HAVE_DECODERS 1
| #define HAVE_MF_HC3 1
| #define HAVE_MF_HC4 1
| #define HAVE_MF_BT2 1
| #define HAVE_MF_BT3 1
| #define HAVE_MF_BT4 1
| #define HAVE_CHECK_CRC32 1
| #define HAVE_CHECK_CRC64 1
| #define HAVE_CHECK_SHA256 1
| #define ASSUME_RAM 128
| #define PACKAGE "xz"
| #define VERSION "5.2.6"
| #define HAVE_STDIO_H 1
| #define HAVE_STDLIB_H 1
| #define HAVE_STRING_H 1
| #define HAVE_INTTYPES_H 1
| #define HAVE_STDINT_H 1
| #define HAVE_STRINGS_H 1
| #define HAVE_SYS_STAT_H 1
| #define HAVE_SYS_TYPES_H 1
| #define HAVE_UNISTD_H 1
| #define HAVE_WCHAR_H 1
| #define STDC_HEADERS 1
| #define _ALL_SOURCE 1
| #define _DARWIN_C_SOURCE 1
| #define _GNU_SOURCE 1
| #define _HPUX_ALT_XOPEN_SOCKET_API 1
| #define _NETBSD_SOURCE 1
| #define _OPENBSD_SOURCE 1
| #define _POSIX_PTHREAD_SEMANTICS 1
| #define __STDC_WANT_IEC_60559_ATTRIBS_EXT__ 1
| #define __STDC_WANT_IEC_60559_BFP_EXT__ 1
| #define __STDC_WANT_IEC_60559_DFP_EXT__ 1
| #define __STDC_WANT_IEC_60559_FUNCS_EXT__ 1
| #define __STDC_WANT_IEC_60559_TYPES_EXT__ 1
| #define __STDC_WANT_LIB_EXT2__ 1
| #define __STDC_WANT_MATH_SPEC_FUNCS__ 1
| #define _TANDEM_SOURCE 1
| #define __EXTENSIONS__ 1
| #define HAVE_PTHREAD_PRIO_INHERIT 1
| #define MYTHREAD_POSIX 1
| #define HAVE_CLOCK_GETTIME 1
| #define HAVE_PTHREAD_CONDATTR_SETCLOCK 1
| #define HAVE_DECL_CLOCK_MONOTONIC 1
| #define HAVE_DLFCN_H 1
| #define LT_OBJDIR ".libs/"
| #define HAVE_FCNTL_H 1
| #define HAVE_LIMITS_H 1
| #define HAVE_SYS_TIME_H 1
| #define HAVE_IMMINTRIN_H 1
| #define HAVE__BOOL 1
| #define HAVE_STDBOOL_H 1
| #define HAVE_UINTPTR_T 1
| #define SIZEOF_SIZE_T 8
| #define HAVE_STRUCT_STAT_ST_ATIM_TV_NSEC 1
| /* end confdefs.h.  */
| #include <stddef.h>
| #ifdef HAVE_STDIO_H
| # include <stdio.h>
| #endif
| #ifdef HAVE_STDLIB_H
| # include <stdlib.h>
| #endif
| #ifdef HAVE_STRING_H
| # include <string.h>
| #endif
| #ifdef HAVE_INTTYPES_H
| # include <inttypes.h>
| #endif
| #ifdef HAVE_STDINT_H
| # include <stdint.h>
| #endif
| #ifdef HAVE_STRINGS_H
| # include <strings.h>
| #endif
| #ifdef HAVE_SYS_TYPES_H
| # include <sys/types.h>
| #endif
| #ifdef HAVE_SYS_STAT_H
| # include <sys/stat.h>
| #endif
| #ifdef HAVE_UNISTD_H
| # include <unistd.h>
| #endif
| int
| main (void)
| {
| static struct stat ac_aggr;
| if (sizeof ac_aggr.st_atimespec.tv_nsec)
| return 0;
|   ;
|   return 0;
| }
configure:19465: result: no
configure:19473: checking for struct stat.st_atimensec
configure:19473: gcc  -c -isystem/home/ubuntu/yocto/rpi-build/tmp/work/x86_64-linux/xz-native/5.2.6-r0/recipe-sysroot-native/usr/include -O2 -pipe -isystem/home/ubuntu/yocto/rpi-build/tmp/work/x86_64-linux/xz-native/5.2.6-r0/recipe-sysroot-native/usr/include conftest.c >&5
conftest.c: In function 'main':
conftest.c:116:12: error: 'struct stat' has no member named 'st_atimensec'
  116 | if (ac_aggr.st_atimensec)
      |            ^
configure:19473: $? = 1
configure: failed program was:
| /* confdefs.h */
| #define PACKAGE_NAME "XZ Utils"
| #define PACKAGE_TARNAME "xz"
| #define PACKAGE_VERSION "5.2.6"
| #define PACKAGE_STRING "XZ Utils 5.2.6"
| #define PACKAGE_BUGREPORT "lasse.collin@tukaani.org"
| #define PACKAGE_URL "https://tukaani.org/xz/"
| #define NDEBUG 1
| #define HAVE_ENCODER_LZMA1 1
| #define HAVE_ENCODER_LZMA2 1
| #define HAVE_ENCODER_DELTA 1
| #define HAVE_ENCODER_X86 1
| #define HAVE_ENCODER_POWERPC 1
| #define HAVE_ENCODER_IA64 1
| #define HAVE_ENCODER_ARM 1
| #define HAVE_ENCODER_ARMTHUMB 1
| #define HAVE_ENCODER_SPARC 1
| #define HAVE_ENCODERS 1
| #define HAVE_DECODER_LZMA1 1
| #define HAVE_DECODER_LZMA2 1
| #define HAVE_DECODER_DELTA 1
| #define HAVE_DECODER_X86 1
| #define HAVE_DECODER_POWERPC 1
| #define HAVE_DECODER_IA64 1
| #define HAVE_DECODER_ARM 1
| #define HAVE_DECODER_ARMTHUMB 1
| #define HAVE_DECODER_SPARC 1
| #define HAVE_DECODERS 1
| #define HAVE_MF_HC3 1
| #define HAVE_MF_HC4 1
| #define HAVE_MF_BT2 1
| #define HAVE_MF_BT3 1
| #define HAVE_MF_BT4 1
| #define HAVE_CHECK_CRC32 1
| #define HAVE_CHECK_CRC64 1
| #define HAVE_CHECK_SHA256 1
| #define ASSUME_RAM 128
| #define PACKAGE "xz"
| #define VERSION "5.2.6"
| #define HAVE_STDIO_H 1
| #define HAVE_STDLIB_H 1
| #define HAVE_STRING_H 1
| #define HAVE_INTTYPES_H 1
| #define HAVE_STDINT_H 1
| #define HAVE_STRINGS_H 1
| #define HAVE_SYS_STAT_H 1
| #define HAVE_SYS_TYPES_H 1
| #define HAVE_UNISTD_H 1
| #define HAVE_WCHAR_H 1
| #define STDC_HEADERS 1
| #define _ALL_SOURCE 1
| #define _DARWIN_C_SOURCE 1
| #define _GNU_SOURCE 1
| #define _HPUX_ALT_XOPEN_SOCKET_API 1
| #define _NETBSD_SOURCE 1
| #define _OPENBSD_SOURCE 1
| #define _POSIX_PTHREAD_SEMANTICS 1
| #define __STDC_WANT_IEC_60559_ATTRIBS_EXT__ 1
| #define __STDC_WANT_IEC_60559_BFP_EXT__ 1
| #define __STDC_WANT_IEC_60559_DFP_EXT__ 1
| #define __STDC_WANT_IEC_60559_FUNCS_EXT__ 1
| #define __STDC_WANT_IEC_60559_TYPES_EXT__ 1
| #define __STDC_WANT_LIB_EXT2__ 1
| #define __STDC_WANT_MATH_SPEC_FUNCS__ 1
| #define _TANDEM_SOURCE 1
| #define __EXTENSIONS__ 1
| #define HAVE_PTHREAD_PRIO_INHERIT 1
| #define MYTHREAD_POSIX 1
| #define HAVE_CLOCK_GETTIME 1
| #define HAVE_PTHREAD_CONDATTR_SETCLOCK 1
| #define HAVE_DECL_CLOCK_MONOTONIC 1
| #define HAVE_DLFCN_H 1
| #define LT_OBJDIR ".libs/"
| #define HAVE_FCNTL_H 1
| #define HAVE_LIMITS_H 1
| #define HAVE_SYS_TIME_H 1
| #define HAVE_IMMINTRIN_H 1
| #define HAVE__BOOL 1
| #define HAVE_STDBOOL_H 1
| #define HAVE_UINTPTR_T 1
| #define SIZEOF_SIZE_T 8
| #define HAVE_STRUCT_STAT_ST_ATIM_TV_NSEC 1
| /* end confdefs.h.  */
| #include <stddef.h>
| #ifdef HAVE_STDIO_H
| # include <stdio.h>
| #endif
| #ifdef HAVE_STDLIB_H
| # include <stdlib.h>
| #endif
| #ifdef HAVE_STRING_H
| # include <string.h>
| #endif
| #ifdef HAVE_INTTYPES_H
| # include <inttypes.h>
| #endif
| #ifdef HAVE_STDINT_H
| # include <stdint.h>
| #endif
| #ifdef HAVE_STRINGS_H
| # include <strings.h>
| #endif
| #ifdef HAVE_SYS_TYPES_H
| # include <sys/types.h>
| #endif
| #ifdef HAVE_SYS_STAT_H
| # include <sys/stat.h>
| #endif
| #ifdef HAVE_UNISTD_H
| # include <unistd.h>
| #endif
| int
| main (void)
| {
| static struct stat ac_aggr;
| if (ac_aggr.st_atimensec)
| return 0;
|   ;
|   return 0;
| }
configure:19473: gcc  -c -isystem/home/ubuntu/yocto/rpi-build/tmp/work/x86_64-linux/xz-native/5.2.6-r0/recipe-sysroot-native/usr/include -O2 -pipe -isystem/home/ubuntu/yocto/rpi-build/tmp/work/x86_64-linux/xz-native/5.2.6-r0/recipe-sysroot-native/usr/include conftest.c >&5
conftest.c: In function 'main':
conftest.c:116:19: error: 'struct stat' has no member named 'st_atimensec'
  116 | if (sizeof ac_aggr.st_atimensec)
      |                   ^
configure:19473: $? = 1
configure: failed program was:
| /* confdefs.h */
| #define PACKAGE_NAME "XZ Utils"
| #define PACKAGE_TARNAME "xz"
| #define PACKAGE_VERSION "5.2.6"
| #define PACKAGE_STRING "XZ Utils 5.2.6"
| #define PACKAGE_BUGREPORT "lasse.collin@tukaani.org"
| #define PACKAGE_URL "https://tukaani.org/xz/"
| #define NDEBUG 1
| #define HAVE_ENCODER_LZMA1 1
| #define HAVE_ENCODER_LZMA2 1
| #define HAVE_ENCODER_DELTA 1
| #define HAVE_ENCODER_X86 1
| #define HAVE_ENCODER_POWERPC 1
| #define HAVE_ENCODER_IA64 1
| #define HAVE_ENCODER_ARM 1
| #define HAVE_ENCODER_ARMTHUMB 1
| #define HAVE_ENCODER_SPARC 1
| #define HAVE_ENCODERS 1
| #define HAVE_DECODER_LZMA1 1
| #define HAVE_DECODER_LZMA2 1
| #define HAVE_DECODER_DELTA 1
| #define HAVE_DECODER_X86 1
| #define HAVE_DECODER_POWERPC 1
| #define HAVE_DECODER_IA64 1
| #define HAVE_DECODER_ARM 1
| #define HAVE_DECODER_ARMTHUMB 1
| #define HAVE_DECODER_SPARC 1
| #define HAVE_DECODERS 1
| #define HAVE_MF_HC3 1
| #define HAVE_MF_HC4 1
| #define HAVE_MF_BT2 1
| #define HAVE_MF_BT3 1
| #define HAVE_MF_BT4 1
| #define HAVE_CHECK_CRC32 1
| #define HAVE_CHECK_CRC64 1
| #define HAVE_CHECK_SHA256 1
| #define ASSUME_RAM 128
| #define PACKAGE "xz"
| #define VERSION "5.2.6"
| #define HAVE_STDIO_H 1
| #define HAVE_STDLIB_H 1
| #define HAVE_STRING_H 1
| #define HAVE_INTTYPES_H 1
| #define HAVE_STDINT_H 1
| #define HAVE_STRINGS_H 1
| #define HAVE_SYS_STAT_H 1
| #define HAVE_SYS_TYPES_H 1
| #define HAVE_UNISTD_H 1
| #define HAVE_WCHAR_H 1
| #define STDC_HEADERS 1
| #define _ALL_SOURCE 1
| #define _DARWIN_C_SOURCE 1
| #define _GNU_SOURCE 1
| #define _HPUX_ALT_XOPEN_SOCKET_API 1
| #define _NETBSD_SOURCE 1
| #define _OPENBSD_SOURCE 1
| #define _POSIX_PTHREAD_SEMANTICS 1
| #define __STDC_WANT_IEC_60559_ATTRIBS_EXT__ 1
| #define __STDC_WANT_IEC_60559_BFP_EXT__ 1
| #define __STDC_WANT_IEC_60559_DFP_EXT__ 1
| #define __STDC_WANT_IEC_60559_FUNCS_EXT__ 1
| #define __STDC_WANT_IEC_60559_TYPES_EXT__ 1
| #define __STDC_WANT_LIB_EXT2__ 1
| #define __STDC_WANT_MATH_SPEC_FUNCS__ 1
| #define _TANDEM_SOURCE 1
| #define __EXTENSIONS__ 1
| #define HAVE_PTHREAD_PRIO_INHERIT 1
| #define MYTHREAD_POSIX 1
| #define HAVE_CLOCK_GETTIME 1
| #define HAVE_PTHREAD_CONDATTR_SETCLOCK 1
| #define HAVE_DECL_CLOCK_MONOTONIC 1
| #define HAVE_DLFCN_H 1
| #define LT_OBJDIR ".libs/"
| #define HAVE_FCNTL_H 1
| #define HAVE_LIMITS_H 1
| #define HAVE_SYS_TIME_H 1
| #define HAVE_IMMINTRIN_H 1
| #define HAVE__BOOL 1
| #define HAVE_STDBOOL_H 1
| #define HAVE_UINTPTR_T 1
| #define SIZEOF_SIZE_T 8
| #define HAVE_STRUCT_STAT_ST_ATIM_TV_NSEC 1
| /* end confdefs.h.  */
| #include <stddef.h>
| #ifdef HAVE_STDIO_H
| # include <stdio.h>
| #endif
| #ifdef HAVE_STDLIB_H
| # include <stdlib.h>
| #endif
| #ifdef HAVE_STRING_H
| # include <string.h>
| #endif
| #ifdef HAVE_INTTYPES_H
| # include <inttypes.h>
| #endif
| #ifdef HAVE_STDINT_H
| # include <stdint.h>
| #endif
| #ifdef HAVE_STRINGS_H
| # include <strings.h>
| #endif
| #ifdef HAVE_SYS_TYPES_H
| # include <sys/types.h>
| #endif
| #ifdef HAVE_SYS_STAT_H
| # include <sys/stat.h>
| #endif
| #ifdef HAVE_UNISTD_H
| # include <unistd.h>
| #endif
| int
| main (void)
| {
| static struct stat ac_aggr;
| if (sizeof ac_aggr.st_atimensec)
| return 0;
|   ;
|   return 0;
| }
configure:19473: result: no
configure:19481: checking for struct stat.st_uatime
configure:19481: gcc  -c -isystem/home/ubuntu/yocto/rpi-build/tmp/work/x86_64-linux/xz-native/5.2.6-r0/recipe-sysroot-native/usr/include -O2 -pipe -isystem/home/ubuntu/yocto/rpi-build/tmp/work/x86_64-linux/xz-native/5.2.6-r0/recipe-sysroot-native/usr/include conftest.c >&5
conftest.c: In function 'main':
conftest.c:116:13: error: 'struct stat' has no member named 'st_uatime'; did you mean 'st_atim'?
  116 | if (ac_aggr.st_uatime)
      |             ^~~~~~~~~
      |             st_atim
configure:19481: $? = 1
configure: failed program was:
| /* confdefs.h */
| #define PACKAGE_NAME "XZ Utils"
| #define PACKAGE_TARNAME "xz"
| #define PACKAGE_VERSION "5.2.6"
| #define PACKAGE_STRING "XZ Utils 5.2.6"
| #define PACKAGE_BUGREPORT "lasse.collin@tukaani.org"
| #define PACKAGE_URL "https://tukaani.org/xz/"
| #define NDEBUG 1
| #define HAVE_ENCODER_LZMA1 1
| #define HAVE_ENCODER_LZMA2 1
| #define HAVE_ENCODER_DELTA 1
| #define HAVE_ENCODER_X86 1
| #define HAVE_ENCODER_POWERPC 1
| #define HAVE_ENCODER_IA64 1
| #define HAVE_ENCODER_ARM 1
| #define HAVE_ENCODER_ARMTHUMB 1
| #define HAVE_ENCODER_SPARC 1
| #define HAVE_ENCODERS 1
| #define HAVE_DECODER_LZMA1 1
| #define HAVE_DECODER_LZMA2 1
| #define HAVE_DECODER_DELTA 1
| #define HAVE_DECODER_X86 1
| #define HAVE_DECODER_POWERPC 1
| #define HAVE_DECODER_IA64 1
| #define HAVE_DECODER_ARM 1
| #define HAVE_DECODER_ARMTHUMB 1
| #define HAVE_DECODER_SPARC 1
| #define HAVE_DECODERS 1
| #define HAVE_MF_HC3 1
| #define HAVE_MF_HC4 1
| #define HAVE_MF_BT2 1
| #define HAVE_MF_BT3 1
| #define HAVE_MF_BT4 1
| #define HAVE_CHECK_CRC32 1
| #define HAVE_CHECK_CRC64 1
| #define HAVE_CHECK_SHA256 1
| #define ASSUME_RAM 128
| #define PACKAGE "xz"
| #define VERSION "5.2.6"
| #define HAVE_STDIO_H 1
| #define HAVE_STDLIB_H 1
| #define HAVE_STRING_H 1
| #define HAVE_INTTYPES_H 1
| #define HAVE_STDINT_H 1
| #define HAVE_STRINGS_H 1
| #define HAVE_SYS_STAT_H 1
| #define HAVE_SYS_TYPES_H 1
| #define HAVE_UNISTD_H 1
| #define HAVE_WCHAR_H 1
| #define STDC_HEADERS 1
| #define _ALL_SOURCE 1
| #define _DARWIN_C_SOURCE 1
| #define _GNU_SOURCE 1
| #define _HPUX_ALT_XOPEN_SOCKET_API 1
| #define _NETBSD_SOURCE 1
| #define _OPENBSD_SOURCE 1
| #define _POSIX_PTHREAD_SEMANTICS 1
| #define __STDC_WANT_IEC_60559_ATTRIBS_EXT__ 1
| #define __STDC_WANT_IEC_60559_BFP_EXT__ 1
| #define __STDC_WANT_IEC_60559_DFP_EXT__ 1
| #define __STDC_WANT_IEC_60559_FUNCS_EXT__ 1
| #define __STDC_WANT_IEC_60559_TYPES_EXT__ 1
| #define __STDC_WANT_LIB_EXT2__ 1
| #define __STDC_WANT_MATH_SPEC_FUNCS__ 1
| #define _TANDEM_SOURCE 1
| #define __EXTENSIONS__ 1
| #define HAVE_PTHREAD_PRIO_INHERIT 1
| #define MYTHREAD_POSIX 1
| #define HAVE_CLOCK_GETTIME 1
| #define HAVE_PTHREAD_CONDATTR_SETCLOCK 1
| #define HAVE_DECL_CLOCK_MONOTONIC 1
| #define HAVE_DLFCN_H 1
| #define LT_OBJDIR ".libs/"
| #define HAVE_FCNTL_H 1
| #define HAVE_LIMITS_H 1
| #define HAVE_SYS_TIME_H 1
| #define HAVE_IMMINTRIN_H 1
| #define HAVE__BOOL 1
| #define HAVE_STDBOOL_H 1
| #define HAVE_UINTPTR_T 1
| #define SIZEOF_SIZE_T 8
| #define HAVE_STRUCT_STAT_ST_ATIM_TV_NSEC 1
| /* end confdefs.h.  */
| #include <stddef.h>
| #ifdef HAVE_STDIO_H
| # include <stdio.h>
| #endif
| #ifdef HAVE_STDLIB_H
| # include <stdlib.h>
| #endif
| #ifdef HAVE_STRING_H
| # include <string.h>
| #endif
| #ifdef HAVE_INTTYPES_H
| # include <inttypes.h>
| #endif
| #ifdef HAVE_STDINT_H
| # include <stdint.h>
| #endif
| #ifdef HAVE_STRINGS_H
| # include <strings.h>
| #endif
| #ifdef HAVE_SYS_TYPES_H
| # include <sys/types.h>
| #endif
| #ifdef HAVE_SYS_STAT_H
| # include <sys/stat.h>
| #endif
| #ifdef HAVE_UNISTD_H
| # include <unistd.h>
| #endif
| int
| main (void)
| {
| static struct stat ac_aggr;
| if (ac_aggr.st_uatime)
| return 0;
|   ;
|   return 0;
| }
configure:19481: gcc  -c -isystem/home/ubuntu/yocto/rpi-build/tmp/work/x86_64-linux/xz-native/5.2.6-r0/recipe-sysroot-native/usr/include -O2 -pipe -isystem/home/ubuntu/yocto/rpi-build/tmp/work/x86_64-linux/xz-native/5.2.6-r0/recipe-sysroot-native/usr/include conftest.c >&5
conftest.c: In function 'main':
conftest.c:116:20: error: 'struct stat' has no member named 'st_uatime'; did you mean 'st_atim'?
  116 | if (sizeof ac_aggr.st_uatime)
      |                    ^~~~~~~~~
      |                    st_atim
configure:19481: $? = 1
configure: failed program was:
| /* confdefs.h */
| #define PACKAGE_NAME "XZ Utils"
| #define PACKAGE_TARNAME "xz"
| #define PACKAGE_VERSION "5.2.6"
| #define PACKAGE_STRING "XZ Utils 5.2.6"
| #define PACKAGE_BUGREPORT "lasse.collin@tukaani.org"
| #define PACKAGE_URL "https://tukaani.org/xz/"
| #define NDEBUG 1
| #define HAVE_ENCODER_LZMA1 1
| #define HAVE_ENCODER_LZMA2 1
| #define HAVE_ENCODER_DELTA 1
| #define HAVE_ENCODER_X86 1
| #define HAVE_ENCODER_POWERPC 1
| #define HAVE_ENCODER_IA64 1
| #define HAVE_ENCODER_ARM 1
| #define HAVE_ENCODER_ARMTHUMB 1
| #define HAVE_ENCODER_SPARC 1
| #define HAVE_ENCODERS 1
| #define HAVE_DECODER_LZMA1 1
| #define HAVE_DECODER_LZMA2 1
| #define HAVE_DECODER_DELTA 1
| #define HAVE_DECODER_X86 1
| #define HAVE_DECODER_POWERPC 1
| #define HAVE_DECODER_IA64 1
| #define HAVE_DECODER_ARM 1
| #define HAVE_DECODER_ARMTHUMB 1
| #define HAVE_DECODER_SPARC 1
| #define HAVE_DECODERS 1
| #define HAVE_MF_HC3 1
| #define HAVE_MF_HC4 1
| #define HAVE_MF_BT2 1
| #define HAVE_MF_BT3 1
| #define HAVE_MF_BT4 1
| #define HAVE_CHECK_CRC32 1
| #define HAVE_CHECK_CRC64 1
| #define HAVE_CHECK_SHA256 1
| #define ASSUME_RAM 128
| #define PACKAGE "xz"
| #define VERSION "5.2.6"
| #define HAVE_STDIO_H 1
| #define HAVE_STDLIB_H 1
| #define HAVE_STRING_H 1
| #define HAVE_INTTYPES_H 1
| #define HAVE_STDINT_H 1
| #define HAVE_STRINGS_H 1
| #define HAVE_SYS_STAT_H 1
| #define HAVE_SYS_TYPES_H 1
| #define HAVE_UNISTD_H 1
| #define HAVE_WCHAR_H 1
| #define STDC_HEADERS 1
| #define _ALL_SOURCE 1
| #define _DARWIN_C_SOURCE 1
| #define _GNU_SOURCE 1
| #define _HPUX_ALT_XOPEN_SOCKET_API 1
| #define _NETBSD_SOURCE 1
| #define _OPENBSD_SOURCE 1
| #define _POSIX_PTHREAD_SEMANTICS 1
| #define __STDC_WANT_IEC_60559_ATTRIBS_EXT__ 1
| #define __STDC_WANT_IEC_60559_BFP_EXT__ 1
| #define __STDC_WANT_IEC_60559_DFP_EXT__ 1
| #define __STDC_WANT_IEC_60559_FUNCS_EXT__ 1
| #define __STDC_WANT_IEC_60559_TYPES_EXT__ 1
| #define __STDC_WANT_LIB_EXT2__ 1
| #define __STDC_WANT_MATH_SPEC_FUNCS__ 1
| #define _TANDEM_SOURCE 1
| #define __EXTENSIONS__ 1
| #define HAVE_PTHREAD_PRIO_INHERIT 1
| #define MYTHREAD_POSIX 1
| #define HAVE_CLOCK_GETTIME 1
| #define HAVE_PTHREAD_CONDATTR_SETCLOCK 1
| #define HAVE_DECL_CLOCK_MONOTONIC 1
| #define HAVE_DLFCN_H 1
| #define LT_OBJDIR ".libs/"
| #define HAVE_FCNTL_H 1
| #define HAVE_LIMITS_H 1
| #define HAVE_SYS_TIME_H 1
| #define HAVE_IMMINTRIN_H 1
| #define HAVE__BOOL 1
| #define HAVE_STDBOOL_H 1
| #define HAVE_UINTPTR_T 1
| #define SIZEOF_SIZE_T 8
| #define HAVE_STRUCT_STAT_ST_ATIM_TV_NSEC 1
| /* end confdefs.h.  */
| #include <stddef.h>
| #ifdef HAVE_STDIO_H
| # include <stdio.h>
| #endif
| #ifdef HAVE_STDLIB_H
| # include <stdlib.h>
| #endif
| #ifdef HAVE_STRING_H
| # include <string.h>
| #endif
| #ifdef HAVE_INTTYPES_H
| # include <inttypes.h>
| #endif
| #ifdef HAVE_STDINT_H
| # include <stdint.h>
| #endif
| #ifdef HAVE_STRINGS_H
| # include <strings.h>
| #endif
| #ifdef HAVE_SYS_TYPES_H
| # include <sys/types.h>
| #endif
| #ifdef HAVE_SYS_STAT_H
| # include <sys/stat.h>
| #endif
| #ifdef HAVE_UNISTD_H
| # include <unistd.h>
| #endif
| int
| main (void)
| {
| static struct stat ac_aggr;
| if (sizeof ac_aggr.st_uatime)
| return 0;
|   ;
|   return 0;
| }
configure:19481: result: no
configure:19489: checking for struct stat.st_atim.st__tim.tv_nsec
configure:19489: gcc  -c -isystem/home/ubuntu/yocto/rpi-build/tmp/work/x86_64-linux/xz-native/5.2.6-r0/recipe-sysroot-native/usr/include -O2 -pipe -isystem/home/ubuntu/yocto/rpi-build/tmp/work/x86_64-linux/xz-native/5.2.6-r0/recipe-sysroot-native/usr/include conftest.c >&5
conftest.c: In function 'main':
conftest.c:116:20: error: 'struct timespec' has no member named 'st__tim'
  116 | if (ac_aggr.st_atim.st__tim.tv_nsec)
      |                    ^
configure:19489: $? = 1
configure: failed program was:
| /* confdefs.h */
| #define PACKAGE_NAME "XZ Utils"
| #define PACKAGE_TARNAME "xz"
| #define PACKAGE_VERSION "5.2.6"
| #define PACKAGE_STRING "XZ Utils 5.2.6"
| #define PACKAGE_BUGREPORT "lasse.collin@tukaani.org"
| #define PACKAGE_URL "https://tukaani.org/xz/"
| #define NDEBUG 1
| #define HAVE_ENCODER_LZMA1 1
| #define HAVE_ENCODER_LZMA2 1
| #define HAVE_ENCODER_DELTA 1
| #define HAVE_ENCODER_X86 1
| #define HAVE_ENCODER_POWERPC 1
| #define HAVE_ENCODER_IA64 1
| #define HAVE_ENCODER_ARM 1
| #define HAVE_ENCODER_ARMTHUMB 1
| #define HAVE_ENCODER_SPARC 1
| #define HAVE_ENCODERS 1
| #define HAVE_DECODER_LZMA1 1
| #define HAVE_DECODER_LZMA2 1
| #define HAVE_DECODER_DELTA 1
| #define HAVE_DECODER_X86 1
| #define HAVE_DECODER_POWERPC 1
| #define HAVE_DECODER_IA64 1
| #define HAVE_DECODER_ARM 1
| #define HAVE_DECODER_ARMTHUMB 1
| #define HAVE_DECODER_SPARC 1
| #define HAVE_DECODERS 1
| #define HAVE_MF_HC3 1
| #define HAVE_MF_HC4 1
| #define HAVE_MF_BT2 1
| #define HAVE_MF_BT3 1
| #define HAVE_MF_BT4 1
| #define HAVE_CHECK_CRC32 1
| #define HAVE_CHECK_CRC64 1
| #define HAVE_CHECK_SHA256 1
| #define ASSUME_RAM 128
| #define PACKAGE "xz"
| #define VERSION "5.2.6"
| #define HAVE_STDIO_H 1
| #define HAVE_STDLIB_H 1
| #define HAVE_STRING_H 1
| #define HAVE_INTTYPES_H 1
| #define HAVE_STDINT_H 1
| #define HAVE_STRINGS_H 1
| #define HAVE_SYS_STAT_H 1
| #define HAVE_SYS_TYPES_H 1
| #define HAVE_UNISTD_H 1
| #define HAVE_WCHAR_H 1
| #define STDC_HEADERS 1
| #define _ALL_SOURCE 1
| #define _DARWIN_C_SOURCE 1
| #define _GNU_SOURCE 1
| #define _HPUX_ALT_XOPEN_SOCKET_API 1
| #define _NETBSD_SOURCE 1
| #define _OPENBSD_SOURCE 1
| #define _POSIX_PTHREAD_SEMANTICS 1
| #define __STDC_WANT_IEC_60559_ATTRIBS_EXT__ 1
| #define __STDC_WANT_IEC_60559_BFP_EXT__ 1
| #define __STDC_WANT_IEC_60559_DFP_EXT__ 1
| #define __STDC_WANT_IEC_60559_FUNCS_EXT__ 1
| #define __STDC_WANT_IEC_60559_TYPES_EXT__ 1
| #define __STDC_WANT_LIB_EXT2__ 1
| #define __STDC_WANT_MATH_SPEC_FUNCS__ 1
| #define _TANDEM_SOURCE 1
| #define __EXTENSIONS__ 1
| #define HAVE_PTHREAD_PRIO_INHERIT 1
| #define MYTHREAD_POSIX 1
| #define HAVE_CLOCK_GETTIME 1
| #define HAVE_PTHREAD_CONDATTR_SETCLOCK 1
| #define HAVE_DECL_CLOCK_MONOTONIC 1
| #define HAVE_DLFCN_H 1
| #define LT_OBJDIR ".libs/"
| #define HAVE_FCNTL_H 1
| #define HAVE_LIMITS_H 1
| #define HAVE_SYS_TIME_H 1
| #define HAVE_IMMINTRIN_H 1
| #define HAVE__BOOL 1
| #define HAVE_STDBOOL_H 1
| #define HAVE_UINTPTR_T 1
| #define SIZEOF_SIZE_T 8
| #define HAVE_STRUCT_STAT_ST_ATIM_TV_NSEC 1
| /* end confdefs.h.  */
| #include <stddef.h>
| #ifdef HAVE_STDIO_H
| # include <stdio.h>
| #endif
| #ifdef HAVE_STDLIB_H
| # include <stdlib.h>
| #endif
| #ifdef HAVE_STRING_H
| # include <string.h>
| #endif
| #ifdef HAVE_INTTYPES_H
| # include <inttypes.h>
| #endif
| #ifdef HAVE_STDINT_H
| # include <stdint.h>
| #endif
| #ifdef HAVE_STRINGS_H
| # include <strings.h>
| #endif
| #ifdef HAVE_SYS_TYPES_H
| # include <sys/types.h>
| #endif
| #ifdef HAVE_SYS_STAT_H
| # include <sys/stat.h>
| #endif
| #ifdef HAVE_UNISTD_H
| # include <unistd.h>
| #endif
| int
| main (void)
| {
| static struct stat ac_aggr;
| if (ac_aggr.st_atim.st__tim.tv_nsec)
| return 0;
|   ;
|   return 0;
| }
configure:19489: gcc  -c -isystem/home/ubuntu/yocto/rpi-build/tmp/work/x86_64-linux/xz-native/5.2.6-r0/recipe-sysroot-native/usr/include -O2 -pipe -isystem/home/ubuntu/yocto/rpi-build/tmp/work/x86_64-linux/xz-native/5.2.6-r0/recipe-sysroot-native/usr/include conftest.c >&5
conftest.c: In function 'main':
conftest.c:116:27: error: 'struct timespec' has no member named 'st__tim'
  116 | if (sizeof ac_aggr.st_atim.st__tim.tv_nsec)
      |                           ^
configure:19489: $? = 1
configure: failed program was:
| /* confdefs.h */
| #define PACKAGE_NAME "XZ Utils"
| #define PACKAGE_TARNAME "xz"
| #define PACKAGE_VERSION "5.2.6"
| #define PACKAGE_STRING "XZ Utils 5.2.6"
| #define PACKAGE_BUGREPORT "lasse.collin@tukaani.org"
| #define PACKAGE_URL "https://tukaani.org/xz/"
| #define NDEBUG 1
| #define HAVE_ENCODER_LZMA1 1
| #define HAVE_ENCODER_LZMA2 1
| #define HAVE_ENCODER_DELTA 1
| #define HAVE_ENCODER_X86 1
| #define HAVE_ENCODER_POWERPC 1
| #define HAVE_ENCODER_IA64 1
| #define HAVE_ENCODER_ARM 1
| #define HAVE_ENCODER_ARMTHUMB 1
| #define HAVE_ENCODER_SPARC 1
| #define HAVE_ENCODERS 1
| #define HAVE_DECODER_LZMA1 1
| #define HAVE_DECODER_LZMA2 1
| #define HAVE_DECODER_DELTA 1
| #define HAVE_DECODER_X86 1
| #define HAVE_DECODER_POWERPC 1
| #define HAVE_DECODER_IA64 1
| #define HAVE_DECODER_ARM 1
| #define HAVE_DECODER_ARMTHUMB 1
| #define HAVE_DECODER_SPARC 1
| #define HAVE_DECODERS 1
| #define HAVE_MF_HC3 1
| #define HAVE_MF_HC4 1
| #define HAVE_MF_BT2 1
| #define HAVE_MF_BT3 1
| #define HAVE_MF_BT4 1
| #define HAVE_CHECK_CRC32 1
| #define HAVE_CHECK_CRC64 1
| #define HAVE_CHECK_SHA256 1
| #define ASSUME_RAM 128
| #define PACKAGE "xz"
| #define VERSION "5.2.6"
| #define HAVE_STDIO_H 1
| #define HAVE_STDLIB_H 1
| #define HAVE_STRING_H 1
| #define HAVE_INTTYPES_H 1
| #define HAVE_STDINT_H 1
| #define HAVE_STRINGS_H 1
| #define HAVE_SYS_STAT_H 1
| #define HAVE_SYS_TYPES_H 1
| #define HAVE_UNISTD_H 1
| #define HAVE_WCHAR_H 1
| #define STDC_HEADERS 1
| #define _ALL_SOURCE 1
| #define _DARWIN_C_SOURCE 1
| #define _GNU_SOURCE 1
| #define _HPUX_ALT_XOPEN_SOCKET_API 1
| #define _NETBSD_SOURCE 1
| #define _OPENBSD_SOURCE 1
| #define _POSIX_PTHREAD_SEMANTICS 1
| #define __STDC_WANT_IEC_60559_ATTRIBS_EXT__ 1
| #define __STDC_WANT_IEC_60559_BFP_EXT__ 1
| #define __STDC_WANT_IEC_60559_DFP_EXT__ 1
| #define __STDC_WANT_IEC_60559_FUNCS_EXT__ 1
| #define __STDC_WANT_IEC_60559_TYPES_EXT__ 1
| #define __STDC_WANT_LIB_EXT2__ 1
| #define __STDC_WANT_MATH_SPEC_FUNCS__ 1
| #define _TANDEM_SOURCE 1
| #define __EXTENSIONS__ 1
| #define HAVE_PTHREAD_PRIO_INHERIT 1
| #define MYTHREAD_POSIX 1
| #define HAVE_CLOCK_GETTIME 1
| #define HAVE_PTHREAD_CONDATTR_SETCLOCK 1
| #define HAVE_DECL_CLOCK_MONOTONIC 1
| #define HAVE_DLFCN_H 1
| #define LT_OBJDIR ".libs/"
| #define HAVE_FCNTL_H 1
| #define HAVE_LIMITS_H 1
| #define HAVE_SYS_TIME_H 1
| #define HAVE_IMMINTRIN_H 1
| #define HAVE__BOOL 1
| #define HAVE_STDBOOL_H 1
| #define HAVE_UINTPTR_T 1
| #define SIZEOF_SIZE_T 8
| #define HAVE_STRUCT_STAT_ST_ATIM_TV_NSEC 1
| /* end confdefs.h.  */
| #include <stddef.h>
| #ifdef HAVE_STDIO_H
| # include <stdio.h>
| #endif
| #ifdef HAVE_STDLIB_H
| # include <stdlib.h>
| #endif
| #ifdef HAVE_STRING_H
| # include <string.h>
| #endif
| #ifdef HAVE_INTTYPES_H
| # include <inttypes.h>
| #endif
| #ifdef HAVE_STDINT_H
| # include <stdint.h>
| #endif
| #ifdef HAVE_STRINGS_H
| # include <strings.h>
| #endif
| #ifdef HAVE_SYS_TYPES_H
| # include <sys/types.h>
| #endif
| #ifdef HAVE_SYS_STAT_H
| # include <sys/stat.h>
| #endif
| #ifdef HAVE_UNISTD_H
| # include <unistd.h>
| #endif
| int
| main (void)
| {
| static struct stat ac_aggr;
| if (sizeof ac_aggr.st_atim.st__tim.tv_nsec)
| return 0;
|   ;
|   return 0;
| }
configure:19489: result: no
configure:19507: checking for special C compiler options needed for large files
configure:19555: result: no
configure:19561: checking for _FILE_OFFSET_BITS value needed for large files
configure:19587: gcc  -c -isystem/home/ubuntu/yocto/rpi-build/tmp/work/x86_64-linux/xz-native/5.2.6-r0/recipe-sysroot-native/usr/include -O2 -pipe -isystem/home/ubuntu/yocto/rpi-build/tmp/work/x86_64-linux/xz-native/5.2.6-r0/recipe-sysroot-native/usr/include conftest.c >&5
configure:19587: $? = 0
configure:19621: result: no
configure:19703: checking whether byte ordering is bigendian
configure:19918: result: no
configure:19947: checking for getopt.h
configure:19947: gcc  -c -isystem/home/ubuntu/yocto/rpi-build/tmp/work/x86_64-linux/xz-native/5.2.6-r0/recipe-sysroot-native/usr/include -O2 -pipe -isystem/home/ubuntu/yocto/rpi-build/tmp/work/x86_64-linux/xz-native/5.2.6-r0/recipe-sysroot-native/usr/include conftest.c >&5
configure:19947: $? = 0
configure:19947: result: yes
configure:19963: checking for getopt_long
configure:19963: gcc  -o conftest -isystem/home/ubuntu/yocto/rpi-build/tmp/work/x86_64-linux/xz-native/5.2.6-r0/recipe-sysroot-native/usr/include -O2 -pipe -isystem/home/ubuntu/yocto/rpi-build/tmp/work/x86_64-linux/xz-native/5.2.6-r0/recipe-sysroot-native/usr/include -L/home/ubuntu/yocto/rpi-build/tmp/work/x86_64-linux/xz-native/5.2.6-r0/recipe-sysroot-native/usr/lib                         -L/home/ubuntu/yocto/rpi-build/tmp/work/x86_64-linux/xz-native/5.2.6-r0/recipe-sysroot-native/lib                         -Wl,--enable-new-dtags                         -Wl,-rpath-link,/home/ubuntu/yocto/rpi-build/tmp/work/x86_64-linux/xz-native/5.2.6-r0/recipe-sysroot-native/usr/lib                         -Wl,-rpath-link,/home/ubuntu/yocto/rpi-build/tmp/work/x86_64-linux/xz-native/5.2.6-r0/recipe-sysroot-native/lib                         -Wl,-rpath,/home/ubuntu/yocto/rpi-build/tmp/work/x86_64-linux/xz-native/5.2.6-r0/recipe-sysroot-native/usr/lib                         -Wl,-rpath,/home/ubuntu/yocto/rpi-build/tmp/work/x86_64-linux/xz-native/5.2.6-r0/recipe-sysroot-native/lib                         -Wl,-O1 -Wl,--allow-shlib-undefined -Wl,--dynamic-linker=/home/ubuntu/yocto/rpi-build/tmp/sysroots-uninative/x86_64-linux/lib/ld-linux-x86-64.so.2 conftest.c  -lpthread >&5
configure:19963: $? = 0
configure:19963: result: yes
configure:19976: checking whether optreset is declared
configure:19976: gcc  -c -isystem/home/ubuntu/yocto/rpi-build/tmp/work/x86_64-linux/xz-native/5.2.6-r0/recipe-sysroot-native/usr/include -O2 -pipe  -isystem/home/ubuntu/yocto/rpi-build/tmp/work/x86_64-linux/xz-native/5.2.6-r0/recipe-sysroot-native/usr/include conftest.c >&5
conftest.c: In function 'main':
conftest.c:95:10: error: 'optreset' undeclared (first use in this function)
   95 |   (void) optreset;
      |          ^~~~~~~~
conftest.c:95:10: note: each undeclared identifier is reported only once for each function it appears in
configure:19976: $? = 1
configure: failed program was:
| /* confdefs.h */
| #define PACKAGE_NAME "XZ Utils"
| #define PACKAGE_TARNAME "xz"
| #define PACKAGE_VERSION "5.2.6"
| #define PACKAGE_STRING "XZ Utils 5.2.6"
| #define PACKAGE_BUGREPORT "lasse.collin@tukaani.org"
| #define PACKAGE_URL "https://tukaani.org/xz/"
| #define NDEBUG 1
| #define HAVE_ENCODER_LZMA1 1
| #define HAVE_ENCODER_LZMA2 1
| #define HAVE_ENCODER_DELTA 1
| #define HAVE_ENCODER_X86 1
| #define HAVE_ENCODER_POWERPC 1
| #define HAVE_ENCODER_IA64 1
| #define HAVE_ENCODER_ARM 1
| #define HAVE_ENCODER_ARMTHUMB 1
| #define HAVE_ENCODER_SPARC 1
| #define HAVE_ENCODERS 1
| #define HAVE_DECODER_LZMA1 1
| #define HAVE_DECODER_LZMA2 1
| #define HAVE_DECODER_DELTA 1
| #define HAVE_DECODER_X86 1
| #define HAVE_DECODER_POWERPC 1
| #define HAVE_DECODER_IA64 1
| #define HAVE_DECODER_ARM 1
| #define HAVE_DECODER_ARMTHUMB 1
| #define HAVE_DECODER_SPARC 1
| #define HAVE_DECODERS 1
| #define HAVE_MF_HC3 1
| #define HAVE_MF_HC4 1
| #define HAVE_MF_BT2 1
| #define HAVE_MF_BT3 1
| #define HAVE_MF_BT4 1
| #define HAVE_CHECK_CRC32 1
| #define HAVE_CHECK_CRC64 1
| #define HAVE_CHECK_SHA256 1
| #define ASSUME_RAM 128
| #define PACKAGE "xz"
| #define VERSION "5.2.6"
| #define HAVE_STDIO_H 1
| #define HAVE_STDLIB_H 1
| #define HAVE_STRING_H 1
| #define HAVE_INTTYPES_H 1
| #define HAVE_STDINT_H 1
| #define HAVE_STRINGS_H 1
| #define HAVE_SYS_STAT_H 1
| #define HAVE_SYS_TYPES_H 1
| #define HAVE_UNISTD_H 1
| #define HAVE_WCHAR_H 1
| #define STDC_HEADERS 1
| #define _ALL_SOURCE 1
| #define _DARWIN_C_SOURCE 1
| #define _GNU_SOURCE 1
| #define _HPUX_ALT_XOPEN_SOCKET_API 1
| #define _NETBSD_SOURCE 1
| #define _OPENBSD_SOURCE 1
| #define _POSIX_PTHREAD_SEMANTICS 1
| #define __STDC_WANT_IEC_60559_ATTRIBS_EXT__ 1
| #define __STDC_WANT_IEC_60559_BFP_EXT__ 1
| #define __STDC_WANT_IEC_60559_DFP_EXT__ 1
| #define __STDC_WANT_IEC_60559_FUNCS_EXT__ 1
| #define __STDC_WANT_IEC_60559_TYPES_EXT__ 1
| #define __STDC_WANT_LIB_EXT2__ 1
| #define __STDC_WANT_MATH_SPEC_FUNCS__ 1
| #define _TANDEM_SOURCE 1
| #define __EXTENSIONS__ 1
| #define HAVE_PTHREAD_PRIO_INHERIT 1
| #define MYTHREAD_POSIX 1
| #define HAVE_CLOCK_GETTIME 1
| #define HAVE_PTHREAD_CONDATTR_SETCLOCK 1
| #define HAVE_DECL_CLOCK_MONOTONIC 1
| #define HAVE_DLFCN_H 1
| #define LT_OBJDIR ".libs/"
| #define HAVE_FCNTL_H 1
| #define HAVE_LIMITS_H 1
| #define HAVE_SYS_TIME_H 1
| #define HAVE_IMMINTRIN_H 1
| #define HAVE__BOOL 1
| #define HAVE_STDBOOL_H 1
| #define HAVE_UINTPTR_T 1
| #define SIZEOF_SIZE_T 8
| #define HAVE_STRUCT_STAT_ST_ATIM_TV_NSEC 1
| #define HAVE_GETOPT_H 1
| #define HAVE_GETOPT_LONG 1
| /* end confdefs.h.  */
| #include <getopt.h>
| 
| int
| main (void)
| {
| #ifndef optreset
| #ifdef __cplusplus
|   (void) optreset;
| #else
|   (void) optreset;
| #endif
| #endif
| 
|   ;
|   return 0;
| }
configure:19976: result: no
configure:20020: checking for futimens
configure:20020: gcc  -o conftest -isystem/home/ubuntu/yocto/rpi-build/tmp/work/x86_64-linux/xz-native/5.2.6-r0/recipe-sysroot-native/usr/include -O2 -pipe -isystem/home/ubuntu/yocto/rpi-build/tmp/work/x86_64-linux/xz-native/5.2.6-r0/recipe-sysroot-native/usr/include -L/home/ubuntu/yocto/rpi-build/tmp/work/x86_64-linux/xz-native/5.2.6-r0/recipe-sysroot-native/usr/lib                         -L/home/ubuntu/yocto/rpi-build/tmp/work/x86_64-linux/xz-native/5.2.6-r0/recipe-sysroot-native/lib                         -Wl,--enable-new-dtags                         -Wl,-rpath-link,/home/ubuntu/yocto/rpi-build/tmp/work/x86_64-linux/xz-native/5.2.6-r0/recipe-sysroot-native/usr/lib                         -Wl,-rpath-link,/home/ubuntu/yocto/rpi-build/tmp/work/x86_64-linux/xz-native/5.2.6-r0/recipe-sysroot-native/lib                         -Wl,-rpath,/home/ubuntu/yocto/rpi-build/tmp/work/x86_64-linux/xz-native/5.2.6-r0/recipe-sysroot-native/usr/lib                         -Wl,-rpath,/home/ubuntu/yocto/rpi-build/tmp/work/x86_64-linux/xz-native/5.2.6-r0/recipe-sysroot-native/lib                         -Wl,-O1 -Wl,--allow-shlib-undefined -Wl,--dynamic-linker=/home/ubuntu/yocto/rpi-build/tmp/sysroots-uninative/x86_64-linux/lib/ld-linux-x86-64.so.2 conftest.c  -lpthread >&5
configure:20020: $? = 0
configure:20020: result: yes
configure:20032: checking for posix_fadvise
configure:20032: gcc  -o conftest -isystem/home/ubuntu/yocto/rpi-build/tmp/work/x86_64-linux/xz-native/5.2.6-r0/recipe-sysroot-native/usr/include -O2 -pipe -isystem/home/ubuntu/yocto/rpi-build/tmp/work/x86_64-linux/xz-native/5.2.6-r0/recipe-sysroot-native/usr/include -L/home/ubuntu/yocto/rpi-build/tmp/work/x86_64-linux/xz-native/5.2.6-r0/recipe-sysroot-native/usr/lib                         -L/home/ubuntu/yocto/rpi-build/tmp/work/x86_64-linux/xz-native/5.2.6-r0/recipe-sysroot-native/lib                         -Wl,--enable-new-dtags                         -Wl,-rpath-link,/home/ubuntu/yocto/rpi-build/tmp/work/x86_64-linux/xz-native/5.2.6-r0/recipe-sysroot-native/usr/lib                         -Wl,-rpath-link,/home/ubuntu/yocto/rpi-build/tmp/work/x86_64-linux/xz-native/5.2.6-r0/recipe-sysroot-native/lib                         -Wl,-rpath,/home/ubuntu/yocto/rpi-build/tmp/work/x86_64-linux/xz-native/5.2.6-r0/recipe-sysroot-native/usr/lib                         -Wl,-rpath,/home/ubuntu/yocto/rpi-build/tmp/work/x86_64-linux/xz-native/5.2.6-r0/recipe-sysroot-native/lib                         -Wl,-O1 -Wl,--allow-shlib-undefined -Wl,--dynamic-linker=/home/ubuntu/yocto/rpi-build/tmp/sysroots-uninative/x86_64-linux/lib/ld-linux-x86-64.so.2 conftest.c  -lpthread >&5
configure:20032: $? = 0
configure:20032: result: yes
configure:20047: checking whether program_invocation_name is declared
configure:20047: gcc  -c -isystem/home/ubuntu/yocto/rpi-build/tmp/work/x86_64-linux/xz-native/5.2.6-r0/recipe-sysroot-native/usr/include -O2 -pipe  -isystem/home/ubuntu/yocto/rpi-build/tmp/work/x86_64-linux/xz-native/5.2.6-r0/recipe-sysroot-native/usr/include conftest.c >&5
configure:20047: $? = 0
configure:20047: result: yes
configure:20062: checking if __builtin_bswap16/32/64 are supported
configure:20077: gcc  -o conftest -isystem/home/ubuntu/yocto/rpi-build/tmp/work/x86_64-linux/xz-native/5.2.6-r0/recipe-sysroot-native/usr/include -O2 -pipe -isystem/home/ubuntu/yocto/rpi-build/tmp/work/x86_64-linux/xz-native/5.2.6-r0/recipe-sysroot-native/usr/include -L/home/ubuntu/yocto/rpi-build/tmp/work/x86_64-linux/xz-native/5.2.6-r0/recipe-sysroot-native/usr/lib                         -L/home/ubuntu/yocto/rpi-build/tmp/work/x86_64-linux/xz-native/5.2.6-r0/recipe-sysroot-native/lib                         -Wl,--enable-new-dtags                         -Wl,-rpath-link,/home/ubuntu/yocto/rpi-build/tmp/work/x86_64-linux/xz-native/5.2.6-r0/recipe-sysroot-native/usr/lib                         -Wl,-rpath-link,/home/ubuntu/yocto/rpi-build/tmp/work/x86_64-linux/xz-native/5.2.6-r0/recipe-sysroot-native/lib                         -Wl,-rpath,/home/ubuntu/yocto/rpi-build/tmp/work/x86_64-linux/xz-native/5.2.6-r0/recipe-sysroot-native/usr/lib                         -Wl,-rpath,/home/ubuntu/yocto/rpi-build/tmp/work/x86_64-linux/xz-native/5.2.6-r0/recipe-sysroot-native/lib                         -Wl,-O1 -Wl,--allow-shlib-undefined -Wl,--dynamic-linker=/home/ubuntu/yocto/rpi-build/tmp/sysroots-uninative/x86_64-linux/lib/ld-linux-x86-64.so.2 conftest.c  -lpthread >&5
configure:20077: $? = 0
configure:20083: result: yes
configure:20207: checking if unaligned memory access should be used
configure:20233: result: yes
configure:20240: checking if unsafe type punning should be used
configure:20257: result: no
configure:20261: checking if __builtin_assume_aligned is supported
configure:20274: gcc  -o conftest -isystem/home/ubuntu/yocto/rpi-build/tmp/work/x86_64-linux/xz-native/5.2.6-r0/recipe-sysroot-native/usr/include -O2 -pipe -isystem/home/ubuntu/yocto/rpi-build/tmp/work/x86_64-linux/xz-native/5.2.6-r0/recipe-sysroot-native/usr/include -L/home/ubuntu/yocto/rpi-build/tmp/work/x86_64-linux/xz-native/5.2.6-r0/recipe-sysroot-native/usr/lib                         -L/home/ubuntu/yocto/rpi-build/tmp/work/x86_64-linux/xz-native/5.2.6-r0/recipe-sysroot-native/lib                         -Wl,--enable-new-dtags                         -Wl,-rpath-link,/home/ubuntu/yocto/rpi-build/tmp/work/x86_64-linux/xz-native/5.2.6-r0/recipe-sysroot-native/usr/lib                         -Wl,-rpath-link,/home/ubuntu/yocto/rpi-build/tmp/work/x86_64-linux/xz-native/5.2.6-r0/recipe-sysroot-native/lib                         -Wl,-rpath,/home/ubuntu/yocto/rpi-build/tmp/work/x86_64-linux/xz-native/5.2.6-r0/recipe-sysroot-native/usr/lib                         -Wl,-rpath,/home/ubuntu/yocto/rpi-build/tmp/work/x86_64-linux/xz-native/5.2.6-r0/recipe-sysroot-native/lib                         -Wl,-O1 -Wl,--allow-shlib-undefined -Wl,--dynamic-linker=/home/ubuntu/yocto/rpi-build/tmp/sysroots-uninative/x86_64-linux/lib/ld-linux-x86-64.so.2 conftest.c  -lpthread >&5
configure:20274: $? = 0
configure:20280: result: yes
configure:20296: checking for sys/param.h
configure:20296: gcc  -c -isystem/home/ubuntu/yocto/rpi-build/tmp/work/x86_64-linux/xz-native/5.2.6-r0/recipe-sysroot-native/usr/include -O2 -pipe -isystem/home/ubuntu/yocto/rpi-build/tmp/work/x86_64-linux/xz-native/5.2.6-r0/recipe-sysroot-native/usr/include conftest.c >&5
configure:20296: $? = 0
configure:20296: result: yes
configure:20304: checking how to detect the amount of physical memory
configure:20329: gcc  -c -isystem/home/ubuntu/yocto/rpi-build/tmp/work/x86_64-linux/xz-native/5.2.6-r0/recipe-sysroot-native/usr/include -O2 -pipe -isystem/home/ubuntu/yocto/rpi-build/tmp/work/x86_64-linux/xz-native/5.2.6-r0/recipe-sysroot-native/usr/include conftest.c >&5
conftest.c:97:1: error: unknown type name 'compile'
   97 | compile error
      | ^~~~~~~
conftest.c:97:1: error: expected '=', ',', ';', 'asm' or '__attribute__' at end of input
configure:20329: $? = 1
configure: failed program was:
| /* confdefs.h */
| #define PACKAGE_NAME "XZ Utils"
| #define PACKAGE_TARNAME "xz"
| #define PACKAGE_VERSION "5.2.6"
| #define PACKAGE_STRING "XZ Utils 5.2.6"
| #define PACKAGE_BUGREPORT "lasse.collin@tukaani.org"
| #define PACKAGE_URL "https://tukaani.org/xz/"
| #define NDEBUG 1
| #define HAVE_ENCODER_LZMA1 1
| #define HAVE_ENCODER_LZMA2 1
| #define HAVE_ENCODER_DELTA 1
| #define HAVE_ENCODER_X86 1
| #define HAVE_ENCODER_POWERPC 1
| #define HAVE_ENCODER_IA64 1
| #define HAVE_ENCODER_ARM 1
| #define HAVE_ENCODER_ARMTHUMB 1
| #define HAVE_ENCODER_SPARC 1
| #define HAVE_ENCODERS 1
| #define HAVE_DECODER_LZMA1 1
| #define HAVE_DECODER_LZMA2 1
| #define HAVE_DECODER_DELTA 1
| #define HAVE_DECODER_X86 1
| #define HAVE_DECODER_POWERPC 1
| #define HAVE_DECODER_IA64 1
| #define HAVE_DECODER_ARM 1
| #define HAVE_DECODER_ARMTHUMB 1
| #define HAVE_DECODER_SPARC 1
| #define HAVE_DECODERS 1
| #define HAVE_MF_HC3 1
| #define HAVE_MF_HC4 1
| #define HAVE_MF_BT2 1
| #define HAVE_MF_BT3 1
| #define HAVE_MF_BT4 1
| #define HAVE_CHECK_CRC32 1
| #define HAVE_CHECK_CRC64 1
| #define HAVE_CHECK_SHA256 1
| #define ASSUME_RAM 128
| #define PACKAGE "xz"
| #define VERSION "5.2.6"
| #define HAVE_STDIO_H 1
| #define HAVE_STDLIB_H 1
| #define HAVE_STRING_H 1
| #define HAVE_INTTYPES_H 1
| #define HAVE_STDINT_H 1
| #define HAVE_STRINGS_H 1
| #define HAVE_SYS_STAT_H 1
| #define HAVE_SYS_TYPES_H 1
| #define HAVE_UNISTD_H 1
| #define HAVE_WCHAR_H 1
| #define STDC_HEADERS 1
| #define _ALL_SOURCE 1
| #define _DARWIN_C_SOURCE 1
| #define _GNU_SOURCE 1
| #define _HPUX_ALT_XOPEN_SOCKET_API 1
| #define _NETBSD_SOURCE 1
| #define _OPENBSD_SOURCE 1
| #define _POSIX_PTHREAD_SEMANTICS 1
| #define __STDC_WANT_IEC_60559_ATTRIBS_EXT__ 1
| #define __STDC_WANT_IEC_60559_BFP_EXT__ 1
| #define __STDC_WANT_IEC_60559_DFP_EXT__ 1
| #define __STDC_WANT_IEC_60559_FUNCS_EXT__ 1
| #define __STDC_WANT_IEC_60559_TYPES_EXT__ 1
| #define __STDC_WANT_LIB_EXT2__ 1
| #define __STDC_WANT_MATH_SPEC_FUNCS__ 1
| #define _TANDEM_SOURCE 1
| #define __EXTENSIONS__ 1
| #define HAVE_PTHREAD_PRIO_INHERIT 1
| #define MYTHREAD_POSIX 1
| #define HAVE_CLOCK_GETTIME 1
| #define HAVE_PTHREAD_CONDATTR_SETCLOCK 1
| #define HAVE_DECL_CLOCK_MONOTONIC 1
| #define HAVE_DLFCN_H 1
| #define LT_OBJDIR ".libs/"
| #define HAVE_FCNTL_H 1
| #define HAVE_LIMITS_H 1
| #define HAVE_SYS_TIME_H 1
| #define HAVE_IMMINTRIN_H 1
| #define HAVE__BOOL 1
| #define HAVE_STDBOOL_H 1
| #define HAVE_UINTPTR_T 1
| #define SIZEOF_SIZE_T 8
| #define HAVE_STRUCT_STAT_ST_ATIM_TV_NSEC 1
| #define HAVE_GETOPT_H 1
| #define HAVE_GETOPT_LONG 1
| #define HAVE_FUTIMENS 1
| #define HAVE_POSIX_FADVISE 1
| #define HAVE_DECL_PROGRAM_INVOCATION_NAME 1
| #define HAVE___BUILTIN_BSWAPXX 1
| #define TUKLIB_FAST_UNALIGNED_ACCESS 1
| #define HAVE___BUILTIN_ASSUME_ALIGNED 1
| #define HAVE_SYS_PARAM_H 1
| /* end confdefs.h.  */
| 
| #if defined(_WIN32) || defined(__CYGWIN__) || defined(__OS2__) 		|| defined(__DJGPP__) || defined(__VMS) 		|| defined(AMIGA) || defined(__AROS__) || defined(__QNX__)
| int main(void) { return 0; }
| #else
| compile error
| #endif
| 
configure:20351: gcc  -c -isystem/home/ubuntu/yocto/rpi-build/tmp/work/x86_64-linux/xz-native/5.2.6-r0/recipe-sysroot-native/usr/include -O2 -pipe -isystem/home/ubuntu/yocto/rpi-build/tmp/work/x86_64-linux/xz-native/5.2.6-r0/recipe-sysroot-native/usr/include conftest.c >&5
conftest.c:94:10: fatal error: sys/systemcfg.h: No such file or directory
   94 | #include <sys/systemcfg.h>
      |          ^~~~~~~~~~~~~~~~~
compilation terminated.
configure:20351: $? = 1
configure: failed program was:
| /* confdefs.h */
| #define PACKAGE_NAME "XZ Utils"
| #define PACKAGE_TARNAME "xz"
| #define PACKAGE_VERSION "5.2.6"
| #define PACKAGE_STRING "XZ Utils 5.2.6"
| #define PACKAGE_BUGREPORT "lasse.collin@tukaani.org"
| #define PACKAGE_URL "https://tukaani.org/xz/"
| #define NDEBUG 1
| #define HAVE_ENCODER_LZMA1 1
| #define HAVE_ENCODER_LZMA2 1
| #define HAVE_ENCODER_DELTA 1
| #define HAVE_ENCODER_X86 1
| #define HAVE_ENCODER_POWERPC 1
| #define HAVE_ENCODER_IA64 1
| #define HAVE_ENCODER_ARM 1
| #define HAVE_ENCODER_ARMTHUMB 1
| #define HAVE_ENCODER_SPARC 1
| #define HAVE_ENCODERS 1
| #define HAVE_DECODER_LZMA1 1
| #define HAVE_DECODER_LZMA2 1
| #define HAVE_DECODER_DELTA 1
| #define HAVE_DECODER_X86 1
| #define HAVE_DECODER_POWERPC 1
| #define HAVE_DECODER_IA64 1
| #define HAVE_DECODER_ARM 1
| #define HAVE_DECODER_ARMTHUMB 1
| #define HAVE_DECODER_SPARC 1
| #define HAVE_DECODERS 1
| #define HAVE_MF_HC3 1
| #define HAVE_MF_HC4 1
| #define HAVE_MF_BT2 1
| #define HAVE_MF_BT3 1
| #define HAVE_MF_BT4 1
| #define HAVE_CHECK_CRC32 1
| #define HAVE_CHECK_CRC64 1
| #define HAVE_CHECK_SHA256 1
| #define ASSUME_RAM 128
| #define PACKAGE "xz"
| #define VERSION "5.2.6"
| #define HAVE_STDIO_H 1
| #define HAVE_STDLIB_H 1
| #define HAVE_STRING_H 1
| #define HAVE_INTTYPES_H 1
| #define HAVE_STDINT_H 1
| #define HAVE_STRINGS_H 1
| #define HAVE_SYS_STAT_H 1
| #define HAVE_SYS_TYPES_H 1
| #define HAVE_UNISTD_H 1
| #define HAVE_WCHAR_H 1
| #define STDC_HEADERS 1
| #define _ALL_SOURCE 1
| #define _DARWIN_C_SOURCE 1
| #define _GNU_SOURCE 1
| #define _HPUX_ALT_XOPEN_SOCKET_API 1
| #define _NETBSD_SOURCE 1
| #define _OPENBSD_SOURCE 1
| #define _POSIX_PTHREAD_SEMANTICS 1
| #define __STDC_WANT_IEC_60559_ATTRIBS_EXT__ 1
| #define __STDC_WANT_IEC_60559_BFP_EXT__ 1
| #define __STDC_WANT_IEC_60559_DFP_EXT__ 1
| #define __STDC_WANT_IEC_60559_FUNCS_EXT__ 1
| #define __STDC_WANT_IEC_60559_TYPES_EXT__ 1
| #define __STDC_WANT_LIB_EXT2__ 1
| #define __STDC_WANT_MATH_SPEC_FUNCS__ 1
| #define _TANDEM_SOURCE 1
| #define __EXTENSIONS__ 1
| #define HAVE_PTHREAD_PRIO_INHERIT 1
| #define MYTHREAD_POSIX 1
| #define HAVE_CLOCK_GETTIME 1
| #define HAVE_PTHREAD_CONDATTR_SETCLOCK 1
| #define HAVE_DECL_CLOCK_MONOTONIC 1
| #define HAVE_DLFCN_H 1
| #define LT_OBJDIR ".libs/"
| #define HAVE_FCNTL_H 1
| #define HAVE_LIMITS_H 1
| #define HAVE_SYS_TIME_H 1
| #define HAVE_IMMINTRIN_H 1
| #define HAVE__BOOL 1
| #define HAVE_STDBOOL_H 1
| #define HAVE_UINTPTR_T 1
| #define SIZEOF_SIZE_T 8
| #define HAVE_STRUCT_STAT_ST_ATIM_TV_NSEC 1
| #define HAVE_GETOPT_H 1
| #define HAVE_GETOPT_LONG 1
| #define HAVE_FUTIMENS 1
| #define HAVE_POSIX_FADVISE 1
| #define HAVE_DECL_PROGRAM_INVOCATION_NAME 1
| #define HAVE___BUILTIN_BSWAPXX 1
| #define TUKLIB_FAST_UNALIGNED_ACCESS 1
| #define HAVE___BUILTIN_ASSUME_ALIGNED 1
| #define HAVE_SYS_PARAM_H 1
| /* end confdefs.h.  */
| 
| #include <sys/systemcfg.h>
| 
| int
| main(void)
| {
| 	(void)_system_configuration.physmem;
| 	return 0;
| }
| 
configure:20371: gcc  -c -isystem/home/ubuntu/yocto/rpi-build/tmp/work/x86_64-linux/xz-native/5.2.6-r0/recipe-sysroot-native/usr/include -O2 -pipe -isystem/home/ubuntu/yocto/rpi-build/tmp/work/x86_64-linux/xz-native/5.2.6-r0/recipe-sysroot-native/usr/include conftest.c >&5
configure:20371: $? = 0
configure:20517: result: sysconf
configure:20562: checking for sys/param.h
configure:20562: result: yes
configure:20570: checking how to detect the number of available CPU cores
configure:20593: gcc  -c -isystem/home/ubuntu/yocto/rpi-build/tmp/work/x86_64-linux/xz-native/5.2.6-r0/recipe-sysroot-native/usr/include -O2 -pipe -isystem/home/ubuntu/yocto/rpi-build/tmp/work/x86_64-linux/xz-native/5.2.6-r0/recipe-sysroot-native/usr/include conftest.c >&5
conftest.c:99:1: error: unknown type name 'compile'
   99 | compile error
      | ^~~~~~~
conftest.c:99:1: error: expected '=', ',', ';', 'asm' or '__attribute__' at end of input
configure:20593: $? = 1
configure: failed program was:
| /* confdefs.h */
| #define PACKAGE_NAME "XZ Utils"
| #define PACKAGE_TARNAME "xz"
| #define PACKAGE_VERSION "5.2.6"
| #define PACKAGE_STRING "XZ Utils 5.2.6"
| #define PACKAGE_BUGREPORT "lasse.collin@tukaani.org"
| #define PACKAGE_URL "https://tukaani.org/xz/"
| #define NDEBUG 1
| #define HAVE_ENCODER_LZMA1 1
| #define HAVE_ENCODER_LZMA2 1
| #define HAVE_ENCODER_DELTA 1
| #define HAVE_ENCODER_X86 1
| #define HAVE_ENCODER_POWERPC 1
| #define HAVE_ENCODER_IA64 1
| #define HAVE_ENCODER_ARM 1
| #define HAVE_ENCODER_ARMTHUMB 1
| #define HAVE_ENCODER_SPARC 1
| #define HAVE_ENCODERS 1
| #define HAVE_DECODER_LZMA1 1
| #define HAVE_DECODER_LZMA2 1
| #define HAVE_DECODER_DELTA 1
| #define HAVE_DECODER_X86 1
| #define HAVE_DECODER_POWERPC 1
| #define HAVE_DECODER_IA64 1
| #define HAVE_DECODER_ARM 1
| #define HAVE_DECODER_ARMTHUMB 1
| #define HAVE_DECODER_SPARC 1
| #define HAVE_DECODERS 1
| #define HAVE_MF_HC3 1
| #define HAVE_MF_HC4 1
| #define HAVE_MF_BT2 1
| #define HAVE_MF_BT3 1
| #define HAVE_MF_BT4 1
| #define HAVE_CHECK_CRC32 1
| #define HAVE_CHECK_CRC64 1
| #define HAVE_CHECK_SHA256 1
| #define ASSUME_RAM 128
| #define PACKAGE "xz"
| #define VERSION "5.2.6"
| #define HAVE_STDIO_H 1
| #define HAVE_STDLIB_H 1
| #define HAVE_STRING_H 1
| #define HAVE_INTTYPES_H 1
| #define HAVE_STDINT_H 1
| #define HAVE_STRINGS_H 1
| #define HAVE_SYS_STAT_H 1
| #define HAVE_SYS_TYPES_H 1
| #define HAVE_UNISTD_H 1
| #define HAVE_WCHAR_H 1
| #define STDC_HEADERS 1
| #define _ALL_SOURCE 1
| #define _DARWIN_C_SOURCE 1
| #define _GNU_SOURCE 1
| #define _HPUX_ALT_XOPEN_SOCKET_API 1
| #define _NETBSD_SOURCE 1
| #define _OPENBSD_SOURCE 1
| #define _POSIX_PTHREAD_SEMANTICS 1
| #define __STDC_WANT_IEC_60559_ATTRIBS_EXT__ 1
| #define __STDC_WANT_IEC_60559_BFP_EXT__ 1
| #define __STDC_WANT_IEC_60559_DFP_EXT__ 1
| #define __STDC_WANT_IEC_60559_FUNCS_EXT__ 1
| #define __STDC_WANT_IEC_60559_TYPES_EXT__ 1
| #define __STDC_WANT_LIB_EXT2__ 1
| #define __STDC_WANT_MATH_SPEC_FUNCS__ 1
| #define _TANDEM_SOURCE 1
| #define __EXTENSIONS__ 1
| #define HAVE_PTHREAD_PRIO_INHERIT 1
| #define MYTHREAD_POSIX 1
| #define HAVE_CLOCK_GETTIME 1
| #define HAVE_PTHREAD_CONDATTR_SETCLOCK 1
| #define HAVE_DECL_CLOCK_MONOTONIC 1
| #define HAVE_DLFCN_H 1
| #define LT_OBJDIR ".libs/"
| #define HAVE_FCNTL_H 1
| #define HAVE_LIMITS_H 1
| #define HAVE_SYS_TIME_H 1
| #define HAVE_IMMINTRIN_H 1
| #define HAVE__BOOL 1
| #define HAVE_STDBOOL_H 1
| #define HAVE_UINTPTR_T 1
| #define SIZEOF_SIZE_T 8
| #define HAVE_STRUCT_STAT_ST_ATIM_TV_NSEC 1
| #define HAVE_GETOPT_H 1
| #define HAVE_GETOPT_LONG 1
| #define HAVE_FUTIMENS 1
| #define HAVE_POSIX_FADVISE 1
| #define HAVE_DECL_PROGRAM_INVOCATION_NAME 1
| #define HAVE___BUILTIN_BSWAPXX 1
| #define TUKLIB_FAST_UNALIGNED_ACCESS 1
| #define HAVE___BUILTIN_ASSUME_ALIGNED 1
| #define HAVE_SYS_PARAM_H 1
| #define TUKLIB_PHYSMEM_SYSCONF 1
| #define HAVE_SYS_PARAM_H 1
| /* end confdefs.h.  */
| 
| #if defined(_WIN32) || defined(__CYGWIN__)
| int main(void) { return 0; }
| #else
| compile error
| #endif
| 
configure:20617: gcc  -o conftest -isystem/home/ubuntu/yocto/rpi-build/tmp/work/x86_64-linux/xz-native/5.2.6-r0/recipe-sysroot-native/usr/include -O2 -pipe -isystem/home/ubuntu/yocto/rpi-build/tmp/work/x86_64-linux/xz-native/5.2.6-r0/recipe-sysroot-native/usr/include -L/home/ubuntu/yocto/rpi-build/tmp/work/x86_64-linux/xz-native/5.2.6-r0/recipe-sysroot-native/usr/lib                         -L/home/ubuntu/yocto/rpi-build/tmp/work/x86_64-linux/xz-native/5.2.6-r0/recipe-sysroot-native/lib                         -Wl,--enable-new-dtags                         -Wl,-rpath-link,/home/ubuntu/yocto/rpi-build/tmp/work/x86_64-linux/xz-native/5.2.6-r0/recipe-sysroot-native/usr/lib                         -Wl,-rpath-link,/home/ubuntu/yocto/rpi-build/tmp/work/x86_64-linux/xz-native/5.2.6-r0/recipe-sysroot-native/lib                         -Wl,-rpath,/home/ubuntu/yocto/rpi-build/tmp/work/x86_64-linux/xz-native/5.2.6-r0/recipe-sysroot-native/usr/lib                         -Wl,-rpath,/home/ubuntu/yocto/rpi-build/tmp/work/x86_64-linux/xz-native/5.2.6-r0/recipe-sysroot-native/lib                         -Wl,-O1 -Wl,--allow-shlib-undefined -Wl,--dynamic-linker=/home/ubuntu/yocto/rpi-build/tmp/sysroots-uninative/x86_64-linux/lib/ld-linux-x86-64.so.2 conftest.c  -lpthread >&5
configure:20617: $? = 0
configure:20750: result: sched_getaffinity
configure:20784: checking whether mbrtowc and mbstate_t are properly declared
configure:20805: gcc  -o conftest -isystem/home/ubuntu/yocto/rpi-build/tmp/work/x86_64-linux/xz-native/5.2.6-r0/recipe-sysroot-native/usr/include -O2 -pipe -isystem/home/ubuntu/yocto/rpi-build/tmp/work/x86_64-linux/xz-native/5.2.6-r0/recipe-sysroot-native/usr/include -L/home/ubuntu/yocto/rpi-build/tmp/work/x86_64-linux/xz-native/5.2.6-r0/recipe-sysroot-native/usr/lib                         -L/home/ubuntu/yocto/rpi-build/tmp/work/x86_64-linux/xz-native/5.2.6-r0/recipe-sysroot-native/lib                         -Wl,--enable-new-dtags                         -Wl,-rpath-link,/home/ubuntu/yocto/rpi-build/tmp/work/x86_64-linux/xz-native/5.2.6-r0/recipe-sysroot-native/usr/lib                         -Wl,-rpath-link,/home/ubuntu/yocto/rpi-build/tmp/work/x86_64-linux/xz-native/5.2.6-r0/recipe-sysroot-native/lib                         -Wl,-rpath,/home/ubuntu/yocto/rpi-build/tmp/work/x86_64-linux/xz-native/5.2.6-r0/recipe-sysroot-native/usr/lib                         -Wl,-rpath,/home/ubuntu/yocto/rpi-build/tmp/work/x86_64-linux/xz-native/5.2.6-r0/recipe-sysroot-native/lib                         -Wl,-O1 -Wl,--allow-shlib-undefined -Wl,--dynamic-linker=/home/ubuntu/yocto/rpi-build/tmp/sysroots-uninative/x86_64-linux/lib/ld-linux-x86-64.so.2 conftest.c  -lpthread >&5
configure:20805: $? = 0
configure:20814: result: yes
configure:20822: checking for wcwidth
configure:20822: gcc  -o conftest -isystem/home/ubuntu/yocto/rpi-build/tmp/work/x86_64-linux/xz-native/5.2.6-r0/recipe-sysroot-native/usr/include -O2 -pipe -isystem/home/ubuntu/yocto/rpi-build/tmp/work/x86_64-linux/xz-native/5.2.6-r0/recipe-sysroot-native/usr/include -L/home/ubuntu/yocto/rpi-build/tmp/work/x86_64-linux/xz-native/5.2.6-r0/recipe-sysroot-native/usr/lib                         -L/home/ubuntu/yocto/rpi-build/tmp/work/x86_64-linux/xz-native/5.2.6-r0/recipe-sysroot-native/lib                         -Wl,--enable-new-dtags                         -Wl,-rpath-link,/home/ubuntu/yocto/rpi-build/tmp/work/x86_64-linux/xz-native/5.2.6-r0/recipe-sysroot-native/usr/lib                         -Wl,-rpath-link,/home/ubuntu/yocto/rpi-build/tmp/work/x86_64-linux/xz-native/5.2.6-r0/recipe-sysroot-native/lib                         -Wl,-rpath,/home/ubuntu/yocto/rpi-build/tmp/work/x86_64-linux/xz-native/5.2.6-r0/recipe-sysroot-native/usr/lib                         -Wl,-rpath,/home/ubuntu/yocto/rpi-build/tmp/work/x86_64-linux/xz-native/5.2.6-r0/recipe-sysroot-native/lib                         -Wl,-O1 -Wl,--allow-shlib-undefined -Wl,--dynamic-linker=/home/ubuntu/yocto/rpi-build/tmp/sysroots-uninative/x86_64-linux/lib/ld-linux-x86-64.so.2 conftest.c  -lpthread >&5
configure:20822: $? = 0
configure:20822: result: yes
configure:21077: checking whether _mm_movemask_epi8 is declared
configure:21077: gcc  -c -isystem/home/ubuntu/yocto/rpi-build/tmp/work/x86_64-linux/xz-native/5.2.6-r0/recipe-sysroot-native/usr/include -O2 -pipe  -isystem/home/ubuntu/yocto/rpi-build/tmp/work/x86_64-linux/xz-native/5.2.6-r0/recipe-sysroot-native/usr/include conftest.c >&5
configure:21077: $? = 0
configure:21077: result: yes
configure:21097: checking for sys/capsicum.h
configure:21097: gcc  -c -isystem/home/ubuntu/yocto/rpi-build/tmp/work/x86_64-linux/xz-native/5.2.6-r0/recipe-sysroot-native/usr/include -O2 -pipe -isystem/home/ubuntu/yocto/rpi-build/tmp/work/x86_64-linux/xz-native/5.2.6-r0/recipe-sysroot-native/usr/include conftest.c >&5
conftest.c:127:10: fatal error: sys/capsicum.h: No such file or directory
  127 | #include <sys/capsicum.h>
      |          ^~~~~~~~~~~~~~~~
compilation terminated.
configure:21097: $? = 1
configure: failed program was:
| /* confdefs.h */
| #define PACKAGE_NAME "XZ Utils"
| #define PACKAGE_TARNAME "xz"
| #define PACKAGE_VERSION "5.2.6"
| #define PACKAGE_STRING "XZ Utils 5.2.6"
| #define PACKAGE_BUGREPORT "lasse.collin@tukaani.org"
| #define PACKAGE_URL "https://tukaani.org/xz/"
| #define NDEBUG 1
| #define HAVE_ENCODER_LZMA1 1
| #define HAVE_ENCODER_LZMA2 1
| #define HAVE_ENCODER_DELTA 1
| #define HAVE_ENCODER_X86 1
| #define HAVE_ENCODER_POWERPC 1
| #define HAVE_ENCODER_IA64 1
| #define HAVE_ENCODER_ARM 1
| #define HAVE_ENCODER_ARMTHUMB 1
| #define HAVE_ENCODER_SPARC 1
| #define HAVE_ENCODERS 1
| #define HAVE_DECODER_LZMA1 1
| #define HAVE_DECODER_LZMA2 1
| #define HAVE_DECODER_DELTA 1
| #define HAVE_DECODER_X86 1
| #define HAVE_DECODER_POWERPC 1
| #define HAVE_DECODER_IA64 1
| #define HAVE_DECODER_ARM 1
| #define HAVE_DECODER_ARMTHUMB 1
| #define HAVE_DECODER_SPARC 1
| #define HAVE_DECODERS 1
| #define HAVE_MF_HC3 1
| #define HAVE_MF_HC4 1
| #define HAVE_MF_BT2 1
| #define HAVE_MF_BT3 1
| #define HAVE_MF_BT4 1
| #define HAVE_CHECK_CRC32 1
| #define HAVE_CHECK_CRC64 1
| #define HAVE_CHECK_SHA256 1
| #define ASSUME_RAM 128
| #define PACKAGE "xz"
| #define VERSION "5.2.6"
| #define HAVE_STDIO_H 1
| #define HAVE_STDLIB_H 1
| #define HAVE_STRING_H 1
| #define HAVE_INTTYPES_H 1
| #define HAVE_STDINT_H 1
| #define HAVE_STRINGS_H 1
| #define HAVE_SYS_STAT_H 1
| #define HAVE_SYS_TYPES_H 1
| #define HAVE_UNISTD_H 1
| #define HAVE_WCHAR_H 1
| #define STDC_HEADERS 1
| #define _ALL_SOURCE 1
| #define _DARWIN_C_SOURCE 1
| #define _GNU_SOURCE 1
| #define _HPUX_ALT_XOPEN_SOCKET_API 1
| #define _NETBSD_SOURCE 1
| #define _OPENBSD_SOURCE 1
| #define _POSIX_PTHREAD_SEMANTICS 1
| #define __STDC_WANT_IEC_60559_ATTRIBS_EXT__ 1
| #define __STDC_WANT_IEC_60559_BFP_EXT__ 1
| #define __STDC_WANT_IEC_60559_DFP_EXT__ 1
| #define __STDC_WANT_IEC_60559_FUNCS_EXT__ 1
| #define __STDC_WANT_IEC_60559_TYPES_EXT__ 1
| #define __STDC_WANT_LIB_EXT2__ 1
| #define __STDC_WANT_MATH_SPEC_FUNCS__ 1
| #define _TANDEM_SOURCE 1
| #define __EXTENSIONS__ 1
| #define HAVE_PTHREAD_PRIO_INHERIT 1
| #define MYTHREAD_POSIX 1
| #define HAVE_CLOCK_GETTIME 1
| #define HAVE_PTHREAD_CONDATTR_SETCLOCK 1
| #define HAVE_DECL_CLOCK_MONOTONIC 1
| #define HAVE_DLFCN_H 1
| #define LT_OBJDIR ".libs/"
| #define HAVE_FCNTL_H 1
| #define HAVE_LIMITS_H 1
| #define HAVE_SYS_TIME_H 1
| #define HAVE_IMMINTRIN_H 1
| #define HAVE__BOOL 1
| #define HAVE_STDBOOL_H 1
| #define HAVE_UINTPTR_T 1
| #define SIZEOF_SIZE_T 8
| #define HAVE_STRUCT_STAT_ST_ATIM_TV_NSEC 1
| #define HAVE_GETOPT_H 1
| #define HAVE_GETOPT_LONG 1
| #define HAVE_FUTIMENS 1
| #define HAVE_POSIX_FADVISE 1
| #define HAVE_DECL_PROGRAM_INVOCATION_NAME 1
| #define HAVE___BUILTIN_BSWAPXX 1
| #define TUKLIB_FAST_UNALIGNED_ACCESS 1
| #define HAVE___BUILTIN_ASSUME_ALIGNED 1
| #define HAVE_SYS_PARAM_H 1
| #define TUKLIB_PHYSMEM_SYSCONF 1
| #define HAVE_SYS_PARAM_H 1
| #define TUKLIB_CPUCORES_SCHED_GETAFFINITY 1
| #define HAVE_MBRTOWC 1
| #define HAVE_WCWIDTH 1
| #define HAVE__MM_MOVEMASK_EPI8 1
| /* end confdefs.h.  */
| #include <stddef.h>
| #ifdef HAVE_STDIO_H
| # include <stdio.h>
| #endif
| #ifdef HAVE_STDLIB_H
| # include <stdlib.h>
| #endif
| #ifdef HAVE_STRING_H
| # include <string.h>
| #endif
| #ifdef HAVE_INTTYPES_H
| # include <inttypes.h>
| #endif
| #ifdef HAVE_STDINT_H
| # include <stdint.h>
| #endif
| #ifdef HAVE_STRINGS_H
| # include <strings.h>
| #endif
| #ifdef HAVE_SYS_TYPES_H
| # include <sys/types.h>
| #endif
| #ifdef HAVE_SYS_STAT_H
| # include <sys/stat.h>
| #endif
| #ifdef HAVE_UNISTD_H
| # include <unistd.h>
| #endif
| #include <sys/capsicum.h>
configure:21097: result: no
configure:21110: checking whether cap_rights_limit is declared
configure:21110: gcc  -c -isystem/home/ubuntu/yocto/rpi-build/tmp/work/x86_64-linux/xz-native/5.2.6-r0/recipe-sysroot-native/usr/include -O2 -pipe  -isystem/home/ubuntu/yocto/rpi-build/tmp/work/x86_64-linux/xz-native/5.2.6-r0/recipe-sysroot-native/usr/include conftest.c >&5
conftest.c:99:10: fatal error: sys/capability.h: No such file or directory
   99 | #include <sys/capability.h>
      |          ^~~~~~~~~~~~~~~~~~
compilation terminated.
configure:21110: $? = 1
configure: failed program was:
| /* confdefs.h */
| #define PACKAGE_NAME "XZ Utils"
| #define PACKAGE_TARNAME "xz"
| #define PACKAGE_VERSION "5.2.6"
| #define PACKAGE_STRING "XZ Utils 5.2.6"
| #define PACKAGE_BUGREPORT "lasse.collin@tukaani.org"
| #define PACKAGE_URL "https://tukaani.org/xz/"
| #define NDEBUG 1
| #define HAVE_ENCODER_LZMA1 1
| #define HAVE_ENCODER_LZMA2 1
| #define HAVE_ENCODER_DELTA 1
| #define HAVE_ENCODER_X86 1
| #define HAVE_ENCODER_POWERPC 1
| #define HAVE_ENCODER_IA64 1
| #define HAVE_ENCODER_ARM 1
| #define HAVE_ENCODER_ARMTHUMB 1
| #define HAVE_ENCODER_SPARC 1
| #define HAVE_ENCODERS 1
| #define HAVE_DECODER_LZMA1 1
| #define HAVE_DECODER_LZMA2 1
| #define HAVE_DECODER_DELTA 1
| #define HAVE_DECODER_X86 1
| #define HAVE_DECODER_POWERPC 1
| #define HAVE_DECODER_IA64 1
| #define HAVE_DECODER_ARM 1
| #define HAVE_DECODER_ARMTHUMB 1
| #define HAVE_DECODER_SPARC 1
| #define HAVE_DECODERS 1
| #define HAVE_MF_HC3 1
| #define HAVE_MF_HC4 1
| #define HAVE_MF_BT2 1
| #define HAVE_MF_BT3 1
| #define HAVE_MF_BT4 1
| #define HAVE_CHECK_CRC32 1
| #define HAVE_CHECK_CRC64 1
| #define HAVE_CHECK_SHA256 1
| #define ASSUME_RAM 128
| #define PACKAGE "xz"
| #define VERSION "5.2.6"
| #define HAVE_STDIO_H 1
| #define HAVE_STDLIB_H 1
| #define HAVE_STRING_H 1
| #define HAVE_INTTYPES_H 1
| #define HAVE_STDINT_H 1
| #define HAVE_STRINGS_H 1
| #define HAVE_SYS_STAT_H 1
| #define HAVE_SYS_TYPES_H 1
| #define HAVE_UNISTD_H 1
| #define HAVE_WCHAR_H 1
| #define STDC_HEADERS 1
| #define _ALL_SOURCE 1
| #define _DARWIN_C_SOURCE 1
| #define _GNU_SOURCE 1
| #define _HPUX_ALT_XOPEN_SOCKET_API 1
| #define _NETBSD_SOURCE 1
| #define _OPENBSD_SOURCE 1
| #define _POSIX_PTHREAD_SEMANTICS 1
| #define __STDC_WANT_IEC_60559_ATTRIBS_EXT__ 1
| #define __STDC_WANT_IEC_60559_BFP_EXT__ 1
| #define __STDC_WANT_IEC_60559_DFP_EXT__ 1
| #define __STDC_WANT_IEC_60559_FUNCS_EXT__ 1
| #define __STDC_WANT_IEC_60559_TYPES_EXT__ 1
| #define __STDC_WANT_LIB_EXT2__ 1
| #define __STDC_WANT_MATH_SPEC_FUNCS__ 1
| #define _TANDEM_SOURCE 1
| #define __EXTENSIONS__ 1
| #define HAVE_PTHREAD_PRIO_INHERIT 1
| #define MYTHREAD_POSIX 1
| #define HAVE_CLOCK_GETTIME 1
| #define HAVE_PTHREAD_CONDATTR_SETCLOCK 1
| #define HAVE_DECL_CLOCK_MONOTONIC 1
| #define HAVE_DLFCN_H 1
| #define LT_OBJDIR ".libs/"
| #define HAVE_FCNTL_H 1
| #define HAVE_LIMITS_H 1
| #define HAVE_SYS_TIME_H 1
| #define HAVE_IMMINTRIN_H 1
| #define HAVE__BOOL 1
| #define HAVE_STDBOOL_H 1
| #define HAVE_UINTPTR_T 1
| #define SIZEOF_SIZE_T 8
| #define HAVE_STRUCT_STAT_ST_ATIM_TV_NSEC 1
| #define HAVE_GETOPT_H 1
| #define HAVE_GETOPT_LONG 1
| #define HAVE_FUTIMENS 1
| #define HAVE_POSIX_FADVISE 1
| #define HAVE_DECL_PROGRAM_INVOCATION_NAME 1
| #define HAVE___BUILTIN_BSWAPXX 1
| #define TUKLIB_FAST_UNALIGNED_ACCESS 1
| #define HAVE___BUILTIN_ASSUME_ALIGNED 1
| #define HAVE_SYS_PARAM_H 1
| #define TUKLIB_PHYSMEM_SYSCONF 1
| #define HAVE_SYS_PARAM_H 1
| #define TUKLIB_CPUCORES_SCHED_GETAFFINITY 1
| #define HAVE_MBRTOWC 1
| #define HAVE_WCWIDTH 1
| #define HAVE__MM_MOVEMASK_EPI8 1
| /* end confdefs.h.  */
| #include <sys/capability.h>
| 
| int
| main (void)
| {
| #ifndef cap_rights_limit
| #ifdef __cplusplus
|   (void) cap_rights_limit;
| #else
|   (void) cap_rights_limit;
| #endif
| #endif
| 
|   ;
|   return 0;
| }
configure:21110: result: no
configure:21238: checking whether the -Werror option is usable
configure:21257: gcc  -c -isystem/home/ubuntu/yocto/rpi-build/tmp/work/x86_64-linux/xz-native/5.2.6-r0/recipe-sysroot-native/usr/include -O2 -pipe -Werror -isystem/home/ubuntu/yocto/rpi-build/tmp/work/x86_64-linux/xz-native/5.2.6-r0/recipe-sysroot-native/usr/include conftest.c >&5
configure:21257: $? = 0
configure:21267: result: yes
configure:21269: checking for simple visibility declarations
configure:21296: gcc  -c -isystem/home/ubuntu/yocto/rpi-build/tmp/work/x86_64-linux/xz-native/5.2.6-r0/recipe-sysroot-native/usr/include -O2 -pipe -fvisibility=hidden -Werror -isystem/home/ubuntu/yocto/rpi-build/tmp/work/x86_64-linux/xz-native/5.2.6-r0/recipe-sysroot-native/usr/include conftest.c >&5
configure:21296: $? = 0
configure:21306: result: yes
configure:21359: checking if gcc  accepts -Wall
configure:21367: gcc  -c -isystem/home/ubuntu/yocto/rpi-build/tmp/work/x86_64-linux/xz-native/5.2.6-r0/recipe-sysroot-native/usr/include -O2 -pipe -Wall -Werror -isystem/home/ubuntu/yocto/rpi-build/tmp/work/x86_64-linux/xz-native/5.2.6-r0/recipe-sysroot-native/usr/include conftest.c >&5
configure:21367: $? = 0
configure:21371: result: yes
configure:21359: checking if gcc  accepts -Wextra
configure:21367: gcc  -c -isystem/home/ubuntu/yocto/rpi-build/tmp/work/x86_64-linux/xz-native/5.2.6-r0/recipe-sysroot-native/usr/include -O2 -pipe -Wextra -Werror -isystem/home/ubuntu/yocto/rpi-build/tmp/work/x86_64-linux/xz-native/5.2.6-r0/recipe-sysroot-native/usr/include conftest.c >&5
configure:21367: $? = 0
configure:21371: result: yes
configure:21359: checking if gcc  accepts -Wvla
configure:21367: gcc  -c -isystem/home/ubuntu/yocto/rpi-build/tmp/work/x86_64-linux/xz-native/5.2.6-r0/recipe-sysroot-native/usr/include -O2 -pipe -Wvla -Werror -isystem/home/ubuntu/yocto/rpi-build/tmp/work/x86_64-linux/xz-native/5.2.6-r0/recipe-sysroot-native/usr/include conftest.c >&5
configure:21367: $? = 0
configure:21371: result: yes
configure:21359: checking if gcc  accepts -Wformat=2
configure:21367: gcc  -c -isystem/home/ubuntu/yocto/rpi-build/tmp/work/x86_64-linux/xz-native/5.2.6-r0/recipe-sysroot-native/usr/include -O2 -pipe -Wformat=2 -Werror -isystem/home/ubuntu/yocto/rpi-build/tmp/work/x86_64-linux/xz-native/5.2.6-r0/recipe-sysroot-native/usr/include conftest.c >&5
configure:21367: $? = 0
configure:21371: result: yes
configure:21359: checking if gcc  accepts -Winit-self
configure:21367: gcc  -c -isystem/home/ubuntu/yocto/rpi-build/tmp/work/x86_64-linux/xz-native/5.2.6-r0/recipe-sysroot-native/usr/include -O2 -pipe -Winit-self -Werror -isystem/home/ubuntu/yocto/rpi-build/tmp/work/x86_64-linux/xz-native/5.2.6-r0/recipe-sysroot-native/usr/include conftest.c >&5
configure:21367: $? = 0
configure:21371: result: yes
configure:21359: checking if gcc  accepts -Wmissing-include-dirs
configure:21367: gcc  -c -isystem/home/ubuntu/yocto/rpi-build/tmp/work/x86_64-linux/xz-native/5.2.6-r0/recipe-sysroot-native/usr/include -O2 -pipe -Wmissing-include-dirs -Werror -isystem/home/ubuntu/yocto/rpi-build/tmp/work/x86_64-linux/xz-native/5.2.6-r0/recipe-sysroot-native/usr/include conftest.c >&5
configure:21367: $? = 0
configure:21371: result: yes
configure:21359: checking if gcc  accepts -Wstrict-aliasing
configure:21367: gcc  -c -isystem/home/ubuntu/yocto/rpi-build/tmp/work/x86_64-linux/xz-native/5.2.6-r0/recipe-sysroot-native/usr/include -O2 -pipe -Wstrict-aliasing -Werror -isystem/home/ubuntu/yocto/rpi-build/tmp/work/x86_64-linux/xz-native/5.2.6-r0/recipe-sysroot-native/usr/include conftest.c >&5
configure:21367: $? = 0
configure:21371: result: yes
configure:21359: checking if gcc  accepts -Wfloat-equal
configure:21367: gcc  -c -isystem/home/ubuntu/yocto/rpi-build/tmp/work/x86_64-linux/xz-native/5.2.6-r0/recipe-sysroot-native/usr/include -O2 -pipe -Wfloat-equal -Werror -isystem/home/ubuntu/yocto/rpi-build/tmp/work/x86_64-linux/xz-native/5.2.6-r0/recipe-sysroot-native/usr/include conftest.c >&5
configure:21367: $? = 0
configure:21371: result: yes
configure:21359: checking if gcc  accepts -Wundef
configure:21367: gcc  -c -isystem/home/ubuntu/yocto/rpi-build/tmp/work/x86_64-linux/xz-native/5.2.6-r0/recipe-sysroot-native/usr/include -O2 -pipe -Wundef -Werror -isystem/home/ubuntu/yocto/rpi-build/tmp/work/x86_64-linux/xz-native/5.2.6-r0/recipe-sysroot-native/usr/include conftest.c >&5
configure:21367: $? = 0
configure:21371: result: yes
configure:21359: checking if gcc  accepts -Wshadow
configure:21367: gcc  -c -isystem/home/ubuntu/yocto/rpi-build/tmp/work/x86_64-linux/xz-native/5.2.6-r0/recipe-sysroot-native/usr/include -O2 -pipe -Wshadow -Werror -isystem/home/ubuntu/yocto/rpi-build/tmp/work/x86_64-linux/xz-native/5.2.6-r0/recipe-sysroot-native/usr/include conftest.c >&5
configure:21367: $? = 0
configure:21371: result: yes
configure:21359: checking if gcc  accepts -Wpointer-arith
configure:21367: gcc  -c -isystem/home/ubuntu/yocto/rpi-build/tmp/work/x86_64-linux/xz-native/5.2.6-r0/recipe-sysroot-native/usr/include -O2 -pipe -Wpointer-arith -Werror -isystem/home/ubuntu/yocto/rpi-build/tmp/work/x86_64-linux/xz-native/5.2.6-r0/recipe-sysroot-native/usr/include conftest.c >&5
configure:21367: $? = 0
configure:21371: result: yes
configure:21359: checking if gcc  accepts -Wbad-function-cast
configure:21367: gcc  -c -isystem/home/ubuntu/yocto/rpi-build/tmp/work/x86_64-linux/xz-native/5.2.6-r0/recipe-sysroot-native/usr/include -O2 -pipe -Wbad-function-cast -Werror -isystem/home/ubuntu/yocto/rpi-build/tmp/work/x86_64-linux/xz-native/5.2.6-r0/recipe-sysroot-native/usr/include conftest.c >&5
configure:21367: $? = 0
configure:21371: result: yes
configure:21359: checking if gcc  accepts -Wwrite-strings
configure:21367: gcc  -c -isystem/home/ubuntu/yocto/rpi-build/tmp/work/x86_64-linux/xz-native/5.2.6-r0/recipe-sysroot-native/usr/include -O2 -pipe -Wwrite-strings -Werror -isystem/home/ubuntu/yocto/rpi-build/tmp/work/x86_64-linux/xz-native/5.2.6-r0/recipe-sysroot-native/usr/include conftest.c >&5
configure:21367: $? = 0
configure:21371: result: yes
configure:21359: checking if gcc  accepts -Wlogical-op
configure:21367: gcc  -c -isystem/home/ubuntu/yocto/rpi-build/tmp/work/x86_64-linux/xz-native/5.2.6-r0/recipe-sysroot-native/usr/include -O2 -pipe -Wlogical-op -Werror -isystem/home/ubuntu/yocto/rpi-build/tmp/work/x86_64-linux/xz-native/5.2.6-r0/recipe-sysroot-native/usr/include conftest.c >&5
configure:21367: $? = 0
configure:21371: result: yes
configure:21359: checking if gcc  accepts -Waggregate-return
configure:21367: gcc  -c -isystem/home/ubuntu/yocto/rpi-build/tmp/work/x86_64-linux/xz-native/5.2.6-r0/recipe-sysroot-native/usr/include -O2 -pipe -Waggregate-return -Werror -isystem/home/ubuntu/yocto/rpi-build/tmp/work/x86_64-linux/xz-native/5.2.6-r0/recipe-sysroot-native/usr/include conftest.c >&5
configure:21367: $? = 0
configure:21371: result: yes
configure:21359: checking if gcc  accepts -Wstrict-prototypes
configure:21367: gcc  -c -isystem/home/ubuntu/yocto/rpi-build/tmp/work/x86_64-linux/xz-native/5.2.6-r0/recipe-sysroot-native/usr/include -O2 -pipe -Wstrict-prototypes -Werror -isystem/home/ubuntu/yocto/rpi-build/tmp/work/x86_64-linux/xz-native/5.2.6-r0/recipe-sysroot-native/usr/include conftest.c >&5
configure:21367: $? = 0
configure:21371: result: yes
configure:21359: checking if gcc  accepts -Wold-style-definition
configure:21367: gcc  -c -isystem/home/ubuntu/yocto/rpi-build/tmp/work/x86_64-linux/xz-native/5.2.6-r0/recipe-sysroot-native/usr/include -O2 -pipe -Wold-style-definition -Werror -isystem/home/ubuntu/yocto/rpi-build/tmp/work/x86_64-linux/xz-native/5.2.6-r0/recipe-sysroot-native/usr/include conftest.c >&5
configure:21367: $? = 0
configure:21371: result: yes
configure:21359: checking if gcc  accepts -Wmissing-prototypes
configure:21367: gcc  -c -isystem/home/ubuntu/yocto/rpi-build/tmp/work/x86_64-linux/xz-native/5.2.6-r0/recipe-sysroot-native/usr/include -O2 -pipe -Wmissing-prototypes -Werror -isystem/home/ubuntu/yocto/rpi-build/tmp/work/x86_64-linux/xz-native/5.2.6-r0/recipe-sysroot-native/usr/include conftest.c >&5
configure:21367: $? = 0
configure:21371: result: yes
configure:21359: checking if gcc  accepts -Wmissing-declarations
configure:21367: gcc  -c -isystem/home/ubuntu/yocto/rpi-build/tmp/work/x86_64-linux/xz-native/5.2.6-r0/recipe-sysroot-native/usr/include -O2 -pipe -Wmissing-declarations -Werror -isystem/home/ubuntu/yocto/rpi-build/tmp/work/x86_64-linux/xz-native/5.2.6-r0/recipe-sysroot-native/usr/include conftest.c >&5
configure:21367: $? = 0
configure:21371: result: yes
configure:21359: checking if gcc  accepts -Wmissing-noreturn
configure:21367: gcc  -c -isystem/home/ubuntu/yocto/rpi-build/tmp/work/x86_64-linux/xz-native/5.2.6-r0/recipe-sysroot-native/usr/include -O2 -pipe -Wmissing-noreturn -Werror -isystem/home/ubuntu/yocto/rpi-build/tmp/work/x86_64-linux/xz-native/5.2.6-r0/recipe-sysroot-native/usr/include conftest.c >&5
configure:21367: $? = 0
configure:21371: result: yes
configure:21359: checking if gcc  accepts -Wredundant-decls
configure:21367: gcc  -c -isystem/home/ubuntu/yocto/rpi-build/tmp/work/x86_64-linux/xz-native/5.2.6-r0/recipe-sysroot-native/usr/include -O2 -pipe -Wredundant-decls -Werror -isystem/home/ubuntu/yocto/rpi-build/tmp/work/x86_64-linux/xz-native/5.2.6-r0/recipe-sysroot-native/usr/include conftest.c >&5
configure:21367: $? = 0
configure:21371: result: yes
configure:21776: creating ./config.status

## ---------------------- ##
## Running config.status. ##
## ---------------------- ##

This file was extended by XZ Utils config.status 5.2.6, which was
generated by GNU Autoconf 2.71.  Invocation command line was

  CONFIG_FILES    = 
  CONFIG_HEADERS  = 
  CONFIG_LINKS    = 
  CONFIG_COMMANDS = 
  $ ./config.status 

on DESKTOP-CSPIOE3

config.status:1383: creating Doxyfile
config.status:1383: creating Makefile
config.status:1383: creating po/Makefile.in
config.status:1383: creating lib/Makefile
config.status:1383: creating src/Makefile
config.status:1383: creating src/liblzma/Makefile
config.status:1383: creating src/liblzma/api/Makefile
config.status:1383: creating src/xz/Makefile
config.status:1383: creating src/xzdec/Makefile
config.status:1383: creating src/lzmainfo/Makefile
config.status:1383: creating src/scripts/Makefile
config.status:1383: creating tests/Makefile
config.status:1383: creating debug/Makefile
config.status:1383: creating src/scripts/xzdiff
config.status:1383: creating src/scripts/xzgrep
config.status:1383: creating src/scripts/xzmore
config.status:1383: creating src/scripts/xzless
config.status:1383: creating config.h
config.status:1597: executing depfiles commands
config.status:1597: executing libtool commands
config.status:1597: executing po-directories commands

## ---------------- ##
## Cache variables. ##
## ---------------- ##

ac_cv___va_copy=yes
ac_cv_af_unix_large_dgram=yes
ac_cv_alignof_char=1
ac_cv_alignof_dbind_pointer=8
ac_cv_alignof_dbind_struct=1
ac_cv_alignof_dbus_bool_t=4
ac_cv_alignof_dbus_int16_t=2
ac_cv_alignof_dbus_int32_t=4
ac_cv_alignof_dbus_int64_t=8
ac_cv_alignof_double=8
ac_cv_alignof_guint32=4
ac_cv_alignof_guint64=8
ac_cv_alignof_unsigned_long=8
ac_cv_buggy_getaddrinfo=no
ac_cv_build=x86_64-pc-linux-gnu
ac_cv_c_bigendian=no
ac_cv_c_compiler_gnu=yes
ac_cv_c_endian=little
ac_cv_c_int32_t=yes
ac_cv_c_int64_t=yes
ac_cv_c_littleendian=yes
ac_cv_c_uint16_t=yes
ac_cv_c_uint32_t=yes
ac_cv_c_uint64_t=yes
ac_cv_c_uint8_t=yes
ac_cv_c_undeclared_builtin_options='none needed'
ac_cv_check_sjlj=ssjlj
ac_cv_conv_longlong_to_float=yes
ac_cv_env_CCASFLAGS_set=
ac_cv_env_CCASFLAGS_value=
ac_cv_env_CCAS_set=
ac_cv_env_CCAS_value=
ac_cv_env_CC_set=set
ac_cv_env_CC_value='gcc '
ac_cv_env_CFLAGS_set=set
ac_cv_env_CFLAGS_value='-isystem/home/ubuntu/yocto/rpi-build/tmp/work/x86_64-linux/xz-native/5.2.6-r0/recipe-sysroot-native/usr/include -O2 -pipe'
ac_cv_env_CPPFLAGS_set=set
ac_cv_env_CPPFLAGS_value=-isystem/home/ubuntu/yocto/rpi-build/tmp/work/x86_64-linux/xz-native/5.2.6-r0/recipe-sysroot-native/usr/include
ac_cv_env_CPP_set=set
ac_cv_env_CPP_value='gcc  -E'
ac_cv_env_LDFLAGS_set=set
ac_cv_env_LDFLAGS_value='-L/home/ubuntu/yocto/rpi-build/tmp/work/x86_64-linux/xz-native/5.2.6-r0/recipe-sysroot-native/usr/lib                         -L/home/ubuntu/yocto/rpi-build/tmp/work/x86_64-linux/xz-native/5.2.6-r0/recipe-sysroot-native/lib                         -Wl,--enable-new-dtags                         -Wl,-rpath-link,/home/ubuntu/yocto/rpi-build/tmp/work/x86_64-linux/xz-native/5.2.6-r0/recipe-sysroot-native/usr/lib                         -Wl,-rpath-link,/home/ubuntu/yocto/rpi-build/tmp/work/x86_64-linux/xz-native/5.2.6-r0/recipe-sysroot-native/lib                         -Wl,-rpath,/home/ubuntu/yocto/rpi-build/tmp/work/x86_64-linux/xz-native/5.2.6-r0/recipe-sysroot-native/usr/lib                         -Wl,-rpath,/home/ubuntu/yocto/rpi-build/tmp/work/x86_64-linux/xz-native/5.2.6-r0/recipe-sysroot-native/lib                         -Wl,-O1 -Wl,--allow-shlib-undefined -Wl,--dynamic-linker=/home/ubuntu/yocto/rpi-build/tmp/sysroots-uninative/x86_64-linux/lib/ld-linux-x86-64.so.2'
ac_cv_env_LIBS_set=
ac_cv_env_LIBS_value=
ac_cv_env_LT_SYS_LIBRARY_PATH_set=
ac_cv_env_LT_SYS_LIBRARY_PATH_value=
ac_cv_env_build_alias_set=set
ac_cv_env_build_alias_value=x86_64-linux
ac_cv_env_host_alias_set=set
ac_cv_env_host_alias_value=x86_64-linux
ac_cv_env_target_alias_set=set
ac_cv_env_target_alias_value=x86_64-linux
ac_cv_epoll_works=yes
ac_cv_file__dev_random=yes
ac_cv_file__dev_zero=yes
ac_cv_func___ashldi3=no
ac_cv_func___ashrdi3=no
ac_cv_func___bswapdi2=no
ac_cv_func___bswapsi2=no
ac_cv_func___lshrdi3=no
ac_cv_func___trampoline_setup=no
ac_cv_func___ucmpdi2=no
ac_cv_func___va_copy=yes
ac_cv_func__restgpr_14_x=no
ac_cv_func_calloc_0_nonnull=yes
ac_cv_func_chown_works=yes
ac_cv_func_clock_gettime=yes
ac_cv_func_futimens=yes
ac_cv_func_getaddrinfo=yes
ac_cv_func_getgrgid_r=yes
ac_cv_func_getgroups_works=yes
ac_cv_func_getopt_long=yes
ac_cv_func_getpagesize=yes
ac_cv_func_getpgrp_void=yes
ac_cv_func_getpwuid_r=yes
ac_cv_func_lstat_dereferences_slashed_symlink=yes
ac_cv_func_lstat_empty_string_bug=no
ac_cv_func_malloc_0_nonnull=yes
ac_cv_func_malloc_works=yes
ac_cv_func_mbrtowc=yes
ac_cv_func_memcmp_working=yes
ac_cv_func_memcpy=yes
ac_cv_func_mmap_fixed_mapped=yes
ac_cv_func_posix_fadvise=yes
ac_cv_func_posix_getgrgid_r=yes
ac_cv_func_posix_getpwnam_r=yes
ac_cv_func_posix_getpwuid_r=yes
ac_cv_func_printf_unix98=yes
ac_cv_func_pthread_attr_getstack=yes
ac_cv_func_pthread_condattr_setclock=yes
ac_cv_func_pthread_key_delete=yes
ac_cv_func_realloc_0_nonnull=yes
ac_cv_func_realloc_works=yes
ac_cv_func_setgrent_void=yes
ac_cv_func_setpgrp_void=yes
ac_cv_func_setresuid=yes
ac_cv_func_setvbuf_reversed=no
ac_cv_func_snprintf_c99=yes
ac_cv_func_stat_empty_string_bug=no
ac_cv_func_stat_ignores_trailing_slash=no
ac_cv_func_strerror=yes
ac_cv_func_strtod=yes
ac_cv_func_utime_null=yes
ac_cv_func_va_copy=yes
ac_cv_func_vsnprintf_c99=yes
ac_cv_func_wcwidth=yes
ac_cv_have_abstract_sockets=yes
ac_cv_have_decl_CLOCK_MONOTONIC=yes
ac_cv_have_decl__mm_movemask_epi8=yes
ac_cv_have_decl_cap_rights_limit=no
ac_cv_have_decl_optreset=no
ac_cv_have_decl_program_invocation_name=yes
ac_cv_have_decl_sys_siglist=no
ac_cv_have_long_long_format=yes
ac_cv_header_dlfcn_h=yes
ac_cv_header_fcntl_h=yes
ac_cv_header_getopt_h=yes
ac_cv_header_immintrin_h=yes
ac_cv_header_inttypes_h=yes
ac_cv_header_limits_h=yes
ac_cv_header_minix_config_h=no
ac_cv_header_stdbool_h=yes
ac_cv_header_stdint_h=yes
ac_cv_header_stdio_h=yes
ac_cv_header_stdlib_h=yes
ac_cv_header_string_h=yes
ac_cv_header_strings_h=yes
ac_cv_header_sys_capsicum_h=no
ac_cv_header_sys_param_h=yes
ac_cv_header_sys_stat_h=yes
ac_cv_header_sys_time_h=yes
ac_cv_header_sys_types_h=yes
ac_cv_header_unistd_h=yes
ac_cv_header_wchar_h=yes
ac_cv_host=x86_64-pc-linux-gnu
ac_cv_lib_m_sin=yes
ac_cv_libnet_endianess=lil
ac_cv_linux_vers=2
ac_cv_member_struct_stat_st_atim_st__tim_tv_nsec=no
ac_cv_member_struct_stat_st_atim_tv_nsec=yes
ac_cv_member_struct_stat_st_atimensec=no
ac_cv_member_struct_stat_st_atimespec_tv_nsec=no
ac_cv_member_struct_stat_st_uatime=no
ac_cv_need_trio=no
ac_cv_o_nonblock_inherited=no
ac_cv_objext=o
ac_cv_path_EGREP='/home/ubuntu/yocto/rpi-build/tmp/hosttools/grep -E'
ac_cv_path_FGREP='/home/ubuntu/yocto/rpi-build/tmp/hosttools/grep -F'
ac_cv_path_GMSGFMT=:
ac_cv_path_GREP=/home/ubuntu/yocto/rpi-build/tmp/hosttools/grep
ac_cv_path_MSGFMT=:
ac_cv_path_MSGMERGE=:
ac_cv_path_SED=sed
ac_cv_path_XGETTEXT=:
ac_cv_path_install='/home/ubuntu/yocto/rpi-build/tmp/hosttools/install -c'
ac_cv_path_lt_DD=/home/ubuntu/yocto/rpi-build/tmp/hosttools/dd
ac_cv_path_mkdir=/home/ubuntu/yocto/rpi-build/tmp/hosttools/mkdir
ac_cv_prog_AR=ar
ac_cv_prog_AWK=gawk
ac_cv_prog_CC='gcc '
ac_cv_prog_CPP='gcc  -E'
ac_cv_prog_OBJDUMP=objdump
ac_cv_prog_RANLIB='ranlib -D'
ac_cv_prog_STRIP=strip
ac_cv_prog_ac_ct_FILECMD=file
ac_cv_prog_cc_c11=
ac_cv_prog_cc_g=yes
ac_cv_prog_cc_stdc=
ac_cv_prog_make_make_set=yes
ac_cv_safe_to_define___extensions__=yes
ac_cv_search_clock_gettime='none required'
ac_cv_should_define__xopen_source=no
ac_cv_sizeof___int64=0
ac_cv_sizeof_char=1
ac_cv_sizeof_dev_t=8
ac_cv_sizeof_gid_t=4
ac_cv_sizeof_int=4
ac_cv_sizeof_long=8
ac_cv_sizeof_long_double=16
ac_cv_sizeof_long_int=8
ac_cv_sizeof_long_long=8
ac_cv_sizeof_pid_t=4
ac_cv_sizeof_short=2
ac_cv_sizeof_short_int=2
ac_cv_sizeof_size_t=8
ac_cv_sizeof_uid_t=4
ac_cv_sizeof_unsigned_int=4
ac_cv_sizeof_unsigned_long=8
ac_cv_sizeof_unsigned_short=2
ac_cv_sizeof_void_p=8
ac_cv_strerror_r_SUSv3=no
ac_cv_sys_file_offset_bits=no
ac_cv_sys_largefile_CC=no
ac_cv_sys_restartable_syscalls=yes
ac_cv_type__Bool=yes
ac_cv_type_uid_t='{ac_cv_type_uid_t=yes}'
ac_cv_type_uintptr_t=yes
ac_cv_va_copy=yes
ac_cv_va_val_copy=no
acl_cv_hardcode_direct=no
acl_cv_hardcode_libdir_flag_spec='${wl}-rpath ${wl}$libdir'
acl_cv_hardcode_libdir_separator=
acl_cv_hardcode_minus_L=no
acl_cv_libdirstems=lib,lib,lib64
acl_cv_libext=a
acl_cv_libname_spec='lib$name'
acl_cv_library_names_spec='$libname$shrext'
acl_cv_prog_gnu_ld=yes
acl_cv_rpath=done
acl_cv_shlibext=so
acl_cv_wl=-Wl,
am_cv_CCAS_dependencies_compiler_type=none
am_cv_CC_dependencies_compiler_type=none
am_cv_func_iconv_works=yes
am_cv_func_working_getline=yes
am_cv_make_support_nested_variables=yes
am_cv_prog_cc_c_o=yes
am_cv_scanf_lld=yes
apr_cv_process_shared_works=no
apr_cv_tcp_nodelay_with_cork=yes
as_cv_unaligned_access=yes
ax_cv_PTHREAD_CLANG=no
ax_cv_PTHREAD_JOINABLE_ATTR=PTHREAD_CREATE_JOINABLE
ax_cv_PTHREAD_PRIO_INHERIT=yes
ax_cv_PTHREAD_SPECIAL_FLAGS=no
bash_cv_dup2_broken=no
bash_cv_func_sigsetjmp=present
bash_cv_func_strcoll_broken=no
bash_cv_getcwd_calls_popen=no
bash_cv_getcwd_malloc=yes
bash_cv_getenv_redef=yes
bash_cv_have_mbstate_t=yes
bash_cv_job_control_missing=present
bash_cv_must_reinstall_sighandlers=no
bash_cv_opendir_not_robust=no
bash_cv_pgrp_pipe=no
bash_cv_printf_a_format=yes
bash_cv_sys_named_pipes=present
bash_cv_sys_siglist=no
bash_cv_type_rlimit=rlim_t
bash_cv_ulimit_maxfds=yes
bash_cv_under_sys_siglist=no
bash_cv_unusable_rtsigs=no
cvs_cv_func_printf_ptr=yes
db_cv_align_t='unsigned long long'
db_cv_alignp_t='unsigned long long'
db_cv_fcntl_f_setfd=yes
db_cv_path_ar=/usr/bin/ar
db_cv_path_chmod=/bin/chmod
db_cv_path_cp=/bin/cp
db_cv_path_ln=/bin/ln
db_cv_path_mkdir=/bin/mkdir
db_cv_path_ranlib=/usr/bin/ranlib
db_cv_path_rm=/bin/rm
db_cv_path_sh=/bin/sh
db_cv_path_strip=/usr/bin/strip
db_cv_sprintf_count=yes
fu_cv_sys_stat_statfs2_bsize=yes
gl_cv_cc_vis_werror=yes
gl_cv_cc_visibility=yes
gl_cv_elf=yes
gl_cv_func_btowc_eof=yes
gl_cv_func_fstatat_zero_flag=yes
gl_cv_func_getcwd_abort_bug=no
gl_cv_func_getcwd_null=yes
gl_cv_func_getcwd_path_max=yes
gl_cv_func_link_follows_symlink=no
gl_cv_func_mbrtowc_incomplete_state=yes
gl_cv_func_mbrtowc_nul_retval=yes
gl_cv_func_mbrtowc_null_arg=yes
gl_cv_func_mbrtowc_retval=yes
gl_cv_func_mbrtowc_sanitycheck=yes
gl_cv_func_nanosleep='no (mishandles large arguments)'
gl_cv_func_sleep_works=yes
gl_cv_func_unlink_busy_text=yes
gl_cv_func_wcrtomb_retval=yes
gl_cv_func_wctob_works=yes
gl_cv_func_working_mkstemp=yes
gl_cv_func_working_mktime=yes
gl_cv_func_working_utimes=yes
gl_cv_have_proc_uptime=yes
gl_cv_header_working_fcntl_h=yes
gl_cv_host_cpu_c_abi_32bit=no
gl_cv_pipes_are_fifos='yes (1)'
gl_cv_posix_shell=/bin/sh
glib_cv___va_copy=yes
glib_cv_compliant_posix_memalign=1
glib_cv_has__inline=yes
glib_cv_has__inline__=yes
glib_cv_hasinline=yes
glib_cv_have_qsort_r=yes
glib_cv_long_long_format=ll
glib_cv_rtldglobal_broken=yes
glib_cv_sane_realloc=yes
glib_cv_sizeof_gmutex=40
glib_cv_sizeof_intmax_t=8
glib_cv_sizeof_ptrdiff_t=8
glib_cv_sizeof_size_t=8
glib_cv_sizeof_system_thread=8
glib_cv_stack_grows=no
glib_cv_strlcpy=no
glib_cv_sys_pthread_cond_timedwait_posix=yes
glib_cv_sys_pthread_getspecific_posix=yes
glib_cv_sys_pthread_mutex_trylock_posix=yes
glib_cv_uscore=no
glib_cv_va_copy=yes
glib_cv_va_val_copy=no
gt_cv_func_CFLocaleCopyPreferredLanguages=no
gt_cv_func_CFPreferencesCopyAppValue=no
gt_cv_locale_fr=fr_FR
hw_cv_func_snprintf_c99=yes
hw_cv_func_vsnprintf_c99=yes
lf_cv_sane_realloc=yes
lftp_cv_va_val_copy=no
lt_cv_ar_at_file=@
lt_cv_archive_cmds_need_lc=no
lt_cv_deplibs_check_method=pass_all
lt_cv_file_magic_cmd='$MAGIC_CMD'
lt_cv_file_magic_test_file=
lt_cv_ld_reload_flag=-r
lt_cv_nm_interface='BSD nm'
lt_cv_objdir=.libs
lt_cv_path_LD='ld '
lt_cv_path_NM=nm
lt_cv_path_mainfest_tool=no
lt_cv_prog_compiler_c_o=yes
lt_cv_prog_compiler_c_o_RC=yes
lt_cv_prog_compiler_pic='-fPIC -DPIC'
lt_cv_prog_compiler_pic_works=yes
lt_cv_prog_compiler_rtti_exceptions=no
lt_cv_prog_compiler_static_works=yes
lt_cv_prog_gnu_ld=yes
lt_cv_sharedlib_from_linklib_cmd='printf %s\n'
lt_cv_shlibpath_overrides_runpath=yes
lt_cv_sys_global_symbol_pipe='sed -n -e '\''s/^.*[	 ]\([ABCDGIRSTW][ABCDGIRSTW]*\)[	 ][	 ]*\([_A-Za-z][_A-Za-z0-9]*\)$/\1 \2 \2/p'\'' | sed '\''/ __gnu_lto/d'\'''
lt_cv_sys_global_symbol_to_c_name_address='sed -n -e '\''s/^: \(.*\) .*$/  {"\1", (void *) 0},/p'\'' -e '\''s/^[ABCDGIRSTW][ABCDGIRSTW]* .* \(.*\)$/  {"\1", (void *) \&\1},/p'\'''
lt_cv_sys_global_symbol_to_c_name_address_lib_prefix='sed -n -e '\''s/^: \(.*\) .*$/  {"\1", (void *) 0},/p'\'' -e '\''s/^[ABCDGIRSTW][ABCDGIRSTW]* .* \(lib.*\)$/  {"\1", (void *) \&\1},/p'\'' -e '\''s/^[ABCDGIRSTW][ABCDGIRSTW]* .* \(.*\)$/  {"lib\1", (void *) \&\1},/p'\'''
lt_cv_sys_global_symbol_to_cdecl='sed -n -e '\''s/^T .* \(.*\)$/extern int \1();/p'\'' -e '\''s/^[ABCDGIRSTW][ABCDGIRSTW]* .* \(.*\)$/extern char \1;/p'\'''
lt_cv_sys_global_symbol_to_import=
lt_cv_sys_lib_dlsearch_path_spec='/home/ubuntu/yocto/rpi-build/tmp/work/x86_64-linux/xz-native/5.2.6-r0/recipe-sysroot-native/usr/lib /home/ubuntu/yocto/rpi-build/tmp/work/x86_64-linux/xz-native/5.2.6-r0/recipe-sysroot-native/usr/lib /lib /lib64 /usr/lib /usr/lib64'
lt_cv_sys_max_cmd_len=1572864
lt_cv_to_host_file_cmd=func_convert_file_noop
lt_cv_to_tool_file_cmd=func_convert_file_noop
lt_cv_truncate_bin='/home/ubuntu/yocto/rpi-build/tmp/hosttools/dd bs=4096 count=1'
mr_cv_target_elf=yes
nano_cv_func_regexec_segv_emptystr=no
nfsd_cv_broken_setfsuid=0
nfsd_cv_bsd_signals=yes
nfsd_cv_func_statfs=statfs2_bsize
rsync_cv_HAVE_C99_VSNPRINTF=yes
samba_cv_HAVE_IFACE_AIX=no
samba_cv_HAVE_IFACE_IFCONF=yes
samba_cv_HAVE_IFACE_IFREQ=yes
samba_cv_HAVE_IRIX_SPECIFIC_CAPABILITIES=no
samba_cv_HAVE_VA_COPY=yes
screen_cv_sys_bcopy_overlap=no
screen_cv_sys_fifo_broken_impl=yes
screen_cv_sys_fifo_usable=yes
screen_cv_sys_memcpy_overlap=no
screen_cv_sys_memmove_overlap=no
screen_cv_sys_select_broken_retval=no
screen_cv_sys_sockets_nofs=no
screen_cv_sys_sockets_usable=yes
screen_cv_sys_terminfo_used=yes
shadow_cv_logdir=/home/ubuntu/yocto/rpi-build/tmp/work/x86_64-linux/xz-native/5.2.6-r0/recipe-sysroot-native/var/log
shadow_cv_maildir=/home/ubuntu/yocto/rpi-build/tmp/work/x86_64-linux/xz-native/5.2.6-r0/recipe-sysroot-native/var/spool/mail
shadow_cv_mailfile=Mailbox
shadow_cv_passwd_dir=/home/ubuntu/yocto/rpi-build/tmp/work/x86_64-linux/xz-native/5.2.6-r0/recipe-sysroot-native/usr/bin
shadow_cv_utmpdir=/home/ubuntu/yocto/rpi-build/tmp/work/x86_64-linux/xz-native/5.2.6-r0/recipe-sysroot-native/var/run
slrn_cv_va_val_copy=no
sudo_cv_func_unsetenv_void=no
tcl_cv_api_serial=termios
tuklib_cv_cpucores_method=sched_getaffinity
tuklib_cv_physmem_method=sysconf
utils_cv_sys_open_max=1015
xorg_cv_malloc0_returns_null=yes

## ----------------- ##
## Output variables. ##
## ----------------- ##

ACLOCAL='${SHELL} '\''/home/ubuntu/yocto/rpi-build/tmp/work/x86_64-linux/xz-native/5.2.6-r0/xz-5.2.6/build-aux/missing'\'' aclocal-1.16'
AMDEPBACKSLASH=''
AMDEP_FALSE=''
AMDEP_TRUE='#'
AMTAR='$${TAR-tar}'
AM_BACKSLASH='\'
AM_CFLAGS=' -pthread -fvisibility=hidden -Wall -Wextra -Wvla -Wformat=2 -Winit-self -Wmissing-include-dirs -Wstrict-aliasing -Wfloat-equal -Wundef -Wshadow -Wpointer-arith -Wbad-function-cast -Wwrite-strings -Wlogical-op -Waggregate-return -Wstrict-prototypes -Wold-style-definition -Wmissing-prototypes -Wmissing-declarations -Wmissing-noreturn -Wredundant-decls'
AM_DEFAULT_V='$(AM_DEFAULT_VERBOSITY)'
AM_DEFAULT_VERBOSITY='1'
AM_V='$(V)'
AR='ar'
AS='as '
AUTOCONF='${SHELL} '\''/home/ubuntu/yocto/rpi-build/tmp/work/x86_64-linux/xz-native/5.2.6-r0/xz-5.2.6/build-aux/missing'\'' autoconf'
AUTOHEADER='${SHELL} '\''/home/ubuntu/yocto/rpi-build/tmp/work/x86_64-linux/xz-native/5.2.6-r0/xz-5.2.6/build-aux/missing'\'' autoheader'
AUTOMAKE='${SHELL} '\''/home/ubuntu/yocto/rpi-build/tmp/work/x86_64-linux/xz-native/5.2.6-r0/xz-5.2.6/build-aux/missing'\'' automake-1.16'
AWK='gawk'
CAPSICUM_LIB=''
CC='gcc '
CCAS='gcc '
CCASDEPMODE='depmode=none'
CCASFLAGS='-isystem/home/ubuntu/yocto/rpi-build/tmp/work/x86_64-linux/xz-native/5.2.6-r0/recipe-sysroot-native/usr/include -O2 -pipe'
CCDEPMODE='depmode=none'
CFLAGS='-isystem/home/ubuntu/yocto/rpi-build/tmp/work/x86_64-linux/xz-native/5.2.6-r0/recipe-sysroot-native/usr/include -O2 -pipe'
CFLAG_VISIBILITY='-fvisibility=hidden'
COND_ASM_X86_64_FALSE='#'
COND_ASM_X86_64_TRUE=''
COND_ASM_X86_FALSE=''
COND_ASM_X86_TRUE='#'
COND_CHECK_CRC32_FALSE='#'
COND_CHECK_CRC32_TRUE=''
COND_CHECK_CRC64_FALSE='#'
COND_CHECK_CRC64_TRUE=''
COND_CHECK_SHA256_FALSE='#'
COND_CHECK_SHA256_TRUE=''
COND_DECODER_ARMTHUMB_FALSE='#'
COND_DECODER_ARMTHUMB_TRUE=''
COND_DECODER_ARM_FALSE='#'
COND_DECODER_ARM_TRUE=''
COND_DECODER_DELTA_FALSE='#'
COND_DECODER_DELTA_TRUE=''
COND_DECODER_IA64_FALSE='#'
COND_DECODER_IA64_TRUE=''
COND_DECODER_LZMA1_FALSE='#'
COND_DECODER_LZMA1_TRUE=''
COND_DECODER_LZMA2_FALSE='#'
COND_DECODER_LZMA2_TRUE=''
COND_DECODER_LZ_FALSE='#'
COND_DECODER_LZ_TRUE=''
COND_DECODER_POWERPC_FALSE='#'
COND_DECODER_POWERPC_TRUE=''
COND_DECODER_SIMPLE_FALSE='#'
COND_DECODER_SIMPLE_TRUE=''
COND_DECODER_SPARC_FALSE='#'
COND_DECODER_SPARC_TRUE=''
COND_DECODER_X86_FALSE='#'
COND_DECODER_X86_TRUE=''
COND_DOC_FALSE='#'
COND_DOC_TRUE=''
COND_ENCODER_ARMTHUMB_FALSE='#'
COND_ENCODER_ARMTHUMB_TRUE=''
COND_ENCODER_ARM_FALSE='#'
COND_ENCODER_ARM_TRUE=''
COND_ENCODER_DELTA_FALSE='#'
COND_ENCODER_DELTA_TRUE=''
COND_ENCODER_IA64_FALSE='#'
COND_ENCODER_IA64_TRUE=''
COND_ENCODER_LZMA1_FALSE='#'
COND_ENCODER_LZMA1_TRUE=''
COND_ENCODER_LZMA2_FALSE='#'
COND_ENCODER_LZMA2_TRUE=''
COND_ENCODER_LZ_FALSE='#'
COND_ENCODER_LZ_TRUE=''
COND_ENCODER_POWERPC_FALSE='#'
COND_ENCODER_POWERPC_TRUE=''
COND_ENCODER_SIMPLE_FALSE='#'
COND_ENCODER_SIMPLE_TRUE=''
COND_ENCODER_SPARC_FALSE='#'
COND_ENCODER_SPARC_TRUE=''
COND_ENCODER_X86_FALSE='#'
COND_ENCODER_X86_TRUE=''
COND_FILTER_ARMTHUMB_FALSE='#'
COND_FILTER_ARMTHUMB_TRUE=''
COND_FILTER_ARM_FALSE='#'
COND_FILTER_ARM_TRUE=''
COND_FILTER_DELTA_FALSE='#'
COND_FILTER_DELTA_TRUE=''
COND_FILTER_IA64_FALSE='#'
COND_FILTER_IA64_TRUE=''
COND_FILTER_LZMA1_FALSE='#'
COND_FILTER_LZMA1_TRUE=''
COND_FILTER_LZMA2_FALSE='#'
COND_FILTER_LZMA2_TRUE=''
COND_FILTER_LZ_FALSE='#'
COND_FILTER_LZ_TRUE=''
COND_FILTER_POWERPC_FALSE='#'
COND_FILTER_POWERPC_TRUE=''
COND_FILTER_SIMPLE_FALSE='#'
COND_FILTER_SIMPLE_TRUE=''
COND_FILTER_SPARC_FALSE='#'
COND_FILTER_SPARC_TRUE=''
COND_FILTER_X86_FALSE='#'
COND_FILTER_X86_TRUE=''
COND_GNULIB_FALSE=''
COND_GNULIB_TRUE='#'
COND_INTERNAL_SHA256_FALSE='#'
COND_INTERNAL_SHA256_TRUE=''
COND_LZMADEC_FALSE='#'
COND_LZMADEC_TRUE=''
COND_LZMAINFO_FALSE='#'
COND_LZMAINFO_TRUE=''
COND_LZMALINKS_FALSE='#'
COND_LZMALINKS_TRUE=''
COND_MAIN_DECODER_FALSE='#'
COND_MAIN_DECODER_TRUE=''
COND_MAIN_ENCODER_FALSE='#'
COND_MAIN_ENCODER_TRUE=''
COND_SCRIPTS_FALSE='#'
COND_SCRIPTS_TRUE=''
COND_SHARED_FALSE='#'
COND_SHARED_TRUE=''
COND_SMALL_FALSE=''
COND_SMALL_TRUE='#'
COND_SYMVERS_FALSE='#'
COND_SYMVERS_TRUE=''
COND_THREADS_FALSE='#'
COND_THREADS_TRUE=''
COND_W32_FALSE=''
COND_W32_TRUE='#'
COND_XZDEC_FALSE='#'
COND_XZDEC_TRUE=''
COND_XZ_FALSE='#'
COND_XZ_TRUE=''
CPP='gcc  -E'
CPPFLAGS='-isystem/home/ubuntu/yocto/rpi-build/tmp/work/x86_64-linux/xz-native/5.2.6-r0/recipe-sysroot-native/usr/include'
CSCOPE='cscope'
CTAGS='ctags'
CYGPATH_W='echo'
DEFS='-DHAVE_CONFIG_H'
DEPDIR='.deps'
DLLTOOL='false'
DSYMUTIL=''
DUMPBIN=''
ECHO_C=''
ECHO_N='-n'
ECHO_T=''
EGREP='/home/ubuntu/yocto/rpi-build/tmp/hosttools/grep -E'
ETAGS='etags'
EXEEXT=''
FGREP='/home/ubuntu/yocto/rpi-build/tmp/hosttools/grep -F'
FILECMD='file'
GETOPT_H=''
GETTEXT_MACRO_VERSION='0.20'
GMSGFMT=':'
GMSGFMT_015=':'
GREP='/home/ubuntu/yocto/rpi-build/tmp/hosttools/grep'
HAVE_VISIBILITY='1'
INSTALL_DATA='${INSTALL} -m 644'
INSTALL_PROGRAM='${INSTALL}'
INSTALL_SCRIPT='${INSTALL}'
INSTALL_STRIP_PROGRAM='$(install_sh) -c -s'
INTLLIBS=''
INTL_MACOSX_LIBS=''
LD='ld  -m elf_x86_64'
LDFLAGS='-L/home/ubuntu/yocto/rpi-build/tmp/work/x86_64-linux/xz-native/5.2.6-r0/recipe-sysroot-native/usr/lib                         -L/home/ubuntu/yocto/rpi-build/tmp/work/x86_64-linux/xz-native/5.2.6-r0/recipe-sysroot-native/lib                         -Wl,--enable-new-dtags                         -Wl,-rpath-link,/home/ubuntu/yocto/rpi-build/tmp/work/x86_64-linux/xz-native/5.2.6-r0/recipe-sysroot-native/usr/lib                         -Wl,-rpath-link,/home/ubuntu/yocto/rpi-build/tmp/work/x86_64-linux/xz-native/5.2.6-r0/recipe-sysroot-native/lib                         -Wl,-rpath,/home/ubuntu/yocto/rpi-build/tmp/work/x86_64-linux/xz-native/5.2.6-r0/recipe-sysroot-native/usr/lib                         -Wl,-rpath,/home/ubuntu/yocto/rpi-build/tmp/work/x86_64-linux/xz-native/5.2.6-r0/recipe-sysroot-native/lib                         -Wl,-O1 -Wl,--allow-shlib-undefined -Wl,--dynamic-linker=/home/ubuntu/yocto/rpi-build/tmp/sysroots-uninative/x86_64-linux/lib/ld-linux-x86-64.so.2'
LIBICONV='-liconv'
LIBINTL=''
LIBOBJS=''
LIBS=' -lpthread'
LIBTOOL='$(SHELL) $(top_builddir)/libtool'
LIPO=''
LN_EXEEXT='$(EXEEXT)'
LN_S='ln -s'
LTLIBICONV='-liconv'
LTLIBINTL=''
LTLIBOBJS=''
LT_SYS_LIBRARY_PATH=''
MAKEINFO='${SHELL} '\''/home/ubuntu/yocto/rpi-build/tmp/work/x86_64-linux/xz-native/5.2.6-r0/xz-5.2.6/build-aux/missing'\'' makeinfo'
MANIFEST_TOOL=':'
MKDIR_P='/home/ubuntu/yocto/rpi-build/tmp/hosttools/mkdir -p'
MSGFMT=':'
MSGMERGE=':'
MSGMERGE_FOR_MSGFMT_OPTION='--no-location --quiet'
NM='nm'
NMEDIT=''
OBJDUMP='objdump'
OBJEXT='o'
OTOOL64=''
OTOOL=''
PACKAGE='xz'
PACKAGE_BUGREPORT='lasse.collin@tukaani.org'
PACKAGE_NAME='XZ Utils'
PACKAGE_STRING='XZ Utils 5.2.6'
PACKAGE_TARNAME='xz'
PACKAGE_URL='https://tukaani.org/xz/'
PACKAGE_VERSION='5.2.6'
PATH_SEPARATOR=':'
POSIX_SHELL='/bin/sh'
POSUB=''
PREFERABLY_POSIX_SHELL='/bin/sh'
PTHREAD_CC='gcc '
PTHREAD_CFLAGS='-pthread'
PTHREAD_LIBS='-lpthread'
RANLIB='ranlib -D'
RC=''
SED='sed'
SET_MAKE=''
SHELL='/bin/bash'
STRIP='strip'
USE_NLS='no'
VERSION='5.2.6'
XGETTEXT=':'
XGETTEXT_015=':'
XGETTEXT_EXTRA_OPTIONS=''
ac_ct_AR=''
ac_ct_CC=''
ac_ct_DUMPBIN=''
am__EXEEXT_FALSE=''
am__EXEEXT_TRUE='#'
am__fastdepCCAS_FALSE=''
am__fastdepCCAS_TRUE='#'
am__fastdepCC_FALSE=''
am__fastdepCC_TRUE='#'
am__include='include'
am__isrc=' -I$(srcdir)'
am__leading_dot='.'
am__nodep=''
am__quote=''
am__tar='$${TAR-tar} chof - "$$tardir"'
am__untar='$${TAR-tar} xf -'
ax_pthread_config=''
bindir='/home/ubuntu/yocto/rpi-build/tmp/work/x86_64-linux/xz-native/5.2.6-r0/recipe-sysroot-native/usr/bin'
build='x86_64-pc-linux-gnu'
build_alias='x86_64-linux'
build_cpu='x86_64'
build_os='linux-gnu'
build_vendor='pc'
datadir='/home/ubuntu/yocto/rpi-build/tmp/work/x86_64-linux/xz-native/5.2.6-r0/recipe-sysroot-native/usr/share'
datarootdir='${prefix}/share'
docdir='${datarootdir}/doc/${PACKAGE_TARNAME}'
dvidir='${docdir}'
enable_path_for_scripts=''
exec_prefix='/home/ubuntu/yocto/rpi-build/tmp/work/x86_64-linux/xz-native/5.2.6-r0/recipe-sysroot-native/usr'
host='x86_64-pc-linux-gnu'
host_alias='x86_64-linux'
host_cpu='x86_64'
host_os='linux-gnu'
host_vendor='pc'
htmldir='${docdir}'
includedir='/home/ubuntu/yocto/rpi-build/tmp/work/x86_64-linux/xz-native/5.2.6-r0/recipe-sysroot-native/usr/include'
infodir='/home/ubuntu/yocto/rpi-build/tmp/work/x86_64-linux/xz-native/5.2.6-r0/recipe-sysroot-native/usr/share/info'
install_sh='${SHELL} /home/ubuntu/yocto/rpi-build/tmp/work/x86_64-linux/xz-native/5.2.6-r0/xz-5.2.6/build-aux/install-sh'
libdir='/home/ubuntu/yocto/rpi-build/tmp/work/x86_64-linux/xz-native/5.2.6-r0/recipe-sysroot-native/usr/lib'
libexecdir='/home/ubuntu/yocto/rpi-build/tmp/work/x86_64-linux/xz-native/5.2.6-r0/recipe-sysroot-native/usr/libexec'
localedir='${datarootdir}/locale'
localstatedir='/home/ubuntu/yocto/rpi-build/tmp/work/x86_64-linux/xz-native/5.2.6-r0/recipe-sysroot-native/var'
mandir='/home/ubuntu/yocto/rpi-build/tmp/work/x86_64-linux/xz-native/5.2.6-r0/recipe-sysroot-native/usr/share/man'
mkdir_p='$(MKDIR_P)'
oldincludedir='/home/ubuntu/yocto/rpi-build/tmp/work/x86_64-linux/xz-native/5.2.6-r0/recipe-sysroot-native/usr/include'
pdfdir='${docdir}'
prefix='/home/ubuntu/yocto/rpi-build/tmp/work/x86_64-linux/xz-native/5.2.6-r0/recipe-sysroot-native/usr'
program_transform_name='s,x,x,'
psdir='${docdir}'
runstatedir='${localstatedir}/run'
sbindir='/home/ubuntu/yocto/rpi-build/tmp/work/x86_64-linux/xz-native/5.2.6-r0/recipe-sysroot-native/usr/sbin'
sharedstatedir='/home/ubuntu/yocto/rpi-build/tmp/work/x86_64-linux/xz-native/5.2.6-r0/recipe-sysroot-native/com'
sysconfdir='/home/ubuntu/yocto/rpi-build/tmp/work/x86_64-linux/xz-native/5.2.6-r0/recipe-sysroot-native/etc'
target_alias='x86_64-linux'
xz='xz'

## ----------- ##
## confdefs.h. ##
## ----------- ##

/* confdefs.h */
#define PACKAGE_NAME "XZ Utils"
#define PACKAGE_TARNAME "xz"
#define PACKAGE_VERSION "5.2.6"
#define PACKAGE_STRING "XZ Utils 5.2.6"
#define PACKAGE_BUGREPORT "lasse.collin@tukaani.org"
#define PACKAGE_URL "https://tukaani.org/xz/"
#define NDEBUG 1
#define HAVE_ENCODER_LZMA1 1
#define HAVE_ENCODER_LZMA2 1
#define HAVE_ENCODER_DELTA 1
#define HAVE_ENCODER_X86 1
#define HAVE_ENCODER_POWERPC 1
#define HAVE_ENCODER_IA64 1
#define HAVE_ENCODER_ARM 1
#define HAVE_ENCODER_ARMTHUMB 1
#define HAVE_ENCODER_SPARC 1
#define HAVE_ENCODERS 1
#define HAVE_DECODER_LZMA1 1
#define HAVE_DECODER_LZMA2 1
#define HAVE_DECODER_DELTA 1
#define HAVE_DECODER_X86 1
#define HAVE_DECODER_POWERPC 1
#define HAVE_DECODER_IA64 1
#define HAVE_DECODER_ARM 1
#define HAVE_DECODER_ARMTHUMB 1
#define HAVE_DECODER_SPARC 1
#define HAVE_DECODERS 1
#define HAVE_MF_HC3 1
#define HAVE_MF_HC4 1
#define HAVE_MF_BT2 1
#define HAVE_MF_BT3 1
#define HAVE_MF_BT4 1
#define HAVE_CHECK_CRC32 1
#define HAVE_CHECK_CRC64 1
#define HAVE_CHECK_SHA256 1
#define ASSUME_RAM 128
#define PACKAGE "xz"
#define VERSION "5.2.6"
#define HAVE_STDIO_H 1
#define HAVE_STDLIB_H 1
#define HAVE_STRING_H 1
#define HAVE_INTTYPES_H 1
#define HAVE_STDINT_H 1
#define HAVE_STRINGS_H 1
#define HAVE_SYS_STAT_H 1
#define HAVE_SYS_TYPES_H 1
#define HAVE_UNISTD_H 1
#define HAVE_WCHAR_H 1
#define STDC_HEADERS 1
#define _ALL_SOURCE 1
#define _DARWIN_C_SOURCE 1
#define _GNU_SOURCE 1
#define _HPUX_ALT_XOPEN_SOCKET_API 1
#define _NETBSD_SOURCE 1
#define _OPENBSD_SOURCE 1
#define _POSIX_PTHREAD_SEMANTICS 1
#define __STDC_WANT_IEC_60559_ATTRIBS_EXT__ 1
#define __STDC_WANT_IEC_60559_BFP_EXT__ 1
#define __STDC_WANT_IEC_60559_DFP_EXT__ 1
#define __STDC_WANT_IEC_60559_FUNCS_EXT__ 1
#define __STDC_WANT_IEC_60559_TYPES_EXT__ 1
#define __STDC_WANT_LIB_EXT2__ 1
#define __STDC_WANT_MATH_SPEC_FUNCS__ 1
#define _TANDEM_SOURCE 1
#define __EXTENSIONS__ 1
#define HAVE_PTHREAD_PRIO_INHERIT 1
#define MYTHREAD_POSIX 1
#define HAVE_CLOCK_GETTIME 1
#define HAVE_PTHREAD_CONDATTR_SETCLOCK 1
#define HAVE_DECL_CLOCK_MONOTONIC 1
#define HAVE_DLFCN_H 1
#define LT_OBJDIR ".libs/"
#define HAVE_FCNTL_H 1
#define HAVE_LIMITS_H 1
#define HAVE_SYS_TIME_H 1
#define HAVE_IMMINTRIN_H 1
#define HAVE__BOOL 1
#define HAVE_STDBOOL_H 1
#define HAVE_UINTPTR_T 1
#define SIZEOF_SIZE_T 8
#define HAVE_STRUCT_STAT_ST_ATIM_TV_NSEC 1
#define HAVE_GETOPT_H 1
#define HAVE_GETOPT_LONG 1
#define HAVE_FUTIMENS 1
#define HAVE_POSIX_FADVISE 1
#define HAVE_DECL_PROGRAM_INVOCATION_NAME 1
#define HAVE___BUILTIN_BSWAPXX 1
#define TUKLIB_FAST_UNALIGNED_ACCESS 1
#define HAVE___BUILTIN_ASSUME_ALIGNED 1
#define HAVE_SYS_PARAM_H 1
#define TUKLIB_PHYSMEM_SYSCONF 1
#define HAVE_SYS_PARAM_H 1
#define TUKLIB_CPUCORES_SCHED_GETAFFINITY 1
#define HAVE_MBRTOWC 1
#define HAVE_WCWIDTH 1
#define HAVE__MM_MOVEMASK_EPI8 1
#define HAVE_VISIBILITY 1

configure: exit 0
