This file contains any messages produced by compilers while
running configure, to aid debugging if configure makes a mistake.

It was created by glib configure 2.38.2, which was
generated by GNU Autoconf 2.71.  Invocation command line was

  $ ../../git/glib/configure --disable-option-checking --prefix=/home/ubuntu/yocto/rpi-build/tmp/work/x86_64-linux/pkgconfig-native/0.29.2+gitAUTOINC+d97db4fae4-r0/recipe-sysroot-native/usr --build=x86_64-linux --host=x86_64-linux --target=x86_64-linux --exec_prefix=/home/ubuntu/yocto/rpi-build/tmp/work/x86_64-linux/pkgconfig-native/0.29.2+gitAUTOINC+d97db4fae4-r0/recipe-sysroot-native/usr --bindir=/home/ubuntu/yocto/rpi-build/tmp/work/x86_64-linux/pkgconfig-native/0.29.2+gitAUTOINC+d97db4fae4-r0/recipe-sysroot-native/usr/bin --sbindir=/home/ubuntu/yocto/rpi-build/tmp/work/x86_64-linux/pkgconfig-native/0.29.2+gitAUTOINC+d97db4fae4-r0/recipe-sysroot-native/usr/sbin --libexecdir=/home/ubuntu/yocto/rpi-build/tmp/work/x86_64-linux/pkgconfig-native/0.29.2+gitAUTOINC+d97db4fae4-r0/recipe-sysroot-native/usr/libexec --datadir=/home/ubuntu/yocto/rpi-build/tmp/work/x86_64-linux/pkgconfig-native/0.29.2+gitAUTOINC+d97db4fae4-r0/recipe-sysroot-native/usr/share --sysconfdir=/home/ubuntu/yocto/rpi-build/tmp/work/x86_64-linux/pkgconfig-native/0.29.2+gitAUTOINC+d97db4fae4-r0/recipe-sysroot-native/etc --sharedstatedir=/home/ubuntu/yocto/rpi-build/tmp/work/x86_64-linux/pkgconfig-native/0.29.2+gitAUTOINC+d97db4fae4-r0/recipe-sysroot-native/com --localstatedir=/home/ubuntu/yocto/rpi-build/tmp/work/x86_64-linux/pkgconfig-native/0.29.2+gitAUTOINC+d97db4fae4-r0/recipe-sysroot-native/var --libdir=/home/ubuntu/yocto/rpi-build/tmp/work/x86_64-linux/pkgconfig-native/0.29.2+gitAUTOINC+d97db4fae4-r0/recipe-sysroot-native/usr/lib --includedir=/home/ubuntu/yocto/rpi-build/tmp/work/x86_64-linux/pkgconfig-native/0.29.2+gitAUTOINC+d97db4fae4-r0/recipe-sysroot-native/usr/include --oldincludedir=/home/ubuntu/yocto/rpi-build/tmp/work/x86_64-linux/pkgconfig-native/0.29.2+gitAUTOINC+d97db4fae4-r0/recipe-sysroot-native/usr/include --infodir=/home/ubuntu/yocto/rpi-build/tmp/work/x86_64-linux/pkgconfig-native/0.29.2+gitAUTOINC+d97db4fae4-r0/recipe-sysroot-native/usr/share/info --mandir=/home/ubuntu/yocto/rpi-build/tmp/work/x86_64-linux/pkgconfig-native/0.29.2+gitAUTOINC+d97db4fae4-r0/recipe-sysroot-native/usr/share/man --disable-silent-rules --disable-dependency-tracking --disable-indirect-deps --disable-static --with-internal-glib build_alias=x86_64-linux host_alias=x86_64-linux target_alias=x86_64-linux 'CC=gcc ' 'CFLAGS=-isystem/home/ubuntu/yocto/rpi-build/tmp/work/x86_64-linux/pkgconfig-native/0.29.2+gitAUTOINC+d97db4fae4-r0/recipe-sysroot-native/usr/include -O2 -pipe' 'LDFLAGS=-L/home/ubuntu/yocto/rpi-build/tmp/work/x86_64-linux/pkgconfig-native/0.29.2+gitAUTOINC+d97db4fae4-r0/recipe-sysroot-native/usr/lib                         -L/home/ubuntu/yocto/rpi-build/tmp/work/x86_64-linux/pkgconfig-native/0.29.2+gitAUTOINC+d97db4fae4-r0/recipe-sysroot-native/lib                         -Wl,--enable-new-dtags                         -Wl,-rpath-link,/home/ubuntu/yocto/rpi-build/tmp/work/x86_64-linux/pkgconfig-native/0.29.2+gitAUTOINC+d97db4fae4-r0/recipe-sysroot-native/usr/lib                         -Wl,-rpath-link,/home/ubuntu/yocto/rpi-build/tmp/work/x86_64-linux/pkgconfig-native/0.29.2+gitAUTOINC+d97db4fae4-r0/recipe-sysroot-native/lib                         -Wl,-rpath,/home/ubuntu/yocto/rpi-build/tmp/work/x86_64-linux/pkgconfig-native/0.29.2+gitAUTOINC+d97db4fae4-r0/recipe-sysroot-native/usr/lib                         -Wl,-rpath,/home/ubuntu/yocto/rpi-build/tmp/work/x86_64-linux/pkgconfig-native/0.29.2+gitAUTOINC+d97db4fae4-r0/recipe-sysroot-native/lib                         -Wl,-O1 -Wl,--allow-shlib-undefined -Wl,--dynamic-linker=/home/ubuntu/yocto/rpi-build/tmp/sysroots-uninative/x86_64-linux/lib/ld-linux-x86-64.so.2' CPPFLAGS=-isystem/home/ubuntu/yocto/rpi-build/tmp/work/x86_64-linux/pkgconfig-native/0.29.2+gitAUTOINC+d97db4fae4-r0/recipe-sysroot-native/usr/include PKG_CONFIG_PATH=/home/ubuntu/yocto/rpi-build/tmp/work/x86_64-linux/pkgconfig-native/0.29.2+gitAUTOINC+d97db4fae4-r0/recipe-sysroot-native/usr/lib/pkgconfig:/home/ubuntu/yocto/rpi-build/tmp/work/x86_64-linux/pkgconfig-native/0.29.2+gitAUTOINC+d97db4fae4-r0/recipe-sysroot-native/usr/share/pkgconfig PKG_CONFIG_LIBDIR=/home/ubuntu/yocto/rpi-build/tmp/work/x86_64-linux/pkgconfig-native/0.29.2+gitAUTOINC+d97db4fae4-r0/recipe-sysroot-native/usr/lib/pkgconfig --cache-file=/dev/null --srcdir=../../git/glib

## --------- ##
## Platform. ##
## --------- ##

hostname = DESKTOP-CSPIOE3
uname -m = x86_64
uname -r = 6.6.87.2-microsoft-standard-WSL2
uname -s = Linux
uname -v = #1 SMP PREEMPT_DYNAMIC Thu Jun  5 18:30:46 UTC 2025

/usr/bin/uname -p = x86_64
/bin/uname -X     = unknown

/bin/arch              = x86_64
/usr/bin/arch -k       = unknown
/usr/convex/getsysinfo = unknown
/usr/bin/hostinfo      = unknown
/bin/machine           = unknown
/usr/bin/oslevel       = unknown
/bin/universe          = unknown

PATH: /home/ubuntu/yocto/poky/scripts/native-intercept/
PATH: /home/ubuntu/yocto/rpi-build/tmp/sysroots-uninative/x86_64-linux/usr/bin/
PATH: /home/ubuntu/yocto/poky/scripts/
PATH: /home/ubuntu/yocto/rpi-build/tmp/work/x86_64-linux/pkgconfig-native/0.29.2+gitAUTOINC+d97db4fae4-r0/recipe-sysroot-native/usr/bin/x86_64-linux/
PATH: /home/ubuntu/yocto/rpi-build/tmp/work/x86_64-linux/pkgconfig-native/0.29.2+gitAUTOINC+d97db4fae4-r0/recipe-sysroot-native/usr/bin/
PATH: /home/ubuntu/yocto/rpi-build/tmp/work/x86_64-linux/pkgconfig-native/0.29.2+gitAUTOINC+d97db4fae4-r0/recipe-sysroot-native/usr/sbin/
PATH: /home/ubuntu/yocto/rpi-build/tmp/work/x86_64-linux/pkgconfig-native/0.29.2+gitAUTOINC+d97db4fae4-r0/recipe-sysroot-native/usr/bin/
PATH: /home/ubuntu/yocto/rpi-build/tmp/work/x86_64-linux/pkgconfig-native/0.29.2+gitAUTOINC+d97db4fae4-r0/recipe-sysroot-native/sbin/
PATH: /home/ubuntu/yocto/rpi-build/tmp/work/x86_64-linux/pkgconfig-native/0.29.2+gitAUTOINC+d97db4fae4-r0/recipe-sysroot-native/bin/
PATH: /home/ubuntu/yocto/poky/bitbake/bin/
PATH: /home/ubuntu/yocto/rpi-build/tmp/hosttools/


## ----------- ##
## Core tests. ##
## ----------- ##

configure:2678: loading site script /home/ubuntu/yocto/poky/meta/site/endian-little
| ac_cv_c_littleendian=${ac_cv_c_littleendian=yes}
| ac_cv_c_bigendian=${ac_cv_c_bigendian=no}
| 
| # libnet
| ac_cv_libnet_endianess=${ac_cv_libnet_endianess=lil}
| 
| # libmemcached
| ac_cv_c_endian=little
configure:2678: loading site script /home/ubuntu/yocto/poky/meta/site/common-linux
| # gettext - these add sleep delays otherwise
| gl_cv_func_sleep_works=${gl_cv_func_sleep_works=yes}
| gl_cv_header_working_fcntl_h=${gl_cv_header_working_fcntl_h=yes}
| # the euc-jp tests in iconv.m4 break elfutils and libunistring depending on the
| # host locales installed. Avoid this by skipping the tests, we're not on HP-UX!
| am_cv_func_iconv_works=${am_cv_func_iconv_works=yes}
| 
| # apr
| ac_cv_file__dev_zero=${ac_cv_file__dev_zero=yes}
| ac_cv_sizeof_pid_t=${ac_cv_sizeof_pid_t=4}
| ac_cv_func_pthread_key_delete=${ac_cv_func_pthread_key_delete=yes}
| apr_cv_tcp_nodelay_with_cork=${apr_cv_tcp_nodelay_with_cork=yes}
| apr_cv_process_shared_works=${apr_cv_process_shared_works=no}
| 
| # samba
| samba_cv_HAVE_IFACE_AIX=${samba_cv_HAVE_IFACE_AIX=no}
| samba_cv_HAVE_IFACE_IFCONF=${samba_cv_HAVE_IFACE_IFCONF=yes}
| samba_cv_HAVE_IFACE_IFREQ=${samba_cv_HAVE_IFACE_IFREQ=yes}
| samba_cv_HAVE_IRIX_SPECIFIC_CAPABILITIES=${samba_cv_HAVE_IRIX_SPECIFIC_CAPABILITIES=no}
| 
| # db
| db_cv_path_ar=${db_cv_path_ar=/usr/bin/ar}
| db_cv_path_chmod=${db_cv_path_chmod=/bin/chmod}
| db_cv_path_cp=${db_cv_path_cp=/bin/cp}
| db_cv_path_ln=${db_cv_path_ln=/bin/ln}
| db_cv_path_mkdir=${db_cv_path_mkdir=/bin/mkdir}
| db_cv_path_ranlib=${db_cv_path_ranlib=/usr/bin/ranlib}
| db_cv_path_rm=${db_cv_path_rm=/bin/rm}
| db_cv_path_sh=${db_cv_path_sh=/bin/sh}
| db_cv_path_strip=${db_cv_path_strip=/usr/bin/strip}
| 
| # bash
| bash_cv_have_mbstate_t=${bash_cv_have_mbstate_t=yes}
| bash_cv_must_reinstall_sighandlers=${bash_cv_must_reinstall_sighandlers=no}
| bash_cv_func_strcoll_broken=${bash_cv_func_strcoll_broken=no}
| bash_cv_dup2_broken=${bash_cv_dup2_broken=no}
| bash_cv_opendir_not_robust=${bash_cv_opendir_not_robust=no}
| bash_cv_type_rlimit=${bash_cv_type_rlimit=rlim_t}
| bash_cv_getenv_redef=${bash_cv_getenv_redef=yes}
| bash_cv_ulimit_maxfds=${bash_cv_ulimit_maxfds=yes}
| bash_cv_getcwd_calls_popen=${bash_cv_getcwd_calls_popen=no}
| bash_cv_printf_a_format=${bash_cv_printf_a_format=yes}
| bash_cv_pgrp_pipe=${bash_cv_pgrp_pipe=no}
| bash_cv_job_control_missing=${bash_cv_job_control_missing=present}
| bash_cv_sys_named_pipes=${bash_cv_sys_named_pipes=present}
| bash_cv_unusable_rtsigs=${bash_cv_unusable_rtsigs=no}
| 
| # ccache
| hw_cv_func_snprintf_c99=${hw_cv_func_snprintf_c99=yes}
| hw_cv_func_vsnprintf_c99=${hw_cv_func_vsnprintf_c99=yes}
| 
| # coreutils
| ac_cv_func_chown_works=${ac_cv_func_chown_works=yes}
| ac_cv_func_utime_null=${ac_cv_func_utime_null=yes}
| gl_cv_func_fstatat_zero_flag=${gl_cv_func_fstatat_zero_flag=yes}
| gl_cv_func_link_follows_symlink=${gl_cv_func_link_follows_symlink=no}
| gl_cv_func_unlink_busy_text=${gl_cv_func_unlink_busy_text=yes}
| gl_cv_have_proc_uptime=${gl_cv_have_proc_uptime=yes}
| gl_cv_pipes_are_fifos=${gl_cv_pipes_are_fifos='yes (1)'}
| 
| # mysql
| ac_cv_sys_restartable_syscalls=${ac_cv_sys_restartable_syscalls=yes}
| ac_cv_conv_longlong_to_float=${ac_cv_conv_longlong_to_float=yes}
| 
| # TCL
| tcl_cv_api_serial=${tcl_cv_api_serial=termios}
| 
| # python
| ac_cv_have_long_long_format=yes
| 
| # apache
| ac_cv_o_nonblock_inherited=${ac_cv_o_nonblock_inherited=no}
| 
| # rsync
| rsync_cv_HAVE_C99_VSNPRINTF=${rsync_cv_HAVE_C99_VSNPRINTF=yes}
configure:2678: loading site script /home/ubuntu/yocto/poky/meta/site/common-glibc
| # general
| ac_cv_func_calloc_0_nonnull=${ac_cv_func_calloc_0_nonnull=yes}
| ac_cv_func_realloc_works=${ac_cv_func_realloc_works=yes}
| ac_cv_func_realloc_0_nonnull=${ac_cv_func_realloc_0_nonnull=yes}
| ac_cv_func_malloc_works=${ac_cv_func_malloc_works=yes}
| ac_cv_func_malloc_0_nonnull=${ac_cv_func_malloc_0_nonnull=yes}
| ac_cv_func_memcmp_working=${ac_cv_func_memcmp_working=yes}
| ac_cv_func_getpgrp_void=yes
| ac_cv_func_setpgrp_void=yes
| ac_cv_func_setgrent_void=yes
| ac_cv_func_getgrgid_r=${ac_cv_func_getgrgid_r=yes}
| ac_cv_func_getpwuid_r=${ac_cv_func_getpwuid_r=yes}
| ac_cv_func_posix_getpwuid_r=${ac_cv_func_posix_getpwuid_r=yes}
| ac_cv_func_posix_getgrgid_r=${ac_cv_func_posix_getgrgid_r=yes}
| ac_cv_type_uid_t={ac_cv_type_uid_t=yes}
| ac_cv_func_getaddrinfo=${ac_cv_func_getaddrinfo=yes}
| ac_cv_func_strtod=${ac_cv_func_strtod=yes}
| 
| # bash
| bash_cv_getcwd_malloc=${bash_cv_getcwd_malloc=yes}
| 
| # clamav
| clamav_av_func_working_snprintf_long=${clamav_av_func_working_snprintf_long=yes}
| clamav_av_have_in_port_t=${clamav_av_have_in_port_t=yes}
| clamav_av_have_in_addr_t=${clamav_av_have_in_addr_t=yes}
| ac_cv_func_mmap_fixed_mapped=${ac_cv_func_mmap_fixed_mapped=yes}
| 
| # coreutils
| fu_cv_sys_stat_statfs2_bsize=${fu_cv_sys_stat_statfs2_bsize=yes}
| gl_cv_func_getcwd_abort_bug=${gl_cv_func_getcwd_abort_bug=no}
| gl_cv_func_getcwd_null=${gl_cv_func_getcwd_null=yes}
| gl_cv_func_getcwd_path_max=${gl_cv_func_getcwd_path_max=yes}
| ac_cv_func_getgroups_works=${ac_cv_func_getgroups_works=yes}
| gl_cv_func_nanosleep=${gl_cv_func_nanosleep='no (mishandles large arguments)'}
| gl_cv_func_working_mkstemp=${gl_cv_func_working_mkstemp=yes}
| gl_cv_func_working_mktime=${gl_cv_func_working_mktime=yes}
| gl_cv_func_working_utimes=${gl_cv_func_working_utimes=yes}
| 
| # glib
| glib_cv_strlcpy=${glib_cv_strlcpy=no}
| ac_cv_func_printf_unix98=${ac_cv_func_printf_unix98=yes}
| ac_cv_func_snprintf_c99=${ac_cv_func_snprintf_c99=yes}
| ac_cv_func_vsnprintf_c99=${ac_cv_func_vsnprintf_c99=yes}
| glib_cv_compliant_posix_memalign=${glib_cv_compliant_posix_memalign=1}
| glib_cv_long_long_format=${glib_cv_long_long_format=ll}
| # glib-1.x requires this and pkgconfig-native / pkgconfig-nativesdk use
| # that to avoid a dependency loop.
| glib_cv___va_copy=${glib_cv___va_copy=yes}
| glib_cv_va_copy=${glib_cv_va_copy=yes}
| glib_cv_have_qsort_r=${glib_cv_have_qsort_r=yes}
| 
| #dbus-glib
| ac_cv_have_abstract_sockets=${ac_cv_have_abstract_sockets=yes}
| 
| # gnucash
| am_cv_scanf_lld=${am_cv_scanf_lld=yes}
| 
| # guile
| ac_cv_func_pthread_attr_getstack=${ac_cv_func_pthread_attr_getstack=yes}
| 
| #gcc-zlib
| ac_cv_func_getpagesize=${ac_cv_func_getpagesize=yes}
| ac_cv_func_memcpy=${ac_cv_func_memcpy=yes}
| ac_cv_func_strerror=${ac_cv_func_strerror=yes}
| 
| # squid
| ac_cv_af_unix_large_dgram=${ac_cv_af_unix_large_dgram=yes}
| ac_cv_func_setresuid=${ac_cv_func_setresuid=yes}
| ac_cv_func_va_copy=${ac_cv_func_va_copy=yes}
| ac_cv_func___va_copy=${ac_cv_func___va_copy=yes}
| ac_cv_epoll_works=${ac_cv_epoll_works=yes}
| 
| ac_cv_check_sjlj=ssjlj
| 
| # m4
| gt_cv_locale_fr=${gt_cv_locale_fr=fr_FR}
| gl_cv_func_btowc_eof=${gl_cv_func_btowc_eof=yes}
| gl_cv_func_wcrtomb_retval=${gl_cv_func_wcrtomb_retval=yes}
| gl_cv_func_wctob_works=${gl_cv_func_wctob_works=yes}
| gl_cv_func_mbrtowc_incomplete_state=${gl_cv_func_mbrtowc_incomplete_state=yes}
| gl_cv_func_mbrtowc_sanitycheck=${gl_cv_func_mbrtowc_sanitycheck=yes}
| gl_cv_func_mbrtowc_null_arg=${gl_cv_func_mbrtowc_null_arg=yes}
| gl_cv_func_mbrtowc_retval=${gl_cv_func_mbrtowc_retval=yes}
| gl_cv_func_mbrtowc_nul_retval=${gl_cv_func_mbrtowc_nul_retval=yes}
| 
| # va_copy and _va_copy
| ac_cv_va_copy=${ac_cv_va_copy=yes}
| ac_cv___va_copy=${ac_cv___va_copy=yes}
| ac_cv_func_va_copy=${ac_cv_func_va_copy=yes}
| ac_cv_func___va_copy=${ac_cv_func___va_copy=yes}
| 
| # Xorg
| xorg_cv_malloc0_returns_null=${xorg_cv_malloc0_returns_null=yes}
configure:2678: loading site script /home/ubuntu/yocto/poky/meta/site/x86_64-linux
| # general
| ac_cv_va_val_copy=${ac_cv_va_val_copy=no}
| ac_cv_func_lstat_dereferences_slashed_symlink=${ac_cv_func_lstat_dereferences_slashed_symlink=yes}
| ac_cv_func_lstat_empty_string_bug=${ac_cv_func_lstat_empty_string_bug=no}
| ac_cv_func_posix_getpwnam_r=${ac_cv_func_posix_getpwnam_r=yes}
| ac_cv_func_setvbuf_reversed=${ac_cv_func_setvbuf_reversed=no}
| ac_cv_func_stat_empty_string_bug=${ac_cv_func_stat_empty_string_bug=no}
| ac_cv_func_stat_ignores_trailing_slash=${ac_cv_func_stat_ignores_trailing_slash=no}
| ac_libnet_have_packet_socket=${ac_libnet_have_packet_socket=yes}
| ac_cv_linux_vers=${ac_cv_linux_vers=2}
| ac_cv_need_trio=${ac_cv_need_trio=no}
| ac_cv_sizeof_char=${ac_cv_sizeof_char=1}
| ac_cv_sizeof_int=${ac_cv_sizeof_int=4}
| ac_cv_sizeof_unsigned_int=${ac_cv_sizeof_unsigned_int=4}
| ac_cv_sizeof___int64=${ac_cv_sizeof___int64=0}
| ac_cv_sizeof_long=${ac_cv_sizeof_long=8}
| ac_cv_sizeof_unsigned_long=${ac_cv_sizeof_unsigned_long=8}
| ac_cv_sizeof_long_double=${ac_cv_sizeof_long_double=16}
| ac_cv_sizeof_long_int=${ac_cv_sizeof_long_int=8}
| ac_cv_sizeof_long_long=${ac_cv_sizeof_long_long=8}
| ac_cv_sizeof_short=${ac_cv_sizeof_short=2}
| ac_cv_sizeof_unsigned_short=${ac_cv_sizeof_unsigned_short=2}
| ac_cv_sizeof_short_int=${ac_cv_sizeof_short_int=2}
| ac_cv_sizeof_size_t=${ac_cv_sizeof_size_t=8}
| ac_cv_sizeof_uid_t=${ac_cv_sizeof_uid_t=4}
| ac_cv_sizeof_gid_t=${ac_cv_sizeof_gid_t=4}
| ac_cv_sizeof_dev_t=${ac_cv_sizeof_dev_t=8}
| ac_cv_sizeof_void_p=${ac_cv_sizeof_void_p=8}
| ac_cv_strerror_r_SUSv3=${ac_cv_strerror_r_SUSv3=no}
| db_cv_alignp_t=${db_cv_alignp_t='unsigned long long'}
| db_cv_align_t=${db_cv_align_t='unsigned long long'}
| db_cv_fcntl_f_setfd=${db_cv_fcntl_f_setfd=yes}
| db_cv_sprintf_count=${db_cv_sprintf_count=yes}
| 
| # glib
| glib_cv_hasinline=${glib_cv_hasinline=yes}
| glib_cv_has__inline=${glib_cv_has__inline=yes}
| glib_cv_has__inline__=${glib_cv_has__inline__=yes}
| glib_cv_long_long_format=${glib_cv_long_long_format=ll}
| glib_cv_rtldglobal_broken=${glib_cv_rtldglobal_broken=yes}
| glib_cv_sane_realloc=${glib_cv_sane_realloc=yes}
| glib_cv_sizeof_gmutex=${glib_cv_sizeof_gmutex=40}
| glib_cv_sizeof_intmax_t=${glib_cv_sizeof_intmax_t=8}
| glib_cv_sizeof_ptrdiff_t=${glib_cv_sizeof_ptrdiff_t=8}
| glib_cv_sizeof_size_t=${glib_cv_sizeof_size_t=8}
| glib_cv_sizeof_system_thread=${glib_cv_sizeof_system_thread=8}
| glib_cv_stack_grows=${glib_cv_stack_grows=no}
| glib_cv_sys_pthread_cond_timedwait_posix=${glib_cv_sys_pthread_cond_timedwait_posix=yes}
| glib_cv_sys_pthread_getspecific_posix=${glib_cv_sys_pthread_getspecific_posix=yes}
| glib_cv_sys_pthread_mutex_trylock_posix=${glib_cv_sys_pthread_mutex_trylock_posix=yes}
| glib_cv_uscore=${glib_cv_uscore=no}
| glib_cv_va_val_copy=${glib_cv_va_val_copy=no}
| ac_cv_alignof_guint32=4
| ac_cv_alignof_guint64=8
| ac_cv_alignof_unsigned_long=8
| 
| nano_cv_func_regexec_segv_emptystr=${nano_cv_func_regexec_segv_emptystr=no}
| samba_cv_HAVE_VA_COPY=${samba_cv_HAVE_VA_COPY=yes}
| screen_cv_sys_bcopy_overlap=${screen_cv_sys_bcopy_overlap=no}
| screen_cv_sys_fifo_broken_impl=${screen_cv_sys_fifo_broken_impl=yes}
| screen_cv_sys_fifo_usable=${screen_cv_sys_fifo_usable=yes}
| screen_cv_sys_memcpy_overlap=${screen_cv_sys_memcpy_overlap=no}
| screen_cv_sys_memmove_overlap=${screen_cv_sys_memmove_overlap=no}
| screen_cv_sys_select_broken_retval=${screen_cv_sys_select_broken_retval=no}
| screen_cv_sys_sockets_nofs=${screen_cv_sys_sockets_nofs=no}
| screen_cv_sys_sockets_usable=${screen_cv_sys_sockets_usable=yes}
| screen_cv_sys_terminfo_used=${screen_cv_sys_terminfo_used=yes}
| utils_cv_sys_open_max=${utils_cv_sys_open_max=1015}
| 
| # gettext
| am_cv_func_working_getline=${am_cv_func_working_getline=yes}
| 
| #gcc
| ac_cv_lib_m_sin=${ac_cv_lib_m_sin=yes}
| 
| # bash
| bash_cv_func_sigsetjmp=${bash_cv_func_sigsetjmp=present}
| 
| lf_cv_sane_realloc=yes
| as_cv_unaligned_access=${as_cv_unaligned_access=yes}
| 
| #unfs3
| nfsd_cv_broken_setfsuid=${nfsd_cv_broken_setfsuid=0}
| nfsd_cv_func_statfs=${nfsd_cv_func_statfs=statfs2_bsize}
| nfsd_cv_bsd_signals=${nfsd_cv_bsd_signals=yes}
| 
| #apr
| apr_cv_tcp_nodelay_with_cork=${apr_cv_tcp_nodelay_with_cork=yes}
| 
| # lftp
| lftp_cv_va_val_copy=${lftp_cv_va_val_copy=no}
| 
| # slrn
| slrn_cv_va_val_copy=${slrn_cv_va_val_copy=no}
| 
| # grub
| ac_cv_func___ashldi3=no
| ac_cv_func___ashrdi3=no
| ac_cv_func___bswapdi2=no
| ac_cv_func___bswapsi2=no
| ac_cv_func___lshrdi3=no
| ac_cv_func___trampoline_setup=no
| ac_cv_func___ucmpdi2=no
| ac_cv_func__restgpr_14_x=no
| 
| # cvs
| cvs_cv_func_printf_ptr=${cvs_cv_func_printf_ptr=yes}
| 
| # at-spi2-core
| ac_cv_alignof_char=1
| ac_cv_alignof_dbind_pointer=8
| ac_cv_alignof_dbind_struct=1
| ac_cv_alignof_dbus_bool_t=4
| ac_cv_alignof_dbus_int16_t=2
| ac_cv_alignof_dbus_int32_t=4
| ac_cv_alignof_dbus_int64_t=8
| ac_cv_alignof_double=8
configure:2678: loading site script /home/ubuntu/yocto/poky/meta/site/common
| # libelf
| mr_cv_target_elf=${mr_cv_target_elf=yes}
| 
| # Normally kernels have /dev/random enabled
| ac_cv_file__dev_random=${ac_cv_file__dev_random=yes}
| 
| # Avoid sudo to assume void for unsetenv in cross environment, or else it conflicts with
| # target stdlib.h prototype which follows POSIX compiliance. Mark for upstream.
| sudo_cv_func_unsetenv_void=no
| 
| # shadow dir info, to avoid searching build system
| shadow_cv_maildir=${localstatedir}/spool/mail
| shadow_cv_mailfile=Mailbox
| shadow_cv_utmpdir=${localstatedir}/run
| shadow_cv_logdir=${localstatedir}/log
| shadow_cv_passwd_dir=${bindir}
| 
| # python: deactivate a runtime check for ipv6-support in python >=2.7.1 that fails when cross-compiling
| ac_cv_buggy_getaddrinfo=no
| 
| ac_cv_path_SED=${ac_cv_path_SED=sed}
| 
| # General
| ac_cv_have_decl_sys_siglist=${ac_cv_have_decl_sys_siglist=no}
| 
| # bash
| bash_cv_under_sys_siglist=${bash_cv_under_sys_siglist=no}
| bash_cv_sys_siglist=${bash_cv_sys_siglist=no}
configure:3256: looking for aux files: ltmain.sh config.guess config.sub compile missing install-sh
configure:3269:  trying ../../git/glib/
configure:3298:   ../../git/glib/ltmain.sh found
configure:3298:   ../../git/glib/config.guess found
configure:3298:   ../../git/glib/config.sub found
configure:3298:   ../../git/glib/compile found
configure:3298:   ../../git/glib/missing found
configure:3280:   ../../git/glib/install-sh found
configure:3436: checking for a BSD-compatible install
configure:3509: result: /home/ubuntu/yocto/rpi-build/tmp/hosttools/install -c
configure:3520: checking whether build environment is sane
configure:3535: result: yes
configure:3685: checking for a race-free mkdir -p
configure:3729: result: /home/ubuntu/yocto/rpi-build/tmp/hosttools/mkdir -p
configure:3736: checking for gawk
configure:3757: found /home/ubuntu/yocto/rpi-build/tmp/hosttools/gawk
configure:3768: result: gawk
configure:3779: checking whether make sets $(MAKE)
configure:3802: result: yes
configure:3832: checking whether make supports nested variables
configure:3850: result: yes
configure:3930: checking whether UID '1000' is supported by ustar format
configure:3933: result: yes
configure:3940: checking whether GID '1000' is supported by ustar format
configure:3943: result: yes
configure:3951: checking how to create a ustar tar archive
configure:3962: tar --version
tar (GNU tar) 1.34
Copyright (C) 2021 Free Software Foundation, Inc.
License GPLv3+: GNU GPL version 3 or later <https://gnu.org/licenses/gpl.html>.
This is free software: you are free to change and redistribute it.
There is NO WARRANTY, to the extent permitted by law.

Written by John Gilmore and Jay Fenlason.
configure:3965: $? = 0
configure:4005: tardir=conftest.dir && eval tar --format=ustar -chf - "$tardir" >conftest.tar
configure:4008: $? = 0
configure:4012: tar -xf - <conftest.tar
configure:4015: $? = 0
configure:4017: cat conftest.dir/file
GrepMe
configure:4020: $? = 0
configure:4034: result: gnutar
configure:4099: checking whether to enable maintainer-specific portions of Makefiles
configure:4109: result: yes
configure:4138: checking whether make supports nested variables
configure:4156: result: yes
configure:4227: checking for x86_64-linux-gcc
configure:4259: result: gcc 
configure:4657: checking for C compiler version
configure:4666: gcc  --version >&5
gcc (Ubuntu 11.4.0-1ubuntu1~22.04.2) 11.4.0
Copyright (C) 2021 Free Software Foundation, Inc.
This is free software; see the source for copying conditions.  There is NO
warranty; not even for MERCHANTABILITY or FITNESS FOR A PARTICULAR PURPOSE.

configure:4677: $? = 0
configure:4666: gcc  -v >&5
Using built-in specs.
COLLECT_GCC=gcc
COLLECT_LTO_WRAPPER=/usr/lib/gcc/x86_64-linux-gnu/11/lto-wrapper
OFFLOAD_TARGET_NAMES=nvptx-none:amdgcn-amdhsa
OFFLOAD_TARGET_DEFAULT=1
Target: x86_64-linux-gnu
Configured with: ../src/configure -v --with-pkgversion='Ubuntu 11.4.0-1ubuntu1~22.04.2' --with-bugurl=file:///usr/share/doc/gcc-11/README.Bugs --enable-languages=c,ada,c++,go,brig,d,fortran,objc,obj-c++,m2 --prefix=/usr --with-gcc-major-version-only --program-suffix=-11 --program-prefix=x86_64-linux-gnu- --enable-shared --enable-linker-build-id --libexecdir=/usr/lib --without-included-gettext --enable-threads=posix --libdir=/usr/lib --enable-nls --enable-bootstrap --enable-clocale=gnu --enable-libstdcxx-debug --enable-libstdcxx-time=yes --with-default-libstdcxx-abi=new --enable-gnu-unique-object --disable-vtable-verify --enable-plugin --enable-default-pie --with-system-zlib --enable-libphobos-checking=release --with-target-system-zlib=auto --enable-objc-gc=auto --enable-multiarch --disable-werror --enable-cet --with-arch-32=i686 --with-abi=m64 --with-multilib-list=m32,m64,mx32 --enable-multilib --with-tune=generic --enable-offload-targets=nvptx-none=/build/gcc-11-2Y5pKs/gcc-11-11.4.0/debian/tmp-nvptx/usr,amdgcn-amdhsa=/build/gcc-11-2Y5pKs/gcc-11-11.4.0/debian/tmp-gcn/usr --without-cuda-driver --enable-checking=release --build=x86_64-linux-gnu --host=x86_64-linux-gnu --target=x86_64-linux-gnu --with-build-config=bootstrap-lto-lean --enable-link-serialization=2
Thread model: posix
Supported LTO compression algorithms: zlib zstd
gcc version 11.4.0 (Ubuntu 11.4.0-1ubuntu1~22.04.2) 
... rest of stderr output deleted ...
configure:4677: $? = 0
configure:4666: gcc  -V >&5
gcc: error: unrecognized command-line option '-V'
gcc: fatal error: no input files
compilation terminated.
configure:4677: $? = 1
configure:4666: gcc  -qversion >&5
gcc: error: unrecognized command-line option '-qversion'; did you mean '--version'?
gcc: fatal error: no input files
compilation terminated.
configure:4677: $? = 1
configure:4666: gcc  -version >&5
gcc: error: unrecognized command-line option '-version'
gcc: fatal error: no input files
compilation terminated.
configure:4677: $? = 1
configure:4697: checking whether the C compiler works
configure:4719: gcc  -isystem/home/ubuntu/yocto/rpi-build/tmp/work/x86_64-linux/pkgconfig-native/0.29.2+gitAUTOINC+d97db4fae4-r0/recipe-sysroot-native/usr/include -O2 -pipe -isystem/home/ubuntu/yocto/rpi-build/tmp/work/x86_64-linux/pkgconfig-native/0.29.2+gitAUTOINC+d97db4fae4-r0/recipe-sysroot-native/usr/include -L/home/ubuntu/yocto/rpi-build/tmp/work/x86_64-linux/pkgconfig-native/0.29.2+gitAUTOINC+d97db4fae4-r0/recipe-sysroot-native/usr/lib                         -L/home/ubuntu/yocto/rpi-build/tmp/work/x86_64-linux/pkgconfig-native/0.29.2+gitAUTOINC+d97db4fae4-r0/recipe-sysroot-native/lib                         -Wl,--enable-new-dtags                         -Wl,-rpath-link,/home/ubuntu/yocto/rpi-build/tmp/work/x86_64-linux/pkgconfig-native/0.29.2+gitAUTOINC+d97db4fae4-r0/recipe-sysroot-native/usr/lib                         -Wl,-rpath-link,/home/ubuntu/yocto/rpi-build/tmp/work/x86_64-linux/pkgconfig-native/0.29.2+gitAUTOINC+d97db4fae4-r0/recipe-sysroot-native/lib                         -Wl,-rpath,/home/ubuntu/yocto/rpi-build/tmp/work/x86_64-linux/pkgconfig-native/0.29.2+gitAUTOINC+d97db4fae4-r0/recipe-sysroot-native/usr/lib                         -Wl,-rpath,/home/ubuntu/yocto/rpi-build/tmp/work/x86_64-linux/pkgconfig-native/0.29.2+gitAUTOINC+d97db4fae4-r0/recipe-sysroot-native/lib                         -Wl,-O1 -Wl,--allow-shlib-undefined -Wl,--dynamic-linker=/home/ubuntu/yocto/rpi-build/tmp/sysroots-uninative/x86_64-linux/lib/ld-linux-x86-64.so.2 conftest.c  >&5
configure:4723: $? = 0
configure:4773: result: yes
configure:4776: checking for C compiler default output file name
configure:4778: result: a.out
configure:4784: checking for suffix of executables
configure:4791: gcc  -o conftest -isystem/home/ubuntu/yocto/rpi-build/tmp/work/x86_64-linux/pkgconfig-native/0.29.2+gitAUTOINC+d97db4fae4-r0/recipe-sysroot-native/usr/include -O2 -pipe -isystem/home/ubuntu/yocto/rpi-build/tmp/work/x86_64-linux/pkgconfig-native/0.29.2+gitAUTOINC+d97db4fae4-r0/recipe-sysroot-native/usr/include -L/home/ubuntu/yocto/rpi-build/tmp/work/x86_64-linux/pkgconfig-native/0.29.2+gitAUTOINC+d97db4fae4-r0/recipe-sysroot-native/usr/lib                         -L/home/ubuntu/yocto/rpi-build/tmp/work/x86_64-linux/pkgconfig-native/0.29.2+gitAUTOINC+d97db4fae4-r0/recipe-sysroot-native/lib                         -Wl,--enable-new-dtags                         -Wl,-rpath-link,/home/ubuntu/yocto/rpi-build/tmp/work/x86_64-linux/pkgconfig-native/0.29.2+gitAUTOINC+d97db4fae4-r0/recipe-sysroot-native/usr/lib                         -Wl,-rpath-link,/home/ubuntu/yocto/rpi-build/tmp/work/x86_64-linux/pkgconfig-native/0.29.2+gitAUTOINC+d97db4fae4-r0/recipe-sysroot-native/lib                         -Wl,-rpath,/home/ubuntu/yocto/rpi-build/tmp/work/x86_64-linux/pkgconfig-native/0.29.2+gitAUTOINC+d97db4fae4-r0/recipe-sysroot-native/usr/lib                         -Wl,-rpath,/home/ubuntu/yocto/rpi-build/tmp/work/x86_64-linux/pkgconfig-native/0.29.2+gitAUTOINC+d97db4fae4-r0/recipe-sysroot-native/lib                         -Wl,-O1 -Wl,--allow-shlib-undefined -Wl,--dynamic-linker=/home/ubuntu/yocto/rpi-build/tmp/sysroots-uninative/x86_64-linux/lib/ld-linux-x86-64.so.2 conftest.c  >&5
configure:4795: $? = 0
configure:4818: result: 
configure:4840: checking whether we are cross compiling
configure:4848: gcc  -o conftest -isystem/home/ubuntu/yocto/rpi-build/tmp/work/x86_64-linux/pkgconfig-native/0.29.2+gitAUTOINC+d97db4fae4-r0/recipe-sysroot-native/usr/include -O2 -pipe -isystem/home/ubuntu/yocto/rpi-build/tmp/work/x86_64-linux/pkgconfig-native/0.29.2+gitAUTOINC+d97db4fae4-r0/recipe-sysroot-native/usr/include -L/home/ubuntu/yocto/rpi-build/tmp/work/x86_64-linux/pkgconfig-native/0.29.2+gitAUTOINC+d97db4fae4-r0/recipe-sysroot-native/usr/lib                         -L/home/ubuntu/yocto/rpi-build/tmp/work/x86_64-linux/pkgconfig-native/0.29.2+gitAUTOINC+d97db4fae4-r0/recipe-sysroot-native/lib                         -Wl,--enable-new-dtags                         -Wl,-rpath-link,/home/ubuntu/yocto/rpi-build/tmp/work/x86_64-linux/pkgconfig-native/0.29.2+gitAUTOINC+d97db4fae4-r0/recipe-sysroot-native/usr/lib                         -Wl,-rpath-link,/home/ubuntu/yocto/rpi-build/tmp/work/x86_64-linux/pkgconfig-native/0.29.2+gitAUTOINC+d97db4fae4-r0/recipe-sysroot-native/lib                         -Wl,-rpath,/home/ubuntu/yocto/rpi-build/tmp/work/x86_64-linux/pkgconfig-native/0.29.2+gitAUTOINC+d97db4fae4-r0/recipe-sysroot-native/usr/lib                         -Wl,-rpath,/home/ubuntu/yocto/rpi-build/tmp/work/x86_64-linux/pkgconfig-native/0.29.2+gitAUTOINC+d97db4fae4-r0/recipe-sysroot-native/lib                         -Wl,-O1 -Wl,--allow-shlib-undefined -Wl,--dynamic-linker=/home/ubuntu/yocto/rpi-build/tmp/sysroots-uninative/x86_64-linux/lib/ld-linux-x86-64.so.2 conftest.c  >&5
configure:4852: $? = 0
configure:4859: ./conftest
configure:4863: $? = 0
configure:4878: result: no
configure:4883: checking for suffix of object files
configure:4906: gcc  -c -isystem/home/ubuntu/yocto/rpi-build/tmp/work/x86_64-linux/pkgconfig-native/0.29.2+gitAUTOINC+d97db4fae4-r0/recipe-sysroot-native/usr/include -O2 -pipe -isystem/home/ubuntu/yocto/rpi-build/tmp/work/x86_64-linux/pkgconfig-native/0.29.2+gitAUTOINC+d97db4fae4-r0/recipe-sysroot-native/usr/include conftest.c >&5
configure:4910: $? = 0
configure:4932: result: o
configure:4936: checking whether the compiler supports GNU C
configure:4956: gcc  -c -isystem/home/ubuntu/yocto/rpi-build/tmp/work/x86_64-linux/pkgconfig-native/0.29.2+gitAUTOINC+d97db4fae4-r0/recipe-sysroot-native/usr/include -O2 -pipe -isystem/home/ubuntu/yocto/rpi-build/tmp/work/x86_64-linux/pkgconfig-native/0.29.2+gitAUTOINC+d97db4fae4-r0/recipe-sysroot-native/usr/include conftest.c >&5
configure:4956: $? = 0
configure:4966: result: yes
configure:4977: checking whether gcc  accepts -g
configure:4998: gcc  -c -g -isystem/home/ubuntu/yocto/rpi-build/tmp/work/x86_64-linux/pkgconfig-native/0.29.2+gitAUTOINC+d97db4fae4-r0/recipe-sysroot-native/usr/include conftest.c >&5
configure:4998: $? = 0
configure:5042: result: yes
configure:5062: checking for gcc  option to enable C11 features
configure:5077: gcc   -c -isystem/home/ubuntu/yocto/rpi-build/tmp/work/x86_64-linux/pkgconfig-native/0.29.2+gitAUTOINC+d97db4fae4-r0/recipe-sysroot-native/usr/include -O2 -pipe -isystem/home/ubuntu/yocto/rpi-build/tmp/work/x86_64-linux/pkgconfig-native/0.29.2+gitAUTOINC+d97db4fae4-r0/recipe-sysroot-native/usr/include conftest.c >&5
configure:5077: $? = 0
configure:5095: result: none needed
configure:5211: checking whether gcc  understands -c and -o together
configure:5234: gcc  -c conftest.c -o conftest2.o
configure:5237: $? = 0
configure:5234: gcc  -c conftest.c -o conftest2.o
configure:5237: $? = 0
configure:5249: result: yes
configure:5269: checking whether make supports the include directive
configure:5284: make -f confmf.GNU && cat confinc.out
this is the am__doit target
configure:5287: $? = 0
configure:5306: result: yes (GNU style)
configure:5332: checking dependency style of gcc 
configure:5444: result: none
configure:5464: checking how to run the C preprocessor
configure:5532: result: gcc  -E
configure:5546: gcc  -E -isystem/home/ubuntu/yocto/rpi-build/tmp/work/x86_64-linux/pkgconfig-native/0.29.2+gitAUTOINC+d97db4fae4-r0/recipe-sysroot-native/usr/include conftest.c
configure:5546: $? = 0
configure:5561: gcc  -E -isystem/home/ubuntu/yocto/rpi-build/tmp/work/x86_64-linux/pkgconfig-native/0.29.2+gitAUTOINC+d97db4fae4-r0/recipe-sysroot-native/usr/include conftest.c
conftest.c:14:10: fatal error: ac_nonexistent.h: No such file or directory
   14 | #include <ac_nonexistent.h>
      |          ^~~~~~~~~~~~~~~~~~
compilation terminated.
configure:5561: $? = 1
configure: failed program was:
| /* confdefs.h */
| #define PACKAGE_NAME "glib"
| #define PACKAGE_TARNAME "glib"
| #define PACKAGE_VERSION "2.38.2"
| #define PACKAGE_STRING "glib 2.38.2"
| #define PACKAGE_BUGREPORT "http://bugzilla.gnome.org/enter_bug.cgi?product=glib"
| #define PACKAGE_URL ""
| #define GLIB_MAJOR_VERSION 2
| #define GLIB_MINOR_VERSION 38
| #define GLIB_MICRO_VERSION 2
| #define GLIB_INTERFACE_AGE 2
| #define GLIB_BINARY_AGE 3802
| /* end confdefs.h.  */
| #include <ac_nonexistent.h>
configure:5596: checking for stdio.h
configure:5596: gcc  -c -isystem/home/ubuntu/yocto/rpi-build/tmp/work/x86_64-linux/pkgconfig-native/0.29.2+gitAUTOINC+d97db4fae4-r0/recipe-sysroot-native/usr/include -O2 -pipe -isystem/home/ubuntu/yocto/rpi-build/tmp/work/x86_64-linux/pkgconfig-native/0.29.2+gitAUTOINC+d97db4fae4-r0/recipe-sysroot-native/usr/include conftest.c >&5
configure:5596: $? = 0
configure:5596: result: yes
configure:5596: checking for stdlib.h
configure:5596: gcc  -c -isystem/home/ubuntu/yocto/rpi-build/tmp/work/x86_64-linux/pkgconfig-native/0.29.2+gitAUTOINC+d97db4fae4-r0/recipe-sysroot-native/usr/include -O2 -pipe -isystem/home/ubuntu/yocto/rpi-build/tmp/work/x86_64-linux/pkgconfig-native/0.29.2+gitAUTOINC+d97db4fae4-r0/recipe-sysroot-native/usr/include conftest.c >&5
configure:5596: $? = 0
configure:5596: result: yes
configure:5596: checking for string.h
configure:5596: gcc  -c -isystem/home/ubuntu/yocto/rpi-build/tmp/work/x86_64-linux/pkgconfig-native/0.29.2+gitAUTOINC+d97db4fae4-r0/recipe-sysroot-native/usr/include -O2 -pipe -isystem/home/ubuntu/yocto/rpi-build/tmp/work/x86_64-linux/pkgconfig-native/0.29.2+gitAUTOINC+d97db4fae4-r0/recipe-sysroot-native/usr/include conftest.c >&5
configure:5596: $? = 0
configure:5596: result: yes
configure:5596: checking for inttypes.h
configure:5596: gcc  -c -isystem/home/ubuntu/yocto/rpi-build/tmp/work/x86_64-linux/pkgconfig-native/0.29.2+gitAUTOINC+d97db4fae4-r0/recipe-sysroot-native/usr/include -O2 -pipe -isystem/home/ubuntu/yocto/rpi-build/tmp/work/x86_64-linux/pkgconfig-native/0.29.2+gitAUTOINC+d97db4fae4-r0/recipe-sysroot-native/usr/include conftest.c >&5
configure:5596: $? = 0
configure:5596: result: yes
configure:5596: checking for stdint.h
configure:5596: gcc  -c -isystem/home/ubuntu/yocto/rpi-build/tmp/work/x86_64-linux/pkgconfig-native/0.29.2+gitAUTOINC+d97db4fae4-r0/recipe-sysroot-native/usr/include -O2 -pipe -isystem/home/ubuntu/yocto/rpi-build/tmp/work/x86_64-linux/pkgconfig-native/0.29.2+gitAUTOINC+d97db4fae4-r0/recipe-sysroot-native/usr/include conftest.c >&5
configure:5596: $? = 0
configure:5596: result: yes
configure:5596: checking for strings.h
configure:5596: gcc  -c -isystem/home/ubuntu/yocto/rpi-build/tmp/work/x86_64-linux/pkgconfig-native/0.29.2+gitAUTOINC+d97db4fae4-r0/recipe-sysroot-native/usr/include -O2 -pipe -isystem/home/ubuntu/yocto/rpi-build/tmp/work/x86_64-linux/pkgconfig-native/0.29.2+gitAUTOINC+d97db4fae4-r0/recipe-sysroot-native/usr/include conftest.c >&5
configure:5596: $? = 0
configure:5596: result: yes
configure:5596: checking for sys/stat.h
configure:5596: gcc  -c -isystem/home/ubuntu/yocto/rpi-build/tmp/work/x86_64-linux/pkgconfig-native/0.29.2+gitAUTOINC+d97db4fae4-r0/recipe-sysroot-native/usr/include -O2 -pipe -isystem/home/ubuntu/yocto/rpi-build/tmp/work/x86_64-linux/pkgconfig-native/0.29.2+gitAUTOINC+d97db4fae4-r0/recipe-sysroot-native/usr/include conftest.c >&5
configure:5596: $? = 0
configure:5596: result: yes
configure:5596: checking for sys/types.h
configure:5596: gcc  -c -isystem/home/ubuntu/yocto/rpi-build/tmp/work/x86_64-linux/pkgconfig-native/0.29.2+gitAUTOINC+d97db4fae4-r0/recipe-sysroot-native/usr/include -O2 -pipe -isystem/home/ubuntu/yocto/rpi-build/tmp/work/x86_64-linux/pkgconfig-native/0.29.2+gitAUTOINC+d97db4fae4-r0/recipe-sysroot-native/usr/include conftest.c >&5
configure:5596: $? = 0
configure:5596: result: yes
configure:5596: checking for unistd.h
configure:5596: gcc  -c -isystem/home/ubuntu/yocto/rpi-build/tmp/work/x86_64-linux/pkgconfig-native/0.29.2+gitAUTOINC+d97db4fae4-r0/recipe-sysroot-native/usr/include -O2 -pipe -isystem/home/ubuntu/yocto/rpi-build/tmp/work/x86_64-linux/pkgconfig-native/0.29.2+gitAUTOINC+d97db4fae4-r0/recipe-sysroot-native/usr/include conftest.c >&5
configure:5596: $? = 0
configure:5596: result: yes
configure:5596: checking for wchar.h
configure:5596: gcc  -c -isystem/home/ubuntu/yocto/rpi-build/tmp/work/x86_64-linux/pkgconfig-native/0.29.2+gitAUTOINC+d97db4fae4-r0/recipe-sysroot-native/usr/include -O2 -pipe -isystem/home/ubuntu/yocto/rpi-build/tmp/work/x86_64-linux/pkgconfig-native/0.29.2+gitAUTOINC+d97db4fae4-r0/recipe-sysroot-native/usr/include conftest.c >&5
configure:5596: $? = 0
configure:5596: result: yes
configure:5596: checking for minix/config.h
configure:5596: gcc  -c -isystem/home/ubuntu/yocto/rpi-build/tmp/work/x86_64-linux/pkgconfig-native/0.29.2+gitAUTOINC+d97db4fae4-r0/recipe-sysroot-native/usr/include -O2 -pipe -isystem/home/ubuntu/yocto/rpi-build/tmp/work/x86_64-linux/pkgconfig-native/0.29.2+gitAUTOINC+d97db4fae4-r0/recipe-sysroot-native/usr/include conftest.c >&5
conftest.c:52:10: fatal error: minix/config.h: No such file or directory
   52 | #include <minix/config.h>
      |          ^~~~~~~~~~~~~~~~
compilation terminated.
configure:5596: $? = 1
configure: failed program was:
| /* confdefs.h */
| #define PACKAGE_NAME "glib"
| #define PACKAGE_TARNAME "glib"
| #define PACKAGE_VERSION "2.38.2"
| #define PACKAGE_STRING "glib 2.38.2"
| #define PACKAGE_BUGREPORT "http://bugzilla.gnome.org/enter_bug.cgi?product=glib"
| #define PACKAGE_URL ""
| #define GLIB_MAJOR_VERSION 2
| #define GLIB_MINOR_VERSION 38
| #define GLIB_MICRO_VERSION 2
| #define GLIB_INTERFACE_AGE 2
| #define GLIB_BINARY_AGE 3802
| #define HAVE_STDIO_H 1
| #define HAVE_STDLIB_H 1
| #define HAVE_STRING_H 1
| #define HAVE_INTTYPES_H 1
| #define HAVE_STDINT_H 1
| #define HAVE_STRINGS_H 1
| #define HAVE_SYS_STAT_H 1
| #define HAVE_SYS_TYPES_H 1
| #define HAVE_UNISTD_H 1
| #define HAVE_WCHAR_H 1
| /* end confdefs.h.  */
| #include <stddef.h>
| #ifdef HAVE_STDIO_H
| # include <stdio.h>
| #endif
| #ifdef HAVE_STDLIB_H
| # include <stdlib.h>
| #endif
| #ifdef HAVE_STRING_H
| # include <string.h>
| #endif
| #ifdef HAVE_INTTYPES_H
| # include <inttypes.h>
| #endif
| #ifdef HAVE_STDINT_H
| # include <stdint.h>
| #endif
| #ifdef HAVE_STRINGS_H
| # include <strings.h>
| #endif
| #ifdef HAVE_SYS_TYPES_H
| # include <sys/types.h>
| #endif
| #ifdef HAVE_SYS_STAT_H
| # include <sys/stat.h>
| #endif
| #ifdef HAVE_UNISTD_H
| # include <unistd.h>
| #endif
| #include <minix/config.h>
configure:5596: result: no
configure:5627: checking whether it is safe to define __EXTENSIONS__
configure:5646: gcc  -c -isystem/home/ubuntu/yocto/rpi-build/tmp/work/x86_64-linux/pkgconfig-native/0.29.2+gitAUTOINC+d97db4fae4-r0/recipe-sysroot-native/usr/include -O2 -pipe -isystem/home/ubuntu/yocto/rpi-build/tmp/work/x86_64-linux/pkgconfig-native/0.29.2+gitAUTOINC+d97db4fae4-r0/recipe-sysroot-native/usr/include conftest.c >&5
configure:5646: $? = 0
configure:5654: result: yes
configure:5657: checking whether _XOPEN_SOURCE should be defined
configure:5679: gcc  -c -isystem/home/ubuntu/yocto/rpi-build/tmp/work/x86_64-linux/pkgconfig-native/0.29.2+gitAUTOINC+d97db4fae4-r0/recipe-sysroot-native/usr/include -O2 -pipe -isystem/home/ubuntu/yocto/rpi-build/tmp/work/x86_64-linux/pkgconfig-native/0.29.2+gitAUTOINC+d97db4fae4-r0/recipe-sysroot-native/usr/include conftest.c >&5
configure:5679: $? = 0
configure:5706: result: no
configure:5778: checking build system type
configure:5793: result: x86_64-pc-linux-gnu
configure:5813: checking host system type
configure:5827: result: x86_64-pc-linux-gnu
configure:5848: checking for the BeOS
configure:5858: result: no
configure:5862: checking for Win32
configure:5900: result: no
configure:5903: checking for the Android
configure:5913: result: no
configure:5919: checking for Mac OS X Carbon support
configure:5929: gcc  -E -isystem/home/ubuntu/yocto/rpi-build/tmp/work/x86_64-linux/pkgconfig-native/0.29.2+gitAUTOINC+d97db4fae4-r0/recipe-sysroot-native/usr/include conftest.c
conftest.c:42:10: fatal error: Carbon/Carbon.h: No such file or directory
   42 | #include <Carbon/Carbon.h>
      |          ^~~~~~~~~~~~~~~~~
compilation terminated.
configure:5929: $? = 1
configure: failed program was:
| /* confdefs.h */
| #define PACKAGE_NAME "glib"
| #define PACKAGE_TARNAME "glib"
| #define PACKAGE_VERSION "2.38.2"
| #define PACKAGE_STRING "glib 2.38.2"
| #define PACKAGE_BUGREPORT "http://bugzilla.gnome.org/enter_bug.cgi?product=glib"
| #define PACKAGE_URL ""
| #define GLIB_MAJOR_VERSION 2
| #define GLIB_MINOR_VERSION 38
| #define GLIB_MICRO_VERSION 2
| #define GLIB_INTERFACE_AGE 2
| #define GLIB_BINARY_AGE 3802
| #define HAVE_STDIO_H 1
| #define HAVE_STDLIB_H 1
| #define HAVE_STRING_H 1
| #define HAVE_INTTYPES_H 1
| #define HAVE_STDINT_H 1
| #define HAVE_STRINGS_H 1
| #define HAVE_SYS_STAT_H 1
| #define HAVE_SYS_TYPES_H 1
| #define HAVE_UNISTD_H 1
| #define HAVE_WCHAR_H 1
| #define STDC_HEADERS 1
| #define _ALL_SOURCE 1
| #define _DARWIN_C_SOURCE 1
| #define _GNU_SOURCE 1
| #define _HPUX_ALT_XOPEN_SOCKET_API 1
| #define _NETBSD_SOURCE 1
| #define _OPENBSD_SOURCE 1
| #define _POSIX_PTHREAD_SEMANTICS 1
| #define __STDC_WANT_IEC_60559_ATTRIBS_EXT__ 1
| #define __STDC_WANT_IEC_60559_BFP_EXT__ 1
| #define __STDC_WANT_IEC_60559_DFP_EXT__ 1
| #define __STDC_WANT_IEC_60559_FUNCS_EXT__ 1
| #define __STDC_WANT_IEC_60559_TYPES_EXT__ 1
| #define __STDC_WANT_LIB_EXT2__ 1
| #define __STDC_WANT_MATH_SPEC_FUNCS__ 1
| #define _TANDEM_SOURCE 1
| #define __EXTENSIONS__ 1
| /* end confdefs.h.  */
| 
| #include <Carbon/Carbon.h>
| #include <CoreServices/CoreServices.h>
| 
configure:5935: result: no
configure:5939: checking for Mac OS X Cocoa support
configure:5950: gcc  -E -isystem/home/ubuntu/yocto/rpi-build/tmp/work/x86_64-linux/pkgconfig-native/0.29.2+gitAUTOINC+d97db4fae4-r0/recipe-sysroot-native/usr/include conftest.c
conftest.c:42:10: fatal error: Cocoa/Cocoa.h: No such file or directory
   42 | #include <Cocoa/Cocoa.h>
      |          ^~~~~~~~~~~~~~~
compilation terminated.
configure:5950: $? = 1
configure: failed program was:
| /* confdefs.h */
| #define PACKAGE_NAME "glib"
| #define PACKAGE_TARNAME "glib"
| #define PACKAGE_VERSION "2.38.2"
| #define PACKAGE_STRING "glib 2.38.2"
| #define PACKAGE_BUGREPORT "http://bugzilla.gnome.org/enter_bug.cgi?product=glib"
| #define PACKAGE_URL ""
| #define GLIB_MAJOR_VERSION 2
| #define GLIB_MINOR_VERSION 38
| #define GLIB_MICRO_VERSION 2
| #define GLIB_INTERFACE_AGE 2
| #define GLIB_BINARY_AGE 3802
| #define HAVE_STDIO_H 1
| #define HAVE_STDLIB_H 1
| #define HAVE_STRING_H 1
| #define HAVE_INTTYPES_H 1
| #define HAVE_STDINT_H 1
| #define HAVE_STRINGS_H 1
| #define HAVE_SYS_STAT_H 1
| #define HAVE_SYS_TYPES_H 1
| #define HAVE_UNISTD_H 1
| #define HAVE_WCHAR_H 1
| #define STDC_HEADERS 1
| #define _ALL_SOURCE 1
| #define _DARWIN_C_SOURCE 1
| #define _GNU_SOURCE 1
| #define _HPUX_ALT_XOPEN_SOCKET_API 1
| #define _NETBSD_SOURCE 1
| #define _OPENBSD_SOURCE 1
| #define _POSIX_PTHREAD_SEMANTICS 1
| #define __STDC_WANT_IEC_60559_ATTRIBS_EXT__ 1
| #define __STDC_WANT_IEC_60559_BFP_EXT__ 1
| #define __STDC_WANT_IEC_60559_DFP_EXT__ 1
| #define __STDC_WANT_IEC_60559_FUNCS_EXT__ 1
| #define __STDC_WANT_IEC_60559_TYPES_EXT__ 1
| #define __STDC_WANT_LIB_EXT2__ 1
| #define __STDC_WANT_MATH_SPEC_FUNCS__ 1
| #define _TANDEM_SOURCE 1
| #define __EXTENSIONS__ 1
| /* end confdefs.h.  */
| 
| #include <Cocoa/Cocoa.h>
| #ifdef GNUSTEP_BASE_VERSION
| #error "Detected GNUstep, not Cocoa"
| #endif
| 
configure:5956: result: no
configure:6575: checking whether to enable garbage collector friendliness
configure:6587: result: no
configure:6591: checking whether to disable memory pools
configure:6596: result: no
configure:6636: checking for x86_64-linux-c++
configure:6668: result: g++ 
configure:6876: checking for C++ compiler version
configure:6885: g++  --version >&5
g++ (Ubuntu 11.4.0-1ubuntu1~22.04.2) 11.4.0
Copyright (C) 2021 Free Software Foundation, Inc.
This is free software; see the source for copying conditions.  There is NO
warranty; not even for MERCHANTABILITY or FITNESS FOR A PARTICULAR PURPOSE.

configure:6896: $? = 0
configure:6885: g++  -v >&5
Using built-in specs.
COLLECT_GCC=g++
COLLECT_LTO_WRAPPER=/usr/lib/gcc/x86_64-linux-gnu/11/lto-wrapper
OFFLOAD_TARGET_NAMES=nvptx-none:amdgcn-amdhsa
OFFLOAD_TARGET_DEFAULT=1
Target: x86_64-linux-gnu
Configured with: ../src/configure -v --with-pkgversion='Ubuntu 11.4.0-1ubuntu1~22.04.2' --with-bugurl=file:///usr/share/doc/gcc-11/README.Bugs --enable-languages=c,ada,c++,go,brig,d,fortran,objc,obj-c++,m2 --prefix=/usr --with-gcc-major-version-only --program-suffix=-11 --program-prefix=x86_64-linux-gnu- --enable-shared --enable-linker-build-id --libexecdir=/usr/lib --without-included-gettext --enable-threads=posix --libdir=/usr/lib --enable-nls --enable-bootstrap --enable-clocale=gnu --enable-libstdcxx-debug --enable-libstdcxx-time=yes --with-default-libstdcxx-abi=new --enable-gnu-unique-object --disable-vtable-verify --enable-plugin --enable-default-pie --with-system-zlib --enable-libphobos-checking=release --with-target-system-zlib=auto --enable-objc-gc=auto --enable-multiarch --disable-werror --enable-cet --with-arch-32=i686 --with-abi=m64 --with-multilib-list=m32,m64,mx32 --enable-multilib --with-tune=generic --enable-offload-targets=nvptx-none=/build/gcc-11-2Y5pKs/gcc-11-11.4.0/debian/tmp-nvptx/usr,amdgcn-amdhsa=/build/gcc-11-2Y5pKs/gcc-11-11.4.0/debian/tmp-gcn/usr --without-cuda-driver --enable-checking=release --build=x86_64-linux-gnu --host=x86_64-linux-gnu --target=x86_64-linux-gnu --with-build-config=bootstrap-lto-lean --enable-link-serialization=2
Thread model: posix
Supported LTO compression algorithms: zlib zstd
gcc version 11.4.0 (Ubuntu 11.4.0-1ubuntu1~22.04.2) 
... rest of stderr output deleted ...
configure:6896: $? = 0
configure:6885: g++  -V >&5
g++: error: unrecognized command-line option '-V'
g++: fatal error: no input files
compilation terminated.
configure:6896: $? = 1
configure:6885: g++  -qversion >&5
g++: error: unrecognized command-line option '-qversion'; did you mean '--version'?
g++: fatal error: no input files
compilation terminated.
configure:6896: $? = 1
configure:6900: checking whether the compiler supports GNU C++
configure:6920: g++  -c -isystem/home/ubuntu/yocto/rpi-build/tmp/work/x86_64-linux/pkgconfig-native/0.29.2+gitAUTOINC+d97db4fae4-r0/recipe-sysroot-native/usr/include -O2 -pipe -isystem/home/ubuntu/yocto/rpi-build/tmp/work/x86_64-linux/pkgconfig-native/0.29.2+gitAUTOINC+d97db4fae4-r0/recipe-sysroot-native/usr/include conftest.cpp >&5
configure:6920: $? = 0
configure:6930: result: yes
configure:6941: checking whether g++  accepts -g
configure:6962: g++  -c -g -isystem/home/ubuntu/yocto/rpi-build/tmp/work/x86_64-linux/pkgconfig-native/0.29.2+gitAUTOINC+d97db4fae4-r0/recipe-sysroot-native/usr/include conftest.cpp >&5
configure:6962: $? = 0
configure:7006: result: yes
configure:7026: checking for g++  option to enable C++11 features
configure:7041: g++   -c -isystem/home/ubuntu/yocto/rpi-build/tmp/work/x86_64-linux/pkgconfig-native/0.29.2+gitAUTOINC+d97db4fae4-r0/recipe-sysroot-native/usr/include -O2 -pipe -isystem/home/ubuntu/yocto/rpi-build/tmp/work/x86_64-linux/pkgconfig-native/0.29.2+gitAUTOINC+d97db4fae4-r0/recipe-sysroot-native/usr/include conftest.cpp >&5
conftest.cpp: In function 'int main(int, char**)':
conftest.cpp:207:25: warning: empty parentheses were disambiguated as a function declaration [-Wvexing-parse]
  207 |   cxx11test::delegate d2();
      |                         ^~
conftest.cpp:207:25: note: remove parentheses to default-initialize a variable
  207 |   cxx11test::delegate d2();
      |                         ^~
      |                         --
conftest.cpp:207:25: note: or replace parentheses with braces to value-initialize a variable
configure:7041: $? = 0
configure:7059: result: none needed
configure:7125: checking dependency style of g++ 
configure:7237: result: none
configure:7264: g++  -c -isystem/home/ubuntu/yocto/rpi-build/tmp/work/x86_64-linux/pkgconfig-native/0.29.2+gitAUTOINC+d97db4fae4-r0/recipe-sysroot-native/usr/include -O2 -pipe -isystem/home/ubuntu/yocto/rpi-build/tmp/work/x86_64-linux/pkgconfig-native/0.29.2+gitAUTOINC+d97db4fae4-r0/recipe-sysroot-native/usr/include conftest.cpp >&5
configure:7264: $? = 0
configure:7297: checking for special C compiler options needed for large files
configure:7345: result: no
configure:7351: checking for _FILE_OFFSET_BITS value needed for large files
configure:7377: gcc  -c -isystem/home/ubuntu/yocto/rpi-build/tmp/work/x86_64-linux/pkgconfig-native/0.29.2+gitAUTOINC+d97db4fae4-r0/recipe-sysroot-native/usr/include -O2 -pipe -isystem/home/ubuntu/yocto/rpi-build/tmp/work/x86_64-linux/pkgconfig-native/0.29.2+gitAUTOINC+d97db4fae4-r0/recipe-sysroot-native/usr/include conftest.c >&5
configure:7377: $? = 0
configure:7411: result: no
configure:7559: checking for gawk
configure:7591: result: gawk
configure:7606: checking for perl5
configure:7641: result: no
configure:7606: checking for perl
configure:7627: found /home/ubuntu/yocto/rpi-build/tmp/hosttools/perl
configure:7638: result: perl
configure:7652: checking for indent
configure:7687: result: no
configure:7706: checking for perl
configure:7729: found /home/ubuntu/yocto/rpi-build/tmp/hosttools/perl
configure:7741: result: /home/ubuntu/yocto/rpi-build/tmp/hosttools/perl
configure:7804: checking for a Python interpreter with version >= 2.5
configure:7822: python -c import sys # split strings by '.' and convert to numeric. Append some zeros # because we need at least 4 digits for the hex conversion. # map returns an iterator in Python 3.0 and a list in 2.x minver = list(map(int, '2.5'.split('.'))) + [0, 0, 0] minverhex = 0 # xrange is not present in Python 3.0 and range returns an iterator for i in list(range(0, 4)): minverhex = (minverhex << 8) + minver[i] sys.exit(sys.hexversion < minverhex)
../../git/glib/configure: line 7823: python: command not found
configure:7825: $? = 127
configure:7822: python2 -c import sys # split strings by '.' and convert to numeric. Append some zeros # because we need at least 4 digits for the hex conversion. # map returns an iterator in Python 3.0 and a list in 2.x minver = list(map(int, '2.5'.split('.'))) + [0, 0, 0] minverhex = 0 # xrange is not present in Python 3.0 and range returns an iterator for i in list(range(0, 4)): minverhex = (minverhex << 8) + minver[i] sys.exit(sys.hexversion < minverhex)
../../git/glib/configure: line 7823: python2: command not found
configure:7825: $? = 127
configure:7822: python3 -c import sys # split strings by '.' and convert to numeric. Append some zeros # because we need at least 4 digits for the hex conversion. # map returns an iterator in Python 3.0 and a list in 2.x minver = list(map(int, '2.5'.split('.'))) + [0, 0, 0] minverhex = 0 # xrange is not present in Python 3.0 and range returns an iterator for i in list(range(0, 4)): minverhex = (minverhex << 8) + minver[i] sys.exit(sys.hexversion < minverhex)
configure:7825: $? = 0
configure:7832: result: python3
configure:7840: checking for python3
configure:7863: found /home/ubuntu/yocto/rpi-build/tmp/hosttools/python3
configure:7875: result: /home/ubuntu/yocto/rpi-build/tmp/hosttools/python3
configure:7892: checking for python3 version
configure:7900: result: 3.10
configure:7908: checking for python3 platform
configure:7916: result: linux
configure:7977: checking for GNU default python3 prefix
configure:7979: result: ${prefix}
configure:8045: checking for GNU default python3 exec_prefix
configure:8047: result: ${exec_prefix}
configure:8078: checking for python3 script directory (pythondir)
configure:8106: result: ${libdir}/python3.10/site-packages
configure:8114: checking for python3 extension module directory (pyexecdir)
configure:8142: result: ${libdir}/python3.10/site-packages
configure:8178: checking for iconv_open
configure:8178: gcc  -o conftest -isystem/home/ubuntu/yocto/rpi-build/tmp/work/x86_64-linux/pkgconfig-native/0.29.2+gitAUTOINC+d97db4fae4-r0/recipe-sysroot-native/usr/include -O2 -pipe -isystem/home/ubuntu/yocto/rpi-build/tmp/work/x86_64-linux/pkgconfig-native/0.29.2+gitAUTOINC+d97db4fae4-r0/recipe-sysroot-native/usr/include -L/home/ubuntu/yocto/rpi-build/tmp/work/x86_64-linux/pkgconfig-native/0.29.2+gitAUTOINC+d97db4fae4-r0/recipe-sysroot-native/usr/lib                         -L/home/ubuntu/yocto/rpi-build/tmp/work/x86_64-linux/pkgconfig-native/0.29.2+gitAUTOINC+d97db4fae4-r0/recipe-sysroot-native/lib                         -Wl,--enable-new-dtags                         -Wl,-rpath-link,/home/ubuntu/yocto/rpi-build/tmp/work/x86_64-linux/pkgconfig-native/0.29.2+gitAUTOINC+d97db4fae4-r0/recipe-sysroot-native/usr/lib                         -Wl,-rpath-link,/home/ubuntu/yocto/rpi-build/tmp/work/x86_64-linux/pkgconfig-native/0.29.2+gitAUTOINC+d97db4fae4-r0/recipe-sysroot-native/lib                         -Wl,-rpath,/home/ubuntu/yocto/rpi-build/tmp/work/x86_64-linux/pkgconfig-native/0.29.2+gitAUTOINC+d97db4fae4-r0/recipe-sysroot-native/usr/lib                         -Wl,-rpath,/home/ubuntu/yocto/rpi-build/tmp/work/x86_64-linux/pkgconfig-native/0.29.2+gitAUTOINC+d97db4fae4-r0/recipe-sysroot-native/lib                         -Wl,-O1 -Wl,--allow-shlib-undefined -Wl,--dynamic-linker=/home/ubuntu/yocto/rpi-build/tmp/sysroots-uninative/x86_64-linux/lib/ld-linux-x86-64.so.2 conftest.c  >&5
configure:8178: $? = 0
configure:8178: result: yes
configure:8460: checking how to print strings
configure:8487: result: printf
configure:8508: checking for a sed that does not truncate output
configure:8578: result: sed
configure:8596: checking for grep that handles long lines and -e
configure:8660: result: /home/ubuntu/yocto/rpi-build/tmp/hosttools/grep
configure:8665: checking for egrep
configure:8733: result: /home/ubuntu/yocto/rpi-build/tmp/hosttools/grep -E
configure:8738: checking for fgrep
configure:8806: result: /home/ubuntu/yocto/rpi-build/tmp/hosttools/grep -F
configure:8842: checking for ld used by gcc 
configure:8910: result: ld  -m elf_x86_64
configure:8917: checking if the linker (ld  -m elf_x86_64) is GNU ld
configure:8933: result: yes
configure:8945: checking for BSD- or MS-compatible name lister (nm)
configure:9000: result: nm
configure:9140: checking the name lister (nm) interface
configure:9148: gcc  -c -isystem/home/ubuntu/yocto/rpi-build/tmp/work/x86_64-linux/pkgconfig-native/0.29.2+gitAUTOINC+d97db4fae4-r0/recipe-sysroot-native/usr/include -O2 -pipe -isystem/home/ubuntu/yocto/rpi-build/tmp/work/x86_64-linux/pkgconfig-native/0.29.2+gitAUTOINC+d97db4fae4-r0/recipe-sysroot-native/usr/include conftest.c >&5
configure:9151: nm "conftest.o"
configure:9154: output
0000000000000000 B some_variable
configure:9161: result: BSD nm
configure:9164: checking whether ln -s works
configure:9168: result: yes
configure:9176: checking the maximum length of command line arguments
configure:9308: result: 1572864
configure:9356: checking how to convert x86_64-pc-linux-gnu file names to x86_64-pc-linux-gnu format
configure:9397: result: func_convert_file_noop
configure:9404: checking how to convert x86_64-pc-linux-gnu file names to toolchain format
configure:9425: result: func_convert_file_noop
configure:9432: checking for ld  -m elf_x86_64 option to reload object files
configure:9440: result: -r
configure:9474: checking for x86_64-linux-file
configure:9509: result: no
configure:9519: checking for file
configure:9540: found /home/ubuntu/yocto/rpi-build/tmp/hosttools/file
configure:9551: result: file
configure:9582: checking for x86_64-linux-objdump
configure:9614: result: objdump
configure:9688: checking how to recognize dependent libraries
configure:9889: result: pass_all
configure:9934: checking for x86_64-linux-dlltool
configure:9969: result: no
configure:9979: checking for dlltool
configure:10014: result: no
configure:10041: checking how to associate runtime and link libraries
configure:10069: result: printf %s\n
configure:10085: checking for x86_64-linux-ar
configure:10117: result: ar
configure:10219: checking for archiver @FILE support
configure:10237: gcc  -c -isystem/home/ubuntu/yocto/rpi-build/tmp/work/x86_64-linux/pkgconfig-native/0.29.2+gitAUTOINC+d97db4fae4-r0/recipe-sysroot-native/usr/include -O2 -pipe -isystem/home/ubuntu/yocto/rpi-build/tmp/work/x86_64-linux/pkgconfig-native/0.29.2+gitAUTOINC+d97db4fae4-r0/recipe-sysroot-native/usr/include conftest.c >&5
configure:10237: $? = 0
configure:10241: ar cr libconftest.a @conftest.lst >&5
configure:10244: $? = 0
configure:10249: ar cr libconftest.a @conftest.lst >&5
/home/ubuntu/yocto/poky/scripts/native-intercept/ar: conftest.o: No such file or directory
configure:10252: $? = 1
configure:10264: result: @
configure:10282: checking for x86_64-linux-strip
configure:10314: result: strip
configure:10391: checking for x86_64-linux-ranlib
configure:10423: result: ranlib -D
configure:10570: checking command to parse nm output from gcc  object
configure:10724: gcc  -c -isystem/home/ubuntu/yocto/rpi-build/tmp/work/x86_64-linux/pkgconfig-native/0.29.2+gitAUTOINC+d97db4fae4-r0/recipe-sysroot-native/usr/include -O2 -pipe -isystem/home/ubuntu/yocto/rpi-build/tmp/work/x86_64-linux/pkgconfig-native/0.29.2+gitAUTOINC+d97db4fae4-r0/recipe-sysroot-native/usr/include conftest.c >&5
configure:10727: $? = 0
configure:10731: nm conftest.o \| sed -n -e 's/^.*[ ]\([ABCDGIRSTW][ABCDGIRSTW]*\)[ ][ ]*\([_A-Za-z][_A-Za-z0-9]*\)$/\1 \2 \2/p' | sed '/ __gnu_lto/d' \> conftest.nm
configure:10734: $? = 0
configure:10800: gcc  -o conftest -isystem/home/ubuntu/yocto/rpi-build/tmp/work/x86_64-linux/pkgconfig-native/0.29.2+gitAUTOINC+d97db4fae4-r0/recipe-sysroot-native/usr/include -O2 -pipe -isystem/home/ubuntu/yocto/rpi-build/tmp/work/x86_64-linux/pkgconfig-native/0.29.2+gitAUTOINC+d97db4fae4-r0/recipe-sysroot-native/usr/include -L/home/ubuntu/yocto/rpi-build/tmp/work/x86_64-linux/pkgconfig-native/0.29.2+gitAUTOINC+d97db4fae4-r0/recipe-sysroot-native/usr/lib                         -L/home/ubuntu/yocto/rpi-build/tmp/work/x86_64-linux/pkgconfig-native/0.29.2+gitAUTOINC+d97db4fae4-r0/recipe-sysroot-native/lib                         -Wl,--enable-new-dtags                         -Wl,-rpath-link,/home/ubuntu/yocto/rpi-build/tmp/work/x86_64-linux/pkgconfig-native/0.29.2+gitAUTOINC+d97db4fae4-r0/recipe-sysroot-native/usr/lib                         -Wl,-rpath-link,/home/ubuntu/yocto/rpi-build/tmp/work/x86_64-linux/pkgconfig-native/0.29.2+gitAUTOINC+d97db4fae4-r0/recipe-sysroot-native/lib                         -Wl,-rpath,/home/ubuntu/yocto/rpi-build/tmp/work/x86_64-linux/pkgconfig-native/0.29.2+gitAUTOINC+d97db4fae4-r0/recipe-sysroot-native/usr/lib                         -Wl,-rpath,/home/ubuntu/yocto/rpi-build/tmp/work/x86_64-linux/pkgconfig-native/0.29.2+gitAUTOINC+d97db4fae4-r0/recipe-sysroot-native/lib                         -Wl,-O1 -Wl,--allow-shlib-undefined -Wl,--dynamic-linker=/home/ubuntu/yocto/rpi-build/tmp/sysroots-uninative/x86_64-linux/lib/ld-linux-x86-64.so.2 conftest.c conftstm.o >&5
configure:10803: $? = 0
configure:10841: result: ok
configure:10888: checking for sysroot
configure:10923: result: no
configure:10930: checking for a working dd
configure:10974: result: /home/ubuntu/yocto/rpi-build/tmp/hosttools/dd
configure:10978: checking how to truncate binary pipes
configure:10994: result: /home/ubuntu/yocto/rpi-build/tmp/hosttools/dd bs=4096 count=1
configure:11131: gcc  -c -isystem/home/ubuntu/yocto/rpi-build/tmp/work/x86_64-linux/pkgconfig-native/0.29.2+gitAUTOINC+d97db4fae4-r0/recipe-sysroot-native/usr/include -O2 -pipe -isystem/home/ubuntu/yocto/rpi-build/tmp/work/x86_64-linux/pkgconfig-native/0.29.2+gitAUTOINC+d97db4fae4-r0/recipe-sysroot-native/usr/include conftest.c >&5
configure:11134: $? = 0
configure:11286: checking for x86_64-linux-mt
configure:11321: result: no
configure:11331: checking for mt
configure:11366: result: no
configure:11386: checking if : is a manifest tool
configure:11393: : '-?'
configure:11401: result: no
configure:12122: checking for dlfcn.h
configure:12122: gcc  -c -isystem/home/ubuntu/yocto/rpi-build/tmp/work/x86_64-linux/pkgconfig-native/0.29.2+gitAUTOINC+d97db4fae4-r0/recipe-sysroot-native/usr/include -O2 -pipe -isystem/home/ubuntu/yocto/rpi-build/tmp/work/x86_64-linux/pkgconfig-native/0.29.2+gitAUTOINC+d97db4fae4-r0/recipe-sysroot-native/usr/include conftest.c >&5
configure:12122: $? = 0
configure:12122: result: yes
configure:12718: checking for objdir
configure:12734: result: .libs
configure:12998: checking if gcc  supports -fno-rtti -fno-exceptions
configure:13017: gcc  -c -isystem/home/ubuntu/yocto/rpi-build/tmp/work/x86_64-linux/pkgconfig-native/0.29.2+gitAUTOINC+d97db4fae4-r0/recipe-sysroot-native/usr/include -O2 -pipe -isystem/home/ubuntu/yocto/rpi-build/tmp/work/x86_64-linux/pkgconfig-native/0.29.2+gitAUTOINC+d97db4fae4-r0/recipe-sysroot-native/usr/include -fno-rtti -fno-exceptions conftest.c >&5
cc1: warning: command-line option '-fno-rtti' is valid for C++/D/ObjC++ but not for C
configure:13021: $? = 0
configure:13034: result: no
configure:13392: checking for gcc  option to produce PIC
configure:13400: result: -fPIC -DPIC
configure:13408: checking if gcc  PIC flag -fPIC -DPIC works
configure:13427: gcc  -c -isystem/home/ubuntu/yocto/rpi-build/tmp/work/x86_64-linux/pkgconfig-native/0.29.2+gitAUTOINC+d97db4fae4-r0/recipe-sysroot-native/usr/include -O2 -pipe -isystem/home/ubuntu/yocto/rpi-build/tmp/work/x86_64-linux/pkgconfig-native/0.29.2+gitAUTOINC+d97db4fae4-r0/recipe-sysroot-native/usr/include -fPIC -DPIC -DPIC conftest.c >&5
configure:13431: $? = 0
configure:13444: result: yes
configure:13473: checking if gcc  static flag -static works
configure:13502: result: yes
configure:13517: checking if gcc  supports -c -o file.o
configure:13539: gcc  -c -isystem/home/ubuntu/yocto/rpi-build/tmp/work/x86_64-linux/pkgconfig-native/0.29.2+gitAUTOINC+d97db4fae4-r0/recipe-sysroot-native/usr/include -O2 -pipe -isystem/home/ubuntu/yocto/rpi-build/tmp/work/x86_64-linux/pkgconfig-native/0.29.2+gitAUTOINC+d97db4fae4-r0/recipe-sysroot-native/usr/include -o out/conftest2.o conftest.c >&5
configure:13543: $? = 0
configure:13565: result: yes
configure:13573: checking if gcc  supports -c -o file.o
configure:13621: result: yes
configure:13654: checking whether the gcc  linker (ld  -m elf_x86_64 -m elf_x86_64) supports shared libraries
configure:14922: result: yes
configure:15163: checking dynamic linker characteristics
configure:15745: gcc  -o conftest -isystem/home/ubuntu/yocto/rpi-build/tmp/work/x86_64-linux/pkgconfig-native/0.29.2+gitAUTOINC+d97db4fae4-r0/recipe-sysroot-native/usr/include -O2 -pipe -isystem/home/ubuntu/yocto/rpi-build/tmp/work/x86_64-linux/pkgconfig-native/0.29.2+gitAUTOINC+d97db4fae4-r0/recipe-sysroot-native/usr/include -L/home/ubuntu/yocto/rpi-build/tmp/work/x86_64-linux/pkgconfig-native/0.29.2+gitAUTOINC+d97db4fae4-r0/recipe-sysroot-native/usr/lib                         -L/home/ubuntu/yocto/rpi-build/tmp/work/x86_64-linux/pkgconfig-native/0.29.2+gitAUTOINC+d97db4fae4-r0/recipe-sysroot-native/lib                         -Wl,--enable-new-dtags                         -Wl,-rpath-link,/home/ubuntu/yocto/rpi-build/tmp/work/x86_64-linux/pkgconfig-native/0.29.2+gitAUTOINC+d97db4fae4-r0/recipe-sysroot-native/usr/lib                         -Wl,-rpath-link,/home/ubuntu/yocto/rpi-build/tmp/work/x86_64-linux/pkgconfig-native/0.29.2+gitAUTOINC+d97db4fae4-r0/recipe-sysroot-native/lib                         -Wl,-rpath,/home/ubuntu/yocto/rpi-build/tmp/work/x86_64-linux/pkgconfig-native/0.29.2+gitAUTOINC+d97db4fae4-r0/recipe-sysroot-native/usr/lib                         -Wl,-rpath,/home/ubuntu/yocto/rpi-build/tmp/work/x86_64-linux/pkgconfig-native/0.29.2+gitAUTOINC+d97db4fae4-r0/recipe-sysroot-native/lib                         -Wl,-O1 -Wl,--allow-shlib-undefined -Wl,--dynamic-linker=/home/ubuntu/yocto/rpi-build/tmp/sysroots-uninative/x86_64-linux/lib/ld-linux-x86-64.so.2 -Wl,-rpath -Wl,/foo conftest.c  >&5
configure:15745: $? = 0
configure:15984: result: GNU/Linux ld.so
configure:16106: checking how to hardcode library paths into programs
configure:16131: result: immediate
configure:16683: checking whether stripping libraries is possible
configure:16692: result: yes
configure:16734: checking if libtool supports shared libraries
configure:16736: result: yes
configure:16739: checking whether to build shared libraries
configure:16764: result: no
configure:16767: checking whether to build static libraries
configure:16771: result: yes
configure:16794: checking how to run the C++ preprocessor
configure:16816: g++  -E -isystem/home/ubuntu/yocto/rpi-build/tmp/work/x86_64-linux/pkgconfig-native/0.29.2+gitAUTOINC+d97db4fae4-r0/recipe-sysroot-native/usr/include conftest.cpp
configure:16816: $? = 0
configure:16831: g++  -E -isystem/home/ubuntu/yocto/rpi-build/tmp/work/x86_64-linux/pkgconfig-native/0.29.2+gitAUTOINC+d97db4fae4-r0/recipe-sysroot-native/usr/include conftest.cpp
conftest.cpp:45:10: fatal error: ac_nonexistent.h: No such file or directory
   45 | #include <ac_nonexistent.h>
      |          ^~~~~~~~~~~~~~~~~~
compilation terminated.
configure:16831: $? = 1
configure: failed program was:
| /* confdefs.h */
| #define PACKAGE_NAME "glib"
| #define PACKAGE_TARNAME "glib"
| #define PACKAGE_VERSION "2.38.2"
| #define PACKAGE_STRING "glib 2.38.2"
| #define PACKAGE_BUGREPORT "http://bugzilla.gnome.org/enter_bug.cgi?product=glib"
| #define PACKAGE_URL ""
| #define GLIB_MAJOR_VERSION 2
| #define GLIB_MINOR_VERSION 38
| #define GLIB_MICRO_VERSION 2
| #define GLIB_INTERFACE_AGE 2
| #define GLIB_BINARY_AGE 3802
| #define HAVE_STDIO_H 1
| #define HAVE_STDLIB_H 1
| #define HAVE_STRING_H 1
| #define HAVE_INTTYPES_H 1
| #define HAVE_STDINT_H 1
| #define HAVE_STRINGS_H 1
| #define HAVE_SYS_STAT_H 1
| #define HAVE_SYS_TYPES_H 1
| #define HAVE_UNISTD_H 1
| #define HAVE_WCHAR_H 1
| #define STDC_HEADERS 1
| #define _ALL_SOURCE 1
| #define _DARWIN_C_SOURCE 1
| #define _GNU_SOURCE 1
| #define _HPUX_ALT_XOPEN_SOCKET_API 1
| #define _NETBSD_SOURCE 1
| #define _OPENBSD_SOURCE 1
| #define _POSIX_PTHREAD_SEMANTICS 1
| #define __STDC_WANT_IEC_60559_ATTRIBS_EXT__ 1
| #define __STDC_WANT_IEC_60559_BFP_EXT__ 1
| #define __STDC_WANT_IEC_60559_DFP_EXT__ 1
| #define __STDC_WANT_IEC_60559_FUNCS_EXT__ 1
| #define __STDC_WANT_IEC_60559_TYPES_EXT__ 1
| #define __STDC_WANT_LIB_EXT2__ 1
| #define __STDC_WANT_MATH_SPEC_FUNCS__ 1
| #define _TANDEM_SOURCE 1
| #define __EXTENSIONS__ 1
| #define GETTEXT_PACKAGE "glib20"
| #define GLIB_LOCALE_DIR ""
| #define HAVE_DLFCN_H 1
| #define LT_OBJDIR ".libs/"
| /* end confdefs.h.  */
| #include <ac_nonexistent.h>
configure:16858: result: g++  -E
configure:16872: g++  -E -isystem/home/ubuntu/yocto/rpi-build/tmp/work/x86_64-linux/pkgconfig-native/0.29.2+gitAUTOINC+d97db4fae4-r0/recipe-sysroot-native/usr/include conftest.cpp
configure:16872: $? = 0
configure:16887: g++  -E -isystem/home/ubuntu/yocto/rpi-build/tmp/work/x86_64-linux/pkgconfig-native/0.29.2+gitAUTOINC+d97db4fae4-r0/recipe-sysroot-native/usr/include conftest.cpp
conftest.cpp:45:10: fatal error: ac_nonexistent.h: No such file or directory
   45 | #include <ac_nonexistent.h>
      |          ^~~~~~~~~~~~~~~~~~
compilation terminated.
configure:16887: $? = 1
configure: failed program was:
| /* confdefs.h */
| #define PACKAGE_NAME "glib"
| #define PACKAGE_TARNAME "glib"
| #define PACKAGE_VERSION "2.38.2"
| #define PACKAGE_STRING "glib 2.38.2"
| #define PACKAGE_BUGREPORT "http://bugzilla.gnome.org/enter_bug.cgi?product=glib"
| #define PACKAGE_URL ""
| #define GLIB_MAJOR_VERSION 2
| #define GLIB_MINOR_VERSION 38
| #define GLIB_MICRO_VERSION 2
| #define GLIB_INTERFACE_AGE 2
| #define GLIB_BINARY_AGE 3802
| #define HAVE_STDIO_H 1
| #define HAVE_STDLIB_H 1
| #define HAVE_STRING_H 1
| #define HAVE_INTTYPES_H 1
| #define HAVE_STDINT_H 1
| #define HAVE_STRINGS_H 1
| #define HAVE_SYS_STAT_H 1
| #define HAVE_SYS_TYPES_H 1
| #define HAVE_UNISTD_H 1
| #define HAVE_WCHAR_H 1
| #define STDC_HEADERS 1
| #define _ALL_SOURCE 1
| #define _DARWIN_C_SOURCE 1
| #define _GNU_SOURCE 1
| #define _HPUX_ALT_XOPEN_SOCKET_API 1
| #define _NETBSD_SOURCE 1
| #define _OPENBSD_SOURCE 1
| #define _POSIX_PTHREAD_SEMANTICS 1
| #define __STDC_WANT_IEC_60559_ATTRIBS_EXT__ 1
| #define __STDC_WANT_IEC_60559_BFP_EXT__ 1
| #define __STDC_WANT_IEC_60559_DFP_EXT__ 1
| #define __STDC_WANT_IEC_60559_FUNCS_EXT__ 1
| #define __STDC_WANT_IEC_60559_TYPES_EXT__ 1
| #define __STDC_WANT_LIB_EXT2__ 1
| #define __STDC_WANT_MATH_SPEC_FUNCS__ 1
| #define _TANDEM_SOURCE 1
| #define __EXTENSIONS__ 1
| #define GETTEXT_PACKAGE "glib20"
| #define GLIB_LOCALE_DIR ""
| #define HAVE_DLFCN_H 1
| #define LT_OBJDIR ".libs/"
| /* end confdefs.h.  */
| #include <ac_nonexistent.h>
configure:17052: checking for ld used by g++ 
configure:17120: result: ld  -m elf_x86_64 -m elf_x86_64
configure:17127: checking if the linker (ld  -m elf_x86_64 -m elf_x86_64) is GNU ld
configure:17143: result: yes
configure:17198: checking whether the g++  linker (ld  -m elf_x86_64 -m elf_x86_64) supports shared libraries
configure:18276: result: yes
configure:18312: g++  -c -isystem/home/ubuntu/yocto/rpi-build/tmp/work/x86_64-linux/pkgconfig-native/0.29.2+gitAUTOINC+d97db4fae4-r0/recipe-sysroot-native/usr/include -O2 -pipe -isystem/home/ubuntu/yocto/rpi-build/tmp/work/x86_64-linux/pkgconfig-native/0.29.2+gitAUTOINC+d97db4fae4-r0/recipe-sysroot-native/usr/include conftest.cpp >&5
configure:18315: $? = 0
configure:18796: checking for g++  option to produce PIC
configure:18804: result: -fPIC -DPIC
configure:18812: checking if g++  PIC flag -fPIC -DPIC works
configure:18831: g++  -c -isystem/home/ubuntu/yocto/rpi-build/tmp/work/x86_64-linux/pkgconfig-native/0.29.2+gitAUTOINC+d97db4fae4-r0/recipe-sysroot-native/usr/include -O2 -pipe -isystem/home/ubuntu/yocto/rpi-build/tmp/work/x86_64-linux/pkgconfig-native/0.29.2+gitAUTOINC+d97db4fae4-r0/recipe-sysroot-native/usr/include -fPIC -DPIC -DPIC conftest.cpp >&5
configure:18835: $? = 0
configure:18848: result: yes
configure:18871: checking if g++  static flag -static works
configure:18900: result: yes
configure:18912: checking if g++  supports -c -o file.o
configure:18934: g++  -c -isystem/home/ubuntu/yocto/rpi-build/tmp/work/x86_64-linux/pkgconfig-native/0.29.2+gitAUTOINC+d97db4fae4-r0/recipe-sysroot-native/usr/include -O2 -pipe -isystem/home/ubuntu/yocto/rpi-build/tmp/work/x86_64-linux/pkgconfig-native/0.29.2+gitAUTOINC+d97db4fae4-r0/recipe-sysroot-native/usr/include -o out/conftest2.o conftest.cpp >&5
configure:18938: $? = 0
configure:18960: result: yes
configure:18965: checking if g++  supports -c -o file.o
configure:19013: result: yes
configure:19043: checking whether the g++  linker (ld  -m elf_x86_64 -m elf_x86_64) supports shared libraries
configure:19083: result: yes
configure:19225: checking dynamic linker characteristics
configure:19973: result: GNU/Linux ld.so
configure:20038: checking how to hardcode library paths into programs
configure:20063: result: immediate
configure:20125: creating ./config.lt

## ------------------ ##
## Running config.lt. ##
## ------------------ ##
config.lt:679: creating libtool
configure:21710: checking for extra flags to get ANSI library prototypes
configure:21788: gcc  -o conftest -isystem/home/ubuntu/yocto/rpi-build/tmp/work/x86_64-linux/pkgconfig-native/0.29.2+gitAUTOINC+d97db4fae4-r0/recipe-sysroot-native/usr/include -O2 -pipe -std1 -isystem/home/ubuntu/yocto/rpi-build/tmp/work/x86_64-linux/pkgconfig-native/0.29.2+gitAUTOINC+d97db4fae4-r0/recipe-sysroot-native/usr/include -L/home/ubuntu/yocto/rpi-build/tmp/work/x86_64-linux/pkgconfig-native/0.29.2+gitAUTOINC+d97db4fae4-r0/recipe-sysroot-native/usr/lib                         -L/home/ubuntu/yocto/rpi-build/tmp/work/x86_64-linux/pkgconfig-native/0.29.2+gitAUTOINC+d97db4fae4-r0/recipe-sysroot-native/lib                         -Wl,--enable-new-dtags                         -Wl,-rpath-link,/home/ubuntu/yocto/rpi-build/tmp/work/x86_64-linux/pkgconfig-native/0.29.2+gitAUTOINC+d97db4fae4-r0/recipe-sysroot-native/usr/lib                         -Wl,-rpath-link,/home/ubuntu/yocto/rpi-build/tmp/work/x86_64-linux/pkgconfig-native/0.29.2+gitAUTOINC+d97db4fae4-r0/recipe-sysroot-native/lib                         -Wl,-rpath,/home/ubuntu/yocto/rpi-build/tmp/work/x86_64-linux/pkgconfig-native/0.29.2+gitAUTOINC+d97db4fae4-r0/recipe-sysroot-native/usr/lib                         -Wl,-rpath,/home/ubuntu/yocto/rpi-build/tmp/work/x86_64-linux/pkgconfig-native/0.29.2+gitAUTOINC+d97db4fae4-r0/recipe-sysroot-native/lib                         -Wl,-O1 -Wl,--allow-shlib-undefined -Wl,--dynamic-linker=/home/ubuntu/yocto/rpi-build/tmp/sysroots-uninative/x86_64-linux/lib/ld-linux-x86-64.so.2 conftest.c  -lm >&5
gcc: error: unrecognized command-line option '-std1'
configure:21788: $? = 1
configure: program exited with status 1
configure: failed program was:
| /* confdefs.h */
| #define PACKAGE_NAME "glib"
| #define PACKAGE_TARNAME "glib"
| #define PACKAGE_VERSION "2.38.2"
| #define PACKAGE_STRING "glib 2.38.2"
| #define PACKAGE_BUGREPORT "http://bugzilla.gnome.org/enter_bug.cgi?product=glib"
| #define PACKAGE_URL ""
| #define GLIB_MAJOR_VERSION 2
| #define GLIB_MINOR_VERSION 38
| #define GLIB_MICRO_VERSION 2
| #define GLIB_INTERFACE_AGE 2
| #define GLIB_BINARY_AGE 3802
| #define HAVE_STDIO_H 1
| #define HAVE_STDLIB_H 1
| #define HAVE_STRING_H 1
| #define HAVE_INTTYPES_H 1
| #define HAVE_STDINT_H 1
| #define HAVE_STRINGS_H 1
| #define HAVE_SYS_STAT_H 1
| #define HAVE_SYS_TYPES_H 1
| #define HAVE_UNISTD_H 1
| #define HAVE_WCHAR_H 1
| #define STDC_HEADERS 1
| #define _ALL_SOURCE 1
| #define _DARWIN_C_SOURCE 1
| #define _GNU_SOURCE 1
| #define _HPUX_ALT_XOPEN_SOCKET_API 1
| #define _NETBSD_SOURCE 1
| #define _OPENBSD_SOURCE 1
| #define _POSIX_PTHREAD_SEMANTICS 1
| #define __STDC_WANT_IEC_60559_ATTRIBS_EXT__ 1
| #define __STDC_WANT_IEC_60559_BFP_EXT__ 1
| #define __STDC_WANT_IEC_60559_DFP_EXT__ 1
| #define __STDC_WANT_IEC_60559_FUNCS_EXT__ 1
| #define __STDC_WANT_IEC_60559_TYPES_EXT__ 1
| #define __STDC_WANT_LIB_EXT2__ 1
| #define __STDC_WANT_MATH_SPEC_FUNCS__ 1
| #define _TANDEM_SOURCE 1
| #define __EXTENSIONS__ 1
| #define GETTEXT_PACKAGE "glib20"
| #define GLIB_LOCALE_DIR ""
| #define HAVE_DLFCN_H 1
| #define LT_OBJDIR ".libs/"
| /* end confdefs.h.  */
| #include <math.h>
| 		     int main (void) { return (log(1) != log(1.)); }
configure:21793: result: 
configure:21796: WARNING: No ANSI prototypes found in library. (-std1 didn't work.)
configure:21814: checking for extra flags for POSIX compliance
configure:21827: gcc  -c -isystem/home/ubuntu/yocto/rpi-build/tmp/work/x86_64-linux/pkgconfig-native/0.29.2+gitAUTOINC+d97db4fae4-r0/recipe-sysroot-native/usr/include -O2 -pipe -isystem/home/ubuntu/yocto/rpi-build/tmp/work/x86_64-linux/pkgconfig-native/0.29.2+gitAUTOINC+d97db4fae4-r0/recipe-sysroot-native/usr/include conftest.c >&5
configure:21827: $? = 0
configure:21829: result: none needed
configure:21865: checking for vprintf
configure:21865: gcc  -o conftest -isystem/home/ubuntu/yocto/rpi-build/tmp/work/x86_64-linux/pkgconfig-native/0.29.2+gitAUTOINC+d97db4fae4-r0/recipe-sysroot-native/usr/include -O2 -pipe -isystem/home/ubuntu/yocto/rpi-build/tmp/work/x86_64-linux/pkgconfig-native/0.29.2+gitAUTOINC+d97db4fae4-r0/recipe-sysroot-native/usr/include -L/home/ubuntu/yocto/rpi-build/tmp/work/x86_64-linux/pkgconfig-native/0.29.2+gitAUTOINC+d97db4fae4-r0/recipe-sysroot-native/usr/lib                         -L/home/ubuntu/yocto/rpi-build/tmp/work/x86_64-linux/pkgconfig-native/0.29.2+gitAUTOINC+d97db4fae4-r0/recipe-sysroot-native/lib                         -Wl,--enable-new-dtags                         -Wl,-rpath-link,/home/ubuntu/yocto/rpi-build/tmp/work/x86_64-linux/pkgconfig-native/0.29.2+gitAUTOINC+d97db4fae4-r0/recipe-sysroot-native/usr/lib                         -Wl,-rpath-link,/home/ubuntu/yocto/rpi-build/tmp/work/x86_64-linux/pkgconfig-native/0.29.2+gitAUTOINC+d97db4fae4-r0/recipe-sysroot-native/lib                         -Wl,-rpath,/home/ubuntu/yocto/rpi-build/tmp/work/x86_64-linux/pkgconfig-native/0.29.2+gitAUTOINC+d97db4fae4-r0/recipe-sysroot-native/usr/lib                         -Wl,-rpath,/home/ubuntu/yocto/rpi-build/tmp/work/x86_64-linux/pkgconfig-native/0.29.2+gitAUTOINC+d97db4fae4-r0/recipe-sysroot-native/lib                         -Wl,-O1 -Wl,--allow-shlib-undefined -Wl,--dynamic-linker=/home/ubuntu/yocto/rpi-build/tmp/sysroots-uninative/x86_64-linux/lib/ld-linux-x86-64.so.2 conftest.c  >&5
conftest.c:61:6: warning: conflicting types for built-in function 'vprintf'; expected 'int(const char *, __va_list_tag *)' [-Wbuiltin-declaration-mismatch]
   61 | char vprintf (void);
      |      ^~~~~~~
conftest.c:53:1: note: 'vprintf' is declared in header '<stdio.h>'
   52 | #include <limits.h>
   53 | #undef vprintf
configure:21865: $? = 0
configure:21865: result: yes
configure:21886: checking for size_t
configure:21886: gcc  -c -isystem/home/ubuntu/yocto/rpi-build/tmp/work/x86_64-linux/pkgconfig-native/0.29.2+gitAUTOINC+d97db4fae4-r0/recipe-sysroot-native/usr/include -O2 -pipe -isystem/home/ubuntu/yocto/rpi-build/tmp/work/x86_64-linux/pkgconfig-native/0.29.2+gitAUTOINC+d97db4fae4-r0/recipe-sysroot-native/usr/include conftest.c >&5
configure:21886: $? = 0
configure:21886: gcc  -c -isystem/home/ubuntu/yocto/rpi-build/tmp/work/x86_64-linux/pkgconfig-native/0.29.2+gitAUTOINC+d97db4fae4-r0/recipe-sysroot-native/usr/include -O2 -pipe -isystem/home/ubuntu/yocto/rpi-build/tmp/work/x86_64-linux/pkgconfig-native/0.29.2+gitAUTOINC+d97db4fae4-r0/recipe-sysroot-native/usr/include conftest.c >&5
conftest.c: In function 'main':
conftest.c:77:21: error: expected expression before ')' token
   77 | if (sizeof ((size_t)))
      |                     ^
configure:21886: $? = 1
configure: failed program was:
| /* confdefs.h */
| #define PACKAGE_NAME "glib"
| #define PACKAGE_TARNAME "glib"
| #define PACKAGE_VERSION "2.38.2"
| #define PACKAGE_STRING "glib 2.38.2"
| #define PACKAGE_BUGREPORT "http://bugzilla.gnome.org/enter_bug.cgi?product=glib"
| #define PACKAGE_URL ""
| #define GLIB_MAJOR_VERSION 2
| #define GLIB_MINOR_VERSION 38
| #define GLIB_MICRO_VERSION 2
| #define GLIB_INTERFACE_AGE 2
| #define GLIB_BINARY_AGE 3802
| #define HAVE_STDIO_H 1
| #define HAVE_STDLIB_H 1
| #define HAVE_STRING_H 1
| #define HAVE_INTTYPES_H 1
| #define HAVE_STDINT_H 1
| #define HAVE_STRINGS_H 1
| #define HAVE_SYS_STAT_H 1
| #define HAVE_SYS_TYPES_H 1
| #define HAVE_UNISTD_H 1
| #define HAVE_WCHAR_H 1
| #define STDC_HEADERS 1
| #define _ALL_SOURCE 1
| #define _DARWIN_C_SOURCE 1
| #define _GNU_SOURCE 1
| #define _HPUX_ALT_XOPEN_SOCKET_API 1
| #define _NETBSD_SOURCE 1
| #define _OPENBSD_SOURCE 1
| #define _POSIX_PTHREAD_SEMANTICS 1
| #define __STDC_WANT_IEC_60559_ATTRIBS_EXT__ 1
| #define __STDC_WANT_IEC_60559_BFP_EXT__ 1
| #define __STDC_WANT_IEC_60559_DFP_EXT__ 1
| #define __STDC_WANT_IEC_60559_FUNCS_EXT__ 1
| #define __STDC_WANT_IEC_60559_TYPES_EXT__ 1
| #define __STDC_WANT_LIB_EXT2__ 1
| #define __STDC_WANT_MATH_SPEC_FUNCS__ 1
| #define _TANDEM_SOURCE 1
| #define __EXTENSIONS__ 1
| #define GETTEXT_PACKAGE "glib20"
| #define GLIB_LOCALE_DIR ""
| #define HAVE_DLFCN_H 1
| #define LT_OBJDIR ".libs/"
| #define HAVE_VPRINTF 1
| /* end confdefs.h.  */
| #include <stddef.h>
| #ifdef HAVE_STDIO_H
| # include <stdio.h>
| #endif
| #ifdef HAVE_STDLIB_H
| # include <stdlib.h>
| #endif
| #ifdef HAVE_STRING_H
| # include <string.h>
| #endif
| #ifdef HAVE_INTTYPES_H
| # include <inttypes.h>
| #endif
| #ifdef HAVE_STDINT_H
| # include <stdint.h>
| #endif
| #ifdef HAVE_STRINGS_H
| # include <strings.h>
| #endif
| #ifdef HAVE_SYS_TYPES_H
| # include <sys/types.h>
| #endif
| #ifdef HAVE_SYS_STAT_H
| # include <sys/stat.h>
| #endif
| #ifdef HAVE_UNISTD_H
| # include <unistd.h>
| #endif
| int
| main (void)
| {
| if (sizeof ((size_t)))
| 	    return 0;
|   ;
|   return 0;
| }
configure:21886: result: yes
configure:21898: checking for working alloca.h
configure:21916: gcc  -o conftest -isystem/home/ubuntu/yocto/rpi-build/tmp/work/x86_64-linux/pkgconfig-native/0.29.2+gitAUTOINC+d97db4fae4-r0/recipe-sysroot-native/usr/include -O2 -pipe -isystem/home/ubuntu/yocto/rpi-build/tmp/work/x86_64-linux/pkgconfig-native/0.29.2+gitAUTOINC+d97db4fae4-r0/recipe-sysroot-native/usr/include -L/home/ubuntu/yocto/rpi-build/tmp/work/x86_64-linux/pkgconfig-native/0.29.2+gitAUTOINC+d97db4fae4-r0/recipe-sysroot-native/usr/lib                         -L/home/ubuntu/yocto/rpi-build/tmp/work/x86_64-linux/pkgconfig-native/0.29.2+gitAUTOINC+d97db4fae4-r0/recipe-sysroot-native/lib                         -Wl,--enable-new-dtags                         -Wl,-rpath-link,/home/ubuntu/yocto/rpi-build/tmp/work/x86_64-linux/pkgconfig-native/0.29.2+gitAUTOINC+d97db4fae4-r0/recipe-sysroot-native/usr/lib                         -Wl,-rpath-link,/home/ubuntu/yocto/rpi-build/tmp/work/x86_64-linux/pkgconfig-native/0.29.2+gitAUTOINC+d97db4fae4-r0/recipe-sysroot-native/lib                         -Wl,-rpath,/home/ubuntu/yocto/rpi-build/tmp/work/x86_64-linux/pkgconfig-native/0.29.2+gitAUTOINC+d97db4fae4-r0/recipe-sysroot-native/usr/lib                         -Wl,-rpath,/home/ubuntu/yocto/rpi-build/tmp/work/x86_64-linux/pkgconfig-native/0.29.2+gitAUTOINC+d97db4fae4-r0/recipe-sysroot-native/lib                         -Wl,-O1 -Wl,--allow-shlib-undefined -Wl,--dynamic-linker=/home/ubuntu/yocto/rpi-build/tmp/sysroots-uninative/x86_64-linux/lib/ld-linux-x86-64.so.2 conftest.c  >&5
configure:21916: $? = 0
configure:21925: result: yes
configure:21933: checking for alloca
configure:21978: result: yes
configure:22045: checking for mmap
configure:22045: gcc  -o conftest -isystem/home/ubuntu/yocto/rpi-build/tmp/work/x86_64-linux/pkgconfig-native/0.29.2+gitAUTOINC+d97db4fae4-r0/recipe-sysroot-native/usr/include -O2 -pipe -isystem/home/ubuntu/yocto/rpi-build/tmp/work/x86_64-linux/pkgconfig-native/0.29.2+gitAUTOINC+d97db4fae4-r0/recipe-sysroot-native/usr/include -L/home/ubuntu/yocto/rpi-build/tmp/work/x86_64-linux/pkgconfig-native/0.29.2+gitAUTOINC+d97db4fae4-r0/recipe-sysroot-native/usr/lib                         -L/home/ubuntu/yocto/rpi-build/tmp/work/x86_64-linux/pkgconfig-native/0.29.2+gitAUTOINC+d97db4fae4-r0/recipe-sysroot-native/lib                         -Wl,--enable-new-dtags                         -Wl,-rpath-link,/home/ubuntu/yocto/rpi-build/tmp/work/x86_64-linux/pkgconfig-native/0.29.2+gitAUTOINC+d97db4fae4-r0/recipe-sysroot-native/usr/lib                         -Wl,-rpath-link,/home/ubuntu/yocto/rpi-build/tmp/work/x86_64-linux/pkgconfig-native/0.29.2+gitAUTOINC+d97db4fae4-r0/recipe-sysroot-native/lib                         -Wl,-rpath,/home/ubuntu/yocto/rpi-build/tmp/work/x86_64-linux/pkgconfig-native/0.29.2+gitAUTOINC+d97db4fae4-r0/recipe-sysroot-native/usr/lib                         -Wl,-rpath,/home/ubuntu/yocto/rpi-build/tmp/work/x86_64-linux/pkgconfig-native/0.29.2+gitAUTOINC+d97db4fae4-r0/recipe-sysroot-native/lib                         -Wl,-O1 -Wl,--allow-shlib-undefined -Wl,--dynamic-linker=/home/ubuntu/yocto/rpi-build/tmp/sysroots-uninative/x86_64-linux/lib/ld-linux-x86-64.so.2 conftest.c  >&5
configure:22045: $? = 0
configure:22045: result: yes
configure:22051: checking for posix_memalign
configure:22051: gcc  -o conftest -isystem/home/ubuntu/yocto/rpi-build/tmp/work/x86_64-linux/pkgconfig-native/0.29.2+gitAUTOINC+d97db4fae4-r0/recipe-sysroot-native/usr/include -O2 -pipe -isystem/home/ubuntu/yocto/rpi-build/tmp/work/x86_64-linux/pkgconfig-native/0.29.2+gitAUTOINC+d97db4fae4-r0/recipe-sysroot-native/usr/include -L/home/ubuntu/yocto/rpi-build/tmp/work/x86_64-linux/pkgconfig-native/0.29.2+gitAUTOINC+d97db4fae4-r0/recipe-sysroot-native/usr/lib                         -L/home/ubuntu/yocto/rpi-build/tmp/work/x86_64-linux/pkgconfig-native/0.29.2+gitAUTOINC+d97db4fae4-r0/recipe-sysroot-native/lib                         -Wl,--enable-new-dtags                         -Wl,-rpath-link,/home/ubuntu/yocto/rpi-build/tmp/work/x86_64-linux/pkgconfig-native/0.29.2+gitAUTOINC+d97db4fae4-r0/recipe-sysroot-native/usr/lib                         -Wl,-rpath-link,/home/ubuntu/yocto/rpi-build/tmp/work/x86_64-linux/pkgconfig-native/0.29.2+gitAUTOINC+d97db4fae4-r0/recipe-sysroot-native/lib                         -Wl,-rpath,/home/ubuntu/yocto/rpi-build/tmp/work/x86_64-linux/pkgconfig-native/0.29.2+gitAUTOINC+d97db4fae4-r0/recipe-sysroot-native/usr/lib                         -Wl,-rpath,/home/ubuntu/yocto/rpi-build/tmp/work/x86_64-linux/pkgconfig-native/0.29.2+gitAUTOINC+d97db4fae4-r0/recipe-sysroot-native/lib                         -Wl,-O1 -Wl,--allow-shlib-undefined -Wl,--dynamic-linker=/home/ubuntu/yocto/rpi-build/tmp/sysroots-uninative/x86_64-linux/lib/ld-linux-x86-64.so.2 conftest.c  >&5
conftest.c:65:6: warning: conflicting types for built-in function 'posix_memalign'; expected 'int(void **, long unsigned int,  long unsigned int)' [-Wbuiltin-declaration-mismatch]
   65 | char posix_memalign (void);
      |      ^~~~~~~~~~~~~~
configure:22051: $? = 0
configure:22051: result: yes
configure:22057: checking for memalign
configure:22057: gcc  -o conftest -isystem/home/ubuntu/yocto/rpi-build/tmp/work/x86_64-linux/pkgconfig-native/0.29.2+gitAUTOINC+d97db4fae4-r0/recipe-sysroot-native/usr/include -O2 -pipe -isystem/home/ubuntu/yocto/rpi-build/tmp/work/x86_64-linux/pkgconfig-native/0.29.2+gitAUTOINC+d97db4fae4-r0/recipe-sysroot-native/usr/include -L/home/ubuntu/yocto/rpi-build/tmp/work/x86_64-linux/pkgconfig-native/0.29.2+gitAUTOINC+d97db4fae4-r0/recipe-sysroot-native/usr/lib                         -L/home/ubuntu/yocto/rpi-build/tmp/work/x86_64-linux/pkgconfig-native/0.29.2+gitAUTOINC+d97db4fae4-r0/recipe-sysroot-native/lib                         -Wl,--enable-new-dtags                         -Wl,-rpath-link,/home/ubuntu/yocto/rpi-build/tmp/work/x86_64-linux/pkgconfig-native/0.29.2+gitAUTOINC+d97db4fae4-r0/recipe-sysroot-native/usr/lib                         -Wl,-rpath-link,/home/ubuntu/yocto/rpi-build/tmp/work/x86_64-linux/pkgconfig-native/0.29.2+gitAUTOINC+d97db4fae4-r0/recipe-sysroot-native/lib                         -Wl,-rpath,/home/ubuntu/yocto/rpi-build/tmp/work/x86_64-linux/pkgconfig-native/0.29.2+gitAUTOINC+d97db4fae4-r0/recipe-sysroot-native/usr/lib                         -Wl,-rpath,/home/ubuntu/yocto/rpi-build/tmp/work/x86_64-linux/pkgconfig-native/0.29.2+gitAUTOINC+d97db4fae4-r0/recipe-sysroot-native/lib                         -Wl,-O1 -Wl,--allow-shlib-undefined -Wl,--dynamic-linker=/home/ubuntu/yocto/rpi-build/tmp/sysroots-uninative/x86_64-linux/lib/ld-linux-x86-64.so.2 conftest.c  >&5
configure:22057: $? = 0
configure:22057: result: yes
configure:22063: checking for valloc
configure:22063: gcc  -o conftest -isystem/home/ubuntu/yocto/rpi-build/tmp/work/x86_64-linux/pkgconfig-native/0.29.2+gitAUTOINC+d97db4fae4-r0/recipe-sysroot-native/usr/include -O2 -pipe -isystem/home/ubuntu/yocto/rpi-build/tmp/work/x86_64-linux/pkgconfig-native/0.29.2+gitAUTOINC+d97db4fae4-r0/recipe-sysroot-native/usr/include -L/home/ubuntu/yocto/rpi-build/tmp/work/x86_64-linux/pkgconfig-native/0.29.2+gitAUTOINC+d97db4fae4-r0/recipe-sysroot-native/usr/lib                         -L/home/ubuntu/yocto/rpi-build/tmp/work/x86_64-linux/pkgconfig-native/0.29.2+gitAUTOINC+d97db4fae4-r0/recipe-sysroot-native/lib                         -Wl,--enable-new-dtags                         -Wl,-rpath-link,/home/ubuntu/yocto/rpi-build/tmp/work/x86_64-linux/pkgconfig-native/0.29.2+gitAUTOINC+d97db4fae4-r0/recipe-sysroot-native/usr/lib                         -Wl,-rpath-link,/home/ubuntu/yocto/rpi-build/tmp/work/x86_64-linux/pkgconfig-native/0.29.2+gitAUTOINC+d97db4fae4-r0/recipe-sysroot-native/lib                         -Wl,-rpath,/home/ubuntu/yocto/rpi-build/tmp/work/x86_64-linux/pkgconfig-native/0.29.2+gitAUTOINC+d97db4fae4-r0/recipe-sysroot-native/usr/lib                         -Wl,-rpath,/home/ubuntu/yocto/rpi-build/tmp/work/x86_64-linux/pkgconfig-native/0.29.2+gitAUTOINC+d97db4fae4-r0/recipe-sysroot-native/lib                         -Wl,-O1 -Wl,--allow-shlib-undefined -Wl,--dynamic-linker=/home/ubuntu/yocto/rpi-build/tmp/sysroots-uninative/x86_64-linux/lib/ld-linux-x86-64.so.2 conftest.c  >&5
configure:22063: $? = 0
configure:22063: result: yes
configure:22069: checking for fsync
configure:22069: gcc  -o conftest -isystem/home/ubuntu/yocto/rpi-build/tmp/work/x86_64-linux/pkgconfig-native/0.29.2+gitAUTOINC+d97db4fae4-r0/recipe-sysroot-native/usr/include -O2 -pipe -isystem/home/ubuntu/yocto/rpi-build/tmp/work/x86_64-linux/pkgconfig-native/0.29.2+gitAUTOINC+d97db4fae4-r0/recipe-sysroot-native/usr/include -L/home/ubuntu/yocto/rpi-build/tmp/work/x86_64-linux/pkgconfig-native/0.29.2+gitAUTOINC+d97db4fae4-r0/recipe-sysroot-native/usr/lib                         -L/home/ubuntu/yocto/rpi-build/tmp/work/x86_64-linux/pkgconfig-native/0.29.2+gitAUTOINC+d97db4fae4-r0/recipe-sysroot-native/lib                         -Wl,--enable-new-dtags                         -Wl,-rpath-link,/home/ubuntu/yocto/rpi-build/tmp/work/x86_64-linux/pkgconfig-native/0.29.2+gitAUTOINC+d97db4fae4-r0/recipe-sysroot-native/usr/lib                         -Wl,-rpath-link,/home/ubuntu/yocto/rpi-build/tmp/work/x86_64-linux/pkgconfig-native/0.29.2+gitAUTOINC+d97db4fae4-r0/recipe-sysroot-native/lib                         -Wl,-rpath,/home/ubuntu/yocto/rpi-build/tmp/work/x86_64-linux/pkgconfig-native/0.29.2+gitAUTOINC+d97db4fae4-r0/recipe-sysroot-native/usr/lib                         -Wl,-rpath,/home/ubuntu/yocto/rpi-build/tmp/work/x86_64-linux/pkgconfig-native/0.29.2+gitAUTOINC+d97db4fae4-r0/recipe-sysroot-native/lib                         -Wl,-O1 -Wl,--allow-shlib-undefined -Wl,--dynamic-linker=/home/ubuntu/yocto/rpi-build/tmp/sysroots-uninative/x86_64-linux/lib/ld-linux-x86-64.so.2 conftest.c  >&5
configure:22069: $? = 0
configure:22069: result: yes
configure:22075: checking for pipe2
configure:22075: gcc  -o conftest -isystem/home/ubuntu/yocto/rpi-build/tmp/work/x86_64-linux/pkgconfig-native/0.29.2+gitAUTOINC+d97db4fae4-r0/recipe-sysroot-native/usr/include -O2 -pipe -isystem/home/ubuntu/yocto/rpi-build/tmp/work/x86_64-linux/pkgconfig-native/0.29.2+gitAUTOINC+d97db4fae4-r0/recipe-sysroot-native/usr/include -L/home/ubuntu/yocto/rpi-build/tmp/work/x86_64-linux/pkgconfig-native/0.29.2+gitAUTOINC+d97db4fae4-r0/recipe-sysroot-native/usr/lib                         -L/home/ubuntu/yocto/rpi-build/tmp/work/x86_64-linux/pkgconfig-native/0.29.2+gitAUTOINC+d97db4fae4-r0/recipe-sysroot-native/lib                         -Wl,--enable-new-dtags                         -Wl,-rpath-link,/home/ubuntu/yocto/rpi-build/tmp/work/x86_64-linux/pkgconfig-native/0.29.2+gitAUTOINC+d97db4fae4-r0/recipe-sysroot-native/usr/lib                         -Wl,-rpath-link,/home/ubuntu/yocto/rpi-build/tmp/work/x86_64-linux/pkgconfig-native/0.29.2+gitAUTOINC+d97db4fae4-r0/recipe-sysroot-native/lib                         -Wl,-rpath,/home/ubuntu/yocto/rpi-build/tmp/work/x86_64-linux/pkgconfig-native/0.29.2+gitAUTOINC+d97db4fae4-r0/recipe-sysroot-native/usr/lib                         -Wl,-rpath,/home/ubuntu/yocto/rpi-build/tmp/work/x86_64-linux/pkgconfig-native/0.29.2+gitAUTOINC+d97db4fae4-r0/recipe-sysroot-native/lib                         -Wl,-O1 -Wl,--allow-shlib-undefined -Wl,--dynamic-linker=/home/ubuntu/yocto/rpi-build/tmp/sysroots-uninative/x86_64-linux/lib/ld-linux-x86-64.so.2 conftest.c  >&5
configure:22075: $? = 0
configure:22075: result: yes
configure:22081: checking for issetugid
configure:22081: gcc  -o conftest -isystem/home/ubuntu/yocto/rpi-build/tmp/work/x86_64-linux/pkgconfig-native/0.29.2+gitAUTOINC+d97db4fae4-r0/recipe-sysroot-native/usr/include -O2 -pipe -isystem/home/ubuntu/yocto/rpi-build/tmp/work/x86_64-linux/pkgconfig-native/0.29.2+gitAUTOINC+d97db4fae4-r0/recipe-sysroot-native/usr/include -L/home/ubuntu/yocto/rpi-build/tmp/work/x86_64-linux/pkgconfig-native/0.29.2+gitAUTOINC+d97db4fae4-r0/recipe-sysroot-native/usr/lib                         -L/home/ubuntu/yocto/rpi-build/tmp/work/x86_64-linux/pkgconfig-native/0.29.2+gitAUTOINC+d97db4fae4-r0/recipe-sysroot-native/lib                         -Wl,--enable-new-dtags                         -Wl,-rpath-link,/home/ubuntu/yocto/rpi-build/tmp/work/x86_64-linux/pkgconfig-native/0.29.2+gitAUTOINC+d97db4fae4-r0/recipe-sysroot-native/usr/lib                         -Wl,-rpath-link,/home/ubuntu/yocto/rpi-build/tmp/work/x86_64-linux/pkgconfig-native/0.29.2+gitAUTOINC+d97db4fae4-r0/recipe-sysroot-native/lib                         -Wl,-rpath,/home/ubuntu/yocto/rpi-build/tmp/work/x86_64-linux/pkgconfig-native/0.29.2+gitAUTOINC+d97db4fae4-r0/recipe-sysroot-native/usr/lib                         -Wl,-rpath,/home/ubuntu/yocto/rpi-build/tmp/work/x86_64-linux/pkgconfig-native/0.29.2+gitAUTOINC+d97db4fae4-r0/recipe-sysroot-native/lib                         -Wl,-O1 -Wl,--allow-shlib-undefined -Wl,--dynamic-linker=/home/ubuntu/yocto/rpi-build/tmp/sysroots-uninative/x86_64-linux/lib/ld-linux-x86-64.so.2 conftest.c  >&5
/home/ubuntu/yocto/rpi-build/tmp/hosttools/ld: /tmp/ccukzds8.o: in function `main':
conftest.c:(.text.startup+0x9): undefined reference to `issetugid'
collect2: error: ld returned 1 exit status
configure:22081: $? = 1
configure: failed program was:
| /* confdefs.h */
| #define PACKAGE_NAME "glib"
| #define PACKAGE_TARNAME "glib"
| #define PACKAGE_VERSION "2.38.2"
| #define PACKAGE_STRING "glib 2.38.2"
| #define PACKAGE_BUGREPORT "http://bugzilla.gnome.org/enter_bug.cgi?product=glib"
| #define PACKAGE_URL ""
| #define GLIB_MAJOR_VERSION 2
| #define GLIB_MINOR_VERSION 38
| #define GLIB_MICRO_VERSION 2
| #define GLIB_INTERFACE_AGE 2
| #define GLIB_BINARY_AGE 3802
| #define HAVE_STDIO_H 1
| #define HAVE_STDLIB_H 1
| #define HAVE_STRING_H 1
| #define HAVE_INTTYPES_H 1
| #define HAVE_STDINT_H 1
| #define HAVE_STRINGS_H 1
| #define HAVE_SYS_STAT_H 1
| #define HAVE_SYS_TYPES_H 1
| #define HAVE_UNISTD_H 1
| #define HAVE_WCHAR_H 1
| #define STDC_HEADERS 1
| #define _ALL_SOURCE 1
| #define _DARWIN_C_SOURCE 1
| #define _GNU_SOURCE 1
| #define _HPUX_ALT_XOPEN_SOCKET_API 1
| #define _NETBSD_SOURCE 1
| #define _OPENBSD_SOURCE 1
| #define _POSIX_PTHREAD_SEMANTICS 1
| #define __STDC_WANT_IEC_60559_ATTRIBS_EXT__ 1
| #define __STDC_WANT_IEC_60559_BFP_EXT__ 1
| #define __STDC_WANT_IEC_60559_DFP_EXT__ 1
| #define __STDC_WANT_IEC_60559_FUNCS_EXT__ 1
| #define __STDC_WANT_IEC_60559_TYPES_EXT__ 1
| #define __STDC_WANT_LIB_EXT2__ 1
| #define __STDC_WANT_MATH_SPEC_FUNCS__ 1
| #define _TANDEM_SOURCE 1
| #define __EXTENSIONS__ 1
| #define GETTEXT_PACKAGE "glib20"
| #define GLIB_LOCALE_DIR ""
| #define HAVE_DLFCN_H 1
| #define LT_OBJDIR ".libs/"
| #define HAVE_VPRINTF 1
| #define HAVE_ALLOCA_H 1
| #define HAVE_ALLOCA 1
| #define HAVE_MMAP 1
| #define HAVE_POSIX_MEMALIGN 1
| #define HAVE_MEMALIGN 1
| #define HAVE_VALLOC 1
| #define HAVE_FSYNC 1
| #define HAVE_PIPE2 1
| /* end confdefs.h.  */
| /* Define issetugid to an innocuous variant, in case <limits.h> declares issetugid.
|    For example, HP-UX 11i <limits.h> declares gettimeofday.  */
| #define issetugid innocuous_issetugid
| 
| /* System header to define __stub macros and hopefully few prototypes,
|    which can conflict with char issetugid (void); below.  */
| 
| #include <limits.h>
| #undef issetugid
| 
| /* Override any GCC internal prototype to avoid an error.
|    Use char because int might match the return type of a GCC
|    builtin and then its argument prototype would still apply.  */
| #ifdef __cplusplus
| extern "C"
| #endif
| char issetugid (void);
| /* The GNU C library defines this for functions which it implements
|     to always fail with ENOSYS.  Some functions are actually named
|     something starting with __ and the normal name is an alias.  */
| #if defined __stub_issetugid || defined __stub___issetugid
| choke me
| #endif
| 
| int
| main (void)
| {
| return issetugid ();
|   ;
|   return 0;
| }
configure:22081: result: no
configure:22088: checking for atexit
configure:22088: gcc  -o conftest -isystem/home/ubuntu/yocto/rpi-build/tmp/work/x86_64-linux/pkgconfig-native/0.29.2+gitAUTOINC+d97db4fae4-r0/recipe-sysroot-native/usr/include -O2 -pipe -isystem/home/ubuntu/yocto/rpi-build/tmp/work/x86_64-linux/pkgconfig-native/0.29.2+gitAUTOINC+d97db4fae4-r0/recipe-sysroot-native/usr/include -L/home/ubuntu/yocto/rpi-build/tmp/work/x86_64-linux/pkgconfig-native/0.29.2+gitAUTOINC+d97db4fae4-r0/recipe-sysroot-native/usr/lib                         -L/home/ubuntu/yocto/rpi-build/tmp/work/x86_64-linux/pkgconfig-native/0.29.2+gitAUTOINC+d97db4fae4-r0/recipe-sysroot-native/lib                         -Wl,--enable-new-dtags                         -Wl,-rpath-link,/home/ubuntu/yocto/rpi-build/tmp/work/x86_64-linux/pkgconfig-native/0.29.2+gitAUTOINC+d97db4fae4-r0/recipe-sysroot-native/usr/lib                         -Wl,-rpath-link,/home/ubuntu/yocto/rpi-build/tmp/work/x86_64-linux/pkgconfig-native/0.29.2+gitAUTOINC+d97db4fae4-r0/recipe-sysroot-native/lib                         -Wl,-rpath,/home/ubuntu/yocto/rpi-build/tmp/work/x86_64-linux/pkgconfig-native/0.29.2+gitAUTOINC+d97db4fae4-r0/recipe-sysroot-native/usr/lib                         -Wl,-rpath,/home/ubuntu/yocto/rpi-build/tmp/work/x86_64-linux/pkgconfig-native/0.29.2+gitAUTOINC+d97db4fae4-r0/recipe-sysroot-native/lib                         -Wl,-O1 -Wl,--allow-shlib-undefined -Wl,--dynamic-linker=/home/ubuntu/yocto/rpi-build/tmp/sysroots-uninative/x86_64-linux/lib/ld-linux-x86-64.so.2 conftest.c  >&5
configure:22088: $? = 0
configure:22088: result: yes
configure:22094: checking for on_exit
configure:22094: gcc  -o conftest -isystem/home/ubuntu/yocto/rpi-build/tmp/work/x86_64-linux/pkgconfig-native/0.29.2+gitAUTOINC+d97db4fae4-r0/recipe-sysroot-native/usr/include -O2 -pipe -isystem/home/ubuntu/yocto/rpi-build/tmp/work/x86_64-linux/pkgconfig-native/0.29.2+gitAUTOINC+d97db4fae4-r0/recipe-sysroot-native/usr/include -L/home/ubuntu/yocto/rpi-build/tmp/work/x86_64-linux/pkgconfig-native/0.29.2+gitAUTOINC+d97db4fae4-r0/recipe-sysroot-native/usr/lib                         -L/home/ubuntu/yocto/rpi-build/tmp/work/x86_64-linux/pkgconfig-native/0.29.2+gitAUTOINC+d97db4fae4-r0/recipe-sysroot-native/lib                         -Wl,--enable-new-dtags                         -Wl,-rpath-link,/home/ubuntu/yocto/rpi-build/tmp/work/x86_64-linux/pkgconfig-native/0.29.2+gitAUTOINC+d97db4fae4-r0/recipe-sysroot-native/usr/lib                         -Wl,-rpath-link,/home/ubuntu/yocto/rpi-build/tmp/work/x86_64-linux/pkgconfig-native/0.29.2+gitAUTOINC+d97db4fae4-r0/recipe-sysroot-native/lib                         -Wl,-rpath,/home/ubuntu/yocto/rpi-build/tmp/work/x86_64-linux/pkgconfig-native/0.29.2+gitAUTOINC+d97db4fae4-r0/recipe-sysroot-native/usr/lib                         -Wl,-rpath,/home/ubuntu/yocto/rpi-build/tmp/work/x86_64-linux/pkgconfig-native/0.29.2+gitAUTOINC+d97db4fae4-r0/recipe-sysroot-native/lib                         -Wl,-O1 -Wl,--allow-shlib-undefined -Wl,--dynamic-linker=/home/ubuntu/yocto/rpi-build/tmp/sysroots-uninative/x86_64-linux/lib/ld-linux-x86-64.so.2 conftest.c  >&5
configure:22094: $? = 0
configure:22094: result: yes
configure:22100: checking for timegm
configure:22100: gcc  -o conftest -isystem/home/ubuntu/yocto/rpi-build/tmp/work/x86_64-linux/pkgconfig-native/0.29.2+gitAUTOINC+d97db4fae4-r0/recipe-sysroot-native/usr/include -O2 -pipe -isystem/home/ubuntu/yocto/rpi-build/tmp/work/x86_64-linux/pkgconfig-native/0.29.2+gitAUTOINC+d97db4fae4-r0/recipe-sysroot-native/usr/include -L/home/ubuntu/yocto/rpi-build/tmp/work/x86_64-linux/pkgconfig-native/0.29.2+gitAUTOINC+d97db4fae4-r0/recipe-sysroot-native/usr/lib                         -L/home/ubuntu/yocto/rpi-build/tmp/work/x86_64-linux/pkgconfig-native/0.29.2+gitAUTOINC+d97db4fae4-r0/recipe-sysroot-native/lib                         -Wl,--enable-new-dtags                         -Wl,-rpath-link,/home/ubuntu/yocto/rpi-build/tmp/work/x86_64-linux/pkgconfig-native/0.29.2+gitAUTOINC+d97db4fae4-r0/recipe-sysroot-native/usr/lib                         -Wl,-rpath-link,/home/ubuntu/yocto/rpi-build/tmp/work/x86_64-linux/pkgconfig-native/0.29.2+gitAUTOINC+d97db4fae4-r0/recipe-sysroot-native/lib                         -Wl,-rpath,/home/ubuntu/yocto/rpi-build/tmp/work/x86_64-linux/pkgconfig-native/0.29.2+gitAUTOINC+d97db4fae4-r0/recipe-sysroot-native/usr/lib                         -Wl,-rpath,/home/ubuntu/yocto/rpi-build/tmp/work/x86_64-linux/pkgconfig-native/0.29.2+gitAUTOINC+d97db4fae4-r0/recipe-sysroot-native/lib                         -Wl,-O1 -Wl,--allow-shlib-undefined -Wl,--dynamic-linker=/home/ubuntu/yocto/rpi-build/tmp/sysroots-uninative/x86_64-linux/lib/ld-linux-x86-64.so.2 conftest.c  >&5
configure:22100: $? = 0
configure:22100: result: yes
configure:22106: checking for gmtime_r
configure:22106: gcc  -o conftest -isystem/home/ubuntu/yocto/rpi-build/tmp/work/x86_64-linux/pkgconfig-native/0.29.2+gitAUTOINC+d97db4fae4-r0/recipe-sysroot-native/usr/include -O2 -pipe -isystem/home/ubuntu/yocto/rpi-build/tmp/work/x86_64-linux/pkgconfig-native/0.29.2+gitAUTOINC+d97db4fae4-r0/recipe-sysroot-native/usr/include -L/home/ubuntu/yocto/rpi-build/tmp/work/x86_64-linux/pkgconfig-native/0.29.2+gitAUTOINC+d97db4fae4-r0/recipe-sysroot-native/usr/lib                         -L/home/ubuntu/yocto/rpi-build/tmp/work/x86_64-linux/pkgconfig-native/0.29.2+gitAUTOINC+d97db4fae4-r0/recipe-sysroot-native/lib                         -Wl,--enable-new-dtags                         -Wl,-rpath-link,/home/ubuntu/yocto/rpi-build/tmp/work/x86_64-linux/pkgconfig-native/0.29.2+gitAUTOINC+d97db4fae4-r0/recipe-sysroot-native/usr/lib                         -Wl,-rpath-link,/home/ubuntu/yocto/rpi-build/tmp/work/x86_64-linux/pkgconfig-native/0.29.2+gitAUTOINC+d97db4fae4-r0/recipe-sysroot-native/lib                         -Wl,-rpath,/home/ubuntu/yocto/rpi-build/tmp/work/x86_64-linux/pkgconfig-native/0.29.2+gitAUTOINC+d97db4fae4-r0/recipe-sysroot-native/usr/lib                         -Wl,-rpath,/home/ubuntu/yocto/rpi-build/tmp/work/x86_64-linux/pkgconfig-native/0.29.2+gitAUTOINC+d97db4fae4-r0/recipe-sysroot-native/lib                         -Wl,-O1 -Wl,--allow-shlib-undefined -Wl,--dynamic-linker=/home/ubuntu/yocto/rpi-build/tmp/sysroots-uninative/x86_64-linux/lib/ld-linux-x86-64.so.2 conftest.c  >&5
configure:22106: $? = 0
configure:22106: result: yes
configure:22114: checking for __libc_enable_secure
configure:22132: gcc  -o conftest -isystem/home/ubuntu/yocto/rpi-build/tmp/work/x86_64-linux/pkgconfig-native/0.29.2+gitAUTOINC+d97db4fae4-r0/recipe-sysroot-native/usr/include -O2 -pipe -isystem/home/ubuntu/yocto/rpi-build/tmp/work/x86_64-linux/pkgconfig-native/0.29.2+gitAUTOINC+d97db4fae4-r0/recipe-sysroot-native/usr/include -L/home/ubuntu/yocto/rpi-build/tmp/work/x86_64-linux/pkgconfig-native/0.29.2+gitAUTOINC+d97db4fae4-r0/recipe-sysroot-native/usr/lib                         -L/home/ubuntu/yocto/rpi-build/tmp/work/x86_64-linux/pkgconfig-native/0.29.2+gitAUTOINC+d97db4fae4-r0/recipe-sysroot-native/lib                         -Wl,--enable-new-dtags                         -Wl,-rpath-link,/home/ubuntu/yocto/rpi-build/tmp/work/x86_64-linux/pkgconfig-native/0.29.2+gitAUTOINC+d97db4fae4-r0/recipe-sysroot-native/usr/lib                         -Wl,-rpath-link,/home/ubuntu/yocto/rpi-build/tmp/work/x86_64-linux/pkgconfig-native/0.29.2+gitAUTOINC+d97db4fae4-r0/recipe-sysroot-native/lib                         -Wl,-rpath,/home/ubuntu/yocto/rpi-build/tmp/work/x86_64-linux/pkgconfig-native/0.29.2+gitAUTOINC+d97db4fae4-r0/recipe-sysroot-native/usr/lib                         -Wl,-rpath,/home/ubuntu/yocto/rpi-build/tmp/work/x86_64-linux/pkgconfig-native/0.29.2+gitAUTOINC+d97db4fae4-r0/recipe-sysroot-native/lib                         -Wl,-O1 -Wl,--allow-shlib-undefined -Wl,--dynamic-linker=/home/ubuntu/yocto/rpi-build/tmp/sysroots-uninative/x86_64-linux/lib/ld-linux-x86-64.so.2 conftest.c  >&5
configure:22132: $? = 0
configure:22141: result: yes
configure:22156: checking size of char
configure:22177: result: 1
configure:22189: checking size of short
configure:22210: result: 2
configure:22222: checking size of long
configure:22243: result: 8
configure:22255: checking size of int
configure:22276: result: 4
configure:22288: checking size of void *
configure:22309: result: 8
configure:22321: checking size of long long
configure:22342: result: 8
configure:22351: checking for sig_atomic_t
configure:22370: gcc  -o conftest -isystem/home/ubuntu/yocto/rpi-build/tmp/work/x86_64-linux/pkgconfig-native/0.29.2+gitAUTOINC+d97db4fae4-r0/recipe-sysroot-native/usr/include -O2 -pipe -isystem/home/ubuntu/yocto/rpi-build/tmp/work/x86_64-linux/pkgconfig-native/0.29.2+gitAUTOINC+d97db4fae4-r0/recipe-sysroot-native/usr/include -L/home/ubuntu/yocto/rpi-build/tmp/work/x86_64-linux/pkgconfig-native/0.29.2+gitAUTOINC+d97db4fae4-r0/recipe-sysroot-native/usr/lib                         -L/home/ubuntu/yocto/rpi-build/tmp/work/x86_64-linux/pkgconfig-native/0.29.2+gitAUTOINC+d97db4fae4-r0/recipe-sysroot-native/lib                         -Wl,--enable-new-dtags                         -Wl,-rpath-link,/home/ubuntu/yocto/rpi-build/tmp/work/x86_64-linux/pkgconfig-native/0.29.2+gitAUTOINC+d97db4fae4-r0/recipe-sysroot-native/usr/lib                         -Wl,-rpath-link,/home/ubuntu/yocto/rpi-build/tmp/work/x86_64-linux/pkgconfig-native/0.29.2+gitAUTOINC+d97db4fae4-r0/recipe-sysroot-native/lib                         -Wl,-rpath,/home/ubuntu/yocto/rpi-build/tmp/work/x86_64-linux/pkgconfig-native/0.29.2+gitAUTOINC+d97db4fae4-r0/recipe-sysroot-native/usr/lib                         -Wl,-rpath,/home/ubuntu/yocto/rpi-build/tmp/work/x86_64-linux/pkgconfig-native/0.29.2+gitAUTOINC+d97db4fae4-r0/recipe-sysroot-native/lib                         -Wl,-O1 -Wl,--allow-shlib-undefined -Wl,--dynamic-linker=/home/ubuntu/yocto/rpi-build/tmp/sysroots-uninative/x86_64-linux/lib/ld-linux-x86-64.so.2 conftest.c  >&5
configure:22370: $? = 0
configure:22379: result: yes
configure:22400: checking for format to printf and scanf a guint64
configure:22440: result: %llu
configure:22458: checking for an ANSI C-conforming const
configure:22525: gcc  -c -isystem/home/ubuntu/yocto/rpi-build/tmp/work/x86_64-linux/pkgconfig-native/0.29.2+gitAUTOINC+d97db4fae4-r0/recipe-sysroot-native/usr/include -O2 -pipe -isystem/home/ubuntu/yocto/rpi-build/tmp/work/x86_64-linux/pkgconfig-native/0.29.2+gitAUTOINC+d97db4fae4-r0/recipe-sysroot-native/usr/include conftest.c >&5
configure:22525: $? = 0
configure:22533: result: yes
configure:22542: checking for growing stack pointer
configure:22579: result: no
configure:22582: checking for __inline
configure:22607: result: yes
configure:22614: checking for __inline__
configure:22639: result: yes
configure:22646: checking for inline
configure:22672: result: yes
configure:22681: checking if inline functions in headers work
configure:22710: gcc  -o conftest -isystem/home/ubuntu/yocto/rpi-build/tmp/work/x86_64-linux/pkgconfig-native/0.29.2+gitAUTOINC+d97db4fae4-r0/recipe-sysroot-native/usr/include -O2 -pipe -isystem/home/ubuntu/yocto/rpi-build/tmp/work/x86_64-linux/pkgconfig-native/0.29.2+gitAUTOINC+d97db4fae4-r0/recipe-sysroot-native/usr/include -L/home/ubuntu/yocto/rpi-build/tmp/work/x86_64-linux/pkgconfig-native/0.29.2+gitAUTOINC+d97db4fae4-r0/recipe-sysroot-native/usr/lib                         -L/home/ubuntu/yocto/rpi-build/tmp/work/x86_64-linux/pkgconfig-native/0.29.2+gitAUTOINC+d97db4fae4-r0/recipe-sysroot-native/lib                         -Wl,--enable-new-dtags                         -Wl,-rpath-link,/home/ubuntu/yocto/rpi-build/tmp/work/x86_64-linux/pkgconfig-native/0.29.2+gitAUTOINC+d97db4fae4-r0/recipe-sysroot-native/usr/lib                         -Wl,-rpath-link,/home/ubuntu/yocto/rpi-build/tmp/work/x86_64-linux/pkgconfig-native/0.29.2+gitAUTOINC+d97db4fae4-r0/recipe-sysroot-native/lib                         -Wl,-rpath,/home/ubuntu/yocto/rpi-build/tmp/work/x86_64-linux/pkgconfig-native/0.29.2+gitAUTOINC+d97db4fae4-r0/recipe-sysroot-native/usr/lib                         -Wl,-rpath,/home/ubuntu/yocto/rpi-build/tmp/work/x86_64-linux/pkgconfig-native/0.29.2+gitAUTOINC+d97db4fae4-r0/recipe-sysroot-native/lib                         -Wl,-O1 -Wl,--allow-shlib-undefined -Wl,--dynamic-linker=/home/ubuntu/yocto/rpi-build/tmp/sysroots-uninative/x86_64-linux/lib/ld-linux-x86-64.so.2 conftest.c  >&5
configure:22710: $? = 0
configure:22718: result: yes
configure:22721: checking for working do while(0) macros
configure:22743: gcc  -c -isystem/home/ubuntu/yocto/rpi-build/tmp/work/x86_64-linux/pkgconfig-native/0.29.2+gitAUTOINC+d97db4fae4-r0/recipe-sysroot-native/usr/include -O2 -pipe -isystem/home/ubuntu/yocto/rpi-build/tmp/work/x86_64-linux/pkgconfig-native/0.29.2+gitAUTOINC+d97db4fae4-r0/recipe-sysroot-native/usr/include conftest.c >&5
configure:22743: $? = 0
configure:22752: result: yes
configure:22761: checking for ISO C99 varargs macros in C
configure:22778: gcc  -c -isystem/home/ubuntu/yocto/rpi-build/tmp/work/x86_64-linux/pkgconfig-native/0.29.2+gitAUTOINC+d97db4fae4-r0/recipe-sysroot-native/usr/include -O2 -pipe -isystem/home/ubuntu/yocto/rpi-build/tmp/work/x86_64-linux/pkgconfig-native/0.29.2+gitAUTOINC+d97db4fae4-r0/recipe-sysroot-native/usr/include conftest.c >&5
configure:22778: $? = 0
configure:22785: result: yes
configure:22788: checking for ISO C99 varargs macros in C++
configure:22816: g++  -c -isystem/home/ubuntu/yocto/rpi-build/tmp/work/x86_64-linux/pkgconfig-native/0.29.2+gitAUTOINC+d97db4fae4-r0/recipe-sysroot-native/usr/include -O2 -pipe -isystem/home/ubuntu/yocto/rpi-build/tmp/work/x86_64-linux/pkgconfig-native/0.29.2+gitAUTOINC+d97db4fae4-r0/recipe-sysroot-native/usr/include conftest.cpp >&5
configure:22816: $? = 0
configure:22831: result: yes
configure:22834: checking for GNUC varargs macros
configure:22851: gcc  -c -isystem/home/ubuntu/yocto/rpi-build/tmp/work/x86_64-linux/pkgconfig-native/0.29.2+gitAUTOINC+d97db4fae4-r0/recipe-sysroot-native/usr/include -O2 -pipe -isystem/home/ubuntu/yocto/rpi-build/tmp/work/x86_64-linux/pkgconfig-native/0.29.2+gitAUTOINC+d97db4fae4-r0/recipe-sysroot-native/usr/include conftest.c >&5
configure:22851: $? = 0
configure:22858: result: yes
configure:22862: checking for GNUC visibility attribute
configure:22900: gcc  -c -isystem/home/ubuntu/yocto/rpi-build/tmp/work/x86_64-linux/pkgconfig-native/0.29.2+gitAUTOINC+d97db4fae4-r0/recipe-sysroot-native/usr/include -O2 -pipe -isystem/home/ubuntu/yocto/rpi-build/tmp/work/x86_64-linux/pkgconfig-native/0.29.2+gitAUTOINC+d97db4fae4-r0/recipe-sysroot-native/usr/include conftest.c
configure:22908: $? = 0
configure:22911: (if test -s conftest.err; then false ; else true; fi)
configure:22914: $? = 0
configure:22925: result: yes
configure:22936: checking whether using Sun Studio C compiler
configure:22953: gcc  -c -isystem/home/ubuntu/yocto/rpi-build/tmp/work/x86_64-linux/pkgconfig-native/0.29.2+gitAUTOINC+d97db4fae4-r0/recipe-sysroot-native/usr/include -O2 -pipe -isystem/home/ubuntu/yocto/rpi-build/tmp/work/x86_64-linux/pkgconfig-native/0.29.2+gitAUTOINC+d97db4fae4-r0/recipe-sysroot-native/usr/include conftest.c >&5
conftest.c:73:11: fatal error: error: this is not Sun Studio.: No such file or directory
   73 | # include "error: this is not Sun Studio."
      |           ^~~~~~~~~~~~~~~~~~~~~~~~~~~~~~~~
compilation terminated.
configure:22953: $? = 1
configure: failed program was:
| /* confdefs.h */
| #define PACKAGE_NAME "glib"
| #define PACKAGE_TARNAME "glib"
| #define PACKAGE_VERSION "2.38.2"
| #define PACKAGE_STRING "glib 2.38.2"
| #define PACKAGE_BUGREPORT "http://bugzilla.gnome.org/enter_bug.cgi?product=glib"
| #define PACKAGE_URL ""
| #define GLIB_MAJOR_VERSION 2
| #define GLIB_MINOR_VERSION 38
| #define GLIB_MICRO_VERSION 2
| #define GLIB_INTERFACE_AGE 2
| #define GLIB_BINARY_AGE 3802
| #define HAVE_STDIO_H 1
| #define HAVE_STDLIB_H 1
| #define HAVE_STRING_H 1
| #define HAVE_INTTYPES_H 1
| #define HAVE_STDINT_H 1
| #define HAVE_STRINGS_H 1
| #define HAVE_SYS_STAT_H 1
| #define HAVE_SYS_TYPES_H 1
| #define HAVE_UNISTD_H 1
| #define HAVE_WCHAR_H 1
| #define STDC_HEADERS 1
| #define _ALL_SOURCE 1
| #define _DARWIN_C_SOURCE 1
| #define _GNU_SOURCE 1
| #define _HPUX_ALT_XOPEN_SOCKET_API 1
| #define _NETBSD_SOURCE 1
| #define _OPENBSD_SOURCE 1
| #define _POSIX_PTHREAD_SEMANTICS 1
| #define __STDC_WANT_IEC_60559_ATTRIBS_EXT__ 1
| #define __STDC_WANT_IEC_60559_BFP_EXT__ 1
| #define __STDC_WANT_IEC_60559_DFP_EXT__ 1
| #define __STDC_WANT_IEC_60559_FUNCS_EXT__ 1
| #define __STDC_WANT_IEC_60559_TYPES_EXT__ 1
| #define __STDC_WANT_LIB_EXT2__ 1
| #define __STDC_WANT_MATH_SPEC_FUNCS__ 1
| #define _TANDEM_SOURCE 1
| #define __EXTENSIONS__ 1
| #define GETTEXT_PACKAGE "glib20"
| #define GLIB_LOCALE_DIR ""
| #define HAVE_DLFCN_H 1
| #define LT_OBJDIR ".libs/"
| #define HAVE_VPRINTF 1
| #define HAVE_ALLOCA_H 1
| #define HAVE_ALLOCA 1
| #define HAVE_MMAP 1
| #define HAVE_POSIX_MEMALIGN 1
| #define HAVE_MEMALIGN 1
| #define HAVE_VALLOC 1
| #define HAVE_FSYNC 1
| #define HAVE_PIPE2 1
| #define HAVE_ATEXIT 1
| #define HAVE_ON_EXIT 1
| #define HAVE_TIMEGM 1
| #define HAVE_GMTIME_R 1
| #define HAVE_LIBC_ENABLE_SECURE 1
| #define SIZEOF_CHAR 1
| #define SIZEOF_SHORT 2
| #define SIZEOF_LONG 8
| #define SIZEOF_INT 4
| #define SIZEOF_VOID_P 8
| #define SIZEOF_LONG_LONG 8
| #define HAVE_SIG_ATOMIC_T 1
| #define HAVE_LONG_LONG_FORMAT 1
| #define G_HAVE___INLINE 1
| #define G_HAVE___INLINE__ 1
| #define G_HAVE_INLINE 1
| #define HAVE_DOWHILE_MACROS 1
| /* end confdefs.h.  */
| #if defined(__SUNPRO_C) || (__SUNPRO_C >= 0x550)
| #else
| # include "error: this is not Sun Studio."
| #endif
| 
| int
| main (void)
| {
| 
|   ;
|   return 0;
| }
configure:22960: result: no
configure:22972: checking whether byte ordering is bigendian
configure:23187: result: no
configure:23254: checking for dirent.h
configure:23254: gcc  -c -isystem/home/ubuntu/yocto/rpi-build/tmp/work/x86_64-linux/pkgconfig-native/0.29.2+gitAUTOINC+d97db4fae4-r0/recipe-sysroot-native/usr/include -O2 -pipe -isystem/home/ubuntu/yocto/rpi-build/tmp/work/x86_64-linux/pkgconfig-native/0.29.2+gitAUTOINC+d97db4fae4-r0/recipe-sysroot-native/usr/include conftest.c >&5
configure:23254: $? = 0
configure:23254: result: yes
configure:23260: checking for float.h
configure:23260: gcc  -c -isystem/home/ubuntu/yocto/rpi-build/tmp/work/x86_64-linux/pkgconfig-native/0.29.2+gitAUTOINC+d97db4fae4-r0/recipe-sysroot-native/usr/include -O2 -pipe -isystem/home/ubuntu/yocto/rpi-build/tmp/work/x86_64-linux/pkgconfig-native/0.29.2+gitAUTOINC+d97db4fae4-r0/recipe-sysroot-native/usr/include conftest.c >&5
configure:23260: $? = 0
configure:23260: result: yes
configure:23266: checking for limits.h
configure:23266: gcc  -c -isystem/home/ubuntu/yocto/rpi-build/tmp/work/x86_64-linux/pkgconfig-native/0.29.2+gitAUTOINC+d97db4fae4-r0/recipe-sysroot-native/usr/include -O2 -pipe -isystem/home/ubuntu/yocto/rpi-build/tmp/work/x86_64-linux/pkgconfig-native/0.29.2+gitAUTOINC+d97db4fae4-r0/recipe-sysroot-native/usr/include conftest.c >&5
configure:23266: $? = 0
configure:23266: result: yes
configure:23272: checking for pwd.h
configure:23272: gcc  -c -isystem/home/ubuntu/yocto/rpi-build/tmp/work/x86_64-linux/pkgconfig-native/0.29.2+gitAUTOINC+d97db4fae4-r0/recipe-sysroot-native/usr/include -O2 -pipe -isystem/home/ubuntu/yocto/rpi-build/tmp/work/x86_64-linux/pkgconfig-native/0.29.2+gitAUTOINC+d97db4fae4-r0/recipe-sysroot-native/usr/include conftest.c >&5
configure:23272: $? = 0
configure:23272: result: yes
configure:23278: checking for grp.h
configure:23278: gcc  -c -isystem/home/ubuntu/yocto/rpi-build/tmp/work/x86_64-linux/pkgconfig-native/0.29.2+gitAUTOINC+d97db4fae4-r0/recipe-sysroot-native/usr/include -O2 -pipe -isystem/home/ubuntu/yocto/rpi-build/tmp/work/x86_64-linux/pkgconfig-native/0.29.2+gitAUTOINC+d97db4fae4-r0/recipe-sysroot-native/usr/include conftest.c >&5
configure:23278: $? = 0
configure:23278: result: yes
configure:23284: checking for sys/param.h
configure:23284: gcc  -c -isystem/home/ubuntu/yocto/rpi-build/tmp/work/x86_64-linux/pkgconfig-native/0.29.2+gitAUTOINC+d97db4fae4-r0/recipe-sysroot-native/usr/include -O2 -pipe -isystem/home/ubuntu/yocto/rpi-build/tmp/work/x86_64-linux/pkgconfig-native/0.29.2+gitAUTOINC+d97db4fae4-r0/recipe-sysroot-native/usr/include conftest.c >&5
configure:23284: $? = 0
configure:23284: result: yes
configure:23290: checking for sys/poll.h
configure:23290: gcc  -c -isystem/home/ubuntu/yocto/rpi-build/tmp/work/x86_64-linux/pkgconfig-native/0.29.2+gitAUTOINC+d97db4fae4-r0/recipe-sysroot-native/usr/include -O2 -pipe -isystem/home/ubuntu/yocto/rpi-build/tmp/work/x86_64-linux/pkgconfig-native/0.29.2+gitAUTOINC+d97db4fae4-r0/recipe-sysroot-native/usr/include conftest.c >&5
configure:23290: $? = 0
configure:23290: result: yes
configure:23296: checking for sys/resource.h
configure:23296: gcc  -c -isystem/home/ubuntu/yocto/rpi-build/tmp/work/x86_64-linux/pkgconfig-native/0.29.2+gitAUTOINC+d97db4fae4-r0/recipe-sysroot-native/usr/include -O2 -pipe -isystem/home/ubuntu/yocto/rpi-build/tmp/work/x86_64-linux/pkgconfig-native/0.29.2+gitAUTOINC+d97db4fae4-r0/recipe-sysroot-native/usr/include conftest.c >&5
configure:23296: $? = 0
configure:23296: result: yes
configure:23303: checking for sys/time.h
configure:23303: gcc  -c -isystem/home/ubuntu/yocto/rpi-build/tmp/work/x86_64-linux/pkgconfig-native/0.29.2+gitAUTOINC+d97db4fae4-r0/recipe-sysroot-native/usr/include -O2 -pipe -isystem/home/ubuntu/yocto/rpi-build/tmp/work/x86_64-linux/pkgconfig-native/0.29.2+gitAUTOINC+d97db4fae4-r0/recipe-sysroot-native/usr/include conftest.c >&5
configure:23303: $? = 0
configure:23303: result: yes
configure:23309: checking for sys/times.h
configure:23309: gcc  -c -isystem/home/ubuntu/yocto/rpi-build/tmp/work/x86_64-linux/pkgconfig-native/0.29.2+gitAUTOINC+d97db4fae4-r0/recipe-sysroot-native/usr/include -O2 -pipe -isystem/home/ubuntu/yocto/rpi-build/tmp/work/x86_64-linux/pkgconfig-native/0.29.2+gitAUTOINC+d97db4fae4-r0/recipe-sysroot-native/usr/include conftest.c >&5
configure:23309: $? = 0
configure:23309: result: yes
configure:23315: checking for sys/wait.h
configure:23315: gcc  -c -isystem/home/ubuntu/yocto/rpi-build/tmp/work/x86_64-linux/pkgconfig-native/0.29.2+gitAUTOINC+d97db4fae4-r0/recipe-sysroot-native/usr/include -O2 -pipe -isystem/home/ubuntu/yocto/rpi-build/tmp/work/x86_64-linux/pkgconfig-native/0.29.2+gitAUTOINC+d97db4fae4-r0/recipe-sysroot-native/usr/include conftest.c >&5
configure:23315: $? = 0
configure:23315: result: yes
configure:23321: checking for unistd.h
configure:23321: result: yes
configure:23327: checking for values.h
configure:23327: gcc  -c -isystem/home/ubuntu/yocto/rpi-build/tmp/work/x86_64-linux/pkgconfig-native/0.29.2+gitAUTOINC+d97db4fae4-r0/recipe-sysroot-native/usr/include -O2 -pipe -isystem/home/ubuntu/yocto/rpi-build/tmp/work/x86_64-linux/pkgconfig-native/0.29.2+gitAUTOINC+d97db4fae4-r0/recipe-sysroot-native/usr/include conftest.c >&5
configure:23327: $? = 0
configure:23327: result: yes
configure:23334: checking for sys/select.h
configure:23334: gcc  -c -isystem/home/ubuntu/yocto/rpi-build/tmp/work/x86_64-linux/pkgconfig-native/0.29.2+gitAUTOINC+d97db4fae4-r0/recipe-sysroot-native/usr/include -O2 -pipe -isystem/home/ubuntu/yocto/rpi-build/tmp/work/x86_64-linux/pkgconfig-native/0.29.2+gitAUTOINC+d97db4fae4-r0/recipe-sysroot-native/usr/include conftest.c >&5
configure:23334: $? = 0
configure:23334: result: yes
configure:23340: checking for sys/types.h
configure:23340: result: yes
configure:23346: checking for stdint.h
configure:23346: result: yes
configure:23352: checking for inttypes.h
configure:23352: result: yes
configure:23358: checking for sched.h
configure:23358: gcc  -c -isystem/home/ubuntu/yocto/rpi-build/tmp/work/x86_64-linux/pkgconfig-native/0.29.2+gitAUTOINC+d97db4fae4-r0/recipe-sysroot-native/usr/include -O2 -pipe -isystem/home/ubuntu/yocto/rpi-build/tmp/work/x86_64-linux/pkgconfig-native/0.29.2+gitAUTOINC+d97db4fae4-r0/recipe-sysroot-native/usr/include conftest.c >&5
configure:23358: $? = 0
configure:23358: result: yes
configure:23364: checking for malloc.h
configure:23364: gcc  -c -isystem/home/ubuntu/yocto/rpi-build/tmp/work/x86_64-linux/pkgconfig-native/0.29.2+gitAUTOINC+d97db4fae4-r0/recipe-sysroot-native/usr/include -O2 -pipe -isystem/home/ubuntu/yocto/rpi-build/tmp/work/x86_64-linux/pkgconfig-native/0.29.2+gitAUTOINC+d97db4fae4-r0/recipe-sysroot-native/usr/include conftest.c >&5
configure:23364: $? = 0
configure:23364: result: yes
configure:23371: checking for sys/vfs.h
configure:23371: gcc  -c -isystem/home/ubuntu/yocto/rpi-build/tmp/work/x86_64-linux/pkgconfig-native/0.29.2+gitAUTOINC+d97db4fae4-r0/recipe-sysroot-native/usr/include -O2 -pipe -isystem/home/ubuntu/yocto/rpi-build/tmp/work/x86_64-linux/pkgconfig-native/0.29.2+gitAUTOINC+d97db4fae4-r0/recipe-sysroot-native/usr/include conftest.c >&5
configure:23371: $? = 0
configure:23371: result: yes
configure:23377: checking for sys/vmount.h
configure:23377: gcc  -c -isystem/home/ubuntu/yocto/rpi-build/tmp/work/x86_64-linux/pkgconfig-native/0.29.2+gitAUTOINC+d97db4fae4-r0/recipe-sysroot-native/usr/include -O2 -pipe -isystem/home/ubuntu/yocto/rpi-build/tmp/work/x86_64-linux/pkgconfig-native/0.29.2+gitAUTOINC+d97db4fae4-r0/recipe-sysroot-native/usr/include conftest.c >&5
conftest.c:119:10: fatal error: sys/vmount.h: No such file or directory
  119 | #include <sys/vmount.h>
      |          ^~~~~~~~~~~~~~
compilation terminated.
configure:23377: $? = 1
configure: failed program was:
| /* confdefs.h */
| #define PACKAGE_NAME "glib"
| #define PACKAGE_TARNAME "glib"
| #define PACKAGE_VERSION "2.38.2"
| #define PACKAGE_STRING "glib 2.38.2"
| #define PACKAGE_BUGREPORT "http://bugzilla.gnome.org/enter_bug.cgi?product=glib"
| #define PACKAGE_URL ""
| #define GLIB_MAJOR_VERSION 2
| #define GLIB_MINOR_VERSION 38
| #define GLIB_MICRO_VERSION 2
| #define GLIB_INTERFACE_AGE 2
| #define GLIB_BINARY_AGE 3802
| #define HAVE_STDIO_H 1
| #define HAVE_STDLIB_H 1
| #define HAVE_STRING_H 1
| #define HAVE_INTTYPES_H 1
| #define HAVE_STDINT_H 1
| #define HAVE_STRINGS_H 1
| #define HAVE_SYS_STAT_H 1
| #define HAVE_SYS_TYPES_H 1
| #define HAVE_UNISTD_H 1
| #define HAVE_WCHAR_H 1
| #define STDC_HEADERS 1
| #define _ALL_SOURCE 1
| #define _DARWIN_C_SOURCE 1
| #define _GNU_SOURCE 1
| #define _HPUX_ALT_XOPEN_SOCKET_API 1
| #define _NETBSD_SOURCE 1
| #define _OPENBSD_SOURCE 1
| #define _POSIX_PTHREAD_SEMANTICS 1
| #define __STDC_WANT_IEC_60559_ATTRIBS_EXT__ 1
| #define __STDC_WANT_IEC_60559_BFP_EXT__ 1
| #define __STDC_WANT_IEC_60559_DFP_EXT__ 1
| #define __STDC_WANT_IEC_60559_FUNCS_EXT__ 1
| #define __STDC_WANT_IEC_60559_TYPES_EXT__ 1
| #define __STDC_WANT_LIB_EXT2__ 1
| #define __STDC_WANT_MATH_SPEC_FUNCS__ 1
| #define _TANDEM_SOURCE 1
| #define __EXTENSIONS__ 1
| #define GETTEXT_PACKAGE "glib20"
| #define GLIB_LOCALE_DIR ""
| #define HAVE_DLFCN_H 1
| #define LT_OBJDIR ".libs/"
| #define HAVE_VPRINTF 1
| #define HAVE_ALLOCA_H 1
| #define HAVE_ALLOCA 1
| #define HAVE_MMAP 1
| #define HAVE_POSIX_MEMALIGN 1
| #define HAVE_MEMALIGN 1
| #define HAVE_VALLOC 1
| #define HAVE_FSYNC 1
| #define HAVE_PIPE2 1
| #define HAVE_ATEXIT 1
| #define HAVE_ON_EXIT 1
| #define HAVE_TIMEGM 1
| #define HAVE_GMTIME_R 1
| #define HAVE_LIBC_ENABLE_SECURE 1
| #define SIZEOF_CHAR 1
| #define SIZEOF_SHORT 2
| #define SIZEOF_LONG 8
| #define SIZEOF_INT 4
| #define SIZEOF_VOID_P 8
| #define SIZEOF_LONG_LONG 8
| #define HAVE_SIG_ATOMIC_T 1
| #define HAVE_LONG_LONG_FORMAT 1
| #define G_HAVE___INLINE 1
| #define G_HAVE___INLINE__ 1
| #define G_HAVE_INLINE 1
| #define HAVE_DOWHILE_MACROS 1
| #define HAVE_DIRENT_H 1
| #define HAVE_FLOAT_H 1
| #define HAVE_LIMITS_H 1
| #define HAVE_PWD_H 1
| #define HAVE_GRP_H 1
| #define HAVE_SYS_PARAM_H 1
| #define HAVE_SYS_POLL_H 1
| #define HAVE_SYS_RESOURCE_H 1
| #define HAVE_SYS_TIME_H 1
| #define HAVE_SYS_TIMES_H 1
| #define HAVE_SYS_WAIT_H 1
| #define HAVE_UNISTD_H 1
| #define HAVE_VALUES_H 1
| #define HAVE_SYS_SELECT_H 1
| #define HAVE_SYS_TYPES_H 1
| #define HAVE_STDINT_H 1
| #define HAVE_INTTYPES_H 1
| #define HAVE_SCHED_H 1
| #define HAVE_MALLOC_H 1
| #define HAVE_SYS_VFS_H 1
| /* end confdefs.h.  */
| #include <stddef.h>
| #ifdef HAVE_STDIO_H
| # include <stdio.h>
| #endif
| #ifdef HAVE_STDLIB_H
| # include <stdlib.h>
| #endif
| #ifdef HAVE_STRING_H
| # include <string.h>
| #endif
| #ifdef HAVE_INTTYPES_H
| # include <inttypes.h>
| #endif
| #ifdef HAVE_STDINT_H
| # include <stdint.h>
| #endif
| #ifdef HAVE_STRINGS_H
| # include <strings.h>
| #endif
| #ifdef HAVE_SYS_TYPES_H
| # include <sys/types.h>
| #endif
| #ifdef HAVE_SYS_STAT_H
| # include <sys/stat.h>
| #endif
| #ifdef HAVE_UNISTD_H
| # include <unistd.h>
| #endif
| #include <sys/vmount.h>
configure:23377: result: no
configure:23383: checking for sys/statfs.h
configure:23383: gcc  -c -isystem/home/ubuntu/yocto/rpi-build/tmp/work/x86_64-linux/pkgconfig-native/0.29.2+gitAUTOINC+d97db4fae4-r0/recipe-sysroot-native/usr/include -O2 -pipe -isystem/home/ubuntu/yocto/rpi-build/tmp/work/x86_64-linux/pkgconfig-native/0.29.2+gitAUTOINC+d97db4fae4-r0/recipe-sysroot-native/usr/include conftest.c >&5
configure:23383: $? = 0
configure:23383: result: yes
configure:23389: checking for sys/statvfs.h
configure:23389: gcc  -c -isystem/home/ubuntu/yocto/rpi-build/tmp/work/x86_64-linux/pkgconfig-native/0.29.2+gitAUTOINC+d97db4fae4-r0/recipe-sysroot-native/usr/include -O2 -pipe -isystem/home/ubuntu/yocto/rpi-build/tmp/work/x86_64-linux/pkgconfig-native/0.29.2+gitAUTOINC+d97db4fae4-r0/recipe-sysroot-native/usr/include conftest.c >&5
configure:23389: $? = 0
configure:23389: result: yes
configure:23395: checking for sys/filio.h
configure:23395: gcc  -c -isystem/home/ubuntu/yocto/rpi-build/tmp/work/x86_64-linux/pkgconfig-native/0.29.2+gitAUTOINC+d97db4fae4-r0/recipe-sysroot-native/usr/include -O2 -pipe -isystem/home/ubuntu/yocto/rpi-build/tmp/work/x86_64-linux/pkgconfig-native/0.29.2+gitAUTOINC+d97db4fae4-r0/recipe-sysroot-native/usr/include conftest.c >&5
conftest.c:121:10: fatal error: sys/filio.h: No such file or directory
  121 | #include <sys/filio.h>
      |          ^~~~~~~~~~~~~
compilation terminated.
configure:23395: $? = 1
configure: failed program was:
| /* confdefs.h */
| #define PACKAGE_NAME "glib"
| #define PACKAGE_TARNAME "glib"
| #define PACKAGE_VERSION "2.38.2"
| #define PACKAGE_STRING "glib 2.38.2"
| #define PACKAGE_BUGREPORT "http://bugzilla.gnome.org/enter_bug.cgi?product=glib"
| #define PACKAGE_URL ""
| #define GLIB_MAJOR_VERSION 2
| #define GLIB_MINOR_VERSION 38
| #define GLIB_MICRO_VERSION 2
| #define GLIB_INTERFACE_AGE 2
| #define GLIB_BINARY_AGE 3802
| #define HAVE_STDIO_H 1
| #define HAVE_STDLIB_H 1
| #define HAVE_STRING_H 1
| #define HAVE_INTTYPES_H 1
| #define HAVE_STDINT_H 1
| #define HAVE_STRINGS_H 1
| #define HAVE_SYS_STAT_H 1
| #define HAVE_SYS_TYPES_H 1
| #define HAVE_UNISTD_H 1
| #define HAVE_WCHAR_H 1
| #define STDC_HEADERS 1
| #define _ALL_SOURCE 1
| #define _DARWIN_C_SOURCE 1
| #define _GNU_SOURCE 1
| #define _HPUX_ALT_XOPEN_SOCKET_API 1
| #define _NETBSD_SOURCE 1
| #define _OPENBSD_SOURCE 1
| #define _POSIX_PTHREAD_SEMANTICS 1
| #define __STDC_WANT_IEC_60559_ATTRIBS_EXT__ 1
| #define __STDC_WANT_IEC_60559_BFP_EXT__ 1
| #define __STDC_WANT_IEC_60559_DFP_EXT__ 1
| #define __STDC_WANT_IEC_60559_FUNCS_EXT__ 1
| #define __STDC_WANT_IEC_60559_TYPES_EXT__ 1
| #define __STDC_WANT_LIB_EXT2__ 1
| #define __STDC_WANT_MATH_SPEC_FUNCS__ 1
| #define _TANDEM_SOURCE 1
| #define __EXTENSIONS__ 1
| #define GETTEXT_PACKAGE "glib20"
| #define GLIB_LOCALE_DIR ""
| #define HAVE_DLFCN_H 1
| #define LT_OBJDIR ".libs/"
| #define HAVE_VPRINTF 1
| #define HAVE_ALLOCA_H 1
| #define HAVE_ALLOCA 1
| #define HAVE_MMAP 1
| #define HAVE_POSIX_MEMALIGN 1
| #define HAVE_MEMALIGN 1
| #define HAVE_VALLOC 1
| #define HAVE_FSYNC 1
| #define HAVE_PIPE2 1
| #define HAVE_ATEXIT 1
| #define HAVE_ON_EXIT 1
| #define HAVE_TIMEGM 1
| #define HAVE_GMTIME_R 1
| #define HAVE_LIBC_ENABLE_SECURE 1
| #define SIZEOF_CHAR 1
| #define SIZEOF_SHORT 2
| #define SIZEOF_LONG 8
| #define SIZEOF_INT 4
| #define SIZEOF_VOID_P 8
| #define SIZEOF_LONG_LONG 8
| #define HAVE_SIG_ATOMIC_T 1
| #define HAVE_LONG_LONG_FORMAT 1
| #define G_HAVE___INLINE 1
| #define G_HAVE___INLINE__ 1
| #define G_HAVE_INLINE 1
| #define HAVE_DOWHILE_MACROS 1
| #define HAVE_DIRENT_H 1
| #define HAVE_FLOAT_H 1
| #define HAVE_LIMITS_H 1
| #define HAVE_PWD_H 1
| #define HAVE_GRP_H 1
| #define HAVE_SYS_PARAM_H 1
| #define HAVE_SYS_POLL_H 1
| #define HAVE_SYS_RESOURCE_H 1
| #define HAVE_SYS_TIME_H 1
| #define HAVE_SYS_TIMES_H 1
| #define HAVE_SYS_WAIT_H 1
| #define HAVE_UNISTD_H 1
| #define HAVE_VALUES_H 1
| #define HAVE_SYS_SELECT_H 1
| #define HAVE_SYS_TYPES_H 1
| #define HAVE_STDINT_H 1
| #define HAVE_INTTYPES_H 1
| #define HAVE_SCHED_H 1
| #define HAVE_MALLOC_H 1
| #define HAVE_SYS_VFS_H 1
| #define HAVE_SYS_STATFS_H 1
| #define HAVE_SYS_STATVFS_H 1
| /* end confdefs.h.  */
| #include <stddef.h>
| #ifdef HAVE_STDIO_H
| # include <stdio.h>
| #endif
| #ifdef HAVE_STDLIB_H
| # include <stdlib.h>
| #endif
| #ifdef HAVE_STRING_H
| # include <string.h>
| #endif
| #ifdef HAVE_INTTYPES_H
| # include <inttypes.h>
| #endif
| #ifdef HAVE_STDINT_H
| # include <stdint.h>
| #endif
| #ifdef HAVE_STRINGS_H
| # include <strings.h>
| #endif
| #ifdef HAVE_SYS_TYPES_H
| # include <sys/types.h>
| #endif
| #ifdef HAVE_SYS_STAT_H
| # include <sys/stat.h>
| #endif
| #ifdef HAVE_UNISTD_H
| # include <unistd.h>
| #endif
| #include <sys/filio.h>
configure:23395: result: no
configure:23402: checking for mntent.h
configure:23402: gcc  -c -isystem/home/ubuntu/yocto/rpi-build/tmp/work/x86_64-linux/pkgconfig-native/0.29.2+gitAUTOINC+d97db4fae4-r0/recipe-sysroot-native/usr/include -O2 -pipe -isystem/home/ubuntu/yocto/rpi-build/tmp/work/x86_64-linux/pkgconfig-native/0.29.2+gitAUTOINC+d97db4fae4-r0/recipe-sysroot-native/usr/include conftest.c >&5
configure:23402: $? = 0
configure:23402: result: yes
configure:23408: checking for sys/mnttab.h
configure:23408: gcc  -c -isystem/home/ubuntu/yocto/rpi-build/tmp/work/x86_64-linux/pkgconfig-native/0.29.2+gitAUTOINC+d97db4fae4-r0/recipe-sysroot-native/usr/include -O2 -pipe -isystem/home/ubuntu/yocto/rpi-build/tmp/work/x86_64-linux/pkgconfig-native/0.29.2+gitAUTOINC+d97db4fae4-r0/recipe-sysroot-native/usr/include conftest.c >&5
conftest.c:122:10: fatal error: sys/mnttab.h: No such file or directory
  122 | #include <sys/mnttab.h>
      |          ^~~~~~~~~~~~~~
compilation terminated.
configure:23408: $? = 1
configure: failed program was:
| /* confdefs.h */
| #define PACKAGE_NAME "glib"
| #define PACKAGE_TARNAME "glib"
| #define PACKAGE_VERSION "2.38.2"
| #define PACKAGE_STRING "glib 2.38.2"
| #define PACKAGE_BUGREPORT "http://bugzilla.gnome.org/enter_bug.cgi?product=glib"
| #define PACKAGE_URL ""
| #define GLIB_MAJOR_VERSION 2
| #define GLIB_MINOR_VERSION 38
| #define GLIB_MICRO_VERSION 2
| #define GLIB_INTERFACE_AGE 2
| #define GLIB_BINARY_AGE 3802
| #define HAVE_STDIO_H 1
| #define HAVE_STDLIB_H 1
| #define HAVE_STRING_H 1
| #define HAVE_INTTYPES_H 1
| #define HAVE_STDINT_H 1
| #define HAVE_STRINGS_H 1
| #define HAVE_SYS_STAT_H 1
| #define HAVE_SYS_TYPES_H 1
| #define HAVE_UNISTD_H 1
| #define HAVE_WCHAR_H 1
| #define STDC_HEADERS 1
| #define _ALL_SOURCE 1
| #define _DARWIN_C_SOURCE 1
| #define _GNU_SOURCE 1
| #define _HPUX_ALT_XOPEN_SOCKET_API 1
| #define _NETBSD_SOURCE 1
| #define _OPENBSD_SOURCE 1
| #define _POSIX_PTHREAD_SEMANTICS 1
| #define __STDC_WANT_IEC_60559_ATTRIBS_EXT__ 1
| #define __STDC_WANT_IEC_60559_BFP_EXT__ 1
| #define __STDC_WANT_IEC_60559_DFP_EXT__ 1
| #define __STDC_WANT_IEC_60559_FUNCS_EXT__ 1
| #define __STDC_WANT_IEC_60559_TYPES_EXT__ 1
| #define __STDC_WANT_LIB_EXT2__ 1
| #define __STDC_WANT_MATH_SPEC_FUNCS__ 1
| #define _TANDEM_SOURCE 1
| #define __EXTENSIONS__ 1
| #define GETTEXT_PACKAGE "glib20"
| #define GLIB_LOCALE_DIR ""
| #define HAVE_DLFCN_H 1
| #define LT_OBJDIR ".libs/"
| #define HAVE_VPRINTF 1
| #define HAVE_ALLOCA_H 1
| #define HAVE_ALLOCA 1
| #define HAVE_MMAP 1
| #define HAVE_POSIX_MEMALIGN 1
| #define HAVE_MEMALIGN 1
| #define HAVE_VALLOC 1
| #define HAVE_FSYNC 1
| #define HAVE_PIPE2 1
| #define HAVE_ATEXIT 1
| #define HAVE_ON_EXIT 1
| #define HAVE_TIMEGM 1
| #define HAVE_GMTIME_R 1
| #define HAVE_LIBC_ENABLE_SECURE 1
| #define SIZEOF_CHAR 1
| #define SIZEOF_SHORT 2
| #define SIZEOF_LONG 8
| #define SIZEOF_INT 4
| #define SIZEOF_VOID_P 8
| #define SIZEOF_LONG_LONG 8
| #define HAVE_SIG_ATOMIC_T 1
| #define HAVE_LONG_LONG_FORMAT 1
| #define G_HAVE___INLINE 1
| #define G_HAVE___INLINE__ 1
| #define G_HAVE_INLINE 1
| #define HAVE_DOWHILE_MACROS 1
| #define HAVE_DIRENT_H 1
| #define HAVE_FLOAT_H 1
| #define HAVE_LIMITS_H 1
| #define HAVE_PWD_H 1
| #define HAVE_GRP_H 1
| #define HAVE_SYS_PARAM_H 1
| #define HAVE_SYS_POLL_H 1
| #define HAVE_SYS_RESOURCE_H 1
| #define HAVE_SYS_TIME_H 1
| #define HAVE_SYS_TIMES_H 1
| #define HAVE_SYS_WAIT_H 1
| #define HAVE_UNISTD_H 1
| #define HAVE_VALUES_H 1
| #define HAVE_SYS_SELECT_H 1
| #define HAVE_SYS_TYPES_H 1
| #define HAVE_STDINT_H 1
| #define HAVE_INTTYPES_H 1
| #define HAVE_SCHED_H 1
| #define HAVE_MALLOC_H 1
| #define HAVE_SYS_VFS_H 1
| #define HAVE_SYS_STATFS_H 1
| #define HAVE_SYS_STATVFS_H 1
| #define HAVE_MNTENT_H 1
| /* end confdefs.h.  */
| #include <stddef.h>
| #ifdef HAVE_STDIO_H
| # include <stdio.h>
| #endif
| #ifdef HAVE_STDLIB_H
| # include <stdlib.h>
| #endif
| #ifdef HAVE_STRING_H
| # include <string.h>
| #endif
| #ifdef HAVE_INTTYPES_H
| # include <inttypes.h>
| #endif
| #ifdef HAVE_STDINT_H
| # include <stdint.h>
| #endif
| #ifdef HAVE_STRINGS_H
| # include <strings.h>
| #endif
| #ifdef HAVE_SYS_TYPES_H
| # include <sys/types.h>
| #endif
| #ifdef HAVE_SYS_STAT_H
| # include <sys/stat.h>
| #endif
| #ifdef HAVE_UNISTD_H
| # include <unistd.h>
| #endif
| #include <sys/mnttab.h>
configure:23408: result: no
configure:23414: checking for sys/vfstab.h
configure:23414: gcc  -c -isystem/home/ubuntu/yocto/rpi-build/tmp/work/x86_64-linux/pkgconfig-native/0.29.2+gitAUTOINC+d97db4fae4-r0/recipe-sysroot-native/usr/include -O2 -pipe -isystem/home/ubuntu/yocto/rpi-build/tmp/work/x86_64-linux/pkgconfig-native/0.29.2+gitAUTOINC+d97db4fae4-r0/recipe-sysroot-native/usr/include conftest.c >&5
conftest.c:122:10: fatal error: sys/vfstab.h: No such file or directory
  122 | #include <sys/vfstab.h>
      |          ^~~~~~~~~~~~~~
compilation terminated.
configure:23414: $? = 1
configure: failed program was:
| /* confdefs.h */
| #define PACKAGE_NAME "glib"
| #define PACKAGE_TARNAME "glib"
| #define PACKAGE_VERSION "2.38.2"
| #define PACKAGE_STRING "glib 2.38.2"
| #define PACKAGE_BUGREPORT "http://bugzilla.gnome.org/enter_bug.cgi?product=glib"
| #define PACKAGE_URL ""
| #define GLIB_MAJOR_VERSION 2
| #define GLIB_MINOR_VERSION 38
| #define GLIB_MICRO_VERSION 2
| #define GLIB_INTERFACE_AGE 2
| #define GLIB_BINARY_AGE 3802
| #define HAVE_STDIO_H 1
| #define HAVE_STDLIB_H 1
| #define HAVE_STRING_H 1
| #define HAVE_INTTYPES_H 1
| #define HAVE_STDINT_H 1
| #define HAVE_STRINGS_H 1
| #define HAVE_SYS_STAT_H 1
| #define HAVE_SYS_TYPES_H 1
| #define HAVE_UNISTD_H 1
| #define HAVE_WCHAR_H 1
| #define STDC_HEADERS 1
| #define _ALL_SOURCE 1
| #define _DARWIN_C_SOURCE 1
| #define _GNU_SOURCE 1
| #define _HPUX_ALT_XOPEN_SOCKET_API 1
| #define _NETBSD_SOURCE 1
| #define _OPENBSD_SOURCE 1
| #define _POSIX_PTHREAD_SEMANTICS 1
| #define __STDC_WANT_IEC_60559_ATTRIBS_EXT__ 1
| #define __STDC_WANT_IEC_60559_BFP_EXT__ 1
| #define __STDC_WANT_IEC_60559_DFP_EXT__ 1
| #define __STDC_WANT_IEC_60559_FUNCS_EXT__ 1
| #define __STDC_WANT_IEC_60559_TYPES_EXT__ 1
| #define __STDC_WANT_LIB_EXT2__ 1
| #define __STDC_WANT_MATH_SPEC_FUNCS__ 1
| #define _TANDEM_SOURCE 1
| #define __EXTENSIONS__ 1
| #define GETTEXT_PACKAGE "glib20"
| #define GLIB_LOCALE_DIR ""
| #define HAVE_DLFCN_H 1
| #define LT_OBJDIR ".libs/"
| #define HAVE_VPRINTF 1
| #define HAVE_ALLOCA_H 1
| #define HAVE_ALLOCA 1
| #define HAVE_MMAP 1
| #define HAVE_POSIX_MEMALIGN 1
| #define HAVE_MEMALIGN 1
| #define HAVE_VALLOC 1
| #define HAVE_FSYNC 1
| #define HAVE_PIPE2 1
| #define HAVE_ATEXIT 1
| #define HAVE_ON_EXIT 1
| #define HAVE_TIMEGM 1
| #define HAVE_GMTIME_R 1
| #define HAVE_LIBC_ENABLE_SECURE 1
| #define SIZEOF_CHAR 1
| #define SIZEOF_SHORT 2
| #define SIZEOF_LONG 8
| #define SIZEOF_INT 4
| #define SIZEOF_VOID_P 8
| #define SIZEOF_LONG_LONG 8
| #define HAVE_SIG_ATOMIC_T 1
| #define HAVE_LONG_LONG_FORMAT 1
| #define G_HAVE___INLINE 1
| #define G_HAVE___INLINE__ 1
| #define G_HAVE_INLINE 1
| #define HAVE_DOWHILE_MACROS 1
| #define HAVE_DIRENT_H 1
| #define HAVE_FLOAT_H 1
| #define HAVE_LIMITS_H 1
| #define HAVE_PWD_H 1
| #define HAVE_GRP_H 1
| #define HAVE_SYS_PARAM_H 1
| #define HAVE_SYS_POLL_H 1
| #define HAVE_SYS_RESOURCE_H 1
| #define HAVE_SYS_TIME_H 1
| #define HAVE_SYS_TIMES_H 1
| #define HAVE_SYS_WAIT_H 1
| #define HAVE_UNISTD_H 1
| #define HAVE_VALUES_H 1
| #define HAVE_SYS_SELECT_H 1
| #define HAVE_SYS_TYPES_H 1
| #define HAVE_STDINT_H 1
| #define HAVE_INTTYPES_H 1
| #define HAVE_SCHED_H 1
| #define HAVE_MALLOC_H 1
| #define HAVE_SYS_VFS_H 1
| #define HAVE_SYS_STATFS_H 1
| #define HAVE_SYS_STATVFS_H 1
| #define HAVE_MNTENT_H 1
| /* end confdefs.h.  */
| #include <stddef.h>
| #ifdef HAVE_STDIO_H
| # include <stdio.h>
| #endif
| #ifdef HAVE_STDLIB_H
| # include <stdlib.h>
| #endif
| #ifdef HAVE_STRING_H
| # include <string.h>
| #endif
| #ifdef HAVE_INTTYPES_H
| # include <inttypes.h>
| #endif
| #ifdef HAVE_STDINT_H
| # include <stdint.h>
| #endif
| #ifdef HAVE_STRINGS_H
| # include <strings.h>
| #endif
| #ifdef HAVE_SYS_TYPES_H
| # include <sys/types.h>
| #endif
| #ifdef HAVE_SYS_STAT_H
| # include <sys/stat.h>
| #endif
| #ifdef HAVE_UNISTD_H
| # include <unistd.h>
| #endif
| #include <sys/vfstab.h>
configure:23414: result: no
configure:23420: checking for sys/mntctl.h
configure:23420: gcc  -c -isystem/home/ubuntu/yocto/rpi-build/tmp/work/x86_64-linux/pkgconfig-native/0.29.2+gitAUTOINC+d97db4fae4-r0/recipe-sysroot-native/usr/include -O2 -pipe -isystem/home/ubuntu/yocto/rpi-build/tmp/work/x86_64-linux/pkgconfig-native/0.29.2+gitAUTOINC+d97db4fae4-r0/recipe-sysroot-native/usr/include conftest.c >&5
conftest.c:122:10: fatal error: sys/mntctl.h: No such file or directory
  122 | #include <sys/mntctl.h>
      |          ^~~~~~~~~~~~~~
compilation terminated.
configure:23420: $? = 1
configure: failed program was:
| /* confdefs.h */
| #define PACKAGE_NAME "glib"
| #define PACKAGE_TARNAME "glib"
| #define PACKAGE_VERSION "2.38.2"
| #define PACKAGE_STRING "glib 2.38.2"
| #define PACKAGE_BUGREPORT "http://bugzilla.gnome.org/enter_bug.cgi?product=glib"
| #define PACKAGE_URL ""
| #define GLIB_MAJOR_VERSION 2
| #define GLIB_MINOR_VERSION 38
| #define GLIB_MICRO_VERSION 2
| #define GLIB_INTERFACE_AGE 2
| #define GLIB_BINARY_AGE 3802
| #define HAVE_STDIO_H 1
| #define HAVE_STDLIB_H 1
| #define HAVE_STRING_H 1
| #define HAVE_INTTYPES_H 1
| #define HAVE_STDINT_H 1
| #define HAVE_STRINGS_H 1
| #define HAVE_SYS_STAT_H 1
| #define HAVE_SYS_TYPES_H 1
| #define HAVE_UNISTD_H 1
| #define HAVE_WCHAR_H 1
| #define STDC_HEADERS 1
| #define _ALL_SOURCE 1
| #define _DARWIN_C_SOURCE 1
| #define _GNU_SOURCE 1
| #define _HPUX_ALT_XOPEN_SOCKET_API 1
| #define _NETBSD_SOURCE 1
| #define _OPENBSD_SOURCE 1
| #define _POSIX_PTHREAD_SEMANTICS 1
| #define __STDC_WANT_IEC_60559_ATTRIBS_EXT__ 1
| #define __STDC_WANT_IEC_60559_BFP_EXT__ 1
| #define __STDC_WANT_IEC_60559_DFP_EXT__ 1
| #define __STDC_WANT_IEC_60559_FUNCS_EXT__ 1
| #define __STDC_WANT_IEC_60559_TYPES_EXT__ 1
| #define __STDC_WANT_LIB_EXT2__ 1
| #define __STDC_WANT_MATH_SPEC_FUNCS__ 1
| #define _TANDEM_SOURCE 1
| #define __EXTENSIONS__ 1
| #define GETTEXT_PACKAGE "glib20"
| #define GLIB_LOCALE_DIR ""
| #define HAVE_DLFCN_H 1
| #define LT_OBJDIR ".libs/"
| #define HAVE_VPRINTF 1
| #define HAVE_ALLOCA_H 1
| #define HAVE_ALLOCA 1
| #define HAVE_MMAP 1
| #define HAVE_POSIX_MEMALIGN 1
| #define HAVE_MEMALIGN 1
| #define HAVE_VALLOC 1
| #define HAVE_FSYNC 1
| #define HAVE_PIPE2 1
| #define HAVE_ATEXIT 1
| #define HAVE_ON_EXIT 1
| #define HAVE_TIMEGM 1
| #define HAVE_GMTIME_R 1
| #define HAVE_LIBC_ENABLE_SECURE 1
| #define SIZEOF_CHAR 1
| #define SIZEOF_SHORT 2
| #define SIZEOF_LONG 8
| #define SIZEOF_INT 4
| #define SIZEOF_VOID_P 8
| #define SIZEOF_LONG_LONG 8
| #define HAVE_SIG_ATOMIC_T 1
| #define HAVE_LONG_LONG_FORMAT 1
| #define G_HAVE___INLINE 1
| #define G_HAVE___INLINE__ 1
| #define G_HAVE_INLINE 1
| #define HAVE_DOWHILE_MACROS 1
| #define HAVE_DIRENT_H 1
| #define HAVE_FLOAT_H 1
| #define HAVE_LIMITS_H 1
| #define HAVE_PWD_H 1
| #define HAVE_GRP_H 1
| #define HAVE_SYS_PARAM_H 1
| #define HAVE_SYS_POLL_H 1
| #define HAVE_SYS_RESOURCE_H 1
| #define HAVE_SYS_TIME_H 1
| #define HAVE_SYS_TIMES_H 1
| #define HAVE_SYS_WAIT_H 1
| #define HAVE_UNISTD_H 1
| #define HAVE_VALUES_H 1
| #define HAVE_SYS_SELECT_H 1
| #define HAVE_SYS_TYPES_H 1
| #define HAVE_STDINT_H 1
| #define HAVE_INTTYPES_H 1
| #define HAVE_SCHED_H 1
| #define HAVE_MALLOC_H 1
| #define HAVE_SYS_VFS_H 1
| #define HAVE_SYS_STATFS_H 1
| #define HAVE_SYS_STATVFS_H 1
| #define HAVE_MNTENT_H 1
| /* end confdefs.h.  */
| #include <stddef.h>
| #ifdef HAVE_STDIO_H
| # include <stdio.h>
| #endif
| #ifdef HAVE_STDLIB_H
| # include <stdlib.h>
| #endif
| #ifdef HAVE_STRING_H
| # include <string.h>
| #endif
| #ifdef HAVE_INTTYPES_H
| # include <inttypes.h>
| #endif
| #ifdef HAVE_STDINT_H
| # include <stdint.h>
| #endif
| #ifdef HAVE_STRINGS_H
| # include <strings.h>
| #endif
| #ifdef HAVE_SYS_TYPES_H
| # include <sys/types.h>
| #endif
| #ifdef HAVE_SYS_STAT_H
| # include <sys/stat.h>
| #endif
| #ifdef HAVE_UNISTD_H
| # include <unistd.h>
| #endif
| #include <sys/mntctl.h>
configure:23420: result: no
configure:23426: checking for fstab.h
configure:23426: gcc  -c -isystem/home/ubuntu/yocto/rpi-build/tmp/work/x86_64-linux/pkgconfig-native/0.29.2+gitAUTOINC+d97db4fae4-r0/recipe-sysroot-native/usr/include -O2 -pipe -isystem/home/ubuntu/yocto/rpi-build/tmp/work/x86_64-linux/pkgconfig-native/0.29.2+gitAUTOINC+d97db4fae4-r0/recipe-sysroot-native/usr/include conftest.c >&5
configure:23426: $? = 0
configure:23426: result: yes
configure:23433: checking for sys/uio.h
configure:23433: gcc  -c -isystem/home/ubuntu/yocto/rpi-build/tmp/work/x86_64-linux/pkgconfig-native/0.29.2+gitAUTOINC+d97db4fae4-r0/recipe-sysroot-native/usr/include -O2 -pipe -isystem/home/ubuntu/yocto/rpi-build/tmp/work/x86_64-linux/pkgconfig-native/0.29.2+gitAUTOINC+d97db4fae4-r0/recipe-sysroot-native/usr/include conftest.c >&5
configure:23433: $? = 0
configure:23433: result: yes
configure:23439: checking for sys/mkdev.h
configure:23439: gcc  -c -isystem/home/ubuntu/yocto/rpi-build/tmp/work/x86_64-linux/pkgconfig-native/0.29.2+gitAUTOINC+d97db4fae4-r0/recipe-sysroot-native/usr/include -O2 -pipe -isystem/home/ubuntu/yocto/rpi-build/tmp/work/x86_64-linux/pkgconfig-native/0.29.2+gitAUTOINC+d97db4fae4-r0/recipe-sysroot-native/usr/include conftest.c >&5
conftest.c:124:10: fatal error: sys/mkdev.h: No such file or directory
  124 | #include <sys/mkdev.h>
      |          ^~~~~~~~~~~~~
compilation terminated.
configure:23439: $? = 1
configure: failed program was:
| /* confdefs.h */
| #define PACKAGE_NAME "glib"
| #define PACKAGE_TARNAME "glib"
| #define PACKAGE_VERSION "2.38.2"
| #define PACKAGE_STRING "glib 2.38.2"
| #define PACKAGE_BUGREPORT "http://bugzilla.gnome.org/enter_bug.cgi?product=glib"
| #define PACKAGE_URL ""
| #define GLIB_MAJOR_VERSION 2
| #define GLIB_MINOR_VERSION 38
| #define GLIB_MICRO_VERSION 2
| #define GLIB_INTERFACE_AGE 2
| #define GLIB_BINARY_AGE 3802
| #define HAVE_STDIO_H 1
| #define HAVE_STDLIB_H 1
| #define HAVE_STRING_H 1
| #define HAVE_INTTYPES_H 1
| #define HAVE_STDINT_H 1
| #define HAVE_STRINGS_H 1
| #define HAVE_SYS_STAT_H 1
| #define HAVE_SYS_TYPES_H 1
| #define HAVE_UNISTD_H 1
| #define HAVE_WCHAR_H 1
| #define STDC_HEADERS 1
| #define _ALL_SOURCE 1
| #define _DARWIN_C_SOURCE 1
| #define _GNU_SOURCE 1
| #define _HPUX_ALT_XOPEN_SOCKET_API 1
| #define _NETBSD_SOURCE 1
| #define _OPENBSD_SOURCE 1
| #define _POSIX_PTHREAD_SEMANTICS 1
| #define __STDC_WANT_IEC_60559_ATTRIBS_EXT__ 1
| #define __STDC_WANT_IEC_60559_BFP_EXT__ 1
| #define __STDC_WANT_IEC_60559_DFP_EXT__ 1
| #define __STDC_WANT_IEC_60559_FUNCS_EXT__ 1
| #define __STDC_WANT_IEC_60559_TYPES_EXT__ 1
| #define __STDC_WANT_LIB_EXT2__ 1
| #define __STDC_WANT_MATH_SPEC_FUNCS__ 1
| #define _TANDEM_SOURCE 1
| #define __EXTENSIONS__ 1
| #define GETTEXT_PACKAGE "glib20"
| #define GLIB_LOCALE_DIR ""
| #define HAVE_DLFCN_H 1
| #define LT_OBJDIR ".libs/"
| #define HAVE_VPRINTF 1
| #define HAVE_ALLOCA_H 1
| #define HAVE_ALLOCA 1
| #define HAVE_MMAP 1
| #define HAVE_POSIX_MEMALIGN 1
| #define HAVE_MEMALIGN 1
| #define HAVE_VALLOC 1
| #define HAVE_FSYNC 1
| #define HAVE_PIPE2 1
| #define HAVE_ATEXIT 1
| #define HAVE_ON_EXIT 1
| #define HAVE_TIMEGM 1
| #define HAVE_GMTIME_R 1
| #define HAVE_LIBC_ENABLE_SECURE 1
| #define SIZEOF_CHAR 1
| #define SIZEOF_SHORT 2
| #define SIZEOF_LONG 8
| #define SIZEOF_INT 4
| #define SIZEOF_VOID_P 8
| #define SIZEOF_LONG_LONG 8
| #define HAVE_SIG_ATOMIC_T 1
| #define HAVE_LONG_LONG_FORMAT 1
| #define G_HAVE___INLINE 1
| #define G_HAVE___INLINE__ 1
| #define G_HAVE_INLINE 1
| #define HAVE_DOWHILE_MACROS 1
| #define HAVE_DIRENT_H 1
| #define HAVE_FLOAT_H 1
| #define HAVE_LIMITS_H 1
| #define HAVE_PWD_H 1
| #define HAVE_GRP_H 1
| #define HAVE_SYS_PARAM_H 1
| #define HAVE_SYS_POLL_H 1
| #define HAVE_SYS_RESOURCE_H 1
| #define HAVE_SYS_TIME_H 1
| #define HAVE_SYS_TIMES_H 1
| #define HAVE_SYS_WAIT_H 1
| #define HAVE_UNISTD_H 1
| #define HAVE_VALUES_H 1
| #define HAVE_SYS_SELECT_H 1
| #define HAVE_SYS_TYPES_H 1
| #define HAVE_STDINT_H 1
| #define HAVE_INTTYPES_H 1
| #define HAVE_SCHED_H 1
| #define HAVE_MALLOC_H 1
| #define HAVE_SYS_VFS_H 1
| #define HAVE_SYS_STATFS_H 1
| #define HAVE_SYS_STATVFS_H 1
| #define HAVE_MNTENT_H 1
| #define HAVE_FSTAB_H 1
| #define HAVE_SYS_UIO_H 1
| /* end confdefs.h.  */
| #include <stddef.h>
| #ifdef HAVE_STDIO_H
| # include <stdio.h>
| #endif
| #ifdef HAVE_STDLIB_H
| # include <stdlib.h>
| #endif
| #ifdef HAVE_STRING_H
| # include <string.h>
| #endif
| #ifdef HAVE_INTTYPES_H
| # include <inttypes.h>
| #endif
| #ifdef HAVE_STDINT_H
| # include <stdint.h>
| #endif
| #ifdef HAVE_STRINGS_H
| # include <strings.h>
| #endif
| #ifdef HAVE_SYS_TYPES_H
| # include <sys/types.h>
| #endif
| #ifdef HAVE_SYS_STAT_H
| # include <sys/stat.h>
| #endif
| #ifdef HAVE_UNISTD_H
| # include <unistd.h>
| #endif
| #include <sys/mkdev.h>
configure:23439: result: no
configure:23446: checking for linux/magic.h
configure:23446: gcc  -c -isystem/home/ubuntu/yocto/rpi-build/tmp/work/x86_64-linux/pkgconfig-native/0.29.2+gitAUTOINC+d97db4fae4-r0/recipe-sysroot-native/usr/include -O2 -pipe -isystem/home/ubuntu/yocto/rpi-build/tmp/work/x86_64-linux/pkgconfig-native/0.29.2+gitAUTOINC+d97db4fae4-r0/recipe-sysroot-native/usr/include conftest.c >&5
configure:23446: $? = 0
configure:23446: result: yes
configure:23453: checking for sys/prctl.h
configure:23453: gcc  -c -isystem/home/ubuntu/yocto/rpi-build/tmp/work/x86_64-linux/pkgconfig-native/0.29.2+gitAUTOINC+d97db4fae4-r0/recipe-sysroot-native/usr/include -O2 -pipe -isystem/home/ubuntu/yocto/rpi-build/tmp/work/x86_64-linux/pkgconfig-native/0.29.2+gitAUTOINC+d97db4fae4-r0/recipe-sysroot-native/usr/include conftest.c >&5
configure:23453: $? = 0
configure:23453: result: yes
configure:23461: checking for sys/mount.h
configure:23461: gcc  -c -isystem/home/ubuntu/yocto/rpi-build/tmp/work/x86_64-linux/pkgconfig-native/0.29.2+gitAUTOINC+d97db4fae4-r0/recipe-sysroot-native/usr/include -O2 -pipe -isystem/home/ubuntu/yocto/rpi-build/tmp/work/x86_64-linux/pkgconfig-native/0.29.2+gitAUTOINC+d97db4fae4-r0/recipe-sysroot-native/usr/include conftest.c >&5
configure:23461: $? = 0
configure:23461: result: yes
configure:23471: checking for sys/sysctl.h
configure:23471: gcc  -c -isystem/home/ubuntu/yocto/rpi-build/tmp/work/x86_64-linux/pkgconfig-native/0.29.2+gitAUTOINC+d97db4fae4-r0/recipe-sysroot-native/usr/include -O2 -pipe -isystem/home/ubuntu/yocto/rpi-build/tmp/work/x86_64-linux/pkgconfig-native/0.29.2+gitAUTOINC+d97db4fae4-r0/recipe-sysroot-native/usr/include conftest.c >&5
conftest.c:104:10: fatal error: sys/sysctl.h: No such file or directory
  104 | #include <sys/sysctl.h>
      |          ^~~~~~~~~~~~~~
compilation terminated.
configure:23471: $? = 1
configure: failed program was:
| /* confdefs.h */
| #define PACKAGE_NAME "glib"
| #define PACKAGE_TARNAME "glib"
| #define PACKAGE_VERSION "2.38.2"
| #define PACKAGE_STRING "glib 2.38.2"
| #define PACKAGE_BUGREPORT "http://bugzilla.gnome.org/enter_bug.cgi?product=glib"
| #define PACKAGE_URL ""
| #define GLIB_MAJOR_VERSION 2
| #define GLIB_MINOR_VERSION 38
| #define GLIB_MICRO_VERSION 2
| #define GLIB_INTERFACE_AGE 2
| #define GLIB_BINARY_AGE 3802
| #define HAVE_STDIO_H 1
| #define HAVE_STDLIB_H 1
| #define HAVE_STRING_H 1
| #define HAVE_INTTYPES_H 1
| #define HAVE_STDINT_H 1
| #define HAVE_STRINGS_H 1
| #define HAVE_SYS_STAT_H 1
| #define HAVE_SYS_TYPES_H 1
| #define HAVE_UNISTD_H 1
| #define HAVE_WCHAR_H 1
| #define STDC_HEADERS 1
| #define _ALL_SOURCE 1
| #define _DARWIN_C_SOURCE 1
| #define _GNU_SOURCE 1
| #define _HPUX_ALT_XOPEN_SOCKET_API 1
| #define _NETBSD_SOURCE 1
| #define _OPENBSD_SOURCE 1
| #define _POSIX_PTHREAD_SEMANTICS 1
| #define __STDC_WANT_IEC_60559_ATTRIBS_EXT__ 1
| #define __STDC_WANT_IEC_60559_BFP_EXT__ 1
| #define __STDC_WANT_IEC_60559_DFP_EXT__ 1
| #define __STDC_WANT_IEC_60559_FUNCS_EXT__ 1
| #define __STDC_WANT_IEC_60559_TYPES_EXT__ 1
| #define __STDC_WANT_LIB_EXT2__ 1
| #define __STDC_WANT_MATH_SPEC_FUNCS__ 1
| #define _TANDEM_SOURCE 1
| #define __EXTENSIONS__ 1
| #define GETTEXT_PACKAGE "glib20"
| #define GLIB_LOCALE_DIR ""
| #define HAVE_DLFCN_H 1
| #define LT_OBJDIR ".libs/"
| #define HAVE_VPRINTF 1
| #define HAVE_ALLOCA_H 1
| #define HAVE_ALLOCA 1
| #define HAVE_MMAP 1
| #define HAVE_POSIX_MEMALIGN 1
| #define HAVE_MEMALIGN 1
| #define HAVE_VALLOC 1
| #define HAVE_FSYNC 1
| #define HAVE_PIPE2 1
| #define HAVE_ATEXIT 1
| #define HAVE_ON_EXIT 1
| #define HAVE_TIMEGM 1
| #define HAVE_GMTIME_R 1
| #define HAVE_LIBC_ENABLE_SECURE 1
| #define SIZEOF_CHAR 1
| #define SIZEOF_SHORT 2
| #define SIZEOF_LONG 8
| #define SIZEOF_INT 4
| #define SIZEOF_VOID_P 8
| #define SIZEOF_LONG_LONG 8
| #define HAVE_SIG_ATOMIC_T 1
| #define HAVE_LONG_LONG_FORMAT 1
| #define G_HAVE___INLINE 1
| #define G_HAVE___INLINE__ 1
| #define G_HAVE_INLINE 1
| #define HAVE_DOWHILE_MACROS 1
| #define HAVE_DIRENT_H 1
| #define HAVE_FLOAT_H 1
| #define HAVE_LIMITS_H 1
| #define HAVE_PWD_H 1
| #define HAVE_GRP_H 1
| #define HAVE_SYS_PARAM_H 1
| #define HAVE_SYS_POLL_H 1
| #define HAVE_SYS_RESOURCE_H 1
| #define HAVE_SYS_TIME_H 1
| #define HAVE_SYS_TIMES_H 1
| #define HAVE_SYS_WAIT_H 1
| #define HAVE_UNISTD_H 1
| #define HAVE_VALUES_H 1
| #define HAVE_SYS_SELECT_H 1
| #define HAVE_SYS_TYPES_H 1
| #define HAVE_STDINT_H 1
| #define HAVE_INTTYPES_H 1
| #define HAVE_SCHED_H 1
| #define HAVE_MALLOC_H 1
| #define HAVE_SYS_VFS_H 1
| #define HAVE_SYS_STATFS_H 1
| #define HAVE_SYS_STATVFS_H 1
| #define HAVE_MNTENT_H 1
| #define HAVE_FSTAB_H 1
| #define HAVE_SYS_UIO_H 1
| #define HAVE_LINUX_MAGIC_H 1
| #define HAVE_SYS_PRCTL_H 1
| #define HAVE_SYS_MOUNT_H 1
| /* end confdefs.h.  */
| #if HAVE_SYS_PARAM_H
|  #include <sys/param.h>
|  #endif
| 
| 
| #include <sys/sysctl.h>
configure:23471: result: no
configure:23482: checking for sysctlbyname
configure:23482: gcc  -o conftest -isystem/home/ubuntu/yocto/rpi-build/tmp/work/x86_64-linux/pkgconfig-native/0.29.2+gitAUTOINC+d97db4fae4-r0/recipe-sysroot-native/usr/include -O2 -pipe -isystem/home/ubuntu/yocto/rpi-build/tmp/work/x86_64-linux/pkgconfig-native/0.29.2+gitAUTOINC+d97db4fae4-r0/recipe-sysroot-native/usr/include -L/home/ubuntu/yocto/rpi-build/tmp/work/x86_64-linux/pkgconfig-native/0.29.2+gitAUTOINC+d97db4fae4-r0/recipe-sysroot-native/usr/lib                         -L/home/ubuntu/yocto/rpi-build/tmp/work/x86_64-linux/pkgconfig-native/0.29.2+gitAUTOINC+d97db4fae4-r0/recipe-sysroot-native/lib                         -Wl,--enable-new-dtags                         -Wl,-rpath-link,/home/ubuntu/yocto/rpi-build/tmp/work/x86_64-linux/pkgconfig-native/0.29.2+gitAUTOINC+d97db4fae4-r0/recipe-sysroot-native/usr/lib                         -Wl,-rpath-link,/home/ubuntu/yocto/rpi-build/tmp/work/x86_64-linux/pkgconfig-native/0.29.2+gitAUTOINC+d97db4fae4-r0/recipe-sysroot-native/lib                         -Wl,-rpath,/home/ubuntu/yocto/rpi-build/tmp/work/x86_64-linux/pkgconfig-native/0.29.2+gitAUTOINC+d97db4fae4-r0/recipe-sysroot-native/usr/lib                         -Wl,-rpath,/home/ubuntu/yocto/rpi-build/tmp/work/x86_64-linux/pkgconfig-native/0.29.2+gitAUTOINC+d97db4fae4-r0/recipe-sysroot-native/lib                         -Wl,-O1 -Wl,--allow-shlib-undefined -Wl,--dynamic-linker=/home/ubuntu/yocto/rpi-build/tmp/sysroots-uninative/x86_64-linux/lib/ld-linux-x86-64.so.2 conftest.c  >&5
/home/ubuntu/yocto/rpi-build/tmp/hosttools/ld: /tmp/cc4Uzy8c.o: in function `main':
conftest.c:(.text.startup+0x9): undefined reference to `sysctlbyname'
collect2: error: ld returned 1 exit status
configure:23482: $? = 1
configure: failed program was:
| /* confdefs.h */
| #define PACKAGE_NAME "glib"
| #define PACKAGE_TARNAME "glib"
| #define PACKAGE_VERSION "2.38.2"
| #define PACKAGE_STRING "glib 2.38.2"
| #define PACKAGE_BUGREPORT "http://bugzilla.gnome.org/enter_bug.cgi?product=glib"
| #define PACKAGE_URL ""
| #define GLIB_MAJOR_VERSION 2
| #define GLIB_MINOR_VERSION 38
| #define GLIB_MICRO_VERSION 2
| #define GLIB_INTERFACE_AGE 2
| #define GLIB_BINARY_AGE 3802
| #define HAVE_STDIO_H 1
| #define HAVE_STDLIB_H 1
| #define HAVE_STRING_H 1
| #define HAVE_INTTYPES_H 1
| #define HAVE_STDINT_H 1
| #define HAVE_STRINGS_H 1
| #define HAVE_SYS_STAT_H 1
| #define HAVE_SYS_TYPES_H 1
| #define HAVE_UNISTD_H 1
| #define HAVE_WCHAR_H 1
| #define STDC_HEADERS 1
| #define _ALL_SOURCE 1
| #define _DARWIN_C_SOURCE 1
| #define _GNU_SOURCE 1
| #define _HPUX_ALT_XOPEN_SOCKET_API 1
| #define _NETBSD_SOURCE 1
| #define _OPENBSD_SOURCE 1
| #define _POSIX_PTHREAD_SEMANTICS 1
| #define __STDC_WANT_IEC_60559_ATTRIBS_EXT__ 1
| #define __STDC_WANT_IEC_60559_BFP_EXT__ 1
| #define __STDC_WANT_IEC_60559_DFP_EXT__ 1
| #define __STDC_WANT_IEC_60559_FUNCS_EXT__ 1
| #define __STDC_WANT_IEC_60559_TYPES_EXT__ 1
| #define __STDC_WANT_LIB_EXT2__ 1
| #define __STDC_WANT_MATH_SPEC_FUNCS__ 1
| #define _TANDEM_SOURCE 1
| #define __EXTENSIONS__ 1
| #define GETTEXT_PACKAGE "glib20"
| #define GLIB_LOCALE_DIR ""
| #define HAVE_DLFCN_H 1
| #define LT_OBJDIR ".libs/"
| #define HAVE_VPRINTF 1
| #define HAVE_ALLOCA_H 1
| #define HAVE_ALLOCA 1
| #define HAVE_MMAP 1
| #define HAVE_POSIX_MEMALIGN 1
| #define HAVE_MEMALIGN 1
| #define HAVE_VALLOC 1
| #define HAVE_FSYNC 1
| #define HAVE_PIPE2 1
| #define HAVE_ATEXIT 1
| #define HAVE_ON_EXIT 1
| #define HAVE_TIMEGM 1
| #define HAVE_GMTIME_R 1
| #define HAVE_LIBC_ENABLE_SECURE 1
| #define SIZEOF_CHAR 1
| #define SIZEOF_SHORT 2
| #define SIZEOF_LONG 8
| #define SIZEOF_INT 4
| #define SIZEOF_VOID_P 8
| #define SIZEOF_LONG_LONG 8
| #define HAVE_SIG_ATOMIC_T 1
| #define HAVE_LONG_LONG_FORMAT 1
| #define G_HAVE___INLINE 1
| #define G_HAVE___INLINE__ 1
| #define G_HAVE_INLINE 1
| #define HAVE_DOWHILE_MACROS 1
| #define HAVE_DIRENT_H 1
| #define HAVE_FLOAT_H 1
| #define HAVE_LIMITS_H 1
| #define HAVE_PWD_H 1
| #define HAVE_GRP_H 1
| #define HAVE_SYS_PARAM_H 1
| #define HAVE_SYS_POLL_H 1
| #define HAVE_SYS_RESOURCE_H 1
| #define HAVE_SYS_TIME_H 1
| #define HAVE_SYS_TIMES_H 1
| #define HAVE_SYS_WAIT_H 1
| #define HAVE_UNISTD_H 1
| #define HAVE_VALUES_H 1
| #define HAVE_SYS_SELECT_H 1
| #define HAVE_SYS_TYPES_H 1
| #define HAVE_STDINT_H 1
| #define HAVE_INTTYPES_H 1
| #define HAVE_SCHED_H 1
| #define HAVE_MALLOC_H 1
| #define HAVE_SYS_VFS_H 1
| #define HAVE_SYS_STATFS_H 1
| #define HAVE_SYS_STATVFS_H 1
| #define HAVE_MNTENT_H 1
| #define HAVE_FSTAB_H 1
| #define HAVE_SYS_UIO_H 1
| #define HAVE_LINUX_MAGIC_H 1
| #define HAVE_SYS_PRCTL_H 1
| #define HAVE_SYS_MOUNT_H 1
| /* end confdefs.h.  */
| /* Define sysctlbyname to an innocuous variant, in case <limits.h> declares sysctlbyname.
|    For example, HP-UX 11i <limits.h> declares gettimeofday.  */
| #define sysctlbyname innocuous_sysctlbyname
| 
| /* System header to define __stub macros and hopefully few prototypes,
|    which can conflict with char sysctlbyname (void); below.  */
| 
| #include <limits.h>
| #undef sysctlbyname
| 
| /* Override any GCC internal prototype to avoid an error.
|    Use char because int might match the return type of a GCC
|    builtin and then its argument prototype would still apply.  */
| #ifdef __cplusplus
| extern "C"
| #endif
| char sysctlbyname (void);
| /* The GNU C library defines this for functions which it implements
|     to always fail with ENOSYS.  Some functions are actually named
|     something starting with __ and the normal name is an alias.  */
| #if defined __stub_sysctlbyname || defined __stub___sysctlbyname
| choke me
| #endif
| 
| int
| main (void)
| {
| return sysctlbyname ();
|   ;
|   return 0;
| }
configure:23482: result: no
configure:23490: checking for xlocale.h
configure:23490: gcc  -c -isystem/home/ubuntu/yocto/rpi-build/tmp/work/x86_64-linux/pkgconfig-native/0.29.2+gitAUTOINC+d97db4fae4-r0/recipe-sysroot-native/usr/include -O2 -pipe -isystem/home/ubuntu/yocto/rpi-build/tmp/work/x86_64-linux/pkgconfig-native/0.29.2+gitAUTOINC+d97db4fae4-r0/recipe-sysroot-native/usr/include conftest.c >&5
conftest.c:127:10: fatal error: xlocale.h: No such file or directory
  127 | #include <xlocale.h>
      |          ^~~~~~~~~~~
compilation terminated.
configure:23490: $? = 1
configure: failed program was:
| /* confdefs.h */
| #define PACKAGE_NAME "glib"
| #define PACKAGE_TARNAME "glib"
| #define PACKAGE_VERSION "2.38.2"
| #define PACKAGE_STRING "glib 2.38.2"
| #define PACKAGE_BUGREPORT "http://bugzilla.gnome.org/enter_bug.cgi?product=glib"
| #define PACKAGE_URL ""
| #define GLIB_MAJOR_VERSION 2
| #define GLIB_MINOR_VERSION 38
| #define GLIB_MICRO_VERSION 2
| #define GLIB_INTERFACE_AGE 2
| #define GLIB_BINARY_AGE 3802
| #define HAVE_STDIO_H 1
| #define HAVE_STDLIB_H 1
| #define HAVE_STRING_H 1
| #define HAVE_INTTYPES_H 1
| #define HAVE_STDINT_H 1
| #define HAVE_STRINGS_H 1
| #define HAVE_SYS_STAT_H 1
| #define HAVE_SYS_TYPES_H 1
| #define HAVE_UNISTD_H 1
| #define HAVE_WCHAR_H 1
| #define STDC_HEADERS 1
| #define _ALL_SOURCE 1
| #define _DARWIN_C_SOURCE 1
| #define _GNU_SOURCE 1
| #define _HPUX_ALT_XOPEN_SOCKET_API 1
| #define _NETBSD_SOURCE 1
| #define _OPENBSD_SOURCE 1
| #define _POSIX_PTHREAD_SEMANTICS 1
| #define __STDC_WANT_IEC_60559_ATTRIBS_EXT__ 1
| #define __STDC_WANT_IEC_60559_BFP_EXT__ 1
| #define __STDC_WANT_IEC_60559_DFP_EXT__ 1
| #define __STDC_WANT_IEC_60559_FUNCS_EXT__ 1
| #define __STDC_WANT_IEC_60559_TYPES_EXT__ 1
| #define __STDC_WANT_LIB_EXT2__ 1
| #define __STDC_WANT_MATH_SPEC_FUNCS__ 1
| #define _TANDEM_SOURCE 1
| #define __EXTENSIONS__ 1
| #define GETTEXT_PACKAGE "glib20"
| #define GLIB_LOCALE_DIR ""
| #define HAVE_DLFCN_H 1
| #define LT_OBJDIR ".libs/"
| #define HAVE_VPRINTF 1
| #define HAVE_ALLOCA_H 1
| #define HAVE_ALLOCA 1
| #define HAVE_MMAP 1
| #define HAVE_POSIX_MEMALIGN 1
| #define HAVE_MEMALIGN 1
| #define HAVE_VALLOC 1
| #define HAVE_FSYNC 1
| #define HAVE_PIPE2 1
| #define HAVE_ATEXIT 1
| #define HAVE_ON_EXIT 1
| #define HAVE_TIMEGM 1
| #define HAVE_GMTIME_R 1
| #define HAVE_LIBC_ENABLE_SECURE 1
| #define SIZEOF_CHAR 1
| #define SIZEOF_SHORT 2
| #define SIZEOF_LONG 8
| #define SIZEOF_INT 4
| #define SIZEOF_VOID_P 8
| #define SIZEOF_LONG_LONG 8
| #define HAVE_SIG_ATOMIC_T 1
| #define HAVE_LONG_LONG_FORMAT 1
| #define G_HAVE___INLINE 1
| #define G_HAVE___INLINE__ 1
| #define G_HAVE_INLINE 1
| #define HAVE_DOWHILE_MACROS 1
| #define HAVE_DIRENT_H 1
| #define HAVE_FLOAT_H 1
| #define HAVE_LIMITS_H 1
| #define HAVE_PWD_H 1
| #define HAVE_GRP_H 1
| #define HAVE_SYS_PARAM_H 1
| #define HAVE_SYS_POLL_H 1
| #define HAVE_SYS_RESOURCE_H 1
| #define HAVE_SYS_TIME_H 1
| #define HAVE_SYS_TIMES_H 1
| #define HAVE_SYS_WAIT_H 1
| #define HAVE_UNISTD_H 1
| #define HAVE_VALUES_H 1
| #define HAVE_SYS_SELECT_H 1
| #define HAVE_SYS_TYPES_H 1
| #define HAVE_STDINT_H 1
| #define HAVE_INTTYPES_H 1
| #define HAVE_SCHED_H 1
| #define HAVE_MALLOC_H 1
| #define HAVE_SYS_VFS_H 1
| #define HAVE_SYS_STATFS_H 1
| #define HAVE_SYS_STATVFS_H 1
| #define HAVE_MNTENT_H 1
| #define HAVE_FSTAB_H 1
| #define HAVE_SYS_UIO_H 1
| #define HAVE_LINUX_MAGIC_H 1
| #define HAVE_SYS_PRCTL_H 1
| #define HAVE_SYS_MOUNT_H 1
| /* end confdefs.h.  */
| #include <stddef.h>
| #ifdef HAVE_STDIO_H
| # include <stdio.h>
| #endif
| #ifdef HAVE_STDLIB_H
| # include <stdlib.h>
| #endif
| #ifdef HAVE_STRING_H
| # include <string.h>
| #endif
| #ifdef HAVE_INTTYPES_H
| # include <inttypes.h>
| #endif
| #ifdef HAVE_STDINT_H
| # include <stdint.h>
| #endif
| #ifdef HAVE_STRINGS_H
| # include <strings.h>
| #endif
| #ifdef HAVE_SYS_TYPES_H
| # include <sys/types.h>
| #endif
| #ifdef HAVE_SYS_STAT_H
| # include <sys/stat.h>
| #endif
| #ifdef HAVE_UNISTD_H
| # include <unistd.h>
| #endif
| #include <xlocale.h>
configure:23490: result: no
configure:23499: checking for struct stat.st_mtimensec
configure:23499: gcc  -c -isystem/home/ubuntu/yocto/rpi-build/tmp/work/x86_64-linux/pkgconfig-native/0.29.2+gitAUTOINC+d97db4fae4-r0/recipe-sysroot-native/usr/include -O2 -pipe -isystem/home/ubuntu/yocto/rpi-build/tmp/work/x86_64-linux/pkgconfig-native/0.29.2+gitAUTOINC+d97db4fae4-r0/recipe-sysroot-native/usr/include conftest.c >&5
conftest.c: In function 'main':
conftest.c:131:12: error: 'struct stat' has no member named 'st_mtimensec'
  131 | if (ac_aggr.st_mtimensec)
      |            ^
configure:23499: $? = 1
configure: failed program was:
| /* confdefs.h */
| #define PACKAGE_NAME "glib"
| #define PACKAGE_TARNAME "glib"
| #define PACKAGE_VERSION "2.38.2"
| #define PACKAGE_STRING "glib 2.38.2"
| #define PACKAGE_BUGREPORT "http://bugzilla.gnome.org/enter_bug.cgi?product=glib"
| #define PACKAGE_URL ""
| #define GLIB_MAJOR_VERSION 2
| #define GLIB_MINOR_VERSION 38
| #define GLIB_MICRO_VERSION 2
| #define GLIB_INTERFACE_AGE 2
| #define GLIB_BINARY_AGE 3802
| #define HAVE_STDIO_H 1
| #define HAVE_STDLIB_H 1
| #define HAVE_STRING_H 1
| #define HAVE_INTTYPES_H 1
| #define HAVE_STDINT_H 1
| #define HAVE_STRINGS_H 1
| #define HAVE_SYS_STAT_H 1
| #define HAVE_SYS_TYPES_H 1
| #define HAVE_UNISTD_H 1
| #define HAVE_WCHAR_H 1
| #define STDC_HEADERS 1
| #define _ALL_SOURCE 1
| #define _DARWIN_C_SOURCE 1
| #define _GNU_SOURCE 1
| #define _HPUX_ALT_XOPEN_SOCKET_API 1
| #define _NETBSD_SOURCE 1
| #define _OPENBSD_SOURCE 1
| #define _POSIX_PTHREAD_SEMANTICS 1
| #define __STDC_WANT_IEC_60559_ATTRIBS_EXT__ 1
| #define __STDC_WANT_IEC_60559_BFP_EXT__ 1
| #define __STDC_WANT_IEC_60559_DFP_EXT__ 1
| #define __STDC_WANT_IEC_60559_FUNCS_EXT__ 1
| #define __STDC_WANT_IEC_60559_TYPES_EXT__ 1
| #define __STDC_WANT_LIB_EXT2__ 1
| #define __STDC_WANT_MATH_SPEC_FUNCS__ 1
| #define _TANDEM_SOURCE 1
| #define __EXTENSIONS__ 1
| #define GETTEXT_PACKAGE "glib20"
| #define GLIB_LOCALE_DIR ""
| #define HAVE_DLFCN_H 1
| #define LT_OBJDIR ".libs/"
| #define HAVE_VPRINTF 1
| #define HAVE_ALLOCA_H 1
| #define HAVE_ALLOCA 1
| #define HAVE_MMAP 1
| #define HAVE_POSIX_MEMALIGN 1
| #define HAVE_MEMALIGN 1
| #define HAVE_VALLOC 1
| #define HAVE_FSYNC 1
| #define HAVE_PIPE2 1
| #define HAVE_ATEXIT 1
| #define HAVE_ON_EXIT 1
| #define HAVE_TIMEGM 1
| #define HAVE_GMTIME_R 1
| #define HAVE_LIBC_ENABLE_SECURE 1
| #define SIZEOF_CHAR 1
| #define SIZEOF_SHORT 2
| #define SIZEOF_LONG 8
| #define SIZEOF_INT 4
| #define SIZEOF_VOID_P 8
| #define SIZEOF_LONG_LONG 8
| #define HAVE_SIG_ATOMIC_T 1
| #define HAVE_LONG_LONG_FORMAT 1
| #define G_HAVE___INLINE 1
| #define G_HAVE___INLINE__ 1
| #define G_HAVE_INLINE 1
| #define HAVE_DOWHILE_MACROS 1
| #define HAVE_DIRENT_H 1
| #define HAVE_FLOAT_H 1
| #define HAVE_LIMITS_H 1
| #define HAVE_PWD_H 1
| #define HAVE_GRP_H 1
| #define HAVE_SYS_PARAM_H 1
| #define HAVE_SYS_POLL_H 1
| #define HAVE_SYS_RESOURCE_H 1
| #define HAVE_SYS_TIME_H 1
| #define HAVE_SYS_TIMES_H 1
| #define HAVE_SYS_WAIT_H 1
| #define HAVE_UNISTD_H 1
| #define HAVE_VALUES_H 1
| #define HAVE_SYS_SELECT_H 1
| #define HAVE_SYS_TYPES_H 1
| #define HAVE_STDINT_H 1
| #define HAVE_INTTYPES_H 1
| #define HAVE_SCHED_H 1
| #define HAVE_MALLOC_H 1
| #define HAVE_SYS_VFS_H 1
| #define HAVE_SYS_STATFS_H 1
| #define HAVE_SYS_STATVFS_H 1
| #define HAVE_MNTENT_H 1
| #define HAVE_FSTAB_H 1
| #define HAVE_SYS_UIO_H 1
| #define HAVE_LINUX_MAGIC_H 1
| #define HAVE_SYS_PRCTL_H 1
| #define HAVE_SYS_MOUNT_H 1
| /* end confdefs.h.  */
| #include <stddef.h>
| #ifdef HAVE_STDIO_H
| # include <stdio.h>
| #endif
| #ifdef HAVE_STDLIB_H
| # include <stdlib.h>
| #endif
| #ifdef HAVE_STRING_H
| # include <string.h>
| #endif
| #ifdef HAVE_INTTYPES_H
| # include <inttypes.h>
| #endif
| #ifdef HAVE_STDINT_H
| # include <stdint.h>
| #endif
| #ifdef HAVE_STRINGS_H
| # include <strings.h>
| #endif
| #ifdef HAVE_SYS_TYPES_H
| # include <sys/types.h>
| #endif
| #ifdef HAVE_SYS_STAT_H
| # include <sys/stat.h>
| #endif
| #ifdef HAVE_UNISTD_H
| # include <unistd.h>
| #endif
| int
| main (void)
| {
| static struct stat ac_aggr;
| if (ac_aggr.st_mtimensec)
| return 0;
|   ;
|   return 0;
| }
configure:23499: gcc  -c -isystem/home/ubuntu/yocto/rpi-build/tmp/work/x86_64-linux/pkgconfig-native/0.29.2+gitAUTOINC+d97db4fae4-r0/recipe-sysroot-native/usr/include -O2 -pipe -isystem/home/ubuntu/yocto/rpi-build/tmp/work/x86_64-linux/pkgconfig-native/0.29.2+gitAUTOINC+d97db4fae4-r0/recipe-sysroot-native/usr/include conftest.c >&5
conftest.c: In function 'main':
conftest.c:131:19: error: 'struct stat' has no member named 'st_mtimensec'
  131 | if (sizeof ac_aggr.st_mtimensec)
      |                   ^
configure:23499: $? = 1
configure: failed program was:
| /* confdefs.h */
| #define PACKAGE_NAME "glib"
| #define PACKAGE_TARNAME "glib"
| #define PACKAGE_VERSION "2.38.2"
| #define PACKAGE_STRING "glib 2.38.2"
| #define PACKAGE_BUGREPORT "http://bugzilla.gnome.org/enter_bug.cgi?product=glib"
| #define PACKAGE_URL ""
| #define GLIB_MAJOR_VERSION 2
| #define GLIB_MINOR_VERSION 38
| #define GLIB_MICRO_VERSION 2
| #define GLIB_INTERFACE_AGE 2
| #define GLIB_BINARY_AGE 3802
| #define HAVE_STDIO_H 1
| #define HAVE_STDLIB_H 1
| #define HAVE_STRING_H 1
| #define HAVE_INTTYPES_H 1
| #define HAVE_STDINT_H 1
| #define HAVE_STRINGS_H 1
| #define HAVE_SYS_STAT_H 1
| #define HAVE_SYS_TYPES_H 1
| #define HAVE_UNISTD_H 1
| #define HAVE_WCHAR_H 1
| #define STDC_HEADERS 1
| #define _ALL_SOURCE 1
| #define _DARWIN_C_SOURCE 1
| #define _GNU_SOURCE 1
| #define _HPUX_ALT_XOPEN_SOCKET_API 1
| #define _NETBSD_SOURCE 1
| #define _OPENBSD_SOURCE 1
| #define _POSIX_PTHREAD_SEMANTICS 1
| #define __STDC_WANT_IEC_60559_ATTRIBS_EXT__ 1
| #define __STDC_WANT_IEC_60559_BFP_EXT__ 1
| #define __STDC_WANT_IEC_60559_DFP_EXT__ 1
| #define __STDC_WANT_IEC_60559_FUNCS_EXT__ 1
| #define __STDC_WANT_IEC_60559_TYPES_EXT__ 1
| #define __STDC_WANT_LIB_EXT2__ 1
| #define __STDC_WANT_MATH_SPEC_FUNCS__ 1
| #define _TANDEM_SOURCE 1
| #define __EXTENSIONS__ 1
| #define GETTEXT_PACKAGE "glib20"
| #define GLIB_LOCALE_DIR ""
| #define HAVE_DLFCN_H 1
| #define LT_OBJDIR ".libs/"
| #define HAVE_VPRINTF 1
| #define HAVE_ALLOCA_H 1
| #define HAVE_ALLOCA 1
| #define HAVE_MMAP 1
| #define HAVE_POSIX_MEMALIGN 1
| #define HAVE_MEMALIGN 1
| #define HAVE_VALLOC 1
| #define HAVE_FSYNC 1
| #define HAVE_PIPE2 1
| #define HAVE_ATEXIT 1
| #define HAVE_ON_EXIT 1
| #define HAVE_TIMEGM 1
| #define HAVE_GMTIME_R 1
| #define HAVE_LIBC_ENABLE_SECURE 1
| #define SIZEOF_CHAR 1
| #define SIZEOF_SHORT 2
| #define SIZEOF_LONG 8
| #define SIZEOF_INT 4
| #define SIZEOF_VOID_P 8
| #define SIZEOF_LONG_LONG 8
| #define HAVE_SIG_ATOMIC_T 1
| #define HAVE_LONG_LONG_FORMAT 1
| #define G_HAVE___INLINE 1
| #define G_HAVE___INLINE__ 1
| #define G_HAVE_INLINE 1
| #define HAVE_DOWHILE_MACROS 1
| #define HAVE_DIRENT_H 1
| #define HAVE_FLOAT_H 1
| #define HAVE_LIMITS_H 1
| #define HAVE_PWD_H 1
| #define HAVE_GRP_H 1
| #define HAVE_SYS_PARAM_H 1
| #define HAVE_SYS_POLL_H 1
| #define HAVE_SYS_RESOURCE_H 1
| #define HAVE_SYS_TIME_H 1
| #define HAVE_SYS_TIMES_H 1
| #define HAVE_SYS_WAIT_H 1
| #define HAVE_UNISTD_H 1
| #define HAVE_VALUES_H 1
| #define HAVE_SYS_SELECT_H 1
| #define HAVE_SYS_TYPES_H 1
| #define HAVE_STDINT_H 1
| #define HAVE_INTTYPES_H 1
| #define HAVE_SCHED_H 1
| #define HAVE_MALLOC_H 1
| #define HAVE_SYS_VFS_H 1
| #define HAVE_SYS_STATFS_H 1
| #define HAVE_SYS_STATVFS_H 1
| #define HAVE_MNTENT_H 1
| #define HAVE_FSTAB_H 1
| #define HAVE_SYS_UIO_H 1
| #define HAVE_LINUX_MAGIC_H 1
| #define HAVE_SYS_PRCTL_H 1
| #define HAVE_SYS_MOUNT_H 1
| /* end confdefs.h.  */
| #include <stddef.h>
| #ifdef HAVE_STDIO_H
| # include <stdio.h>
| #endif
| #ifdef HAVE_STDLIB_H
| # include <stdlib.h>
| #endif
| #ifdef HAVE_STRING_H
| # include <string.h>
| #endif
| #ifdef HAVE_INTTYPES_H
| # include <inttypes.h>
| #endif
| #ifdef HAVE_STDINT_H
| # include <stdint.h>
| #endif
| #ifdef HAVE_STRINGS_H
| # include <strings.h>
| #endif
| #ifdef HAVE_SYS_TYPES_H
| # include <sys/types.h>
| #endif
| #ifdef HAVE_SYS_STAT_H
| # include <sys/stat.h>
| #endif
| #ifdef HAVE_UNISTD_H
| # include <unistd.h>
| #endif
| int
| main (void)
| {
| static struct stat ac_aggr;
| if (sizeof ac_aggr.st_mtimensec)
| return 0;
|   ;
|   return 0;
| }
configure:23499: result: no
configure:23507: checking for struct stat.st_mtim.tv_nsec
configure:23507: gcc  -c -isystem/home/ubuntu/yocto/rpi-build/tmp/work/x86_64-linux/pkgconfig-native/0.29.2+gitAUTOINC+d97db4fae4-r0/recipe-sysroot-native/usr/include -O2 -pipe -isystem/home/ubuntu/yocto/rpi-build/tmp/work/x86_64-linux/pkgconfig-native/0.29.2+gitAUTOINC+d97db4fae4-r0/recipe-sysroot-native/usr/include conftest.c >&5
configure:23507: $? = 0
configure:23507: result: yes
configure:23515: checking for struct stat.st_atimensec
configure:23515: gcc  -c -isystem/home/ubuntu/yocto/rpi-build/tmp/work/x86_64-linux/pkgconfig-native/0.29.2+gitAUTOINC+d97db4fae4-r0/recipe-sysroot-native/usr/include -O2 -pipe -isystem/home/ubuntu/yocto/rpi-build/tmp/work/x86_64-linux/pkgconfig-native/0.29.2+gitAUTOINC+d97db4fae4-r0/recipe-sysroot-native/usr/include conftest.c >&5
conftest.c: In function 'main':
conftest.c:132:12: error: 'struct stat' has no member named 'st_atimensec'
  132 | if (ac_aggr.st_atimensec)
      |            ^
configure:23515: $? = 1
configure: failed program was:
| /* confdefs.h */
| #define PACKAGE_NAME "glib"
| #define PACKAGE_TARNAME "glib"
| #define PACKAGE_VERSION "2.38.2"
| #define PACKAGE_STRING "glib 2.38.2"
| #define PACKAGE_BUGREPORT "http://bugzilla.gnome.org/enter_bug.cgi?product=glib"
| #define PACKAGE_URL ""
| #define GLIB_MAJOR_VERSION 2
| #define GLIB_MINOR_VERSION 38
| #define GLIB_MICRO_VERSION 2
| #define GLIB_INTERFACE_AGE 2
| #define GLIB_BINARY_AGE 3802
| #define HAVE_STDIO_H 1
| #define HAVE_STDLIB_H 1
| #define HAVE_STRING_H 1
| #define HAVE_INTTYPES_H 1
| #define HAVE_STDINT_H 1
| #define HAVE_STRINGS_H 1
| #define HAVE_SYS_STAT_H 1
| #define HAVE_SYS_TYPES_H 1
| #define HAVE_UNISTD_H 1
| #define HAVE_WCHAR_H 1
| #define STDC_HEADERS 1
| #define _ALL_SOURCE 1
| #define _DARWIN_C_SOURCE 1
| #define _GNU_SOURCE 1
| #define _HPUX_ALT_XOPEN_SOCKET_API 1
| #define _NETBSD_SOURCE 1
| #define _OPENBSD_SOURCE 1
| #define _POSIX_PTHREAD_SEMANTICS 1
| #define __STDC_WANT_IEC_60559_ATTRIBS_EXT__ 1
| #define __STDC_WANT_IEC_60559_BFP_EXT__ 1
| #define __STDC_WANT_IEC_60559_DFP_EXT__ 1
| #define __STDC_WANT_IEC_60559_FUNCS_EXT__ 1
| #define __STDC_WANT_IEC_60559_TYPES_EXT__ 1
| #define __STDC_WANT_LIB_EXT2__ 1
| #define __STDC_WANT_MATH_SPEC_FUNCS__ 1
| #define _TANDEM_SOURCE 1
| #define __EXTENSIONS__ 1
| #define GETTEXT_PACKAGE "glib20"
| #define GLIB_LOCALE_DIR ""
| #define HAVE_DLFCN_H 1
| #define LT_OBJDIR ".libs/"
| #define HAVE_VPRINTF 1
| #define HAVE_ALLOCA_H 1
| #define HAVE_ALLOCA 1
| #define HAVE_MMAP 1
| #define HAVE_POSIX_MEMALIGN 1
| #define HAVE_MEMALIGN 1
| #define HAVE_VALLOC 1
| #define HAVE_FSYNC 1
| #define HAVE_PIPE2 1
| #define HAVE_ATEXIT 1
| #define HAVE_ON_EXIT 1
| #define HAVE_TIMEGM 1
| #define HAVE_GMTIME_R 1
| #define HAVE_LIBC_ENABLE_SECURE 1
| #define SIZEOF_CHAR 1
| #define SIZEOF_SHORT 2
| #define SIZEOF_LONG 8
| #define SIZEOF_INT 4
| #define SIZEOF_VOID_P 8
| #define SIZEOF_LONG_LONG 8
| #define HAVE_SIG_ATOMIC_T 1
| #define HAVE_LONG_LONG_FORMAT 1
| #define G_HAVE___INLINE 1
| #define G_HAVE___INLINE__ 1
| #define G_HAVE_INLINE 1
| #define HAVE_DOWHILE_MACROS 1
| #define HAVE_DIRENT_H 1
| #define HAVE_FLOAT_H 1
| #define HAVE_LIMITS_H 1
| #define HAVE_PWD_H 1
| #define HAVE_GRP_H 1
| #define HAVE_SYS_PARAM_H 1
| #define HAVE_SYS_POLL_H 1
| #define HAVE_SYS_RESOURCE_H 1
| #define HAVE_SYS_TIME_H 1
| #define HAVE_SYS_TIMES_H 1
| #define HAVE_SYS_WAIT_H 1
| #define HAVE_UNISTD_H 1
| #define HAVE_VALUES_H 1
| #define HAVE_SYS_SELECT_H 1
| #define HAVE_SYS_TYPES_H 1
| #define HAVE_STDINT_H 1
| #define HAVE_INTTYPES_H 1
| #define HAVE_SCHED_H 1
| #define HAVE_MALLOC_H 1
| #define HAVE_SYS_VFS_H 1
| #define HAVE_SYS_STATFS_H 1
| #define HAVE_SYS_STATVFS_H 1
| #define HAVE_MNTENT_H 1
| #define HAVE_FSTAB_H 1
| #define HAVE_SYS_UIO_H 1
| #define HAVE_LINUX_MAGIC_H 1
| #define HAVE_SYS_PRCTL_H 1
| #define HAVE_SYS_MOUNT_H 1
| #define HAVE_STRUCT_STAT_ST_MTIM_TV_NSEC 1
| /* end confdefs.h.  */
| #include <stddef.h>
| #ifdef HAVE_STDIO_H
| # include <stdio.h>
| #endif
| #ifdef HAVE_STDLIB_H
| # include <stdlib.h>
| #endif
| #ifdef HAVE_STRING_H
| # include <string.h>
| #endif
| #ifdef HAVE_INTTYPES_H
| # include <inttypes.h>
| #endif
| #ifdef HAVE_STDINT_H
| # include <stdint.h>
| #endif
| #ifdef HAVE_STRINGS_H
| # include <strings.h>
| #endif
| #ifdef HAVE_SYS_TYPES_H
| # include <sys/types.h>
| #endif
| #ifdef HAVE_SYS_STAT_H
| # include <sys/stat.h>
| #endif
| #ifdef HAVE_UNISTD_H
| # include <unistd.h>
| #endif
| int
| main (void)
| {
| static struct stat ac_aggr;
| if (ac_aggr.st_atimensec)
| return 0;
|   ;
|   return 0;
| }
configure:23515: gcc  -c -isystem/home/ubuntu/yocto/rpi-build/tmp/work/x86_64-linux/pkgconfig-native/0.29.2+gitAUTOINC+d97db4fae4-r0/recipe-sysroot-native/usr/include -O2 -pipe -isystem/home/ubuntu/yocto/rpi-build/tmp/work/x86_64-linux/pkgconfig-native/0.29.2+gitAUTOINC+d97db4fae4-r0/recipe-sysroot-native/usr/include conftest.c >&5
conftest.c: In function 'main':
conftest.c:132:19: error: 'struct stat' has no member named 'st_atimensec'
  132 | if (sizeof ac_aggr.st_atimensec)
      |                   ^
configure:23515: $? = 1
configure: failed program was:
| /* confdefs.h */
| #define PACKAGE_NAME "glib"
| #define PACKAGE_TARNAME "glib"
| #define PACKAGE_VERSION "2.38.2"
| #define PACKAGE_STRING "glib 2.38.2"
| #define PACKAGE_BUGREPORT "http://bugzilla.gnome.org/enter_bug.cgi?product=glib"
| #define PACKAGE_URL ""
| #define GLIB_MAJOR_VERSION 2
| #define GLIB_MINOR_VERSION 38
| #define GLIB_MICRO_VERSION 2
| #define GLIB_INTERFACE_AGE 2
| #define GLIB_BINARY_AGE 3802
| #define HAVE_STDIO_H 1
| #define HAVE_STDLIB_H 1
| #define HAVE_STRING_H 1
| #define HAVE_INTTYPES_H 1
| #define HAVE_STDINT_H 1
| #define HAVE_STRINGS_H 1
| #define HAVE_SYS_STAT_H 1
| #define HAVE_SYS_TYPES_H 1
| #define HAVE_UNISTD_H 1
| #define HAVE_WCHAR_H 1
| #define STDC_HEADERS 1
| #define _ALL_SOURCE 1
| #define _DARWIN_C_SOURCE 1
| #define _GNU_SOURCE 1
| #define _HPUX_ALT_XOPEN_SOCKET_API 1
| #define _NETBSD_SOURCE 1
| #define _OPENBSD_SOURCE 1
| #define _POSIX_PTHREAD_SEMANTICS 1
| #define __STDC_WANT_IEC_60559_ATTRIBS_EXT__ 1
| #define __STDC_WANT_IEC_60559_BFP_EXT__ 1
| #define __STDC_WANT_IEC_60559_DFP_EXT__ 1
| #define __STDC_WANT_IEC_60559_FUNCS_EXT__ 1
| #define __STDC_WANT_IEC_60559_TYPES_EXT__ 1
| #define __STDC_WANT_LIB_EXT2__ 1
| #define __STDC_WANT_MATH_SPEC_FUNCS__ 1
| #define _TANDEM_SOURCE 1
| #define __EXTENSIONS__ 1
| #define GETTEXT_PACKAGE "glib20"
| #define GLIB_LOCALE_DIR ""
| #define HAVE_DLFCN_H 1
| #define LT_OBJDIR ".libs/"
| #define HAVE_VPRINTF 1
| #define HAVE_ALLOCA_H 1
| #define HAVE_ALLOCA 1
| #define HAVE_MMAP 1
| #define HAVE_POSIX_MEMALIGN 1
| #define HAVE_MEMALIGN 1
| #define HAVE_VALLOC 1
| #define HAVE_FSYNC 1
| #define HAVE_PIPE2 1
| #define HAVE_ATEXIT 1
| #define HAVE_ON_EXIT 1
| #define HAVE_TIMEGM 1
| #define HAVE_GMTIME_R 1
| #define HAVE_LIBC_ENABLE_SECURE 1
| #define SIZEOF_CHAR 1
| #define SIZEOF_SHORT 2
| #define SIZEOF_LONG 8
| #define SIZEOF_INT 4
| #define SIZEOF_VOID_P 8
| #define SIZEOF_LONG_LONG 8
| #define HAVE_SIG_ATOMIC_T 1
| #define HAVE_LONG_LONG_FORMAT 1
| #define G_HAVE___INLINE 1
| #define G_HAVE___INLINE__ 1
| #define G_HAVE_INLINE 1
| #define HAVE_DOWHILE_MACROS 1
| #define HAVE_DIRENT_H 1
| #define HAVE_FLOAT_H 1
| #define HAVE_LIMITS_H 1
| #define HAVE_PWD_H 1
| #define HAVE_GRP_H 1
| #define HAVE_SYS_PARAM_H 1
| #define HAVE_SYS_POLL_H 1
| #define HAVE_SYS_RESOURCE_H 1
| #define HAVE_SYS_TIME_H 1
| #define HAVE_SYS_TIMES_H 1
| #define HAVE_SYS_WAIT_H 1
| #define HAVE_UNISTD_H 1
| #define HAVE_VALUES_H 1
| #define HAVE_SYS_SELECT_H 1
| #define HAVE_SYS_TYPES_H 1
| #define HAVE_STDINT_H 1
| #define HAVE_INTTYPES_H 1
| #define HAVE_SCHED_H 1
| #define HAVE_MALLOC_H 1
| #define HAVE_SYS_VFS_H 1
| #define HAVE_SYS_STATFS_H 1
| #define HAVE_SYS_STATVFS_H 1
| #define HAVE_MNTENT_H 1
| #define HAVE_FSTAB_H 1
| #define HAVE_SYS_UIO_H 1
| #define HAVE_LINUX_MAGIC_H 1
| #define HAVE_SYS_PRCTL_H 1
| #define HAVE_SYS_MOUNT_H 1
| #define HAVE_STRUCT_STAT_ST_MTIM_TV_NSEC 1
| /* end confdefs.h.  */
| #include <stddef.h>
| #ifdef HAVE_STDIO_H
| # include <stdio.h>
| #endif
| #ifdef HAVE_STDLIB_H
| # include <stdlib.h>
| #endif
| #ifdef HAVE_STRING_H
| # include <string.h>
| #endif
| #ifdef HAVE_INTTYPES_H
| # include <inttypes.h>
| #endif
| #ifdef HAVE_STDINT_H
| # include <stdint.h>
| #endif
| #ifdef HAVE_STRINGS_H
| # include <strings.h>
| #endif
| #ifdef HAVE_SYS_TYPES_H
| # include <sys/types.h>
| #endif
| #ifdef HAVE_SYS_STAT_H
| # include <sys/stat.h>
| #endif
| #ifdef HAVE_UNISTD_H
| # include <unistd.h>
| #endif
| int
| main (void)
| {
| static struct stat ac_aggr;
| if (sizeof ac_aggr.st_atimensec)
| return 0;
|   ;
|   return 0;
| }
configure:23515: result: no
configure:23523: checking for struct stat.st_atim.tv_nsec
configure:23523: gcc  -c -isystem/home/ubuntu/yocto/rpi-build/tmp/work/x86_64-linux/pkgconfig-native/0.29.2+gitAUTOINC+d97db4fae4-r0/recipe-sysroot-native/usr/include -O2 -pipe -isystem/home/ubuntu/yocto/rpi-build/tmp/work/x86_64-linux/pkgconfig-native/0.29.2+gitAUTOINC+d97db4fae4-r0/recipe-sysroot-native/usr/include conftest.c >&5
configure:23523: $? = 0
configure:23523: result: yes
configure:23531: checking for struct stat.st_ctimensec
configure:23531: gcc  -c -isystem/home/ubuntu/yocto/rpi-build/tmp/work/x86_64-linux/pkgconfig-native/0.29.2+gitAUTOINC+d97db4fae4-r0/recipe-sysroot-native/usr/include -O2 -pipe -isystem/home/ubuntu/yocto/rpi-build/tmp/work/x86_64-linux/pkgconfig-native/0.29.2+gitAUTOINC+d97db4fae4-r0/recipe-sysroot-native/usr/include conftest.c >&5
conftest.c: In function 'main':
conftest.c:133:12: error: 'struct stat' has no member named 'st_ctimensec'
  133 | if (ac_aggr.st_ctimensec)
      |            ^
configure:23531: $? = 1
configure: failed program was:
| /* confdefs.h */
| #define PACKAGE_NAME "glib"
| #define PACKAGE_TARNAME "glib"
| #define PACKAGE_VERSION "2.38.2"
| #define PACKAGE_STRING "glib 2.38.2"
| #define PACKAGE_BUGREPORT "http://bugzilla.gnome.org/enter_bug.cgi?product=glib"
| #define PACKAGE_URL ""
| #define GLIB_MAJOR_VERSION 2
| #define GLIB_MINOR_VERSION 38
| #define GLIB_MICRO_VERSION 2
| #define GLIB_INTERFACE_AGE 2
| #define GLIB_BINARY_AGE 3802
| #define HAVE_STDIO_H 1
| #define HAVE_STDLIB_H 1
| #define HAVE_STRING_H 1
| #define HAVE_INTTYPES_H 1
| #define HAVE_STDINT_H 1
| #define HAVE_STRINGS_H 1
| #define HAVE_SYS_STAT_H 1
| #define HAVE_SYS_TYPES_H 1
| #define HAVE_UNISTD_H 1
| #define HAVE_WCHAR_H 1
| #define STDC_HEADERS 1
| #define _ALL_SOURCE 1
| #define _DARWIN_C_SOURCE 1
| #define _GNU_SOURCE 1
| #define _HPUX_ALT_XOPEN_SOCKET_API 1
| #define _NETBSD_SOURCE 1
| #define _OPENBSD_SOURCE 1
| #define _POSIX_PTHREAD_SEMANTICS 1
| #define __STDC_WANT_IEC_60559_ATTRIBS_EXT__ 1
| #define __STDC_WANT_IEC_60559_BFP_EXT__ 1
| #define __STDC_WANT_IEC_60559_DFP_EXT__ 1
| #define __STDC_WANT_IEC_60559_FUNCS_EXT__ 1
| #define __STDC_WANT_IEC_60559_TYPES_EXT__ 1
| #define __STDC_WANT_LIB_EXT2__ 1
| #define __STDC_WANT_MATH_SPEC_FUNCS__ 1
| #define _TANDEM_SOURCE 1
| #define __EXTENSIONS__ 1
| #define GETTEXT_PACKAGE "glib20"
| #define GLIB_LOCALE_DIR ""
| #define HAVE_DLFCN_H 1
| #define LT_OBJDIR ".libs/"
| #define HAVE_VPRINTF 1
| #define HAVE_ALLOCA_H 1
| #define HAVE_ALLOCA 1
| #define HAVE_MMAP 1
| #define HAVE_POSIX_MEMALIGN 1
| #define HAVE_MEMALIGN 1
| #define HAVE_VALLOC 1
| #define HAVE_FSYNC 1
| #define HAVE_PIPE2 1
| #define HAVE_ATEXIT 1
| #define HAVE_ON_EXIT 1
| #define HAVE_TIMEGM 1
| #define HAVE_GMTIME_R 1
| #define HAVE_LIBC_ENABLE_SECURE 1
| #define SIZEOF_CHAR 1
| #define SIZEOF_SHORT 2
| #define SIZEOF_LONG 8
| #define SIZEOF_INT 4
| #define SIZEOF_VOID_P 8
| #define SIZEOF_LONG_LONG 8
| #define HAVE_SIG_ATOMIC_T 1
| #define HAVE_LONG_LONG_FORMAT 1
| #define G_HAVE___INLINE 1
| #define G_HAVE___INLINE__ 1
| #define G_HAVE_INLINE 1
| #define HAVE_DOWHILE_MACROS 1
| #define HAVE_DIRENT_H 1
| #define HAVE_FLOAT_H 1
| #define HAVE_LIMITS_H 1
| #define HAVE_PWD_H 1
| #define HAVE_GRP_H 1
| #define HAVE_SYS_PARAM_H 1
| #define HAVE_SYS_POLL_H 1
| #define HAVE_SYS_RESOURCE_H 1
| #define HAVE_SYS_TIME_H 1
| #define HAVE_SYS_TIMES_H 1
| #define HAVE_SYS_WAIT_H 1
| #define HAVE_UNISTD_H 1
| #define HAVE_VALUES_H 1
| #define HAVE_SYS_SELECT_H 1
| #define HAVE_SYS_TYPES_H 1
| #define HAVE_STDINT_H 1
| #define HAVE_INTTYPES_H 1
| #define HAVE_SCHED_H 1
| #define HAVE_MALLOC_H 1
| #define HAVE_SYS_VFS_H 1
| #define HAVE_SYS_STATFS_H 1
| #define HAVE_SYS_STATVFS_H 1
| #define HAVE_MNTENT_H 1
| #define HAVE_FSTAB_H 1
| #define HAVE_SYS_UIO_H 1
| #define HAVE_LINUX_MAGIC_H 1
| #define HAVE_SYS_PRCTL_H 1
| #define HAVE_SYS_MOUNT_H 1
| #define HAVE_STRUCT_STAT_ST_MTIM_TV_NSEC 1
| #define HAVE_STRUCT_STAT_ST_ATIM_TV_NSEC 1
| /* end confdefs.h.  */
| #include <stddef.h>
| #ifdef HAVE_STDIO_H
| # include <stdio.h>
| #endif
| #ifdef HAVE_STDLIB_H
| # include <stdlib.h>
| #endif
| #ifdef HAVE_STRING_H
| # include <string.h>
| #endif
| #ifdef HAVE_INTTYPES_H
| # include <inttypes.h>
| #endif
| #ifdef HAVE_STDINT_H
| # include <stdint.h>
| #endif
| #ifdef HAVE_STRINGS_H
| # include <strings.h>
| #endif
| #ifdef HAVE_SYS_TYPES_H
| # include <sys/types.h>
| #endif
| #ifdef HAVE_SYS_STAT_H
| # include <sys/stat.h>
| #endif
| #ifdef HAVE_UNISTD_H
| # include <unistd.h>
| #endif
| int
| main (void)
| {
| static struct stat ac_aggr;
| if (ac_aggr.st_ctimensec)
| return 0;
|   ;
|   return 0;
| }
configure:23531: gcc  -c -isystem/home/ubuntu/yocto/rpi-build/tmp/work/x86_64-linux/pkgconfig-native/0.29.2+gitAUTOINC+d97db4fae4-r0/recipe-sysroot-native/usr/include -O2 -pipe -isystem/home/ubuntu/yocto/rpi-build/tmp/work/x86_64-linux/pkgconfig-native/0.29.2+gitAUTOINC+d97db4fae4-r0/recipe-sysroot-native/usr/include conftest.c >&5
conftest.c: In function 'main':
conftest.c:133:19: error: 'struct stat' has no member named 'st_ctimensec'
  133 | if (sizeof ac_aggr.st_ctimensec)
      |                   ^
configure:23531: $? = 1
configure: failed program was:
| /* confdefs.h */
| #define PACKAGE_NAME "glib"
| #define PACKAGE_TARNAME "glib"
| #define PACKAGE_VERSION "2.38.2"
| #define PACKAGE_STRING "glib 2.38.2"
| #define PACKAGE_BUGREPORT "http://bugzilla.gnome.org/enter_bug.cgi?product=glib"
| #define PACKAGE_URL ""
| #define GLIB_MAJOR_VERSION 2
| #define GLIB_MINOR_VERSION 38
| #define GLIB_MICRO_VERSION 2
| #define GLIB_INTERFACE_AGE 2
| #define GLIB_BINARY_AGE 3802
| #define HAVE_STDIO_H 1
| #define HAVE_STDLIB_H 1
| #define HAVE_STRING_H 1
| #define HAVE_INTTYPES_H 1
| #define HAVE_STDINT_H 1
| #define HAVE_STRINGS_H 1
| #define HAVE_SYS_STAT_H 1
| #define HAVE_SYS_TYPES_H 1
| #define HAVE_UNISTD_H 1
| #define HAVE_WCHAR_H 1
| #define STDC_HEADERS 1
| #define _ALL_SOURCE 1
| #define _DARWIN_C_SOURCE 1
| #define _GNU_SOURCE 1
| #define _HPUX_ALT_XOPEN_SOCKET_API 1
| #define _NETBSD_SOURCE 1
| #define _OPENBSD_SOURCE 1
| #define _POSIX_PTHREAD_SEMANTICS 1
| #define __STDC_WANT_IEC_60559_ATTRIBS_EXT__ 1
| #define __STDC_WANT_IEC_60559_BFP_EXT__ 1
| #define __STDC_WANT_IEC_60559_DFP_EXT__ 1
| #define __STDC_WANT_IEC_60559_FUNCS_EXT__ 1
| #define __STDC_WANT_IEC_60559_TYPES_EXT__ 1
| #define __STDC_WANT_LIB_EXT2__ 1
| #define __STDC_WANT_MATH_SPEC_FUNCS__ 1
| #define _TANDEM_SOURCE 1
| #define __EXTENSIONS__ 1
| #define GETTEXT_PACKAGE "glib20"
| #define GLIB_LOCALE_DIR ""
| #define HAVE_DLFCN_H 1
| #define LT_OBJDIR ".libs/"
| #define HAVE_VPRINTF 1
| #define HAVE_ALLOCA_H 1
| #define HAVE_ALLOCA 1
| #define HAVE_MMAP 1
| #define HAVE_POSIX_MEMALIGN 1
| #define HAVE_MEMALIGN 1
| #define HAVE_VALLOC 1
| #define HAVE_FSYNC 1
| #define HAVE_PIPE2 1
| #define HAVE_ATEXIT 1
| #define HAVE_ON_EXIT 1
| #define HAVE_TIMEGM 1
| #define HAVE_GMTIME_R 1
| #define HAVE_LIBC_ENABLE_SECURE 1
| #define SIZEOF_CHAR 1
| #define SIZEOF_SHORT 2
| #define SIZEOF_LONG 8
| #define SIZEOF_INT 4
| #define SIZEOF_VOID_P 8
| #define SIZEOF_LONG_LONG 8
| #define HAVE_SIG_ATOMIC_T 1
| #define HAVE_LONG_LONG_FORMAT 1
| #define G_HAVE___INLINE 1
| #define G_HAVE___INLINE__ 1
| #define G_HAVE_INLINE 1
| #define HAVE_DOWHILE_MACROS 1
| #define HAVE_DIRENT_H 1
| #define HAVE_FLOAT_H 1
| #define HAVE_LIMITS_H 1
| #define HAVE_PWD_H 1
| #define HAVE_GRP_H 1
| #define HAVE_SYS_PARAM_H 1
| #define HAVE_SYS_POLL_H 1
| #define HAVE_SYS_RESOURCE_H 1
| #define HAVE_SYS_TIME_H 1
| #define HAVE_SYS_TIMES_H 1
| #define HAVE_SYS_WAIT_H 1
| #define HAVE_UNISTD_H 1
| #define HAVE_VALUES_H 1
| #define HAVE_SYS_SELECT_H 1
| #define HAVE_SYS_TYPES_H 1
| #define HAVE_STDINT_H 1
| #define HAVE_INTTYPES_H 1
| #define HAVE_SCHED_H 1
| #define HAVE_MALLOC_H 1
| #define HAVE_SYS_VFS_H 1
| #define HAVE_SYS_STATFS_H 1
| #define HAVE_SYS_STATVFS_H 1
| #define HAVE_MNTENT_H 1
| #define HAVE_FSTAB_H 1
| #define HAVE_SYS_UIO_H 1
| #define HAVE_LINUX_MAGIC_H 1
| #define HAVE_SYS_PRCTL_H 1
| #define HAVE_SYS_MOUNT_H 1
| #define HAVE_STRUCT_STAT_ST_MTIM_TV_NSEC 1
| #define HAVE_STRUCT_STAT_ST_ATIM_TV_NSEC 1
| /* end confdefs.h.  */
| #include <stddef.h>
| #ifdef HAVE_STDIO_H
| # include <stdio.h>
| #endif
| #ifdef HAVE_STDLIB_H
| # include <stdlib.h>
| #endif
| #ifdef HAVE_STRING_H
| # include <string.h>
| #endif
| #ifdef HAVE_INTTYPES_H
| # include <inttypes.h>
| #endif
| #ifdef HAVE_STDINT_H
| # include <stdint.h>
| #endif
| #ifdef HAVE_STRINGS_H
| # include <strings.h>
| #endif
| #ifdef HAVE_SYS_TYPES_H
| # include <sys/types.h>
| #endif
| #ifdef HAVE_SYS_STAT_H
| # include <sys/stat.h>
| #endif
| #ifdef HAVE_UNISTD_H
| # include <unistd.h>
| #endif
| int
| main (void)
| {
| static struct stat ac_aggr;
| if (sizeof ac_aggr.st_ctimensec)
| return 0;
|   ;
|   return 0;
| }
configure:23531: result: no
configure:23539: checking for struct stat.st_ctim.tv_nsec
configure:23539: gcc  -c -isystem/home/ubuntu/yocto/rpi-build/tmp/work/x86_64-linux/pkgconfig-native/0.29.2+gitAUTOINC+d97db4fae4-r0/recipe-sysroot-native/usr/include -O2 -pipe -isystem/home/ubuntu/yocto/rpi-build/tmp/work/x86_64-linux/pkgconfig-native/0.29.2+gitAUTOINC+d97db4fae4-r0/recipe-sysroot-native/usr/include conftest.c >&5
configure:23539: $? = 0
configure:23539: result: yes
configure:23548: checking for struct stat.st_blksize
configure:23548: gcc  -c -isystem/home/ubuntu/yocto/rpi-build/tmp/work/x86_64-linux/pkgconfig-native/0.29.2+gitAUTOINC+d97db4fae4-r0/recipe-sysroot-native/usr/include -O2 -pipe -isystem/home/ubuntu/yocto/rpi-build/tmp/work/x86_64-linux/pkgconfig-native/0.29.2+gitAUTOINC+d97db4fae4-r0/recipe-sysroot-native/usr/include conftest.c >&5
configure:23548: $? = 0
configure:23548: result: yes
configure:23568: checking for struct stat.st_blocks
configure:23568: gcc  -c -isystem/home/ubuntu/yocto/rpi-build/tmp/work/x86_64-linux/pkgconfig-native/0.29.2+gitAUTOINC+d97db4fae4-r0/recipe-sysroot-native/usr/include -O2 -pipe -isystem/home/ubuntu/yocto/rpi-build/tmp/work/x86_64-linux/pkgconfig-native/0.29.2+gitAUTOINC+d97db4fae4-r0/recipe-sysroot-native/usr/include conftest.c >&5
configure:23568: $? = 0
configure:23568: result: yes
configure:23588: checking for struct statfs.f_fstypename
configure:23588: gcc  -c -isystem/home/ubuntu/yocto/rpi-build/tmp/work/x86_64-linux/pkgconfig-native/0.29.2+gitAUTOINC+d97db4fae4-r0/recipe-sysroot-native/usr/include -O2 -pipe -isystem/home/ubuntu/yocto/rpi-build/tmp/work/x86_64-linux/pkgconfig-native/0.29.2+gitAUTOINC+d97db4fae4-r0/recipe-sysroot-native/usr/include conftest.c >&5
conftest.c: In function 'main':
conftest.c:121:12: error: 'struct statfs' has no member named 'f_fstypename'
  121 | if (ac_aggr.f_fstypename)
      |            ^
configure:23588: $? = 1
configure: failed program was:
| /* confdefs.h */
| #define PACKAGE_NAME "glib"
| #define PACKAGE_TARNAME "glib"
| #define PACKAGE_VERSION "2.38.2"
| #define PACKAGE_STRING "glib 2.38.2"
| #define PACKAGE_BUGREPORT "http://bugzilla.gnome.org/enter_bug.cgi?product=glib"
| #define PACKAGE_URL ""
| #define GLIB_MAJOR_VERSION 2
| #define GLIB_MINOR_VERSION 38
| #define GLIB_MICRO_VERSION 2
| #define GLIB_INTERFACE_AGE 2
| #define GLIB_BINARY_AGE 3802
| #define HAVE_STDIO_H 1
| #define HAVE_STDLIB_H 1
| #define HAVE_STRING_H 1
| #define HAVE_INTTYPES_H 1
| #define HAVE_STDINT_H 1
| #define HAVE_STRINGS_H 1
| #define HAVE_SYS_STAT_H 1
| #define HAVE_SYS_TYPES_H 1
| #define HAVE_UNISTD_H 1
| #define HAVE_WCHAR_H 1
| #define STDC_HEADERS 1
| #define _ALL_SOURCE 1
| #define _DARWIN_C_SOURCE 1
| #define _GNU_SOURCE 1
| #define _HPUX_ALT_XOPEN_SOCKET_API 1
| #define _NETBSD_SOURCE 1
| #define _OPENBSD_SOURCE 1
| #define _POSIX_PTHREAD_SEMANTICS 1
| #define __STDC_WANT_IEC_60559_ATTRIBS_EXT__ 1
| #define __STDC_WANT_IEC_60559_BFP_EXT__ 1
| #define __STDC_WANT_IEC_60559_DFP_EXT__ 1
| #define __STDC_WANT_IEC_60559_FUNCS_EXT__ 1
| #define __STDC_WANT_IEC_60559_TYPES_EXT__ 1
| #define __STDC_WANT_LIB_EXT2__ 1
| #define __STDC_WANT_MATH_SPEC_FUNCS__ 1
| #define _TANDEM_SOURCE 1
| #define __EXTENSIONS__ 1
| #define GETTEXT_PACKAGE "glib20"
| #define GLIB_LOCALE_DIR ""
| #define HAVE_DLFCN_H 1
| #define LT_OBJDIR ".libs/"
| #define HAVE_VPRINTF 1
| #define HAVE_ALLOCA_H 1
| #define HAVE_ALLOCA 1
| #define HAVE_MMAP 1
| #define HAVE_POSIX_MEMALIGN 1
| #define HAVE_MEMALIGN 1
| #define HAVE_VALLOC 1
| #define HAVE_FSYNC 1
| #define HAVE_PIPE2 1
| #define HAVE_ATEXIT 1
| #define HAVE_ON_EXIT 1
| #define HAVE_TIMEGM 1
| #define HAVE_GMTIME_R 1
| #define HAVE_LIBC_ENABLE_SECURE 1
| #define SIZEOF_CHAR 1
| #define SIZEOF_SHORT 2
| #define SIZEOF_LONG 8
| #define SIZEOF_INT 4
| #define SIZEOF_VOID_P 8
| #define SIZEOF_LONG_LONG 8
| #define HAVE_SIG_ATOMIC_T 1
| #define HAVE_LONG_LONG_FORMAT 1
| #define G_HAVE___INLINE 1
| #define G_HAVE___INLINE__ 1
| #define G_HAVE_INLINE 1
| #define HAVE_DOWHILE_MACROS 1
| #define HAVE_DIRENT_H 1
| #define HAVE_FLOAT_H 1
| #define HAVE_LIMITS_H 1
| #define HAVE_PWD_H 1
| #define HAVE_GRP_H 1
| #define HAVE_SYS_PARAM_H 1
| #define HAVE_SYS_POLL_H 1
| #define HAVE_SYS_RESOURCE_H 1
| #define HAVE_SYS_TIME_H 1
| #define HAVE_SYS_TIMES_H 1
| #define HAVE_SYS_WAIT_H 1
| #define HAVE_UNISTD_H 1
| #define HAVE_VALUES_H 1
| #define HAVE_SYS_SELECT_H 1
| #define HAVE_SYS_TYPES_H 1
| #define HAVE_STDINT_H 1
| #define HAVE_INTTYPES_H 1
| #define HAVE_SCHED_H 1
| #define HAVE_MALLOC_H 1
| #define HAVE_SYS_VFS_H 1
| #define HAVE_SYS_STATFS_H 1
| #define HAVE_SYS_STATVFS_H 1
| #define HAVE_MNTENT_H 1
| #define HAVE_FSTAB_H 1
| #define HAVE_SYS_UIO_H 1
| #define HAVE_LINUX_MAGIC_H 1
| #define HAVE_SYS_PRCTL_H 1
| #define HAVE_SYS_MOUNT_H 1
| #define HAVE_STRUCT_STAT_ST_MTIM_TV_NSEC 1
| #define HAVE_STRUCT_STAT_ST_ATIM_TV_NSEC 1
| #define HAVE_STRUCT_STAT_ST_CTIM_TV_NSEC 1
| #define HAVE_STRUCT_STAT_ST_BLKSIZE 1
| #define HAVE_STRUCT_STAT_ST_BLOCKS 1
| /* end confdefs.h.  */
| #include <sys/types.h>
| #include <sys/stat.h>
| #include <unistd.h>
| #ifdef HAVE_SYS_STATFS_H
| #include <sys/statfs.h>
| #endif
| #ifdef HAVE_SYS_PARAM_H
| #include <sys/param.h>
| #endif
| #ifdef HAVE_SYS_MOUNT_H
| #include <sys/mount.h>
| #endif
| 
| int
| main (void)
| {
| static struct statfs ac_aggr;
| if (ac_aggr.f_fstypename)
| return 0;
|   ;
|   return 0;
| }
configure:23588: gcc  -c -isystem/home/ubuntu/yocto/rpi-build/tmp/work/x86_64-linux/pkgconfig-native/0.29.2+gitAUTOINC+d97db4fae4-r0/recipe-sysroot-native/usr/include -O2 -pipe -isystem/home/ubuntu/yocto/rpi-build/tmp/work/x86_64-linux/pkgconfig-native/0.29.2+gitAUTOINC+d97db4fae4-r0/recipe-sysroot-native/usr/include conftest.c >&5
conftest.c: In function 'main':
conftest.c:121:19: error: 'struct statfs' has no member named 'f_fstypename'
  121 | if (sizeof ac_aggr.f_fstypename)
      |                   ^
configure:23588: $? = 1
configure: failed program was:
| /* confdefs.h */
| #define PACKAGE_NAME "glib"
| #define PACKAGE_TARNAME "glib"
| #define PACKAGE_VERSION "2.38.2"
| #define PACKAGE_STRING "glib 2.38.2"
| #define PACKAGE_BUGREPORT "http://bugzilla.gnome.org/enter_bug.cgi?product=glib"
| #define PACKAGE_URL ""
| #define GLIB_MAJOR_VERSION 2
| #define GLIB_MINOR_VERSION 38
| #define GLIB_MICRO_VERSION 2
| #define GLIB_INTERFACE_AGE 2
| #define GLIB_BINARY_AGE 3802
| #define HAVE_STDIO_H 1
| #define HAVE_STDLIB_H 1
| #define HAVE_STRING_H 1
| #define HAVE_INTTYPES_H 1
| #define HAVE_STDINT_H 1
| #define HAVE_STRINGS_H 1
| #define HAVE_SYS_STAT_H 1
| #define HAVE_SYS_TYPES_H 1
| #define HAVE_UNISTD_H 1
| #define HAVE_WCHAR_H 1
| #define STDC_HEADERS 1
| #define _ALL_SOURCE 1
| #define _DARWIN_C_SOURCE 1
| #define _GNU_SOURCE 1
| #define _HPUX_ALT_XOPEN_SOCKET_API 1
| #define _NETBSD_SOURCE 1
| #define _OPENBSD_SOURCE 1
| #define _POSIX_PTHREAD_SEMANTICS 1
| #define __STDC_WANT_IEC_60559_ATTRIBS_EXT__ 1
| #define __STDC_WANT_IEC_60559_BFP_EXT__ 1
| #define __STDC_WANT_IEC_60559_DFP_EXT__ 1
| #define __STDC_WANT_IEC_60559_FUNCS_EXT__ 1
| #define __STDC_WANT_IEC_60559_TYPES_EXT__ 1
| #define __STDC_WANT_LIB_EXT2__ 1
| #define __STDC_WANT_MATH_SPEC_FUNCS__ 1
| #define _TANDEM_SOURCE 1
| #define __EXTENSIONS__ 1
| #define GETTEXT_PACKAGE "glib20"
| #define GLIB_LOCALE_DIR ""
| #define HAVE_DLFCN_H 1
| #define LT_OBJDIR ".libs/"
| #define HAVE_VPRINTF 1
| #define HAVE_ALLOCA_H 1
| #define HAVE_ALLOCA 1
| #define HAVE_MMAP 1
| #define HAVE_POSIX_MEMALIGN 1
| #define HAVE_MEMALIGN 1
| #define HAVE_VALLOC 1
| #define HAVE_FSYNC 1
| #define HAVE_PIPE2 1
| #define HAVE_ATEXIT 1
| #define HAVE_ON_EXIT 1
| #define HAVE_TIMEGM 1
| #define HAVE_GMTIME_R 1
| #define HAVE_LIBC_ENABLE_SECURE 1
| #define SIZEOF_CHAR 1
| #define SIZEOF_SHORT 2
| #define SIZEOF_LONG 8
| #define SIZEOF_INT 4
| #define SIZEOF_VOID_P 8
| #define SIZEOF_LONG_LONG 8
| #define HAVE_SIG_ATOMIC_T 1
| #define HAVE_LONG_LONG_FORMAT 1
| #define G_HAVE___INLINE 1
| #define G_HAVE___INLINE__ 1
| #define G_HAVE_INLINE 1
| #define HAVE_DOWHILE_MACROS 1
| #define HAVE_DIRENT_H 1
| #define HAVE_FLOAT_H 1
| #define HAVE_LIMITS_H 1
| #define HAVE_PWD_H 1
| #define HAVE_GRP_H 1
| #define HAVE_SYS_PARAM_H 1
| #define HAVE_SYS_POLL_H 1
| #define HAVE_SYS_RESOURCE_H 1
| #define HAVE_SYS_TIME_H 1
| #define HAVE_SYS_TIMES_H 1
| #define HAVE_SYS_WAIT_H 1
| #define HAVE_UNISTD_H 1
| #define HAVE_VALUES_H 1
| #define HAVE_SYS_SELECT_H 1
| #define HAVE_SYS_TYPES_H 1
| #define HAVE_STDINT_H 1
| #define HAVE_INTTYPES_H 1
| #define HAVE_SCHED_H 1
| #define HAVE_MALLOC_H 1
| #define HAVE_SYS_VFS_H 1
| #define HAVE_SYS_STATFS_H 1
| #define HAVE_SYS_STATVFS_H 1
| #define HAVE_MNTENT_H 1
| #define HAVE_FSTAB_H 1
| #define HAVE_SYS_UIO_H 1
| #define HAVE_LINUX_MAGIC_H 1
| #define HAVE_SYS_PRCTL_H 1
| #define HAVE_SYS_MOUNT_H 1
| #define HAVE_STRUCT_STAT_ST_MTIM_TV_NSEC 1
| #define HAVE_STRUCT_STAT_ST_ATIM_TV_NSEC 1
| #define HAVE_STRUCT_STAT_ST_CTIM_TV_NSEC 1
| #define HAVE_STRUCT_STAT_ST_BLKSIZE 1
| #define HAVE_STRUCT_STAT_ST_BLOCKS 1
| /* end confdefs.h.  */
| #include <sys/types.h>
| #include <sys/stat.h>
| #include <unistd.h>
| #ifdef HAVE_SYS_STATFS_H
| #include <sys/statfs.h>
| #endif
| #ifdef HAVE_SYS_PARAM_H
| #include <sys/param.h>
| #endif
| #ifdef HAVE_SYS_MOUNT_H
| #include <sys/mount.h>
| #endif
| 
| int
| main (void)
| {
| static struct statfs ac_aggr;
| if (sizeof ac_aggr.f_fstypename)
| return 0;
|   ;
|   return 0;
| }
configure:23588: result: no
configure:23608: checking for struct statfs.f_bavail
configure:23608: gcc  -c -isystem/home/ubuntu/yocto/rpi-build/tmp/work/x86_64-linux/pkgconfig-native/0.29.2+gitAUTOINC+d97db4fae4-r0/recipe-sysroot-native/usr/include -O2 -pipe -isystem/home/ubuntu/yocto/rpi-build/tmp/work/x86_64-linux/pkgconfig-native/0.29.2+gitAUTOINC+d97db4fae4-r0/recipe-sysroot-native/usr/include conftest.c >&5
configure:23608: $? = 0
configure:23608: result: yes
configure:23630: checking for struct statvfs.f_basetype
configure:23630: gcc  -c -isystem/home/ubuntu/yocto/rpi-build/tmp/work/x86_64-linux/pkgconfig-native/0.29.2+gitAUTOINC+d97db4fae4-r0/recipe-sysroot-native/usr/include -O2 -pipe -isystem/home/ubuntu/yocto/rpi-build/tmp/work/x86_64-linux/pkgconfig-native/0.29.2+gitAUTOINC+d97db4fae4-r0/recipe-sysroot-native/usr/include conftest.c >&5
conftest.c: In function 'main':
conftest.c:111:12: error: 'struct statvfs' has no member named 'f_basetype'
  111 | if (ac_aggr.f_basetype)
      |            ^
configure:23630: $? = 1
configure: failed program was:
| /* confdefs.h */
| #define PACKAGE_NAME "glib"
| #define PACKAGE_TARNAME "glib"
| #define PACKAGE_VERSION "2.38.2"
| #define PACKAGE_STRING "glib 2.38.2"
| #define PACKAGE_BUGREPORT "http://bugzilla.gnome.org/enter_bug.cgi?product=glib"
| #define PACKAGE_URL ""
| #define GLIB_MAJOR_VERSION 2
| #define GLIB_MINOR_VERSION 38
| #define GLIB_MICRO_VERSION 2
| #define GLIB_INTERFACE_AGE 2
| #define GLIB_BINARY_AGE 3802
| #define HAVE_STDIO_H 1
| #define HAVE_STDLIB_H 1
| #define HAVE_STRING_H 1
| #define HAVE_INTTYPES_H 1
| #define HAVE_STDINT_H 1
| #define HAVE_STRINGS_H 1
| #define HAVE_SYS_STAT_H 1
| #define HAVE_SYS_TYPES_H 1
| #define HAVE_UNISTD_H 1
| #define HAVE_WCHAR_H 1
| #define STDC_HEADERS 1
| #define _ALL_SOURCE 1
| #define _DARWIN_C_SOURCE 1
| #define _GNU_SOURCE 1
| #define _HPUX_ALT_XOPEN_SOCKET_API 1
| #define _NETBSD_SOURCE 1
| #define _OPENBSD_SOURCE 1
| #define _POSIX_PTHREAD_SEMANTICS 1
| #define __STDC_WANT_IEC_60559_ATTRIBS_EXT__ 1
| #define __STDC_WANT_IEC_60559_BFP_EXT__ 1
| #define __STDC_WANT_IEC_60559_DFP_EXT__ 1
| #define __STDC_WANT_IEC_60559_FUNCS_EXT__ 1
| #define __STDC_WANT_IEC_60559_TYPES_EXT__ 1
| #define __STDC_WANT_LIB_EXT2__ 1
| #define __STDC_WANT_MATH_SPEC_FUNCS__ 1
| #define _TANDEM_SOURCE 1
| #define __EXTENSIONS__ 1
| #define GETTEXT_PACKAGE "glib20"
| #define GLIB_LOCALE_DIR ""
| #define HAVE_DLFCN_H 1
| #define LT_OBJDIR ".libs/"
| #define HAVE_VPRINTF 1
| #define HAVE_ALLOCA_H 1
| #define HAVE_ALLOCA 1
| #define HAVE_MMAP 1
| #define HAVE_POSIX_MEMALIGN 1
| #define HAVE_MEMALIGN 1
| #define HAVE_VALLOC 1
| #define HAVE_FSYNC 1
| #define HAVE_PIPE2 1
| #define HAVE_ATEXIT 1
| #define HAVE_ON_EXIT 1
| #define HAVE_TIMEGM 1
| #define HAVE_GMTIME_R 1
| #define HAVE_LIBC_ENABLE_SECURE 1
| #define SIZEOF_CHAR 1
| #define SIZEOF_SHORT 2
| #define SIZEOF_LONG 8
| #define SIZEOF_INT 4
| #define SIZEOF_VOID_P 8
| #define SIZEOF_LONG_LONG 8
| #define HAVE_SIG_ATOMIC_T 1
| #define HAVE_LONG_LONG_FORMAT 1
| #define G_HAVE___INLINE 1
| #define G_HAVE___INLINE__ 1
| #define G_HAVE_INLINE 1
| #define HAVE_DOWHILE_MACROS 1
| #define HAVE_DIRENT_H 1
| #define HAVE_FLOAT_H 1
| #define HAVE_LIMITS_H 1
| #define HAVE_PWD_H 1
| #define HAVE_GRP_H 1
| #define HAVE_SYS_PARAM_H 1
| #define HAVE_SYS_POLL_H 1
| #define HAVE_SYS_RESOURCE_H 1
| #define HAVE_SYS_TIME_H 1
| #define HAVE_SYS_TIMES_H 1
| #define HAVE_SYS_WAIT_H 1
| #define HAVE_UNISTD_H 1
| #define HAVE_VALUES_H 1
| #define HAVE_SYS_SELECT_H 1
| #define HAVE_SYS_TYPES_H 1
| #define HAVE_STDINT_H 1
| #define HAVE_INTTYPES_H 1
| #define HAVE_SCHED_H 1
| #define HAVE_MALLOC_H 1
| #define HAVE_SYS_VFS_H 1
| #define HAVE_SYS_STATFS_H 1
| #define HAVE_SYS_STATVFS_H 1
| #define HAVE_MNTENT_H 1
| #define HAVE_FSTAB_H 1
| #define HAVE_SYS_UIO_H 1
| #define HAVE_LINUX_MAGIC_H 1
| #define HAVE_SYS_PRCTL_H 1
| #define HAVE_SYS_MOUNT_H 1
| #define HAVE_STRUCT_STAT_ST_MTIM_TV_NSEC 1
| #define HAVE_STRUCT_STAT_ST_ATIM_TV_NSEC 1
| #define HAVE_STRUCT_STAT_ST_CTIM_TV_NSEC 1
| #define HAVE_STRUCT_STAT_ST_BLKSIZE 1
| #define HAVE_STRUCT_STAT_ST_BLOCKS 1
| #define HAVE_STRUCT_STATFS_F_BAVAIL 1
| /* end confdefs.h.  */
| #include <sys/statvfs.h>
| 
| int
| main (void)
| {
| static struct statvfs ac_aggr;
| if (ac_aggr.f_basetype)
| return 0;
|   ;
|   return 0;
| }
configure:23630: gcc  -c -isystem/home/ubuntu/yocto/rpi-build/tmp/work/x86_64-linux/pkgconfig-native/0.29.2+gitAUTOINC+d97db4fae4-r0/recipe-sysroot-native/usr/include -O2 -pipe -isystem/home/ubuntu/yocto/rpi-build/tmp/work/x86_64-linux/pkgconfig-native/0.29.2+gitAUTOINC+d97db4fae4-r0/recipe-sysroot-native/usr/include conftest.c >&5
conftest.c: In function 'main':
conftest.c:111:19: error: 'struct statvfs' has no member named 'f_basetype'
  111 | if (sizeof ac_aggr.f_basetype)
      |                   ^
configure:23630: $? = 1
configure: failed program was:
| /* confdefs.h */
| #define PACKAGE_NAME "glib"
| #define PACKAGE_TARNAME "glib"
| #define PACKAGE_VERSION "2.38.2"
| #define PACKAGE_STRING "glib 2.38.2"
| #define PACKAGE_BUGREPORT "http://bugzilla.gnome.org/enter_bug.cgi?product=glib"
| #define PACKAGE_URL ""
| #define GLIB_MAJOR_VERSION 2
| #define GLIB_MINOR_VERSION 38
| #define GLIB_MICRO_VERSION 2
| #define GLIB_INTERFACE_AGE 2
| #define GLIB_BINARY_AGE 3802
| #define HAVE_STDIO_H 1
| #define HAVE_STDLIB_H 1
| #define HAVE_STRING_H 1
| #define HAVE_INTTYPES_H 1
| #define HAVE_STDINT_H 1
| #define HAVE_STRINGS_H 1
| #define HAVE_SYS_STAT_H 1
| #define HAVE_SYS_TYPES_H 1
| #define HAVE_UNISTD_H 1
| #define HAVE_WCHAR_H 1
| #define STDC_HEADERS 1
| #define _ALL_SOURCE 1
| #define _DARWIN_C_SOURCE 1
| #define _GNU_SOURCE 1
| #define _HPUX_ALT_XOPEN_SOCKET_API 1
| #define _NETBSD_SOURCE 1
| #define _OPENBSD_SOURCE 1
| #define _POSIX_PTHREAD_SEMANTICS 1
| #define __STDC_WANT_IEC_60559_ATTRIBS_EXT__ 1
| #define __STDC_WANT_IEC_60559_BFP_EXT__ 1
| #define __STDC_WANT_IEC_60559_DFP_EXT__ 1
| #define __STDC_WANT_IEC_60559_FUNCS_EXT__ 1
| #define __STDC_WANT_IEC_60559_TYPES_EXT__ 1
| #define __STDC_WANT_LIB_EXT2__ 1
| #define __STDC_WANT_MATH_SPEC_FUNCS__ 1
| #define _TANDEM_SOURCE 1
| #define __EXTENSIONS__ 1
| #define GETTEXT_PACKAGE "glib20"
| #define GLIB_LOCALE_DIR ""
| #define HAVE_DLFCN_H 1
| #define LT_OBJDIR ".libs/"
| #define HAVE_VPRINTF 1
| #define HAVE_ALLOCA_H 1
| #define HAVE_ALLOCA 1
| #define HAVE_MMAP 1
| #define HAVE_POSIX_MEMALIGN 1
| #define HAVE_MEMALIGN 1
| #define HAVE_VALLOC 1
| #define HAVE_FSYNC 1
| #define HAVE_PIPE2 1
| #define HAVE_ATEXIT 1
| #define HAVE_ON_EXIT 1
| #define HAVE_TIMEGM 1
| #define HAVE_GMTIME_R 1
| #define HAVE_LIBC_ENABLE_SECURE 1
| #define SIZEOF_CHAR 1
| #define SIZEOF_SHORT 2
| #define SIZEOF_LONG 8
| #define SIZEOF_INT 4
| #define SIZEOF_VOID_P 8
| #define SIZEOF_LONG_LONG 8
| #define HAVE_SIG_ATOMIC_T 1
| #define HAVE_LONG_LONG_FORMAT 1
| #define G_HAVE___INLINE 1
| #define G_HAVE___INLINE__ 1
| #define G_HAVE_INLINE 1
| #define HAVE_DOWHILE_MACROS 1
| #define HAVE_DIRENT_H 1
| #define HAVE_FLOAT_H 1
| #define HAVE_LIMITS_H 1
| #define HAVE_PWD_H 1
| #define HAVE_GRP_H 1
| #define HAVE_SYS_PARAM_H 1
| #define HAVE_SYS_POLL_H 1
| #define HAVE_SYS_RESOURCE_H 1
| #define HAVE_SYS_TIME_H 1
| #define HAVE_SYS_TIMES_H 1
| #define HAVE_SYS_WAIT_H 1
| #define HAVE_UNISTD_H 1
| #define HAVE_VALUES_H 1
| #define HAVE_SYS_SELECT_H 1
| #define HAVE_SYS_TYPES_H 1
| #define HAVE_STDINT_H 1
| #define HAVE_INTTYPES_H 1
| #define HAVE_SCHED_H 1
| #define HAVE_MALLOC_H 1
| #define HAVE_SYS_VFS_H 1
| #define HAVE_SYS_STATFS_H 1
| #define HAVE_SYS_STATVFS_H 1
| #define HAVE_MNTENT_H 1
| #define HAVE_FSTAB_H 1
| #define HAVE_SYS_UIO_H 1
| #define HAVE_LINUX_MAGIC_H 1
| #define HAVE_SYS_PRCTL_H 1
| #define HAVE_SYS_MOUNT_H 1
| #define HAVE_STRUCT_STAT_ST_MTIM_TV_NSEC 1
| #define HAVE_STRUCT_STAT_ST_ATIM_TV_NSEC 1
| #define HAVE_STRUCT_STAT_ST_CTIM_TV_NSEC 1
| #define HAVE_STRUCT_STAT_ST_BLKSIZE 1
| #define HAVE_STRUCT_STAT_ST_BLOCKS 1
| #define HAVE_STRUCT_STATFS_F_BAVAIL 1
| /* end confdefs.h.  */
| #include <sys/statvfs.h>
| 
| int
| main (void)
| {
| static struct statvfs ac_aggr;
| if (sizeof ac_aggr.f_basetype)
| return 0;
|   ;
|   return 0;
| }
configure:23630: result: no
configure:23640: checking for struct statvfs.f_fstypename
configure:23640: gcc  -c -isystem/home/ubuntu/yocto/rpi-build/tmp/work/x86_64-linux/pkgconfig-native/0.29.2+gitAUTOINC+d97db4fae4-r0/recipe-sysroot-native/usr/include -O2 -pipe -isystem/home/ubuntu/yocto/rpi-build/tmp/work/x86_64-linux/pkgconfig-native/0.29.2+gitAUTOINC+d97db4fae4-r0/recipe-sysroot-native/usr/include conftest.c >&5
conftest.c: In function 'main':
conftest.c:111:12: error: 'struct statvfs' has no member named 'f_fstypename'
  111 | if (ac_aggr.f_fstypename)
      |            ^
configure:23640: $? = 1
configure: failed program was:
| /* confdefs.h */
| #define PACKAGE_NAME "glib"
| #define PACKAGE_TARNAME "glib"
| #define PACKAGE_VERSION "2.38.2"
| #define PACKAGE_STRING "glib 2.38.2"
| #define PACKAGE_BUGREPORT "http://bugzilla.gnome.org/enter_bug.cgi?product=glib"
| #define PACKAGE_URL ""
| #define GLIB_MAJOR_VERSION 2
| #define GLIB_MINOR_VERSION 38
| #define GLIB_MICRO_VERSION 2
| #define GLIB_INTERFACE_AGE 2
| #define GLIB_BINARY_AGE 3802
| #define HAVE_STDIO_H 1
| #define HAVE_STDLIB_H 1
| #define HAVE_STRING_H 1
| #define HAVE_INTTYPES_H 1
| #define HAVE_STDINT_H 1
| #define HAVE_STRINGS_H 1
| #define HAVE_SYS_STAT_H 1
| #define HAVE_SYS_TYPES_H 1
| #define HAVE_UNISTD_H 1
| #define HAVE_WCHAR_H 1
| #define STDC_HEADERS 1
| #define _ALL_SOURCE 1
| #define _DARWIN_C_SOURCE 1
| #define _GNU_SOURCE 1
| #define _HPUX_ALT_XOPEN_SOCKET_API 1
| #define _NETBSD_SOURCE 1
| #define _OPENBSD_SOURCE 1
| #define _POSIX_PTHREAD_SEMANTICS 1
| #define __STDC_WANT_IEC_60559_ATTRIBS_EXT__ 1
| #define __STDC_WANT_IEC_60559_BFP_EXT__ 1
| #define __STDC_WANT_IEC_60559_DFP_EXT__ 1
| #define __STDC_WANT_IEC_60559_FUNCS_EXT__ 1
| #define __STDC_WANT_IEC_60559_TYPES_EXT__ 1
| #define __STDC_WANT_LIB_EXT2__ 1
| #define __STDC_WANT_MATH_SPEC_FUNCS__ 1
| #define _TANDEM_SOURCE 1
| #define __EXTENSIONS__ 1
| #define GETTEXT_PACKAGE "glib20"
| #define GLIB_LOCALE_DIR ""
| #define HAVE_DLFCN_H 1
| #define LT_OBJDIR ".libs/"
| #define HAVE_VPRINTF 1
| #define HAVE_ALLOCA_H 1
| #define HAVE_ALLOCA 1
| #define HAVE_MMAP 1
| #define HAVE_POSIX_MEMALIGN 1
| #define HAVE_MEMALIGN 1
| #define HAVE_VALLOC 1
| #define HAVE_FSYNC 1
| #define HAVE_PIPE2 1
| #define HAVE_ATEXIT 1
| #define HAVE_ON_EXIT 1
| #define HAVE_TIMEGM 1
| #define HAVE_GMTIME_R 1
| #define HAVE_LIBC_ENABLE_SECURE 1
| #define SIZEOF_CHAR 1
| #define SIZEOF_SHORT 2
| #define SIZEOF_LONG 8
| #define SIZEOF_INT 4
| #define SIZEOF_VOID_P 8
| #define SIZEOF_LONG_LONG 8
| #define HAVE_SIG_ATOMIC_T 1
| #define HAVE_LONG_LONG_FORMAT 1
| #define G_HAVE___INLINE 1
| #define G_HAVE___INLINE__ 1
| #define G_HAVE_INLINE 1
| #define HAVE_DOWHILE_MACROS 1
| #define HAVE_DIRENT_H 1
| #define HAVE_FLOAT_H 1
| #define HAVE_LIMITS_H 1
| #define HAVE_PWD_H 1
| #define HAVE_GRP_H 1
| #define HAVE_SYS_PARAM_H 1
| #define HAVE_SYS_POLL_H 1
| #define HAVE_SYS_RESOURCE_H 1
| #define HAVE_SYS_TIME_H 1
| #define HAVE_SYS_TIMES_H 1
| #define HAVE_SYS_WAIT_H 1
| #define HAVE_UNISTD_H 1
| #define HAVE_VALUES_H 1
| #define HAVE_SYS_SELECT_H 1
| #define HAVE_SYS_TYPES_H 1
| #define HAVE_STDINT_H 1
| #define HAVE_INTTYPES_H 1
| #define HAVE_SCHED_H 1
| #define HAVE_MALLOC_H 1
| #define HAVE_SYS_VFS_H 1
| #define HAVE_SYS_STATFS_H 1
| #define HAVE_SYS_STATVFS_H 1
| #define HAVE_MNTENT_H 1
| #define HAVE_FSTAB_H 1
| #define HAVE_SYS_UIO_H 1
| #define HAVE_LINUX_MAGIC_H 1
| #define HAVE_SYS_PRCTL_H 1
| #define HAVE_SYS_MOUNT_H 1
| #define HAVE_STRUCT_STAT_ST_MTIM_TV_NSEC 1
| #define HAVE_STRUCT_STAT_ST_ATIM_TV_NSEC 1
| #define HAVE_STRUCT_STAT_ST_CTIM_TV_NSEC 1
| #define HAVE_STRUCT_STAT_ST_BLKSIZE 1
| #define HAVE_STRUCT_STAT_ST_BLOCKS 1
| #define HAVE_STRUCT_STATFS_F_BAVAIL 1
| /* end confdefs.h.  */
| #include <sys/statvfs.h>
| 
| int
| main (void)
| {
| static struct statvfs ac_aggr;
| if (ac_aggr.f_fstypename)
| return 0;
|   ;
|   return 0;
| }
configure:23640: gcc  -c -isystem/home/ubuntu/yocto/rpi-build/tmp/work/x86_64-linux/pkgconfig-native/0.29.2+gitAUTOINC+d97db4fae4-r0/recipe-sysroot-native/usr/include -O2 -pipe -isystem/home/ubuntu/yocto/rpi-build/tmp/work/x86_64-linux/pkgconfig-native/0.29.2+gitAUTOINC+d97db4fae4-r0/recipe-sysroot-native/usr/include conftest.c >&5
conftest.c: In function 'main':
conftest.c:111:19: error: 'struct statvfs' has no member named 'f_fstypename'
  111 | if (sizeof ac_aggr.f_fstypename)
      |                   ^
configure:23640: $? = 1
configure: failed program was:
| /* confdefs.h */
| #define PACKAGE_NAME "glib"
| #define PACKAGE_TARNAME "glib"
| #define PACKAGE_VERSION "2.38.2"
| #define PACKAGE_STRING "glib 2.38.2"
| #define PACKAGE_BUGREPORT "http://bugzilla.gnome.org/enter_bug.cgi?product=glib"
| #define PACKAGE_URL ""
| #define GLIB_MAJOR_VERSION 2
| #define GLIB_MINOR_VERSION 38
| #define GLIB_MICRO_VERSION 2
| #define GLIB_INTERFACE_AGE 2
| #define GLIB_BINARY_AGE 3802
| #define HAVE_STDIO_H 1
| #define HAVE_STDLIB_H 1
| #define HAVE_STRING_H 1
| #define HAVE_INTTYPES_H 1
| #define HAVE_STDINT_H 1
| #define HAVE_STRINGS_H 1
| #define HAVE_SYS_STAT_H 1
| #define HAVE_SYS_TYPES_H 1
| #define HAVE_UNISTD_H 1
| #define HAVE_WCHAR_H 1
| #define STDC_HEADERS 1
| #define _ALL_SOURCE 1
| #define _DARWIN_C_SOURCE 1
| #define _GNU_SOURCE 1
| #define _HPUX_ALT_XOPEN_SOCKET_API 1
| #define _NETBSD_SOURCE 1
| #define _OPENBSD_SOURCE 1
| #define _POSIX_PTHREAD_SEMANTICS 1
| #define __STDC_WANT_IEC_60559_ATTRIBS_EXT__ 1
| #define __STDC_WANT_IEC_60559_BFP_EXT__ 1
| #define __STDC_WANT_IEC_60559_DFP_EXT__ 1
| #define __STDC_WANT_IEC_60559_FUNCS_EXT__ 1
| #define __STDC_WANT_IEC_60559_TYPES_EXT__ 1
| #define __STDC_WANT_LIB_EXT2__ 1
| #define __STDC_WANT_MATH_SPEC_FUNCS__ 1
| #define _TANDEM_SOURCE 1
| #define __EXTENSIONS__ 1
| #define GETTEXT_PACKAGE "glib20"
| #define GLIB_LOCALE_DIR ""
| #define HAVE_DLFCN_H 1
| #define LT_OBJDIR ".libs/"
| #define HAVE_VPRINTF 1
| #define HAVE_ALLOCA_H 1
| #define HAVE_ALLOCA 1
| #define HAVE_MMAP 1
| #define HAVE_POSIX_MEMALIGN 1
| #define HAVE_MEMALIGN 1
| #define HAVE_VALLOC 1
| #define HAVE_FSYNC 1
| #define HAVE_PIPE2 1
| #define HAVE_ATEXIT 1
| #define HAVE_ON_EXIT 1
| #define HAVE_TIMEGM 1
| #define HAVE_GMTIME_R 1
| #define HAVE_LIBC_ENABLE_SECURE 1
| #define SIZEOF_CHAR 1
| #define SIZEOF_SHORT 2
| #define SIZEOF_LONG 8
| #define SIZEOF_INT 4
| #define SIZEOF_VOID_P 8
| #define SIZEOF_LONG_LONG 8
| #define HAVE_SIG_ATOMIC_T 1
| #define HAVE_LONG_LONG_FORMAT 1
| #define G_HAVE___INLINE 1
| #define G_HAVE___INLINE__ 1
| #define G_HAVE_INLINE 1
| #define HAVE_DOWHILE_MACROS 1
| #define HAVE_DIRENT_H 1
| #define HAVE_FLOAT_H 1
| #define HAVE_LIMITS_H 1
| #define HAVE_PWD_H 1
| #define HAVE_GRP_H 1
| #define HAVE_SYS_PARAM_H 1
| #define HAVE_SYS_POLL_H 1
| #define HAVE_SYS_RESOURCE_H 1
| #define HAVE_SYS_TIME_H 1
| #define HAVE_SYS_TIMES_H 1
| #define HAVE_SYS_WAIT_H 1
| #define HAVE_UNISTD_H 1
| #define HAVE_VALUES_H 1
| #define HAVE_SYS_SELECT_H 1
| #define HAVE_SYS_TYPES_H 1
| #define HAVE_STDINT_H 1
| #define HAVE_INTTYPES_H 1
| #define HAVE_SCHED_H 1
| #define HAVE_MALLOC_H 1
| #define HAVE_SYS_VFS_H 1
| #define HAVE_SYS_STATFS_H 1
| #define HAVE_SYS_STATVFS_H 1
| #define HAVE_MNTENT_H 1
| #define HAVE_FSTAB_H 1
| #define HAVE_SYS_UIO_H 1
| #define HAVE_LINUX_MAGIC_H 1
| #define HAVE_SYS_PRCTL_H 1
| #define HAVE_SYS_MOUNT_H 1
| #define HAVE_STRUCT_STAT_ST_MTIM_TV_NSEC 1
| #define HAVE_STRUCT_STAT_ST_ATIM_TV_NSEC 1
| #define HAVE_STRUCT_STAT_ST_CTIM_TV_NSEC 1
| #define HAVE_STRUCT_STAT_ST_BLKSIZE 1
| #define HAVE_STRUCT_STAT_ST_BLOCKS 1
| #define HAVE_STRUCT_STATFS_F_BAVAIL 1
| /* end confdefs.h.  */
| #include <sys/statvfs.h>
| 
| int
| main (void)
| {
| static struct statvfs ac_aggr;
| if (sizeof ac_aggr.f_fstypename)
| return 0;
|   ;
|   return 0;
| }
configure:23640: result: no
configure:23650: checking for struct tm.tm_gmtoff
configure:23650: gcc  -c -isystem/home/ubuntu/yocto/rpi-build/tmp/work/x86_64-linux/pkgconfig-native/0.29.2+gitAUTOINC+d97db4fae4-r0/recipe-sysroot-native/usr/include -O2 -pipe -isystem/home/ubuntu/yocto/rpi-build/tmp/work/x86_64-linux/pkgconfig-native/0.29.2+gitAUTOINC+d97db4fae4-r0/recipe-sysroot-native/usr/include conftest.c >&5
configure:23650: $? = 0
configure:23650: result: yes
configure:23659: checking for struct tm.__tm_gmtoff
configure:23659: gcc  -c -isystem/home/ubuntu/yocto/rpi-build/tmp/work/x86_64-linux/pkgconfig-native/0.29.2+gitAUTOINC+d97db4fae4-r0/recipe-sysroot-native/usr/include -O2 -pipe -isystem/home/ubuntu/yocto/rpi-build/tmp/work/x86_64-linux/pkgconfig-native/0.29.2+gitAUTOINC+d97db4fae4-r0/recipe-sysroot-native/usr/include conftest.c >&5
conftest.c: In function 'main':
conftest.c:112:13: error: 'struct tm' has no member named '__tm_gmtoff'; did you mean 'tm_gmtoff'?
  112 | if (ac_aggr.__tm_gmtoff)
      |             ^~~~~~~~~~~
      |             tm_gmtoff
configure:23659: $? = 1
configure: failed program was:
| /* confdefs.h */
| #define PACKAGE_NAME "glib"
| #define PACKAGE_TARNAME "glib"
| #define PACKAGE_VERSION "2.38.2"
| #define PACKAGE_STRING "glib 2.38.2"
| #define PACKAGE_BUGREPORT "http://bugzilla.gnome.org/enter_bug.cgi?product=glib"
| #define PACKAGE_URL ""
| #define GLIB_MAJOR_VERSION 2
| #define GLIB_MINOR_VERSION 38
| #define GLIB_MICRO_VERSION 2
| #define GLIB_INTERFACE_AGE 2
| #define GLIB_BINARY_AGE 3802
| #define HAVE_STDIO_H 1
| #define HAVE_STDLIB_H 1
| #define HAVE_STRING_H 1
| #define HAVE_INTTYPES_H 1
| #define HAVE_STDINT_H 1
| #define HAVE_STRINGS_H 1
| #define HAVE_SYS_STAT_H 1
| #define HAVE_SYS_TYPES_H 1
| #define HAVE_UNISTD_H 1
| #define HAVE_WCHAR_H 1
| #define STDC_HEADERS 1
| #define _ALL_SOURCE 1
| #define _DARWIN_C_SOURCE 1
| #define _GNU_SOURCE 1
| #define _HPUX_ALT_XOPEN_SOCKET_API 1
| #define _NETBSD_SOURCE 1
| #define _OPENBSD_SOURCE 1
| #define _POSIX_PTHREAD_SEMANTICS 1
| #define __STDC_WANT_IEC_60559_ATTRIBS_EXT__ 1
| #define __STDC_WANT_IEC_60559_BFP_EXT__ 1
| #define __STDC_WANT_IEC_60559_DFP_EXT__ 1
| #define __STDC_WANT_IEC_60559_FUNCS_EXT__ 1
| #define __STDC_WANT_IEC_60559_TYPES_EXT__ 1
| #define __STDC_WANT_LIB_EXT2__ 1
| #define __STDC_WANT_MATH_SPEC_FUNCS__ 1
| #define _TANDEM_SOURCE 1
| #define __EXTENSIONS__ 1
| #define GETTEXT_PACKAGE "glib20"
| #define GLIB_LOCALE_DIR ""
| #define HAVE_DLFCN_H 1
| #define LT_OBJDIR ".libs/"
| #define HAVE_VPRINTF 1
| #define HAVE_ALLOCA_H 1
| #define HAVE_ALLOCA 1
| #define HAVE_MMAP 1
| #define HAVE_POSIX_MEMALIGN 1
| #define HAVE_MEMALIGN 1
| #define HAVE_VALLOC 1
| #define HAVE_FSYNC 1
| #define HAVE_PIPE2 1
| #define HAVE_ATEXIT 1
| #define HAVE_ON_EXIT 1
| #define HAVE_TIMEGM 1
| #define HAVE_GMTIME_R 1
| #define HAVE_LIBC_ENABLE_SECURE 1
| #define SIZEOF_CHAR 1
| #define SIZEOF_SHORT 2
| #define SIZEOF_LONG 8
| #define SIZEOF_INT 4
| #define SIZEOF_VOID_P 8
| #define SIZEOF_LONG_LONG 8
| #define HAVE_SIG_ATOMIC_T 1
| #define HAVE_LONG_LONG_FORMAT 1
| #define G_HAVE___INLINE 1
| #define G_HAVE___INLINE__ 1
| #define G_HAVE_INLINE 1
| #define HAVE_DOWHILE_MACROS 1
| #define HAVE_DIRENT_H 1
| #define HAVE_FLOAT_H 1
| #define HAVE_LIMITS_H 1
| #define HAVE_PWD_H 1
| #define HAVE_GRP_H 1
| #define HAVE_SYS_PARAM_H 1
| #define HAVE_SYS_POLL_H 1
| #define HAVE_SYS_RESOURCE_H 1
| #define HAVE_SYS_TIME_H 1
| #define HAVE_SYS_TIMES_H 1
| #define HAVE_SYS_WAIT_H 1
| #define HAVE_UNISTD_H 1
| #define HAVE_VALUES_H 1
| #define HAVE_SYS_SELECT_H 1
| #define HAVE_SYS_TYPES_H 1
| #define HAVE_STDINT_H 1
| #define HAVE_INTTYPES_H 1
| #define HAVE_SCHED_H 1
| #define HAVE_MALLOC_H 1
| #define HAVE_SYS_VFS_H 1
| #define HAVE_SYS_STATFS_H 1
| #define HAVE_SYS_STATVFS_H 1
| #define HAVE_MNTENT_H 1
| #define HAVE_FSTAB_H 1
| #define HAVE_SYS_UIO_H 1
| #define HAVE_LINUX_MAGIC_H 1
| #define HAVE_SYS_PRCTL_H 1
| #define HAVE_SYS_MOUNT_H 1
| #define HAVE_STRUCT_STAT_ST_MTIM_TV_NSEC 1
| #define HAVE_STRUCT_STAT_ST_ATIM_TV_NSEC 1
| #define HAVE_STRUCT_STAT_ST_CTIM_TV_NSEC 1
| #define HAVE_STRUCT_STAT_ST_BLKSIZE 1
| #define HAVE_STRUCT_STAT_ST_BLOCKS 1
| #define HAVE_STRUCT_STATFS_F_BAVAIL 1
| #define HAVE_STRUCT_TM_TM_GMTOFF 1
| /* end confdefs.h.  */
| #include <time.h>
| 
| int
| main (void)
| {
| static struct tm ac_aggr;
| if (ac_aggr.__tm_gmtoff)
| return 0;
|   ;
|   return 0;
| }
configure:23659: gcc  -c -isystem/home/ubuntu/yocto/rpi-build/tmp/work/x86_64-linux/pkgconfig-native/0.29.2+gitAUTOINC+d97db4fae4-r0/recipe-sysroot-native/usr/include -O2 -pipe -isystem/home/ubuntu/yocto/rpi-build/tmp/work/x86_64-linux/pkgconfig-native/0.29.2+gitAUTOINC+d97db4fae4-r0/recipe-sysroot-native/usr/include conftest.c >&5
conftest.c: In function 'main':
conftest.c:112:20: error: 'struct tm' has no member named '__tm_gmtoff'; did you mean 'tm_gmtoff'?
  112 | if (sizeof ac_aggr.__tm_gmtoff)
      |                    ^~~~~~~~~~~
      |                    tm_gmtoff
configure:23659: $? = 1
configure: failed program was:
| /* confdefs.h */
| #define PACKAGE_NAME "glib"
| #define PACKAGE_TARNAME "glib"
| #define PACKAGE_VERSION "2.38.2"
| #define PACKAGE_STRING "glib 2.38.2"
| #define PACKAGE_BUGREPORT "http://bugzilla.gnome.org/enter_bug.cgi?product=glib"
| #define PACKAGE_URL ""
| #define GLIB_MAJOR_VERSION 2
| #define GLIB_MINOR_VERSION 38
| #define GLIB_MICRO_VERSION 2
| #define GLIB_INTERFACE_AGE 2
| #define GLIB_BINARY_AGE 3802
| #define HAVE_STDIO_H 1
| #define HAVE_STDLIB_H 1
| #define HAVE_STRING_H 1
| #define HAVE_INTTYPES_H 1
| #define HAVE_STDINT_H 1
| #define HAVE_STRINGS_H 1
| #define HAVE_SYS_STAT_H 1
| #define HAVE_SYS_TYPES_H 1
| #define HAVE_UNISTD_H 1
| #define HAVE_WCHAR_H 1
| #define STDC_HEADERS 1
| #define _ALL_SOURCE 1
| #define _DARWIN_C_SOURCE 1
| #define _GNU_SOURCE 1
| #define _HPUX_ALT_XOPEN_SOCKET_API 1
| #define _NETBSD_SOURCE 1
| #define _OPENBSD_SOURCE 1
| #define _POSIX_PTHREAD_SEMANTICS 1
| #define __STDC_WANT_IEC_60559_ATTRIBS_EXT__ 1
| #define __STDC_WANT_IEC_60559_BFP_EXT__ 1
| #define __STDC_WANT_IEC_60559_DFP_EXT__ 1
| #define __STDC_WANT_IEC_60559_FUNCS_EXT__ 1
| #define __STDC_WANT_IEC_60559_TYPES_EXT__ 1
| #define __STDC_WANT_LIB_EXT2__ 1
| #define __STDC_WANT_MATH_SPEC_FUNCS__ 1
| #define _TANDEM_SOURCE 1
| #define __EXTENSIONS__ 1
| #define GETTEXT_PACKAGE "glib20"
| #define GLIB_LOCALE_DIR ""
| #define HAVE_DLFCN_H 1
| #define LT_OBJDIR ".libs/"
| #define HAVE_VPRINTF 1
| #define HAVE_ALLOCA_H 1
| #define HAVE_ALLOCA 1
| #define HAVE_MMAP 1
| #define HAVE_POSIX_MEMALIGN 1
| #define HAVE_MEMALIGN 1
| #define HAVE_VALLOC 1
| #define HAVE_FSYNC 1
| #define HAVE_PIPE2 1
| #define HAVE_ATEXIT 1
| #define HAVE_ON_EXIT 1
| #define HAVE_TIMEGM 1
| #define HAVE_GMTIME_R 1
| #define HAVE_LIBC_ENABLE_SECURE 1
| #define SIZEOF_CHAR 1
| #define SIZEOF_SHORT 2
| #define SIZEOF_LONG 8
| #define SIZEOF_INT 4
| #define SIZEOF_VOID_P 8
| #define SIZEOF_LONG_LONG 8
| #define HAVE_SIG_ATOMIC_T 1
| #define HAVE_LONG_LONG_FORMAT 1
| #define G_HAVE___INLINE 1
| #define G_HAVE___INLINE__ 1
| #define G_HAVE_INLINE 1
| #define HAVE_DOWHILE_MACROS 1
| #define HAVE_DIRENT_H 1
| #define HAVE_FLOAT_H 1
| #define HAVE_LIMITS_H 1
| #define HAVE_PWD_H 1
| #define HAVE_GRP_H 1
| #define HAVE_SYS_PARAM_H 1
| #define HAVE_SYS_POLL_H 1
| #define HAVE_SYS_RESOURCE_H 1
| #define HAVE_SYS_TIME_H 1
| #define HAVE_SYS_TIMES_H 1
| #define HAVE_SYS_WAIT_H 1
| #define HAVE_UNISTD_H 1
| #define HAVE_VALUES_H 1
| #define HAVE_SYS_SELECT_H 1
| #define HAVE_SYS_TYPES_H 1
| #define HAVE_STDINT_H 1
| #define HAVE_INTTYPES_H 1
| #define HAVE_SCHED_H 1
| #define HAVE_MALLOC_H 1
| #define HAVE_SYS_VFS_H 1
| #define HAVE_SYS_STATFS_H 1
| #define HAVE_SYS_STATVFS_H 1
| #define HAVE_MNTENT_H 1
| #define HAVE_FSTAB_H 1
| #define HAVE_SYS_UIO_H 1
| #define HAVE_LINUX_MAGIC_H 1
| #define HAVE_SYS_PRCTL_H 1
| #define HAVE_SYS_MOUNT_H 1
| #define HAVE_STRUCT_STAT_ST_MTIM_TV_NSEC 1
| #define HAVE_STRUCT_STAT_ST_ATIM_TV_NSEC 1
| #define HAVE_STRUCT_STAT_ST_CTIM_TV_NSEC 1
| #define HAVE_STRUCT_STAT_ST_BLKSIZE 1
| #define HAVE_STRUCT_STAT_ST_BLOCKS 1
| #define HAVE_STRUCT_STATFS_F_BAVAIL 1
| #define HAVE_STRUCT_TM_TM_GMTOFF 1
| /* end confdefs.h.  */
| #include <time.h>
| 
| int
| main (void)
| {
| static struct tm ac_aggr;
| if (sizeof ac_aggr.__tm_gmtoff)
| return 0;
|   ;
|   return 0;
| }
configure:23659: result: no
configure:23673: checking for dirent.h that defines DIR
configure:23693: gcc  -c -isystem/home/ubuntu/yocto/rpi-build/tmp/work/x86_64-linux/pkgconfig-native/0.29.2+gitAUTOINC+d97db4fae4-r0/recipe-sysroot-native/usr/include -O2 -pipe -isystem/home/ubuntu/yocto/rpi-build/tmp/work/x86_64-linux/pkgconfig-native/0.29.2+gitAUTOINC+d97db4fae4-r0/recipe-sysroot-native/usr/include conftest.c >&5
configure:23693: $? = 0
configure:23702: result: yes
configure:23716: checking for library containing opendir
configure:23746: gcc  -o conftest -isystem/home/ubuntu/yocto/rpi-build/tmp/work/x86_64-linux/pkgconfig-native/0.29.2+gitAUTOINC+d97db4fae4-r0/recipe-sysroot-native/usr/include -O2 -pipe -isystem/home/ubuntu/yocto/rpi-build/tmp/work/x86_64-linux/pkgconfig-native/0.29.2+gitAUTOINC+d97db4fae4-r0/recipe-sysroot-native/usr/include -L/home/ubuntu/yocto/rpi-build/tmp/work/x86_64-linux/pkgconfig-native/0.29.2+gitAUTOINC+d97db4fae4-r0/recipe-sysroot-native/usr/lib                         -L/home/ubuntu/yocto/rpi-build/tmp/work/x86_64-linux/pkgconfig-native/0.29.2+gitAUTOINC+d97db4fae4-r0/recipe-sysroot-native/lib                         -Wl,--enable-new-dtags                         -Wl,-rpath-link,/home/ubuntu/yocto/rpi-build/tmp/work/x86_64-linux/pkgconfig-native/0.29.2+gitAUTOINC+d97db4fae4-r0/recipe-sysroot-native/usr/lib                         -Wl,-rpath-link,/home/ubuntu/yocto/rpi-build/tmp/work/x86_64-linux/pkgconfig-native/0.29.2+gitAUTOINC+d97db4fae4-r0/recipe-sysroot-native/lib                         -Wl,-rpath,/home/ubuntu/yocto/rpi-build/tmp/work/x86_64-linux/pkgconfig-native/0.29.2+gitAUTOINC+d97db4fae4-r0/recipe-sysroot-native/usr/lib                         -Wl,-rpath,/home/ubuntu/yocto/rpi-build/tmp/work/x86_64-linux/pkgconfig-native/0.29.2+gitAUTOINC+d97db4fae4-r0/recipe-sysroot-native/lib                         -Wl,-O1 -Wl,--allow-shlib-undefined -Wl,--dynamic-linker=/home/ubuntu/yocto/rpi-build/tmp/sysroots-uninative/x86_64-linux/lib/ld-linux-x86-64.so.2 conftest.c  >&5
configure:23746: $? = 0
configure:23766: result: none required
configure:23839: checking for struct dirent.d_type
configure:23839: gcc  -c -isystem/home/ubuntu/yocto/rpi-build/tmp/work/x86_64-linux/pkgconfig-native/0.29.2+gitAUTOINC+d97db4fae4-r0/recipe-sysroot-native/usr/include -O2 -pipe -isystem/home/ubuntu/yocto/rpi-build/tmp/work/x86_64-linux/pkgconfig-native/0.29.2+gitAUTOINC+d97db4fae4-r0/recipe-sysroot-native/usr/include conftest.c >&5
configure:23839: $? = 0
configure:23839: result: yes
configure:23869: checking for nl_langinfo and CODESET
configure:23886: gcc  -o conftest -isystem/home/ubuntu/yocto/rpi-build/tmp/work/x86_64-linux/pkgconfig-native/0.29.2+gitAUTOINC+d97db4fae4-r0/recipe-sysroot-native/usr/include -O2 -pipe -isystem/home/ubuntu/yocto/rpi-build/tmp/work/x86_64-linux/pkgconfig-native/0.29.2+gitAUTOINC+d97db4fae4-r0/recipe-sysroot-native/usr/include -L/home/ubuntu/yocto/rpi-build/tmp/work/x86_64-linux/pkgconfig-native/0.29.2+gitAUTOINC+d97db4fae4-r0/recipe-sysroot-native/usr/lib                         -L/home/ubuntu/yocto/rpi-build/tmp/work/x86_64-linux/pkgconfig-native/0.29.2+gitAUTOINC+d97db4fae4-r0/recipe-sysroot-native/lib                         -Wl,--enable-new-dtags                         -Wl,-rpath-link,/home/ubuntu/yocto/rpi-build/tmp/work/x86_64-linux/pkgconfig-native/0.29.2+gitAUTOINC+d97db4fae4-r0/recipe-sysroot-native/usr/lib                         -Wl,-rpath-link,/home/ubuntu/yocto/rpi-build/tmp/work/x86_64-linux/pkgconfig-native/0.29.2+gitAUTOINC+d97db4fae4-r0/recipe-sysroot-native/lib                         -Wl,-rpath,/home/ubuntu/yocto/rpi-build/tmp/work/x86_64-linux/pkgconfig-native/0.29.2+gitAUTOINC+d97db4fae4-r0/recipe-sysroot-native/usr/lib                         -Wl,-rpath,/home/ubuntu/yocto/rpi-build/tmp/work/x86_64-linux/pkgconfig-native/0.29.2+gitAUTOINC+d97db4fae4-r0/recipe-sysroot-native/lib                         -Wl,-O1 -Wl,--allow-shlib-undefined -Wl,--dynamic-linker=/home/ubuntu/yocto/rpi-build/tmp/sysroots-uninative/x86_64-linux/lib/ld-linux-x86-64.so.2 conftest.c  >&5
configure:23886: $? = 0
configure:23896: result: yes
configure:23904: checking for stddef.h
configure:23904: gcc  -c -isystem/home/ubuntu/yocto/rpi-build/tmp/work/x86_64-linux/pkgconfig-native/0.29.2+gitAUTOINC+d97db4fae4-r0/recipe-sysroot-native/usr/include -O2 -pipe -isystem/home/ubuntu/yocto/rpi-build/tmp/work/x86_64-linux/pkgconfig-native/0.29.2+gitAUTOINC+d97db4fae4-r0/recipe-sysroot-native/usr/include conftest.c >&5
configure:23904: $? = 0
configure:23904: result: yes
configure:23910: checking for stdlib.h
configure:23910: result: yes
configure:23916: checking for string.h
configure:23916: result: yes
configure:23923: checking for setlocale
configure:23923: gcc  -o conftest -isystem/home/ubuntu/yocto/rpi-build/tmp/work/x86_64-linux/pkgconfig-native/0.29.2+gitAUTOINC+d97db4fae4-r0/recipe-sysroot-native/usr/include -O2 -pipe -isystem/home/ubuntu/yocto/rpi-build/tmp/work/x86_64-linux/pkgconfig-native/0.29.2+gitAUTOINC+d97db4fae4-r0/recipe-sysroot-native/usr/include -L/home/ubuntu/yocto/rpi-build/tmp/work/x86_64-linux/pkgconfig-native/0.29.2+gitAUTOINC+d97db4fae4-r0/recipe-sysroot-native/usr/lib                         -L/home/ubuntu/yocto/rpi-build/tmp/work/x86_64-linux/pkgconfig-native/0.29.2+gitAUTOINC+d97db4fae4-r0/recipe-sysroot-native/lib                         -Wl,--enable-new-dtags                         -Wl,-rpath-link,/home/ubuntu/yocto/rpi-build/tmp/work/x86_64-linux/pkgconfig-native/0.29.2+gitAUTOINC+d97db4fae4-r0/recipe-sysroot-native/usr/lib                         -Wl,-rpath-link,/home/ubuntu/yocto/rpi-build/tmp/work/x86_64-linux/pkgconfig-native/0.29.2+gitAUTOINC+d97db4fae4-r0/recipe-sysroot-native/lib                         -Wl,-rpath,/home/ubuntu/yocto/rpi-build/tmp/work/x86_64-linux/pkgconfig-native/0.29.2+gitAUTOINC+d97db4fae4-r0/recipe-sysroot-native/usr/lib                         -Wl,-rpath,/home/ubuntu/yocto/rpi-build/tmp/work/x86_64-linux/pkgconfig-native/0.29.2+gitAUTOINC+d97db4fae4-r0/recipe-sysroot-native/lib                         -Wl,-O1 -Wl,--allow-shlib-undefined -Wl,--dynamic-linker=/home/ubuntu/yocto/rpi-build/tmp/sysroots-uninative/x86_64-linux/lib/ld-linux-x86-64.so.2 conftest.c  >&5
configure:23923: $? = 0
configure:23923: result: yes
configure:23931: checking whether we are using the GNU C Library 2.1 or newer
configure:23960: result: yes
configure:23972: checking size of size_t
configure:23993: result: 8
configure:24002: checking for the appropriate definition for size_t
configure:24113: result: unsigned long
configure:24120: checking size of ssize_t
configure:24126: gcc  -o conftest -isystem/home/ubuntu/yocto/rpi-build/tmp/work/x86_64-linux/pkgconfig-native/0.29.2+gitAUTOINC+d97db4fae4-r0/recipe-sysroot-native/usr/include -O2 -pipe -isystem/home/ubuntu/yocto/rpi-build/tmp/work/x86_64-linux/pkgconfig-native/0.29.2+gitAUTOINC+d97db4fae4-r0/recipe-sysroot-native/usr/include -L/home/ubuntu/yocto/rpi-build/tmp/work/x86_64-linux/pkgconfig-native/0.29.2+gitAUTOINC+d97db4fae4-r0/recipe-sysroot-native/usr/lib                         -L/home/ubuntu/yocto/rpi-build/tmp/work/x86_64-linux/pkgconfig-native/0.29.2+gitAUTOINC+d97db4fae4-r0/recipe-sysroot-native/lib                         -Wl,--enable-new-dtags                         -Wl,-rpath-link,/home/ubuntu/yocto/rpi-build/tmp/work/x86_64-linux/pkgconfig-native/0.29.2+gitAUTOINC+d97db4fae4-r0/recipe-sysroot-native/usr/lib                         -Wl,-rpath-link,/home/ubuntu/yocto/rpi-build/tmp/work/x86_64-linux/pkgconfig-native/0.29.2+gitAUTOINC+d97db4fae4-r0/recipe-sysroot-native/lib                         -Wl,-rpath,/home/ubuntu/yocto/rpi-build/tmp/work/x86_64-linux/pkgconfig-native/0.29.2+gitAUTOINC+d97db4fae4-r0/recipe-sysroot-native/usr/lib                         -Wl,-rpath,/home/ubuntu/yocto/rpi-build/tmp/work/x86_64-linux/pkgconfig-native/0.29.2+gitAUTOINC+d97db4fae4-r0/recipe-sysroot-native/lib                         -Wl,-O1 -Wl,--allow-shlib-undefined -Wl,--dynamic-linker=/home/ubuntu/yocto/rpi-build/tmp/sysroots-uninative/x86_64-linux/lib/ld-linux-x86-64.so.2 conftest.c  >&5
configure:24126: $? = 0
configure:24126: ./conftest
configure:24126: $? = 0
configure:24141: result: 8
configure:24150: checking for the appropriate definition for ssize_t
configure:24285: result: long
configure:24289: checking for lstat
configure:24289: gcc  -o conftest -isystem/home/ubuntu/yocto/rpi-build/tmp/work/x86_64-linux/pkgconfig-native/0.29.2+gitAUTOINC+d97db4fae4-r0/recipe-sysroot-native/usr/include -O2 -pipe -isystem/home/ubuntu/yocto/rpi-build/tmp/work/x86_64-linux/pkgconfig-native/0.29.2+gitAUTOINC+d97db4fae4-r0/recipe-sysroot-native/usr/include -L/home/ubuntu/yocto/rpi-build/tmp/work/x86_64-linux/pkgconfig-native/0.29.2+gitAUTOINC+d97db4fae4-r0/recipe-sysroot-native/usr/lib                         -L/home/ubuntu/yocto/rpi-build/tmp/work/x86_64-linux/pkgconfig-native/0.29.2+gitAUTOINC+d97db4fae4-r0/recipe-sysroot-native/lib                         -Wl,--enable-new-dtags                         -Wl,-rpath-link,/home/ubuntu/yocto/rpi-build/tmp/work/x86_64-linux/pkgconfig-native/0.29.2+gitAUTOINC+d97db4fae4-r0/recipe-sysroot-native/usr/lib                         -Wl,-rpath-link,/home/ubuntu/yocto/rpi-build/tmp/work/x86_64-linux/pkgconfig-native/0.29.2+gitAUTOINC+d97db4fae4-r0/recipe-sysroot-native/lib                         -Wl,-rpath,/home/ubuntu/yocto/rpi-build/tmp/work/x86_64-linux/pkgconfig-native/0.29.2+gitAUTOINC+d97db4fae4-r0/recipe-sysroot-native/usr/lib                         -Wl,-rpath,/home/ubuntu/yocto/rpi-build/tmp/work/x86_64-linux/pkgconfig-native/0.29.2+gitAUTOINC+d97db4fae4-r0/recipe-sysroot-native/lib                         -Wl,-O1 -Wl,--allow-shlib-undefined -Wl,--dynamic-linker=/home/ubuntu/yocto/rpi-build/tmp/sysroots-uninative/x86_64-linux/lib/ld-linux-x86-64.so.2 conftest.c  >&5
configure:24289: $? = 0
configure:24289: result: yes
configure:24295: checking for strerror
configure:24295: result: yes
configure:24301: checking for strsignal
configure:24301: gcc  -o conftest -isystem/home/ubuntu/yocto/rpi-build/tmp/work/x86_64-linux/pkgconfig-native/0.29.2+gitAUTOINC+d97db4fae4-r0/recipe-sysroot-native/usr/include -O2 -pipe -isystem/home/ubuntu/yocto/rpi-build/tmp/work/x86_64-linux/pkgconfig-native/0.29.2+gitAUTOINC+d97db4fae4-r0/recipe-sysroot-native/usr/include -L/home/ubuntu/yocto/rpi-build/tmp/work/x86_64-linux/pkgconfig-native/0.29.2+gitAUTOINC+d97db4fae4-r0/recipe-sysroot-native/usr/lib                         -L/home/ubuntu/yocto/rpi-build/tmp/work/x86_64-linux/pkgconfig-native/0.29.2+gitAUTOINC+d97db4fae4-r0/recipe-sysroot-native/lib                         -Wl,--enable-new-dtags                         -Wl,-rpath-link,/home/ubuntu/yocto/rpi-build/tmp/work/x86_64-linux/pkgconfig-native/0.29.2+gitAUTOINC+d97db4fae4-r0/recipe-sysroot-native/usr/lib                         -Wl,-rpath-link,/home/ubuntu/yocto/rpi-build/tmp/work/x86_64-linux/pkgconfig-native/0.29.2+gitAUTOINC+d97db4fae4-r0/recipe-sysroot-native/lib                         -Wl,-rpath,/home/ubuntu/yocto/rpi-build/tmp/work/x86_64-linux/pkgconfig-native/0.29.2+gitAUTOINC+d97db4fae4-r0/recipe-sysroot-native/usr/lib                         -Wl,-rpath,/home/ubuntu/yocto/rpi-build/tmp/work/x86_64-linux/pkgconfig-native/0.29.2+gitAUTOINC+d97db4fae4-r0/recipe-sysroot-native/lib                         -Wl,-O1 -Wl,--allow-shlib-undefined -Wl,--dynamic-linker=/home/ubuntu/yocto/rpi-build/tmp/sysroots-uninative/x86_64-linux/lib/ld-linux-x86-64.so.2 conftest.c  >&5
configure:24301: $? = 0
configure:24301: result: yes
configure:24307: checking for memmove
configure:24307: gcc  -o conftest -isystem/home/ubuntu/yocto/rpi-build/tmp/work/x86_64-linux/pkgconfig-native/0.29.2+gitAUTOINC+d97db4fae4-r0/recipe-sysroot-native/usr/include -O2 -pipe -isystem/home/ubuntu/yocto/rpi-build/tmp/work/x86_64-linux/pkgconfig-native/0.29.2+gitAUTOINC+d97db4fae4-r0/recipe-sysroot-native/usr/include -L/home/ubuntu/yocto/rpi-build/tmp/work/x86_64-linux/pkgconfig-native/0.29.2+gitAUTOINC+d97db4fae4-r0/recipe-sysroot-native/usr/lib                         -L/home/ubuntu/yocto/rpi-build/tmp/work/x86_64-linux/pkgconfig-native/0.29.2+gitAUTOINC+d97db4fae4-r0/recipe-sysroot-native/lib                         -Wl,--enable-new-dtags                         -Wl,-rpath-link,/home/ubuntu/yocto/rpi-build/tmp/work/x86_64-linux/pkgconfig-native/0.29.2+gitAUTOINC+d97db4fae4-r0/recipe-sysroot-native/usr/lib                         -Wl,-rpath-link,/home/ubuntu/yocto/rpi-build/tmp/work/x86_64-linux/pkgconfig-native/0.29.2+gitAUTOINC+d97db4fae4-r0/recipe-sysroot-native/lib                         -Wl,-rpath,/home/ubuntu/yocto/rpi-build/tmp/work/x86_64-linux/pkgconfig-native/0.29.2+gitAUTOINC+d97db4fae4-r0/recipe-sysroot-native/usr/lib                         -Wl,-rpath,/home/ubuntu/yocto/rpi-build/tmp/work/x86_64-linux/pkgconfig-native/0.29.2+gitAUTOINC+d97db4fae4-r0/recipe-sysroot-native/lib                         -Wl,-O1 -Wl,--allow-shlib-undefined -Wl,--dynamic-linker=/home/ubuntu/yocto/rpi-build/tmp/sysroots-uninative/x86_64-linux/lib/ld-linux-x86-64.so.2 conftest.c  >&5
conftest.c:134:6: warning: conflicting types for built-in function 'memmove'; expected 'void *(void *, const void *, long unsigned int)' [-Wbuiltin-declaration-mismatch]
  134 | char memmove (void);
      |      ^~~~~~~
conftest.c:126:1: note: 'memmove' is declared in header '<string.h>'
  125 | #include <limits.h>
  126 | #undef memmove
configure:24307: $? = 0
configure:24307: result: yes
configure:24313: checking for vsnprintf
configure:24313: gcc  -o conftest -isystem/home/ubuntu/yocto/rpi-build/tmp/work/x86_64-linux/pkgconfig-native/0.29.2+gitAUTOINC+d97db4fae4-r0/recipe-sysroot-native/usr/include -O2 -pipe -isystem/home/ubuntu/yocto/rpi-build/tmp/work/x86_64-linux/pkgconfig-native/0.29.2+gitAUTOINC+d97db4fae4-r0/recipe-sysroot-native/usr/include -L/home/ubuntu/yocto/rpi-build/tmp/work/x86_64-linux/pkgconfig-native/0.29.2+gitAUTOINC+d97db4fae4-r0/recipe-sysroot-native/usr/lib                         -L/home/ubuntu/yocto/rpi-build/tmp/work/x86_64-linux/pkgconfig-native/0.29.2+gitAUTOINC+d97db4fae4-r0/recipe-sysroot-native/lib                         -Wl,--enable-new-dtags                         -Wl,-rpath-link,/home/ubuntu/yocto/rpi-build/tmp/work/x86_64-linux/pkgconfig-native/0.29.2+gitAUTOINC+d97db4fae4-r0/recipe-sysroot-native/usr/lib                         -Wl,-rpath-link,/home/ubuntu/yocto/rpi-build/tmp/work/x86_64-linux/pkgconfig-native/0.29.2+gitAUTOINC+d97db4fae4-r0/recipe-sysroot-native/lib                         -Wl,-rpath,/home/ubuntu/yocto/rpi-build/tmp/work/x86_64-linux/pkgconfig-native/0.29.2+gitAUTOINC+d97db4fae4-r0/recipe-sysroot-native/usr/lib                         -Wl,-rpath,/home/ubuntu/yocto/rpi-build/tmp/work/x86_64-linux/pkgconfig-native/0.29.2+gitAUTOINC+d97db4fae4-r0/recipe-sysroot-native/lib                         -Wl,-O1 -Wl,--allow-shlib-undefined -Wl,--dynamic-linker=/home/ubuntu/yocto/rpi-build/tmp/sysroots-uninative/x86_64-linux/lib/ld-linux-x86-64.so.2 conftest.c  >&5
conftest.c:135:6: warning: conflicting types for built-in function 'vsnprintf'; expected 'int(char *, long unsigned int,  const char *, __va_list_tag *)' [-Wbuiltin-declaration-mismatch]
  135 | char vsnprintf (void);
      |      ^~~~~~~~~
conftest.c:127:1: note: 'vsnprintf' is declared in header '<stdio.h>'
  126 | #include <limits.h>
  127 | #undef vsnprintf
configure:24313: $? = 0
configure:24313: result: yes
configure:24319: checking for stpcpy
configure:24319: gcc  -o conftest -isystem/home/ubuntu/yocto/rpi-build/tmp/work/x86_64-linux/pkgconfig-native/0.29.2+gitAUTOINC+d97db4fae4-r0/recipe-sysroot-native/usr/include -O2 -pipe -isystem/home/ubuntu/yocto/rpi-build/tmp/work/x86_64-linux/pkgconfig-native/0.29.2+gitAUTOINC+d97db4fae4-r0/recipe-sysroot-native/usr/include -L/home/ubuntu/yocto/rpi-build/tmp/work/x86_64-linux/pkgconfig-native/0.29.2+gitAUTOINC+d97db4fae4-r0/recipe-sysroot-native/usr/lib                         -L/home/ubuntu/yocto/rpi-build/tmp/work/x86_64-linux/pkgconfig-native/0.29.2+gitAUTOINC+d97db4fae4-r0/recipe-sysroot-native/lib                         -Wl,--enable-new-dtags                         -Wl,-rpath-link,/home/ubuntu/yocto/rpi-build/tmp/work/x86_64-linux/pkgconfig-native/0.29.2+gitAUTOINC+d97db4fae4-r0/recipe-sysroot-native/usr/lib                         -Wl,-rpath-link,/home/ubuntu/yocto/rpi-build/tmp/work/x86_64-linux/pkgconfig-native/0.29.2+gitAUTOINC+d97db4fae4-r0/recipe-sysroot-native/lib                         -Wl,-rpath,/home/ubuntu/yocto/rpi-build/tmp/work/x86_64-linux/pkgconfig-native/0.29.2+gitAUTOINC+d97db4fae4-r0/recipe-sysroot-native/usr/lib                         -Wl,-rpath,/home/ubuntu/yocto/rpi-build/tmp/work/x86_64-linux/pkgconfig-native/0.29.2+gitAUTOINC+d97db4fae4-r0/recipe-sysroot-native/lib                         -Wl,-O1 -Wl,--allow-shlib-undefined -Wl,--dynamic-linker=/home/ubuntu/yocto/rpi-build/tmp/sysroots-uninative/x86_64-linux/lib/ld-linux-x86-64.so.2 conftest.c  >&5
conftest.c:136:6: warning: conflicting types for built-in function 'stpcpy'; expected 'char *(char *, const char *)' [-Wbuiltin-declaration-mismatch]
  136 | char stpcpy (void);
      |      ^~~~~~
configure:24319: $? = 0
configure:24319: result: yes
configure:24325: checking for strcasecmp
configure:24325: gcc  -o conftest -isystem/home/ubuntu/yocto/rpi-build/tmp/work/x86_64-linux/pkgconfig-native/0.29.2+gitAUTOINC+d97db4fae4-r0/recipe-sysroot-native/usr/include -O2 -pipe -isystem/home/ubuntu/yocto/rpi-build/tmp/work/x86_64-linux/pkgconfig-native/0.29.2+gitAUTOINC+d97db4fae4-r0/recipe-sysroot-native/usr/include -L/home/ubuntu/yocto/rpi-build/tmp/work/x86_64-linux/pkgconfig-native/0.29.2+gitAUTOINC+d97db4fae4-r0/recipe-sysroot-native/usr/lib                         -L/home/ubuntu/yocto/rpi-build/tmp/work/x86_64-linux/pkgconfig-native/0.29.2+gitAUTOINC+d97db4fae4-r0/recipe-sysroot-native/lib                         -Wl,--enable-new-dtags                         -Wl,-rpath-link,/home/ubuntu/yocto/rpi-build/tmp/work/x86_64-linux/pkgconfig-native/0.29.2+gitAUTOINC+d97db4fae4-r0/recipe-sysroot-native/usr/lib                         -Wl,-rpath-link,/home/ubuntu/yocto/rpi-build/tmp/work/x86_64-linux/pkgconfig-native/0.29.2+gitAUTOINC+d97db4fae4-r0/recipe-sysroot-native/lib                         -Wl,-rpath,/home/ubuntu/yocto/rpi-build/tmp/work/x86_64-linux/pkgconfig-native/0.29.2+gitAUTOINC+d97db4fae4-r0/recipe-sysroot-native/usr/lib                         -Wl,-rpath,/home/ubuntu/yocto/rpi-build/tmp/work/x86_64-linux/pkgconfig-native/0.29.2+gitAUTOINC+d97db4fae4-r0/recipe-sysroot-native/lib                         -Wl,-O1 -Wl,--allow-shlib-undefined -Wl,--dynamic-linker=/home/ubuntu/yocto/rpi-build/tmp/sysroots-uninative/x86_64-linux/lib/ld-linux-x86-64.so.2 conftest.c  >&5
conftest.c:137:6: warning: conflicting types for built-in function 'strcasecmp'; expected 'int(const char *, const char *)' [-Wbuiltin-declaration-mismatch]
  137 | char strcasecmp (void);
      |      ^~~~~~~~~~
configure:24325: $? = 0
configure:24325: result: yes
configure:24331: checking for strncasecmp
configure:24331: gcc  -o conftest -isystem/home/ubuntu/yocto/rpi-build/tmp/work/x86_64-linux/pkgconfig-native/0.29.2+gitAUTOINC+d97db4fae4-r0/recipe-sysroot-native/usr/include -O2 -pipe -isystem/home/ubuntu/yocto/rpi-build/tmp/work/x86_64-linux/pkgconfig-native/0.29.2+gitAUTOINC+d97db4fae4-r0/recipe-sysroot-native/usr/include -L/home/ubuntu/yocto/rpi-build/tmp/work/x86_64-linux/pkgconfig-native/0.29.2+gitAUTOINC+d97db4fae4-r0/recipe-sysroot-native/usr/lib                         -L/home/ubuntu/yocto/rpi-build/tmp/work/x86_64-linux/pkgconfig-native/0.29.2+gitAUTOINC+d97db4fae4-r0/recipe-sysroot-native/lib                         -Wl,--enable-new-dtags                         -Wl,-rpath-link,/home/ubuntu/yocto/rpi-build/tmp/work/x86_64-linux/pkgconfig-native/0.29.2+gitAUTOINC+d97db4fae4-r0/recipe-sysroot-native/usr/lib                         -Wl,-rpath-link,/home/ubuntu/yocto/rpi-build/tmp/work/x86_64-linux/pkgconfig-native/0.29.2+gitAUTOINC+d97db4fae4-r0/recipe-sysroot-native/lib                         -Wl,-rpath,/home/ubuntu/yocto/rpi-build/tmp/work/x86_64-linux/pkgconfig-native/0.29.2+gitAUTOINC+d97db4fae4-r0/recipe-sysroot-native/usr/lib                         -Wl,-rpath,/home/ubuntu/yocto/rpi-build/tmp/work/x86_64-linux/pkgconfig-native/0.29.2+gitAUTOINC+d97db4fae4-r0/recipe-sysroot-native/lib                         -Wl,-O1 -Wl,--allow-shlib-undefined -Wl,--dynamic-linker=/home/ubuntu/yocto/rpi-build/tmp/sysroots-uninative/x86_64-linux/lib/ld-linux-x86-64.so.2 conftest.c  >&5
conftest.c:138:6: warning: conflicting types for built-in function 'strncasecmp'; expected 'int(const char *, const char *, long unsigned int)' [-Wbuiltin-declaration-mismatch]
  138 | char strncasecmp (void);
      |      ^~~~~~~~~~~
configure:24331: $? = 0
configure:24331: result: yes
configure:24337: checking for poll
configure:24337: gcc  -o conftest -isystem/home/ubuntu/yocto/rpi-build/tmp/work/x86_64-linux/pkgconfig-native/0.29.2+gitAUTOINC+d97db4fae4-r0/recipe-sysroot-native/usr/include -O2 -pipe -isystem/home/ubuntu/yocto/rpi-build/tmp/work/x86_64-linux/pkgconfig-native/0.29.2+gitAUTOINC+d97db4fae4-r0/recipe-sysroot-native/usr/include -L/home/ubuntu/yocto/rpi-build/tmp/work/x86_64-linux/pkgconfig-native/0.29.2+gitAUTOINC+d97db4fae4-r0/recipe-sysroot-native/usr/lib                         -L/home/ubuntu/yocto/rpi-build/tmp/work/x86_64-linux/pkgconfig-native/0.29.2+gitAUTOINC+d97db4fae4-r0/recipe-sysroot-native/lib                         -Wl,--enable-new-dtags                         -Wl,-rpath-link,/home/ubuntu/yocto/rpi-build/tmp/work/x86_64-linux/pkgconfig-native/0.29.2+gitAUTOINC+d97db4fae4-r0/recipe-sysroot-native/usr/lib                         -Wl,-rpath-link,/home/ubuntu/yocto/rpi-build/tmp/work/x86_64-linux/pkgconfig-native/0.29.2+gitAUTOINC+d97db4fae4-r0/recipe-sysroot-native/lib                         -Wl,-rpath,/home/ubuntu/yocto/rpi-build/tmp/work/x86_64-linux/pkgconfig-native/0.29.2+gitAUTOINC+d97db4fae4-r0/recipe-sysroot-native/usr/lib                         -Wl,-rpath,/home/ubuntu/yocto/rpi-build/tmp/work/x86_64-linux/pkgconfig-native/0.29.2+gitAUTOINC+d97db4fae4-r0/recipe-sysroot-native/lib                         -Wl,-O1 -Wl,--allow-shlib-undefined -Wl,--dynamic-linker=/home/ubuntu/yocto/rpi-build/tmp/sysroots-uninative/x86_64-linux/lib/ld-linux-x86-64.so.2 conftest.c  >&5
configure:24337: $? = 0
configure:24337: result: yes
configure:24343: checking for getcwd
configure:24343: gcc  -o conftest -isystem/home/ubuntu/yocto/rpi-build/tmp/work/x86_64-linux/pkgconfig-native/0.29.2+gitAUTOINC+d97db4fae4-r0/recipe-sysroot-native/usr/include -O2 -pipe -isystem/home/ubuntu/yocto/rpi-build/tmp/work/x86_64-linux/pkgconfig-native/0.29.2+gitAUTOINC+d97db4fae4-r0/recipe-sysroot-native/usr/include -L/home/ubuntu/yocto/rpi-build/tmp/work/x86_64-linux/pkgconfig-native/0.29.2+gitAUTOINC+d97db4fae4-r0/recipe-sysroot-native/usr/lib                         -L/home/ubuntu/yocto/rpi-build/tmp/work/x86_64-linux/pkgconfig-native/0.29.2+gitAUTOINC+d97db4fae4-r0/recipe-sysroot-native/lib                         -Wl,--enable-new-dtags                         -Wl,-rpath-link,/home/ubuntu/yocto/rpi-build/tmp/work/x86_64-linux/pkgconfig-native/0.29.2+gitAUTOINC+d97db4fae4-r0/recipe-sysroot-native/usr/lib                         -Wl,-rpath-link,/home/ubuntu/yocto/rpi-build/tmp/work/x86_64-linux/pkgconfig-native/0.29.2+gitAUTOINC+d97db4fae4-r0/recipe-sysroot-native/lib                         -Wl,-rpath,/home/ubuntu/yocto/rpi-build/tmp/work/x86_64-linux/pkgconfig-native/0.29.2+gitAUTOINC+d97db4fae4-r0/recipe-sysroot-native/usr/lib                         -Wl,-rpath,/home/ubuntu/yocto/rpi-build/tmp/work/x86_64-linux/pkgconfig-native/0.29.2+gitAUTOINC+d97db4fae4-r0/recipe-sysroot-native/lib                         -Wl,-O1 -Wl,--allow-shlib-undefined -Wl,--dynamic-linker=/home/ubuntu/yocto/rpi-build/tmp/sysroots-uninative/x86_64-linux/lib/ld-linux-x86-64.so.2 conftest.c  >&5
configure:24343: $? = 0
configure:24343: result: yes
configure:24349: checking for vasprintf
configure:24349: gcc  -o conftest -isystem/home/ubuntu/yocto/rpi-build/tmp/work/x86_64-linux/pkgconfig-native/0.29.2+gitAUTOINC+d97db4fae4-r0/recipe-sysroot-native/usr/include -O2 -pipe -isystem/home/ubuntu/yocto/rpi-build/tmp/work/x86_64-linux/pkgconfig-native/0.29.2+gitAUTOINC+d97db4fae4-r0/recipe-sysroot-native/usr/include -L/home/ubuntu/yocto/rpi-build/tmp/work/x86_64-linux/pkgconfig-native/0.29.2+gitAUTOINC+d97db4fae4-r0/recipe-sysroot-native/usr/lib                         -L/home/ubuntu/yocto/rpi-build/tmp/work/x86_64-linux/pkgconfig-native/0.29.2+gitAUTOINC+d97db4fae4-r0/recipe-sysroot-native/lib                         -Wl,--enable-new-dtags                         -Wl,-rpath-link,/home/ubuntu/yocto/rpi-build/tmp/work/x86_64-linux/pkgconfig-native/0.29.2+gitAUTOINC+d97db4fae4-r0/recipe-sysroot-native/usr/lib                         -Wl,-rpath-link,/home/ubuntu/yocto/rpi-build/tmp/work/x86_64-linux/pkgconfig-native/0.29.2+gitAUTOINC+d97db4fae4-r0/recipe-sysroot-native/lib                         -Wl,-rpath,/home/ubuntu/yocto/rpi-build/tmp/work/x86_64-linux/pkgconfig-native/0.29.2+gitAUTOINC+d97db4fae4-r0/recipe-sysroot-native/usr/lib                         -Wl,-rpath,/home/ubuntu/yocto/rpi-build/tmp/work/x86_64-linux/pkgconfig-native/0.29.2+gitAUTOINC+d97db4fae4-r0/recipe-sysroot-native/lib                         -Wl,-O1 -Wl,--allow-shlib-undefined -Wl,--dynamic-linker=/home/ubuntu/yocto/rpi-build/tmp/sysroots-uninative/x86_64-linux/lib/ld-linux-x86-64.so.2 conftest.c  >&5
configure:24349: $? = 0
configure:24349: result: yes
configure:24355: checking for setenv
configure:24355: gcc  -o conftest -isystem/home/ubuntu/yocto/rpi-build/tmp/work/x86_64-linux/pkgconfig-native/0.29.2+gitAUTOINC+d97db4fae4-r0/recipe-sysroot-native/usr/include -O2 -pipe -isystem/home/ubuntu/yocto/rpi-build/tmp/work/x86_64-linux/pkgconfig-native/0.29.2+gitAUTOINC+d97db4fae4-r0/recipe-sysroot-native/usr/include -L/home/ubuntu/yocto/rpi-build/tmp/work/x86_64-linux/pkgconfig-native/0.29.2+gitAUTOINC+d97db4fae4-r0/recipe-sysroot-native/usr/lib                         -L/home/ubuntu/yocto/rpi-build/tmp/work/x86_64-linux/pkgconfig-native/0.29.2+gitAUTOINC+d97db4fae4-r0/recipe-sysroot-native/lib                         -Wl,--enable-new-dtags                         -Wl,-rpath-link,/home/ubuntu/yocto/rpi-build/tmp/work/x86_64-linux/pkgconfig-native/0.29.2+gitAUTOINC+d97db4fae4-r0/recipe-sysroot-native/usr/lib                         -Wl,-rpath-link,/home/ubuntu/yocto/rpi-build/tmp/work/x86_64-linux/pkgconfig-native/0.29.2+gitAUTOINC+d97db4fae4-r0/recipe-sysroot-native/lib                         -Wl,-rpath,/home/ubuntu/yocto/rpi-build/tmp/work/x86_64-linux/pkgconfig-native/0.29.2+gitAUTOINC+d97db4fae4-r0/recipe-sysroot-native/usr/lib                         -Wl,-rpath,/home/ubuntu/yocto/rpi-build/tmp/work/x86_64-linux/pkgconfig-native/0.29.2+gitAUTOINC+d97db4fae4-r0/recipe-sysroot-native/lib                         -Wl,-O1 -Wl,--allow-shlib-undefined -Wl,--dynamic-linker=/home/ubuntu/yocto/rpi-build/tmp/sysroots-uninative/x86_64-linux/lib/ld-linux-x86-64.so.2 conftest.c  >&5
configure:24355: $? = 0
configure:24355: result: yes
configure:24361: checking for unsetenv
configure:24361: gcc  -o conftest -isystem/home/ubuntu/yocto/rpi-build/tmp/work/x86_64-linux/pkgconfig-native/0.29.2+gitAUTOINC+d97db4fae4-r0/recipe-sysroot-native/usr/include -O2 -pipe -isystem/home/ubuntu/yocto/rpi-build/tmp/work/x86_64-linux/pkgconfig-native/0.29.2+gitAUTOINC+d97db4fae4-r0/recipe-sysroot-native/usr/include -L/home/ubuntu/yocto/rpi-build/tmp/work/x86_64-linux/pkgconfig-native/0.29.2+gitAUTOINC+d97db4fae4-r0/recipe-sysroot-native/usr/lib                         -L/home/ubuntu/yocto/rpi-build/tmp/work/x86_64-linux/pkgconfig-native/0.29.2+gitAUTOINC+d97db4fae4-r0/recipe-sysroot-native/lib                         -Wl,--enable-new-dtags                         -Wl,-rpath-link,/home/ubuntu/yocto/rpi-build/tmp/work/x86_64-linux/pkgconfig-native/0.29.2+gitAUTOINC+d97db4fae4-r0/recipe-sysroot-native/usr/lib                         -Wl,-rpath-link,/home/ubuntu/yocto/rpi-build/tmp/work/x86_64-linux/pkgconfig-native/0.29.2+gitAUTOINC+d97db4fae4-r0/recipe-sysroot-native/lib                         -Wl,-rpath,/home/ubuntu/yocto/rpi-build/tmp/work/x86_64-linux/pkgconfig-native/0.29.2+gitAUTOINC+d97db4fae4-r0/recipe-sysroot-native/usr/lib                         -Wl,-rpath,/home/ubuntu/yocto/rpi-build/tmp/work/x86_64-linux/pkgconfig-native/0.29.2+gitAUTOINC+d97db4fae4-r0/recipe-sysroot-native/lib                         -Wl,-O1 -Wl,--allow-shlib-undefined -Wl,--dynamic-linker=/home/ubuntu/yocto/rpi-build/tmp/sysroots-uninative/x86_64-linux/lib/ld-linux-x86-64.so.2 conftest.c  >&5
configure:24361: $? = 0
configure:24361: result: yes
configure:24367: checking for getc_unlocked
configure:24367: gcc  -o conftest -isystem/home/ubuntu/yocto/rpi-build/tmp/work/x86_64-linux/pkgconfig-native/0.29.2+gitAUTOINC+d97db4fae4-r0/recipe-sysroot-native/usr/include -O2 -pipe -isystem/home/ubuntu/yocto/rpi-build/tmp/work/x86_64-linux/pkgconfig-native/0.29.2+gitAUTOINC+d97db4fae4-r0/recipe-sysroot-native/usr/include -L/home/ubuntu/yocto/rpi-build/tmp/work/x86_64-linux/pkgconfig-native/0.29.2+gitAUTOINC+d97db4fae4-r0/recipe-sysroot-native/usr/lib                         -L/home/ubuntu/yocto/rpi-build/tmp/work/x86_64-linux/pkgconfig-native/0.29.2+gitAUTOINC+d97db4fae4-r0/recipe-sysroot-native/lib                         -Wl,--enable-new-dtags                         -Wl,-rpath-link,/home/ubuntu/yocto/rpi-build/tmp/work/x86_64-linux/pkgconfig-native/0.29.2+gitAUTOINC+d97db4fae4-r0/recipe-sysroot-native/usr/lib                         -Wl,-rpath-link,/home/ubuntu/yocto/rpi-build/tmp/work/x86_64-linux/pkgconfig-native/0.29.2+gitAUTOINC+d97db4fae4-r0/recipe-sysroot-native/lib                         -Wl,-rpath,/home/ubuntu/yocto/rpi-build/tmp/work/x86_64-linux/pkgconfig-native/0.29.2+gitAUTOINC+d97db4fae4-r0/recipe-sysroot-native/usr/lib                         -Wl,-rpath,/home/ubuntu/yocto/rpi-build/tmp/work/x86_64-linux/pkgconfig-native/0.29.2+gitAUTOINC+d97db4fae4-r0/recipe-sysroot-native/lib                         -Wl,-O1 -Wl,--allow-shlib-undefined -Wl,--dynamic-linker=/home/ubuntu/yocto/rpi-build/tmp/sysroots-uninative/x86_64-linux/lib/ld-linux-x86-64.so.2 conftest.c  >&5
configure:24367: $? = 0
configure:24367: result: yes
configure:24373: checking for readlink
configure:24373: gcc  -o conftest -isystem/home/ubuntu/yocto/rpi-build/tmp/work/x86_64-linux/pkgconfig-native/0.29.2+gitAUTOINC+d97db4fae4-r0/recipe-sysroot-native/usr/include -O2 -pipe -isystem/home/ubuntu/yocto/rpi-build/tmp/work/x86_64-linux/pkgconfig-native/0.29.2+gitAUTOINC+d97db4fae4-r0/recipe-sysroot-native/usr/include -L/home/ubuntu/yocto/rpi-build/tmp/work/x86_64-linux/pkgconfig-native/0.29.2+gitAUTOINC+d97db4fae4-r0/recipe-sysroot-native/usr/lib                         -L/home/ubuntu/yocto/rpi-build/tmp/work/x86_64-linux/pkgconfig-native/0.29.2+gitAUTOINC+d97db4fae4-r0/recipe-sysroot-native/lib                         -Wl,--enable-new-dtags                         -Wl,-rpath-link,/home/ubuntu/yocto/rpi-build/tmp/work/x86_64-linux/pkgconfig-native/0.29.2+gitAUTOINC+d97db4fae4-r0/recipe-sysroot-native/usr/lib                         -Wl,-rpath-link,/home/ubuntu/yocto/rpi-build/tmp/work/x86_64-linux/pkgconfig-native/0.29.2+gitAUTOINC+d97db4fae4-r0/recipe-sysroot-native/lib                         -Wl,-rpath,/home/ubuntu/yocto/rpi-build/tmp/work/x86_64-linux/pkgconfig-native/0.29.2+gitAUTOINC+d97db4fae4-r0/recipe-sysroot-native/usr/lib                         -Wl,-rpath,/home/ubuntu/yocto/rpi-build/tmp/work/x86_64-linux/pkgconfig-native/0.29.2+gitAUTOINC+d97db4fae4-r0/recipe-sysroot-native/lib                         -Wl,-O1 -Wl,--allow-shlib-undefined -Wl,--dynamic-linker=/home/ubuntu/yocto/rpi-build/tmp/sysroots-uninative/x86_64-linux/lib/ld-linux-x86-64.so.2 conftest.c  >&5
configure:24373: $? = 0
configure:24373: result: yes
configure:24379: checking for symlink
configure:24379: gcc  -o conftest -isystem/home/ubuntu/yocto/rpi-build/tmp/work/x86_64-linux/pkgconfig-native/0.29.2+gitAUTOINC+d97db4fae4-r0/recipe-sysroot-native/usr/include -O2 -pipe -isystem/home/ubuntu/yocto/rpi-build/tmp/work/x86_64-linux/pkgconfig-native/0.29.2+gitAUTOINC+d97db4fae4-r0/recipe-sysroot-native/usr/include -L/home/ubuntu/yocto/rpi-build/tmp/work/x86_64-linux/pkgconfig-native/0.29.2+gitAUTOINC+d97db4fae4-r0/recipe-sysroot-native/usr/lib                         -L/home/ubuntu/yocto/rpi-build/tmp/work/x86_64-linux/pkgconfig-native/0.29.2+gitAUTOINC+d97db4fae4-r0/recipe-sysroot-native/lib                         -Wl,--enable-new-dtags                         -Wl,-rpath-link,/home/ubuntu/yocto/rpi-build/tmp/work/x86_64-linux/pkgconfig-native/0.29.2+gitAUTOINC+d97db4fae4-r0/recipe-sysroot-native/usr/lib                         -Wl,-rpath-link,/home/ubuntu/yocto/rpi-build/tmp/work/x86_64-linux/pkgconfig-native/0.29.2+gitAUTOINC+d97db4fae4-r0/recipe-sysroot-native/lib                         -Wl,-rpath,/home/ubuntu/yocto/rpi-build/tmp/work/x86_64-linux/pkgconfig-native/0.29.2+gitAUTOINC+d97db4fae4-r0/recipe-sysroot-native/usr/lib                         -Wl,-rpath,/home/ubuntu/yocto/rpi-build/tmp/work/x86_64-linux/pkgconfig-native/0.29.2+gitAUTOINC+d97db4fae4-r0/recipe-sysroot-native/lib                         -Wl,-O1 -Wl,--allow-shlib-undefined -Wl,--dynamic-linker=/home/ubuntu/yocto/rpi-build/tmp/sysroots-uninative/x86_64-linux/lib/ld-linux-x86-64.so.2 conftest.c  >&5
configure:24379: $? = 0
configure:24379: result: yes
configure:24385: checking for fdwalk
configure:24385: gcc  -o conftest -isystem/home/ubuntu/yocto/rpi-build/tmp/work/x86_64-linux/pkgconfig-native/0.29.2+gitAUTOINC+d97db4fae4-r0/recipe-sysroot-native/usr/include -O2 -pipe -isystem/home/ubuntu/yocto/rpi-build/tmp/work/x86_64-linux/pkgconfig-native/0.29.2+gitAUTOINC+d97db4fae4-r0/recipe-sysroot-native/usr/include -L/home/ubuntu/yocto/rpi-build/tmp/work/x86_64-linux/pkgconfig-native/0.29.2+gitAUTOINC+d97db4fae4-r0/recipe-sysroot-native/usr/lib                         -L/home/ubuntu/yocto/rpi-build/tmp/work/x86_64-linux/pkgconfig-native/0.29.2+gitAUTOINC+d97db4fae4-r0/recipe-sysroot-native/lib                         -Wl,--enable-new-dtags                         -Wl,-rpath-link,/home/ubuntu/yocto/rpi-build/tmp/work/x86_64-linux/pkgconfig-native/0.29.2+gitAUTOINC+d97db4fae4-r0/recipe-sysroot-native/usr/lib                         -Wl,-rpath-link,/home/ubuntu/yocto/rpi-build/tmp/work/x86_64-linux/pkgconfig-native/0.29.2+gitAUTOINC+d97db4fae4-r0/recipe-sysroot-native/lib                         -Wl,-rpath,/home/ubuntu/yocto/rpi-build/tmp/work/x86_64-linux/pkgconfig-native/0.29.2+gitAUTOINC+d97db4fae4-r0/recipe-sysroot-native/usr/lib                         -Wl,-rpath,/home/ubuntu/yocto/rpi-build/tmp/work/x86_64-linux/pkgconfig-native/0.29.2+gitAUTOINC+d97db4fae4-r0/recipe-sysroot-native/lib                         -Wl,-O1 -Wl,--allow-shlib-undefined -Wl,--dynamic-linker=/home/ubuntu/yocto/rpi-build/tmp/sysroots-uninative/x86_64-linux/lib/ld-linux-x86-64.so.2 conftest.c  >&5
/home/ubuntu/yocto/rpi-build/tmp/hosttools/ld: /tmp/ccoJVJHM.o: in function `main':
conftest.c:(.text.startup+0x9): undefined reference to `fdwalk'
collect2: error: ld returned 1 exit status
configure:24385: $? = 1
configure: failed program was:
| /* confdefs.h */
| #define PACKAGE_NAME "glib"
| #define PACKAGE_TARNAME "glib"
| #define PACKAGE_VERSION "2.38.2"
| #define PACKAGE_STRING "glib 2.38.2"
| #define PACKAGE_BUGREPORT "http://bugzilla.gnome.org/enter_bug.cgi?product=glib"
| #define PACKAGE_URL ""
| #define GLIB_MAJOR_VERSION 2
| #define GLIB_MINOR_VERSION 38
| #define GLIB_MICRO_VERSION 2
| #define GLIB_INTERFACE_AGE 2
| #define GLIB_BINARY_AGE 3802
| #define HAVE_STDIO_H 1
| #define HAVE_STDLIB_H 1
| #define HAVE_STRING_H 1
| #define HAVE_INTTYPES_H 1
| #define HAVE_STDINT_H 1
| #define HAVE_STRINGS_H 1
| #define HAVE_SYS_STAT_H 1
| #define HAVE_SYS_TYPES_H 1
| #define HAVE_UNISTD_H 1
| #define HAVE_WCHAR_H 1
| #define STDC_HEADERS 1
| #define _ALL_SOURCE 1
| #define _DARWIN_C_SOURCE 1
| #define _GNU_SOURCE 1
| #define _HPUX_ALT_XOPEN_SOCKET_API 1
| #define _NETBSD_SOURCE 1
| #define _OPENBSD_SOURCE 1
| #define _POSIX_PTHREAD_SEMANTICS 1
| #define __STDC_WANT_IEC_60559_ATTRIBS_EXT__ 1
| #define __STDC_WANT_IEC_60559_BFP_EXT__ 1
| #define __STDC_WANT_IEC_60559_DFP_EXT__ 1
| #define __STDC_WANT_IEC_60559_FUNCS_EXT__ 1
| #define __STDC_WANT_IEC_60559_TYPES_EXT__ 1
| #define __STDC_WANT_LIB_EXT2__ 1
| #define __STDC_WANT_MATH_SPEC_FUNCS__ 1
| #define _TANDEM_SOURCE 1
| #define __EXTENSIONS__ 1
| #define GETTEXT_PACKAGE "glib20"
| #define GLIB_LOCALE_DIR ""
| #define HAVE_DLFCN_H 1
| #define LT_OBJDIR ".libs/"
| #define HAVE_VPRINTF 1
| #define HAVE_ALLOCA_H 1
| #define HAVE_ALLOCA 1
| #define HAVE_MMAP 1
| #define HAVE_POSIX_MEMALIGN 1
| #define HAVE_MEMALIGN 1
| #define HAVE_VALLOC 1
| #define HAVE_FSYNC 1
| #define HAVE_PIPE2 1
| #define HAVE_ATEXIT 1
| #define HAVE_ON_EXIT 1
| #define HAVE_TIMEGM 1
| #define HAVE_GMTIME_R 1
| #define HAVE_LIBC_ENABLE_SECURE 1
| #define SIZEOF_CHAR 1
| #define SIZEOF_SHORT 2
| #define SIZEOF_LONG 8
| #define SIZEOF_INT 4
| #define SIZEOF_VOID_P 8
| #define SIZEOF_LONG_LONG 8
| #define HAVE_SIG_ATOMIC_T 1
| #define HAVE_LONG_LONG_FORMAT 1
| #define G_HAVE___INLINE 1
| #define G_HAVE___INLINE__ 1
| #define G_HAVE_INLINE 1
| #define HAVE_DOWHILE_MACROS 1
| #define HAVE_DIRENT_H 1
| #define HAVE_FLOAT_H 1
| #define HAVE_LIMITS_H 1
| #define HAVE_PWD_H 1
| #define HAVE_GRP_H 1
| #define HAVE_SYS_PARAM_H 1
| #define HAVE_SYS_POLL_H 1
| #define HAVE_SYS_RESOURCE_H 1
| #define HAVE_SYS_TIME_H 1
| #define HAVE_SYS_TIMES_H 1
| #define HAVE_SYS_WAIT_H 1
| #define HAVE_UNISTD_H 1
| #define HAVE_VALUES_H 1
| #define HAVE_SYS_SELECT_H 1
| #define HAVE_SYS_TYPES_H 1
| #define HAVE_STDINT_H 1
| #define HAVE_INTTYPES_H 1
| #define HAVE_SCHED_H 1
| #define HAVE_MALLOC_H 1
| #define HAVE_SYS_VFS_H 1
| #define HAVE_SYS_STATFS_H 1
| #define HAVE_SYS_STATVFS_H 1
| #define HAVE_MNTENT_H 1
| #define HAVE_FSTAB_H 1
| #define HAVE_SYS_UIO_H 1
| #define HAVE_LINUX_MAGIC_H 1
| #define HAVE_SYS_PRCTL_H 1
| #define HAVE_SYS_MOUNT_H 1
| #define HAVE_STRUCT_STAT_ST_MTIM_TV_NSEC 1
| #define HAVE_STRUCT_STAT_ST_ATIM_TV_NSEC 1
| #define HAVE_STRUCT_STAT_ST_CTIM_TV_NSEC 1
| #define HAVE_STRUCT_STAT_ST_BLKSIZE 1
| #define HAVE_STRUCT_STAT_ST_BLOCKS 1
| #define HAVE_STRUCT_STATFS_F_BAVAIL 1
| #define HAVE_STRUCT_TM_TM_GMTOFF 1
| #define HAVE_DIRENT_H 1
| #define HAVE_STRUCT_DIRENT_D_TYPE 1
| #define HAVE_LANGINFO_CODESET 1
| #define HAVE_STDDEF_H 1
| #define HAVE_STDLIB_H 1
| #define HAVE_STRING_H 1
| #define HAVE_SETLOCALE 1
| #define SIZEOF_SIZE_T 8
| #define SIZEOF_SSIZE_T 8
| #define HAVE_LSTAT 1
| #define HAVE_STRERROR 1
| #define HAVE_STRSIGNAL 1
| #define HAVE_MEMMOVE 1
| #define HAVE_VSNPRINTF 1
| #define HAVE_STPCPY 1
| #define HAVE_STRCASECMP 1
| #define HAVE_STRNCASECMP 1
| #define HAVE_POLL 1
| #define HAVE_GETCWD 1
| #define HAVE_VASPRINTF 1
| #define HAVE_SETENV 1
| #define HAVE_UNSETENV 1
| #define HAVE_GETC_UNLOCKED 1
| #define HAVE_READLINK 1
| #define HAVE_SYMLINK 1
| /* end confdefs.h.  */
| /* Define fdwalk to an innocuous variant, in case <limits.h> declares fdwalk.
|    For example, HP-UX 11i <limits.h> declares gettimeofday.  */
| #define fdwalk innocuous_fdwalk
| 
| /* System header to define __stub macros and hopefully few prototypes,
|    which can conflict with char fdwalk (void); below.  */
| 
| #include <limits.h>
| #undef fdwalk
| 
| /* Override any GCC internal prototype to avoid an error.
|    Use char because int might match the return type of a GCC
|    builtin and then its argument prototype would still apply.  */
| #ifdef __cplusplus
| extern "C"
| #endif
| char fdwalk (void);
| /* The GNU C library defines this for functions which it implements
|     to always fail with ENOSYS.  Some functions are actually named
|     something starting with __ and the normal name is an alias.  */
| #if defined __stub_fdwalk || defined __stub___fdwalk
| choke me
| #endif
| 
| int
| main (void)
| {
| return fdwalk ();
|   ;
|   return 0;
| }
configure:24385: result: no
configure:24391: checking for memmem
configure:24391: gcc  -o conftest -isystem/home/ubuntu/yocto/rpi-build/tmp/work/x86_64-linux/pkgconfig-native/0.29.2+gitAUTOINC+d97db4fae4-r0/recipe-sysroot-native/usr/include -O2 -pipe -isystem/home/ubuntu/yocto/rpi-build/tmp/work/x86_64-linux/pkgconfig-native/0.29.2+gitAUTOINC+d97db4fae4-r0/recipe-sysroot-native/usr/include -L/home/ubuntu/yocto/rpi-build/tmp/work/x86_64-linux/pkgconfig-native/0.29.2+gitAUTOINC+d97db4fae4-r0/recipe-sysroot-native/usr/lib                         -L/home/ubuntu/yocto/rpi-build/tmp/work/x86_64-linux/pkgconfig-native/0.29.2+gitAUTOINC+d97db4fae4-r0/recipe-sysroot-native/lib                         -Wl,--enable-new-dtags                         -Wl,-rpath-link,/home/ubuntu/yocto/rpi-build/tmp/work/x86_64-linux/pkgconfig-native/0.29.2+gitAUTOINC+d97db4fae4-r0/recipe-sysroot-native/usr/lib                         -Wl,-rpath-link,/home/ubuntu/yocto/rpi-build/tmp/work/x86_64-linux/pkgconfig-native/0.29.2+gitAUTOINC+d97db4fae4-r0/recipe-sysroot-native/lib                         -Wl,-rpath,/home/ubuntu/yocto/rpi-build/tmp/work/x86_64-linux/pkgconfig-native/0.29.2+gitAUTOINC+d97db4fae4-r0/recipe-sysroot-native/usr/lib                         -Wl,-rpath,/home/ubuntu/yocto/rpi-build/tmp/work/x86_64-linux/pkgconfig-native/0.29.2+gitAUTOINC+d97db4fae4-r0/recipe-sysroot-native/lib                         -Wl,-O1 -Wl,--allow-shlib-undefined -Wl,--dynamic-linker=/home/ubuntu/yocto/rpi-build/tmp/sysroots-uninative/x86_64-linux/lib/ld-linux-x86-64.so.2 conftest.c  >&5
configure:24391: $? = 0
configure:24391: result: yes
configure:24398: checking for chown
configure:24398: gcc  -o conftest -isystem/home/ubuntu/yocto/rpi-build/tmp/work/x86_64-linux/pkgconfig-native/0.29.2+gitAUTOINC+d97db4fae4-r0/recipe-sysroot-native/usr/include -O2 -pipe -isystem/home/ubuntu/yocto/rpi-build/tmp/work/x86_64-linux/pkgconfig-native/0.29.2+gitAUTOINC+d97db4fae4-r0/recipe-sysroot-native/usr/include -L/home/ubuntu/yocto/rpi-build/tmp/work/x86_64-linux/pkgconfig-native/0.29.2+gitAUTOINC+d97db4fae4-r0/recipe-sysroot-native/usr/lib                         -L/home/ubuntu/yocto/rpi-build/tmp/work/x86_64-linux/pkgconfig-native/0.29.2+gitAUTOINC+d97db4fae4-r0/recipe-sysroot-native/lib                         -Wl,--enable-new-dtags                         -Wl,-rpath-link,/home/ubuntu/yocto/rpi-build/tmp/work/x86_64-linux/pkgconfig-native/0.29.2+gitAUTOINC+d97db4fae4-r0/recipe-sysroot-native/usr/lib                         -Wl,-rpath-link,/home/ubuntu/yocto/rpi-build/tmp/work/x86_64-linux/pkgconfig-native/0.29.2+gitAUTOINC+d97db4fae4-r0/recipe-sysroot-native/lib                         -Wl,-rpath,/home/ubuntu/yocto/rpi-build/tmp/work/x86_64-linux/pkgconfig-native/0.29.2+gitAUTOINC+d97db4fae4-r0/recipe-sysroot-native/usr/lib                         -Wl,-rpath,/home/ubuntu/yocto/rpi-build/tmp/work/x86_64-linux/pkgconfig-native/0.29.2+gitAUTOINC+d97db4fae4-r0/recipe-sysroot-native/lib                         -Wl,-O1 -Wl,--allow-shlib-undefined -Wl,--dynamic-linker=/home/ubuntu/yocto/rpi-build/tmp/sysroots-uninative/x86_64-linux/lib/ld-linux-x86-64.so.2 conftest.c  >&5
configure:24398: $? = 0
configure:24398: result: yes
configure:24404: checking for lchmod
configure:24404: gcc  -o conftest -isystem/home/ubuntu/yocto/rpi-build/tmp/work/x86_64-linux/pkgconfig-native/0.29.2+gitAUTOINC+d97db4fae4-r0/recipe-sysroot-native/usr/include -O2 -pipe -isystem/home/ubuntu/yocto/rpi-build/tmp/work/x86_64-linux/pkgconfig-native/0.29.2+gitAUTOINC+d97db4fae4-r0/recipe-sysroot-native/usr/include -L/home/ubuntu/yocto/rpi-build/tmp/work/x86_64-linux/pkgconfig-native/0.29.2+gitAUTOINC+d97db4fae4-r0/recipe-sysroot-native/usr/lib                         -L/home/ubuntu/yocto/rpi-build/tmp/work/x86_64-linux/pkgconfig-native/0.29.2+gitAUTOINC+d97db4fae4-r0/recipe-sysroot-native/lib                         -Wl,--enable-new-dtags                         -Wl,-rpath-link,/home/ubuntu/yocto/rpi-build/tmp/work/x86_64-linux/pkgconfig-native/0.29.2+gitAUTOINC+d97db4fae4-r0/recipe-sysroot-native/usr/lib                         -Wl,-rpath-link,/home/ubuntu/yocto/rpi-build/tmp/work/x86_64-linux/pkgconfig-native/0.29.2+gitAUTOINC+d97db4fae4-r0/recipe-sysroot-native/lib                         -Wl,-rpath,/home/ubuntu/yocto/rpi-build/tmp/work/x86_64-linux/pkgconfig-native/0.29.2+gitAUTOINC+d97db4fae4-r0/recipe-sysroot-native/usr/lib                         -Wl,-rpath,/home/ubuntu/yocto/rpi-build/tmp/work/x86_64-linux/pkgconfig-native/0.29.2+gitAUTOINC+d97db4fae4-r0/recipe-sysroot-native/lib                         -Wl,-O1 -Wl,--allow-shlib-undefined -Wl,--dynamic-linker=/home/ubuntu/yocto/rpi-build/tmp/sysroots-uninative/x86_64-linux/lib/ld-linux-x86-64.so.2 conftest.c  >&5
configure:24404: $? = 0
configure:24404: result: yes
configure:24410: checking for lchown
configure:24410: gcc  -o conftest -isystem/home/ubuntu/yocto/rpi-build/tmp/work/x86_64-linux/pkgconfig-native/0.29.2+gitAUTOINC+d97db4fae4-r0/recipe-sysroot-native/usr/include -O2 -pipe -isystem/home/ubuntu/yocto/rpi-build/tmp/work/x86_64-linux/pkgconfig-native/0.29.2+gitAUTOINC+d97db4fae4-r0/recipe-sysroot-native/usr/include -L/home/ubuntu/yocto/rpi-build/tmp/work/x86_64-linux/pkgconfig-native/0.29.2+gitAUTOINC+d97db4fae4-r0/recipe-sysroot-native/usr/lib                         -L/home/ubuntu/yocto/rpi-build/tmp/work/x86_64-linux/pkgconfig-native/0.29.2+gitAUTOINC+d97db4fae4-r0/recipe-sysroot-native/lib                         -Wl,--enable-new-dtags                         -Wl,-rpath-link,/home/ubuntu/yocto/rpi-build/tmp/work/x86_64-linux/pkgconfig-native/0.29.2+gitAUTOINC+d97db4fae4-r0/recipe-sysroot-native/usr/lib                         -Wl,-rpath-link,/home/ubuntu/yocto/rpi-build/tmp/work/x86_64-linux/pkgconfig-native/0.29.2+gitAUTOINC+d97db4fae4-r0/recipe-sysroot-native/lib                         -Wl,-rpath,/home/ubuntu/yocto/rpi-build/tmp/work/x86_64-linux/pkgconfig-native/0.29.2+gitAUTOINC+d97db4fae4-r0/recipe-sysroot-native/usr/lib                         -Wl,-rpath,/home/ubuntu/yocto/rpi-build/tmp/work/x86_64-linux/pkgconfig-native/0.29.2+gitAUTOINC+d97db4fae4-r0/recipe-sysroot-native/lib                         -Wl,-O1 -Wl,--allow-shlib-undefined -Wl,--dynamic-linker=/home/ubuntu/yocto/rpi-build/tmp/sysroots-uninative/x86_64-linux/lib/ld-linux-x86-64.so.2 conftest.c  >&5
configure:24410: $? = 0
configure:24410: result: yes
configure:24416: checking for fchmod
configure:24416: gcc  -o conftest -isystem/home/ubuntu/yocto/rpi-build/tmp/work/x86_64-linux/pkgconfig-native/0.29.2+gitAUTOINC+d97db4fae4-r0/recipe-sysroot-native/usr/include -O2 -pipe -isystem/home/ubuntu/yocto/rpi-build/tmp/work/x86_64-linux/pkgconfig-native/0.29.2+gitAUTOINC+d97db4fae4-r0/recipe-sysroot-native/usr/include -L/home/ubuntu/yocto/rpi-build/tmp/work/x86_64-linux/pkgconfig-native/0.29.2+gitAUTOINC+d97db4fae4-r0/recipe-sysroot-native/usr/lib                         -L/home/ubuntu/yocto/rpi-build/tmp/work/x86_64-linux/pkgconfig-native/0.29.2+gitAUTOINC+d97db4fae4-r0/recipe-sysroot-native/lib                         -Wl,--enable-new-dtags                         -Wl,-rpath-link,/home/ubuntu/yocto/rpi-build/tmp/work/x86_64-linux/pkgconfig-native/0.29.2+gitAUTOINC+d97db4fae4-r0/recipe-sysroot-native/usr/lib                         -Wl,-rpath-link,/home/ubuntu/yocto/rpi-build/tmp/work/x86_64-linux/pkgconfig-native/0.29.2+gitAUTOINC+d97db4fae4-r0/recipe-sysroot-native/lib                         -Wl,-rpath,/home/ubuntu/yocto/rpi-build/tmp/work/x86_64-linux/pkgconfig-native/0.29.2+gitAUTOINC+d97db4fae4-r0/recipe-sysroot-native/usr/lib                         -Wl,-rpath,/home/ubuntu/yocto/rpi-build/tmp/work/x86_64-linux/pkgconfig-native/0.29.2+gitAUTOINC+d97db4fae4-r0/recipe-sysroot-native/lib                         -Wl,-O1 -Wl,--allow-shlib-undefined -Wl,--dynamic-linker=/home/ubuntu/yocto/rpi-build/tmp/sysroots-uninative/x86_64-linux/lib/ld-linux-x86-64.so.2 conftest.c  >&5
configure:24416: $? = 0
configure:24416: result: yes
configure:24422: checking for fchown
configure:24422: gcc  -o conftest -isystem/home/ubuntu/yocto/rpi-build/tmp/work/x86_64-linux/pkgconfig-native/0.29.2+gitAUTOINC+d97db4fae4-r0/recipe-sysroot-native/usr/include -O2 -pipe -isystem/home/ubuntu/yocto/rpi-build/tmp/work/x86_64-linux/pkgconfig-native/0.29.2+gitAUTOINC+d97db4fae4-r0/recipe-sysroot-native/usr/include -L/home/ubuntu/yocto/rpi-build/tmp/work/x86_64-linux/pkgconfig-native/0.29.2+gitAUTOINC+d97db4fae4-r0/recipe-sysroot-native/usr/lib                         -L/home/ubuntu/yocto/rpi-build/tmp/work/x86_64-linux/pkgconfig-native/0.29.2+gitAUTOINC+d97db4fae4-r0/recipe-sysroot-native/lib                         -Wl,--enable-new-dtags                         -Wl,-rpath-link,/home/ubuntu/yocto/rpi-build/tmp/work/x86_64-linux/pkgconfig-native/0.29.2+gitAUTOINC+d97db4fae4-r0/recipe-sysroot-native/usr/lib                         -Wl,-rpath-link,/home/ubuntu/yocto/rpi-build/tmp/work/x86_64-linux/pkgconfig-native/0.29.2+gitAUTOINC+d97db4fae4-r0/recipe-sysroot-native/lib                         -Wl,-rpath,/home/ubuntu/yocto/rpi-build/tmp/work/x86_64-linux/pkgconfig-native/0.29.2+gitAUTOINC+d97db4fae4-r0/recipe-sysroot-native/usr/lib                         -Wl,-rpath,/home/ubuntu/yocto/rpi-build/tmp/work/x86_64-linux/pkgconfig-native/0.29.2+gitAUTOINC+d97db4fae4-r0/recipe-sysroot-native/lib                         -Wl,-O1 -Wl,--allow-shlib-undefined -Wl,--dynamic-linker=/home/ubuntu/yocto/rpi-build/tmp/sysroots-uninative/x86_64-linux/lib/ld-linux-x86-64.so.2 conftest.c  >&5
configure:24422: $? = 0
configure:24422: result: yes
configure:24428: checking for link
configure:24428: gcc  -o conftest -isystem/home/ubuntu/yocto/rpi-build/tmp/work/x86_64-linux/pkgconfig-native/0.29.2+gitAUTOINC+d97db4fae4-r0/recipe-sysroot-native/usr/include -O2 -pipe -isystem/home/ubuntu/yocto/rpi-build/tmp/work/x86_64-linux/pkgconfig-native/0.29.2+gitAUTOINC+d97db4fae4-r0/recipe-sysroot-native/usr/include -L/home/ubuntu/yocto/rpi-build/tmp/work/x86_64-linux/pkgconfig-native/0.29.2+gitAUTOINC+d97db4fae4-r0/recipe-sysroot-native/usr/lib                         -L/home/ubuntu/yocto/rpi-build/tmp/work/x86_64-linux/pkgconfig-native/0.29.2+gitAUTOINC+d97db4fae4-r0/recipe-sysroot-native/lib                         -Wl,--enable-new-dtags                         -Wl,-rpath-link,/home/ubuntu/yocto/rpi-build/tmp/work/x86_64-linux/pkgconfig-native/0.29.2+gitAUTOINC+d97db4fae4-r0/recipe-sysroot-native/usr/lib                         -Wl,-rpath-link,/home/ubuntu/yocto/rpi-build/tmp/work/x86_64-linux/pkgconfig-native/0.29.2+gitAUTOINC+d97db4fae4-r0/recipe-sysroot-native/lib                         -Wl,-rpath,/home/ubuntu/yocto/rpi-build/tmp/work/x86_64-linux/pkgconfig-native/0.29.2+gitAUTOINC+d97db4fae4-r0/recipe-sysroot-native/usr/lib                         -Wl,-rpath,/home/ubuntu/yocto/rpi-build/tmp/work/x86_64-linux/pkgconfig-native/0.29.2+gitAUTOINC+d97db4fae4-r0/recipe-sysroot-native/lib                         -Wl,-O1 -Wl,--allow-shlib-undefined -Wl,--dynamic-linker=/home/ubuntu/yocto/rpi-build/tmp/sysroots-uninative/x86_64-linux/lib/ld-linux-x86-64.so.2 conftest.c  >&5
configure:24428: $? = 0
configure:24428: result: yes
configure:24434: checking for utimes
configure:24434: gcc  -o conftest -isystem/home/ubuntu/yocto/rpi-build/tmp/work/x86_64-linux/pkgconfig-native/0.29.2+gitAUTOINC+d97db4fae4-r0/recipe-sysroot-native/usr/include -O2 -pipe -isystem/home/ubuntu/yocto/rpi-build/tmp/work/x86_64-linux/pkgconfig-native/0.29.2+gitAUTOINC+d97db4fae4-r0/recipe-sysroot-native/usr/include -L/home/ubuntu/yocto/rpi-build/tmp/work/x86_64-linux/pkgconfig-native/0.29.2+gitAUTOINC+d97db4fae4-r0/recipe-sysroot-native/usr/lib                         -L/home/ubuntu/yocto/rpi-build/tmp/work/x86_64-linux/pkgconfig-native/0.29.2+gitAUTOINC+d97db4fae4-r0/recipe-sysroot-native/lib                         -Wl,--enable-new-dtags                         -Wl,-rpath-link,/home/ubuntu/yocto/rpi-build/tmp/work/x86_64-linux/pkgconfig-native/0.29.2+gitAUTOINC+d97db4fae4-r0/recipe-sysroot-native/usr/lib                         -Wl,-rpath-link,/home/ubuntu/yocto/rpi-build/tmp/work/x86_64-linux/pkgconfig-native/0.29.2+gitAUTOINC+d97db4fae4-r0/recipe-sysroot-native/lib                         -Wl,-rpath,/home/ubuntu/yocto/rpi-build/tmp/work/x86_64-linux/pkgconfig-native/0.29.2+gitAUTOINC+d97db4fae4-r0/recipe-sysroot-native/usr/lib                         -Wl,-rpath,/home/ubuntu/yocto/rpi-build/tmp/work/x86_64-linux/pkgconfig-native/0.29.2+gitAUTOINC+d97db4fae4-r0/recipe-sysroot-native/lib                         -Wl,-O1 -Wl,--allow-shlib-undefined -Wl,--dynamic-linker=/home/ubuntu/yocto/rpi-build/tmp/sysroots-uninative/x86_64-linux/lib/ld-linux-x86-64.so.2 conftest.c  >&5
configure:24434: $? = 0
configure:24434: result: yes
configure:24440: checking for getgrgid
configure:24440: gcc  -o conftest -isystem/home/ubuntu/yocto/rpi-build/tmp/work/x86_64-linux/pkgconfig-native/0.29.2+gitAUTOINC+d97db4fae4-r0/recipe-sysroot-native/usr/include -O2 -pipe -isystem/home/ubuntu/yocto/rpi-build/tmp/work/x86_64-linux/pkgconfig-native/0.29.2+gitAUTOINC+d97db4fae4-r0/recipe-sysroot-native/usr/include -L/home/ubuntu/yocto/rpi-build/tmp/work/x86_64-linux/pkgconfig-native/0.29.2+gitAUTOINC+d97db4fae4-r0/recipe-sysroot-native/usr/lib                         -L/home/ubuntu/yocto/rpi-build/tmp/work/x86_64-linux/pkgconfig-native/0.29.2+gitAUTOINC+d97db4fae4-r0/recipe-sysroot-native/lib                         -Wl,--enable-new-dtags                         -Wl,-rpath-link,/home/ubuntu/yocto/rpi-build/tmp/work/x86_64-linux/pkgconfig-native/0.29.2+gitAUTOINC+d97db4fae4-r0/recipe-sysroot-native/usr/lib                         -Wl,-rpath-link,/home/ubuntu/yocto/rpi-build/tmp/work/x86_64-linux/pkgconfig-native/0.29.2+gitAUTOINC+d97db4fae4-r0/recipe-sysroot-native/lib                         -Wl,-rpath,/home/ubuntu/yocto/rpi-build/tmp/work/x86_64-linux/pkgconfig-native/0.29.2+gitAUTOINC+d97db4fae4-r0/recipe-sysroot-native/usr/lib                         -Wl,-rpath,/home/ubuntu/yocto/rpi-build/tmp/work/x86_64-linux/pkgconfig-native/0.29.2+gitAUTOINC+d97db4fae4-r0/recipe-sysroot-native/lib                         -Wl,-O1 -Wl,--allow-shlib-undefined -Wl,--dynamic-linker=/home/ubuntu/yocto/rpi-build/tmp/sysroots-uninative/x86_64-linux/lib/ld-linux-x86-64.so.2 conftest.c  >&5
configure:24440: $? = 0
configure:24440: result: yes
configure:24446: checking for getpwuid
configure:24446: gcc  -o conftest -isystem/home/ubuntu/yocto/rpi-build/tmp/work/x86_64-linux/pkgconfig-native/0.29.2+gitAUTOINC+d97db4fae4-r0/recipe-sysroot-native/usr/include -O2 -pipe -isystem/home/ubuntu/yocto/rpi-build/tmp/work/x86_64-linux/pkgconfig-native/0.29.2+gitAUTOINC+d97db4fae4-r0/recipe-sysroot-native/usr/include -L/home/ubuntu/yocto/rpi-build/tmp/work/x86_64-linux/pkgconfig-native/0.29.2+gitAUTOINC+d97db4fae4-r0/recipe-sysroot-native/usr/lib                         -L/home/ubuntu/yocto/rpi-build/tmp/work/x86_64-linux/pkgconfig-native/0.29.2+gitAUTOINC+d97db4fae4-r0/recipe-sysroot-native/lib                         -Wl,--enable-new-dtags                         -Wl,-rpath-link,/home/ubuntu/yocto/rpi-build/tmp/work/x86_64-linux/pkgconfig-native/0.29.2+gitAUTOINC+d97db4fae4-r0/recipe-sysroot-native/usr/lib                         -Wl,-rpath-link,/home/ubuntu/yocto/rpi-build/tmp/work/x86_64-linux/pkgconfig-native/0.29.2+gitAUTOINC+d97db4fae4-r0/recipe-sysroot-native/lib                         -Wl,-rpath,/home/ubuntu/yocto/rpi-build/tmp/work/x86_64-linux/pkgconfig-native/0.29.2+gitAUTOINC+d97db4fae4-r0/recipe-sysroot-native/usr/lib                         -Wl,-rpath,/home/ubuntu/yocto/rpi-build/tmp/work/x86_64-linux/pkgconfig-native/0.29.2+gitAUTOINC+d97db4fae4-r0/recipe-sysroot-native/lib                         -Wl,-O1 -Wl,--allow-shlib-undefined -Wl,--dynamic-linker=/home/ubuntu/yocto/rpi-build/tmp/sysroots-uninative/x86_64-linux/lib/ld-linux-x86-64.so.2 conftest.c  >&5
configure:24446: $? = 0
configure:24446: result: yes
configure:24452: checking for getresuid
configure:24452: gcc  -o conftest -isystem/home/ubuntu/yocto/rpi-build/tmp/work/x86_64-linux/pkgconfig-native/0.29.2+gitAUTOINC+d97db4fae4-r0/recipe-sysroot-native/usr/include -O2 -pipe -isystem/home/ubuntu/yocto/rpi-build/tmp/work/x86_64-linux/pkgconfig-native/0.29.2+gitAUTOINC+d97db4fae4-r0/recipe-sysroot-native/usr/include -L/home/ubuntu/yocto/rpi-build/tmp/work/x86_64-linux/pkgconfig-native/0.29.2+gitAUTOINC+d97db4fae4-r0/recipe-sysroot-native/usr/lib                         -L/home/ubuntu/yocto/rpi-build/tmp/work/x86_64-linux/pkgconfig-native/0.29.2+gitAUTOINC+d97db4fae4-r0/recipe-sysroot-native/lib                         -Wl,--enable-new-dtags                         -Wl,-rpath-link,/home/ubuntu/yocto/rpi-build/tmp/work/x86_64-linux/pkgconfig-native/0.29.2+gitAUTOINC+d97db4fae4-r0/recipe-sysroot-native/usr/lib                         -Wl,-rpath-link,/home/ubuntu/yocto/rpi-build/tmp/work/x86_64-linux/pkgconfig-native/0.29.2+gitAUTOINC+d97db4fae4-r0/recipe-sysroot-native/lib                         -Wl,-rpath,/home/ubuntu/yocto/rpi-build/tmp/work/x86_64-linux/pkgconfig-native/0.29.2+gitAUTOINC+d97db4fae4-r0/recipe-sysroot-native/usr/lib                         -Wl,-rpath,/home/ubuntu/yocto/rpi-build/tmp/work/x86_64-linux/pkgconfig-native/0.29.2+gitAUTOINC+d97db4fae4-r0/recipe-sysroot-native/lib                         -Wl,-O1 -Wl,--allow-shlib-undefined -Wl,--dynamic-linker=/home/ubuntu/yocto/rpi-build/tmp/sysroots-uninative/x86_64-linux/lib/ld-linux-x86-64.so.2 conftest.c  >&5
configure:24452: $? = 0
configure:24452: result: yes
configure:24459: checking for getmntent_r
configure:24459: gcc  -o conftest -isystem/home/ubuntu/yocto/rpi-build/tmp/work/x86_64-linux/pkgconfig-native/0.29.2+gitAUTOINC+d97db4fae4-r0/recipe-sysroot-native/usr/include -O2 -pipe -isystem/home/ubuntu/yocto/rpi-build/tmp/work/x86_64-linux/pkgconfig-native/0.29.2+gitAUTOINC+d97db4fae4-r0/recipe-sysroot-native/usr/include -L/home/ubuntu/yocto/rpi-build/tmp/work/x86_64-linux/pkgconfig-native/0.29.2+gitAUTOINC+d97db4fae4-r0/recipe-sysroot-native/usr/lib                         -L/home/ubuntu/yocto/rpi-build/tmp/work/x86_64-linux/pkgconfig-native/0.29.2+gitAUTOINC+d97db4fae4-r0/recipe-sysroot-native/lib                         -Wl,--enable-new-dtags                         -Wl,-rpath-link,/home/ubuntu/yocto/rpi-build/tmp/work/x86_64-linux/pkgconfig-native/0.29.2+gitAUTOINC+d97db4fae4-r0/recipe-sysroot-native/usr/lib                         -Wl,-rpath-link,/home/ubuntu/yocto/rpi-build/tmp/work/x86_64-linux/pkgconfig-native/0.29.2+gitAUTOINC+d97db4fae4-r0/recipe-sysroot-native/lib                         -Wl,-rpath,/home/ubuntu/yocto/rpi-build/tmp/work/x86_64-linux/pkgconfig-native/0.29.2+gitAUTOINC+d97db4fae4-r0/recipe-sysroot-native/usr/lib                         -Wl,-rpath,/home/ubuntu/yocto/rpi-build/tmp/work/x86_64-linux/pkgconfig-native/0.29.2+gitAUTOINC+d97db4fae4-r0/recipe-sysroot-native/lib                         -Wl,-O1 -Wl,--allow-shlib-undefined -Wl,--dynamic-linker=/home/ubuntu/yocto/rpi-build/tmp/sysroots-uninative/x86_64-linux/lib/ld-linux-x86-64.so.2 conftest.c  >&5
configure:24459: $? = 0
configure:24459: result: yes
configure:24465: checking for setmntent
configure:24465: gcc  -o conftest -isystem/home/ubuntu/yocto/rpi-build/tmp/work/x86_64-linux/pkgconfig-native/0.29.2+gitAUTOINC+d97db4fae4-r0/recipe-sysroot-native/usr/include -O2 -pipe -isystem/home/ubuntu/yocto/rpi-build/tmp/work/x86_64-linux/pkgconfig-native/0.29.2+gitAUTOINC+d97db4fae4-r0/recipe-sysroot-native/usr/include -L/home/ubuntu/yocto/rpi-build/tmp/work/x86_64-linux/pkgconfig-native/0.29.2+gitAUTOINC+d97db4fae4-r0/recipe-sysroot-native/usr/lib                         -L/home/ubuntu/yocto/rpi-build/tmp/work/x86_64-linux/pkgconfig-native/0.29.2+gitAUTOINC+d97db4fae4-r0/recipe-sysroot-native/lib                         -Wl,--enable-new-dtags                         -Wl,-rpath-link,/home/ubuntu/yocto/rpi-build/tmp/work/x86_64-linux/pkgconfig-native/0.29.2+gitAUTOINC+d97db4fae4-r0/recipe-sysroot-native/usr/lib                         -Wl,-rpath-link,/home/ubuntu/yocto/rpi-build/tmp/work/x86_64-linux/pkgconfig-native/0.29.2+gitAUTOINC+d97db4fae4-r0/recipe-sysroot-native/lib                         -Wl,-rpath,/home/ubuntu/yocto/rpi-build/tmp/work/x86_64-linux/pkgconfig-native/0.29.2+gitAUTOINC+d97db4fae4-r0/recipe-sysroot-native/usr/lib                         -Wl,-rpath,/home/ubuntu/yocto/rpi-build/tmp/work/x86_64-linux/pkgconfig-native/0.29.2+gitAUTOINC+d97db4fae4-r0/recipe-sysroot-native/lib                         -Wl,-O1 -Wl,--allow-shlib-undefined -Wl,--dynamic-linker=/home/ubuntu/yocto/rpi-build/tmp/sysroots-uninative/x86_64-linux/lib/ld-linux-x86-64.so.2 conftest.c  >&5
configure:24465: $? = 0
configure:24465: result: yes
configure:24471: checking for endmntent
configure:24471: gcc  -o conftest -isystem/home/ubuntu/yocto/rpi-build/tmp/work/x86_64-linux/pkgconfig-native/0.29.2+gitAUTOINC+d97db4fae4-r0/recipe-sysroot-native/usr/include -O2 -pipe -isystem/home/ubuntu/yocto/rpi-build/tmp/work/x86_64-linux/pkgconfig-native/0.29.2+gitAUTOINC+d97db4fae4-r0/recipe-sysroot-native/usr/include -L/home/ubuntu/yocto/rpi-build/tmp/work/x86_64-linux/pkgconfig-native/0.29.2+gitAUTOINC+d97db4fae4-r0/recipe-sysroot-native/usr/lib                         -L/home/ubuntu/yocto/rpi-build/tmp/work/x86_64-linux/pkgconfig-native/0.29.2+gitAUTOINC+d97db4fae4-r0/recipe-sysroot-native/lib                         -Wl,--enable-new-dtags                         -Wl,-rpath-link,/home/ubuntu/yocto/rpi-build/tmp/work/x86_64-linux/pkgconfig-native/0.29.2+gitAUTOINC+d97db4fae4-r0/recipe-sysroot-native/usr/lib                         -Wl,-rpath-link,/home/ubuntu/yocto/rpi-build/tmp/work/x86_64-linux/pkgconfig-native/0.29.2+gitAUTOINC+d97db4fae4-r0/recipe-sysroot-native/lib                         -Wl,-rpath,/home/ubuntu/yocto/rpi-build/tmp/work/x86_64-linux/pkgconfig-native/0.29.2+gitAUTOINC+d97db4fae4-r0/recipe-sysroot-native/usr/lib                         -Wl,-rpath,/home/ubuntu/yocto/rpi-build/tmp/work/x86_64-linux/pkgconfig-native/0.29.2+gitAUTOINC+d97db4fae4-r0/recipe-sysroot-native/lib                         -Wl,-O1 -Wl,--allow-shlib-undefined -Wl,--dynamic-linker=/home/ubuntu/yocto/rpi-build/tmp/sysroots-uninative/x86_64-linux/lib/ld-linux-x86-64.so.2 conftest.c  >&5
configure:24471: $? = 0
configure:24471: result: yes
configure:24477: checking for hasmntopt
configure:24477: gcc  -o conftest -isystem/home/ubuntu/yocto/rpi-build/tmp/work/x86_64-linux/pkgconfig-native/0.29.2+gitAUTOINC+d97db4fae4-r0/recipe-sysroot-native/usr/include -O2 -pipe -isystem/home/ubuntu/yocto/rpi-build/tmp/work/x86_64-linux/pkgconfig-native/0.29.2+gitAUTOINC+d97db4fae4-r0/recipe-sysroot-native/usr/include -L/home/ubuntu/yocto/rpi-build/tmp/work/x86_64-linux/pkgconfig-native/0.29.2+gitAUTOINC+d97db4fae4-r0/recipe-sysroot-native/usr/lib                         -L/home/ubuntu/yocto/rpi-build/tmp/work/x86_64-linux/pkgconfig-native/0.29.2+gitAUTOINC+d97db4fae4-r0/recipe-sysroot-native/lib                         -Wl,--enable-new-dtags                         -Wl,-rpath-link,/home/ubuntu/yocto/rpi-build/tmp/work/x86_64-linux/pkgconfig-native/0.29.2+gitAUTOINC+d97db4fae4-r0/recipe-sysroot-native/usr/lib                         -Wl,-rpath-link,/home/ubuntu/yocto/rpi-build/tmp/work/x86_64-linux/pkgconfig-native/0.29.2+gitAUTOINC+d97db4fae4-r0/recipe-sysroot-native/lib                         -Wl,-rpath,/home/ubuntu/yocto/rpi-build/tmp/work/x86_64-linux/pkgconfig-native/0.29.2+gitAUTOINC+d97db4fae4-r0/recipe-sysroot-native/usr/lib                         -Wl,-rpath,/home/ubuntu/yocto/rpi-build/tmp/work/x86_64-linux/pkgconfig-native/0.29.2+gitAUTOINC+d97db4fae4-r0/recipe-sysroot-native/lib                         -Wl,-O1 -Wl,--allow-shlib-undefined -Wl,--dynamic-linker=/home/ubuntu/yocto/rpi-build/tmp/sysroots-uninative/x86_64-linux/lib/ld-linux-x86-64.so.2 conftest.c  >&5
configure:24477: $? = 0
configure:24477: result: yes
configure:24483: checking for getfsstat
configure:24483: gcc  -o conftest -isystem/home/ubuntu/yocto/rpi-build/tmp/work/x86_64-linux/pkgconfig-native/0.29.2+gitAUTOINC+d97db4fae4-r0/recipe-sysroot-native/usr/include -O2 -pipe -isystem/home/ubuntu/yocto/rpi-build/tmp/work/x86_64-linux/pkgconfig-native/0.29.2+gitAUTOINC+d97db4fae4-r0/recipe-sysroot-native/usr/include -L/home/ubuntu/yocto/rpi-build/tmp/work/x86_64-linux/pkgconfig-native/0.29.2+gitAUTOINC+d97db4fae4-r0/recipe-sysroot-native/usr/lib                         -L/home/ubuntu/yocto/rpi-build/tmp/work/x86_64-linux/pkgconfig-native/0.29.2+gitAUTOINC+d97db4fae4-r0/recipe-sysroot-native/lib                         -Wl,--enable-new-dtags                         -Wl,-rpath-link,/home/ubuntu/yocto/rpi-build/tmp/work/x86_64-linux/pkgconfig-native/0.29.2+gitAUTOINC+d97db4fae4-r0/recipe-sysroot-native/usr/lib                         -Wl,-rpath-link,/home/ubuntu/yocto/rpi-build/tmp/work/x86_64-linux/pkgconfig-native/0.29.2+gitAUTOINC+d97db4fae4-r0/recipe-sysroot-native/lib                         -Wl,-rpath,/home/ubuntu/yocto/rpi-build/tmp/work/x86_64-linux/pkgconfig-native/0.29.2+gitAUTOINC+d97db4fae4-r0/recipe-sysroot-native/usr/lib                         -Wl,-rpath,/home/ubuntu/yocto/rpi-build/tmp/work/x86_64-linux/pkgconfig-native/0.29.2+gitAUTOINC+d97db4fae4-r0/recipe-sysroot-native/lib                         -Wl,-O1 -Wl,--allow-shlib-undefined -Wl,--dynamic-linker=/home/ubuntu/yocto/rpi-build/tmp/sysroots-uninative/x86_64-linux/lib/ld-linux-x86-64.so.2 conftest.c  >&5
/home/ubuntu/yocto/rpi-build/tmp/hosttools/ld: /tmp/ccfpPl4R.o: in function `main':
conftest.c:(.text.startup+0x9): undefined reference to `getfsstat'
collect2: error: ld returned 1 exit status
configure:24483: $? = 1
configure: failed program was:
| /* confdefs.h */
| #define PACKAGE_NAME "glib"
| #define PACKAGE_TARNAME "glib"
| #define PACKAGE_VERSION "2.38.2"
| #define PACKAGE_STRING "glib 2.38.2"
| #define PACKAGE_BUGREPORT "http://bugzilla.gnome.org/enter_bug.cgi?product=glib"
| #define PACKAGE_URL ""
| #define GLIB_MAJOR_VERSION 2
| #define GLIB_MINOR_VERSION 38
| #define GLIB_MICRO_VERSION 2
| #define GLIB_INTERFACE_AGE 2
| #define GLIB_BINARY_AGE 3802
| #define HAVE_STDIO_H 1
| #define HAVE_STDLIB_H 1
| #define HAVE_STRING_H 1
| #define HAVE_INTTYPES_H 1
| #define HAVE_STDINT_H 1
| #define HAVE_STRINGS_H 1
| #define HAVE_SYS_STAT_H 1
| #define HAVE_SYS_TYPES_H 1
| #define HAVE_UNISTD_H 1
| #define HAVE_WCHAR_H 1
| #define STDC_HEADERS 1
| #define _ALL_SOURCE 1
| #define _DARWIN_C_SOURCE 1
| #define _GNU_SOURCE 1
| #define _HPUX_ALT_XOPEN_SOCKET_API 1
| #define _NETBSD_SOURCE 1
| #define _OPENBSD_SOURCE 1
| #define _POSIX_PTHREAD_SEMANTICS 1
| #define __STDC_WANT_IEC_60559_ATTRIBS_EXT__ 1
| #define __STDC_WANT_IEC_60559_BFP_EXT__ 1
| #define __STDC_WANT_IEC_60559_DFP_EXT__ 1
| #define __STDC_WANT_IEC_60559_FUNCS_EXT__ 1
| #define __STDC_WANT_IEC_60559_TYPES_EXT__ 1
| #define __STDC_WANT_LIB_EXT2__ 1
| #define __STDC_WANT_MATH_SPEC_FUNCS__ 1
| #define _TANDEM_SOURCE 1
| #define __EXTENSIONS__ 1
| #define GETTEXT_PACKAGE "glib20"
| #define GLIB_LOCALE_DIR ""
| #define HAVE_DLFCN_H 1
| #define LT_OBJDIR ".libs/"
| #define HAVE_VPRINTF 1
| #define HAVE_ALLOCA_H 1
| #define HAVE_ALLOCA 1
| #define HAVE_MMAP 1
| #define HAVE_POSIX_MEMALIGN 1
| #define HAVE_MEMALIGN 1
| #define HAVE_VALLOC 1
| #define HAVE_FSYNC 1
| #define HAVE_PIPE2 1
| #define HAVE_ATEXIT 1
| #define HAVE_ON_EXIT 1
| #define HAVE_TIMEGM 1
| #define HAVE_GMTIME_R 1
| #define HAVE_LIBC_ENABLE_SECURE 1
| #define SIZEOF_CHAR 1
| #define SIZEOF_SHORT 2
| #define SIZEOF_LONG 8
| #define SIZEOF_INT 4
| #define SIZEOF_VOID_P 8
| #define SIZEOF_LONG_LONG 8
| #define HAVE_SIG_ATOMIC_T 1
| #define HAVE_LONG_LONG_FORMAT 1
| #define G_HAVE___INLINE 1
| #define G_HAVE___INLINE__ 1
| #define G_HAVE_INLINE 1
| #define HAVE_DOWHILE_MACROS 1
| #define HAVE_DIRENT_H 1
| #define HAVE_FLOAT_H 1
| #define HAVE_LIMITS_H 1
| #define HAVE_PWD_H 1
| #define HAVE_GRP_H 1
| #define HAVE_SYS_PARAM_H 1
| #define HAVE_SYS_POLL_H 1
| #define HAVE_SYS_RESOURCE_H 1
| #define HAVE_SYS_TIME_H 1
| #define HAVE_SYS_TIMES_H 1
| #define HAVE_SYS_WAIT_H 1
| #define HAVE_UNISTD_H 1
| #define HAVE_VALUES_H 1
| #define HAVE_SYS_SELECT_H 1
| #define HAVE_SYS_TYPES_H 1
| #define HAVE_STDINT_H 1
| #define HAVE_INTTYPES_H 1
| #define HAVE_SCHED_H 1
| #define HAVE_MALLOC_H 1
| #define HAVE_SYS_VFS_H 1
| #define HAVE_SYS_STATFS_H 1
| #define HAVE_SYS_STATVFS_H 1
| #define HAVE_MNTENT_H 1
| #define HAVE_FSTAB_H 1
| #define HAVE_SYS_UIO_H 1
| #define HAVE_LINUX_MAGIC_H 1
| #define HAVE_SYS_PRCTL_H 1
| #define HAVE_SYS_MOUNT_H 1
| #define HAVE_STRUCT_STAT_ST_MTIM_TV_NSEC 1
| #define HAVE_STRUCT_STAT_ST_ATIM_TV_NSEC 1
| #define HAVE_STRUCT_STAT_ST_CTIM_TV_NSEC 1
| #define HAVE_STRUCT_STAT_ST_BLKSIZE 1
| #define HAVE_STRUCT_STAT_ST_BLOCKS 1
| #define HAVE_STRUCT_STATFS_F_BAVAIL 1
| #define HAVE_STRUCT_TM_TM_GMTOFF 1
| #define HAVE_DIRENT_H 1
| #define HAVE_STRUCT_DIRENT_D_TYPE 1
| #define HAVE_LANGINFO_CODESET 1
| #define HAVE_STDDEF_H 1
| #define HAVE_STDLIB_H 1
| #define HAVE_STRING_H 1
| #define HAVE_SETLOCALE 1
| #define SIZEOF_SIZE_T 8
| #define SIZEOF_SSIZE_T 8
| #define HAVE_LSTAT 1
| #define HAVE_STRERROR 1
| #define HAVE_STRSIGNAL 1
| #define HAVE_MEMMOVE 1
| #define HAVE_VSNPRINTF 1
| #define HAVE_STPCPY 1
| #define HAVE_STRCASECMP 1
| #define HAVE_STRNCASECMP 1
| #define HAVE_POLL 1
| #define HAVE_GETCWD 1
| #define HAVE_VASPRINTF 1
| #define HAVE_SETENV 1
| #define HAVE_UNSETENV 1
| #define HAVE_GETC_UNLOCKED 1
| #define HAVE_READLINK 1
| #define HAVE_SYMLINK 1
| #define HAVE_MEMMEM 1
| #define HAVE_CHOWN 1
| #define HAVE_LCHMOD 1
| #define HAVE_LCHOWN 1
| #define HAVE_FCHMOD 1
| #define HAVE_FCHOWN 1
| #define HAVE_LINK 1
| #define HAVE_UTIMES 1
| #define HAVE_GETGRGID 1
| #define HAVE_GETPWUID 1
| #define HAVE_GETRESUID 1
| #define HAVE_GETMNTENT_R 1
| #define HAVE_SETMNTENT 1
| #define HAVE_ENDMNTENT 1
| #define HAVE_HASMNTOPT 1
| /* end confdefs.h.  */
| /* Define getfsstat to an innocuous variant, in case <limits.h> declares getfsstat.
|    For example, HP-UX 11i <limits.h> declares gettimeofday.  */
| #define getfsstat innocuous_getfsstat
| 
| /* System header to define __stub macros and hopefully few prototypes,
|    which can conflict with char getfsstat (void); below.  */
| 
| #include <limits.h>
| #undef getfsstat
| 
| /* Override any GCC internal prototype to avoid an error.
|    Use char because int might match the return type of a GCC
|    builtin and then its argument prototype would still apply.  */
| #ifdef __cplusplus
| extern "C"
| #endif
| char getfsstat (void);
| /* The GNU C library defines this for functions which it implements
|     to always fail with ENOSYS.  Some functions are actually named
|     something starting with __ and the normal name is an alias.  */
| #if defined __stub_getfsstat || defined __stub___getfsstat
| choke me
| #endif
| 
| int
| main (void)
| {
| return getfsstat ();
|   ;
|   return 0;
| }
configure:24483: result: no
configure:24489: checking for getvfsstat
configure:24489: gcc  -o conftest -isystem/home/ubuntu/yocto/rpi-build/tmp/work/x86_64-linux/pkgconfig-native/0.29.2+gitAUTOINC+d97db4fae4-r0/recipe-sysroot-native/usr/include -O2 -pipe -isystem/home/ubuntu/yocto/rpi-build/tmp/work/x86_64-linux/pkgconfig-native/0.29.2+gitAUTOINC+d97db4fae4-r0/recipe-sysroot-native/usr/include -L/home/ubuntu/yocto/rpi-build/tmp/work/x86_64-linux/pkgconfig-native/0.29.2+gitAUTOINC+d97db4fae4-r0/recipe-sysroot-native/usr/lib                         -L/home/ubuntu/yocto/rpi-build/tmp/work/x86_64-linux/pkgconfig-native/0.29.2+gitAUTOINC+d97db4fae4-r0/recipe-sysroot-native/lib                         -Wl,--enable-new-dtags                         -Wl,-rpath-link,/home/ubuntu/yocto/rpi-build/tmp/work/x86_64-linux/pkgconfig-native/0.29.2+gitAUTOINC+d97db4fae4-r0/recipe-sysroot-native/usr/lib                         -Wl,-rpath-link,/home/ubuntu/yocto/rpi-build/tmp/work/x86_64-linux/pkgconfig-native/0.29.2+gitAUTOINC+d97db4fae4-r0/recipe-sysroot-native/lib                         -Wl,-rpath,/home/ubuntu/yocto/rpi-build/tmp/work/x86_64-linux/pkgconfig-native/0.29.2+gitAUTOINC+d97db4fae4-r0/recipe-sysroot-native/usr/lib                         -Wl,-rpath,/home/ubuntu/yocto/rpi-build/tmp/work/x86_64-linux/pkgconfig-native/0.29.2+gitAUTOINC+d97db4fae4-r0/recipe-sysroot-native/lib                         -Wl,-O1 -Wl,--allow-shlib-undefined -Wl,--dynamic-linker=/home/ubuntu/yocto/rpi-build/tmp/sysroots-uninative/x86_64-linux/lib/ld-linux-x86-64.so.2 conftest.c  >&5
/home/ubuntu/yocto/rpi-build/tmp/hosttools/ld: /tmp/ccaleHzD.o: in function `main':
conftest.c:(.text.startup+0x9): undefined reference to `getvfsstat'
collect2: error: ld returned 1 exit status
configure:24489: $? = 1
configure: failed program was:
| /* confdefs.h */
| #define PACKAGE_NAME "glib"
| #define PACKAGE_TARNAME "glib"
| #define PACKAGE_VERSION "2.38.2"
| #define PACKAGE_STRING "glib 2.38.2"
| #define PACKAGE_BUGREPORT "http://bugzilla.gnome.org/enter_bug.cgi?product=glib"
| #define PACKAGE_URL ""
| #define GLIB_MAJOR_VERSION 2
| #define GLIB_MINOR_VERSION 38
| #define GLIB_MICRO_VERSION 2
| #define GLIB_INTERFACE_AGE 2
| #define GLIB_BINARY_AGE 3802
| #define HAVE_STDIO_H 1
| #define HAVE_STDLIB_H 1
| #define HAVE_STRING_H 1
| #define HAVE_INTTYPES_H 1
| #define HAVE_STDINT_H 1
| #define HAVE_STRINGS_H 1
| #define HAVE_SYS_STAT_H 1
| #define HAVE_SYS_TYPES_H 1
| #define HAVE_UNISTD_H 1
| #define HAVE_WCHAR_H 1
| #define STDC_HEADERS 1
| #define _ALL_SOURCE 1
| #define _DARWIN_C_SOURCE 1
| #define _GNU_SOURCE 1
| #define _HPUX_ALT_XOPEN_SOCKET_API 1
| #define _NETBSD_SOURCE 1
| #define _OPENBSD_SOURCE 1
| #define _POSIX_PTHREAD_SEMANTICS 1
| #define __STDC_WANT_IEC_60559_ATTRIBS_EXT__ 1
| #define __STDC_WANT_IEC_60559_BFP_EXT__ 1
| #define __STDC_WANT_IEC_60559_DFP_EXT__ 1
| #define __STDC_WANT_IEC_60559_FUNCS_EXT__ 1
| #define __STDC_WANT_IEC_60559_TYPES_EXT__ 1
| #define __STDC_WANT_LIB_EXT2__ 1
| #define __STDC_WANT_MATH_SPEC_FUNCS__ 1
| #define _TANDEM_SOURCE 1
| #define __EXTENSIONS__ 1
| #define GETTEXT_PACKAGE "glib20"
| #define GLIB_LOCALE_DIR ""
| #define HAVE_DLFCN_H 1
| #define LT_OBJDIR ".libs/"
| #define HAVE_VPRINTF 1
| #define HAVE_ALLOCA_H 1
| #define HAVE_ALLOCA 1
| #define HAVE_MMAP 1
| #define HAVE_POSIX_MEMALIGN 1
| #define HAVE_MEMALIGN 1
| #define HAVE_VALLOC 1
| #define HAVE_FSYNC 1
| #define HAVE_PIPE2 1
| #define HAVE_ATEXIT 1
| #define HAVE_ON_EXIT 1
| #define HAVE_TIMEGM 1
| #define HAVE_GMTIME_R 1
| #define HAVE_LIBC_ENABLE_SECURE 1
| #define SIZEOF_CHAR 1
| #define SIZEOF_SHORT 2
| #define SIZEOF_LONG 8
| #define SIZEOF_INT 4
| #define SIZEOF_VOID_P 8
| #define SIZEOF_LONG_LONG 8
| #define HAVE_SIG_ATOMIC_T 1
| #define HAVE_LONG_LONG_FORMAT 1
| #define G_HAVE___INLINE 1
| #define G_HAVE___INLINE__ 1
| #define G_HAVE_INLINE 1
| #define HAVE_DOWHILE_MACROS 1
| #define HAVE_DIRENT_H 1
| #define HAVE_FLOAT_H 1
| #define HAVE_LIMITS_H 1
| #define HAVE_PWD_H 1
| #define HAVE_GRP_H 1
| #define HAVE_SYS_PARAM_H 1
| #define HAVE_SYS_POLL_H 1
| #define HAVE_SYS_RESOURCE_H 1
| #define HAVE_SYS_TIME_H 1
| #define HAVE_SYS_TIMES_H 1
| #define HAVE_SYS_WAIT_H 1
| #define HAVE_UNISTD_H 1
| #define HAVE_VALUES_H 1
| #define HAVE_SYS_SELECT_H 1
| #define HAVE_SYS_TYPES_H 1
| #define HAVE_STDINT_H 1
| #define HAVE_INTTYPES_H 1
| #define HAVE_SCHED_H 1
| #define HAVE_MALLOC_H 1
| #define HAVE_SYS_VFS_H 1
| #define HAVE_SYS_STATFS_H 1
| #define HAVE_SYS_STATVFS_H 1
| #define HAVE_MNTENT_H 1
| #define HAVE_FSTAB_H 1
| #define HAVE_SYS_UIO_H 1
| #define HAVE_LINUX_MAGIC_H 1
| #define HAVE_SYS_PRCTL_H 1
| #define HAVE_SYS_MOUNT_H 1
| #define HAVE_STRUCT_STAT_ST_MTIM_TV_NSEC 1
| #define HAVE_STRUCT_STAT_ST_ATIM_TV_NSEC 1
| #define HAVE_STRUCT_STAT_ST_CTIM_TV_NSEC 1
| #define HAVE_STRUCT_STAT_ST_BLKSIZE 1
| #define HAVE_STRUCT_STAT_ST_BLOCKS 1
| #define HAVE_STRUCT_STATFS_F_BAVAIL 1
| #define HAVE_STRUCT_TM_TM_GMTOFF 1
| #define HAVE_DIRENT_H 1
| #define HAVE_STRUCT_DIRENT_D_TYPE 1
| #define HAVE_LANGINFO_CODESET 1
| #define HAVE_STDDEF_H 1
| #define HAVE_STDLIB_H 1
| #define HAVE_STRING_H 1
| #define HAVE_SETLOCALE 1
| #define SIZEOF_SIZE_T 8
| #define SIZEOF_SSIZE_T 8
| #define HAVE_LSTAT 1
| #define HAVE_STRERROR 1
| #define HAVE_STRSIGNAL 1
| #define HAVE_MEMMOVE 1
| #define HAVE_VSNPRINTF 1
| #define HAVE_STPCPY 1
| #define HAVE_STRCASECMP 1
| #define HAVE_STRNCASECMP 1
| #define HAVE_POLL 1
| #define HAVE_GETCWD 1
| #define HAVE_VASPRINTF 1
| #define HAVE_SETENV 1
| #define HAVE_UNSETENV 1
| #define HAVE_GETC_UNLOCKED 1
| #define HAVE_READLINK 1
| #define HAVE_SYMLINK 1
| #define HAVE_MEMMEM 1
| #define HAVE_CHOWN 1
| #define HAVE_LCHMOD 1
| #define HAVE_LCHOWN 1
| #define HAVE_FCHMOD 1
| #define HAVE_FCHOWN 1
| #define HAVE_LINK 1
| #define HAVE_UTIMES 1
| #define HAVE_GETGRGID 1
| #define HAVE_GETPWUID 1
| #define HAVE_GETRESUID 1
| #define HAVE_GETMNTENT_R 1
| #define HAVE_SETMNTENT 1
| #define HAVE_ENDMNTENT 1
| #define HAVE_HASMNTOPT 1
| /* end confdefs.h.  */
| /* Define getvfsstat to an innocuous variant, in case <limits.h> declares getvfsstat.
|    For example, HP-UX 11i <limits.h> declares gettimeofday.  */
| #define getvfsstat innocuous_getvfsstat
| 
| /* System header to define __stub macros and hopefully few prototypes,
|    which can conflict with char getvfsstat (void); below.  */
| 
| #include <limits.h>
| #undef getvfsstat
| 
| /* Override any GCC internal prototype to avoid an error.
|    Use char because int might match the return type of a GCC
|    builtin and then its argument prototype would still apply.  */
| #ifdef __cplusplus
| extern "C"
| #endif
| char getvfsstat (void);
| /* The GNU C library defines this for functions which it implements
|     to always fail with ENOSYS.  Some functions are actually named
|     something starting with __ and the normal name is an alias.  */
| #if defined __stub_getvfsstat || defined __stub___getvfsstat
| choke me
| #endif
| 
| int
| main (void)
| {
| return getvfsstat ();
|   ;
|   return 0;
| }
configure:24489: result: no
configure:24495: checking for fallocate
configure:24495: gcc  -o conftest -isystem/home/ubuntu/yocto/rpi-build/tmp/work/x86_64-linux/pkgconfig-native/0.29.2+gitAUTOINC+d97db4fae4-r0/recipe-sysroot-native/usr/include -O2 -pipe -isystem/home/ubuntu/yocto/rpi-build/tmp/work/x86_64-linux/pkgconfig-native/0.29.2+gitAUTOINC+d97db4fae4-r0/recipe-sysroot-native/usr/include -L/home/ubuntu/yocto/rpi-build/tmp/work/x86_64-linux/pkgconfig-native/0.29.2+gitAUTOINC+d97db4fae4-r0/recipe-sysroot-native/usr/lib                         -L/home/ubuntu/yocto/rpi-build/tmp/work/x86_64-linux/pkgconfig-native/0.29.2+gitAUTOINC+d97db4fae4-r0/recipe-sysroot-native/lib                         -Wl,--enable-new-dtags                         -Wl,-rpath-link,/home/ubuntu/yocto/rpi-build/tmp/work/x86_64-linux/pkgconfig-native/0.29.2+gitAUTOINC+d97db4fae4-r0/recipe-sysroot-native/usr/lib                         -Wl,-rpath-link,/home/ubuntu/yocto/rpi-build/tmp/work/x86_64-linux/pkgconfig-native/0.29.2+gitAUTOINC+d97db4fae4-r0/recipe-sysroot-native/lib                         -Wl,-rpath,/home/ubuntu/yocto/rpi-build/tmp/work/x86_64-linux/pkgconfig-native/0.29.2+gitAUTOINC+d97db4fae4-r0/recipe-sysroot-native/usr/lib                         -Wl,-rpath,/home/ubuntu/yocto/rpi-build/tmp/work/x86_64-linux/pkgconfig-native/0.29.2+gitAUTOINC+d97db4fae4-r0/recipe-sysroot-native/lib                         -Wl,-O1 -Wl,--allow-shlib-undefined -Wl,--dynamic-linker=/home/ubuntu/yocto/rpi-build/tmp/sysroots-uninative/x86_64-linux/lib/ld-linux-x86-64.so.2 conftest.c  >&5
configure:24495: $? = 0
configure:24495: result: yes
configure:24503: checking for splice
configure:24503: gcc  -o conftest -isystem/home/ubuntu/yocto/rpi-build/tmp/work/x86_64-linux/pkgconfig-native/0.29.2+gitAUTOINC+d97db4fae4-r0/recipe-sysroot-native/usr/include -O2 -pipe -isystem/home/ubuntu/yocto/rpi-build/tmp/work/x86_64-linux/pkgconfig-native/0.29.2+gitAUTOINC+d97db4fae4-r0/recipe-sysroot-native/usr/include -L/home/ubuntu/yocto/rpi-build/tmp/work/x86_64-linux/pkgconfig-native/0.29.2+gitAUTOINC+d97db4fae4-r0/recipe-sysroot-native/usr/lib                         -L/home/ubuntu/yocto/rpi-build/tmp/work/x86_64-linux/pkgconfig-native/0.29.2+gitAUTOINC+d97db4fae4-r0/recipe-sysroot-native/lib                         -Wl,--enable-new-dtags                         -Wl,-rpath-link,/home/ubuntu/yocto/rpi-build/tmp/work/x86_64-linux/pkgconfig-native/0.29.2+gitAUTOINC+d97db4fae4-r0/recipe-sysroot-native/usr/lib                         -Wl,-rpath-link,/home/ubuntu/yocto/rpi-build/tmp/work/x86_64-linux/pkgconfig-native/0.29.2+gitAUTOINC+d97db4fae4-r0/recipe-sysroot-native/lib                         -Wl,-rpath,/home/ubuntu/yocto/rpi-build/tmp/work/x86_64-linux/pkgconfig-native/0.29.2+gitAUTOINC+d97db4fae4-r0/recipe-sysroot-native/usr/lib                         -Wl,-rpath,/home/ubuntu/yocto/rpi-build/tmp/work/x86_64-linux/pkgconfig-native/0.29.2+gitAUTOINC+d97db4fae4-r0/recipe-sysroot-native/lib                         -Wl,-O1 -Wl,--allow-shlib-undefined -Wl,--dynamic-linker=/home/ubuntu/yocto/rpi-build/tmp/sysroots-uninative/x86_64-linux/lib/ld-linux-x86-64.so.2 conftest.c  >&5
configure:24503: $? = 0
configure:24503: result: yes
configure:24510: checking for prlimit
configure:24510: gcc  -o conftest -isystem/home/ubuntu/yocto/rpi-build/tmp/work/x86_64-linux/pkgconfig-native/0.29.2+gitAUTOINC+d97db4fae4-r0/recipe-sysroot-native/usr/include -O2 -pipe -isystem/home/ubuntu/yocto/rpi-build/tmp/work/x86_64-linux/pkgconfig-native/0.29.2+gitAUTOINC+d97db4fae4-r0/recipe-sysroot-native/usr/include -L/home/ubuntu/yocto/rpi-build/tmp/work/x86_64-linux/pkgconfig-native/0.29.2+gitAUTOINC+d97db4fae4-r0/recipe-sysroot-native/usr/lib                         -L/home/ubuntu/yocto/rpi-build/tmp/work/x86_64-linux/pkgconfig-native/0.29.2+gitAUTOINC+d97db4fae4-r0/recipe-sysroot-native/lib                         -Wl,--enable-new-dtags                         -Wl,-rpath-link,/home/ubuntu/yocto/rpi-build/tmp/work/x86_64-linux/pkgconfig-native/0.29.2+gitAUTOINC+d97db4fae4-r0/recipe-sysroot-native/usr/lib                         -Wl,-rpath-link,/home/ubuntu/yocto/rpi-build/tmp/work/x86_64-linux/pkgconfig-native/0.29.2+gitAUTOINC+d97db4fae4-r0/recipe-sysroot-native/lib                         -Wl,-rpath,/home/ubuntu/yocto/rpi-build/tmp/work/x86_64-linux/pkgconfig-native/0.29.2+gitAUTOINC+d97db4fae4-r0/recipe-sysroot-native/usr/lib                         -Wl,-rpath,/home/ubuntu/yocto/rpi-build/tmp/work/x86_64-linux/pkgconfig-native/0.29.2+gitAUTOINC+d97db4fae4-r0/recipe-sysroot-native/lib                         -Wl,-O1 -Wl,--allow-shlib-undefined -Wl,--dynamic-linker=/home/ubuntu/yocto/rpi-build/tmp/sysroots-uninative/x86_64-linux/lib/ld-linux-x86-64.so.2 conftest.c  >&5
configure:24510: $? = 0
configure:24510: result: yes
configure:24522: checking for statvfs
configure:24522: gcc  -o conftest -isystem/home/ubuntu/yocto/rpi-build/tmp/work/x86_64-linux/pkgconfig-native/0.29.2+gitAUTOINC+d97db4fae4-r0/recipe-sysroot-native/usr/include -O2 -pipe -isystem/home/ubuntu/yocto/rpi-build/tmp/work/x86_64-linux/pkgconfig-native/0.29.2+gitAUTOINC+d97db4fae4-r0/recipe-sysroot-native/usr/include -L/home/ubuntu/yocto/rpi-build/tmp/work/x86_64-linux/pkgconfig-native/0.29.2+gitAUTOINC+d97db4fae4-r0/recipe-sysroot-native/usr/lib                         -L/home/ubuntu/yocto/rpi-build/tmp/work/x86_64-linux/pkgconfig-native/0.29.2+gitAUTOINC+d97db4fae4-r0/recipe-sysroot-native/lib                         -Wl,--enable-new-dtags                         -Wl,-rpath-link,/home/ubuntu/yocto/rpi-build/tmp/work/x86_64-linux/pkgconfig-native/0.29.2+gitAUTOINC+d97db4fae4-r0/recipe-sysroot-native/usr/lib                         -Wl,-rpath-link,/home/ubuntu/yocto/rpi-build/tmp/work/x86_64-linux/pkgconfig-native/0.29.2+gitAUTOINC+d97db4fae4-r0/recipe-sysroot-native/lib                         -Wl,-rpath,/home/ubuntu/yocto/rpi-build/tmp/work/x86_64-linux/pkgconfig-native/0.29.2+gitAUTOINC+d97db4fae4-r0/recipe-sysroot-native/usr/lib                         -Wl,-rpath,/home/ubuntu/yocto/rpi-build/tmp/work/x86_64-linux/pkgconfig-native/0.29.2+gitAUTOINC+d97db4fae4-r0/recipe-sysroot-native/lib                         -Wl,-O1 -Wl,--allow-shlib-undefined -Wl,--dynamic-linker=/home/ubuntu/yocto/rpi-build/tmp/sysroots-uninative/x86_64-linux/lib/ld-linux-x86-64.so.2 conftest.c  >&5
configure:24522: $? = 0
configure:24522: result: yes
configure:24532: checking for statfs
configure:24532: gcc  -o conftest -isystem/home/ubuntu/yocto/rpi-build/tmp/work/x86_64-linux/pkgconfig-native/0.29.2+gitAUTOINC+d97db4fae4-r0/recipe-sysroot-native/usr/include -O2 -pipe -isystem/home/ubuntu/yocto/rpi-build/tmp/work/x86_64-linux/pkgconfig-native/0.29.2+gitAUTOINC+d97db4fae4-r0/recipe-sysroot-native/usr/include -L/home/ubuntu/yocto/rpi-build/tmp/work/x86_64-linux/pkgconfig-native/0.29.2+gitAUTOINC+d97db4fae4-r0/recipe-sysroot-native/usr/lib                         -L/home/ubuntu/yocto/rpi-build/tmp/work/x86_64-linux/pkgconfig-native/0.29.2+gitAUTOINC+d97db4fae4-r0/recipe-sysroot-native/lib                         -Wl,--enable-new-dtags                         -Wl,-rpath-link,/home/ubuntu/yocto/rpi-build/tmp/work/x86_64-linux/pkgconfig-native/0.29.2+gitAUTOINC+d97db4fae4-r0/recipe-sysroot-native/usr/lib                         -Wl,-rpath-link,/home/ubuntu/yocto/rpi-build/tmp/work/x86_64-linux/pkgconfig-native/0.29.2+gitAUTOINC+d97db4fae4-r0/recipe-sysroot-native/lib                         -Wl,-rpath,/home/ubuntu/yocto/rpi-build/tmp/work/x86_64-linux/pkgconfig-native/0.29.2+gitAUTOINC+d97db4fae4-r0/recipe-sysroot-native/usr/lib                         -Wl,-rpath,/home/ubuntu/yocto/rpi-build/tmp/work/x86_64-linux/pkgconfig-native/0.29.2+gitAUTOINC+d97db4fae4-r0/recipe-sysroot-native/lib                         -Wl,-O1 -Wl,--allow-shlib-undefined -Wl,--dynamic-linker=/home/ubuntu/yocto/rpi-build/tmp/sysroots-uninative/x86_64-linux/lib/ld-linux-x86-64.so.2 conftest.c  >&5
configure:24532: $? = 0
configure:24532: result: yes
configure:24541: checking whether to use statfs or statvfs
configure:24564: result: statfs
configure:24581: checking for crt_externs.h
configure:24581: gcc  -c -isystem/home/ubuntu/yocto/rpi-build/tmp/work/x86_64-linux/pkgconfig-native/0.29.2+gitAUTOINC+d97db4fae4-r0/recipe-sysroot-native/usr/include -O2 -pipe -isystem/home/ubuntu/yocto/rpi-build/tmp/work/x86_64-linux/pkgconfig-native/0.29.2+gitAUTOINC+d97db4fae4-r0/recipe-sysroot-native/usr/include conftest.c >&5
conftest.c:180:10: fatal error: crt_externs.h: No such file or directory
  180 | #include <crt_externs.h>
      |          ^~~~~~~~~~~~~~~
compilation terminated.
configure:24581: $? = 1
configure: failed program was:
| /* confdefs.h */
| #define PACKAGE_NAME "glib"
| #define PACKAGE_TARNAME "glib"
| #define PACKAGE_VERSION "2.38.2"
| #define PACKAGE_STRING "glib 2.38.2"
| #define PACKAGE_BUGREPORT "http://bugzilla.gnome.org/enter_bug.cgi?product=glib"
| #define PACKAGE_URL ""
| #define GLIB_MAJOR_VERSION 2
| #define GLIB_MINOR_VERSION 38
| #define GLIB_MICRO_VERSION 2
| #define GLIB_INTERFACE_AGE 2
| #define GLIB_BINARY_AGE 3802
| #define HAVE_STDIO_H 1
| #define HAVE_STDLIB_H 1
| #define HAVE_STRING_H 1
| #define HAVE_INTTYPES_H 1
| #define HAVE_STDINT_H 1
| #define HAVE_STRINGS_H 1
| #define HAVE_SYS_STAT_H 1
| #define HAVE_SYS_TYPES_H 1
| #define HAVE_UNISTD_H 1
| #define HAVE_WCHAR_H 1
| #define STDC_HEADERS 1
| #define _ALL_SOURCE 1
| #define _DARWIN_C_SOURCE 1
| #define _GNU_SOURCE 1
| #define _HPUX_ALT_XOPEN_SOCKET_API 1
| #define _NETBSD_SOURCE 1
| #define _OPENBSD_SOURCE 1
| #define _POSIX_PTHREAD_SEMANTICS 1
| #define __STDC_WANT_IEC_60559_ATTRIBS_EXT__ 1
| #define __STDC_WANT_IEC_60559_BFP_EXT__ 1
| #define __STDC_WANT_IEC_60559_DFP_EXT__ 1
| #define __STDC_WANT_IEC_60559_FUNCS_EXT__ 1
| #define __STDC_WANT_IEC_60559_TYPES_EXT__ 1
| #define __STDC_WANT_LIB_EXT2__ 1
| #define __STDC_WANT_MATH_SPEC_FUNCS__ 1
| #define _TANDEM_SOURCE 1
| #define __EXTENSIONS__ 1
| #define GETTEXT_PACKAGE "glib20"
| #define GLIB_LOCALE_DIR ""
| #define HAVE_DLFCN_H 1
| #define LT_OBJDIR ".libs/"
| #define HAVE_VPRINTF 1
| #define HAVE_ALLOCA_H 1
| #define HAVE_ALLOCA 1
| #define HAVE_MMAP 1
| #define HAVE_POSIX_MEMALIGN 1
| #define HAVE_MEMALIGN 1
| #define HAVE_VALLOC 1
| #define HAVE_FSYNC 1
| #define HAVE_PIPE2 1
| #define HAVE_ATEXIT 1
| #define HAVE_ON_EXIT 1
| #define HAVE_TIMEGM 1
| #define HAVE_GMTIME_R 1
| #define HAVE_LIBC_ENABLE_SECURE 1
| #define SIZEOF_CHAR 1
| #define SIZEOF_SHORT 2
| #define SIZEOF_LONG 8
| #define SIZEOF_INT 4
| #define SIZEOF_VOID_P 8
| #define SIZEOF_LONG_LONG 8
| #define HAVE_SIG_ATOMIC_T 1
| #define HAVE_LONG_LONG_FORMAT 1
| #define G_HAVE___INLINE 1
| #define G_HAVE___INLINE__ 1
| #define G_HAVE_INLINE 1
| #define HAVE_DOWHILE_MACROS 1
| #define HAVE_DIRENT_H 1
| #define HAVE_FLOAT_H 1
| #define HAVE_LIMITS_H 1
| #define HAVE_PWD_H 1
| #define HAVE_GRP_H 1
| #define HAVE_SYS_PARAM_H 1
| #define HAVE_SYS_POLL_H 1
| #define HAVE_SYS_RESOURCE_H 1
| #define HAVE_SYS_TIME_H 1
| #define HAVE_SYS_TIMES_H 1
| #define HAVE_SYS_WAIT_H 1
| #define HAVE_UNISTD_H 1
| #define HAVE_VALUES_H 1
| #define HAVE_SYS_SELECT_H 1
| #define HAVE_SYS_TYPES_H 1
| #define HAVE_STDINT_H 1
| #define HAVE_INTTYPES_H 1
| #define HAVE_SCHED_H 1
| #define HAVE_MALLOC_H 1
| #define HAVE_SYS_VFS_H 1
| #define HAVE_SYS_STATFS_H 1
| #define HAVE_SYS_STATVFS_H 1
| #define HAVE_MNTENT_H 1
| #define HAVE_FSTAB_H 1
| #define HAVE_SYS_UIO_H 1
| #define HAVE_LINUX_MAGIC_H 1
| #define HAVE_SYS_PRCTL_H 1
| #define HAVE_SYS_MOUNT_H 1
| #define HAVE_STRUCT_STAT_ST_MTIM_TV_NSEC 1
| #define HAVE_STRUCT_STAT_ST_ATIM_TV_NSEC 1
| #define HAVE_STRUCT_STAT_ST_CTIM_TV_NSEC 1
| #define HAVE_STRUCT_STAT_ST_BLKSIZE 1
| #define HAVE_STRUCT_STAT_ST_BLOCKS 1
| #define HAVE_STRUCT_STATFS_F_BAVAIL 1
| #define HAVE_STRUCT_TM_TM_GMTOFF 1
| #define HAVE_DIRENT_H 1
| #define HAVE_STRUCT_DIRENT_D_TYPE 1
| #define HAVE_LANGINFO_CODESET 1
| #define HAVE_STDDEF_H 1
| #define HAVE_STDLIB_H 1
| #define HAVE_STRING_H 1
| #define HAVE_SETLOCALE 1
| #define SIZEOF_SIZE_T 8
| #define SIZEOF_SSIZE_T 8
| #define HAVE_LSTAT 1
| #define HAVE_STRERROR 1
| #define HAVE_STRSIGNAL 1
| #define HAVE_MEMMOVE 1
| #define HAVE_VSNPRINTF 1
| #define HAVE_STPCPY 1
| #define HAVE_STRCASECMP 1
| #define HAVE_STRNCASECMP 1
| #define HAVE_POLL 1
| #define HAVE_GETCWD 1
| #define HAVE_VASPRINTF 1
| #define HAVE_SETENV 1
| #define HAVE_UNSETENV 1
| #define HAVE_GETC_UNLOCKED 1
| #define HAVE_READLINK 1
| #define HAVE_SYMLINK 1
| #define HAVE_MEMMEM 1
| #define HAVE_CHOWN 1
| #define HAVE_LCHMOD 1
| #define HAVE_LCHOWN 1
| #define HAVE_FCHMOD 1
| #define HAVE_FCHOWN 1
| #define HAVE_LINK 1
| #define HAVE_UTIMES 1
| #define HAVE_GETGRGID 1
| #define HAVE_GETPWUID 1
| #define HAVE_GETRESUID 1
| #define HAVE_GETMNTENT_R 1
| #define HAVE_SETMNTENT 1
| #define HAVE_ENDMNTENT 1
| #define HAVE_HASMNTOPT 1
| #define HAVE_FALLOCATE 1
| #define HAVE_SPLICE 1
| #define HAVE_PRLIMIT 1
| #define HAVE_STATVFS 1
| #define HAVE_STATFS 1
| #define USE_STATFS 1
| /* end confdefs.h.  */
| #include <stddef.h>
| #ifdef HAVE_STDIO_H
| # include <stdio.h>
| #endif
| #ifdef HAVE_STDLIB_H
| # include <stdlib.h>
| #endif
| #ifdef HAVE_STRING_H
| # include <string.h>
| #endif
| #ifdef HAVE_INTTYPES_H
| # include <inttypes.h>
| #endif
| #ifdef HAVE_STDINT_H
| # include <stdint.h>
| #endif
| #ifdef HAVE_STRINGS_H
| # include <strings.h>
| #endif
| #ifdef HAVE_SYS_TYPES_H
| # include <sys/types.h>
| #endif
| #ifdef HAVE_SYS_STAT_H
| # include <sys/stat.h>
| #endif
| #ifdef HAVE_UNISTD_H
| # include <unistd.h>
| #endif
| #include <crt_externs.h>
configure:24581: result: no
configure:24588: checking for _NSGetEnviron
configure:24588: gcc  -o conftest -isystem/home/ubuntu/yocto/rpi-build/tmp/work/x86_64-linux/pkgconfig-native/0.29.2+gitAUTOINC+d97db4fae4-r0/recipe-sysroot-native/usr/include -O2 -pipe -isystem/home/ubuntu/yocto/rpi-build/tmp/work/x86_64-linux/pkgconfig-native/0.29.2+gitAUTOINC+d97db4fae4-r0/recipe-sysroot-native/usr/include -L/home/ubuntu/yocto/rpi-build/tmp/work/x86_64-linux/pkgconfig-native/0.29.2+gitAUTOINC+d97db4fae4-r0/recipe-sysroot-native/usr/lib                         -L/home/ubuntu/yocto/rpi-build/tmp/work/x86_64-linux/pkgconfig-native/0.29.2+gitAUTOINC+d97db4fae4-r0/recipe-sysroot-native/lib                         -Wl,--enable-new-dtags                         -Wl,-rpath-link,/home/ubuntu/yocto/rpi-build/tmp/work/x86_64-linux/pkgconfig-native/0.29.2+gitAUTOINC+d97db4fae4-r0/recipe-sysroot-native/usr/lib                         -Wl,-rpath-link,/home/ubuntu/yocto/rpi-build/tmp/work/x86_64-linux/pkgconfig-native/0.29.2+gitAUTOINC+d97db4fae4-r0/recipe-sysroot-native/lib                         -Wl,-rpath,/home/ubuntu/yocto/rpi-build/tmp/work/x86_64-linux/pkgconfig-native/0.29.2+gitAUTOINC+d97db4fae4-r0/recipe-sysroot-native/usr/lib                         -Wl,-rpath,/home/ubuntu/yocto/rpi-build/tmp/work/x86_64-linux/pkgconfig-native/0.29.2+gitAUTOINC+d97db4fae4-r0/recipe-sysroot-native/lib                         -Wl,-O1 -Wl,--allow-shlib-undefined -Wl,--dynamic-linker=/home/ubuntu/yocto/rpi-build/tmp/sysroots-uninative/x86_64-linux/lib/ld-linux-x86-64.so.2 conftest.c  >&5
/home/ubuntu/yocto/rpi-build/tmp/hosttools/ld: /tmp/ccEq27Ld.o: in function `main':
conftest.c:(.text.startup+0x9): undefined reference to `_NSGetEnviron'
collect2: error: ld returned 1 exit status
configure:24588: $? = 1
configure: failed program was:
| /* confdefs.h */
| #define PACKAGE_NAME "glib"
| #define PACKAGE_TARNAME "glib"
| #define PACKAGE_VERSION "2.38.2"
| #define PACKAGE_STRING "glib 2.38.2"
| #define PACKAGE_BUGREPORT "http://bugzilla.gnome.org/enter_bug.cgi?product=glib"
| #define PACKAGE_URL ""
| #define GLIB_MAJOR_VERSION 2
| #define GLIB_MINOR_VERSION 38
| #define GLIB_MICRO_VERSION 2
| #define GLIB_INTERFACE_AGE 2
| #define GLIB_BINARY_AGE 3802
| #define HAVE_STDIO_H 1
| #define HAVE_STDLIB_H 1
| #define HAVE_STRING_H 1
| #define HAVE_INTTYPES_H 1
| #define HAVE_STDINT_H 1
| #define HAVE_STRINGS_H 1
| #define HAVE_SYS_STAT_H 1
| #define HAVE_SYS_TYPES_H 1
| #define HAVE_UNISTD_H 1
| #define HAVE_WCHAR_H 1
| #define STDC_HEADERS 1
| #define _ALL_SOURCE 1
| #define _DARWIN_C_SOURCE 1
| #define _GNU_SOURCE 1
| #define _HPUX_ALT_XOPEN_SOCKET_API 1
| #define _NETBSD_SOURCE 1
| #define _OPENBSD_SOURCE 1
| #define _POSIX_PTHREAD_SEMANTICS 1
| #define __STDC_WANT_IEC_60559_ATTRIBS_EXT__ 1
| #define __STDC_WANT_IEC_60559_BFP_EXT__ 1
| #define __STDC_WANT_IEC_60559_DFP_EXT__ 1
| #define __STDC_WANT_IEC_60559_FUNCS_EXT__ 1
| #define __STDC_WANT_IEC_60559_TYPES_EXT__ 1
| #define __STDC_WANT_LIB_EXT2__ 1
| #define __STDC_WANT_MATH_SPEC_FUNCS__ 1
| #define _TANDEM_SOURCE 1
| #define __EXTENSIONS__ 1
| #define GETTEXT_PACKAGE "glib20"
| #define GLIB_LOCALE_DIR ""
| #define HAVE_DLFCN_H 1
| #define LT_OBJDIR ".libs/"
| #define HAVE_VPRINTF 1
| #define HAVE_ALLOCA_H 1
| #define HAVE_ALLOCA 1
| #define HAVE_MMAP 1
| #define HAVE_POSIX_MEMALIGN 1
| #define HAVE_MEMALIGN 1
| #define HAVE_VALLOC 1
| #define HAVE_FSYNC 1
| #define HAVE_PIPE2 1
| #define HAVE_ATEXIT 1
| #define HAVE_ON_EXIT 1
| #define HAVE_TIMEGM 1
| #define HAVE_GMTIME_R 1
| #define HAVE_LIBC_ENABLE_SECURE 1
| #define SIZEOF_CHAR 1
| #define SIZEOF_SHORT 2
| #define SIZEOF_LONG 8
| #define SIZEOF_INT 4
| #define SIZEOF_VOID_P 8
| #define SIZEOF_LONG_LONG 8
| #define HAVE_SIG_ATOMIC_T 1
| #define HAVE_LONG_LONG_FORMAT 1
| #define G_HAVE___INLINE 1
| #define G_HAVE___INLINE__ 1
| #define G_HAVE_INLINE 1
| #define HAVE_DOWHILE_MACROS 1
| #define HAVE_DIRENT_H 1
| #define HAVE_FLOAT_H 1
| #define HAVE_LIMITS_H 1
| #define HAVE_PWD_H 1
| #define HAVE_GRP_H 1
| #define HAVE_SYS_PARAM_H 1
| #define HAVE_SYS_POLL_H 1
| #define HAVE_SYS_RESOURCE_H 1
| #define HAVE_SYS_TIME_H 1
| #define HAVE_SYS_TIMES_H 1
| #define HAVE_SYS_WAIT_H 1
| #define HAVE_UNISTD_H 1
| #define HAVE_VALUES_H 1
| #define HAVE_SYS_SELECT_H 1
| #define HAVE_SYS_TYPES_H 1
| #define HAVE_STDINT_H 1
| #define HAVE_INTTYPES_H 1
| #define HAVE_SCHED_H 1
| #define HAVE_MALLOC_H 1
| #define HAVE_SYS_VFS_H 1
| #define HAVE_SYS_STATFS_H 1
| #define HAVE_SYS_STATVFS_H 1
| #define HAVE_MNTENT_H 1
| #define HAVE_FSTAB_H 1
| #define HAVE_SYS_UIO_H 1
| #define HAVE_LINUX_MAGIC_H 1
| #define HAVE_SYS_PRCTL_H 1
| #define HAVE_SYS_MOUNT_H 1
| #define HAVE_STRUCT_STAT_ST_MTIM_TV_NSEC 1
| #define HAVE_STRUCT_STAT_ST_ATIM_TV_NSEC 1
| #define HAVE_STRUCT_STAT_ST_CTIM_TV_NSEC 1
| #define HAVE_STRUCT_STAT_ST_BLKSIZE 1
| #define HAVE_STRUCT_STAT_ST_BLOCKS 1
| #define HAVE_STRUCT_STATFS_F_BAVAIL 1
| #define HAVE_STRUCT_TM_TM_GMTOFF 1
| #define HAVE_DIRENT_H 1
| #define HAVE_STRUCT_DIRENT_D_TYPE 1
| #define HAVE_LANGINFO_CODESET 1
| #define HAVE_STDDEF_H 1
| #define HAVE_STDLIB_H 1
| #define HAVE_STRING_H 1
| #define HAVE_SETLOCALE 1
| #define SIZEOF_SIZE_T 8
| #define SIZEOF_SSIZE_T 8
| #define HAVE_LSTAT 1
| #define HAVE_STRERROR 1
| #define HAVE_STRSIGNAL 1
| #define HAVE_MEMMOVE 1
| #define HAVE_VSNPRINTF 1
| #define HAVE_STPCPY 1
| #define HAVE_STRCASECMP 1
| #define HAVE_STRNCASECMP 1
| #define HAVE_POLL 1
| #define HAVE_GETCWD 1
| #define HAVE_VASPRINTF 1
| #define HAVE_SETENV 1
| #define HAVE_UNSETENV 1
| #define HAVE_GETC_UNLOCKED 1
| #define HAVE_READLINK 1
| #define HAVE_SYMLINK 1
| #define HAVE_MEMMEM 1
| #define HAVE_CHOWN 1
| #define HAVE_LCHMOD 1
| #define HAVE_LCHOWN 1
| #define HAVE_FCHMOD 1
| #define HAVE_FCHOWN 1
| #define HAVE_LINK 1
| #define HAVE_UTIMES 1
| #define HAVE_GETGRGID 1
| #define HAVE_GETPWUID 1
| #define HAVE_GETRESUID 1
| #define HAVE_GETMNTENT_R 1
| #define HAVE_SETMNTENT 1
| #define HAVE_ENDMNTENT 1
| #define HAVE_HASMNTOPT 1
| #define HAVE_FALLOCATE 1
| #define HAVE_SPLICE 1
| #define HAVE_PRLIMIT 1
| #define HAVE_STATVFS 1
| #define HAVE_STATFS 1
| #define USE_STATFS 1
| /* end confdefs.h.  */
| /* Define _NSGetEnviron to an innocuous variant, in case <limits.h> declares _NSGetEnviron.
|    For example, HP-UX 11i <limits.h> declares gettimeofday.  */
| #define _NSGetEnviron innocuous__NSGetEnviron
| 
| /* System header to define __stub macros and hopefully few prototypes,
|    which can conflict with char _NSGetEnviron (void); below.  */
| 
| #include <limits.h>
| #undef _NSGetEnviron
| 
| /* Override any GCC internal prototype to avoid an error.
|    Use char because int might match the return type of a GCC
|    builtin and then its argument prototype would still apply.  */
| #ifdef __cplusplus
| extern "C"
| #endif
| char _NSGetEnviron (void);
| /* The GNU C library defines this for functions which it implements
|     to always fail with ENOSYS.  Some functions are actually named
|     something starting with __ and the normal name is an alias.  */
| #if defined __stub__NSGetEnviron || defined __stub____NSGetEnviron
| choke me
| #endif
| 
| int
| main (void)
| {
| return _NSGetEnviron ();
|   ;
|   return 0;
| }
configure:24588: result: no
configure:24596: checking for newlocale
configure:24596: gcc  -o conftest -isystem/home/ubuntu/yocto/rpi-build/tmp/work/x86_64-linux/pkgconfig-native/0.29.2+gitAUTOINC+d97db4fae4-r0/recipe-sysroot-native/usr/include -O2 -pipe -isystem/home/ubuntu/yocto/rpi-build/tmp/work/x86_64-linux/pkgconfig-native/0.29.2+gitAUTOINC+d97db4fae4-r0/recipe-sysroot-native/usr/include -L/home/ubuntu/yocto/rpi-build/tmp/work/x86_64-linux/pkgconfig-native/0.29.2+gitAUTOINC+d97db4fae4-r0/recipe-sysroot-native/usr/lib                         -L/home/ubuntu/yocto/rpi-build/tmp/work/x86_64-linux/pkgconfig-native/0.29.2+gitAUTOINC+d97db4fae4-r0/recipe-sysroot-native/lib                         -Wl,--enable-new-dtags                         -Wl,-rpath-link,/home/ubuntu/yocto/rpi-build/tmp/work/x86_64-linux/pkgconfig-native/0.29.2+gitAUTOINC+d97db4fae4-r0/recipe-sysroot-native/usr/lib                         -Wl,-rpath-link,/home/ubuntu/yocto/rpi-build/tmp/work/x86_64-linux/pkgconfig-native/0.29.2+gitAUTOINC+d97db4fae4-r0/recipe-sysroot-native/lib                         -Wl,-rpath,/home/ubuntu/yocto/rpi-build/tmp/work/x86_64-linux/pkgconfig-native/0.29.2+gitAUTOINC+d97db4fae4-r0/recipe-sysroot-native/usr/lib                         -Wl,-rpath,/home/ubuntu/yocto/rpi-build/tmp/work/x86_64-linux/pkgconfig-native/0.29.2+gitAUTOINC+d97db4fae4-r0/recipe-sysroot-native/lib                         -Wl,-O1 -Wl,--allow-shlib-undefined -Wl,--dynamic-linker=/home/ubuntu/yocto/rpi-build/tmp/sysroots-uninative/x86_64-linux/lib/ld-linux-x86-64.so.2 conftest.c  >&5
configure:24596: $? = 0
configure:24596: result: yes
configure:24602: checking for uselocale
configure:24602: gcc  -o conftest -isystem/home/ubuntu/yocto/rpi-build/tmp/work/x86_64-linux/pkgconfig-native/0.29.2+gitAUTOINC+d97db4fae4-r0/recipe-sysroot-native/usr/include -O2 -pipe -isystem/home/ubuntu/yocto/rpi-build/tmp/work/x86_64-linux/pkgconfig-native/0.29.2+gitAUTOINC+d97db4fae4-r0/recipe-sysroot-native/usr/include -L/home/ubuntu/yocto/rpi-build/tmp/work/x86_64-linux/pkgconfig-native/0.29.2+gitAUTOINC+d97db4fae4-r0/recipe-sysroot-native/usr/lib                         -L/home/ubuntu/yocto/rpi-build/tmp/work/x86_64-linux/pkgconfig-native/0.29.2+gitAUTOINC+d97db4fae4-r0/recipe-sysroot-native/lib                         -Wl,--enable-new-dtags                         -Wl,-rpath-link,/home/ubuntu/yocto/rpi-build/tmp/work/x86_64-linux/pkgconfig-native/0.29.2+gitAUTOINC+d97db4fae4-r0/recipe-sysroot-native/usr/lib                         -Wl,-rpath-link,/home/ubuntu/yocto/rpi-build/tmp/work/x86_64-linux/pkgconfig-native/0.29.2+gitAUTOINC+d97db4fae4-r0/recipe-sysroot-native/lib                         -Wl,-rpath,/home/ubuntu/yocto/rpi-build/tmp/work/x86_64-linux/pkgconfig-native/0.29.2+gitAUTOINC+d97db4fae4-r0/recipe-sysroot-native/usr/lib                         -Wl,-rpath,/home/ubuntu/yocto/rpi-build/tmp/work/x86_64-linux/pkgconfig-native/0.29.2+gitAUTOINC+d97db4fae4-r0/recipe-sysroot-native/lib                         -Wl,-O1 -Wl,--allow-shlib-undefined -Wl,--dynamic-linker=/home/ubuntu/yocto/rpi-build/tmp/sysroots-uninative/x86_64-linux/lib/ld-linux-x86-64.so.2 conftest.c  >&5
configure:24602: $? = 0
configure:24602: result: yes
configure:24608: checking for strtod_l
configure:24608: gcc  -o conftest -isystem/home/ubuntu/yocto/rpi-build/tmp/work/x86_64-linux/pkgconfig-native/0.29.2+gitAUTOINC+d97db4fae4-r0/recipe-sysroot-native/usr/include -O2 -pipe -isystem/home/ubuntu/yocto/rpi-build/tmp/work/x86_64-linux/pkgconfig-native/0.29.2+gitAUTOINC+d97db4fae4-r0/recipe-sysroot-native/usr/include -L/home/ubuntu/yocto/rpi-build/tmp/work/x86_64-linux/pkgconfig-native/0.29.2+gitAUTOINC+d97db4fae4-r0/recipe-sysroot-native/usr/lib                         -L/home/ubuntu/yocto/rpi-build/tmp/work/x86_64-linux/pkgconfig-native/0.29.2+gitAUTOINC+d97db4fae4-r0/recipe-sysroot-native/lib                         -Wl,--enable-new-dtags                         -Wl,-rpath-link,/home/ubuntu/yocto/rpi-build/tmp/work/x86_64-linux/pkgconfig-native/0.29.2+gitAUTOINC+d97db4fae4-r0/recipe-sysroot-native/usr/lib                         -Wl,-rpath-link,/home/ubuntu/yocto/rpi-build/tmp/work/x86_64-linux/pkgconfig-native/0.29.2+gitAUTOINC+d97db4fae4-r0/recipe-sysroot-native/lib                         -Wl,-rpath,/home/ubuntu/yocto/rpi-build/tmp/work/x86_64-linux/pkgconfig-native/0.29.2+gitAUTOINC+d97db4fae4-r0/recipe-sysroot-native/usr/lib                         -Wl,-rpath,/home/ubuntu/yocto/rpi-build/tmp/work/x86_64-linux/pkgconfig-native/0.29.2+gitAUTOINC+d97db4fae4-r0/recipe-sysroot-native/lib                         -Wl,-O1 -Wl,--allow-shlib-undefined -Wl,--dynamic-linker=/home/ubuntu/yocto/rpi-build/tmp/sysroots-uninative/x86_64-linux/lib/ld-linux-x86-64.so.2 conftest.c  >&5
configure:24608: $? = 0
configure:24608: result: yes
configure:24614: checking for strtoll_l
configure:24614: gcc  -o conftest -isystem/home/ubuntu/yocto/rpi-build/tmp/work/x86_64-linux/pkgconfig-native/0.29.2+gitAUTOINC+d97db4fae4-r0/recipe-sysroot-native/usr/include -O2 -pipe -isystem/home/ubuntu/yocto/rpi-build/tmp/work/x86_64-linux/pkgconfig-native/0.29.2+gitAUTOINC+d97db4fae4-r0/recipe-sysroot-native/usr/include -L/home/ubuntu/yocto/rpi-build/tmp/work/x86_64-linux/pkgconfig-native/0.29.2+gitAUTOINC+d97db4fae4-r0/recipe-sysroot-native/usr/lib                         -L/home/ubuntu/yocto/rpi-build/tmp/work/x86_64-linux/pkgconfig-native/0.29.2+gitAUTOINC+d97db4fae4-r0/recipe-sysroot-native/lib                         -Wl,--enable-new-dtags                         -Wl,-rpath-link,/home/ubuntu/yocto/rpi-build/tmp/work/x86_64-linux/pkgconfig-native/0.29.2+gitAUTOINC+d97db4fae4-r0/recipe-sysroot-native/usr/lib                         -Wl,-rpath-link,/home/ubuntu/yocto/rpi-build/tmp/work/x86_64-linux/pkgconfig-native/0.29.2+gitAUTOINC+d97db4fae4-r0/recipe-sysroot-native/lib                         -Wl,-rpath,/home/ubuntu/yocto/rpi-build/tmp/work/x86_64-linux/pkgconfig-native/0.29.2+gitAUTOINC+d97db4fae4-r0/recipe-sysroot-native/usr/lib                         -Wl,-rpath,/home/ubuntu/yocto/rpi-build/tmp/work/x86_64-linux/pkgconfig-native/0.29.2+gitAUTOINC+d97db4fae4-r0/recipe-sysroot-native/lib                         -Wl,-O1 -Wl,--allow-shlib-undefined -Wl,--dynamic-linker=/home/ubuntu/yocto/rpi-build/tmp/sysroots-uninative/x86_64-linux/lib/ld-linux-x86-64.so.2 conftest.c  >&5
configure:24614: $? = 0
configure:24614: result: yes
configure:24620: checking for strtoull_l
configure:24620: gcc  -o conftest -isystem/home/ubuntu/yocto/rpi-build/tmp/work/x86_64-linux/pkgconfig-native/0.29.2+gitAUTOINC+d97db4fae4-r0/recipe-sysroot-native/usr/include -O2 -pipe -isystem/home/ubuntu/yocto/rpi-build/tmp/work/x86_64-linux/pkgconfig-native/0.29.2+gitAUTOINC+d97db4fae4-r0/recipe-sysroot-native/usr/include -L/home/ubuntu/yocto/rpi-build/tmp/work/x86_64-linux/pkgconfig-native/0.29.2+gitAUTOINC+d97db4fae4-r0/recipe-sysroot-native/usr/lib                         -L/home/ubuntu/yocto/rpi-build/tmp/work/x86_64-linux/pkgconfig-native/0.29.2+gitAUTOINC+d97db4fae4-r0/recipe-sysroot-native/lib                         -Wl,--enable-new-dtags                         -Wl,-rpath-link,/home/ubuntu/yocto/rpi-build/tmp/work/x86_64-linux/pkgconfig-native/0.29.2+gitAUTOINC+d97db4fae4-r0/recipe-sysroot-native/usr/lib                         -Wl,-rpath-link,/home/ubuntu/yocto/rpi-build/tmp/work/x86_64-linux/pkgconfig-native/0.29.2+gitAUTOINC+d97db4fae4-r0/recipe-sysroot-native/lib                         -Wl,-rpath,/home/ubuntu/yocto/rpi-build/tmp/work/x86_64-linux/pkgconfig-native/0.29.2+gitAUTOINC+d97db4fae4-r0/recipe-sysroot-native/usr/lib                         -Wl,-rpath,/home/ubuntu/yocto/rpi-build/tmp/work/x86_64-linux/pkgconfig-native/0.29.2+gitAUTOINC+d97db4fae4-r0/recipe-sysroot-native/lib                         -Wl,-O1 -Wl,--allow-shlib-undefined -Wl,--dynamic-linker=/home/ubuntu/yocto/rpi-build/tmp/sysroots-uninative/x86_64-linux/lib/ld-linux-x86-64.so.2 conftest.c  >&5
configure:24620: $? = 0
configure:24620: result: yes
configure:24628: checking for C99 vsnprintf
configure:24688: result: yes
configure:24696: checking whether printf supports positional parameters
configure:24732: result: yes
configure:24754: checking value of AF_INET
configure:24760: gcc  -o conftest -isystem/home/ubuntu/yocto/rpi-build/tmp/work/x86_64-linux/pkgconfig-native/0.29.2+gitAUTOINC+d97db4fae4-r0/recipe-sysroot-native/usr/include -O2 -pipe -isystem/home/ubuntu/yocto/rpi-build/tmp/work/x86_64-linux/pkgconfig-native/0.29.2+gitAUTOINC+d97db4fae4-r0/recipe-sysroot-native/usr/include -L/home/ubuntu/yocto/rpi-build/tmp/work/x86_64-linux/pkgconfig-native/0.29.2+gitAUTOINC+d97db4fae4-r0/recipe-sysroot-native/usr/lib                         -L/home/ubuntu/yocto/rpi-build/tmp/work/x86_64-linux/pkgconfig-native/0.29.2+gitAUTOINC+d97db4fae4-r0/recipe-sysroot-native/lib                         -Wl,--enable-new-dtags                         -Wl,-rpath-link,/home/ubuntu/yocto/rpi-build/tmp/work/x86_64-linux/pkgconfig-native/0.29.2+gitAUTOINC+d97db4fae4-r0/recipe-sysroot-native/usr/lib                         -Wl,-rpath-link,/home/ubuntu/yocto/rpi-build/tmp/work/x86_64-linux/pkgconfig-native/0.29.2+gitAUTOINC+d97db4fae4-r0/recipe-sysroot-native/lib                         -Wl,-rpath,/home/ubuntu/yocto/rpi-build/tmp/work/x86_64-linux/pkgconfig-native/0.29.2+gitAUTOINC+d97db4fae4-r0/recipe-sysroot-native/usr/lib                         -Wl,-rpath,/home/ubuntu/yocto/rpi-build/tmp/work/x86_64-linux/pkgconfig-native/0.29.2+gitAUTOINC+d97db4fae4-r0/recipe-sysroot-native/lib                         -Wl,-O1 -Wl,--allow-shlib-undefined -Wl,--dynamic-linker=/home/ubuntu/yocto/rpi-build/tmp/sysroots-uninative/x86_64-linux/lib/ld-linux-x86-64.so.2 conftest.c  >&5
configure:24760: $? = 0
configure:24760: ./conftest
configure:24760: $? = 0
configure:24768: result: 2
configure:24771: checking value of AF_INET6
configure:24777: gcc  -o conftest -isystem/home/ubuntu/yocto/rpi-build/tmp/work/x86_64-linux/pkgconfig-native/0.29.2+gitAUTOINC+d97db4fae4-r0/recipe-sysroot-native/usr/include -O2 -pipe -isystem/home/ubuntu/yocto/rpi-build/tmp/work/x86_64-linux/pkgconfig-native/0.29.2+gitAUTOINC+d97db4fae4-r0/recipe-sysroot-native/usr/include -L/home/ubuntu/yocto/rpi-build/tmp/work/x86_64-linux/pkgconfig-native/0.29.2+gitAUTOINC+d97db4fae4-r0/recipe-sysroot-native/usr/lib                         -L/home/ubuntu/yocto/rpi-build/tmp/work/x86_64-linux/pkgconfig-native/0.29.2+gitAUTOINC+d97db4fae4-r0/recipe-sysroot-native/lib                         -Wl,--enable-new-dtags                         -Wl,-rpath-link,/home/ubuntu/yocto/rpi-build/tmp/work/x86_64-linux/pkgconfig-native/0.29.2+gitAUTOINC+d97db4fae4-r0/recipe-sysroot-native/usr/lib                         -Wl,-rpath-link,/home/ubuntu/yocto/rpi-build/tmp/work/x86_64-linux/pkgconfig-native/0.29.2+gitAUTOINC+d97db4fae4-r0/recipe-sysroot-native/lib                         -Wl,-rpath,/home/ubuntu/yocto/rpi-build/tmp/work/x86_64-linux/pkgconfig-native/0.29.2+gitAUTOINC+d97db4fae4-r0/recipe-sysroot-native/usr/lib                         -Wl,-rpath,/home/ubuntu/yocto/rpi-build/tmp/work/x86_64-linux/pkgconfig-native/0.29.2+gitAUTOINC+d97db4fae4-r0/recipe-sysroot-native/lib                         -Wl,-O1 -Wl,--allow-shlib-undefined -Wl,--dynamic-linker=/home/ubuntu/yocto/rpi-build/tmp/sysroots-uninative/x86_64-linux/lib/ld-linux-x86-64.so.2 conftest.c  >&5
configure:24777: $? = 0
configure:24777: ./conftest
configure:24777: $? = 0
configure:24785: result: 10
configure:24789: checking value of AF_UNIX
configure:24795: gcc  -o conftest -isystem/home/ubuntu/yocto/rpi-build/tmp/work/x86_64-linux/pkgconfig-native/0.29.2+gitAUTOINC+d97db4fae4-r0/recipe-sysroot-native/usr/include -O2 -pipe -isystem/home/ubuntu/yocto/rpi-build/tmp/work/x86_64-linux/pkgconfig-native/0.29.2+gitAUTOINC+d97db4fae4-r0/recipe-sysroot-native/usr/include -L/home/ubuntu/yocto/rpi-build/tmp/work/x86_64-linux/pkgconfig-native/0.29.2+gitAUTOINC+d97db4fae4-r0/recipe-sysroot-native/usr/lib                         -L/home/ubuntu/yocto/rpi-build/tmp/work/x86_64-linux/pkgconfig-native/0.29.2+gitAUTOINC+d97db4fae4-r0/recipe-sysroot-native/lib                         -Wl,--enable-new-dtags                         -Wl,-rpath-link,/home/ubuntu/yocto/rpi-build/tmp/work/x86_64-linux/pkgconfig-native/0.29.2+gitAUTOINC+d97db4fae4-r0/recipe-sysroot-native/usr/lib                         -Wl,-rpath-link,/home/ubuntu/yocto/rpi-build/tmp/work/x86_64-linux/pkgconfig-native/0.29.2+gitAUTOINC+d97db4fae4-r0/recipe-sysroot-native/lib                         -Wl,-rpath,/home/ubuntu/yocto/rpi-build/tmp/work/x86_64-linux/pkgconfig-native/0.29.2+gitAUTOINC+d97db4fae4-r0/recipe-sysroot-native/usr/lib                         -Wl,-rpath,/home/ubuntu/yocto/rpi-build/tmp/work/x86_64-linux/pkgconfig-native/0.29.2+gitAUTOINC+d97db4fae4-r0/recipe-sysroot-native/lib                         -Wl,-O1 -Wl,--allow-shlib-undefined -Wl,--dynamic-linker=/home/ubuntu/yocto/rpi-build/tmp/sysroots-uninative/x86_64-linux/lib/ld-linux-x86-64.so.2 conftest.c  >&5
configure:24795: $? = 0
configure:24795: ./conftest
configure:24795: $? = 0
configure:24803: result: 1
configure:24811: checking value of MSG_PEEK
configure:24817: gcc  -o conftest -isystem/home/ubuntu/yocto/rpi-build/tmp/work/x86_64-linux/pkgconfig-native/0.29.2+gitAUTOINC+d97db4fae4-r0/recipe-sysroot-native/usr/include -O2 -pipe -isystem/home/ubuntu/yocto/rpi-build/tmp/work/x86_64-linux/pkgconfig-native/0.29.2+gitAUTOINC+d97db4fae4-r0/recipe-sysroot-native/usr/include -L/home/ubuntu/yocto/rpi-build/tmp/work/x86_64-linux/pkgconfig-native/0.29.2+gitAUTOINC+d97db4fae4-r0/recipe-sysroot-native/usr/lib                         -L/home/ubuntu/yocto/rpi-build/tmp/work/x86_64-linux/pkgconfig-native/0.29.2+gitAUTOINC+d97db4fae4-r0/recipe-sysroot-native/lib                         -Wl,--enable-new-dtags                         -Wl,-rpath-link,/home/ubuntu/yocto/rpi-build/tmp/work/x86_64-linux/pkgconfig-native/0.29.2+gitAUTOINC+d97db4fae4-r0/recipe-sysroot-native/usr/lib                         -Wl,-rpath-link,/home/ubuntu/yocto/rpi-build/tmp/work/x86_64-linux/pkgconfig-native/0.29.2+gitAUTOINC+d97db4fae4-r0/recipe-sysroot-native/lib                         -Wl,-rpath,/home/ubuntu/yocto/rpi-build/tmp/work/x86_64-linux/pkgconfig-native/0.29.2+gitAUTOINC+d97db4fae4-r0/recipe-sysroot-native/usr/lib                         -Wl,-rpath,/home/ubuntu/yocto/rpi-build/tmp/work/x86_64-linux/pkgconfig-native/0.29.2+gitAUTOINC+d97db4fae4-r0/recipe-sysroot-native/lib                         -Wl,-O1 -Wl,--allow-shlib-undefined -Wl,--dynamic-linker=/home/ubuntu/yocto/rpi-build/tmp/sysroots-uninative/x86_64-linux/lib/ld-linux-x86-64.so.2 conftest.c  >&5
configure:24817: $? = 0
configure:24817: ./conftest
configure:24817: $? = 0
configure:24825: result: 2
configure:24828: checking value of MSG_OOB
configure:24834: gcc  -o conftest -isystem/home/ubuntu/yocto/rpi-build/tmp/work/x86_64-linux/pkgconfig-native/0.29.2+gitAUTOINC+d97db4fae4-r0/recipe-sysroot-native/usr/include -O2 -pipe -isystem/home/ubuntu/yocto/rpi-build/tmp/work/x86_64-linux/pkgconfig-native/0.29.2+gitAUTOINC+d97db4fae4-r0/recipe-sysroot-native/usr/include -L/home/ubuntu/yocto/rpi-build/tmp/work/x86_64-linux/pkgconfig-native/0.29.2+gitAUTOINC+d97db4fae4-r0/recipe-sysroot-native/usr/lib                         -L/home/ubuntu/yocto/rpi-build/tmp/work/x86_64-linux/pkgconfig-native/0.29.2+gitAUTOINC+d97db4fae4-r0/recipe-sysroot-native/lib                         -Wl,--enable-new-dtags                         -Wl,-rpath-link,/home/ubuntu/yocto/rpi-build/tmp/work/x86_64-linux/pkgconfig-native/0.29.2+gitAUTOINC+d97db4fae4-r0/recipe-sysroot-native/usr/lib                         -Wl,-rpath-link,/home/ubuntu/yocto/rpi-build/tmp/work/x86_64-linux/pkgconfig-native/0.29.2+gitAUTOINC+d97db4fae4-r0/recipe-sysroot-native/lib                         -Wl,-rpath,/home/ubuntu/yocto/rpi-build/tmp/work/x86_64-linux/pkgconfig-native/0.29.2+gitAUTOINC+d97db4fae4-r0/recipe-sysroot-native/usr/lib                         -Wl,-rpath,/home/ubuntu/yocto/rpi-build/tmp/work/x86_64-linux/pkgconfig-native/0.29.2+gitAUTOINC+d97db4fae4-r0/recipe-sysroot-native/lib                         -Wl,-O1 -Wl,--allow-shlib-undefined -Wl,--dynamic-linker=/home/ubuntu/yocto/rpi-build/tmp/sysroots-uninative/x86_64-linux/lib/ld-linux-x86-64.so.2 conftest.c  >&5
configure:24834: $? = 0
configure:24834: ./conftest
configure:24834: $? = 0
configure:24842: result: 1
configure:24845: checking value of MSG_DONTROUTE
configure:24851: gcc  -o conftest -isystem/home/ubuntu/yocto/rpi-build/tmp/work/x86_64-linux/pkgconfig-native/0.29.2+gitAUTOINC+d97db4fae4-r0/recipe-sysroot-native/usr/include -O2 -pipe -isystem/home/ubuntu/yocto/rpi-build/tmp/work/x86_64-linux/pkgconfig-native/0.29.2+gitAUTOINC+d97db4fae4-r0/recipe-sysroot-native/usr/include -L/home/ubuntu/yocto/rpi-build/tmp/work/x86_64-linux/pkgconfig-native/0.29.2+gitAUTOINC+d97db4fae4-r0/recipe-sysroot-native/usr/lib                         -L/home/ubuntu/yocto/rpi-build/tmp/work/x86_64-linux/pkgconfig-native/0.29.2+gitAUTOINC+d97db4fae4-r0/recipe-sysroot-native/lib                         -Wl,--enable-new-dtags                         -Wl,-rpath-link,/home/ubuntu/yocto/rpi-build/tmp/work/x86_64-linux/pkgconfig-native/0.29.2+gitAUTOINC+d97db4fae4-r0/recipe-sysroot-native/usr/lib                         -Wl,-rpath-link,/home/ubuntu/yocto/rpi-build/tmp/work/x86_64-linux/pkgconfig-native/0.29.2+gitAUTOINC+d97db4fae4-r0/recipe-sysroot-native/lib                         -Wl,-rpath,/home/ubuntu/yocto/rpi-build/tmp/work/x86_64-linux/pkgconfig-native/0.29.2+gitAUTOINC+d97db4fae4-r0/recipe-sysroot-native/usr/lib                         -Wl,-rpath,/home/ubuntu/yocto/rpi-build/tmp/work/x86_64-linux/pkgconfig-native/0.29.2+gitAUTOINC+d97db4fae4-r0/recipe-sysroot-native/lib                         -Wl,-O1 -Wl,--allow-shlib-undefined -Wl,--dynamic-linker=/home/ubuntu/yocto/rpi-build/tmp/sysroots-uninative/x86_64-linux/lib/ld-linux-x86-64.so.2 conftest.c  >&5
configure:24851: $? = 0
configure:24851: ./conftest
configure:24851: $? = 0
configure:24859: result: 4
configure:24866: checking for getprotobyname_r
configure:24866: gcc  -o conftest -isystem/home/ubuntu/yocto/rpi-build/tmp/work/x86_64-linux/pkgconfig-native/0.29.2+gitAUTOINC+d97db4fae4-r0/recipe-sysroot-native/usr/include -O2 -pipe -isystem/home/ubuntu/yocto/rpi-build/tmp/work/x86_64-linux/pkgconfig-native/0.29.2+gitAUTOINC+d97db4fae4-r0/recipe-sysroot-native/usr/include -L/home/ubuntu/yocto/rpi-build/tmp/work/x86_64-linux/pkgconfig-native/0.29.2+gitAUTOINC+d97db4fae4-r0/recipe-sysroot-native/usr/lib                         -L/home/ubuntu/yocto/rpi-build/tmp/work/x86_64-linux/pkgconfig-native/0.29.2+gitAUTOINC+d97db4fae4-r0/recipe-sysroot-native/lib                         -Wl,--enable-new-dtags                         -Wl,-rpath-link,/home/ubuntu/yocto/rpi-build/tmp/work/x86_64-linux/pkgconfig-native/0.29.2+gitAUTOINC+d97db4fae4-r0/recipe-sysroot-native/usr/lib                         -Wl,-rpath-link,/home/ubuntu/yocto/rpi-build/tmp/work/x86_64-linux/pkgconfig-native/0.29.2+gitAUTOINC+d97db4fae4-r0/recipe-sysroot-native/lib                         -Wl,-rpath,/home/ubuntu/yocto/rpi-build/tmp/work/x86_64-linux/pkgconfig-native/0.29.2+gitAUTOINC+d97db4fae4-r0/recipe-sysroot-native/usr/lib                         -Wl,-rpath,/home/ubuntu/yocto/rpi-build/tmp/work/x86_64-linux/pkgconfig-native/0.29.2+gitAUTOINC+d97db4fae4-r0/recipe-sysroot-native/lib                         -Wl,-O1 -Wl,--allow-shlib-undefined -Wl,--dynamic-linker=/home/ubuntu/yocto/rpi-build/tmp/sysroots-uninative/x86_64-linux/lib/ld-linux-x86-64.so.2 conftest.c  >&5
configure:24866: $? = 0
configure:24866: result: yes
configure:24872: checking for endservent
configure:24872: gcc  -o conftest -isystem/home/ubuntu/yocto/rpi-build/tmp/work/x86_64-linux/pkgconfig-native/0.29.2+gitAUTOINC+d97db4fae4-r0/recipe-sysroot-native/usr/include -O2 -pipe -isystem/home/ubuntu/yocto/rpi-build/tmp/work/x86_64-linux/pkgconfig-native/0.29.2+gitAUTOINC+d97db4fae4-r0/recipe-sysroot-native/usr/include -L/home/ubuntu/yocto/rpi-build/tmp/work/x86_64-linux/pkgconfig-native/0.29.2+gitAUTOINC+d97db4fae4-r0/recipe-sysroot-native/usr/lib                         -L/home/ubuntu/yocto/rpi-build/tmp/work/x86_64-linux/pkgconfig-native/0.29.2+gitAUTOINC+d97db4fae4-r0/recipe-sysroot-native/lib                         -Wl,--enable-new-dtags                         -Wl,-rpath-link,/home/ubuntu/yocto/rpi-build/tmp/work/x86_64-linux/pkgconfig-native/0.29.2+gitAUTOINC+d97db4fae4-r0/recipe-sysroot-native/usr/lib                         -Wl,-rpath-link,/home/ubuntu/yocto/rpi-build/tmp/work/x86_64-linux/pkgconfig-native/0.29.2+gitAUTOINC+d97db4fae4-r0/recipe-sysroot-native/lib                         -Wl,-rpath,/home/ubuntu/yocto/rpi-build/tmp/work/x86_64-linux/pkgconfig-native/0.29.2+gitAUTOINC+d97db4fae4-r0/recipe-sysroot-native/usr/lib                         -Wl,-rpath,/home/ubuntu/yocto/rpi-build/tmp/work/x86_64-linux/pkgconfig-native/0.29.2+gitAUTOINC+d97db4fae4-r0/recipe-sysroot-native/lib                         -Wl,-O1 -Wl,--allow-shlib-undefined -Wl,--dynamic-linker=/home/ubuntu/yocto/rpi-build/tmp/sysroots-uninative/x86_64-linux/lib/ld-linux-x86-64.so.2 conftest.c  >&5
configure:24872: $? = 0
configure:24872: result: yes
configure:24878: checking for if_nametoindex
configure:24878: gcc  -o conftest -isystem/home/ubuntu/yocto/rpi-build/tmp/work/x86_64-linux/pkgconfig-native/0.29.2+gitAUTOINC+d97db4fae4-r0/recipe-sysroot-native/usr/include -O2 -pipe -isystem/home/ubuntu/yocto/rpi-build/tmp/work/x86_64-linux/pkgconfig-native/0.29.2+gitAUTOINC+d97db4fae4-r0/recipe-sysroot-native/usr/include -L/home/ubuntu/yocto/rpi-build/tmp/work/x86_64-linux/pkgconfig-native/0.29.2+gitAUTOINC+d97db4fae4-r0/recipe-sysroot-native/usr/lib                         -L/home/ubuntu/yocto/rpi-build/tmp/work/x86_64-linux/pkgconfig-native/0.29.2+gitAUTOINC+d97db4fae4-r0/recipe-sysroot-native/lib                         -Wl,--enable-new-dtags                         -Wl,-rpath-link,/home/ubuntu/yocto/rpi-build/tmp/work/x86_64-linux/pkgconfig-native/0.29.2+gitAUTOINC+d97db4fae4-r0/recipe-sysroot-native/usr/lib                         -Wl,-rpath-link,/home/ubuntu/yocto/rpi-build/tmp/work/x86_64-linux/pkgconfig-native/0.29.2+gitAUTOINC+d97db4fae4-r0/recipe-sysroot-native/lib                         -Wl,-rpath,/home/ubuntu/yocto/rpi-build/tmp/work/x86_64-linux/pkgconfig-native/0.29.2+gitAUTOINC+d97db4fae4-r0/recipe-sysroot-native/usr/lib                         -Wl,-rpath,/home/ubuntu/yocto/rpi-build/tmp/work/x86_64-linux/pkgconfig-native/0.29.2+gitAUTOINC+d97db4fae4-r0/recipe-sysroot-native/lib                         -Wl,-O1 -Wl,--allow-shlib-undefined -Wl,--dynamic-linker=/home/ubuntu/yocto/rpi-build/tmp/sysroots-uninative/x86_64-linux/lib/ld-linux-x86-64.so.2 conftest.c  >&5
configure:24878: $? = 0
configure:24878: result: yes
configure:24884: checking for if_indextoname
configure:24884: gcc  -o conftest -isystem/home/ubuntu/yocto/rpi-build/tmp/work/x86_64-linux/pkgconfig-native/0.29.2+gitAUTOINC+d97db4fae4-r0/recipe-sysroot-native/usr/include -O2 -pipe -isystem/home/ubuntu/yocto/rpi-build/tmp/work/x86_64-linux/pkgconfig-native/0.29.2+gitAUTOINC+d97db4fae4-r0/recipe-sysroot-native/usr/include -L/home/ubuntu/yocto/rpi-build/tmp/work/x86_64-linux/pkgconfig-native/0.29.2+gitAUTOINC+d97db4fae4-r0/recipe-sysroot-native/usr/lib                         -L/home/ubuntu/yocto/rpi-build/tmp/work/x86_64-linux/pkgconfig-native/0.29.2+gitAUTOINC+d97db4fae4-r0/recipe-sysroot-native/lib                         -Wl,--enable-new-dtags                         -Wl,-rpath-link,/home/ubuntu/yocto/rpi-build/tmp/work/x86_64-linux/pkgconfig-native/0.29.2+gitAUTOINC+d97db4fae4-r0/recipe-sysroot-native/usr/lib                         -Wl,-rpath-link,/home/ubuntu/yocto/rpi-build/tmp/work/x86_64-linux/pkgconfig-native/0.29.2+gitAUTOINC+d97db4fae4-r0/recipe-sysroot-native/lib                         -Wl,-rpath,/home/ubuntu/yocto/rpi-build/tmp/work/x86_64-linux/pkgconfig-native/0.29.2+gitAUTOINC+d97db4fae4-r0/recipe-sysroot-native/usr/lib                         -Wl,-rpath,/home/ubuntu/yocto/rpi-build/tmp/work/x86_64-linux/pkgconfig-native/0.29.2+gitAUTOINC+d97db4fae4-r0/recipe-sysroot-native/lib                         -Wl,-O1 -Wl,--allow-shlib-undefined -Wl,--dynamic-linker=/home/ubuntu/yocto/rpi-build/tmp/sysroots-uninative/x86_64-linux/lib/ld-linux-x86-64.so.2 conftest.c  >&5
configure:24884: $? = 0
configure:24884: result: yes
configure:24912: checking if arpa/nameser_compat.h is needed
configure:24926: gcc  -c -isystem/home/ubuntu/yocto/rpi-build/tmp/work/x86_64-linux/pkgconfig-native/0.29.2+gitAUTOINC+d97db4fae4-r0/recipe-sysroot-native/usr/include -O2 -pipe -isystem/home/ubuntu/yocto/rpi-build/tmp/work/x86_64-linux/pkgconfig-native/0.29.2+gitAUTOINC+d97db4fae4-r0/recipe-sysroot-native/usr/include conftest.c >&5
configure:24926: $? = 0
configure:24928: result: no
configure:24960: checking for res_query
configure:24979: gcc  -o conftest -isystem/home/ubuntu/yocto/rpi-build/tmp/work/x86_64-linux/pkgconfig-native/0.29.2+gitAUTOINC+d97db4fae4-r0/recipe-sysroot-native/usr/include -O2 -pipe -isystem/home/ubuntu/yocto/rpi-build/tmp/work/x86_64-linux/pkgconfig-native/0.29.2+gitAUTOINC+d97db4fae4-r0/recipe-sysroot-native/usr/include -L/home/ubuntu/yocto/rpi-build/tmp/work/x86_64-linux/pkgconfig-native/0.29.2+gitAUTOINC+d97db4fae4-r0/recipe-sysroot-native/usr/lib                         -L/home/ubuntu/yocto/rpi-build/tmp/work/x86_64-linux/pkgconfig-native/0.29.2+gitAUTOINC+d97db4fae4-r0/recipe-sysroot-native/lib                         -Wl,--enable-new-dtags                         -Wl,-rpath-link,/home/ubuntu/yocto/rpi-build/tmp/work/x86_64-linux/pkgconfig-native/0.29.2+gitAUTOINC+d97db4fae4-r0/recipe-sysroot-native/usr/lib                         -Wl,-rpath-link,/home/ubuntu/yocto/rpi-build/tmp/work/x86_64-linux/pkgconfig-native/0.29.2+gitAUTOINC+d97db4fae4-r0/recipe-sysroot-native/lib                         -Wl,-rpath,/home/ubuntu/yocto/rpi-build/tmp/work/x86_64-linux/pkgconfig-native/0.29.2+gitAUTOINC+d97db4fae4-r0/recipe-sysroot-native/usr/lib                         -Wl,-rpath,/home/ubuntu/yocto/rpi-build/tmp/work/x86_64-linux/pkgconfig-native/0.29.2+gitAUTOINC+d97db4fae4-r0/recipe-sysroot-native/lib                         -Wl,-O1 -Wl,--allow-shlib-undefined -Wl,--dynamic-linker=/home/ubuntu/yocto/rpi-build/tmp/sysroots-uninative/x86_64-linux/lib/ld-linux-x86-64.so.2 conftest.c  >&5
configure:24979: $? = 0
configure:24981: result: yes
configure:25038: checking for socket
configure:25038: gcc  -o conftest -isystem/home/ubuntu/yocto/rpi-build/tmp/work/x86_64-linux/pkgconfig-native/0.29.2+gitAUTOINC+d97db4fae4-r0/recipe-sysroot-native/usr/include -O2 -pipe -isystem/home/ubuntu/yocto/rpi-build/tmp/work/x86_64-linux/pkgconfig-native/0.29.2+gitAUTOINC+d97db4fae4-r0/recipe-sysroot-native/usr/include -L/home/ubuntu/yocto/rpi-build/tmp/work/x86_64-linux/pkgconfig-native/0.29.2+gitAUTOINC+d97db4fae4-r0/recipe-sysroot-native/usr/lib                         -L/home/ubuntu/yocto/rpi-build/tmp/work/x86_64-linux/pkgconfig-native/0.29.2+gitAUTOINC+d97db4fae4-r0/recipe-sysroot-native/lib                         -Wl,--enable-new-dtags                         -Wl,-rpath-link,/home/ubuntu/yocto/rpi-build/tmp/work/x86_64-linux/pkgconfig-native/0.29.2+gitAUTOINC+d97db4fae4-r0/recipe-sysroot-native/usr/lib                         -Wl,-rpath-link,/home/ubuntu/yocto/rpi-build/tmp/work/x86_64-linux/pkgconfig-native/0.29.2+gitAUTOINC+d97db4fae4-r0/recipe-sysroot-native/lib                         -Wl,-rpath,/home/ubuntu/yocto/rpi-build/tmp/work/x86_64-linux/pkgconfig-native/0.29.2+gitAUTOINC+d97db4fae4-r0/recipe-sysroot-native/usr/lib                         -Wl,-rpath,/home/ubuntu/yocto/rpi-build/tmp/work/x86_64-linux/pkgconfig-native/0.29.2+gitAUTOINC+d97db4fae4-r0/recipe-sysroot-native/lib                         -Wl,-O1 -Wl,--allow-shlib-undefined -Wl,--dynamic-linker=/home/ubuntu/yocto/rpi-build/tmp/sysroots-uninative/x86_64-linux/lib/ld-linux-x86-64.so.2 conftest.c  >&5
configure:25038: $? = 0
configure:25038: result: yes
configure:25089: checking for res_init
configure:25108: gcc  -o conftest -isystem/home/ubuntu/yocto/rpi-build/tmp/work/x86_64-linux/pkgconfig-native/0.29.2+gitAUTOINC+d97db4fae4-r0/recipe-sysroot-native/usr/include -O2 -pipe -isystem/home/ubuntu/yocto/rpi-build/tmp/work/x86_64-linux/pkgconfig-native/0.29.2+gitAUTOINC+d97db4fae4-r0/recipe-sysroot-native/usr/include -L/home/ubuntu/yocto/rpi-build/tmp/work/x86_64-linux/pkgconfig-native/0.29.2+gitAUTOINC+d97db4fae4-r0/recipe-sysroot-native/usr/lib                         -L/home/ubuntu/yocto/rpi-build/tmp/work/x86_64-linux/pkgconfig-native/0.29.2+gitAUTOINC+d97db4fae4-r0/recipe-sysroot-native/lib                         -Wl,--enable-new-dtags                         -Wl,-rpath-link,/home/ubuntu/yocto/rpi-build/tmp/work/x86_64-linux/pkgconfig-native/0.29.2+gitAUTOINC+d97db4fae4-r0/recipe-sysroot-native/usr/lib                         -Wl,-rpath-link,/home/ubuntu/yocto/rpi-build/tmp/work/x86_64-linux/pkgconfig-native/0.29.2+gitAUTOINC+d97db4fae4-r0/recipe-sysroot-native/lib                         -Wl,-rpath,/home/ubuntu/yocto/rpi-build/tmp/work/x86_64-linux/pkgconfig-native/0.29.2+gitAUTOINC+d97db4fae4-r0/recipe-sysroot-native/usr/lib                         -Wl,-rpath,/home/ubuntu/yocto/rpi-build/tmp/work/x86_64-linux/pkgconfig-native/0.29.2+gitAUTOINC+d97db4fae4-r0/recipe-sysroot-native/lib                         -Wl,-O1 -Wl,--allow-shlib-undefined -Wl,--dynamic-linker=/home/ubuntu/yocto/rpi-build/tmp/sysroots-uninative/x86_64-linux/lib/ld-linux-x86-64.so.2 conftest.c   >&5
configure:25108: $? = 0
configure:25110: result: yes
configure:25127: checking for linux/netlink.h
configure:25127: gcc  -c -isystem/home/ubuntu/yocto/rpi-build/tmp/work/x86_64-linux/pkgconfig-native/0.29.2+gitAUTOINC+d97db4fae4-r0/recipe-sysroot-native/usr/include -O2 -pipe -isystem/home/ubuntu/yocto/rpi-build/tmp/work/x86_64-linux/pkgconfig-native/0.29.2+gitAUTOINC+d97db4fae4-r0/recipe-sysroot-native/usr/include conftest.c >&5
configure:25127: $? = 0
configure:25127: result: yes
configure:25145: checking for struct ip_mreqn
configure:25145: gcc  -c -isystem/home/ubuntu/yocto/rpi-build/tmp/work/x86_64-linux/pkgconfig-native/0.29.2+gitAUTOINC+d97db4fae4-r0/recipe-sysroot-native/usr/include -O2 -pipe -isystem/home/ubuntu/yocto/rpi-build/tmp/work/x86_64-linux/pkgconfig-native/0.29.2+gitAUTOINC+d97db4fae4-r0/recipe-sysroot-native/usr/include conftest.c >&5
configure:25145: $? = 0
configure:25145: gcc  -c -isystem/home/ubuntu/yocto/rpi-build/tmp/work/x86_64-linux/pkgconfig-native/0.29.2+gitAUTOINC+d97db4fae4-r0/recipe-sysroot-native/usr/include -O2 -pipe -isystem/home/ubuntu/yocto/rpi-build/tmp/work/x86_64-linux/pkgconfig-native/0.29.2+gitAUTOINC+d97db4fae4-r0/recipe-sysroot-native/usr/include conftest.c >&5
conftest.c: In function 'main':
conftest.c:170:30: error: expected expression before ')' token
  170 | if (sizeof ((struct ip_mreqn)))
      |                              ^
configure:25145: $? = 1
configure: failed program was:
| /* confdefs.h */
| #define PACKAGE_NAME "glib"
| #define PACKAGE_TARNAME "glib"
| #define PACKAGE_VERSION "2.38.2"
| #define PACKAGE_STRING "glib 2.38.2"
| #define PACKAGE_BUGREPORT "http://bugzilla.gnome.org/enter_bug.cgi?product=glib"
| #define PACKAGE_URL ""
| #define GLIB_MAJOR_VERSION 2
| #define GLIB_MINOR_VERSION 38
| #define GLIB_MICRO_VERSION 2
| #define GLIB_INTERFACE_AGE 2
| #define GLIB_BINARY_AGE 3802
| #define HAVE_STDIO_H 1
| #define HAVE_STDLIB_H 1
| #define HAVE_STRING_H 1
| #define HAVE_INTTYPES_H 1
| #define HAVE_STDINT_H 1
| #define HAVE_STRINGS_H 1
| #define HAVE_SYS_STAT_H 1
| #define HAVE_SYS_TYPES_H 1
| #define HAVE_UNISTD_H 1
| #define HAVE_WCHAR_H 1
| #define STDC_HEADERS 1
| #define _ALL_SOURCE 1
| #define _DARWIN_C_SOURCE 1
| #define _GNU_SOURCE 1
| #define _HPUX_ALT_XOPEN_SOCKET_API 1
| #define _NETBSD_SOURCE 1
| #define _OPENBSD_SOURCE 1
| #define _POSIX_PTHREAD_SEMANTICS 1
| #define __STDC_WANT_IEC_60559_ATTRIBS_EXT__ 1
| #define __STDC_WANT_IEC_60559_BFP_EXT__ 1
| #define __STDC_WANT_IEC_60559_DFP_EXT__ 1
| #define __STDC_WANT_IEC_60559_FUNCS_EXT__ 1
| #define __STDC_WANT_IEC_60559_TYPES_EXT__ 1
| #define __STDC_WANT_LIB_EXT2__ 1
| #define __STDC_WANT_MATH_SPEC_FUNCS__ 1
| #define _TANDEM_SOURCE 1
| #define __EXTENSIONS__ 1
| #define GETTEXT_PACKAGE "glib20"
| #define GLIB_LOCALE_DIR ""
| #define HAVE_DLFCN_H 1
| #define LT_OBJDIR ".libs/"
| #define HAVE_VPRINTF 1
| #define HAVE_ALLOCA_H 1
| #define HAVE_ALLOCA 1
| #define HAVE_MMAP 1
| #define HAVE_POSIX_MEMALIGN 1
| #define HAVE_MEMALIGN 1
| #define HAVE_VALLOC 1
| #define HAVE_FSYNC 1
| #define HAVE_PIPE2 1
| #define HAVE_ATEXIT 1
| #define HAVE_ON_EXIT 1
| #define HAVE_TIMEGM 1
| #define HAVE_GMTIME_R 1
| #define HAVE_LIBC_ENABLE_SECURE 1
| #define SIZEOF_CHAR 1
| #define SIZEOF_SHORT 2
| #define SIZEOF_LONG 8
| #define SIZEOF_INT 4
| #define SIZEOF_VOID_P 8
| #define SIZEOF_LONG_LONG 8
| #define HAVE_SIG_ATOMIC_T 1
| #define HAVE_LONG_LONG_FORMAT 1
| #define G_HAVE___INLINE 1
| #define G_HAVE___INLINE__ 1
| #define G_HAVE_INLINE 1
| #define HAVE_DOWHILE_MACROS 1
| #define HAVE_DIRENT_H 1
| #define HAVE_FLOAT_H 1
| #define HAVE_LIMITS_H 1
| #define HAVE_PWD_H 1
| #define HAVE_GRP_H 1
| #define HAVE_SYS_PARAM_H 1
| #define HAVE_SYS_POLL_H 1
| #define HAVE_SYS_RESOURCE_H 1
| #define HAVE_SYS_TIME_H 1
| #define HAVE_SYS_TIMES_H 1
| #define HAVE_SYS_WAIT_H 1
| #define HAVE_UNISTD_H 1
| #define HAVE_VALUES_H 1
| #define HAVE_SYS_SELECT_H 1
| #define HAVE_SYS_TYPES_H 1
| #define HAVE_STDINT_H 1
| #define HAVE_INTTYPES_H 1
| #define HAVE_SCHED_H 1
| #define HAVE_MALLOC_H 1
| #define HAVE_SYS_VFS_H 1
| #define HAVE_SYS_STATFS_H 1
| #define HAVE_SYS_STATVFS_H 1
| #define HAVE_MNTENT_H 1
| #define HAVE_FSTAB_H 1
| #define HAVE_SYS_UIO_H 1
| #define HAVE_LINUX_MAGIC_H 1
| #define HAVE_SYS_PRCTL_H 1
| #define HAVE_SYS_MOUNT_H 1
| #define HAVE_STRUCT_STAT_ST_MTIM_TV_NSEC 1
| #define HAVE_STRUCT_STAT_ST_ATIM_TV_NSEC 1
| #define HAVE_STRUCT_STAT_ST_CTIM_TV_NSEC 1
| #define HAVE_STRUCT_STAT_ST_BLKSIZE 1
| #define HAVE_STRUCT_STAT_ST_BLOCKS 1
| #define HAVE_STRUCT_STATFS_F_BAVAIL 1
| #define HAVE_STRUCT_TM_TM_GMTOFF 1
| #define HAVE_DIRENT_H 1
| #define HAVE_STRUCT_DIRENT_D_TYPE 1
| #define HAVE_LANGINFO_CODESET 1
| #define HAVE_STDDEF_H 1
| #define HAVE_STDLIB_H 1
| #define HAVE_STRING_H 1
| #define HAVE_SETLOCALE 1
| #define SIZEOF_SIZE_T 8
| #define SIZEOF_SSIZE_T 8
| #define HAVE_LSTAT 1
| #define HAVE_STRERROR 1
| #define HAVE_STRSIGNAL 1
| #define HAVE_MEMMOVE 1
| #define HAVE_VSNPRINTF 1
| #define HAVE_STPCPY 1
| #define HAVE_STRCASECMP 1
| #define HAVE_STRNCASECMP 1
| #define HAVE_POLL 1
| #define HAVE_GETCWD 1
| #define HAVE_VASPRINTF 1
| #define HAVE_SETENV 1
| #define HAVE_UNSETENV 1
| #define HAVE_GETC_UNLOCKED 1
| #define HAVE_READLINK 1
| #define HAVE_SYMLINK 1
| #define HAVE_MEMMEM 1
| #define HAVE_CHOWN 1
| #define HAVE_LCHMOD 1
| #define HAVE_LCHOWN 1
| #define HAVE_FCHMOD 1
| #define HAVE_FCHOWN 1
| #define HAVE_LINK 1
| #define HAVE_UTIMES 1
| #define HAVE_GETGRGID 1
| #define HAVE_GETPWUID 1
| #define HAVE_GETRESUID 1
| #define HAVE_GETMNTENT_R 1
| #define HAVE_SETMNTENT 1
| #define HAVE_ENDMNTENT 1
| #define HAVE_HASMNTOPT 1
| #define HAVE_FALLOCATE 1
| #define HAVE_SPLICE 1
| #define HAVE_PRLIMIT 1
| #define HAVE_STATVFS 1
| #define HAVE_STATFS 1
| #define USE_STATFS 1
| #define HAVE_NEWLOCALE 1
| #define HAVE_USELOCALE 1
| #define HAVE_STRTOD_L 1
| #define HAVE_STRTOLL_L 1
| #define HAVE_STRTOULL_L 1
| #define HAVE_C99_VSNPRINTF 1
| #define HAVE_UNIX98_PRINTF 1
| #define HAVE_GETPROTOBYNAME_R 1
| #define HAVE_ENDSERVENT 1
| #define HAVE_IF_NAMETOINDEX 1
| #define HAVE_IF_INDEXTONAME 1
| #define HAVE_RES_INIT 1
| #define HAVE_NETLINK 1
| /* end confdefs.h.  */
| #include <netinet/in.h>
| 
| int
| main (void)
| {
| if (sizeof ((struct ip_mreqn)))
| 	    return 0;
|   ;
|   return 0;
| }
configure:25145: result: yes
configure:25173: checking number of arguments to statfs()
configure:25199: gcc  -c -isystem/home/ubuntu/yocto/rpi-build/tmp/work/x86_64-linux/pkgconfig-native/0.29.2+gitAUTOINC+d97db4fae4-r0/recipe-sysroot-native/usr/include -O2 -pipe -isystem/home/ubuntu/yocto/rpi-build/tmp/work/x86_64-linux/pkgconfig-native/0.29.2+gitAUTOINC+d97db4fae4-r0/recipe-sysroot-native/usr/include conftest.c >&5
conftest.c: In function 'main':
conftest.c:183:3: warning: argument 1 null where non-null expected [-Wnonnull]
  183 |   statfs(NULL, &st);
      |   ^~~~~~
In file included from /usr/include/x86_64-linux-gnu/sys/vfs.h:4,
                 from conftest.c:171:
/usr/include/x86_64-linux-gnu/sys/statfs.h:31:12: note: in a call to function 'statfs' declared 'nonnull'
   31 | extern int statfs (const char *__file, struct statfs *__buf)
      |            ^~~~~~
configure:25199: $? = 0
configure:25202: result: 2
configure:25315: checking for signed
configure:25332: gcc  -c -isystem/home/ubuntu/yocto/rpi-build/tmp/work/x86_64-linux/pkgconfig-native/0.29.2+gitAUTOINC+d97db4fae4-r0/recipe-sysroot-native/usr/include -O2 -pipe -isystem/home/ubuntu/yocto/rpi-build/tmp/work/x86_64-linux/pkgconfig-native/0.29.2+gitAUTOINC+d97db4fae4-r0/recipe-sysroot-native/usr/include conftest.c >&5
configure:25332: $? = 0
configure:25340: result: yes
configure:25349: checking for long long
configure:25367: gcc  -o conftest -isystem/home/ubuntu/yocto/rpi-build/tmp/work/x86_64-linux/pkgconfig-native/0.29.2+gitAUTOINC+d97db4fae4-r0/recipe-sysroot-native/usr/include -O2 -pipe -isystem/home/ubuntu/yocto/rpi-build/tmp/work/x86_64-linux/pkgconfig-native/0.29.2+gitAUTOINC+d97db4fae4-r0/recipe-sysroot-native/usr/include -L/home/ubuntu/yocto/rpi-build/tmp/work/x86_64-linux/pkgconfig-native/0.29.2+gitAUTOINC+d97db4fae4-r0/recipe-sysroot-native/usr/lib                         -L/home/ubuntu/yocto/rpi-build/tmp/work/x86_64-linux/pkgconfig-native/0.29.2+gitAUTOINC+d97db4fae4-r0/recipe-sysroot-native/lib                         -Wl,--enable-new-dtags                         -Wl,-rpath-link,/home/ubuntu/yocto/rpi-build/tmp/work/x86_64-linux/pkgconfig-native/0.29.2+gitAUTOINC+d97db4fae4-r0/recipe-sysroot-native/usr/lib                         -Wl,-rpath-link,/home/ubuntu/yocto/rpi-build/tmp/work/x86_64-linux/pkgconfig-native/0.29.2+gitAUTOINC+d97db4fae4-r0/recipe-sysroot-native/lib                         -Wl,-rpath,/home/ubuntu/yocto/rpi-build/tmp/work/x86_64-linux/pkgconfig-native/0.29.2+gitAUTOINC+d97db4fae4-r0/recipe-sysroot-native/usr/lib                         -Wl,-rpath,/home/ubuntu/yocto/rpi-build/tmp/work/x86_64-linux/pkgconfig-native/0.29.2+gitAUTOINC+d97db4fae4-r0/recipe-sysroot-native/lib                         -Wl,-O1 -Wl,--allow-shlib-undefined -Wl,--dynamic-linker=/home/ubuntu/yocto/rpi-build/tmp/sysroots-uninative/x86_64-linux/lib/ld-linux-x86-64.so.2 conftest.c  >&5
configure:25367: $? = 0
configure:25376: result: yes
configure:25385: checking for long double
configure:25419: result: yes
configure:25428: checking for wchar_t
configure:25446: gcc  -c -isystem/home/ubuntu/yocto/rpi-build/tmp/work/x86_64-linux/pkgconfig-native/0.29.2+gitAUTOINC+d97db4fae4-r0/recipe-sysroot-native/usr/include -O2 -pipe -isystem/home/ubuntu/yocto/rpi-build/tmp/work/x86_64-linux/pkgconfig-native/0.29.2+gitAUTOINC+d97db4fae4-r0/recipe-sysroot-native/usr/include conftest.c >&5
configure:25446: $? = 0
configure:25454: result: yes
configure:25463: checking for wint_t
configure:25481: gcc  -c -isystem/home/ubuntu/yocto/rpi-build/tmp/work/x86_64-linux/pkgconfig-native/0.29.2+gitAUTOINC+d97db4fae4-r0/recipe-sysroot-native/usr/include -O2 -pipe -isystem/home/ubuntu/yocto/rpi-build/tmp/work/x86_64-linux/pkgconfig-native/0.29.2+gitAUTOINC+d97db4fae4-r0/recipe-sysroot-native/usr/include conftest.c >&5
configure:25481: $? = 0
configure:25489: result: yes
configure:25497: checking for size_t
configure:25497: result: yes
configure:25507: checking for ptrdiff_t
configure:25507: gcc  -c -isystem/home/ubuntu/yocto/rpi-build/tmp/work/x86_64-linux/pkgconfig-native/0.29.2+gitAUTOINC+d97db4fae4-r0/recipe-sysroot-native/usr/include -O2 -pipe -isystem/home/ubuntu/yocto/rpi-build/tmp/work/x86_64-linux/pkgconfig-native/0.29.2+gitAUTOINC+d97db4fae4-r0/recipe-sysroot-native/usr/include conftest.c >&5
configure:25507: $? = 0
configure:25507: gcc  -c -isystem/home/ubuntu/yocto/rpi-build/tmp/work/x86_64-linux/pkgconfig-native/0.29.2+gitAUTOINC+d97db4fae4-r0/recipe-sysroot-native/usr/include -O2 -pipe -isystem/home/ubuntu/yocto/rpi-build/tmp/work/x86_64-linux/pkgconfig-native/0.29.2+gitAUTOINC+d97db4fae4-r0/recipe-sysroot-native/usr/include conftest.c >&5
conftest.c: In function 'main':
conftest.c:203:24: error: expected expression before ')' token
  203 | if (sizeof ((ptrdiff_t)))
      |                        ^
configure:25507: $? = 1
configure: failed program was:
| /* confdefs.h */
| #define PACKAGE_NAME "glib"
| #define PACKAGE_TARNAME "glib"
| #define PACKAGE_VERSION "2.38.2"
| #define PACKAGE_STRING "glib 2.38.2"
| #define PACKAGE_BUGREPORT "http://bugzilla.gnome.org/enter_bug.cgi?product=glib"
| #define PACKAGE_URL ""
| #define GLIB_MAJOR_VERSION 2
| #define GLIB_MINOR_VERSION 38
| #define GLIB_MICRO_VERSION 2
| #define GLIB_INTERFACE_AGE 2
| #define GLIB_BINARY_AGE 3802
| #define HAVE_STDIO_H 1
| #define HAVE_STDLIB_H 1
| #define HAVE_STRING_H 1
| #define HAVE_INTTYPES_H 1
| #define HAVE_STDINT_H 1
| #define HAVE_STRINGS_H 1
| #define HAVE_SYS_STAT_H 1
| #define HAVE_SYS_TYPES_H 1
| #define HAVE_UNISTD_H 1
| #define HAVE_WCHAR_H 1
| #define STDC_HEADERS 1
| #define _ALL_SOURCE 1
| #define _DARWIN_C_SOURCE 1
| #define _GNU_SOURCE 1
| #define _HPUX_ALT_XOPEN_SOCKET_API 1
| #define _NETBSD_SOURCE 1
| #define _OPENBSD_SOURCE 1
| #define _POSIX_PTHREAD_SEMANTICS 1
| #define __STDC_WANT_IEC_60559_ATTRIBS_EXT__ 1
| #define __STDC_WANT_IEC_60559_BFP_EXT__ 1
| #define __STDC_WANT_IEC_60559_DFP_EXT__ 1
| #define __STDC_WANT_IEC_60559_FUNCS_EXT__ 1
| #define __STDC_WANT_IEC_60559_TYPES_EXT__ 1
| #define __STDC_WANT_LIB_EXT2__ 1
| #define __STDC_WANT_MATH_SPEC_FUNCS__ 1
| #define _TANDEM_SOURCE 1
| #define __EXTENSIONS__ 1
| #define GETTEXT_PACKAGE "glib20"
| #define GLIB_LOCALE_DIR ""
| #define HAVE_DLFCN_H 1
| #define LT_OBJDIR ".libs/"
| #define HAVE_VPRINTF 1
| #define HAVE_ALLOCA_H 1
| #define HAVE_ALLOCA 1
| #define HAVE_MMAP 1
| #define HAVE_POSIX_MEMALIGN 1
| #define HAVE_MEMALIGN 1
| #define HAVE_VALLOC 1
| #define HAVE_FSYNC 1
| #define HAVE_PIPE2 1
| #define HAVE_ATEXIT 1
| #define HAVE_ON_EXIT 1
| #define HAVE_TIMEGM 1
| #define HAVE_GMTIME_R 1
| #define HAVE_LIBC_ENABLE_SECURE 1
| #define SIZEOF_CHAR 1
| #define SIZEOF_SHORT 2
| #define SIZEOF_LONG 8
| #define SIZEOF_INT 4
| #define SIZEOF_VOID_P 8
| #define SIZEOF_LONG_LONG 8
| #define HAVE_SIG_ATOMIC_T 1
| #define HAVE_LONG_LONG_FORMAT 1
| #define G_HAVE___INLINE 1
| #define G_HAVE___INLINE__ 1
| #define G_HAVE_INLINE 1
| #define HAVE_DOWHILE_MACROS 1
| #define HAVE_DIRENT_H 1
| #define HAVE_FLOAT_H 1
| #define HAVE_LIMITS_H 1
| #define HAVE_PWD_H 1
| #define HAVE_GRP_H 1
| #define HAVE_SYS_PARAM_H 1
| #define HAVE_SYS_POLL_H 1
| #define HAVE_SYS_RESOURCE_H 1
| #define HAVE_SYS_TIME_H 1
| #define HAVE_SYS_TIMES_H 1
| #define HAVE_SYS_WAIT_H 1
| #define HAVE_UNISTD_H 1
| #define HAVE_VALUES_H 1
| #define HAVE_SYS_SELECT_H 1
| #define HAVE_SYS_TYPES_H 1
| #define HAVE_STDINT_H 1
| #define HAVE_INTTYPES_H 1
| #define HAVE_SCHED_H 1
| #define HAVE_MALLOC_H 1
| #define HAVE_SYS_VFS_H 1
| #define HAVE_SYS_STATFS_H 1
| #define HAVE_SYS_STATVFS_H 1
| #define HAVE_MNTENT_H 1
| #define HAVE_FSTAB_H 1
| #define HAVE_SYS_UIO_H 1
| #define HAVE_LINUX_MAGIC_H 1
| #define HAVE_SYS_PRCTL_H 1
| #define HAVE_SYS_MOUNT_H 1
| #define HAVE_STRUCT_STAT_ST_MTIM_TV_NSEC 1
| #define HAVE_STRUCT_STAT_ST_ATIM_TV_NSEC 1
| #define HAVE_STRUCT_STAT_ST_CTIM_TV_NSEC 1
| #define HAVE_STRUCT_STAT_ST_BLKSIZE 1
| #define HAVE_STRUCT_STAT_ST_BLOCKS 1
| #define HAVE_STRUCT_STATFS_F_BAVAIL 1
| #define HAVE_STRUCT_TM_TM_GMTOFF 1
| #define HAVE_DIRENT_H 1
| #define HAVE_STRUCT_DIRENT_D_TYPE 1
| #define HAVE_LANGINFO_CODESET 1
| #define HAVE_STDDEF_H 1
| #define HAVE_STDLIB_H 1
| #define HAVE_STRING_H 1
| #define HAVE_SETLOCALE 1
| #define SIZEOF_SIZE_T 8
| #define SIZEOF_SSIZE_T 8
| #define HAVE_LSTAT 1
| #define HAVE_STRERROR 1
| #define HAVE_STRSIGNAL 1
| #define HAVE_MEMMOVE 1
| #define HAVE_VSNPRINTF 1
| #define HAVE_STPCPY 1
| #define HAVE_STRCASECMP 1
| #define HAVE_STRNCASECMP 1
| #define HAVE_POLL 1
| #define HAVE_GETCWD 1
| #define HAVE_VASPRINTF 1
| #define HAVE_SETENV 1
| #define HAVE_UNSETENV 1
| #define HAVE_GETC_UNLOCKED 1
| #define HAVE_READLINK 1
| #define HAVE_SYMLINK 1
| #define HAVE_MEMMEM 1
| #define HAVE_CHOWN 1
| #define HAVE_LCHMOD 1
| #define HAVE_LCHOWN 1
| #define HAVE_FCHMOD 1
| #define HAVE_FCHOWN 1
| #define HAVE_LINK 1
| #define HAVE_UTIMES 1
| #define HAVE_GETGRGID 1
| #define HAVE_GETPWUID 1
| #define HAVE_GETRESUID 1
| #define HAVE_GETMNTENT_R 1
| #define HAVE_SETMNTENT 1
| #define HAVE_ENDMNTENT 1
| #define HAVE_HASMNTOPT 1
| #define HAVE_FALLOCATE 1
| #define HAVE_SPLICE 1
| #define HAVE_PRLIMIT 1
| #define HAVE_STATVFS 1
| #define HAVE_STATFS 1
| #define USE_STATFS 1
| #define HAVE_NEWLOCALE 1
| #define HAVE_USELOCALE 1
| #define HAVE_STRTOD_L 1
| #define HAVE_STRTOLL_L 1
| #define HAVE_STRTOULL_L 1
| #define HAVE_C99_VSNPRINTF 1
| #define HAVE_UNIX98_PRINTF 1
| #define HAVE_GETPROTOBYNAME_R 1
| #define HAVE_ENDSERVENT 1
| #define HAVE_IF_NAMETOINDEX 1
| #define HAVE_IF_INDEXTONAME 1
| #define HAVE_RES_INIT 1
| #define HAVE_NETLINK 1
| #define HAVE_IP_MREQN /**/
| #define STATFS_ARGS 2
| #define HAVE_GOOD_PRINTF 1
| #define HAVE_LONG_LONG 1
| #define HAVE_LONG_DOUBLE 1
| #define HAVE_WCHAR_T 1
| #define HAVE_WINT_T 1
| /* end confdefs.h.  */
| #include <stddef.h>
| #ifdef HAVE_STDIO_H
| # include <stdio.h>
| #endif
| #ifdef HAVE_STDLIB_H
| # include <stdlib.h>
| #endif
| #ifdef HAVE_STRING_H
| # include <string.h>
| #endif
| #ifdef HAVE_INTTYPES_H
| # include <inttypes.h>
| #endif
| #ifdef HAVE_STDINT_H
| # include <stdint.h>
| #endif
| #ifdef HAVE_STRINGS_H
| # include <strings.h>
| #endif
| #ifdef HAVE_SYS_TYPES_H
| # include <sys/types.h>
| #endif
| #ifdef HAVE_SYS_STAT_H
| # include <sys/stat.h>
| #endif
| #ifdef HAVE_UNISTD_H
| # include <unistd.h>
| #endif
| int
| main (void)
| {
| if (sizeof ((ptrdiff_t)))
| 	    return 0;
|   ;
|   return 0;
| }
configure:25507: result: yes
configure:25517: checking for inttypes.h
configure:25535: gcc  -c -isystem/home/ubuntu/yocto/rpi-build/tmp/work/x86_64-linux/pkgconfig-native/0.29.2+gitAUTOINC+d97db4fae4-r0/recipe-sysroot-native/usr/include -O2 -pipe -isystem/home/ubuntu/yocto/rpi-build/tmp/work/x86_64-linux/pkgconfig-native/0.29.2+gitAUTOINC+d97db4fae4-r0/recipe-sysroot-native/usr/include conftest.c >&5
configure:25535: $? = 0
configure:25543: result: yes
configure:25552: checking for stdint.h
configure:25570: gcc  -c -isystem/home/ubuntu/yocto/rpi-build/tmp/work/x86_64-linux/pkgconfig-native/0.29.2+gitAUTOINC+d97db4fae4-r0/recipe-sysroot-native/usr/include -O2 -pipe -isystem/home/ubuntu/yocto/rpi-build/tmp/work/x86_64-linux/pkgconfig-native/0.29.2+gitAUTOINC+d97db4fae4-r0/recipe-sysroot-native/usr/include conftest.c >&5
configure:25570: $? = 0
configure:25578: result: yes
configure:25603: checking for snprintf
configure:25603: gcc  -o conftest -isystem/home/ubuntu/yocto/rpi-build/tmp/work/x86_64-linux/pkgconfig-native/0.29.2+gitAUTOINC+d97db4fae4-r0/recipe-sysroot-native/usr/include -O2 -pipe -isystem/home/ubuntu/yocto/rpi-build/tmp/work/x86_64-linux/pkgconfig-native/0.29.2+gitAUTOINC+d97db4fae4-r0/recipe-sysroot-native/usr/include -L/home/ubuntu/yocto/rpi-build/tmp/work/x86_64-linux/pkgconfig-native/0.29.2+gitAUTOINC+d97db4fae4-r0/recipe-sysroot-native/usr/lib                         -L/home/ubuntu/yocto/rpi-build/tmp/work/x86_64-linux/pkgconfig-native/0.29.2+gitAUTOINC+d97db4fae4-r0/recipe-sysroot-native/lib                         -Wl,--enable-new-dtags                         -Wl,-rpath-link,/home/ubuntu/yocto/rpi-build/tmp/work/x86_64-linux/pkgconfig-native/0.29.2+gitAUTOINC+d97db4fae4-r0/recipe-sysroot-native/usr/lib                         -Wl,-rpath-link,/home/ubuntu/yocto/rpi-build/tmp/work/x86_64-linux/pkgconfig-native/0.29.2+gitAUTOINC+d97db4fae4-r0/recipe-sysroot-native/lib                         -Wl,-rpath,/home/ubuntu/yocto/rpi-build/tmp/work/x86_64-linux/pkgconfig-native/0.29.2+gitAUTOINC+d97db4fae4-r0/recipe-sysroot-native/usr/lib                         -Wl,-rpath,/home/ubuntu/yocto/rpi-build/tmp/work/x86_64-linux/pkgconfig-native/0.29.2+gitAUTOINC+d97db4fae4-r0/recipe-sysroot-native/lib                         -Wl,-O1 -Wl,--allow-shlib-undefined -Wl,--dynamic-linker=/home/ubuntu/yocto/rpi-build/tmp/sysroots-uninative/x86_64-linux/lib/ld-linux-x86-64.so.2 conftest.c  >&5
conftest.c:192:6: warning: conflicting types for built-in function 'snprintf'; expected 'int(char *, long unsigned int,  const char *, ...)' [-Wbuiltin-declaration-mismatch]
  192 | char snprintf (void);
      |      ^~~~~~~~
conftest.c:184:1: note: 'snprintf' is declared in header '<stdio.h>'
  183 | #include <limits.h>
  184 | #undef snprintf
configure:25603: $? = 0
configure:25603: result: yes
configure:25609: checking for wcslen
configure:25609: gcc  -o conftest -isystem/home/ubuntu/yocto/rpi-build/tmp/work/x86_64-linux/pkgconfig-native/0.29.2+gitAUTOINC+d97db4fae4-r0/recipe-sysroot-native/usr/include -O2 -pipe -isystem/home/ubuntu/yocto/rpi-build/tmp/work/x86_64-linux/pkgconfig-native/0.29.2+gitAUTOINC+d97db4fae4-r0/recipe-sysroot-native/usr/include -L/home/ubuntu/yocto/rpi-build/tmp/work/x86_64-linux/pkgconfig-native/0.29.2+gitAUTOINC+d97db4fae4-r0/recipe-sysroot-native/usr/lib                         -L/home/ubuntu/yocto/rpi-build/tmp/work/x86_64-linux/pkgconfig-native/0.29.2+gitAUTOINC+d97db4fae4-r0/recipe-sysroot-native/lib                         -Wl,--enable-new-dtags                         -Wl,-rpath-link,/home/ubuntu/yocto/rpi-build/tmp/work/x86_64-linux/pkgconfig-native/0.29.2+gitAUTOINC+d97db4fae4-r0/recipe-sysroot-native/usr/lib                         -Wl,-rpath-link,/home/ubuntu/yocto/rpi-build/tmp/work/x86_64-linux/pkgconfig-native/0.29.2+gitAUTOINC+d97db4fae4-r0/recipe-sysroot-native/lib                         -Wl,-rpath,/home/ubuntu/yocto/rpi-build/tmp/work/x86_64-linux/pkgconfig-native/0.29.2+gitAUTOINC+d97db4fae4-r0/recipe-sysroot-native/usr/lib                         -Wl,-rpath,/home/ubuntu/yocto/rpi-build/tmp/work/x86_64-linux/pkgconfig-native/0.29.2+gitAUTOINC+d97db4fae4-r0/recipe-sysroot-native/lib                         -Wl,-O1 -Wl,--allow-shlib-undefined -Wl,--dynamic-linker=/home/ubuntu/yocto/rpi-build/tmp/sysroots-uninative/x86_64-linux/lib/ld-linux-x86-64.so.2 conftest.c  >&5
configure:25609: $? = 0
configure:25609: result: yes
configure:25616: checking for C99 snprintf
configure:25674: result: yes
configure:25747: checking for fd_set
configure:25760: gcc  -c -isystem/home/ubuntu/yocto/rpi-build/tmp/work/x86_64-linux/pkgconfig-native/0.29.2+gitAUTOINC+d97db4fae4-r0/recipe-sysroot-native/usr/include -O2 -pipe -isystem/home/ubuntu/yocto/rpi-build/tmp/work/x86_64-linux/pkgconfig-native/0.29.2+gitAUTOINC+d97db4fae4-r0/recipe-sysroot-native/usr/include conftest.c >&5
configure:25760: $? = 0
configure:25770: result: yes, found in sys/types.h
configure:25811: checking for nl_langinfo (CODESET)
configure:25829: gcc  -o conftest -isystem/home/ubuntu/yocto/rpi-build/tmp/work/x86_64-linux/pkgconfig-native/0.29.2+gitAUTOINC+d97db4fae4-r0/recipe-sysroot-native/usr/include -O2 -pipe -isystem/home/ubuntu/yocto/rpi-build/tmp/work/x86_64-linux/pkgconfig-native/0.29.2+gitAUTOINC+d97db4fae4-r0/recipe-sysroot-native/usr/include -L/home/ubuntu/yocto/rpi-build/tmp/work/x86_64-linux/pkgconfig-native/0.29.2+gitAUTOINC+d97db4fae4-r0/recipe-sysroot-native/usr/lib                         -L/home/ubuntu/yocto/rpi-build/tmp/work/x86_64-linux/pkgconfig-native/0.29.2+gitAUTOINC+d97db4fae4-r0/recipe-sysroot-native/lib                         -Wl,--enable-new-dtags                         -Wl,-rpath-link,/home/ubuntu/yocto/rpi-build/tmp/work/x86_64-linux/pkgconfig-native/0.29.2+gitAUTOINC+d97db4fae4-r0/recipe-sysroot-native/usr/lib                         -Wl,-rpath-link,/home/ubuntu/yocto/rpi-build/tmp/work/x86_64-linux/pkgconfig-native/0.29.2+gitAUTOINC+d97db4fae4-r0/recipe-sysroot-native/lib                         -Wl,-rpath,/home/ubuntu/yocto/rpi-build/tmp/work/x86_64-linux/pkgconfig-native/0.29.2+gitAUTOINC+d97db4fae4-r0/recipe-sysroot-native/usr/lib                         -Wl,-rpath,/home/ubuntu/yocto/rpi-build/tmp/work/x86_64-linux/pkgconfig-native/0.29.2+gitAUTOINC+d97db4fae4-r0/recipe-sysroot-native/lib                         -Wl,-O1 -Wl,--allow-shlib-undefined -Wl,--dynamic-linker=/home/ubuntu/yocto/rpi-build/tmp/sysroots-uninative/x86_64-linux/lib/ld-linux-x86-64.so.2 conftest.c  >&5
configure:25829: $? = 0
configure:25838: result: yes
configure:25846: checking for nl_langinfo (PM_STR)
configure:25873: gcc  -o conftest -isystem/home/ubuntu/yocto/rpi-build/tmp/work/x86_64-linux/pkgconfig-native/0.29.2+gitAUTOINC+d97db4fae4-r0/recipe-sysroot-native/usr/include -O2 -pipe -isystem/home/ubuntu/yocto/rpi-build/tmp/work/x86_64-linux/pkgconfig-native/0.29.2+gitAUTOINC+d97db4fae4-r0/recipe-sysroot-native/usr/include -L/home/ubuntu/yocto/rpi-build/tmp/work/x86_64-linux/pkgconfig-native/0.29.2+gitAUTOINC+d97db4fae4-r0/recipe-sysroot-native/usr/lib                         -L/home/ubuntu/yocto/rpi-build/tmp/work/x86_64-linux/pkgconfig-native/0.29.2+gitAUTOINC+d97db4fae4-r0/recipe-sysroot-native/lib                         -Wl,--enable-new-dtags                         -Wl,-rpath-link,/home/ubuntu/yocto/rpi-build/tmp/work/x86_64-linux/pkgconfig-native/0.29.2+gitAUTOINC+d97db4fae4-r0/recipe-sysroot-native/usr/lib                         -Wl,-rpath-link,/home/ubuntu/yocto/rpi-build/tmp/work/x86_64-linux/pkgconfig-native/0.29.2+gitAUTOINC+d97db4fae4-r0/recipe-sysroot-native/lib                         -Wl,-rpath,/home/ubuntu/yocto/rpi-build/tmp/work/x86_64-linux/pkgconfig-native/0.29.2+gitAUTOINC+d97db4fae4-r0/recipe-sysroot-native/usr/lib                         -Wl,-rpath,/home/ubuntu/yocto/rpi-build/tmp/work/x86_64-linux/pkgconfig-native/0.29.2+gitAUTOINC+d97db4fae4-r0/recipe-sysroot-native/lib                         -Wl,-O1 -Wl,--allow-shlib-undefined -Wl,--dynamic-linker=/home/ubuntu/yocto/rpi-build/tmp/sysroots-uninative/x86_64-linux/lib/ld-linux-x86-64.so.2 conftest.c  >&5
configure:25873: $? = 0
configure:25882: result: yes
configure:25890: checking for nl_langinfo (_NL_CTYPE_OUTDIGITn_MB)
configure:25918: gcc  -o conftest -isystem/home/ubuntu/yocto/rpi-build/tmp/work/x86_64-linux/pkgconfig-native/0.29.2+gitAUTOINC+d97db4fae4-r0/recipe-sysroot-native/usr/include -O2 -pipe -isystem/home/ubuntu/yocto/rpi-build/tmp/work/x86_64-linux/pkgconfig-native/0.29.2+gitAUTOINC+d97db4fae4-r0/recipe-sysroot-native/usr/include -L/home/ubuntu/yocto/rpi-build/tmp/work/x86_64-linux/pkgconfig-native/0.29.2+gitAUTOINC+d97db4fae4-r0/recipe-sysroot-native/usr/lib                         -L/home/ubuntu/yocto/rpi-build/tmp/work/x86_64-linux/pkgconfig-native/0.29.2+gitAUTOINC+d97db4fae4-r0/recipe-sysroot-native/lib                         -Wl,--enable-new-dtags                         -Wl,-rpath-link,/home/ubuntu/yocto/rpi-build/tmp/work/x86_64-linux/pkgconfig-native/0.29.2+gitAUTOINC+d97db4fae4-r0/recipe-sysroot-native/usr/lib                         -Wl,-rpath-link,/home/ubuntu/yocto/rpi-build/tmp/work/x86_64-linux/pkgconfig-native/0.29.2+gitAUTOINC+d97db4fae4-r0/recipe-sysroot-native/lib                         -Wl,-rpath,/home/ubuntu/yocto/rpi-build/tmp/work/x86_64-linux/pkgconfig-native/0.29.2+gitAUTOINC+d97db4fae4-r0/recipe-sysroot-native/usr/lib                         -Wl,-rpath,/home/ubuntu/yocto/rpi-build/tmp/work/x86_64-linux/pkgconfig-native/0.29.2+gitAUTOINC+d97db4fae4-r0/recipe-sysroot-native/lib                         -Wl,-O1 -Wl,--allow-shlib-undefined -Wl,--dynamic-linker=/home/ubuntu/yocto/rpi-build/tmp/sysroots-uninative/x86_64-linux/lib/ld-linux-x86-64.so.2 conftest.c  >&5
configure:25918: $? = 0
configure:25927: result: yes
configure:25941: checking for a compliant posix_memalign() implementation
configure:25997: result: yes
configure:26012: checking for OpenBSD strlcpy/strlcat
configure:26035: gcc  -o conftest -isystem/home/ubuntu/yocto/rpi-build/tmp/work/x86_64-linux/pkgconfig-native/0.29.2+gitAUTOINC+d97db4fae4-r0/recipe-sysroot-native/usr/include -O2 -pipe -isystem/home/ubuntu/yocto/rpi-build/tmp/work/x86_64-linux/pkgconfig-native/0.29.2+gitAUTOINC+d97db4fae4-r0/recipe-sysroot-native/usr/include -L/home/ubuntu/yocto/rpi-build/tmp/work/x86_64-linux/pkgconfig-native/0.29.2+gitAUTOINC+d97db4fae4-r0/recipe-sysroot-native/usr/lib                         -L/home/ubuntu/yocto/rpi-build/tmp/work/x86_64-linux/pkgconfig-native/0.29.2+gitAUTOINC+d97db4fae4-r0/recipe-sysroot-native/lib                         -Wl,--enable-new-dtags                         -Wl,-rpath-link,/home/ubuntu/yocto/rpi-build/tmp/work/x86_64-linux/pkgconfig-native/0.29.2+gitAUTOINC+d97db4fae4-r0/recipe-sysroot-native/usr/lib                         -Wl,-rpath-link,/home/ubuntu/yocto/rpi-build/tmp/work/x86_64-linux/pkgconfig-native/0.29.2+gitAUTOINC+d97db4fae4-r0/recipe-sysroot-native/lib                         -Wl,-rpath,/home/ubuntu/yocto/rpi-build/tmp/work/x86_64-linux/pkgconfig-native/0.29.2+gitAUTOINC+d97db4fae4-r0/recipe-sysroot-native/usr/lib                         -Wl,-rpath,/home/ubuntu/yocto/rpi-build/tmp/work/x86_64-linux/pkgconfig-native/0.29.2+gitAUTOINC+d97db4fae4-r0/recipe-sysroot-native/lib                         -Wl,-O1 -Wl,--allow-shlib-undefined -Wl,--dynamic-linker=/home/ubuntu/yocto/rpi-build/tmp/sysroots-uninative/x86_64-linux/lib/ld-linux-x86-64.so.2 conftest.c  >&5
conftest.c: In function 'main':
conftest.c:187:10: warning: implicit declaration of function 'strlcpy'; did you mean 'strncpy'? [-Wimplicit-function-declaration]
  187 |   (void) strlcpy (p, "hi", 10);
      |          ^~~~~~~
      |          strncpy
conftest.c:188:7: warning: implicit declaration of function 'strlcat'; did you mean 'strncat'? [-Wimplicit-function-declaration]
  188 |   if (strlcat (p, "bye", 0) != 3)
      |       ^~~~~~~
      |       strncat
/home/ubuntu/yocto/rpi-build/tmp/hosttools/ld: /tmp/ccBrqdrh.o: in function `main':
conftest.c:(.text.startup+0x2e): undefined reference to `strlcpy'
/home/ubuntu/yocto/rpi-build/tmp/hosttools/ld: conftest.c:(.text.startup+0x41): undefined reference to `strlcat'
collect2: error: ld returned 1 exit status
configure:26035: $? = 1
configure: program exited with status 1
configure: failed program was:
| /* confdefs.h */
| #define PACKAGE_NAME "glib"
| #define PACKAGE_TARNAME "glib"
| #define PACKAGE_VERSION "2.38.2"
| #define PACKAGE_STRING "glib 2.38.2"
| #define PACKAGE_BUGREPORT "http://bugzilla.gnome.org/enter_bug.cgi?product=glib"
| #define PACKAGE_URL ""
| #define GLIB_MAJOR_VERSION 2
| #define GLIB_MINOR_VERSION 38
| #define GLIB_MICRO_VERSION 2
| #define GLIB_INTERFACE_AGE 2
| #define GLIB_BINARY_AGE 3802
| #define HAVE_STDIO_H 1
| #define HAVE_STDLIB_H 1
| #define HAVE_STRING_H 1
| #define HAVE_INTTYPES_H 1
| #define HAVE_STDINT_H 1
| #define HAVE_STRINGS_H 1
| #define HAVE_SYS_STAT_H 1
| #define HAVE_SYS_TYPES_H 1
| #define HAVE_UNISTD_H 1
| #define HAVE_WCHAR_H 1
| #define STDC_HEADERS 1
| #define _ALL_SOURCE 1
| #define _DARWIN_C_SOURCE 1
| #define _GNU_SOURCE 1
| #define _HPUX_ALT_XOPEN_SOCKET_API 1
| #define _NETBSD_SOURCE 1
| #define _OPENBSD_SOURCE 1
| #define _POSIX_PTHREAD_SEMANTICS 1
| #define __STDC_WANT_IEC_60559_ATTRIBS_EXT__ 1
| #define __STDC_WANT_IEC_60559_BFP_EXT__ 1
| #define __STDC_WANT_IEC_60559_DFP_EXT__ 1
| #define __STDC_WANT_IEC_60559_FUNCS_EXT__ 1
| #define __STDC_WANT_IEC_60559_TYPES_EXT__ 1
| #define __STDC_WANT_LIB_EXT2__ 1
| #define __STDC_WANT_MATH_SPEC_FUNCS__ 1
| #define _TANDEM_SOURCE 1
| #define __EXTENSIONS__ 1
| #define GETTEXT_PACKAGE "glib20"
| #define GLIB_LOCALE_DIR ""
| #define HAVE_DLFCN_H 1
| #define LT_OBJDIR ".libs/"
| #define HAVE_VPRINTF 1
| #define HAVE_ALLOCA_H 1
| #define HAVE_ALLOCA 1
| #define HAVE_MMAP 1
| #define HAVE_POSIX_MEMALIGN 1
| #define HAVE_MEMALIGN 1
| #define HAVE_VALLOC 1
| #define HAVE_FSYNC 1
| #define HAVE_PIPE2 1
| #define HAVE_ATEXIT 1
| #define HAVE_ON_EXIT 1
| #define HAVE_TIMEGM 1
| #define HAVE_GMTIME_R 1
| #define HAVE_LIBC_ENABLE_SECURE 1
| #define SIZEOF_CHAR 1
| #define SIZEOF_SHORT 2
| #define SIZEOF_LONG 8
| #define SIZEOF_INT 4
| #define SIZEOF_VOID_P 8
| #define SIZEOF_LONG_LONG 8
| #define HAVE_SIG_ATOMIC_T 1
| #define HAVE_LONG_LONG_FORMAT 1
| #define G_HAVE___INLINE 1
| #define G_HAVE___INLINE__ 1
| #define G_HAVE_INLINE 1
| #define HAVE_DOWHILE_MACROS 1
| #define HAVE_DIRENT_H 1
| #define HAVE_FLOAT_H 1
| #define HAVE_LIMITS_H 1
| #define HAVE_PWD_H 1
| #define HAVE_GRP_H 1
| #define HAVE_SYS_PARAM_H 1
| #define HAVE_SYS_POLL_H 1
| #define HAVE_SYS_RESOURCE_H 1
| #define HAVE_SYS_TIME_H 1
| #define HAVE_SYS_TIMES_H 1
| #define HAVE_SYS_WAIT_H 1
| #define HAVE_UNISTD_H 1
| #define HAVE_VALUES_H 1
| #define HAVE_SYS_SELECT_H 1
| #define HAVE_SYS_TYPES_H 1
| #define HAVE_STDINT_H 1
| #define HAVE_INTTYPES_H 1
| #define HAVE_SCHED_H 1
| #define HAVE_MALLOC_H 1
| #define HAVE_SYS_VFS_H 1
| #define HAVE_SYS_STATFS_H 1
| #define HAVE_SYS_STATVFS_H 1
| #define HAVE_MNTENT_H 1
| #define HAVE_FSTAB_H 1
| #define HAVE_SYS_UIO_H 1
| #define HAVE_LINUX_MAGIC_H 1
| #define HAVE_SYS_PRCTL_H 1
| #define HAVE_SYS_MOUNT_H 1
| #define HAVE_STRUCT_STAT_ST_MTIM_TV_NSEC 1
| #define HAVE_STRUCT_STAT_ST_ATIM_TV_NSEC 1
| #define HAVE_STRUCT_STAT_ST_CTIM_TV_NSEC 1
| #define HAVE_STRUCT_STAT_ST_BLKSIZE 1
| #define HAVE_STRUCT_STAT_ST_BLOCKS 1
| #define HAVE_STRUCT_STATFS_F_BAVAIL 1
| #define HAVE_STRUCT_TM_TM_GMTOFF 1
| #define HAVE_DIRENT_H 1
| #define HAVE_STRUCT_DIRENT_D_TYPE 1
| #define HAVE_LANGINFO_CODESET 1
| #define HAVE_STDDEF_H 1
| #define HAVE_STDLIB_H 1
| #define HAVE_STRING_H 1
| #define HAVE_SETLOCALE 1
| #define SIZEOF_SIZE_T 8
| #define SIZEOF_SSIZE_T 8
| #define HAVE_LSTAT 1
| #define HAVE_STRERROR 1
| #define HAVE_STRSIGNAL 1
| #define HAVE_MEMMOVE 1
| #define HAVE_VSNPRINTF 1
| #define HAVE_STPCPY 1
| #define HAVE_STRCASECMP 1
| #define HAVE_STRNCASECMP 1
| #define HAVE_POLL 1
| #define HAVE_GETCWD 1
| #define HAVE_VASPRINTF 1
| #define HAVE_SETENV 1
| #define HAVE_UNSETENV 1
| #define HAVE_GETC_UNLOCKED 1
| #define HAVE_READLINK 1
| #define HAVE_SYMLINK 1
| #define HAVE_MEMMEM 1
| #define HAVE_CHOWN 1
| #define HAVE_LCHMOD 1
| #define HAVE_LCHOWN 1
| #define HAVE_FCHMOD 1
| #define HAVE_FCHOWN 1
| #define HAVE_LINK 1
| #define HAVE_UTIMES 1
| #define HAVE_GETGRGID 1
| #define HAVE_GETPWUID 1
| #define HAVE_GETRESUID 1
| #define HAVE_GETMNTENT_R 1
| #define HAVE_SETMNTENT 1
| #define HAVE_ENDMNTENT 1
| #define HAVE_HASMNTOPT 1
| #define HAVE_FALLOCATE 1
| #define HAVE_SPLICE 1
| #define HAVE_PRLIMIT 1
| #define HAVE_STATVFS 1
| #define HAVE_STATFS 1
| #define USE_STATFS 1
| #define HAVE_NEWLOCALE 1
| #define HAVE_USELOCALE 1
| #define HAVE_STRTOD_L 1
| #define HAVE_STRTOLL_L 1
| #define HAVE_STRTOULL_L 1
| #define HAVE_C99_VSNPRINTF 1
| #define HAVE_UNIX98_PRINTF 1
| #define HAVE_GETPROTOBYNAME_R 1
| #define HAVE_ENDSERVENT 1
| #define HAVE_IF_NAMETOINDEX 1
| #define HAVE_IF_INDEXTONAME 1
| #define HAVE_RES_INIT 1
| #define HAVE_NETLINK 1
| #define HAVE_IP_MREQN /**/
| #define STATFS_ARGS 2
| #define HAVE_GOOD_PRINTF 1
| #define HAVE_LONG_LONG 1
| #define HAVE_LONG_DOUBLE 1
| #define HAVE_WCHAR_T 1
| #define HAVE_WINT_T 1
| #define HAVE_PTRDIFF_T 1
| #define HAVE_INTTYPES_H_WITH_UINTMAX 1
| #define HAVE_STDINT_H_WITH_UINTMAX 1
| #define HAVE_INTMAX_T 1
| #define HAVE_SNPRINTF 1
| #define HAVE_WCSLEN 1
| #define HAVE_C99_SNPRINTF 1
| #define HAVE_CODESET 1
| #define HAVE_LANGINFO_TIME 1
| #define HAVE_LANGINFO_OUTDIGIT 1
| #define POSIX_MEMALIGN_WITH_COMPLIANT_ALLOCS 1
| /* end confdefs.h.  */
| #include <stdlib.h>
| #include <string.h>
| int main() {
|   char p[10];
|   (void) strlcpy (p, "hi", 10);
|   if (strlcat (p, "bye", 0) != 3)
|     return 1;
|   return 0;
| }
configure:26046: result: no
configure:26055: checking for an implementation of va_copy()
configure:26089: result: yes
configure:26091: checking for an implementation of __va_copy()
configure:26125: result: yes
configure:26141: checking whether va_lists can be copied by value
configure:26181: result: no
configure:26218: checking for dlopen
configure:26218: gcc  -o conftest -isystem/home/ubuntu/yocto/rpi-build/tmp/work/x86_64-linux/pkgconfig-native/0.29.2+gitAUTOINC+d97db4fae4-r0/recipe-sysroot-native/usr/include -O2 -pipe -isystem/home/ubuntu/yocto/rpi-build/tmp/work/x86_64-linux/pkgconfig-native/0.29.2+gitAUTOINC+d97db4fae4-r0/recipe-sysroot-native/usr/include -L/home/ubuntu/yocto/rpi-build/tmp/work/x86_64-linux/pkgconfig-native/0.29.2+gitAUTOINC+d97db4fae4-r0/recipe-sysroot-native/usr/lib                         -L/home/ubuntu/yocto/rpi-build/tmp/work/x86_64-linux/pkgconfig-native/0.29.2+gitAUTOINC+d97db4fae4-r0/recipe-sysroot-native/lib                         -Wl,--enable-new-dtags                         -Wl,-rpath-link,/home/ubuntu/yocto/rpi-build/tmp/work/x86_64-linux/pkgconfig-native/0.29.2+gitAUTOINC+d97db4fae4-r0/recipe-sysroot-native/usr/lib                         -Wl,-rpath-link,/home/ubuntu/yocto/rpi-build/tmp/work/x86_64-linux/pkgconfig-native/0.29.2+gitAUTOINC+d97db4fae4-r0/recipe-sysroot-native/lib                         -Wl,-rpath,/home/ubuntu/yocto/rpi-build/tmp/work/x86_64-linux/pkgconfig-native/0.29.2+gitAUTOINC+d97db4fae4-r0/recipe-sysroot-native/usr/lib                         -Wl,-rpath,/home/ubuntu/yocto/rpi-build/tmp/work/x86_64-linux/pkgconfig-native/0.29.2+gitAUTOINC+d97db4fae4-r0/recipe-sysroot-native/lib                         -Wl,-O1 -Wl,--allow-shlib-undefined -Wl,--dynamic-linker=/home/ubuntu/yocto/rpi-build/tmp/sysroots-uninative/x86_64-linux/lib/ld-linux-x86-64.so.2 conftest.c  >&5
configure:26218: $? = 0
configure:26218: result: yes
configure:26221: checking for dlsym
configure:26221: gcc  -o conftest -isystem/home/ubuntu/yocto/rpi-build/tmp/work/x86_64-linux/pkgconfig-native/0.29.2+gitAUTOINC+d97db4fae4-r0/recipe-sysroot-native/usr/include -O2 -pipe -isystem/home/ubuntu/yocto/rpi-build/tmp/work/x86_64-linux/pkgconfig-native/0.29.2+gitAUTOINC+d97db4fae4-r0/recipe-sysroot-native/usr/include -L/home/ubuntu/yocto/rpi-build/tmp/work/x86_64-linux/pkgconfig-native/0.29.2+gitAUTOINC+d97db4fae4-r0/recipe-sysroot-native/usr/lib                         -L/home/ubuntu/yocto/rpi-build/tmp/work/x86_64-linux/pkgconfig-native/0.29.2+gitAUTOINC+d97db4fae4-r0/recipe-sysroot-native/lib                         -Wl,--enable-new-dtags                         -Wl,-rpath-link,/home/ubuntu/yocto/rpi-build/tmp/work/x86_64-linux/pkgconfig-native/0.29.2+gitAUTOINC+d97db4fae4-r0/recipe-sysroot-native/usr/lib                         -Wl,-rpath-link,/home/ubuntu/yocto/rpi-build/tmp/work/x86_64-linux/pkgconfig-native/0.29.2+gitAUTOINC+d97db4fae4-r0/recipe-sysroot-native/lib                         -Wl,-rpath,/home/ubuntu/yocto/rpi-build/tmp/work/x86_64-linux/pkgconfig-native/0.29.2+gitAUTOINC+d97db4fae4-r0/recipe-sysroot-native/usr/lib                         -Wl,-rpath,/home/ubuntu/yocto/rpi-build/tmp/work/x86_64-linux/pkgconfig-native/0.29.2+gitAUTOINC+d97db4fae4-r0/recipe-sysroot-native/lib                         -Wl,-O1 -Wl,--allow-shlib-undefined -Wl,--dynamic-linker=/home/ubuntu/yocto/rpi-build/tmp/sysroots-uninative/x86_64-linux/lib/ld-linux-x86-64.so.2 conftest.c  >&5
configure:26221: $? = 0
configure:26221: result: yes
configure:26437: checking for RTLD_GLOBAL brokenness
configure:26482: result: yes
configure:26489: checking for preceeding underscore in symbols
configure:26529: result: no
configure:26542: checking for dlerror
configure:26542: gcc  -o conftest -isystem/home/ubuntu/yocto/rpi-build/tmp/work/x86_64-linux/pkgconfig-native/0.29.2+gitAUTOINC+d97db4fae4-r0/recipe-sysroot-native/usr/include -O2 -pipe -isystem/home/ubuntu/yocto/rpi-build/tmp/work/x86_64-linux/pkgconfig-native/0.29.2+gitAUTOINC+d97db4fae4-r0/recipe-sysroot-native/usr/include -L/home/ubuntu/yocto/rpi-build/tmp/work/x86_64-linux/pkgconfig-native/0.29.2+gitAUTOINC+d97db4fae4-r0/recipe-sysroot-native/usr/lib                         -L/home/ubuntu/yocto/rpi-build/tmp/work/x86_64-linux/pkgconfig-native/0.29.2+gitAUTOINC+d97db4fae4-r0/recipe-sysroot-native/lib                         -Wl,--enable-new-dtags                         -Wl,-rpath-link,/home/ubuntu/yocto/rpi-build/tmp/work/x86_64-linux/pkgconfig-native/0.29.2+gitAUTOINC+d97db4fae4-r0/recipe-sysroot-native/usr/lib                         -Wl,-rpath-link,/home/ubuntu/yocto/rpi-build/tmp/work/x86_64-linux/pkgconfig-native/0.29.2+gitAUTOINC+d97db4fae4-r0/recipe-sysroot-native/lib                         -Wl,-rpath,/home/ubuntu/yocto/rpi-build/tmp/work/x86_64-linux/pkgconfig-native/0.29.2+gitAUTOINC+d97db4fae4-r0/recipe-sysroot-native/usr/lib                         -Wl,-rpath,/home/ubuntu/yocto/rpi-build/tmp/work/x86_64-linux/pkgconfig-native/0.29.2+gitAUTOINC+d97db4fae4-r0/recipe-sysroot-native/lib                         -Wl,-O1 -Wl,--allow-shlib-undefined -Wl,--dynamic-linker=/home/ubuntu/yocto/rpi-build/tmp/sysroots-uninative/x86_64-linux/lib/ld-linux-x86-64.so.2 conftest.c   >&5
configure:26542: $? = 0
configure:26542: result: yes
configure:26560: checking for the suffix of module shared libraries
configure:26568: result: .so
configure:26587: checking for gspawn implementation
configure:26597: result: gspawn.lo
configure:26602: checking for GIOChannel implementation
configure:26612: result: giounix.lo
configure:26632: checking for sys/inotify.h
configure:26632: gcc  -c -isystem/home/ubuntu/yocto/rpi-build/tmp/work/x86_64-linux/pkgconfig-native/0.29.2+gitAUTOINC+d97db4fae4-r0/recipe-sysroot-native/usr/include -O2 -pipe -isystem/home/ubuntu/yocto/rpi-build/tmp/work/x86_64-linux/pkgconfig-native/0.29.2+gitAUTOINC+d97db4fae4-r0/recipe-sysroot-native/usr/include conftest.c >&5
configure:26632: $? = 0
configure:26632: result: yes
configure:26638: checking for inotify_init1
configure:26638: gcc  -o conftest -isystem/home/ubuntu/yocto/rpi-build/tmp/work/x86_64-linux/pkgconfig-native/0.29.2+gitAUTOINC+d97db4fae4-r0/recipe-sysroot-native/usr/include -O2 -pipe -isystem/home/ubuntu/yocto/rpi-build/tmp/work/x86_64-linux/pkgconfig-native/0.29.2+gitAUTOINC+d97db4fae4-r0/recipe-sysroot-native/usr/include -L/home/ubuntu/yocto/rpi-build/tmp/work/x86_64-linux/pkgconfig-native/0.29.2+gitAUTOINC+d97db4fae4-r0/recipe-sysroot-native/usr/lib                         -L/home/ubuntu/yocto/rpi-build/tmp/work/x86_64-linux/pkgconfig-native/0.29.2+gitAUTOINC+d97db4fae4-r0/recipe-sysroot-native/lib                         -Wl,--enable-new-dtags                         -Wl,-rpath-link,/home/ubuntu/yocto/rpi-build/tmp/work/x86_64-linux/pkgconfig-native/0.29.2+gitAUTOINC+d97db4fae4-r0/recipe-sysroot-native/usr/lib                         -Wl,-rpath-link,/home/ubuntu/yocto/rpi-build/tmp/work/x86_64-linux/pkgconfig-native/0.29.2+gitAUTOINC+d97db4fae4-r0/recipe-sysroot-native/lib                         -Wl,-rpath,/home/ubuntu/yocto/rpi-build/tmp/work/x86_64-linux/pkgconfig-native/0.29.2+gitAUTOINC+d97db4fae4-r0/recipe-sysroot-native/usr/lib                         -Wl,-rpath,/home/ubuntu/yocto/rpi-build/tmp/work/x86_64-linux/pkgconfig-native/0.29.2+gitAUTOINC+d97db4fae4-r0/recipe-sysroot-native/lib                         -Wl,-O1 -Wl,--allow-shlib-undefined -Wl,--dynamic-linker=/home/ubuntu/yocto/rpi-build/tmp/sysroots-uninative/x86_64-linux/lib/ld-linux-x86-64.so.2 conftest.c  >&5
configure:26638: $? = 0
configure:26638: result: yes
configure:26662: checking for sys/event.h
configure:26662: gcc  -c -isystem/home/ubuntu/yocto/rpi-build/tmp/work/x86_64-linux/pkgconfig-native/0.29.2+gitAUTOINC+d97db4fae4-r0/recipe-sysroot-native/usr/include -O2 -pipe -isystem/home/ubuntu/yocto/rpi-build/tmp/work/x86_64-linux/pkgconfig-native/0.29.2+gitAUTOINC+d97db4fae4-r0/recipe-sysroot-native/usr/include conftest.c >&5
conftest.c:215:10: fatal error: sys/event.h: No such file or directory
  215 | #include <sys/event.h>
      |          ^~~~~~~~~~~~~
compilation terminated.
configure:26662: $? = 1
configure: failed program was:
| /* confdefs.h */
| #define PACKAGE_NAME "glib"
| #define PACKAGE_TARNAME "glib"
| #define PACKAGE_VERSION "2.38.2"
| #define PACKAGE_STRING "glib 2.38.2"
| #define PACKAGE_BUGREPORT "http://bugzilla.gnome.org/enter_bug.cgi?product=glib"
| #define PACKAGE_URL ""
| #define GLIB_MAJOR_VERSION 2
| #define GLIB_MINOR_VERSION 38
| #define GLIB_MICRO_VERSION 2
| #define GLIB_INTERFACE_AGE 2
| #define GLIB_BINARY_AGE 3802
| #define HAVE_STDIO_H 1
| #define HAVE_STDLIB_H 1
| #define HAVE_STRING_H 1
| #define HAVE_INTTYPES_H 1
| #define HAVE_STDINT_H 1
| #define HAVE_STRINGS_H 1
| #define HAVE_SYS_STAT_H 1
| #define HAVE_SYS_TYPES_H 1
| #define HAVE_UNISTD_H 1
| #define HAVE_WCHAR_H 1
| #define STDC_HEADERS 1
| #define _ALL_SOURCE 1
| #define _DARWIN_C_SOURCE 1
| #define _GNU_SOURCE 1
| #define _HPUX_ALT_XOPEN_SOCKET_API 1
| #define _NETBSD_SOURCE 1
| #define _OPENBSD_SOURCE 1
| #define _POSIX_PTHREAD_SEMANTICS 1
| #define __STDC_WANT_IEC_60559_ATTRIBS_EXT__ 1
| #define __STDC_WANT_IEC_60559_BFP_EXT__ 1
| #define __STDC_WANT_IEC_60559_DFP_EXT__ 1
| #define __STDC_WANT_IEC_60559_FUNCS_EXT__ 1
| #define __STDC_WANT_IEC_60559_TYPES_EXT__ 1
| #define __STDC_WANT_LIB_EXT2__ 1
| #define __STDC_WANT_MATH_SPEC_FUNCS__ 1
| #define _TANDEM_SOURCE 1
| #define __EXTENSIONS__ 1
| #define GETTEXT_PACKAGE "glib20"
| #define GLIB_LOCALE_DIR ""
| #define HAVE_DLFCN_H 1
| #define LT_OBJDIR ".libs/"
| #define HAVE_VPRINTF 1
| #define HAVE_ALLOCA_H 1
| #define HAVE_ALLOCA 1
| #define HAVE_MMAP 1
| #define HAVE_POSIX_MEMALIGN 1
| #define HAVE_MEMALIGN 1
| #define HAVE_VALLOC 1
| #define HAVE_FSYNC 1
| #define HAVE_PIPE2 1
| #define HAVE_ATEXIT 1
| #define HAVE_ON_EXIT 1
| #define HAVE_TIMEGM 1
| #define HAVE_GMTIME_R 1
| #define HAVE_LIBC_ENABLE_SECURE 1
| #define SIZEOF_CHAR 1
| #define SIZEOF_SHORT 2
| #define SIZEOF_LONG 8
| #define SIZEOF_INT 4
| #define SIZEOF_VOID_P 8
| #define SIZEOF_LONG_LONG 8
| #define HAVE_SIG_ATOMIC_T 1
| #define HAVE_LONG_LONG_FORMAT 1
| #define G_HAVE___INLINE 1
| #define G_HAVE___INLINE__ 1
| #define G_HAVE_INLINE 1
| #define HAVE_DOWHILE_MACROS 1
| #define HAVE_DIRENT_H 1
| #define HAVE_FLOAT_H 1
| #define HAVE_LIMITS_H 1
| #define HAVE_PWD_H 1
| #define HAVE_GRP_H 1
| #define HAVE_SYS_PARAM_H 1
| #define HAVE_SYS_POLL_H 1
| #define HAVE_SYS_RESOURCE_H 1
| #define HAVE_SYS_TIME_H 1
| #define HAVE_SYS_TIMES_H 1
| #define HAVE_SYS_WAIT_H 1
| #define HAVE_UNISTD_H 1
| #define HAVE_VALUES_H 1
| #define HAVE_SYS_SELECT_H 1
| #define HAVE_SYS_TYPES_H 1
| #define HAVE_STDINT_H 1
| #define HAVE_INTTYPES_H 1
| #define HAVE_SCHED_H 1
| #define HAVE_MALLOC_H 1
| #define HAVE_SYS_VFS_H 1
| #define HAVE_SYS_STATFS_H 1
| #define HAVE_SYS_STATVFS_H 1
| #define HAVE_MNTENT_H 1
| #define HAVE_FSTAB_H 1
| #define HAVE_SYS_UIO_H 1
| #define HAVE_LINUX_MAGIC_H 1
| #define HAVE_SYS_PRCTL_H 1
| #define HAVE_SYS_MOUNT_H 1
| #define HAVE_STRUCT_STAT_ST_MTIM_TV_NSEC 1
| #define HAVE_STRUCT_STAT_ST_ATIM_TV_NSEC 1
| #define HAVE_STRUCT_STAT_ST_CTIM_TV_NSEC 1
| #define HAVE_STRUCT_STAT_ST_BLKSIZE 1
| #define HAVE_STRUCT_STAT_ST_BLOCKS 1
| #define HAVE_STRUCT_STATFS_F_BAVAIL 1
| #define HAVE_STRUCT_TM_TM_GMTOFF 1
| #define HAVE_DIRENT_H 1
| #define HAVE_STRUCT_DIRENT_D_TYPE 1
| #define HAVE_LANGINFO_CODESET 1
| #define HAVE_STDDEF_H 1
| #define HAVE_STDLIB_H 1
| #define HAVE_STRING_H 1
| #define HAVE_SETLOCALE 1
| #define SIZEOF_SIZE_T 8
| #define SIZEOF_SSIZE_T 8
| #define HAVE_LSTAT 1
| #define HAVE_STRERROR 1
| #define HAVE_STRSIGNAL 1
| #define HAVE_MEMMOVE 1
| #define HAVE_VSNPRINTF 1
| #define HAVE_STPCPY 1
| #define HAVE_STRCASECMP 1
| #define HAVE_STRNCASECMP 1
| #define HAVE_POLL 1
| #define HAVE_GETCWD 1
| #define HAVE_VASPRINTF 1
| #define HAVE_SETENV 1
| #define HAVE_UNSETENV 1
| #define HAVE_GETC_UNLOCKED 1
| #define HAVE_READLINK 1
| #define HAVE_SYMLINK 1
| #define HAVE_MEMMEM 1
| #define HAVE_CHOWN 1
| #define HAVE_LCHMOD 1
| #define HAVE_LCHOWN 1
| #define HAVE_FCHMOD 1
| #define HAVE_FCHOWN 1
| #define HAVE_LINK 1
| #define HAVE_UTIMES 1
| #define HAVE_GETGRGID 1
| #define HAVE_GETPWUID 1
| #define HAVE_GETRESUID 1
| #define HAVE_GETMNTENT_R 1
| #define HAVE_SETMNTENT 1
| #define HAVE_ENDMNTENT 1
| #define HAVE_HASMNTOPT 1
| #define HAVE_FALLOCATE 1
| #define HAVE_SPLICE 1
| #define HAVE_PRLIMIT 1
| #define HAVE_STATVFS 1
| #define HAVE_STATFS 1
| #define USE_STATFS 1
| #define HAVE_NEWLOCALE 1
| #define HAVE_USELOCALE 1
| #define HAVE_STRTOD_L 1
| #define HAVE_STRTOLL_L 1
| #define HAVE_STRTOULL_L 1
| #define HAVE_C99_VSNPRINTF 1
| #define HAVE_UNIX98_PRINTF 1
| #define HAVE_GETPROTOBYNAME_R 1
| #define HAVE_ENDSERVENT 1
| #define HAVE_IF_NAMETOINDEX 1
| #define HAVE_IF_INDEXTONAME 1
| #define HAVE_RES_INIT 1
| #define HAVE_NETLINK 1
| #define HAVE_IP_MREQN /**/
| #define STATFS_ARGS 2
| #define HAVE_GOOD_PRINTF 1
| #define HAVE_LONG_LONG 1
| #define HAVE_LONG_DOUBLE 1
| #define HAVE_WCHAR_T 1
| #define HAVE_WINT_T 1
| #define HAVE_PTRDIFF_T 1
| #define HAVE_INTTYPES_H_WITH_UINTMAX 1
| #define HAVE_STDINT_H_WITH_UINTMAX 1
| #define HAVE_INTMAX_T 1
| #define HAVE_SNPRINTF 1
| #define HAVE_WCSLEN 1
| #define HAVE_C99_SNPRINTF 1
| #define HAVE_CODESET 1
| #define HAVE_LANGINFO_TIME 1
| #define HAVE_LANGINFO_OUTDIGIT 1
| #define POSIX_MEMALIGN_WITH_COMPLIANT_ALLOCS 1
| #define G_VA_COPY va_copy
| #define G_VA_COPY_AS_ARRAY 1
| #define HAVE_SYS_INOTIFY_H 1
| #define HAVE_INOTIFY_INIT1 1
| /* end confdefs.h.  */
| #include <stddef.h>
| #ifdef HAVE_STDIO_H
| # include <stdio.h>
| #endif
| #ifdef HAVE_STDLIB_H
| # include <stdlib.h>
| #endif
| #ifdef HAVE_STRING_H
| # include <string.h>
| #endif
| #ifdef HAVE_INTTYPES_H
| # include <inttypes.h>
| #endif
| #ifdef HAVE_STDINT_H
| # include <stdint.h>
| #endif
| #ifdef HAVE_STRINGS_H
| # include <strings.h>
| #endif
| #ifdef HAVE_SYS_TYPES_H
| # include <sys/types.h>
| #endif
| #ifdef HAVE_SYS_STAT_H
| # include <sys/stat.h>
| #endif
| #ifdef HAVE_UNISTD_H
| # include <unistd.h>
| #endif
| #include <sys/event.h>
configure:26662: result: no
configure:26705: gcc  -c -isystem/home/ubuntu/yocto/rpi-build/tmp/work/x86_64-linux/pkgconfig-native/0.29.2+gitAUTOINC+d97db4fae4-r0/recipe-sysroot-native/usr/include -O2 -pipe -isystem/home/ubuntu/yocto/rpi-build/tmp/work/x86_64-linux/pkgconfig-native/0.29.2+gitAUTOINC+d97db4fae4-r0/recipe-sysroot-native/usr/include conftest.c >&5
conftest.c:188:10: fatal error: port.h: No such file or directory
  188 | #include <port.h>
      |          ^~~~~~~~
compilation terminated.
configure:26705: $? = 1
configure: failed program was:
| /* confdefs.h */
| #define PACKAGE_NAME "glib"
| #define PACKAGE_TARNAME "glib"
| #define PACKAGE_VERSION "2.38.2"
| #define PACKAGE_STRING "glib 2.38.2"
| #define PACKAGE_BUGREPORT "http://bugzilla.gnome.org/enter_bug.cgi?product=glib"
| #define PACKAGE_URL ""
| #define GLIB_MAJOR_VERSION 2
| #define GLIB_MINOR_VERSION 38
| #define GLIB_MICRO_VERSION 2
| #define GLIB_INTERFACE_AGE 2
| #define GLIB_BINARY_AGE 3802
| #define HAVE_STDIO_H 1
| #define HAVE_STDLIB_H 1
| #define HAVE_STRING_H 1
| #define HAVE_INTTYPES_H 1
| #define HAVE_STDINT_H 1
| #define HAVE_STRINGS_H 1
| #define HAVE_SYS_STAT_H 1
| #define HAVE_SYS_TYPES_H 1
| #define HAVE_UNISTD_H 1
| #define HAVE_WCHAR_H 1
| #define STDC_HEADERS 1
| #define _ALL_SOURCE 1
| #define _DARWIN_C_SOURCE 1
| #define _GNU_SOURCE 1
| #define _HPUX_ALT_XOPEN_SOCKET_API 1
| #define _NETBSD_SOURCE 1
| #define _OPENBSD_SOURCE 1
| #define _POSIX_PTHREAD_SEMANTICS 1
| #define __STDC_WANT_IEC_60559_ATTRIBS_EXT__ 1
| #define __STDC_WANT_IEC_60559_BFP_EXT__ 1
| #define __STDC_WANT_IEC_60559_DFP_EXT__ 1
| #define __STDC_WANT_IEC_60559_FUNCS_EXT__ 1
| #define __STDC_WANT_IEC_60559_TYPES_EXT__ 1
| #define __STDC_WANT_LIB_EXT2__ 1
| #define __STDC_WANT_MATH_SPEC_FUNCS__ 1
| #define _TANDEM_SOURCE 1
| #define __EXTENSIONS__ 1
| #define GETTEXT_PACKAGE "glib20"
| #define GLIB_LOCALE_DIR ""
| #define HAVE_DLFCN_H 1
| #define LT_OBJDIR ".libs/"
| #define HAVE_VPRINTF 1
| #define HAVE_ALLOCA_H 1
| #define HAVE_ALLOCA 1
| #define HAVE_MMAP 1
| #define HAVE_POSIX_MEMALIGN 1
| #define HAVE_MEMALIGN 1
| #define HAVE_VALLOC 1
| #define HAVE_FSYNC 1
| #define HAVE_PIPE2 1
| #define HAVE_ATEXIT 1
| #define HAVE_ON_EXIT 1
| #define HAVE_TIMEGM 1
| #define HAVE_GMTIME_R 1
| #define HAVE_LIBC_ENABLE_SECURE 1
| #define SIZEOF_CHAR 1
| #define SIZEOF_SHORT 2
| #define SIZEOF_LONG 8
| #define SIZEOF_INT 4
| #define SIZEOF_VOID_P 8
| #define SIZEOF_LONG_LONG 8
| #define HAVE_SIG_ATOMIC_T 1
| #define HAVE_LONG_LONG_FORMAT 1
| #define G_HAVE___INLINE 1
| #define G_HAVE___INLINE__ 1
| #define G_HAVE_INLINE 1
| #define HAVE_DOWHILE_MACROS 1
| #define HAVE_DIRENT_H 1
| #define HAVE_FLOAT_H 1
| #define HAVE_LIMITS_H 1
| #define HAVE_PWD_H 1
| #define HAVE_GRP_H 1
| #define HAVE_SYS_PARAM_H 1
| #define HAVE_SYS_POLL_H 1
| #define HAVE_SYS_RESOURCE_H 1
| #define HAVE_SYS_TIME_H 1
| #define HAVE_SYS_TIMES_H 1
| #define HAVE_SYS_WAIT_H 1
| #define HAVE_UNISTD_H 1
| #define HAVE_VALUES_H 1
| #define HAVE_SYS_SELECT_H 1
| #define HAVE_SYS_TYPES_H 1
| #define HAVE_STDINT_H 1
| #define HAVE_INTTYPES_H 1
| #define HAVE_SCHED_H 1
| #define HAVE_MALLOC_H 1
| #define HAVE_SYS_VFS_H 1
| #define HAVE_SYS_STATFS_H 1
| #define HAVE_SYS_STATVFS_H 1
| #define HAVE_MNTENT_H 1
| #define HAVE_FSTAB_H 1
| #define HAVE_SYS_UIO_H 1
| #define HAVE_LINUX_MAGIC_H 1
| #define HAVE_SYS_PRCTL_H 1
| #define HAVE_SYS_MOUNT_H 1
| #define HAVE_STRUCT_STAT_ST_MTIM_TV_NSEC 1
| #define HAVE_STRUCT_STAT_ST_ATIM_TV_NSEC 1
| #define HAVE_STRUCT_STAT_ST_CTIM_TV_NSEC 1
| #define HAVE_STRUCT_STAT_ST_BLKSIZE 1
| #define HAVE_STRUCT_STAT_ST_BLOCKS 1
| #define HAVE_STRUCT_STATFS_F_BAVAIL 1
| #define HAVE_STRUCT_TM_TM_GMTOFF 1
| #define HAVE_DIRENT_H 1
| #define HAVE_STRUCT_DIRENT_D_TYPE 1
| #define HAVE_LANGINFO_CODESET 1
| #define HAVE_STDDEF_H 1
| #define HAVE_STDLIB_H 1
| #define HAVE_STRING_H 1
| #define HAVE_SETLOCALE 1
| #define SIZEOF_SIZE_T 8
| #define SIZEOF_SSIZE_T 8
| #define HAVE_LSTAT 1
| #define HAVE_STRERROR 1
| #define HAVE_STRSIGNAL 1
| #define HAVE_MEMMOVE 1
| #define HAVE_VSNPRINTF 1
| #define HAVE_STPCPY 1
| #define HAVE_STRCASECMP 1
| #define HAVE_STRNCASECMP 1
| #define HAVE_POLL 1
| #define HAVE_GETCWD 1
| #define HAVE_VASPRINTF 1
| #define HAVE_SETENV 1
| #define HAVE_UNSETENV 1
| #define HAVE_GETC_UNLOCKED 1
| #define HAVE_READLINK 1
| #define HAVE_SYMLINK 1
| #define HAVE_MEMMEM 1
| #define HAVE_CHOWN 1
| #define HAVE_LCHMOD 1
| #define HAVE_LCHOWN 1
| #define HAVE_FCHMOD 1
| #define HAVE_FCHOWN 1
| #define HAVE_LINK 1
| #define HAVE_UTIMES 1
| #define HAVE_GETGRGID 1
| #define HAVE_GETPWUID 1
| #define HAVE_GETRESUID 1
| #define HAVE_GETMNTENT_R 1
| #define HAVE_SETMNTENT 1
| #define HAVE_ENDMNTENT 1
| #define HAVE_HASMNTOPT 1
| #define HAVE_FALLOCATE 1
| #define HAVE_SPLICE 1
| #define HAVE_PRLIMIT 1
| #define HAVE_STATVFS 1
| #define HAVE_STATFS 1
| #define USE_STATFS 1
| #define HAVE_NEWLOCALE 1
| #define HAVE_USELOCALE 1
| #define HAVE_STRTOD_L 1
| #define HAVE_STRTOLL_L 1
| #define HAVE_STRTOULL_L 1
| #define HAVE_C99_VSNPRINTF 1
| #define HAVE_UNIX98_PRINTF 1
| #define HAVE_GETPROTOBYNAME_R 1
| #define HAVE_ENDSERVENT 1
| #define HAVE_IF_NAMETOINDEX 1
| #define HAVE_IF_INDEXTONAME 1
| #define HAVE_RES_INIT 1
| #define HAVE_NETLINK 1
| #define HAVE_IP_MREQN /**/
| #define STATFS_ARGS 2
| #define HAVE_GOOD_PRINTF 1
| #define HAVE_LONG_LONG 1
| #define HAVE_LONG_DOUBLE 1
| #define HAVE_WCHAR_T 1
| #define HAVE_WINT_T 1
| #define HAVE_PTRDIFF_T 1
| #define HAVE_INTTYPES_H_WITH_UINTMAX 1
| #define HAVE_STDINT_H_WITH_UINTMAX 1
| #define HAVE_INTMAX_T 1
| #define HAVE_SNPRINTF 1
| #define HAVE_WCSLEN 1
| #define HAVE_C99_SNPRINTF 1
| #define HAVE_CODESET 1
| #define HAVE_LANGINFO_TIME 1
| #define HAVE_LANGINFO_OUTDIGIT 1
| #define POSIX_MEMALIGN_WITH_COMPLIANT_ALLOCS 1
| #define G_VA_COPY va_copy
| #define G_VA_COPY_AS_ARRAY 1
| #define HAVE_SYS_INOTIFY_H 1
| #define HAVE_INOTIFY_INIT1 1
| /* end confdefs.h.  */
| 
| #include <port.h>
| #ifndef PORT_SOURCE_FILE
| #error "Please upgrade to Nevada 72 or above to suppoert FEN"
| #endif
| int main() { return 0; }
configure:26724: checking for platform-dependent source
configure:26734: result: 
configure:26738: checking whether to compile timeloop
configure:26748: result: yes
configure:26759: checking if building for some Win32 platform
configure:26769: result: no
configure:26820: checking for thread implementation
configure:26846: gcc  -c -isystem/home/ubuntu/yocto/rpi-build/tmp/work/x86_64-linux/pkgconfig-native/0.29.2+gitAUTOINC+d97db4fae4-r0/recipe-sysroot-native/usr/include -O2 -pipe -isystem/home/ubuntu/yocto/rpi-build/tmp/work/x86_64-linux/pkgconfig-native/0.29.2+gitAUTOINC+d97db4fae4-r0/recipe-sysroot-native/usr/include -D_POSIX4_DRAFT_SOURCE -D_POSIX4A_DRAFT10_SOURCE -U_OSF_SOURCE conftest.c >&5
configure:26846: $? = 0
configure:26889: result: posix
configure:26962: gcc  -o conftest -isystem/home/ubuntu/yocto/rpi-build/tmp/work/x86_64-linux/pkgconfig-native/0.29.2+gitAUTOINC+d97db4fae4-r0/recipe-sysroot-native/usr/include -O2 -pipe -pthread -isystem/home/ubuntu/yocto/rpi-build/tmp/work/x86_64-linux/pkgconfig-native/0.29.2+gitAUTOINC+d97db4fae4-r0/recipe-sysroot-native/usr/include -L/home/ubuntu/yocto/rpi-build/tmp/work/x86_64-linux/pkgconfig-native/0.29.2+gitAUTOINC+d97db4fae4-r0/recipe-sysroot-native/usr/lib                         -L/home/ubuntu/yocto/rpi-build/tmp/work/x86_64-linux/pkgconfig-native/0.29.2+gitAUTOINC+d97db4fae4-r0/recipe-sysroot-native/lib                         -Wl,--enable-new-dtags                         -Wl,-rpath-link,/home/ubuntu/yocto/rpi-build/tmp/work/x86_64-linux/pkgconfig-native/0.29.2+gitAUTOINC+d97db4fae4-r0/recipe-sysroot-native/usr/lib                         -Wl,-rpath-link,/home/ubuntu/yocto/rpi-build/tmp/work/x86_64-linux/pkgconfig-native/0.29.2+gitAUTOINC+d97db4fae4-r0/recipe-sysroot-native/lib                         -Wl,-rpath,/home/ubuntu/yocto/rpi-build/tmp/work/x86_64-linux/pkgconfig-native/0.29.2+gitAUTOINC+d97db4fae4-r0/recipe-sysroot-native/usr/lib                         -Wl,-rpath,/home/ubuntu/yocto/rpi-build/tmp/work/x86_64-linux/pkgconfig-native/0.29.2+gitAUTOINC+d97db4fae4-r0/recipe-sysroot-native/lib                         -Wl,-O1 -Wl,--allow-shlib-undefined -Wl,--dynamic-linker=/home/ubuntu/yocto/rpi-build/tmp/sysroots-uninative/x86_64-linux/lib/ld-linux-x86-64.so.2 conftest.c  >&5
configure:26962: $? = 0
configure:26962: ./conftest
configure:26962: $? = 0
configure:27068: checking thread related cflags
configure:27070: result: -pthread
configure:27239: checking thread related libraries
configure:27241: result: -pthread
configure:27249: checking for localtime_r
configure:27249: gcc  -o conftest -isystem/home/ubuntu/yocto/rpi-build/tmp/work/x86_64-linux/pkgconfig-native/0.29.2+gitAUTOINC+d97db4fae4-r0/recipe-sysroot-native/usr/include -O2 -pipe -isystem/home/ubuntu/yocto/rpi-build/tmp/work/x86_64-linux/pkgconfig-native/0.29.2+gitAUTOINC+d97db4fae4-r0/recipe-sysroot-native/usr/include -pthread -L/home/ubuntu/yocto/rpi-build/tmp/work/x86_64-linux/pkgconfig-native/0.29.2+gitAUTOINC+d97db4fae4-r0/recipe-sysroot-native/usr/lib                         -L/home/ubuntu/yocto/rpi-build/tmp/work/x86_64-linux/pkgconfig-native/0.29.2+gitAUTOINC+d97db4fae4-r0/recipe-sysroot-native/lib                         -Wl,--enable-new-dtags                         -Wl,-rpath-link,/home/ubuntu/yocto/rpi-build/tmp/work/x86_64-linux/pkgconfig-native/0.29.2+gitAUTOINC+d97db4fae4-r0/recipe-sysroot-native/usr/lib                         -Wl,-rpath-link,/home/ubuntu/yocto/rpi-build/tmp/work/x86_64-linux/pkgconfig-native/0.29.2+gitAUTOINC+d97db4fae4-r0/recipe-sysroot-native/lib                         -Wl,-rpath,/home/ubuntu/yocto/rpi-build/tmp/work/x86_64-linux/pkgconfig-native/0.29.2+gitAUTOINC+d97db4fae4-r0/recipe-sysroot-native/usr/lib                         -Wl,-rpath,/home/ubuntu/yocto/rpi-build/tmp/work/x86_64-linux/pkgconfig-native/0.29.2+gitAUTOINC+d97db4fae4-r0/recipe-sysroot-native/lib                         -Wl,-O1 -Wl,--allow-shlib-undefined -Wl,--dynamic-linker=/home/ubuntu/yocto/rpi-build/tmp/sysroots-uninative/x86_64-linux/lib/ld-linux-x86-64.so.2 conftest.c  >&5
configure:27249: $? = 0
configure:27249: result: yes
configure:27255: checking for gmtime_r
configure:27255: result: yes
configure:27265: checking for posix getpwuid_r
configure:27305: result: yes
configure:27362: checking for posix getgrgid_r
configure:27402: result: yes
configure:27469: checking for pthread_attr_setstacksize
configure:27482: gcc  -o conftest -isystem/home/ubuntu/yocto/rpi-build/tmp/work/x86_64-linux/pkgconfig-native/0.29.2+gitAUTOINC+d97db4fae4-r0/recipe-sysroot-native/usr/include -O2 -pipe -isystem/home/ubuntu/yocto/rpi-build/tmp/work/x86_64-linux/pkgconfig-native/0.29.2+gitAUTOINC+d97db4fae4-r0/recipe-sysroot-native/usr/include -pthread -D_POSIX4_DRAFT_SOURCE -D_POSIX4A_DRAFT10_SOURCE -U_OSF_SOURCE -L/home/ubuntu/yocto/rpi-build/tmp/work/x86_64-linux/pkgconfig-native/0.29.2+gitAUTOINC+d97db4fae4-r0/recipe-sysroot-native/usr/lib                         -L/home/ubuntu/yocto/rpi-build/tmp/work/x86_64-linux/pkgconfig-native/0.29.2+gitAUTOINC+d97db4fae4-r0/recipe-sysroot-native/lib                         -Wl,--enable-new-dtags                         -Wl,-rpath-link,/home/ubuntu/yocto/rpi-build/tmp/work/x86_64-linux/pkgconfig-native/0.29.2+gitAUTOINC+d97db4fae4-r0/recipe-sysroot-native/usr/lib                         -Wl,-rpath-link,/home/ubuntu/yocto/rpi-build/tmp/work/x86_64-linux/pkgconfig-native/0.29.2+gitAUTOINC+d97db4fae4-r0/recipe-sysroot-native/lib                         -Wl,-rpath,/home/ubuntu/yocto/rpi-build/tmp/work/x86_64-linux/pkgconfig-native/0.29.2+gitAUTOINC+d97db4fae4-r0/recipe-sysroot-native/usr/lib                         -Wl,-rpath,/home/ubuntu/yocto/rpi-build/tmp/work/x86_64-linux/pkgconfig-native/0.29.2+gitAUTOINC+d97db4fae4-r0/recipe-sysroot-native/lib                         -Wl,-O1 -Wl,--allow-shlib-undefined -Wl,--dynamic-linker=/home/ubuntu/yocto/rpi-build/tmp/sysroots-uninative/x86_64-linux/lib/ld-linux-x86-64.so.2 conftest.c -pthread  >&5
configure:27482: $? = 0
configure:27484: result: yes
configure:27495: checking for pthread_condattr_setclock
configure:27508: gcc  -o conftest -isystem/home/ubuntu/yocto/rpi-build/tmp/work/x86_64-linux/pkgconfig-native/0.29.2+gitAUTOINC+d97db4fae4-r0/recipe-sysroot-native/usr/include -O2 -pipe -isystem/home/ubuntu/yocto/rpi-build/tmp/work/x86_64-linux/pkgconfig-native/0.29.2+gitAUTOINC+d97db4fae4-r0/recipe-sysroot-native/usr/include -pthread -D_POSIX4_DRAFT_SOURCE -D_POSIX4A_DRAFT10_SOURCE -U_OSF_SOURCE -L/home/ubuntu/yocto/rpi-build/tmp/work/x86_64-linux/pkgconfig-native/0.29.2+gitAUTOINC+d97db4fae4-r0/recipe-sysroot-native/usr/lib                         -L/home/ubuntu/yocto/rpi-build/tmp/work/x86_64-linux/pkgconfig-native/0.29.2+gitAUTOINC+d97db4fae4-r0/recipe-sysroot-native/lib                         -Wl,--enable-new-dtags                         -Wl,-rpath-link,/home/ubuntu/yocto/rpi-build/tmp/work/x86_64-linux/pkgconfig-native/0.29.2+gitAUTOINC+d97db4fae4-r0/recipe-sysroot-native/usr/lib                         -Wl,-rpath-link,/home/ubuntu/yocto/rpi-build/tmp/work/x86_64-linux/pkgconfig-native/0.29.2+gitAUTOINC+d97db4fae4-r0/recipe-sysroot-native/lib                         -Wl,-rpath,/home/ubuntu/yocto/rpi-build/tmp/work/x86_64-linux/pkgconfig-native/0.29.2+gitAUTOINC+d97db4fae4-r0/recipe-sysroot-native/usr/lib                         -Wl,-rpath,/home/ubuntu/yocto/rpi-build/tmp/work/x86_64-linux/pkgconfig-native/0.29.2+gitAUTOINC+d97db4fae4-r0/recipe-sysroot-native/lib                         -Wl,-O1 -Wl,--allow-shlib-undefined -Wl,--dynamic-linker=/home/ubuntu/yocto/rpi-build/tmp/sysroots-uninative/x86_64-linux/lib/ld-linux-x86-64.so.2 conftest.c -pthread  >&5
configure:27508: $? = 0
configure:27510: result: yes
configure:27521: checking for pthread_cond_timedwait_monotonic
configure:27534: gcc  -o conftest -isystem/home/ubuntu/yocto/rpi-build/tmp/work/x86_64-linux/pkgconfig-native/0.29.2+gitAUTOINC+d97db4fae4-r0/recipe-sysroot-native/usr/include -O2 -pipe -isystem/home/ubuntu/yocto/rpi-build/tmp/work/x86_64-linux/pkgconfig-native/0.29.2+gitAUTOINC+d97db4fae4-r0/recipe-sysroot-native/usr/include -pthread -D_POSIX4_DRAFT_SOURCE -D_POSIX4A_DRAFT10_SOURCE -U_OSF_SOURCE -L/home/ubuntu/yocto/rpi-build/tmp/work/x86_64-linux/pkgconfig-native/0.29.2+gitAUTOINC+d97db4fae4-r0/recipe-sysroot-native/usr/lib                         -L/home/ubuntu/yocto/rpi-build/tmp/work/x86_64-linux/pkgconfig-native/0.29.2+gitAUTOINC+d97db4fae4-r0/recipe-sysroot-native/lib                         -Wl,--enable-new-dtags                         -Wl,-rpath-link,/home/ubuntu/yocto/rpi-build/tmp/work/x86_64-linux/pkgconfig-native/0.29.2+gitAUTOINC+d97db4fae4-r0/recipe-sysroot-native/usr/lib                         -Wl,-rpath-link,/home/ubuntu/yocto/rpi-build/tmp/work/x86_64-linux/pkgconfig-native/0.29.2+gitAUTOINC+d97db4fae4-r0/recipe-sysroot-native/lib                         -Wl,-rpath,/home/ubuntu/yocto/rpi-build/tmp/work/x86_64-linux/pkgconfig-native/0.29.2+gitAUTOINC+d97db4fae4-r0/recipe-sysroot-native/usr/lib                         -Wl,-rpath,/home/ubuntu/yocto/rpi-build/tmp/work/x86_64-linux/pkgconfig-native/0.29.2+gitAUTOINC+d97db4fae4-r0/recipe-sysroot-native/lib                         -Wl,-O1 -Wl,--allow-shlib-undefined -Wl,--dynamic-linker=/home/ubuntu/yocto/rpi-build/tmp/sysroots-uninative/x86_64-linux/lib/ld-linux-x86-64.so.2 conftest.c -pthread  >&5
conftest.c: In function 'main':
conftest.c:198:1: warning: implicit declaration of function 'pthread_cond_timedwait_monotonic'; did you mean 'pthread_cond_timedwait'? [-Wimplicit-function-declaration]
  198 | pthread_cond_timedwait_monotonic(NULL, NULL, NULL)
      | ^~~~~~~~~~~~~~~~~~~~~~~~~~~~~~~~
      | pthread_cond_timedwait
/home/ubuntu/yocto/rpi-build/tmp/hosttools/ld: /tmp/cceSrESY.o: in function `main':
conftest.c:(.text.startup+0x11): undefined reference to `pthread_cond_timedwait_monotonic'
collect2: error: ld returned 1 exit status
configure:27534: $? = 1
configure: failed program was:
| /* confdefs.h */
| #define PACKAGE_NAME "glib"
| #define PACKAGE_TARNAME "glib"
| #define PACKAGE_VERSION "2.38.2"
| #define PACKAGE_STRING "glib 2.38.2"
| #define PACKAGE_BUGREPORT "http://bugzilla.gnome.org/enter_bug.cgi?product=glib"
| #define PACKAGE_URL ""
| #define GLIB_MAJOR_VERSION 2
| #define GLIB_MINOR_VERSION 38
| #define GLIB_MICRO_VERSION 2
| #define GLIB_INTERFACE_AGE 2
| #define GLIB_BINARY_AGE 3802
| #define HAVE_STDIO_H 1
| #define HAVE_STDLIB_H 1
| #define HAVE_STRING_H 1
| #define HAVE_INTTYPES_H 1
| #define HAVE_STDINT_H 1
| #define HAVE_STRINGS_H 1
| #define HAVE_SYS_STAT_H 1
| #define HAVE_SYS_TYPES_H 1
| #define HAVE_UNISTD_H 1
| #define HAVE_WCHAR_H 1
| #define STDC_HEADERS 1
| #define _ALL_SOURCE 1
| #define _DARWIN_C_SOURCE 1
| #define _GNU_SOURCE 1
| #define _HPUX_ALT_XOPEN_SOCKET_API 1
| #define _NETBSD_SOURCE 1
| #define _OPENBSD_SOURCE 1
| #define _POSIX_PTHREAD_SEMANTICS 1
| #define __STDC_WANT_IEC_60559_ATTRIBS_EXT__ 1
| #define __STDC_WANT_IEC_60559_BFP_EXT__ 1
| #define __STDC_WANT_IEC_60559_DFP_EXT__ 1
| #define __STDC_WANT_IEC_60559_FUNCS_EXT__ 1
| #define __STDC_WANT_IEC_60559_TYPES_EXT__ 1
| #define __STDC_WANT_LIB_EXT2__ 1
| #define __STDC_WANT_MATH_SPEC_FUNCS__ 1
| #define _TANDEM_SOURCE 1
| #define __EXTENSIONS__ 1
| #define GETTEXT_PACKAGE "glib20"
| #define GLIB_LOCALE_DIR ""
| #define HAVE_DLFCN_H 1
| #define LT_OBJDIR ".libs/"
| #define HAVE_VPRINTF 1
| #define HAVE_ALLOCA_H 1
| #define HAVE_ALLOCA 1
| #define HAVE_MMAP 1
| #define HAVE_POSIX_MEMALIGN 1
| #define HAVE_MEMALIGN 1
| #define HAVE_VALLOC 1
| #define HAVE_FSYNC 1
| #define HAVE_PIPE2 1
| #define HAVE_ATEXIT 1
| #define HAVE_ON_EXIT 1
| #define HAVE_TIMEGM 1
| #define HAVE_GMTIME_R 1
| #define HAVE_LIBC_ENABLE_SECURE 1
| #define SIZEOF_CHAR 1
| #define SIZEOF_SHORT 2
| #define SIZEOF_LONG 8
| #define SIZEOF_INT 4
| #define SIZEOF_VOID_P 8
| #define SIZEOF_LONG_LONG 8
| #define HAVE_SIG_ATOMIC_T 1
| #define HAVE_LONG_LONG_FORMAT 1
| #define G_HAVE___INLINE 1
| #define G_HAVE___INLINE__ 1
| #define G_HAVE_INLINE 1
| #define HAVE_DOWHILE_MACROS 1
| #define HAVE_DIRENT_H 1
| #define HAVE_FLOAT_H 1
| #define HAVE_LIMITS_H 1
| #define HAVE_PWD_H 1
| #define HAVE_GRP_H 1
| #define HAVE_SYS_PARAM_H 1
| #define HAVE_SYS_POLL_H 1
| #define HAVE_SYS_RESOURCE_H 1
| #define HAVE_SYS_TIME_H 1
| #define HAVE_SYS_TIMES_H 1
| #define HAVE_SYS_WAIT_H 1
| #define HAVE_UNISTD_H 1
| #define HAVE_VALUES_H 1
| #define HAVE_SYS_SELECT_H 1
| #define HAVE_SYS_TYPES_H 1
| #define HAVE_STDINT_H 1
| #define HAVE_INTTYPES_H 1
| #define HAVE_SCHED_H 1
| #define HAVE_MALLOC_H 1
| #define HAVE_SYS_VFS_H 1
| #define HAVE_SYS_STATFS_H 1
| #define HAVE_SYS_STATVFS_H 1
| #define HAVE_MNTENT_H 1
| #define HAVE_FSTAB_H 1
| #define HAVE_SYS_UIO_H 1
| #define HAVE_LINUX_MAGIC_H 1
| #define HAVE_SYS_PRCTL_H 1
| #define HAVE_SYS_MOUNT_H 1
| #define HAVE_STRUCT_STAT_ST_MTIM_TV_NSEC 1
| #define HAVE_STRUCT_STAT_ST_ATIM_TV_NSEC 1
| #define HAVE_STRUCT_STAT_ST_CTIM_TV_NSEC 1
| #define HAVE_STRUCT_STAT_ST_BLKSIZE 1
| #define HAVE_STRUCT_STAT_ST_BLOCKS 1
| #define HAVE_STRUCT_STATFS_F_BAVAIL 1
| #define HAVE_STRUCT_TM_TM_GMTOFF 1
| #define HAVE_DIRENT_H 1
| #define HAVE_STRUCT_DIRENT_D_TYPE 1
| #define HAVE_LANGINFO_CODESET 1
| #define HAVE_STDDEF_H 1
| #define HAVE_STDLIB_H 1
| #define HAVE_STRING_H 1
| #define HAVE_SETLOCALE 1
| #define SIZEOF_SIZE_T 8
| #define SIZEOF_SSIZE_T 8
| #define HAVE_LSTAT 1
| #define HAVE_STRERROR 1
| #define HAVE_STRSIGNAL 1
| #define HAVE_MEMMOVE 1
| #define HAVE_VSNPRINTF 1
| #define HAVE_STPCPY 1
| #define HAVE_STRCASECMP 1
| #define HAVE_STRNCASECMP 1
| #define HAVE_POLL 1
| #define HAVE_GETCWD 1
| #define HAVE_VASPRINTF 1
| #define HAVE_SETENV 1
| #define HAVE_UNSETENV 1
| #define HAVE_GETC_UNLOCKED 1
| #define HAVE_READLINK 1
| #define HAVE_SYMLINK 1
| #define HAVE_MEMMEM 1
| #define HAVE_CHOWN 1
| #define HAVE_LCHMOD 1
| #define HAVE_LCHOWN 1
| #define HAVE_FCHMOD 1
| #define HAVE_FCHOWN 1
| #define HAVE_LINK 1
| #define HAVE_UTIMES 1
| #define HAVE_GETGRGID 1
| #define HAVE_GETPWUID 1
| #define HAVE_GETRESUID 1
| #define HAVE_GETMNTENT_R 1
| #define HAVE_SETMNTENT 1
| #define HAVE_ENDMNTENT 1
| #define HAVE_HASMNTOPT 1
| #define HAVE_FALLOCATE 1
| #define HAVE_SPLICE 1
| #define HAVE_PRLIMIT 1
| #define HAVE_STATVFS 1
| #define HAVE_STATFS 1
| #define USE_STATFS 1
| #define HAVE_NEWLOCALE 1
| #define HAVE_USELOCALE 1
| #define HAVE_STRTOD_L 1
| #define HAVE_STRTOLL_L 1
| #define HAVE_STRTOULL_L 1
| #define HAVE_C99_VSNPRINTF 1
| #define HAVE_UNIX98_PRINTF 1
| #define HAVE_GETPROTOBYNAME_R 1
| #define HAVE_ENDSERVENT 1
| #define HAVE_IF_NAMETOINDEX 1
| #define HAVE_IF_INDEXTONAME 1
| #define HAVE_RES_INIT 1
| #define HAVE_NETLINK 1
| #define HAVE_IP_MREQN /**/
| #define STATFS_ARGS 2
| #define HAVE_GOOD_PRINTF 1
| #define HAVE_LONG_LONG 1
| #define HAVE_LONG_DOUBLE 1
| #define HAVE_WCHAR_T 1
| #define HAVE_WINT_T 1
| #define HAVE_PTRDIFF_T 1
| #define HAVE_INTTYPES_H_WITH_UINTMAX 1
| #define HAVE_STDINT_H_WITH_UINTMAX 1
| #define HAVE_INTMAX_T 1
| #define HAVE_SNPRINTF 1
| #define HAVE_WCSLEN 1
| #define HAVE_C99_SNPRINTF 1
| #define HAVE_CODESET 1
| #define HAVE_LANGINFO_TIME 1
| #define HAVE_LANGINFO_OUTDIGIT 1
| #define POSIX_MEMALIGN_WITH_COMPLIANT_ALLOCS 1
| #define G_VA_COPY va_copy
| #define G_VA_COPY_AS_ARRAY 1
| #define HAVE_SYS_INOTIFY_H 1
| #define HAVE_INOTIFY_INIT1 1
| #define THREADS_POSIX 1
| #define HAVE_LOCALTIME_R 1
| #define HAVE_GMTIME_R 1
| #define HAVE_POSIX_GETPWUID_R 1
| #define HAVE_POSIX_GETGRGID_R 1
| #define HAVE_PTHREAD_ATTR_SETSTACKSIZE 1
| #define HAVE_PTHREAD_CONDATTR_SETCLOCK 1
| /* end confdefs.h.  */
| #include <pthread.h>
| int
| main (void)
| {
| pthread_cond_timedwait_monotonic(NULL, NULL, NULL)
|   ;
|   return 0;
| }
configure:27542: result: no
configure:27547: checking for pthread_cond_timedwait_monotonic_np
configure:27560: gcc  -o conftest -isystem/home/ubuntu/yocto/rpi-build/tmp/work/x86_64-linux/pkgconfig-native/0.29.2+gitAUTOINC+d97db4fae4-r0/recipe-sysroot-native/usr/include -O2 -pipe -isystem/home/ubuntu/yocto/rpi-build/tmp/work/x86_64-linux/pkgconfig-native/0.29.2+gitAUTOINC+d97db4fae4-r0/recipe-sysroot-native/usr/include -pthread -D_POSIX4_DRAFT_SOURCE -D_POSIX4A_DRAFT10_SOURCE -U_OSF_SOURCE -L/home/ubuntu/yocto/rpi-build/tmp/work/x86_64-linux/pkgconfig-native/0.29.2+gitAUTOINC+d97db4fae4-r0/recipe-sysroot-native/usr/lib                         -L/home/ubuntu/yocto/rpi-build/tmp/work/x86_64-linux/pkgconfig-native/0.29.2+gitAUTOINC+d97db4fae4-r0/recipe-sysroot-native/lib                         -Wl,--enable-new-dtags                         -Wl,-rpath-link,/home/ubuntu/yocto/rpi-build/tmp/work/x86_64-linux/pkgconfig-native/0.29.2+gitAUTOINC+d97db4fae4-r0/recipe-sysroot-native/usr/lib                         -Wl,-rpath-link,/home/ubuntu/yocto/rpi-build/tmp/work/x86_64-linux/pkgconfig-native/0.29.2+gitAUTOINC+d97db4fae4-r0/recipe-sysroot-native/lib                         -Wl,-rpath,/home/ubuntu/yocto/rpi-build/tmp/work/x86_64-linux/pkgconfig-native/0.29.2+gitAUTOINC+d97db4fae4-r0/recipe-sysroot-native/usr/lib                         -Wl,-rpath,/home/ubuntu/yocto/rpi-build/tmp/work/x86_64-linux/pkgconfig-native/0.29.2+gitAUTOINC+d97db4fae4-r0/recipe-sysroot-native/lib                         -Wl,-O1 -Wl,--allow-shlib-undefined -Wl,--dynamic-linker=/home/ubuntu/yocto/rpi-build/tmp/sysroots-uninative/x86_64-linux/lib/ld-linux-x86-64.so.2 conftest.c -pthread  >&5
conftest.c: In function 'main':
conftest.c:198:1: warning: implicit declaration of function 'pthread_cond_timedwait_monotonic_np' [-Wimplicit-function-declaration]
  198 | pthread_cond_timedwait_monotonic_np(NULL, NULL, NULL)
      | ^~~~~~~~~~~~~~~~~~~~~~~~~~~~~~~~~~~
/home/ubuntu/yocto/rpi-build/tmp/hosttools/ld: /tmp/cc4sdNes.o: in function `main':
conftest.c:(.text.startup+0x11): undefined reference to `pthread_cond_timedwait_monotonic_np'
collect2: error: ld returned 1 exit status
configure:27560: $? = 1
configure: failed program was:
| /* confdefs.h */
| #define PACKAGE_NAME "glib"
| #define PACKAGE_TARNAME "glib"
| #define PACKAGE_VERSION "2.38.2"
| #define PACKAGE_STRING "glib 2.38.2"
| #define PACKAGE_BUGREPORT "http://bugzilla.gnome.org/enter_bug.cgi?product=glib"
| #define PACKAGE_URL ""
| #define GLIB_MAJOR_VERSION 2
| #define GLIB_MINOR_VERSION 38
| #define GLIB_MICRO_VERSION 2
| #define GLIB_INTERFACE_AGE 2
| #define GLIB_BINARY_AGE 3802
| #define HAVE_STDIO_H 1
| #define HAVE_STDLIB_H 1
| #define HAVE_STRING_H 1
| #define HAVE_INTTYPES_H 1
| #define HAVE_STDINT_H 1
| #define HAVE_STRINGS_H 1
| #define HAVE_SYS_STAT_H 1
| #define HAVE_SYS_TYPES_H 1
| #define HAVE_UNISTD_H 1
| #define HAVE_WCHAR_H 1
| #define STDC_HEADERS 1
| #define _ALL_SOURCE 1
| #define _DARWIN_C_SOURCE 1
| #define _GNU_SOURCE 1
| #define _HPUX_ALT_XOPEN_SOCKET_API 1
| #define _NETBSD_SOURCE 1
| #define _OPENBSD_SOURCE 1
| #define _POSIX_PTHREAD_SEMANTICS 1
| #define __STDC_WANT_IEC_60559_ATTRIBS_EXT__ 1
| #define __STDC_WANT_IEC_60559_BFP_EXT__ 1
| #define __STDC_WANT_IEC_60559_DFP_EXT__ 1
| #define __STDC_WANT_IEC_60559_FUNCS_EXT__ 1
| #define __STDC_WANT_IEC_60559_TYPES_EXT__ 1
| #define __STDC_WANT_LIB_EXT2__ 1
| #define __STDC_WANT_MATH_SPEC_FUNCS__ 1
| #define _TANDEM_SOURCE 1
| #define __EXTENSIONS__ 1
| #define GETTEXT_PACKAGE "glib20"
| #define GLIB_LOCALE_DIR ""
| #define HAVE_DLFCN_H 1
| #define LT_OBJDIR ".libs/"
| #define HAVE_VPRINTF 1
| #define HAVE_ALLOCA_H 1
| #define HAVE_ALLOCA 1
| #define HAVE_MMAP 1
| #define HAVE_POSIX_MEMALIGN 1
| #define HAVE_MEMALIGN 1
| #define HAVE_VALLOC 1
| #define HAVE_FSYNC 1
| #define HAVE_PIPE2 1
| #define HAVE_ATEXIT 1
| #define HAVE_ON_EXIT 1
| #define HAVE_TIMEGM 1
| #define HAVE_GMTIME_R 1
| #define HAVE_LIBC_ENABLE_SECURE 1
| #define SIZEOF_CHAR 1
| #define SIZEOF_SHORT 2
| #define SIZEOF_LONG 8
| #define SIZEOF_INT 4
| #define SIZEOF_VOID_P 8
| #define SIZEOF_LONG_LONG 8
| #define HAVE_SIG_ATOMIC_T 1
| #define HAVE_LONG_LONG_FORMAT 1
| #define G_HAVE___INLINE 1
| #define G_HAVE___INLINE__ 1
| #define G_HAVE_INLINE 1
| #define HAVE_DOWHILE_MACROS 1
| #define HAVE_DIRENT_H 1
| #define HAVE_FLOAT_H 1
| #define HAVE_LIMITS_H 1
| #define HAVE_PWD_H 1
| #define HAVE_GRP_H 1
| #define HAVE_SYS_PARAM_H 1
| #define HAVE_SYS_POLL_H 1
| #define HAVE_SYS_RESOURCE_H 1
| #define HAVE_SYS_TIME_H 1
| #define HAVE_SYS_TIMES_H 1
| #define HAVE_SYS_WAIT_H 1
| #define HAVE_UNISTD_H 1
| #define HAVE_VALUES_H 1
| #define HAVE_SYS_SELECT_H 1
| #define HAVE_SYS_TYPES_H 1
| #define HAVE_STDINT_H 1
| #define HAVE_INTTYPES_H 1
| #define HAVE_SCHED_H 1
| #define HAVE_MALLOC_H 1
| #define HAVE_SYS_VFS_H 1
| #define HAVE_SYS_STATFS_H 1
| #define HAVE_SYS_STATVFS_H 1
| #define HAVE_MNTENT_H 1
| #define HAVE_FSTAB_H 1
| #define HAVE_SYS_UIO_H 1
| #define HAVE_LINUX_MAGIC_H 1
| #define HAVE_SYS_PRCTL_H 1
| #define HAVE_SYS_MOUNT_H 1
| #define HAVE_STRUCT_STAT_ST_MTIM_TV_NSEC 1
| #define HAVE_STRUCT_STAT_ST_ATIM_TV_NSEC 1
| #define HAVE_STRUCT_STAT_ST_CTIM_TV_NSEC 1
| #define HAVE_STRUCT_STAT_ST_BLKSIZE 1
| #define HAVE_STRUCT_STAT_ST_BLOCKS 1
| #define HAVE_STRUCT_STATFS_F_BAVAIL 1
| #define HAVE_STRUCT_TM_TM_GMTOFF 1
| #define HAVE_DIRENT_H 1
| #define HAVE_STRUCT_DIRENT_D_TYPE 1
| #define HAVE_LANGINFO_CODESET 1
| #define HAVE_STDDEF_H 1
| #define HAVE_STDLIB_H 1
| #define HAVE_STRING_H 1
| #define HAVE_SETLOCALE 1
| #define SIZEOF_SIZE_T 8
| #define SIZEOF_SSIZE_T 8
| #define HAVE_LSTAT 1
| #define HAVE_STRERROR 1
| #define HAVE_STRSIGNAL 1
| #define HAVE_MEMMOVE 1
| #define HAVE_VSNPRINTF 1
| #define HAVE_STPCPY 1
| #define HAVE_STRCASECMP 1
| #define HAVE_STRNCASECMP 1
| #define HAVE_POLL 1
| #define HAVE_GETCWD 1
| #define HAVE_VASPRINTF 1
| #define HAVE_SETENV 1
| #define HAVE_UNSETENV 1
| #define HAVE_GETC_UNLOCKED 1
| #define HAVE_READLINK 1
| #define HAVE_SYMLINK 1
| #define HAVE_MEMMEM 1
| #define HAVE_CHOWN 1
| #define HAVE_LCHMOD 1
| #define HAVE_LCHOWN 1
| #define HAVE_FCHMOD 1
| #define HAVE_FCHOWN 1
| #define HAVE_LINK 1
| #define HAVE_UTIMES 1
| #define HAVE_GETGRGID 1
| #define HAVE_GETPWUID 1
| #define HAVE_GETRESUID 1
| #define HAVE_GETMNTENT_R 1
| #define HAVE_SETMNTENT 1
| #define HAVE_ENDMNTENT 1
| #define HAVE_HASMNTOPT 1
| #define HAVE_FALLOCATE 1
| #define HAVE_SPLICE 1
| #define HAVE_PRLIMIT 1
| #define HAVE_STATVFS 1
| #define HAVE_STATFS 1
| #define USE_STATFS 1
| #define HAVE_NEWLOCALE 1
| #define HAVE_USELOCALE 1
| #define HAVE_STRTOD_L 1
| #define HAVE_STRTOLL_L 1
| #define HAVE_STRTOULL_L 1
| #define HAVE_C99_VSNPRINTF 1
| #define HAVE_UNIX98_PRINTF 1
| #define HAVE_GETPROTOBYNAME_R 1
| #define HAVE_ENDSERVENT 1
| #define HAVE_IF_NAMETOINDEX 1
| #define HAVE_IF_INDEXTONAME 1
| #define HAVE_RES_INIT 1
| #define HAVE_NETLINK 1
| #define HAVE_IP_MREQN /**/
| #define STATFS_ARGS 2
| #define HAVE_GOOD_PRINTF 1
| #define HAVE_LONG_LONG 1
| #define HAVE_LONG_DOUBLE 1
| #define HAVE_WCHAR_T 1
| #define HAVE_WINT_T 1
| #define HAVE_PTRDIFF_T 1
| #define HAVE_INTTYPES_H_WITH_UINTMAX 1
| #define HAVE_STDINT_H_WITH_UINTMAX 1
| #define HAVE_INTMAX_T 1
| #define HAVE_SNPRINTF 1
| #define HAVE_WCSLEN 1
| #define HAVE_C99_SNPRINTF 1
| #define HAVE_CODESET 1
| #define HAVE_LANGINFO_TIME 1
| #define HAVE_LANGINFO_OUTDIGIT 1
| #define POSIX_MEMALIGN_WITH_COMPLIANT_ALLOCS 1
| #define G_VA_COPY va_copy
| #define G_VA_COPY_AS_ARRAY 1
| #define HAVE_SYS_INOTIFY_H 1
| #define HAVE_INOTIFY_INIT1 1
| #define THREADS_POSIX 1
| #define HAVE_LOCALTIME_R 1
| #define HAVE_GMTIME_R 1
| #define HAVE_POSIX_GETPWUID_R 1
| #define HAVE_POSIX_GETGRGID_R 1
| #define HAVE_PTHREAD_ATTR_SETSTACKSIZE 1
| #define HAVE_PTHREAD_CONDATTR_SETCLOCK 1
| /* end confdefs.h.  */
| #include <pthread.h>
| int
| main (void)
| {
| pthread_cond_timedwait_monotonic_np(NULL, NULL, NULL)
|   ;
|   return 0;
| }
configure:27568: result: no
configure:27620: checking for clock_gettime
configure:27620: gcc  -o conftest -isystem/home/ubuntu/yocto/rpi-build/tmp/work/x86_64-linux/pkgconfig-native/0.29.2+gitAUTOINC+d97db4fae4-r0/recipe-sysroot-native/usr/include -O2 -pipe -isystem/home/ubuntu/yocto/rpi-build/tmp/work/x86_64-linux/pkgconfig-native/0.29.2+gitAUTOINC+d97db4fae4-r0/recipe-sysroot-native/usr/include -pthread -L/home/ubuntu/yocto/rpi-build/tmp/work/x86_64-linux/pkgconfig-native/0.29.2+gitAUTOINC+d97db4fae4-r0/recipe-sysroot-native/usr/lib                         -L/home/ubuntu/yocto/rpi-build/tmp/work/x86_64-linux/pkgconfig-native/0.29.2+gitAUTOINC+d97db4fae4-r0/recipe-sysroot-native/lib                         -Wl,--enable-new-dtags                         -Wl,-rpath-link,/home/ubuntu/yocto/rpi-build/tmp/work/x86_64-linux/pkgconfig-native/0.29.2+gitAUTOINC+d97db4fae4-r0/recipe-sysroot-native/usr/lib                         -Wl,-rpath-link,/home/ubuntu/yocto/rpi-build/tmp/work/x86_64-linux/pkgconfig-native/0.29.2+gitAUTOINC+d97db4fae4-r0/recipe-sysroot-native/lib                         -Wl,-rpath,/home/ubuntu/yocto/rpi-build/tmp/work/x86_64-linux/pkgconfig-native/0.29.2+gitAUTOINC+d97db4fae4-r0/recipe-sysroot-native/usr/lib                         -Wl,-rpath,/home/ubuntu/yocto/rpi-build/tmp/work/x86_64-linux/pkgconfig-native/0.29.2+gitAUTOINC+d97db4fae4-r0/recipe-sysroot-native/lib                         -Wl,-O1 -Wl,--allow-shlib-undefined -Wl,--dynamic-linker=/home/ubuntu/yocto/rpi-build/tmp/sysroots-uninative/x86_64-linux/lib/ld-linux-x86-64.so.2 conftest.c  >&5
configure:27620: $? = 0
configure:27620: result: yes
configure:27681: checking for lock-free atomic intrinsics
configure:27705: gcc  -o conftest -isystem/home/ubuntu/yocto/rpi-build/tmp/work/x86_64-linux/pkgconfig-native/0.29.2+gitAUTOINC+d97db4fae4-r0/recipe-sysroot-native/usr/include -O2 -pipe -isystem/home/ubuntu/yocto/rpi-build/tmp/work/x86_64-linux/pkgconfig-native/0.29.2+gitAUTOINC+d97db4fae4-r0/recipe-sysroot-native/usr/include -pthread -L/home/ubuntu/yocto/rpi-build/tmp/work/x86_64-linux/pkgconfig-native/0.29.2+gitAUTOINC+d97db4fae4-r0/recipe-sysroot-native/usr/lib                         -L/home/ubuntu/yocto/rpi-build/tmp/work/x86_64-linux/pkgconfig-native/0.29.2+gitAUTOINC+d97db4fae4-r0/recipe-sysroot-native/lib                         -Wl,--enable-new-dtags                         -Wl,-rpath-link,/home/ubuntu/yocto/rpi-build/tmp/work/x86_64-linux/pkgconfig-native/0.29.2+gitAUTOINC+d97db4fae4-r0/recipe-sysroot-native/usr/lib                         -Wl,-rpath-link,/home/ubuntu/yocto/rpi-build/tmp/work/x86_64-linux/pkgconfig-native/0.29.2+gitAUTOINC+d97db4fae4-r0/recipe-sysroot-native/lib                         -Wl,-rpath,/home/ubuntu/yocto/rpi-build/tmp/work/x86_64-linux/pkgconfig-native/0.29.2+gitAUTOINC+d97db4fae4-r0/recipe-sysroot-native/usr/lib                         -Wl,-rpath,/home/ubuntu/yocto/rpi-build/tmp/work/x86_64-linux/pkgconfig-native/0.29.2+gitAUTOINC+d97db4fae4-r0/recipe-sysroot-native/lib                         -Wl,-O1 -Wl,--allow-shlib-undefined -Wl,--dynamic-linker=/home/ubuntu/yocto/rpi-build/tmp/sysroots-uninative/x86_64-linux/lib/ld-linux-x86-64.so.2 conftest.c  >&5
configure:27705: $? = 0
configure:27739: result: yes
configure:27761: gcc  -o conftest -isystem/home/ubuntu/yocto/rpi-build/tmp/work/x86_64-linux/pkgconfig-native/0.29.2+gitAUTOINC+d97db4fae4-r0/recipe-sysroot-native/usr/include -O2 -pipe -isystem/home/ubuntu/yocto/rpi-build/tmp/work/x86_64-linux/pkgconfig-native/0.29.2+gitAUTOINC+d97db4fae4-r0/recipe-sysroot-native/usr/include -pthread -L/home/ubuntu/yocto/rpi-build/tmp/work/x86_64-linux/pkgconfig-native/0.29.2+gitAUTOINC+d97db4fae4-r0/recipe-sysroot-native/usr/lib                         -L/home/ubuntu/yocto/rpi-build/tmp/work/x86_64-linux/pkgconfig-native/0.29.2+gitAUTOINC+d97db4fae4-r0/recipe-sysroot-native/lib                         -Wl,--enable-new-dtags                         -Wl,-rpath-link,/home/ubuntu/yocto/rpi-build/tmp/work/x86_64-linux/pkgconfig-native/0.29.2+gitAUTOINC+d97db4fae4-r0/recipe-sysroot-native/usr/lib                         -Wl,-rpath-link,/home/ubuntu/yocto/rpi-build/tmp/work/x86_64-linux/pkgconfig-native/0.29.2+gitAUTOINC+d97db4fae4-r0/recipe-sysroot-native/lib                         -Wl,-rpath,/home/ubuntu/yocto/rpi-build/tmp/work/x86_64-linux/pkgconfig-native/0.29.2+gitAUTOINC+d97db4fae4-r0/recipe-sysroot-native/usr/lib                         -Wl,-rpath,/home/ubuntu/yocto/rpi-build/tmp/work/x86_64-linux/pkgconfig-native/0.29.2+gitAUTOINC+d97db4fae4-r0/recipe-sysroot-native/lib                         -Wl,-O1 -Wl,--allow-shlib-undefined -Wl,--dynamic-linker=/home/ubuntu/yocto/rpi-build/tmp/sysroots-uninative/x86_64-linux/lib/ld-linux-x86-64.so.2 conftest.c  >&5
configure:27761: $? = 0
configure:27787: checking for futex(2) system call
configure:27816: gcc  -c -isystem/home/ubuntu/yocto/rpi-build/tmp/work/x86_64-linux/pkgconfig-native/0.29.2+gitAUTOINC+d97db4fae4-r0/recipe-sysroot-native/usr/include -O2 -pipe -isystem/home/ubuntu/yocto/rpi-build/tmp/work/x86_64-linux/pkgconfig-native/0.29.2+gitAUTOINC+d97db4fae4-r0/recipe-sysroot-native/usr/include -pthread conftest.c >&5
configure:27816: $? = 0
configure:27824: result: yes
configure:27832: checking for eventfd(2) system call
configure:27859: gcc  -c -isystem/home/ubuntu/yocto/rpi-build/tmp/work/x86_64-linux/pkgconfig-native/0.29.2+gitAUTOINC+d97db4fae4-r0/recipe-sysroot-native/usr/include -O2 -pipe -isystem/home/ubuntu/yocto/rpi-build/tmp/work/x86_64-linux/pkgconfig-native/0.29.2+gitAUTOINC+d97db4fae4-r0/recipe-sysroot-native/usr/include -pthread conftest.c >&5
configure:27859: $? = 0
configure:27867: result: yes
configure:27894: checking value of POLLIN
configure:27900: gcc  -o conftest -isystem/home/ubuntu/yocto/rpi-build/tmp/work/x86_64-linux/pkgconfig-native/0.29.2+gitAUTOINC+d97db4fae4-r0/recipe-sysroot-native/usr/include -O2 -pipe -isystem/home/ubuntu/yocto/rpi-build/tmp/work/x86_64-linux/pkgconfig-native/0.29.2+gitAUTOINC+d97db4fae4-r0/recipe-sysroot-native/usr/include -pthread -L/home/ubuntu/yocto/rpi-build/tmp/work/x86_64-linux/pkgconfig-native/0.29.2+gitAUTOINC+d97db4fae4-r0/recipe-sysroot-native/usr/lib                         -L/home/ubuntu/yocto/rpi-build/tmp/work/x86_64-linux/pkgconfig-native/0.29.2+gitAUTOINC+d97db4fae4-r0/recipe-sysroot-native/lib                         -Wl,--enable-new-dtags                         -Wl,-rpath-link,/home/ubuntu/yocto/rpi-build/tmp/work/x86_64-linux/pkgconfig-native/0.29.2+gitAUTOINC+d97db4fae4-r0/recipe-sysroot-native/usr/lib                         -Wl,-rpath-link,/home/ubuntu/yocto/rpi-build/tmp/work/x86_64-linux/pkgconfig-native/0.29.2+gitAUTOINC+d97db4fae4-r0/recipe-sysroot-native/lib                         -Wl,-rpath,/home/ubuntu/yocto/rpi-build/tmp/work/x86_64-linux/pkgconfig-native/0.29.2+gitAUTOINC+d97db4fae4-r0/recipe-sysroot-native/usr/lib                         -Wl,-rpath,/home/ubuntu/yocto/rpi-build/tmp/work/x86_64-linux/pkgconfig-native/0.29.2+gitAUTOINC+d97db4fae4-r0/recipe-sysroot-native/lib                         -Wl,-O1 -Wl,--allow-shlib-undefined -Wl,--dynamic-linker=/home/ubuntu/yocto/rpi-build/tmp/sysroots-uninative/x86_64-linux/lib/ld-linux-x86-64.so.2 conftest.c  >&5
configure:27900: $? = 0
configure:27900: ./conftest
configure:27900: $? = 0
configure:27908: result: 1
configure:27911: checking value of POLLOUT
configure:27917: gcc  -o conftest -isystem/home/ubuntu/yocto/rpi-build/tmp/work/x86_64-linux/pkgconfig-native/0.29.2+gitAUTOINC+d97db4fae4-r0/recipe-sysroot-native/usr/include -O2 -pipe -isystem/home/ubuntu/yocto/rpi-build/tmp/work/x86_64-linux/pkgconfig-native/0.29.2+gitAUTOINC+d97db4fae4-r0/recipe-sysroot-native/usr/include -pthread -L/home/ubuntu/yocto/rpi-build/tmp/work/x86_64-linux/pkgconfig-native/0.29.2+gitAUTOINC+d97db4fae4-r0/recipe-sysroot-native/usr/lib                         -L/home/ubuntu/yocto/rpi-build/tmp/work/x86_64-linux/pkgconfig-native/0.29.2+gitAUTOINC+d97db4fae4-r0/recipe-sysroot-native/lib                         -Wl,--enable-new-dtags                         -Wl,-rpath-link,/home/ubuntu/yocto/rpi-build/tmp/work/x86_64-linux/pkgconfig-native/0.29.2+gitAUTOINC+d97db4fae4-r0/recipe-sysroot-native/usr/lib                         -Wl,-rpath-link,/home/ubuntu/yocto/rpi-build/tmp/work/x86_64-linux/pkgconfig-native/0.29.2+gitAUTOINC+d97db4fae4-r0/recipe-sysroot-native/lib                         -Wl,-rpath,/home/ubuntu/yocto/rpi-build/tmp/work/x86_64-linux/pkgconfig-native/0.29.2+gitAUTOINC+d97db4fae4-r0/recipe-sysroot-native/usr/lib                         -Wl,-rpath,/home/ubuntu/yocto/rpi-build/tmp/work/x86_64-linux/pkgconfig-native/0.29.2+gitAUTOINC+d97db4fae4-r0/recipe-sysroot-native/lib                         -Wl,-O1 -Wl,--allow-shlib-undefined -Wl,--dynamic-linker=/home/ubuntu/yocto/rpi-build/tmp/sysroots-uninative/x86_64-linux/lib/ld-linux-x86-64.so.2 conftest.c  >&5
configure:27917: $? = 0
configure:27917: ./conftest
configure:27917: $? = 0
configure:27925: result: 4
configure:27928: checking value of POLLPRI
configure:27934: gcc  -o conftest -isystem/home/ubuntu/yocto/rpi-build/tmp/work/x86_64-linux/pkgconfig-native/0.29.2+gitAUTOINC+d97db4fae4-r0/recipe-sysroot-native/usr/include -O2 -pipe -isystem/home/ubuntu/yocto/rpi-build/tmp/work/x86_64-linux/pkgconfig-native/0.29.2+gitAUTOINC+d97db4fae4-r0/recipe-sysroot-native/usr/include -pthread -L/home/ubuntu/yocto/rpi-build/tmp/work/x86_64-linux/pkgconfig-native/0.29.2+gitAUTOINC+d97db4fae4-r0/recipe-sysroot-native/usr/lib                         -L/home/ubuntu/yocto/rpi-build/tmp/work/x86_64-linux/pkgconfig-native/0.29.2+gitAUTOINC+d97db4fae4-r0/recipe-sysroot-native/lib                         -Wl,--enable-new-dtags                         -Wl,-rpath-link,/home/ubuntu/yocto/rpi-build/tmp/work/x86_64-linux/pkgconfig-native/0.29.2+gitAUTOINC+d97db4fae4-r0/recipe-sysroot-native/usr/lib                         -Wl,-rpath-link,/home/ubuntu/yocto/rpi-build/tmp/work/x86_64-linux/pkgconfig-native/0.29.2+gitAUTOINC+d97db4fae4-r0/recipe-sysroot-native/lib                         -Wl,-rpath,/home/ubuntu/yocto/rpi-build/tmp/work/x86_64-linux/pkgconfig-native/0.29.2+gitAUTOINC+d97db4fae4-r0/recipe-sysroot-native/usr/lib                         -Wl,-rpath,/home/ubuntu/yocto/rpi-build/tmp/work/x86_64-linux/pkgconfig-native/0.29.2+gitAUTOINC+d97db4fae4-r0/recipe-sysroot-native/lib                         -Wl,-O1 -Wl,--allow-shlib-undefined -Wl,--dynamic-linker=/home/ubuntu/yocto/rpi-build/tmp/sysroots-uninative/x86_64-linux/lib/ld-linux-x86-64.so.2 conftest.c  >&5
configure:27934: $? = 0
configure:27934: ./conftest
configure:27934: $? = 0
configure:27942: result: 2
configure:27945: checking value of POLLERR
configure:27951: gcc  -o conftest -isystem/home/ubuntu/yocto/rpi-build/tmp/work/x86_64-linux/pkgconfig-native/0.29.2+gitAUTOINC+d97db4fae4-r0/recipe-sysroot-native/usr/include -O2 -pipe -isystem/home/ubuntu/yocto/rpi-build/tmp/work/x86_64-linux/pkgconfig-native/0.29.2+gitAUTOINC+d97db4fae4-r0/recipe-sysroot-native/usr/include -pthread -L/home/ubuntu/yocto/rpi-build/tmp/work/x86_64-linux/pkgconfig-native/0.29.2+gitAUTOINC+d97db4fae4-r0/recipe-sysroot-native/usr/lib                         -L/home/ubuntu/yocto/rpi-build/tmp/work/x86_64-linux/pkgconfig-native/0.29.2+gitAUTOINC+d97db4fae4-r0/recipe-sysroot-native/lib                         -Wl,--enable-new-dtags                         -Wl,-rpath-link,/home/ubuntu/yocto/rpi-build/tmp/work/x86_64-linux/pkgconfig-native/0.29.2+gitAUTOINC+d97db4fae4-r0/recipe-sysroot-native/usr/lib                         -Wl,-rpath-link,/home/ubuntu/yocto/rpi-build/tmp/work/x86_64-linux/pkgconfig-native/0.29.2+gitAUTOINC+d97db4fae4-r0/recipe-sysroot-native/lib                         -Wl,-rpath,/home/ubuntu/yocto/rpi-build/tmp/work/x86_64-linux/pkgconfig-native/0.29.2+gitAUTOINC+d97db4fae4-r0/recipe-sysroot-native/usr/lib                         -Wl,-rpath,/home/ubuntu/yocto/rpi-build/tmp/work/x86_64-linux/pkgconfig-native/0.29.2+gitAUTOINC+d97db4fae4-r0/recipe-sysroot-native/lib                         -Wl,-O1 -Wl,--allow-shlib-undefined -Wl,--dynamic-linker=/home/ubuntu/yocto/rpi-build/tmp/sysroots-uninative/x86_64-linux/lib/ld-linux-x86-64.so.2 conftest.c  >&5
configure:27951: $? = 0
configure:27951: ./conftest
configure:27951: $? = 0
configure:27959: result: 8
configure:27962: checking value of POLLHUP
configure:27968: gcc  -o conftest -isystem/home/ubuntu/yocto/rpi-build/tmp/work/x86_64-linux/pkgconfig-native/0.29.2+gitAUTOINC+d97db4fae4-r0/recipe-sysroot-native/usr/include -O2 -pipe -isystem/home/ubuntu/yocto/rpi-build/tmp/work/x86_64-linux/pkgconfig-native/0.29.2+gitAUTOINC+d97db4fae4-r0/recipe-sysroot-native/usr/include -pthread -L/home/ubuntu/yocto/rpi-build/tmp/work/x86_64-linux/pkgconfig-native/0.29.2+gitAUTOINC+d97db4fae4-r0/recipe-sysroot-native/usr/lib                         -L/home/ubuntu/yocto/rpi-build/tmp/work/x86_64-linux/pkgconfig-native/0.29.2+gitAUTOINC+d97db4fae4-r0/recipe-sysroot-native/lib                         -Wl,--enable-new-dtags                         -Wl,-rpath-link,/home/ubuntu/yocto/rpi-build/tmp/work/x86_64-linux/pkgconfig-native/0.29.2+gitAUTOINC+d97db4fae4-r0/recipe-sysroot-native/usr/lib                         -Wl,-rpath-link,/home/ubuntu/yocto/rpi-build/tmp/work/x86_64-linux/pkgconfig-native/0.29.2+gitAUTOINC+d97db4fae4-r0/recipe-sysroot-native/lib                         -Wl,-rpath,/home/ubuntu/yocto/rpi-build/tmp/work/x86_64-linux/pkgconfig-native/0.29.2+gitAUTOINC+d97db4fae4-r0/recipe-sysroot-native/usr/lib                         -Wl,-rpath,/home/ubuntu/yocto/rpi-build/tmp/work/x86_64-linux/pkgconfig-native/0.29.2+gitAUTOINC+d97db4fae4-r0/recipe-sysroot-native/lib                         -Wl,-O1 -Wl,--allow-shlib-undefined -Wl,--dynamic-linker=/home/ubuntu/yocto/rpi-build/tmp/sysroots-uninative/x86_64-linux/lib/ld-linux-x86-64.so.2 conftest.c  >&5
configure:27968: $? = 0
configure:27968: ./conftest
configure:27968: $? = 0
configure:27976: result: 16
configure:27979: checking value of POLLNVAL
configure:27985: gcc  -o conftest -isystem/home/ubuntu/yocto/rpi-build/tmp/work/x86_64-linux/pkgconfig-native/0.29.2+gitAUTOINC+d97db4fae4-r0/recipe-sysroot-native/usr/include -O2 -pipe -isystem/home/ubuntu/yocto/rpi-build/tmp/work/x86_64-linux/pkgconfig-native/0.29.2+gitAUTOINC+d97db4fae4-r0/recipe-sysroot-native/usr/include -pthread -L/home/ubuntu/yocto/rpi-build/tmp/work/x86_64-linux/pkgconfig-native/0.29.2+gitAUTOINC+d97db4fae4-r0/recipe-sysroot-native/usr/lib                         -L/home/ubuntu/yocto/rpi-build/tmp/work/x86_64-linux/pkgconfig-native/0.29.2+gitAUTOINC+d97db4fae4-r0/recipe-sysroot-native/lib                         -Wl,--enable-new-dtags                         -Wl,-rpath-link,/home/ubuntu/yocto/rpi-build/tmp/work/x86_64-linux/pkgconfig-native/0.29.2+gitAUTOINC+d97db4fae4-r0/recipe-sysroot-native/usr/lib                         -Wl,-rpath-link,/home/ubuntu/yocto/rpi-build/tmp/work/x86_64-linux/pkgconfig-native/0.29.2+gitAUTOINC+d97db4fae4-r0/recipe-sysroot-native/lib                         -Wl,-rpath,/home/ubuntu/yocto/rpi-build/tmp/work/x86_64-linux/pkgconfig-native/0.29.2+gitAUTOINC+d97db4fae4-r0/recipe-sysroot-native/usr/lib                         -Wl,-rpath,/home/ubuntu/yocto/rpi-build/tmp/work/x86_64-linux/pkgconfig-native/0.29.2+gitAUTOINC+d97db4fae4-r0/recipe-sysroot-native/lib                         -Wl,-O1 -Wl,--allow-shlib-undefined -Wl,--dynamic-linker=/home/ubuntu/yocto/rpi-build/tmp/sysroots-uninative/x86_64-linux/lib/ld-linux-x86-64.so.2 conftest.c  >&5
configure:27985: $? = 0
configure:27985: ./conftest
configure:27985: $? = 0
configure:27993: result: 32
configure:28011: checking for broken poll
configure:28039: gcc  -o conftest -isystem/home/ubuntu/yocto/rpi-build/tmp/work/x86_64-linux/pkgconfig-native/0.29.2+gitAUTOINC+d97db4fae4-r0/recipe-sysroot-native/usr/include -O2 -pipe -isystem/home/ubuntu/yocto/rpi-build/tmp/work/x86_64-linux/pkgconfig-native/0.29.2+gitAUTOINC+d97db4fae4-r0/recipe-sysroot-native/usr/include -pthread -L/home/ubuntu/yocto/rpi-build/tmp/work/x86_64-linux/pkgconfig-native/0.29.2+gitAUTOINC+d97db4fae4-r0/recipe-sysroot-native/usr/lib                         -L/home/ubuntu/yocto/rpi-build/tmp/work/x86_64-linux/pkgconfig-native/0.29.2+gitAUTOINC+d97db4fae4-r0/recipe-sysroot-native/lib                         -Wl,--enable-new-dtags                         -Wl,-rpath-link,/home/ubuntu/yocto/rpi-build/tmp/work/x86_64-linux/pkgconfig-native/0.29.2+gitAUTOINC+d97db4fae4-r0/recipe-sysroot-native/usr/lib                         -Wl,-rpath-link,/home/ubuntu/yocto/rpi-build/tmp/work/x86_64-linux/pkgconfig-native/0.29.2+gitAUTOINC+d97db4fae4-r0/recipe-sysroot-native/lib                         -Wl,-rpath,/home/ubuntu/yocto/rpi-build/tmp/work/x86_64-linux/pkgconfig-native/0.29.2+gitAUTOINC+d97db4fae4-r0/recipe-sysroot-native/usr/lib                         -Wl,-rpath,/home/ubuntu/yocto/rpi-build/tmp/work/x86_64-linux/pkgconfig-native/0.29.2+gitAUTOINC+d97db4fae4-r0/recipe-sysroot-native/lib                         -Wl,-O1 -Wl,--allow-shlib-undefined -Wl,--dynamic-linker=/home/ubuntu/yocto/rpi-build/tmp/sysroots-uninative/x86_64-linux/lib/ld-linux-x86-64.so.2 conftest.c  >&5
configure:28039: $? = 0
configure:28039: ./conftest
configure:28039: $? = 0
configure:28052: result: no
configure:28070: checking for EILSEQ
configure:28087: gcc  -c -isystem/home/ubuntu/yocto/rpi-build/tmp/work/x86_64-linux/pkgconfig-native/0.29.2+gitAUTOINC+d97db4fae4-r0/recipe-sysroot-native/usr/include -O2 -pipe -isystem/home/ubuntu/yocto/rpi-build/tmp/work/x86_64-linux/pkgconfig-native/0.29.2+gitAUTOINC+d97db4fae4-r0/recipe-sysroot-native/usr/include -pthread conftest.c >&5
configure:28087: $? = 0
configure:28094: result: yes
configure:28329: checking for guint32
configure:28329: gcc  -c -isystem/home/ubuntu/yocto/rpi-build/tmp/work/x86_64-linux/pkgconfig-native/0.29.2+gitAUTOINC+d97db4fae4-r0/recipe-sysroot-native/usr/include -O2 -pipe -isystem/home/ubuntu/yocto/rpi-build/tmp/work/x86_64-linux/pkgconfig-native/0.29.2+gitAUTOINC+d97db4fae4-r0/recipe-sysroot-native/usr/include -pthread conftest.c >&5
configure:28329: $? = 0
configure:28329: gcc  -c -isystem/home/ubuntu/yocto/rpi-build/tmp/work/x86_64-linux/pkgconfig-native/0.29.2+gitAUTOINC+d97db4fae4-r0/recipe-sysroot-native/usr/include -O2 -pipe -isystem/home/ubuntu/yocto/rpi-build/tmp/work/x86_64-linux/pkgconfig-native/0.29.2+gitAUTOINC+d97db4fae4-r0/recipe-sysroot-native/usr/include -pthread conftest.c >&5
conftest.c: In function 'main':
conftest.c:202:22: error: expected expression before ')' token
  202 | if (sizeof ((guint32)))
      |                      ^
configure:28329: $? = 1
configure: failed program was:
| /* confdefs.h */
| #define PACKAGE_NAME "glib"
| #define PACKAGE_TARNAME "glib"
| #define PACKAGE_VERSION "2.38.2"
| #define PACKAGE_STRING "glib 2.38.2"
| #define PACKAGE_BUGREPORT "http://bugzilla.gnome.org/enter_bug.cgi?product=glib"
| #define PACKAGE_URL ""
| #define GLIB_MAJOR_VERSION 2
| #define GLIB_MINOR_VERSION 38
| #define GLIB_MICRO_VERSION 2
| #define GLIB_INTERFACE_AGE 2
| #define GLIB_BINARY_AGE 3802
| #define HAVE_STDIO_H 1
| #define HAVE_STDLIB_H 1
| #define HAVE_STRING_H 1
| #define HAVE_INTTYPES_H 1
| #define HAVE_STDINT_H 1
| #define HAVE_STRINGS_H 1
| #define HAVE_SYS_STAT_H 1
| #define HAVE_SYS_TYPES_H 1
| #define HAVE_UNISTD_H 1
| #define HAVE_WCHAR_H 1
| #define STDC_HEADERS 1
| #define _ALL_SOURCE 1
| #define _DARWIN_C_SOURCE 1
| #define _GNU_SOURCE 1
| #define _HPUX_ALT_XOPEN_SOCKET_API 1
| #define _NETBSD_SOURCE 1
| #define _OPENBSD_SOURCE 1
| #define _POSIX_PTHREAD_SEMANTICS 1
| #define __STDC_WANT_IEC_60559_ATTRIBS_EXT__ 1
| #define __STDC_WANT_IEC_60559_BFP_EXT__ 1
| #define __STDC_WANT_IEC_60559_DFP_EXT__ 1
| #define __STDC_WANT_IEC_60559_FUNCS_EXT__ 1
| #define __STDC_WANT_IEC_60559_TYPES_EXT__ 1
| #define __STDC_WANT_LIB_EXT2__ 1
| #define __STDC_WANT_MATH_SPEC_FUNCS__ 1
| #define _TANDEM_SOURCE 1
| #define __EXTENSIONS__ 1
| #define GETTEXT_PACKAGE "glib20"
| #define GLIB_LOCALE_DIR ""
| #define HAVE_DLFCN_H 1
| #define LT_OBJDIR ".libs/"
| #define HAVE_VPRINTF 1
| #define HAVE_ALLOCA_H 1
| #define HAVE_ALLOCA 1
| #define HAVE_MMAP 1
| #define HAVE_POSIX_MEMALIGN 1
| #define HAVE_MEMALIGN 1
| #define HAVE_VALLOC 1
| #define HAVE_FSYNC 1
| #define HAVE_PIPE2 1
| #define HAVE_ATEXIT 1
| #define HAVE_ON_EXIT 1
| #define HAVE_TIMEGM 1
| #define HAVE_GMTIME_R 1
| #define HAVE_LIBC_ENABLE_SECURE 1
| #define SIZEOF_CHAR 1
| #define SIZEOF_SHORT 2
| #define SIZEOF_LONG 8
| #define SIZEOF_INT 4
| #define SIZEOF_VOID_P 8
| #define SIZEOF_LONG_LONG 8
| #define HAVE_SIG_ATOMIC_T 1
| #define HAVE_LONG_LONG_FORMAT 1
| #define G_HAVE___INLINE 1
| #define G_HAVE___INLINE__ 1
| #define G_HAVE_INLINE 1
| #define HAVE_DOWHILE_MACROS 1
| #define HAVE_DIRENT_H 1
| #define HAVE_FLOAT_H 1
| #define HAVE_LIMITS_H 1
| #define HAVE_PWD_H 1
| #define HAVE_GRP_H 1
| #define HAVE_SYS_PARAM_H 1
| #define HAVE_SYS_POLL_H 1
| #define HAVE_SYS_RESOURCE_H 1
| #define HAVE_SYS_TIME_H 1
| #define HAVE_SYS_TIMES_H 1
| #define HAVE_SYS_WAIT_H 1
| #define HAVE_UNISTD_H 1
| #define HAVE_VALUES_H 1
| #define HAVE_SYS_SELECT_H 1
| #define HAVE_SYS_TYPES_H 1
| #define HAVE_STDINT_H 1
| #define HAVE_INTTYPES_H 1
| #define HAVE_SCHED_H 1
| #define HAVE_MALLOC_H 1
| #define HAVE_SYS_VFS_H 1
| #define HAVE_SYS_STATFS_H 1
| #define HAVE_SYS_STATVFS_H 1
| #define HAVE_MNTENT_H 1
| #define HAVE_FSTAB_H 1
| #define HAVE_SYS_UIO_H 1
| #define HAVE_LINUX_MAGIC_H 1
| #define HAVE_SYS_PRCTL_H 1
| #define HAVE_SYS_MOUNT_H 1
| #define HAVE_STRUCT_STAT_ST_MTIM_TV_NSEC 1
| #define HAVE_STRUCT_STAT_ST_ATIM_TV_NSEC 1
| #define HAVE_STRUCT_STAT_ST_CTIM_TV_NSEC 1
| #define HAVE_STRUCT_STAT_ST_BLKSIZE 1
| #define HAVE_STRUCT_STAT_ST_BLOCKS 1
| #define HAVE_STRUCT_STATFS_F_BAVAIL 1
| #define HAVE_STRUCT_TM_TM_GMTOFF 1
| #define HAVE_DIRENT_H 1
| #define HAVE_STRUCT_DIRENT_D_TYPE 1
| #define HAVE_LANGINFO_CODESET 1
| #define HAVE_STDDEF_H 1
| #define HAVE_STDLIB_H 1
| #define HAVE_STRING_H 1
| #define HAVE_SETLOCALE 1
| #define SIZEOF_SIZE_T 8
| #define SIZEOF_SSIZE_T 8
| #define HAVE_LSTAT 1
| #define HAVE_STRERROR 1
| #define HAVE_STRSIGNAL 1
| #define HAVE_MEMMOVE 1
| #define HAVE_VSNPRINTF 1
| #define HAVE_STPCPY 1
| #define HAVE_STRCASECMP 1
| #define HAVE_STRNCASECMP 1
| #define HAVE_POLL 1
| #define HAVE_GETCWD 1
| #define HAVE_VASPRINTF 1
| #define HAVE_SETENV 1
| #define HAVE_UNSETENV 1
| #define HAVE_GETC_UNLOCKED 1
| #define HAVE_READLINK 1
| #define HAVE_SYMLINK 1
| #define HAVE_MEMMEM 1
| #define HAVE_CHOWN 1
| #define HAVE_LCHMOD 1
| #define HAVE_LCHOWN 1
| #define HAVE_FCHMOD 1
| #define HAVE_FCHOWN 1
| #define HAVE_LINK 1
| #define HAVE_UTIMES 1
| #define HAVE_GETGRGID 1
| #define HAVE_GETPWUID 1
| #define HAVE_GETRESUID 1
| #define HAVE_GETMNTENT_R 1
| #define HAVE_SETMNTENT 1
| #define HAVE_ENDMNTENT 1
| #define HAVE_HASMNTOPT 1
| #define HAVE_FALLOCATE 1
| #define HAVE_SPLICE 1
| #define HAVE_PRLIMIT 1
| #define HAVE_STATVFS 1
| #define HAVE_STATFS 1
| #define USE_STATFS 1
| #define HAVE_NEWLOCALE 1
| #define HAVE_USELOCALE 1
| #define HAVE_STRTOD_L 1
| #define HAVE_STRTOLL_L 1
| #define HAVE_STRTOULL_L 1
| #define HAVE_C99_VSNPRINTF 1
| #define HAVE_UNIX98_PRINTF 1
| #define HAVE_GETPROTOBYNAME_R 1
| #define HAVE_ENDSERVENT 1
| #define HAVE_IF_NAMETOINDEX 1
| #define HAVE_IF_INDEXTONAME 1
| #define HAVE_RES_INIT 1
| #define HAVE_NETLINK 1
| #define HAVE_IP_MREQN /**/
| #define STATFS_ARGS 2
| #define HAVE_GOOD_PRINTF 1
| #define HAVE_LONG_LONG 1
| #define HAVE_LONG_DOUBLE 1
| #define HAVE_WCHAR_T 1
| #define HAVE_WINT_T 1
| #define HAVE_PTRDIFF_T 1
| #define HAVE_INTTYPES_H_WITH_UINTMAX 1
| #define HAVE_STDINT_H_WITH_UINTMAX 1
| #define HAVE_INTMAX_T 1
| #define HAVE_SNPRINTF 1
| #define HAVE_WCSLEN 1
| #define HAVE_C99_SNPRINTF 1
| #define HAVE_CODESET 1
| #define HAVE_LANGINFO_TIME 1
| #define HAVE_LANGINFO_OUTDIGIT 1
| #define POSIX_MEMALIGN_WITH_COMPLIANT_ALLOCS 1
| #define G_VA_COPY va_copy
| #define G_VA_COPY_AS_ARRAY 1
| #define HAVE_SYS_INOTIFY_H 1
| #define HAVE_INOTIFY_INIT1 1
| #define THREADS_POSIX 1
| #define HAVE_LOCALTIME_R 1
| #define HAVE_GMTIME_R 1
| #define HAVE_POSIX_GETPWUID_R 1
| #define HAVE_POSIX_GETGRGID_R 1
| #define HAVE_PTHREAD_ATTR_SETSTACKSIZE 1
| #define HAVE_PTHREAD_CONDATTR_SETCLOCK 1
| #define HAVE_CLOCK_GETTIME 1
| #define HAVE_FUTEX 1
| #define HAVE_EVENTFD 1
| /* end confdefs.h.  */
| typedef unsigned int guint32;
| 
| int
| main (void)
| {
| if (sizeof ((guint32)))
| 	    return 0;
|   ;
|   return 0;
| }
configure:28329: result: yes
configure:28338: checking alignment of guint32
configure:28362: result: 4
configure:28370: checking for guint64
configure:28370: gcc  -c -isystem/home/ubuntu/yocto/rpi-build/tmp/work/x86_64-linux/pkgconfig-native/0.29.2+gitAUTOINC+d97db4fae4-r0/recipe-sysroot-native/usr/include -O2 -pipe -isystem/home/ubuntu/yocto/rpi-build/tmp/work/x86_64-linux/pkgconfig-native/0.29.2+gitAUTOINC+d97db4fae4-r0/recipe-sysroot-native/usr/include -pthread conftest.c >&5
configure:28370: $? = 0
configure:28370: gcc  -c -isystem/home/ubuntu/yocto/rpi-build/tmp/work/x86_64-linux/pkgconfig-native/0.29.2+gitAUTOINC+d97db4fae4-r0/recipe-sysroot-native/usr/include -O2 -pipe -isystem/home/ubuntu/yocto/rpi-build/tmp/work/x86_64-linux/pkgconfig-native/0.29.2+gitAUTOINC+d97db4fae4-r0/recipe-sysroot-native/usr/include -pthread conftest.c >&5
conftest.c: In function 'main':
conftest.c:203:22: error: expected expression before ')' token
  203 | if (sizeof ((guint64)))
      |                      ^
configure:28370: $? = 1
configure: failed program was:
| /* confdefs.h */
| #define PACKAGE_NAME "glib"
| #define PACKAGE_TARNAME "glib"
| #define PACKAGE_VERSION "2.38.2"
| #define PACKAGE_STRING "glib 2.38.2"
| #define PACKAGE_BUGREPORT "http://bugzilla.gnome.org/enter_bug.cgi?product=glib"
| #define PACKAGE_URL ""
| #define GLIB_MAJOR_VERSION 2
| #define GLIB_MINOR_VERSION 38
| #define GLIB_MICRO_VERSION 2
| #define GLIB_INTERFACE_AGE 2
| #define GLIB_BINARY_AGE 3802
| #define HAVE_STDIO_H 1
| #define HAVE_STDLIB_H 1
| #define HAVE_STRING_H 1
| #define HAVE_INTTYPES_H 1
| #define HAVE_STDINT_H 1
| #define HAVE_STRINGS_H 1
| #define HAVE_SYS_STAT_H 1
| #define HAVE_SYS_TYPES_H 1
| #define HAVE_UNISTD_H 1
| #define HAVE_WCHAR_H 1
| #define STDC_HEADERS 1
| #define _ALL_SOURCE 1
| #define _DARWIN_C_SOURCE 1
| #define _GNU_SOURCE 1
| #define _HPUX_ALT_XOPEN_SOCKET_API 1
| #define _NETBSD_SOURCE 1
| #define _OPENBSD_SOURCE 1
| #define _POSIX_PTHREAD_SEMANTICS 1
| #define __STDC_WANT_IEC_60559_ATTRIBS_EXT__ 1
| #define __STDC_WANT_IEC_60559_BFP_EXT__ 1
| #define __STDC_WANT_IEC_60559_DFP_EXT__ 1
| #define __STDC_WANT_IEC_60559_FUNCS_EXT__ 1
| #define __STDC_WANT_IEC_60559_TYPES_EXT__ 1
| #define __STDC_WANT_LIB_EXT2__ 1
| #define __STDC_WANT_MATH_SPEC_FUNCS__ 1
| #define _TANDEM_SOURCE 1
| #define __EXTENSIONS__ 1
| #define GETTEXT_PACKAGE "glib20"
| #define GLIB_LOCALE_DIR ""
| #define HAVE_DLFCN_H 1
| #define LT_OBJDIR ".libs/"
| #define HAVE_VPRINTF 1
| #define HAVE_ALLOCA_H 1
| #define HAVE_ALLOCA 1
| #define HAVE_MMAP 1
| #define HAVE_POSIX_MEMALIGN 1
| #define HAVE_MEMALIGN 1
| #define HAVE_VALLOC 1
| #define HAVE_FSYNC 1
| #define HAVE_PIPE2 1
| #define HAVE_ATEXIT 1
| #define HAVE_ON_EXIT 1
| #define HAVE_TIMEGM 1
| #define HAVE_GMTIME_R 1
| #define HAVE_LIBC_ENABLE_SECURE 1
| #define SIZEOF_CHAR 1
| #define SIZEOF_SHORT 2
| #define SIZEOF_LONG 8
| #define SIZEOF_INT 4
| #define SIZEOF_VOID_P 8
| #define SIZEOF_LONG_LONG 8
| #define HAVE_SIG_ATOMIC_T 1
| #define HAVE_LONG_LONG_FORMAT 1
| #define G_HAVE___INLINE 1
| #define G_HAVE___INLINE__ 1
| #define G_HAVE_INLINE 1
| #define HAVE_DOWHILE_MACROS 1
| #define HAVE_DIRENT_H 1
| #define HAVE_FLOAT_H 1
| #define HAVE_LIMITS_H 1
| #define HAVE_PWD_H 1
| #define HAVE_GRP_H 1
| #define HAVE_SYS_PARAM_H 1
| #define HAVE_SYS_POLL_H 1
| #define HAVE_SYS_RESOURCE_H 1
| #define HAVE_SYS_TIME_H 1
| #define HAVE_SYS_TIMES_H 1
| #define HAVE_SYS_WAIT_H 1
| #define HAVE_UNISTD_H 1
| #define HAVE_VALUES_H 1
| #define HAVE_SYS_SELECT_H 1
| #define HAVE_SYS_TYPES_H 1
| #define HAVE_STDINT_H 1
| #define HAVE_INTTYPES_H 1
| #define HAVE_SCHED_H 1
| #define HAVE_MALLOC_H 1
| #define HAVE_SYS_VFS_H 1
| #define HAVE_SYS_STATFS_H 1
| #define HAVE_SYS_STATVFS_H 1
| #define HAVE_MNTENT_H 1
| #define HAVE_FSTAB_H 1
| #define HAVE_SYS_UIO_H 1
| #define HAVE_LINUX_MAGIC_H 1
| #define HAVE_SYS_PRCTL_H 1
| #define HAVE_SYS_MOUNT_H 1
| #define HAVE_STRUCT_STAT_ST_MTIM_TV_NSEC 1
| #define HAVE_STRUCT_STAT_ST_ATIM_TV_NSEC 1
| #define HAVE_STRUCT_STAT_ST_CTIM_TV_NSEC 1
| #define HAVE_STRUCT_STAT_ST_BLKSIZE 1
| #define HAVE_STRUCT_STAT_ST_BLOCKS 1
| #define HAVE_STRUCT_STATFS_F_BAVAIL 1
| #define HAVE_STRUCT_TM_TM_GMTOFF 1
| #define HAVE_DIRENT_H 1
| #define HAVE_STRUCT_DIRENT_D_TYPE 1
| #define HAVE_LANGINFO_CODESET 1
| #define HAVE_STDDEF_H 1
| #define HAVE_STDLIB_H 1
| #define HAVE_STRING_H 1
| #define HAVE_SETLOCALE 1
| #define SIZEOF_SIZE_T 8
| #define SIZEOF_SSIZE_T 8
| #define HAVE_LSTAT 1
| #define HAVE_STRERROR 1
| #define HAVE_STRSIGNAL 1
| #define HAVE_MEMMOVE 1
| #define HAVE_VSNPRINTF 1
| #define HAVE_STPCPY 1
| #define HAVE_STRCASECMP 1
| #define HAVE_STRNCASECMP 1
| #define HAVE_POLL 1
| #define HAVE_GETCWD 1
| #define HAVE_VASPRINTF 1
| #define HAVE_SETENV 1
| #define HAVE_UNSETENV 1
| #define HAVE_GETC_UNLOCKED 1
| #define HAVE_READLINK 1
| #define HAVE_SYMLINK 1
| #define HAVE_MEMMEM 1
| #define HAVE_CHOWN 1
| #define HAVE_LCHMOD 1
| #define HAVE_LCHOWN 1
| #define HAVE_FCHMOD 1
| #define HAVE_FCHOWN 1
| #define HAVE_LINK 1
| #define HAVE_UTIMES 1
| #define HAVE_GETGRGID 1
| #define HAVE_GETPWUID 1
| #define HAVE_GETRESUID 1
| #define HAVE_GETMNTENT_R 1
| #define HAVE_SETMNTENT 1
| #define HAVE_ENDMNTENT 1
| #define HAVE_HASMNTOPT 1
| #define HAVE_FALLOCATE 1
| #define HAVE_SPLICE 1
| #define HAVE_PRLIMIT 1
| #define HAVE_STATVFS 1
| #define HAVE_STATFS 1
| #define USE_STATFS 1
| #define HAVE_NEWLOCALE 1
| #define HAVE_USELOCALE 1
| #define HAVE_STRTOD_L 1
| #define HAVE_STRTOLL_L 1
| #define HAVE_STRTOULL_L 1
| #define HAVE_C99_VSNPRINTF 1
| #define HAVE_UNIX98_PRINTF 1
| #define HAVE_GETPROTOBYNAME_R 1
| #define HAVE_ENDSERVENT 1
| #define HAVE_IF_NAMETOINDEX 1
| #define HAVE_IF_INDEXTONAME 1
| #define HAVE_RES_INIT 1
| #define HAVE_NETLINK 1
| #define HAVE_IP_MREQN /**/
| #define STATFS_ARGS 2
| #define HAVE_GOOD_PRINTF 1
| #define HAVE_LONG_LONG 1
| #define HAVE_LONG_DOUBLE 1
| #define HAVE_WCHAR_T 1
| #define HAVE_WINT_T 1
| #define HAVE_PTRDIFF_T 1
| #define HAVE_INTTYPES_H_WITH_UINTMAX 1
| #define HAVE_STDINT_H_WITH_UINTMAX 1
| #define HAVE_INTMAX_T 1
| #define HAVE_SNPRINTF 1
| #define HAVE_WCSLEN 1
| #define HAVE_C99_SNPRINTF 1
| #define HAVE_CODESET 1
| #define HAVE_LANGINFO_TIME 1
| #define HAVE_LANGINFO_OUTDIGIT 1
| #define POSIX_MEMALIGN_WITH_COMPLIANT_ALLOCS 1
| #define G_VA_COPY va_copy
| #define G_VA_COPY_AS_ARRAY 1
| #define HAVE_SYS_INOTIFY_H 1
| #define HAVE_INOTIFY_INIT1 1
| #define THREADS_POSIX 1
| #define HAVE_LOCALTIME_R 1
| #define HAVE_GMTIME_R 1
| #define HAVE_POSIX_GETPWUID_R 1
| #define HAVE_POSIX_GETGRGID_R 1
| #define HAVE_PTHREAD_ATTR_SETSTACKSIZE 1
| #define HAVE_PTHREAD_CONDATTR_SETCLOCK 1
| #define HAVE_CLOCK_GETTIME 1
| #define HAVE_FUTEX 1
| #define HAVE_EVENTFD 1
| #define ALIGNOF_GUINT32 4
| /* end confdefs.h.  */
| typedef unsigned long guint64;
| 
| int
| main (void)
| {
| if (sizeof ((guint64)))
| 	    return 0;
|   ;
|   return 0;
| }
configure:28370: result: yes
configure:28379: checking alignment of guint64
configure:28403: result: 8
configure:28411: checking for unsigned long
configure:28411: gcc  -c -isystem/home/ubuntu/yocto/rpi-build/tmp/work/x86_64-linux/pkgconfig-native/0.29.2+gitAUTOINC+d97db4fae4-r0/recipe-sysroot-native/usr/include -O2 -pipe -isystem/home/ubuntu/yocto/rpi-build/tmp/work/x86_64-linux/pkgconfig-native/0.29.2+gitAUTOINC+d97db4fae4-r0/recipe-sysroot-native/usr/include -pthread conftest.c >&5
configure:28411: $? = 0
configure:28411: gcc  -c -isystem/home/ubuntu/yocto/rpi-build/tmp/work/x86_64-linux/pkgconfig-native/0.29.2+gitAUTOINC+d97db4fae4-r0/recipe-sysroot-native/usr/include -O2 -pipe -isystem/home/ubuntu/yocto/rpi-build/tmp/work/x86_64-linux/pkgconfig-native/0.29.2+gitAUTOINC+d97db4fae4-r0/recipe-sysroot-native/usr/include -pthread conftest.c >&5
conftest.c: In function 'main':
conftest.c:230:28: error: expected expression before ')' token
  230 | if (sizeof ((unsigned long)))
      |                            ^
configure:28411: $? = 1
configure: failed program was:
| /* confdefs.h */
| #define PACKAGE_NAME "glib"
| #define PACKAGE_TARNAME "glib"
| #define PACKAGE_VERSION "2.38.2"
| #define PACKAGE_STRING "glib 2.38.2"
| #define PACKAGE_BUGREPORT "http://bugzilla.gnome.org/enter_bug.cgi?product=glib"
| #define PACKAGE_URL ""
| #define GLIB_MAJOR_VERSION 2
| #define GLIB_MINOR_VERSION 38
| #define GLIB_MICRO_VERSION 2
| #define GLIB_INTERFACE_AGE 2
| #define GLIB_BINARY_AGE 3802
| #define HAVE_STDIO_H 1
| #define HAVE_STDLIB_H 1
| #define HAVE_STRING_H 1
| #define HAVE_INTTYPES_H 1
| #define HAVE_STDINT_H 1
| #define HAVE_STRINGS_H 1
| #define HAVE_SYS_STAT_H 1
| #define HAVE_SYS_TYPES_H 1
| #define HAVE_UNISTD_H 1
| #define HAVE_WCHAR_H 1
| #define STDC_HEADERS 1
| #define _ALL_SOURCE 1
| #define _DARWIN_C_SOURCE 1
| #define _GNU_SOURCE 1
| #define _HPUX_ALT_XOPEN_SOCKET_API 1
| #define _NETBSD_SOURCE 1
| #define _OPENBSD_SOURCE 1
| #define _POSIX_PTHREAD_SEMANTICS 1
| #define __STDC_WANT_IEC_60559_ATTRIBS_EXT__ 1
| #define __STDC_WANT_IEC_60559_BFP_EXT__ 1
| #define __STDC_WANT_IEC_60559_DFP_EXT__ 1
| #define __STDC_WANT_IEC_60559_FUNCS_EXT__ 1
| #define __STDC_WANT_IEC_60559_TYPES_EXT__ 1
| #define __STDC_WANT_LIB_EXT2__ 1
| #define __STDC_WANT_MATH_SPEC_FUNCS__ 1
| #define _TANDEM_SOURCE 1
| #define __EXTENSIONS__ 1
| #define GETTEXT_PACKAGE "glib20"
| #define GLIB_LOCALE_DIR ""
| #define HAVE_DLFCN_H 1
| #define LT_OBJDIR ".libs/"
| #define HAVE_VPRINTF 1
| #define HAVE_ALLOCA_H 1
| #define HAVE_ALLOCA 1
| #define HAVE_MMAP 1
| #define HAVE_POSIX_MEMALIGN 1
| #define HAVE_MEMALIGN 1
| #define HAVE_VALLOC 1
| #define HAVE_FSYNC 1
| #define HAVE_PIPE2 1
| #define HAVE_ATEXIT 1
| #define HAVE_ON_EXIT 1
| #define HAVE_TIMEGM 1
| #define HAVE_GMTIME_R 1
| #define HAVE_LIBC_ENABLE_SECURE 1
| #define SIZEOF_CHAR 1
| #define SIZEOF_SHORT 2
| #define SIZEOF_LONG 8
| #define SIZEOF_INT 4
| #define SIZEOF_VOID_P 8
| #define SIZEOF_LONG_LONG 8
| #define HAVE_SIG_ATOMIC_T 1
| #define HAVE_LONG_LONG_FORMAT 1
| #define G_HAVE___INLINE 1
| #define G_HAVE___INLINE__ 1
| #define G_HAVE_INLINE 1
| #define HAVE_DOWHILE_MACROS 1
| #define HAVE_DIRENT_H 1
| #define HAVE_FLOAT_H 1
| #define HAVE_LIMITS_H 1
| #define HAVE_PWD_H 1
| #define HAVE_GRP_H 1
| #define HAVE_SYS_PARAM_H 1
| #define HAVE_SYS_POLL_H 1
| #define HAVE_SYS_RESOURCE_H 1
| #define HAVE_SYS_TIME_H 1
| #define HAVE_SYS_TIMES_H 1
| #define HAVE_SYS_WAIT_H 1
| #define HAVE_UNISTD_H 1
| #define HAVE_VALUES_H 1
| #define HAVE_SYS_SELECT_H 1
| #define HAVE_SYS_TYPES_H 1
| #define HAVE_STDINT_H 1
| #define HAVE_INTTYPES_H 1
| #define HAVE_SCHED_H 1
| #define HAVE_MALLOC_H 1
| #define HAVE_SYS_VFS_H 1
| #define HAVE_SYS_STATFS_H 1
| #define HAVE_SYS_STATVFS_H 1
| #define HAVE_MNTENT_H 1
| #define HAVE_FSTAB_H 1
| #define HAVE_SYS_UIO_H 1
| #define HAVE_LINUX_MAGIC_H 1
| #define HAVE_SYS_PRCTL_H 1
| #define HAVE_SYS_MOUNT_H 1
| #define HAVE_STRUCT_STAT_ST_MTIM_TV_NSEC 1
| #define HAVE_STRUCT_STAT_ST_ATIM_TV_NSEC 1
| #define HAVE_STRUCT_STAT_ST_CTIM_TV_NSEC 1
| #define HAVE_STRUCT_STAT_ST_BLKSIZE 1
| #define HAVE_STRUCT_STAT_ST_BLOCKS 1
| #define HAVE_STRUCT_STATFS_F_BAVAIL 1
| #define HAVE_STRUCT_TM_TM_GMTOFF 1
| #define HAVE_DIRENT_H 1
| #define HAVE_STRUCT_DIRENT_D_TYPE 1
| #define HAVE_LANGINFO_CODESET 1
| #define HAVE_STDDEF_H 1
| #define HAVE_STDLIB_H 1
| #define HAVE_STRING_H 1
| #define HAVE_SETLOCALE 1
| #define SIZEOF_SIZE_T 8
| #define SIZEOF_SSIZE_T 8
| #define HAVE_LSTAT 1
| #define HAVE_STRERROR 1
| #define HAVE_STRSIGNAL 1
| #define HAVE_MEMMOVE 1
| #define HAVE_VSNPRINTF 1
| #define HAVE_STPCPY 1
| #define HAVE_STRCASECMP 1
| #define HAVE_STRNCASECMP 1
| #define HAVE_POLL 1
| #define HAVE_GETCWD 1
| #define HAVE_VASPRINTF 1
| #define HAVE_SETENV 1
| #define HAVE_UNSETENV 1
| #define HAVE_GETC_UNLOCKED 1
| #define HAVE_READLINK 1
| #define HAVE_SYMLINK 1
| #define HAVE_MEMMEM 1
| #define HAVE_CHOWN 1
| #define HAVE_LCHMOD 1
| #define HAVE_LCHOWN 1
| #define HAVE_FCHMOD 1
| #define HAVE_FCHOWN 1
| #define HAVE_LINK 1
| #define HAVE_UTIMES 1
| #define HAVE_GETGRGID 1
| #define HAVE_GETPWUID 1
| #define HAVE_GETRESUID 1
| #define HAVE_GETMNTENT_R 1
| #define HAVE_SETMNTENT 1
| #define HAVE_ENDMNTENT 1
| #define HAVE_HASMNTOPT 1
| #define HAVE_FALLOCATE 1
| #define HAVE_SPLICE 1
| #define HAVE_PRLIMIT 1
| #define HAVE_STATVFS 1
| #define HAVE_STATFS 1
| #define USE_STATFS 1
| #define HAVE_NEWLOCALE 1
| #define HAVE_USELOCALE 1
| #define HAVE_STRTOD_L 1
| #define HAVE_STRTOLL_L 1
| #define HAVE_STRTOULL_L 1
| #define HAVE_C99_VSNPRINTF 1
| #define HAVE_UNIX98_PRINTF 1
| #define HAVE_GETPROTOBYNAME_R 1
| #define HAVE_ENDSERVENT 1
| #define HAVE_IF_NAMETOINDEX 1
| #define HAVE_IF_INDEXTONAME 1
| #define HAVE_RES_INIT 1
| #define HAVE_NETLINK 1
| #define HAVE_IP_MREQN /**/
| #define STATFS_ARGS 2
| #define HAVE_GOOD_PRINTF 1
| #define HAVE_LONG_LONG 1
| #define HAVE_LONG_DOUBLE 1
| #define HAVE_WCHAR_T 1
| #define HAVE_WINT_T 1
| #define HAVE_PTRDIFF_T 1
| #define HAVE_INTTYPES_H_WITH_UINTMAX 1
| #define HAVE_STDINT_H_WITH_UINTMAX 1
| #define HAVE_INTMAX_T 1
| #define HAVE_SNPRINTF 1
| #define HAVE_WCSLEN 1
| #define HAVE_C99_SNPRINTF 1
| #define HAVE_CODESET 1
| #define HAVE_LANGINFO_TIME 1
| #define HAVE_LANGINFO_OUTDIGIT 1
| #define POSIX_MEMALIGN_WITH_COMPLIANT_ALLOCS 1
| #define G_VA_COPY va_copy
| #define G_VA_COPY_AS_ARRAY 1
| #define HAVE_SYS_INOTIFY_H 1
| #define HAVE_INOTIFY_INIT1 1
| #define THREADS_POSIX 1
| #define HAVE_LOCALTIME_R 1
| #define HAVE_GMTIME_R 1
| #define HAVE_POSIX_GETPWUID_R 1
| #define HAVE_POSIX_GETGRGID_R 1
| #define HAVE_PTHREAD_ATTR_SETSTACKSIZE 1
| #define HAVE_PTHREAD_CONDATTR_SETCLOCK 1
| #define HAVE_CLOCK_GETTIME 1
| #define HAVE_FUTEX 1
| #define HAVE_EVENTFD 1
| #define ALIGNOF_GUINT32 4
| #define ALIGNOF_GUINT64 8
| /* end confdefs.h.  */
| #include <stddef.h>
| #ifdef HAVE_STDIO_H
| # include <stdio.h>
| #endif
| #ifdef HAVE_STDLIB_H
| # include <stdlib.h>
| #endif
| #ifdef HAVE_STRING_H
| # include <string.h>
| #endif
| #ifdef HAVE_INTTYPES_H
| # include <inttypes.h>
| #endif
| #ifdef HAVE_STDINT_H
| # include <stdint.h>
| #endif
| #ifdef HAVE_STRINGS_H
| # include <strings.h>
| #endif
| #ifdef HAVE_SYS_TYPES_H
| # include <sys/types.h>
| #endif
| #ifdef HAVE_SYS_STAT_H
| # include <sys/stat.h>
| #endif
| #ifdef HAVE_UNISTD_H
| # include <unistd.h>
| #endif
| int
| main (void)
| {
| if (sizeof ((unsigned long)))
| 	    return 0;
|   ;
|   return 0;
| }
configure:28411: result: yes
configure:28419: checking alignment of unsigned long
configure:28441: result: 8
configure:28457: checking for -Bsymbolic-functions linker flag
configure:28471: gcc  -o conftest -isystem/home/ubuntu/yocto/rpi-build/tmp/work/x86_64-linux/pkgconfig-native/0.29.2+gitAUTOINC+d97db4fae4-r0/recipe-sysroot-native/usr/include -O2 -pipe -isystem/home/ubuntu/yocto/rpi-build/tmp/work/x86_64-linux/pkgconfig-native/0.29.2+gitAUTOINC+d97db4fae4-r0/recipe-sysroot-native/usr/include -pthread -Wl,-Bsymbolic-functions conftest.c  >&5
configure:28471: $? = 0
configure:28473: result: yes
configure:28504: checking for -fvisibility=hidden compiler flag
configure:28517: gcc  -c -fvisibility=hidden -isystem/home/ubuntu/yocto/rpi-build/tmp/work/x86_64-linux/pkgconfig-native/0.29.2+gitAUTOINC+d97db4fae4-r0/recipe-sysroot-native/usr/include -pthread conftest.c >&5
configure:28517: $? = 0
configure:28519: result: yes
configure:28561: checking if gcc  supports flag -Wall in envvar CFLAGS
configure:28573: gcc  -c -Werror -Wall -isystem/home/ubuntu/yocto/rpi-build/tmp/work/x86_64-linux/pkgconfig-native/0.29.2+gitAUTOINC+d97db4fae4-r0/recipe-sysroot-native/usr/include -pthread conftest.c >&5
configure:28573: $? = 0
configure:28583: result: yes
configure:28561: checking if gcc  supports flag -Wstrict-prototypes in envvar CFLAGS
configure:28573: gcc  -c -Werror -Wstrict-prototypes -isystem/home/ubuntu/yocto/rpi-build/tmp/work/x86_64-linux/pkgconfig-native/0.29.2+gitAUTOINC+d97db4fae4-r0/recipe-sysroot-native/usr/include -pthread conftest.c >&5
configure:28573: $? = 0
configure:28583: result: yes
configure:28561: checking if gcc  supports flag -Werror=declaration-after-statement in envvar CFLAGS
configure:28573: gcc  -c -Werror -Werror=declaration-after-statement -isystem/home/ubuntu/yocto/rpi-build/tmp/work/x86_64-linux/pkgconfig-native/0.29.2+gitAUTOINC+d97db4fae4-r0/recipe-sysroot-native/usr/include -pthread conftest.c >&5
configure:28573: $? = 0
configure:28583: result: yes
configure:28561: checking if gcc  supports flag -Werror=missing-prototypes in envvar CFLAGS
configure:28573: gcc  -c -Werror -Werror=missing-prototypes -isystem/home/ubuntu/yocto/rpi-build/tmp/work/x86_64-linux/pkgconfig-native/0.29.2+gitAUTOINC+d97db4fae4-r0/recipe-sysroot-native/usr/include -pthread conftest.c >&5
configure:28573: $? = 0
configure:28583: result: yes
configure:28561: checking if gcc  supports flag -Werror=implicit-function-declaration in envvar CFLAGS
configure:28573: gcc  -c -Werror -Werror=implicit-function-declaration -isystem/home/ubuntu/yocto/rpi-build/tmp/work/x86_64-linux/pkgconfig-native/0.29.2+gitAUTOINC+d97db4fae4-r0/recipe-sysroot-native/usr/include -pthread conftest.c >&5
configure:28573: $? = 0
configure:28583: result: yes
configure:28561: checking if gcc  supports flag -Werror=pointer-arith in envvar CFLAGS
configure:28573: gcc  -c -Werror -Werror=pointer-arith -isystem/home/ubuntu/yocto/rpi-build/tmp/work/x86_64-linux/pkgconfig-native/0.29.2+gitAUTOINC+d97db4fae4-r0/recipe-sysroot-native/usr/include -pthread conftest.c >&5
configure:28573: $? = 0
configure:28583: result: yes
configure:28561: checking if gcc  supports flag -Werror=init-self in envvar CFLAGS
configure:28573: gcc  -c -Werror -Werror=init-self -isystem/home/ubuntu/yocto/rpi-build/tmp/work/x86_64-linux/pkgconfig-native/0.29.2+gitAUTOINC+d97db4fae4-r0/recipe-sysroot-native/usr/include -pthread conftest.c >&5
configure:28573: $? = 0
configure:28583: result: yes
configure:28561: checking if gcc  supports flag -Werror=format-security in envvar CFLAGS
configure:28573: gcc  -c -Werror -Werror=format-security -isystem/home/ubuntu/yocto/rpi-build/tmp/work/x86_64-linux/pkgconfig-native/0.29.2+gitAUTOINC+d97db4fae4-r0/recipe-sysroot-native/usr/include -pthread conftest.c >&5
configure:28573: $? = 0
configure:28583: result: yes
configure:28561: checking if gcc  supports flag -Werror=format=2 in envvar CFLAGS
configure:28573: gcc  -c -Werror -Werror=format=2 -isystem/home/ubuntu/yocto/rpi-build/tmp/work/x86_64-linux/pkgconfig-native/0.29.2+gitAUTOINC+d97db4fae4-r0/recipe-sysroot-native/usr/include -pthread conftest.c >&5
configure:28573: $? = 0
configure:28583: result: yes
configure:28561: checking if gcc  supports flag -Werror=missing-include-dirs in envvar CFLAGS
configure:28573: gcc  -c -Werror -Werror=missing-include-dirs -isystem/home/ubuntu/yocto/rpi-build/tmp/work/x86_64-linux/pkgconfig-native/0.29.2+gitAUTOINC+d97db4fae4-r0/recipe-sysroot-native/usr/include -pthread conftest.c >&5
configure:28573: $? = 0
configure:28583: result: yes
configure:28877: creating ./config.status

## ---------------------- ##
## Running config.status. ##
## ---------------------- ##

This file was extended by glib config.status 2.38.2, which was
generated by GNU Autoconf 2.71.  Invocation command line was

  CONFIG_FILES    = 
  CONFIG_HEADERS  = 
  CONFIG_LINKS    = 
  CONFIG_COMMANDS = 
  $ ./config.status 

on DESKTOP-CSPIOE3

config.status:1816: creating Makefile
config.status:1816: creating glib/Makefile
config.status:1816: creating glib/libcharset/Makefile
config.status:1816: creating glib/gnulib/Makefile
config.status:1816: creating m4macros/Makefile
config.status:1816: creating config.h
config.status:2030: executing depfiles commands
config.status:2030: executing libtool commands
config.status:2030: executing glib/glibconfig.h commands

## ---------------- ##
## Cache variables. ##
## ---------------- ##

ac_cv___va_copy=yes
ac_cv_af_unix_large_dgram=yes
ac_cv_alignof_char=1
ac_cv_alignof_dbind_pointer=8
ac_cv_alignof_dbind_struct=1
ac_cv_alignof_dbus_bool_t=4
ac_cv_alignof_dbus_int16_t=2
ac_cv_alignof_dbus_int32_t=4
ac_cv_alignof_dbus_int64_t=8
ac_cv_alignof_double=8
ac_cv_alignof_guint32=4
ac_cv_alignof_guint64=8
ac_cv_alignof_unsigned_long=8
ac_cv_buggy_getaddrinfo=no
ac_cv_build=x86_64-pc-linux-gnu
ac_cv_c_bigendian=no
ac_cv_c_compiler_gnu=yes
ac_cv_c_const=yes
ac_cv_c_endian=little
ac_cv_c_littleendian=yes
ac_cv_check_sjlj=ssjlj
ac_cv_conv_longlong_to_float=yes
ac_cv_cxx_compiler_gnu=yes
ac_cv_env_CCC_set=
ac_cv_env_CCC_value=
ac_cv_env_CC_set=set
ac_cv_env_CC_value='gcc '
ac_cv_env_CFLAGS_set=set
ac_cv_env_CFLAGS_value='-isystem/home/ubuntu/yocto/rpi-build/tmp/work/x86_64-linux/pkgconfig-native/0.29.2+gitAUTOINC+d97db4fae4-r0/recipe-sysroot-native/usr/include -O2 -pipe'
ac_cv_env_CPPFLAGS_set=set
ac_cv_env_CPPFLAGS_value=-isystem/home/ubuntu/yocto/rpi-build/tmp/work/x86_64-linux/pkgconfig-native/0.29.2+gitAUTOINC+d97db4fae4-r0/recipe-sysroot-native/usr/include
ac_cv_env_CPP_set=set
ac_cv_env_CPP_value='gcc  -E'
ac_cv_env_CXXCPP_set=
ac_cv_env_CXXCPP_value=
ac_cv_env_CXXFLAGS_set=set
ac_cv_env_CXXFLAGS_value='-isystem/home/ubuntu/yocto/rpi-build/tmp/work/x86_64-linux/pkgconfig-native/0.29.2+gitAUTOINC+d97db4fae4-r0/recipe-sysroot-native/usr/include -O2 -pipe'
ac_cv_env_CXX_set=set
ac_cv_env_CXX_value='g++ '
ac_cv_env_LDFLAGS_set=set
ac_cv_env_LDFLAGS_value='-L/home/ubuntu/yocto/rpi-build/tmp/work/x86_64-linux/pkgconfig-native/0.29.2+gitAUTOINC+d97db4fae4-r0/recipe-sysroot-native/usr/lib                         -L/home/ubuntu/yocto/rpi-build/tmp/work/x86_64-linux/pkgconfig-native/0.29.2+gitAUTOINC+d97db4fae4-r0/recipe-sysroot-native/lib                         -Wl,--enable-new-dtags                         -Wl,-rpath-link,/home/ubuntu/yocto/rpi-build/tmp/work/x86_64-linux/pkgconfig-native/0.29.2+gitAUTOINC+d97db4fae4-r0/recipe-sysroot-native/usr/lib                         -Wl,-rpath-link,/home/ubuntu/yocto/rpi-build/tmp/work/x86_64-linux/pkgconfig-native/0.29.2+gitAUTOINC+d97db4fae4-r0/recipe-sysroot-native/lib                         -Wl,-rpath,/home/ubuntu/yocto/rpi-build/tmp/work/x86_64-linux/pkgconfig-native/0.29.2+gitAUTOINC+d97db4fae4-r0/recipe-sysroot-native/usr/lib                         -Wl,-rpath,/home/ubuntu/yocto/rpi-build/tmp/work/x86_64-linux/pkgconfig-native/0.29.2+gitAUTOINC+d97db4fae4-r0/recipe-sysroot-native/lib                         -Wl,-O1 -Wl,--allow-shlib-undefined -Wl,--dynamic-linker=/home/ubuntu/yocto/rpi-build/tmp/sysroots-uninative/x86_64-linux/lib/ld-linux-x86-64.so.2'
ac_cv_env_LIBS_set=
ac_cv_env_LIBS_value=
ac_cv_env_LT_SYS_LIBRARY_PATH_set=
ac_cv_env_LT_SYS_LIBRARY_PATH_value=
ac_cv_env_PYTHON_set=
ac_cv_env_PYTHON_value=
ac_cv_env_build_alias_set=set
ac_cv_env_build_alias_value=x86_64-linux
ac_cv_env_host_alias_set=set
ac_cv_env_host_alias_value=x86_64-linux
ac_cv_env_target_alias_set=set
ac_cv_env_target_alias_value=x86_64-linux
ac_cv_epoll_works=yes
ac_cv_file__dev_random=yes
ac_cv_file__dev_zero=yes
ac_cv_func__NSGetEnviron=no
ac_cv_func___ashldi3=no
ac_cv_func___ashrdi3=no
ac_cv_func___bswapdi2=no
ac_cv_func___bswapsi2=no
ac_cv_func___lshrdi3=no
ac_cv_func___trampoline_setup=no
ac_cv_func___ucmpdi2=no
ac_cv_func___va_copy=yes
ac_cv_func__restgpr_14_x=no
ac_cv_func_alloca_works=yes
ac_cv_func_atexit=yes
ac_cv_func_calloc_0_nonnull=yes
ac_cv_func_chown=yes
ac_cv_func_chown_works=yes
ac_cv_func_clock_gettime=yes
ac_cv_func_dlerror=yes
ac_cv_func_dlopen=yes
ac_cv_func_dlsym=yes
ac_cv_func_endmntent=yes
ac_cv_func_endservent=yes
ac_cv_func_fallocate=yes
ac_cv_func_fchmod=yes
ac_cv_func_fchown=yes
ac_cv_func_fdwalk=no
ac_cv_func_fsync=yes
ac_cv_func_getaddrinfo=yes
ac_cv_func_getc_unlocked=yes
ac_cv_func_getcwd=yes
ac_cv_func_getfsstat=no
ac_cv_func_getgrgid=yes
ac_cv_func_getgrgid_r=yes
ac_cv_func_getgroups_works=yes
ac_cv_func_getmntent_r=yes
ac_cv_func_getpagesize=yes
ac_cv_func_getpgrp_void=yes
ac_cv_func_getprotobyname_r=yes
ac_cv_func_getpwuid=yes
ac_cv_func_getpwuid_r=yes
ac_cv_func_getresuid=yes
ac_cv_func_getvfsstat=no
ac_cv_func_gmtime_r=yes
ac_cv_func_hasmntopt=yes
ac_cv_func_iconv_open=yes
ac_cv_func_if_indextoname=yes
ac_cv_func_if_nametoindex=yes
ac_cv_func_inotify_init1=yes
ac_cv_func_issetugid=no
ac_cv_func_lchmod=yes
ac_cv_func_lchown=yes
ac_cv_func_link=yes
ac_cv_func_localtime_r=yes
ac_cv_func_lstat=yes
ac_cv_func_lstat_dereferences_slashed_symlink=yes
ac_cv_func_lstat_empty_string_bug=no
ac_cv_func_malloc_0_nonnull=yes
ac_cv_func_malloc_works=yes
ac_cv_func_memalign=yes
ac_cv_func_memcmp_working=yes
ac_cv_func_memcpy=yes
ac_cv_func_memmem=yes
ac_cv_func_memmove=yes
ac_cv_func_mmap=yes
ac_cv_func_mmap_fixed_mapped=yes
ac_cv_func_newlocale=yes
ac_cv_func_on_exit=yes
ac_cv_func_pipe2=yes
ac_cv_func_poll=yes
ac_cv_func_posix_getgrgid_r=yes
ac_cv_func_posix_getpwnam_r=yes
ac_cv_func_posix_getpwuid_r=yes
ac_cv_func_posix_memalign=yes
ac_cv_func_printf_unix98=yes
ac_cv_func_prlimit=yes
ac_cv_func_pthread_attr_getstack=yes
ac_cv_func_pthread_key_delete=yes
ac_cv_func_readlink=yes
ac_cv_func_realloc_0_nonnull=yes
ac_cv_func_realloc_works=yes
ac_cv_func_setenv=yes
ac_cv_func_setgrent_void=yes
ac_cv_func_setlocale=yes
ac_cv_func_setmntent=yes
ac_cv_func_setpgrp_void=yes
ac_cv_func_setresuid=yes
ac_cv_func_setvbuf_reversed=no
ac_cv_func_snprintf=yes
ac_cv_func_snprintf_c99=yes
ac_cv_func_socket=yes
ac_cv_func_splice=yes
ac_cv_func_stat_empty_string_bug=no
ac_cv_func_stat_ignores_trailing_slash=no
ac_cv_func_statfs=yes
ac_cv_func_statvfs=no
ac_cv_func_stpcpy=yes
ac_cv_func_strcasecmp=yes
ac_cv_func_strerror=yes
ac_cv_func_strncasecmp=yes
ac_cv_func_strsignal=yes
ac_cv_func_strtod=yes
ac_cv_func_strtod_l=yes
ac_cv_func_strtoll_l=yes
ac_cv_func_strtoull_l=yes
ac_cv_func_symlink=yes
ac_cv_func_sysctlbyname=no
ac_cv_func_timegm=yes
ac_cv_func_unsetenv=yes
ac_cv_func_uselocale=yes
ac_cv_func_utime_null=yes
ac_cv_func_utimes=yes
ac_cv_func_va_copy=yes
ac_cv_func_valloc=yes
ac_cv_func_vasprintf=yes
ac_cv_func_vprintf=yes
ac_cv_func_vsnprintf=yes
ac_cv_func_vsnprintf_c99=yes
ac_cv_func_wcslen=yes
ac_cv_gnu_library_2_1=yes
ac_cv_have_abstract_sockets=yes
ac_cv_have_decl_sys_siglist=no
ac_cv_have_long_long_format=yes
ac_cv_header_crt_externs_h=no
ac_cv_header_dirent_dirent_h=yes
ac_cv_header_dirent_h=yes
ac_cv_header_dlfcn_h=yes
ac_cv_header_float_h=yes
ac_cv_header_fstab_h=yes
ac_cv_header_grp_h=yes
ac_cv_header_inttypes_h=yes
ac_cv_header_limits_h=yes
ac_cv_header_linux_magic_h=yes
ac_cv_header_linux_netlink_h=yes
ac_cv_header_malloc_h=yes
ac_cv_header_minix_config_h=no
ac_cv_header_mntent_h=yes
ac_cv_header_pwd_h=yes
ac_cv_header_sched_h=yes
ac_cv_header_stddef_h=yes
ac_cv_header_stdint_h=yes
ac_cv_header_stdio_h=yes
ac_cv_header_stdlib_h=yes
ac_cv_header_string_h=yes
ac_cv_header_strings_h=yes
ac_cv_header_sys_event_h=no
ac_cv_header_sys_filio_h=no
ac_cv_header_sys_inotify_h=yes
ac_cv_header_sys_mkdev_h=no
ac_cv_header_sys_mntctl_h=no
ac_cv_header_sys_mnttab_h=no
ac_cv_header_sys_mount_h=yes
ac_cv_header_sys_param_h=yes
ac_cv_header_sys_poll_h=yes
ac_cv_header_sys_prctl_h=yes
ac_cv_header_sys_resource_h=yes
ac_cv_header_sys_select_h=yes
ac_cv_header_sys_stat_h=yes
ac_cv_header_sys_statfs_h=yes
ac_cv_header_sys_statvfs_h=yes
ac_cv_header_sys_sysctl_h=no
ac_cv_header_sys_time_h=yes
ac_cv_header_sys_times_h=yes
ac_cv_header_sys_types_h=yes
ac_cv_header_sys_uio_h=yes
ac_cv_header_sys_vfs_h=yes
ac_cv_header_sys_vfstab_h=no
ac_cv_header_sys_vmount_h=no
ac_cv_header_sys_wait_h=yes
ac_cv_header_unistd_h=yes
ac_cv_header_values_h=yes
ac_cv_header_wchar_h=yes
ac_cv_header_xlocale_h=no
ac_cv_host=x86_64-pc-linux-gnu
ac_cv_lib_m_sin=yes
ac_cv_libnet_endianess=lil
ac_cv_linux_vers=2
ac_cv_member_struct_dirent_d_type=yes
ac_cv_member_struct_stat_st_atim_tv_nsec=yes
ac_cv_member_struct_stat_st_atimensec=no
ac_cv_member_struct_stat_st_blksize=yes
ac_cv_member_struct_stat_st_blocks=yes
ac_cv_member_struct_stat_st_ctim_tv_nsec=yes
ac_cv_member_struct_stat_st_ctimensec=no
ac_cv_member_struct_stat_st_mtim_tv_nsec=yes
ac_cv_member_struct_stat_st_mtimensec=no
ac_cv_member_struct_statfs_f_bavail=yes
ac_cv_member_struct_statfs_f_fstypename=no
ac_cv_member_struct_statvfs_f_basetype=no
ac_cv_member_struct_statvfs_f_fstypename=no
ac_cv_member_struct_tm___tm_gmtoff=no
ac_cv_member_struct_tm_tm_gmtoff=yes
ac_cv_need_trio=no
ac_cv_o_nonblock_inherited=no
ac_cv_objext=o
ac_cv_path_EGREP='/home/ubuntu/yocto/rpi-build/tmp/hosttools/grep -E'
ac_cv_path_FGREP='/home/ubuntu/yocto/rpi-build/tmp/hosttools/grep -F'
ac_cv_path_GREP=/home/ubuntu/yocto/rpi-build/tmp/hosttools/grep
ac_cv_path_PERL_PATH=/home/ubuntu/yocto/rpi-build/tmp/hosttools/perl
ac_cv_path_PYTHON=/home/ubuntu/yocto/rpi-build/tmp/hosttools/python3
ac_cv_path_SED=sed
ac_cv_path_install='/home/ubuntu/yocto/rpi-build/tmp/hosttools/install -c'
ac_cv_path_lt_DD=/home/ubuntu/yocto/rpi-build/tmp/hosttools/dd
ac_cv_path_mkdir=/home/ubuntu/yocto/rpi-build/tmp/hosttools/mkdir
ac_cv_prog_AR=ar
ac_cv_prog_AWK=gawk
ac_cv_prog_CC='gcc '
ac_cv_prog_CPP='gcc  -E'
ac_cv_prog_CXX='g++ '
ac_cv_prog_CXXCPP='g++  -E'
ac_cv_prog_OBJDUMP=objdump
ac_cv_prog_PERL=perl
ac_cv_prog_RANLIB='ranlib -D'
ac_cv_prog_STRIP=strip
ac_cv_prog_ac_ct_FILECMD=file
ac_cv_prog_cc_c11=
ac_cv_prog_cc_g=yes
ac_cv_prog_cc_stdc=
ac_cv_prog_cxx_11=no
ac_cv_prog_cxx_cxx11=
ac_cv_prog_cxx_g=yes
ac_cv_prog_cxx_stdcxx=
ac_cv_prog_make_make_set=yes
ac_cv_safe_to_define___extensions__=yes
ac_cv_search_opendir='none required'
ac_cv_should_define__xopen_source=no
ac_cv_sizeof___int64=0
ac_cv_sizeof_char=1
ac_cv_sizeof_dev_t=8
ac_cv_sizeof_gid_t=4
ac_cv_sizeof_int=4
ac_cv_sizeof_long=8
ac_cv_sizeof_long_double=16
ac_cv_sizeof_long_int=8
ac_cv_sizeof_long_long=8
ac_cv_sizeof_pid_t=4
ac_cv_sizeof_short=2
ac_cv_sizeof_short_int=2
ac_cv_sizeof_size_t=8
ac_cv_sizeof_ssize_t=8
ac_cv_sizeof_uid_t=4
ac_cv_sizeof_unsigned_int=4
ac_cv_sizeof_unsigned_long=8
ac_cv_sizeof_unsigned_short=2
ac_cv_sizeof_void_p=8
ac_cv_strerror_r_SUSv3=no
ac_cv_sys_file_offset_bits=no
ac_cv_sys_largefile_CC=no
ac_cv_sys_restartable_syscalls=yes
ac_cv_type_guint32=yes
ac_cv_type_guint64=yes
ac_cv_type_long_long=yes
ac_cv_type_ptrdiff_t=yes
ac_cv_type_sig_atomic_t=yes
ac_cv_type_size_t=yes
ac_cv_type_struct_ip_mreqn=yes
ac_cv_type_uid_t='{ac_cv_type_uid_t=yes}'
ac_cv_type_unsigned_long=yes
ac_cv_va_copy=yes
ac_cv_va_val_copy=no
ac_cv_working_alloca_h=yes
am_cv_CC_dependencies_compiler_type=none
am_cv_CXX_dependencies_compiler_type=none
am_cv_func_iconv_works=yes
am_cv_func_working_getline=yes
am_cv_langinfo_codeset=yes
am_cv_make_support_nested_variables=yes
am_cv_pathless_PYTHON=python3
am_cv_prog_cc_c_o=yes
am_cv_prog_tar_ustar=gnutar
am_cv_python_platform=linux
am_cv_python_pyexecdir='${libdir}/python3.10/site-packages'
am_cv_python_pythondir='${libdir}/python3.10/site-packages'
am_cv_python_version=3.10
am_cv_scanf_lld=yes
apr_cv_process_shared_works=no
apr_cv_tcp_nodelay_with_cork=yes
as_cv_unaligned_access=yes
bash_cv_dup2_broken=no
bash_cv_func_sigsetjmp=present
bash_cv_func_strcoll_broken=no
bash_cv_getcwd_calls_popen=no
bash_cv_getcwd_malloc=yes
bash_cv_getenv_redef=yes
bash_cv_have_mbstate_t=yes
bash_cv_job_control_missing=present
bash_cv_must_reinstall_sighandlers=no
bash_cv_opendir_not_robust=no
bash_cv_pgrp_pipe=no
bash_cv_printf_a_format=yes
bash_cv_sys_named_pipes=present
bash_cv_sys_siglist=no
bash_cv_type_rlimit=rlim_t
bash_cv_ulimit_maxfds=yes
bash_cv_under_sys_siglist=no
bash_cv_unusable_rtsigs=no
bh_cv_c_signed=yes
cc_cv_CFLAGS__Wall=yes
cc_cv_CFLAGS__Werror_declaration_after_statement=yes
cc_cv_CFLAGS__Werror_format_2=yes
cc_cv_CFLAGS__Werror_format_security=yes
cc_cv_CFLAGS__Werror_implicit_function_declaration=yes
cc_cv_CFLAGS__Werror_init_self=yes
cc_cv_CFLAGS__Werror_missing_include_dirs=yes
cc_cv_CFLAGS__Werror_missing_prototypes=yes
cc_cv_CFLAGS__Werror_pointer_arith=yes
cc_cv_CFLAGS__Wstrict_prototypes=yes
cvs_cv_func_printf_ptr=yes
db_cv_align_t='unsigned long long'
db_cv_alignp_t='unsigned long long'
db_cv_fcntl_f_setfd=yes
db_cv_path_ar=/usr/bin/ar
db_cv_path_chmod=/bin/chmod
db_cv_path_cp=/bin/cp
db_cv_path_ln=/bin/ln
db_cv_path_mkdir=/bin/mkdir
db_cv_path_ranlib=/usr/bin/ranlib
db_cv_path_rm=/bin/rm
db_cv_path_sh=/bin/sh
db_cv_path_strip=/usr/bin/strip
db_cv_sprintf_count=yes
fu_cv_sys_stat_statfs2_bsize=yes
g_cv_support_dowhile_macros=yes
gl_cv_func_btowc_eof=yes
gl_cv_func_fstatat_zero_flag=yes
gl_cv_func_getcwd_abort_bug=no
gl_cv_func_getcwd_null=yes
gl_cv_func_getcwd_path_max=yes
gl_cv_func_link_follows_symlink=no
gl_cv_func_mbrtowc_incomplete_state=yes
gl_cv_func_mbrtowc_nul_retval=yes
gl_cv_func_mbrtowc_null_arg=yes
gl_cv_func_mbrtowc_retval=yes
gl_cv_func_mbrtowc_sanitycheck=yes
gl_cv_func_nanosleep='no (mishandles large arguments)'
gl_cv_func_sleep_works=yes
gl_cv_func_unlink_busy_text=yes
gl_cv_func_wcrtomb_retval=yes
gl_cv_func_wctob_works=yes
gl_cv_func_working_mkstemp=yes
gl_cv_func_working_mktime=yes
gl_cv_func_working_utimes=yes
gl_cv_have_proc_uptime=yes
gl_cv_header_working_fcntl_h=yes
gl_cv_pipes_are_fifos='yes (1)'
glib_cv___va_copy=yes
glib_cv_compliant_posix_memalign=1
glib_cv_eventfd=yes
glib_cv_futex=yes
glib_cv_g_atomic_lock_free=yes
glib_cv_has__inline=yes
glib_cv_has__inline__=yes
glib_cv_hasinline=yes
glib_cv_have_libc_enable_secure=yes
glib_cv_have_qsort_r=yes
glib_cv_have_strlcpy=no
glib_cv_langinfo_codeset=yes
glib_cv_langinfo_outdigit=yes
glib_cv_langinfo_time=yes
glib_cv_long_long_format=ll
glib_cv_rtldglobal_broken=yes
glib_cv_sane_realloc=yes
glib_cv_sizeof_gmutex=40
glib_cv_sizeof_intmax_t=8
glib_cv_sizeof_ptrdiff_t=8
glib_cv_sizeof_size_t=8
glib_cv_sizeof_system_thread=8
glib_cv_stack_grows=no
glib_cv_strlcpy=no
glib_cv_sys_pthread_cond_timedwait_posix=yes
glib_cv_sys_pthread_getspecific_posix=yes
glib_cv_sys_pthread_mutex_trylock_posix=yes
glib_cv_uscore=no
glib_cv_va_copy=yes
glib_cv_va_val_copy=no
glib_cv_value_AF_INET6=10
glib_cv_value_AF_INET=2
glib_cv_value_AF_UNIX=1
glib_cv_value_MSG_DONTROUTE=4
glib_cv_value_MSG_OOB=1
glib_cv_value_MSG_PEEK=2
glib_cv_value_POLLERR=8
glib_cv_value_POLLHUP=16
glib_cv_value_POLLIN=1
glib_cv_value_POLLNVAL=32
glib_cv_value_POLLOUT=4
glib_cv_value_POLLPRI=2
gt_cv_c_long_double=yes
gt_cv_c_wchar_t=yes
gt_cv_c_wint_t=yes
gt_cv_locale_fr=fr_FR
hw_cv_func_snprintf_c99=yes
hw_cv_func_vsnprintf_c99=yes
jm_ac_cv_header_inttypes_h=yes
jm_ac_cv_header_stdint_h=yes
lf_cv_sane_realloc=yes
lftp_cv_va_val_copy=no
lt_cv_ar_at_file=@
lt_cv_deplibs_check_method=pass_all
lt_cv_file_magic_cmd='$MAGIC_CMD'
lt_cv_file_magic_test_file=
lt_cv_ld_reload_flag=-r
lt_cv_nm_interface='BSD nm'
lt_cv_objdir=.libs
lt_cv_path_LD='ld  -m elf_x86_64'
lt_cv_path_LDCXX='ld  -m elf_x86_64 -m elf_x86_64'
lt_cv_path_NM=nm
lt_cv_path_mainfest_tool=no
lt_cv_prog_compiler_c_o=yes
lt_cv_prog_compiler_c_o_CXX=yes
lt_cv_prog_compiler_pic='-fPIC -DPIC'
lt_cv_prog_compiler_pic_CXX='-fPIC -DPIC'
lt_cv_prog_compiler_pic_works=yes
lt_cv_prog_compiler_pic_works_CXX=yes
lt_cv_prog_compiler_rtti_exceptions=no
lt_cv_prog_compiler_static_works=yes
lt_cv_prog_compiler_static_works_CXX=yes
lt_cv_prog_gnu_ld=yes
lt_cv_prog_gnu_ldcxx=yes
lt_cv_sharedlib_from_linklib_cmd='printf %s\n'
lt_cv_shlibpath_overrides_runpath=yes
lt_cv_sys_global_symbol_pipe='sed -n -e '\''s/^.*[	 ]\([ABCDGIRSTW][ABCDGIRSTW]*\)[	 ][	 ]*\([_A-Za-z][_A-Za-z0-9]*\)$/\1 \2 \2/p'\'' | sed '\''/ __gnu_lto/d'\'''
lt_cv_sys_global_symbol_to_c_name_address='sed -n -e '\''s/^: \(.*\) .*$/  {"\1", (void *) 0},/p'\'' -e '\''s/^[ABCDGIRSTW][ABCDGIRSTW]* .* \(.*\)$/  {"\1", (void *) \&\1},/p'\'''
lt_cv_sys_global_symbol_to_c_name_address_lib_prefix='sed -n -e '\''s/^: \(.*\) .*$/  {"\1", (void *) 0},/p'\'' -e '\''s/^[ABCDGIRSTW][ABCDGIRSTW]* .* \(lib.*\)$/  {"\1", (void *) \&\1},/p'\'' -e '\''s/^[ABCDGIRSTW][ABCDGIRSTW]* .* \(.*\)$/  {"lib\1", (void *) \&\1},/p'\'''
lt_cv_sys_global_symbol_to_cdecl='sed -n -e '\''s/^T .* \(.*\)$/extern int \1();/p'\'' -e '\''s/^[ABCDGIRSTW][ABCDGIRSTW]* .* \(.*\)$/extern char \1;/p'\'''
lt_cv_sys_global_symbol_to_import=
lt_cv_sys_lib_dlsearch_path_spec='/home/ubuntu/yocto/rpi-build/tmp/work/x86_64-linux/pkgconfig-native/0.29.2+gitAUTOINC+d97db4fae4-r0/recipe-sysroot-native/usr/lib /home/ubuntu/yocto/rpi-build/tmp/work/x86_64-linux/pkgconfig-native/0.29.2+gitAUTOINC+d97db4fae4-r0/recipe-sysroot-native/usr/lib /lib /lib64 /usr/lib /usr/lib64'
lt_cv_sys_max_cmd_len=1572864
lt_cv_to_host_file_cmd=func_convert_file_noop
lt_cv_to_tool_file_cmd=func_convert_file_noop
lt_cv_truncate_bin='/home/ubuntu/yocto/rpi-build/tmp/hosttools/dd bs=4096 count=1'
mr_cv_target_elf=yes
nano_cv_func_regexec_segv_emptystr=no
nfsd_cv_broken_setfsuid=0
nfsd_cv_bsd_signals=yes
nfsd_cv_func_statfs=statfs2_bsize
rsync_cv_HAVE_C99_VSNPRINTF=yes
samba_cv_HAVE_IFACE_AIX=no
samba_cv_HAVE_IFACE_IFCONF=yes
samba_cv_HAVE_IFACE_IFREQ=yes
samba_cv_HAVE_IRIX_SPECIFIC_CAPABILITIES=no
samba_cv_HAVE_VA_COPY=yes
screen_cv_sys_bcopy_overlap=no
screen_cv_sys_fifo_broken_impl=yes
screen_cv_sys_fifo_usable=yes
screen_cv_sys_memcpy_overlap=no
screen_cv_sys_memmove_overlap=no
screen_cv_sys_select_broken_retval=no
screen_cv_sys_sockets_nofs=no
screen_cv_sys_sockets_usable=yes
screen_cv_sys_terminfo_used=yes
shadow_cv_logdir=/home/ubuntu/yocto/rpi-build/tmp/work/x86_64-linux/pkgconfig-native/0.29.2+gitAUTOINC+d97db4fae4-r0/recipe-sysroot-native/var/log
shadow_cv_maildir=/home/ubuntu/yocto/rpi-build/tmp/work/x86_64-linux/pkgconfig-native/0.29.2+gitAUTOINC+d97db4fae4-r0/recipe-sysroot-native/var/spool/mail
shadow_cv_mailfile=Mailbox
shadow_cv_passwd_dir=/home/ubuntu/yocto/rpi-build/tmp/work/x86_64-linux/pkgconfig-native/0.29.2+gitAUTOINC+d97db4fae4-r0/recipe-sysroot-native/usr/bin
shadow_cv_utmpdir=/home/ubuntu/yocto/rpi-build/tmp/work/x86_64-linux/pkgconfig-native/0.29.2+gitAUTOINC+d97db4fae4-r0/recipe-sysroot-native/var/run
slrn_cv_va_val_copy=no
sudo_cv_func_unsetenv_void=no
tcl_cv_api_serial=termios
utils_cv_sys_open_max=1015
xorg_cv_malloc0_returns_null=yes

## ----------------- ##
## Output variables. ##
## ----------------- ##

ABS_GLIB_RUNTIME_LIBDIR='/home/ubuntu/yocto/rpi-build/tmp/work/x86_64-linux/pkgconfig-native/0.29.2+gitAUTOINC+d97db4fae4-r0/recipe-sysroot-native/usr/lib'
ACLOCAL='${SHELL} '\''/home/ubuntu/yocto/rpi-build/tmp/work/x86_64-linux/pkgconfig-native/0.29.2+gitAUTOINC+d97db4fae4-r0/git/glib/missing'\'' aclocal-1.16'
ALLOCA=''
AMDEPBACKSLASH=''
AMDEP_FALSE=''
AMDEP_TRUE='#'
AMTAR='$${TAR-tar}'
AM_BACKSLASH='\'
AM_DEFAULT_V='$(AM_DEFAULT_VERBOSITY)'
AM_DEFAULT_VERBOSITY='1'
AM_V='$(V)'
AR='ar'
AS='as '
AUTOCONF='${SHELL} '\''/home/ubuntu/yocto/rpi-build/tmp/work/x86_64-linux/pkgconfig-native/0.29.2+gitAUTOINC+d97db4fae4-r0/git/glib/missing'\'' autoconf'
AUTOHEADER='${SHELL} '\''/home/ubuntu/yocto/rpi-build/tmp/work/x86_64-linux/pkgconfig-native/0.29.2+gitAUTOINC+d97db4fae4-r0/git/glib/missing'\'' autoheader'
AUTOMAKE='${SHELL} '\''/home/ubuntu/yocto/rpi-build/tmp/work/x86_64-linux/pkgconfig-native/0.29.2+gitAUTOINC+d97db4fae4-r0/git/glib/missing'\'' automake-1.16'
AWK='gawk'
CC='gcc '
CCDEPMODE='depmode=none'
CFLAGS='-isystem/home/ubuntu/yocto/rpi-build/tmp/work/x86_64-linux/pkgconfig-native/0.29.2+gitAUTOINC+d97db4fae4-r0/recipe-sysroot-native/usr/include -O2 -pipe'
CPP='gcc  -E'
CPPFLAGS='-isystem/home/ubuntu/yocto/rpi-build/tmp/work/x86_64-linux/pkgconfig-native/0.29.2+gitAUTOINC+d97db4fae4-r0/recipe-sysroot-native/usr/include -pthread'
CSCOPE='cscope'
CTAGS='ctags'
CXX='g++ '
CXXCPP='g++  -E'
CXXDEPMODE='depmode=none'
CXXFLAGS='-isystem/home/ubuntu/yocto/rpi-build/tmp/work/x86_64-linux/pkgconfig-native/0.29.2+gitAUTOINC+d97db4fae4-r0/recipe-sysroot-native/usr/include -O2 -pipe'
CYGPATH_W='echo'
DEFS='-DHAVE_CONFIG_H'
DEPDIR='.deps'
DLLTOOL='false'
DSYMUTIL=''
DUMPBIN=''
ECHO_C=''
ECHO_N='-n'
ECHO_T=''
EGREP='/home/ubuntu/yocto/rpi-build/tmp/hosttools/grep -E'
ENABLE_ALWAYS_BUILD_TESTS_FALSE=''
ENABLE_ALWAYS_BUILD_TESTS_TRUE='#'
ENABLE_INSTALLED_TESTS_FALSE=''
ENABLE_INSTALLED_TESTS_TRUE='#'
ENABLE_TIMELOOP_FALSE='#'
ENABLE_TIMELOOP_TRUE=''
ETAGS='etags'
EXEEXT=''
FGREP='/home/ubuntu/yocto/rpi-build/tmp/hosttools/grep -F'
FILECMD='file'
GETTEXT_PACKAGE='glib20'
GIO='giounix.lo'
GIO_MODULE_DIR='${libdir}/gio/modules'
GLIBC21='yes'
GLIB_BINARY_AGE='3802'
GLIB_DEBUG_FLAGS='-DG_DISABLE_CAST_CHECKS'
GLIB_EXTRA_CFLAGS=''
GLIB_HIDDEN_VISIBILITY_CFLAGS='-fvisibility=hidden'
GLIB_INTERFACE_AGE='2'
GLIB_LINK_FLAGS='-Wl,-Bsymbolic-functions'
GLIB_MAJOR_VERSION='2'
GLIB_MICRO_VERSION='2'
GLIB_MINOR_VERSION='38'
GLIB_RUNTIME_LIBDIR=''
GLIB_VERSION='2.38.2'
GLIB_WARN_CFLAGS=' -Wall -Wstrict-prototypes -Werror=declaration-after-statement -Werror=missing-prototypes -Werror=implicit-function-declaration -Werror=pointer-arith -Werror=init-self -Werror=format-security -Werror=format=2 -Werror=missing-include-dirs'
GLIB_WIN32_STATIC_COMPILATION_DEFINE=''
GREP='/home/ubuntu/yocto/rpi-build/tmp/hosttools/grep'
GSPAWN='gspawn.lo'
GTHREAD_COMPILE_IMPL_DEFINES='-D_POSIX4_DRAFT_SOURCE -D_POSIX4A_DRAFT10_SOURCE -U_OSF_SOURCE'
G_LIBS_EXTRA=''
G_MODULE_BROKEN_RTLD_GLOBAL='1'
G_MODULE_HAVE_DLERROR='1'
G_MODULE_IMPL='G_MODULE_IMPL_DL'
G_MODULE_LDFLAGS='-Wl,--export-dynamic'
G_MODULE_LIBS=''
G_MODULE_LIBS_EXTRA=''
G_MODULE_NEED_USCORE='0'
G_MODULE_PLUGIN_LIBS=''
G_MODULE_SUPPORTED='true'
G_THREAD_CFLAGS='-pthread'
G_THREAD_LIBS='-pthread'
G_THREAD_LIBS_EXTRA=''
G_THREAD_LIBS_FOR_GTHREAD='-lpthread'
HAVE_CXX_FALSE='#'
HAVE_CXX_TRUE=''
HAVE_EVENTFD_FALSE='#'
HAVE_EVENTFD_TRUE=''
HAVE_FEN_FALSE=''
HAVE_FEN_TRUE='#'
HAVE_GCC_FALSE='#'
HAVE_GCC_TRUE=''
HAVE_GLIB_RUNTIME_LIBDIR_FALSE=''
HAVE_GLIB_RUNTIME_LIBDIR_TRUE='#'
HAVE_GNUC_VISIBILITY_FALSE='#'
HAVE_GNUC_VISIBILITY_TRUE=''
HAVE_GOOD_PRINTF_FALSE='#'
HAVE_GOOD_PRINTF_TRUE=''
HAVE_INOTIFY_FALSE='#'
HAVE_INOTIFY_TRUE=''
HAVE_KQUEUE_FALSE=''
HAVE_KQUEUE_TRUE='#'
HAVE_NETLINK_FALSE='#'
HAVE_NETLINK_TRUE=''
HAVE_SUNSTUDIO_VISIBILITY_FALSE=''
HAVE_SUNSTUDIO_VISIBILITY_TRUE='#'
ICONV_LIBS=''
INDENT=''
INSTALL_DATA='${INSTALL} -m 644'
INSTALL_PROGRAM='${INSTALL}'
INSTALL_SCRIPT='${INSTALL}'
INSTALL_STRIP_PROGRAM='$(install_sh) -c -s'
LD='ld  -m elf_x86_64 -m elf_x86_64'
LDFLAGS='-L/home/ubuntu/yocto/rpi-build/tmp/work/x86_64-linux/pkgconfig-native/0.29.2+gitAUTOINC+d97db4fae4-r0/recipe-sysroot-native/usr/lib                         -L/home/ubuntu/yocto/rpi-build/tmp/work/x86_64-linux/pkgconfig-native/0.29.2+gitAUTOINC+d97db4fae4-r0/recipe-sysroot-native/lib                         -Wl,--enable-new-dtags                         -Wl,-rpath-link,/home/ubuntu/yocto/rpi-build/tmp/work/x86_64-linux/pkgconfig-native/0.29.2+gitAUTOINC+d97db4fae4-r0/recipe-sysroot-native/usr/lib                         -Wl,-rpath-link,/home/ubuntu/yocto/rpi-build/tmp/work/x86_64-linux/pkgconfig-native/0.29.2+gitAUTOINC+d97db4fae4-r0/recipe-sysroot-native/lib                         -Wl,-rpath,/home/ubuntu/yocto/rpi-build/tmp/work/x86_64-linux/pkgconfig-native/0.29.2+gitAUTOINC+d97db4fae4-r0/recipe-sysroot-native/usr/lib                         -Wl,-rpath,/home/ubuntu/yocto/rpi-build/tmp/work/x86_64-linux/pkgconfig-native/0.29.2+gitAUTOINC+d97db4fae4-r0/recipe-sysroot-native/lib                         -Wl,-O1 -Wl,--allow-shlib-undefined -Wl,--dynamic-linker=/home/ubuntu/yocto/rpi-build/tmp/sysroots-uninative/x86_64-linux/lib/ld-linux-x86-64.so.2'
LIBOBJS=''
LIBS=''
LIBTOOL='$(SHELL) $(top_builddir)/libtool'
LIB_EXE_MACHINE_FLAG='X86'
LIPO=''
LN_S='ln -s'
LTLIBOBJS=''
LTP=''
LTP_GENHTML=''
LT_AGE='3800'
LT_CURRENT='3800'
LT_CURRENT_MINUS_AGE='0'
LT_RELEASE='2.38'
LT_REVISION='2'
LT_SYS_LIBRARY_PATH=''
MAINT=''
MAINTAINER_MODE_FALSE='#'
MAINTAINER_MODE_TRUE=''
MAKEINFO='${SHELL} '\''/home/ubuntu/yocto/rpi-build/tmp/work/x86_64-linux/pkgconfig-native/0.29.2+gitAUTOINC+d97db4fae4-r0/git/glib/missing'\'' makeinfo'
MANIFEST_TOOL=':'
MKDIR_P='/home/ubuntu/yocto/rpi-build/tmp/hosttools/mkdir -p'
MS_LIB_AVAILABLE_FALSE=''
MS_LIB_AVAILABLE_TRUE='#'
NAMESER_COMPAT_INCLUDE=''
NETWORK_LIBS=''
NM='nm'
NMEDIT=''
OBJDUMP='objdump'
OBJEXT='o'
OS_CARBON_FALSE=''
OS_CARBON_TRUE='#'
OS_COCOA_FALSE=''
OS_COCOA_TRUE='#'
OS_LINUX_FALSE='#'
OS_LINUX_TRUE=''
OS_UNIX_FALSE='#'
OS_UNIX_TRUE=''
OS_WIN32_AND_DLL_COMPILATION_FALSE=''
OS_WIN32_AND_DLL_COMPILATION_TRUE='#'
OS_WIN32_FALSE=''
OS_WIN32_TRUE='#'
OS_WIN32_X64_FALSE=''
OS_WIN32_X64_TRUE='#'
OTOOL64=''
OTOOL=''
PACKAGE='glib'
PACKAGE_BUGREPORT='http://bugzilla.gnome.org/enter_bug.cgi?product=glib'
PACKAGE_NAME='glib'
PACKAGE_STRING='glib 2.38.2'
PACKAGE_TARNAME='glib'
PACKAGE_URL=''
PACKAGE_VERSION='2.38.2'
PATH_SEPARATOR=':'
PERL='perl'
PERL_PATH='/home/ubuntu/yocto/rpi-build/tmp/hosttools/perl'
PLATFORMDEP=''
PLATFORM_WIN32_FALSE=''
PLATFORM_WIN32_TRUE='#'
PYTHON='/home/ubuntu/yocto/rpi-build/tmp/hosttools/python3'
PYTHON_EXEC_PREFIX='${exec_prefix}'
PYTHON_LIB_PREFIX='${libdir}'
PYTHON_PLATFORM='linux'
PYTHON_PREFIX='${prefix}'
PYTHON_VERSION='3.10'
RANLIB='ranlib -D'
REBUILD=''
SED='sed'
SET_MAKE=''
SHELL='/bin/bash'
SHTOOL=''
STRIP='strip'
THREADS_NONE_FALSE=''
THREADS_NONE_TRUE='#'
THREADS_POSIX_FALSE='#'
THREADS_POSIX_TRUE=''
THREADS_WIN32_FALSE=''
THREADS_WIN32_TRUE='#'
VERSION='2.38.2'
WINDRES=''
WSPIAPI_INCLUDE=''
ac_ct_AR=''
ac_ct_CC=''
ac_ct_CXX=''
ac_ct_DUMPBIN=''
am__EXEEXT_FALSE=''
am__EXEEXT_TRUE='#'
am__fastdepCC_FALSE=''
am__fastdepCC_TRUE='#'
am__fastdepCXX_FALSE=''
am__fastdepCXX_TRUE='#'
am__include='include'
am__isrc=' -I$(srcdir)'
am__leading_dot='.'
am__nodep=''
am__quote=''
am__tar='tar --format=ustar -chf - "$$tardir"'
am__untar='tar -xf -'
bindir='/home/ubuntu/yocto/rpi-build/tmp/work/x86_64-linux/pkgconfig-native/0.29.2+gitAUTOINC+d97db4fae4-r0/recipe-sysroot-native/usr/bin'
build='x86_64-pc-linux-gnu'
build_alias='x86_64-linux'
build_cpu='x86_64'
build_os='linux-gnu'
build_vendor='pc'
config_h_INCLUDES='-I$(top_builddir)'
datadir='/home/ubuntu/yocto/rpi-build/tmp/work/x86_64-linux/pkgconfig-native/0.29.2+gitAUTOINC+d97db4fae4-r0/recipe-sysroot-native/usr/share'
datarootdir='${prefix}/share'
docdir='${datarootdir}/doc/${PACKAGE_TARNAME}'
dvidir='${docdir}'
exec_prefix='/home/ubuntu/yocto/rpi-build/tmp/work/x86_64-linux/pkgconfig-native/0.29.2+gitAUTOINC+d97db4fae4-r0/recipe-sysroot-native/usr'
gio_INCLUDES='$(gmodule_INCLUDES)'
glib_INCLUDES='$(config_h_INCLUDES) -I$(top_builddir)/glib -I$(top_srcdir)/glib -I$(top_srcdir)'
gmodule_INCLUDES='$(glib_INCLUDES) -I$(top_srcdir)/gmodule'
gobject_INCLUDES='$(glib_INCLUDES)'
host='x86_64-pc-linux-gnu'
host_alias='x86_64-linux'
host_cpu='x86_64'
host_os='linux-gnu'
host_vendor='pc'
htmldir='${docdir}'
includedir='/home/ubuntu/yocto/rpi-build/tmp/work/x86_64-linux/pkgconfig-native/0.29.2+gitAUTOINC+d97db4fae4-r0/recipe-sysroot-native/usr/include'
infodir='/home/ubuntu/yocto/rpi-build/tmp/work/x86_64-linux/pkgconfig-native/0.29.2+gitAUTOINC+d97db4fae4-r0/recipe-sysroot-native/usr/share/info'
install_sh='${SHELL} /home/ubuntu/yocto/rpi-build/tmp/work/x86_64-linux/pkgconfig-native/0.29.2+gitAUTOINC+d97db4fae4-r0/git/glib/install-sh'
installed_test_metadir=''
installed_testdir=''
libdir='/home/ubuntu/yocto/rpi-build/tmp/work/x86_64-linux/pkgconfig-native/0.29.2+gitAUTOINC+d97db4fae4-r0/recipe-sysroot-native/usr/lib'
libexecdir='/home/ubuntu/yocto/rpi-build/tmp/work/x86_64-linux/pkgconfig-native/0.29.2+gitAUTOINC+d97db4fae4-r0/recipe-sysroot-native/usr/libexec'
localedir='${datarootdir}/locale'
localstatedir='/home/ubuntu/yocto/rpi-build/tmp/work/x86_64-linux/pkgconfig-native/0.29.2+gitAUTOINC+d97db4fae4-r0/recipe-sysroot-native/var'
mandir='/home/ubuntu/yocto/rpi-build/tmp/work/x86_64-linux/pkgconfig-native/0.29.2+gitAUTOINC+d97db4fae4-r0/recipe-sysroot-native/usr/share/man'
mkdir_p='$(MKDIR_P)'
ms_librarian=''
oldincludedir='/home/ubuntu/yocto/rpi-build/tmp/work/x86_64-linux/pkgconfig-native/0.29.2+gitAUTOINC+d97db4fae4-r0/recipe-sysroot-native/usr/include'
pdfdir='${docdir}'
pkgpyexecdir='${pyexecdir}/glib'
pkgpythondir='${pythondir}/glib'
prefix='/home/ubuntu/yocto/rpi-build/tmp/work/x86_64-linux/pkgconfig-native/0.29.2+gitAUTOINC+d97db4fae4-r0/recipe-sysroot-native/usr'
program_transform_name='s,x,x,'
psdir='${docdir}'
pyexecdir='${libdir}/python3.10/site-packages'
pythondir='${libdir}/python3.10/site-packages'
runstatedir='${localstatedir}/run'
sbindir='/home/ubuntu/yocto/rpi-build/tmp/work/x86_64-linux/pkgconfig-native/0.29.2+gitAUTOINC+d97db4fae4-r0/recipe-sysroot-native/usr/sbin'
sharedstatedir='/home/ubuntu/yocto/rpi-build/tmp/work/x86_64-linux/pkgconfig-native/0.29.2+gitAUTOINC+d97db4fae4-r0/recipe-sysroot-native/com'
sysconfdir='/home/ubuntu/yocto/rpi-build/tmp/work/x86_64-linux/pkgconfig-native/0.29.2+gitAUTOINC+d97db4fae4-r0/recipe-sysroot-native/etc'
target_alias='x86_64-linux'

## ----------- ##
## confdefs.h. ##
## ----------- ##

/* confdefs.h */
#define PACKAGE_NAME "glib"
#define PACKAGE_TARNAME "glib"
#define PACKAGE_VERSION "2.38.2"
#define PACKAGE_STRING "glib 2.38.2"
#define PACKAGE_BUGREPORT "http://bugzilla.gnome.org/enter_bug.cgi?product=glib"
#define PACKAGE_URL ""
#define GLIB_MAJOR_VERSION 2
#define GLIB_MINOR_VERSION 38
#define GLIB_MICRO_VERSION 2
#define GLIB_INTERFACE_AGE 2
#define GLIB_BINARY_AGE 3802
#define HAVE_STDIO_H 1
#define HAVE_STDLIB_H 1
#define HAVE_STRING_H 1
#define HAVE_INTTYPES_H 1
#define HAVE_STDINT_H 1
#define HAVE_STRINGS_H 1
#define HAVE_SYS_STAT_H 1
#define HAVE_SYS_TYPES_H 1
#define HAVE_UNISTD_H 1
#define HAVE_WCHAR_H 1
#define STDC_HEADERS 1
#define _ALL_SOURCE 1
#define _DARWIN_C_SOURCE 1
#define _GNU_SOURCE 1
#define _HPUX_ALT_XOPEN_SOCKET_API 1
#define _NETBSD_SOURCE 1
#define _OPENBSD_SOURCE 1
#define _POSIX_PTHREAD_SEMANTICS 1
#define __STDC_WANT_IEC_60559_ATTRIBS_EXT__ 1
#define __STDC_WANT_IEC_60559_BFP_EXT__ 1
#define __STDC_WANT_IEC_60559_DFP_EXT__ 1
#define __STDC_WANT_IEC_60559_FUNCS_EXT__ 1
#define __STDC_WANT_IEC_60559_TYPES_EXT__ 1
#define __STDC_WANT_LIB_EXT2__ 1
#define __STDC_WANT_MATH_SPEC_FUNCS__ 1
#define _TANDEM_SOURCE 1
#define __EXTENSIONS__ 1
#define GETTEXT_PACKAGE "glib20"
#define GLIB_LOCALE_DIR ""
#define HAVE_DLFCN_H 1
#define LT_OBJDIR ".libs/"
#define HAVE_VPRINTF 1
#define HAVE_ALLOCA_H 1
#define HAVE_ALLOCA 1
#define HAVE_MMAP 1
#define HAVE_POSIX_MEMALIGN 1
#define HAVE_MEMALIGN 1
#define HAVE_VALLOC 1
#define HAVE_FSYNC 1
#define HAVE_PIPE2 1
#define HAVE_ATEXIT 1
#define HAVE_ON_EXIT 1
#define HAVE_TIMEGM 1
#define HAVE_GMTIME_R 1
#define HAVE_LIBC_ENABLE_SECURE 1
#define SIZEOF_CHAR 1
#define SIZEOF_SHORT 2
#define SIZEOF_LONG 8
#define SIZEOF_INT 4
#define SIZEOF_VOID_P 8
#define SIZEOF_LONG_LONG 8
#define HAVE_SIG_ATOMIC_T 1
#define HAVE_LONG_LONG_FORMAT 1
#define G_HAVE___INLINE 1
#define G_HAVE___INLINE__ 1
#define G_HAVE_INLINE 1
#define HAVE_DOWHILE_MACROS 1
#define HAVE_DIRENT_H 1
#define HAVE_FLOAT_H 1
#define HAVE_LIMITS_H 1
#define HAVE_PWD_H 1
#define HAVE_GRP_H 1
#define HAVE_SYS_PARAM_H 1
#define HAVE_SYS_POLL_H 1
#define HAVE_SYS_RESOURCE_H 1
#define HAVE_SYS_TIME_H 1
#define HAVE_SYS_TIMES_H 1
#define HAVE_SYS_WAIT_H 1
#define HAVE_UNISTD_H 1
#define HAVE_VALUES_H 1
#define HAVE_SYS_SELECT_H 1
#define HAVE_SYS_TYPES_H 1
#define HAVE_STDINT_H 1
#define HAVE_INTTYPES_H 1
#define HAVE_SCHED_H 1
#define HAVE_MALLOC_H 1
#define HAVE_SYS_VFS_H 1
#define HAVE_SYS_STATFS_H 1
#define HAVE_SYS_STATVFS_H 1
#define HAVE_MNTENT_H 1
#define HAVE_FSTAB_H 1
#define HAVE_SYS_UIO_H 1
#define HAVE_LINUX_MAGIC_H 1
#define HAVE_SYS_PRCTL_H 1
#define HAVE_SYS_MOUNT_H 1
#define HAVE_STRUCT_STAT_ST_MTIM_TV_NSEC 1
#define HAVE_STRUCT_STAT_ST_ATIM_TV_NSEC 1
#define HAVE_STRUCT_STAT_ST_CTIM_TV_NSEC 1
#define HAVE_STRUCT_STAT_ST_BLKSIZE 1
#define HAVE_STRUCT_STAT_ST_BLOCKS 1
#define HAVE_STRUCT_STATFS_F_BAVAIL 1
#define HAVE_STRUCT_TM_TM_GMTOFF 1
#define HAVE_DIRENT_H 1
#define HAVE_STRUCT_DIRENT_D_TYPE 1
#define HAVE_LANGINFO_CODESET 1
#define HAVE_STDDEF_H 1
#define HAVE_STDLIB_H 1
#define HAVE_STRING_H 1
#define HAVE_SETLOCALE 1
#define SIZEOF_SIZE_T 8
#define SIZEOF_SSIZE_T 8
#define HAVE_LSTAT 1
#define HAVE_STRERROR 1
#define HAVE_STRSIGNAL 1
#define HAVE_MEMMOVE 1
#define HAVE_VSNPRINTF 1
#define HAVE_STPCPY 1
#define HAVE_STRCASECMP 1
#define HAVE_STRNCASECMP 1
#define HAVE_POLL 1
#define HAVE_GETCWD 1
#define HAVE_VASPRINTF 1
#define HAVE_SETENV 1
#define HAVE_UNSETENV 1
#define HAVE_GETC_UNLOCKED 1
#define HAVE_READLINK 1
#define HAVE_SYMLINK 1
#define HAVE_MEMMEM 1
#define HAVE_CHOWN 1
#define HAVE_LCHMOD 1
#define HAVE_LCHOWN 1
#define HAVE_FCHMOD 1
#define HAVE_FCHOWN 1
#define HAVE_LINK 1
#define HAVE_UTIMES 1
#define HAVE_GETGRGID 1
#define HAVE_GETPWUID 1
#define HAVE_GETRESUID 1
#define HAVE_GETMNTENT_R 1
#define HAVE_SETMNTENT 1
#define HAVE_ENDMNTENT 1
#define HAVE_HASMNTOPT 1
#define HAVE_FALLOCATE 1
#define HAVE_SPLICE 1
#define HAVE_PRLIMIT 1
#define HAVE_STATVFS 1
#define HAVE_STATFS 1
#define USE_STATFS 1
#define HAVE_NEWLOCALE 1
#define HAVE_USELOCALE 1
#define HAVE_STRTOD_L 1
#define HAVE_STRTOLL_L 1
#define HAVE_STRTOULL_L 1
#define HAVE_C99_VSNPRINTF 1
#define HAVE_UNIX98_PRINTF 1
#define HAVE_GETPROTOBYNAME_R 1
#define HAVE_ENDSERVENT 1
#define HAVE_IF_NAMETOINDEX 1
#define HAVE_IF_INDEXTONAME 1
#define HAVE_RES_INIT 1
#define HAVE_NETLINK 1
#define HAVE_IP_MREQN /**/
#define STATFS_ARGS 2
#define HAVE_GOOD_PRINTF 1
#define HAVE_LONG_LONG 1
#define HAVE_LONG_DOUBLE 1
#define HAVE_WCHAR_T 1
#define HAVE_WINT_T 1
#define HAVE_PTRDIFF_T 1
#define HAVE_INTTYPES_H_WITH_UINTMAX 1
#define HAVE_STDINT_H_WITH_UINTMAX 1
#define HAVE_INTMAX_T 1
#define HAVE_SNPRINTF 1
#define HAVE_WCSLEN 1
#define HAVE_C99_SNPRINTF 1
#define HAVE_CODESET 1
#define HAVE_LANGINFO_TIME 1
#define HAVE_LANGINFO_OUTDIGIT 1
#define POSIX_MEMALIGN_WITH_COMPLIANT_ALLOCS 1
#define G_VA_COPY va_copy
#define G_VA_COPY_AS_ARRAY 1
#define HAVE_SYS_INOTIFY_H 1
#define HAVE_INOTIFY_INIT1 1
#define THREADS_POSIX 1
#define HAVE_LOCALTIME_R 1
#define HAVE_GMTIME_R 1
#define HAVE_POSIX_GETPWUID_R 1
#define HAVE_POSIX_GETGRGID_R 1
#define HAVE_PTHREAD_ATTR_SETSTACKSIZE 1
#define HAVE_PTHREAD_CONDATTR_SETCLOCK 1
#define HAVE_CLOCK_GETTIME 1
#define HAVE_FUTEX 1
#define HAVE_EVENTFD 1
#define ALIGNOF_GUINT32 4
#define ALIGNOF_GUINT64 8
#define ALIGNOF_UNSIGNED_LONG 8
#define _GLIB_EXTERN __attribute__((visibility("default"))) extern

configure: exit 0

## ---------------------- ##
## Running config.status. ##
## ---------------------- ##

This file was extended by glib config.status 2.38.2, which was
generated by GNU Autoconf 2.71.  Invocation command line was

  CONFIG_FILES    = 
  CONFIG_HEADERS  = 
  CONFIG_LINKS    = 
  CONFIG_COMMANDS = 
  $ ./config.status glib/glibconfig.h

on DESKTOP-CSPIOE3

config.status:2030: executing glib/glibconfig.h commands
config.status:3180: glib/glibconfig.h is unchanged
