This file contains any messages produced by compilers while
running configure, to aid debugging if configure makes a mistake.

It was created by gdbm configure 1.23, which was
generated by GNU Autoconf 2.71.  Invocation command line was

  $ ../gdbm-1.23/configure --build=x86_64-linux --host=x86_64-linux --target=x86_64-linux --prefix=/home/ubuntu/yocto/rpi-build/tmp/work/x86_64-linux/gdbm-native/1.23-r0/recipe-sysroot-native/usr --exec_prefix=/home/ubuntu/yocto/rpi-build/tmp/work/x86_64-linux/gdbm-native/1.23-r0/recipe-sysroot-native/usr --bindir=/home/ubuntu/yocto/rpi-build/tmp/work/x86_64-linux/gdbm-native/1.23-r0/recipe-sysroot-native/usr/bin --sbindir=/home/ubuntu/yocto/rpi-build/tmp/work/x86_64-linux/gdbm-native/1.23-r0/recipe-sysroot-native/usr/sbin --libexecdir=/home/ubuntu/yocto/rpi-build/tmp/work/x86_64-linux/gdbm-native/1.23-r0/recipe-sysroot-native/usr/libexec --datadir=/home/ubuntu/yocto/rpi-build/tmp/work/x86_64-linux/gdbm-native/1.23-r0/recipe-sysroot-native/usr/share --sysconfdir=/home/ubuntu/yocto/rpi-build/tmp/work/x86_64-linux/gdbm-native/1.23-r0/recipe-sysroot-native/etc --sharedstatedir=/home/ubuntu/yocto/rpi-build/tmp/work/x86_64-linux/gdbm-native/1.23-r0/recipe-sysroot-native/com --localstatedir=/home/ubuntu/yocto/rpi-build/tmp/work/x86_64-linux/gdbm-native/1.23-r0/recipe-sysroot-native/var --libdir=/home/ubuntu/yocto/rpi-build/tmp/work/x86_64-linux/gdbm-native/1.23-r0/recipe-sysroot-native/usr/lib --includedir=/home/ubuntu/yocto/rpi-build/tmp/work/x86_64-linux/gdbm-native/1.23-r0/recipe-sysroot-native/usr/include --oldincludedir=/home/ubuntu/yocto/rpi-build/tmp/work/x86_64-linux/gdbm-native/1.23-r0/recipe-sysroot-native/usr/include --infodir=/home/ubuntu/yocto/rpi-build/tmp/work/x86_64-linux/gdbm-native/1.23-r0/recipe-sysroot-native/usr/share/info --mandir=/home/ubuntu/yocto/rpi-build/tmp/work/x86_64-linux/gdbm-native/1.23-r0/recipe-sysroot-native/usr/share/man --disable-silent-rules --disable-dependency-tracking --enable-libgdbm-compat --without-readline --disable-static --disable-nls

## --------- ##
## Platform. ##
## --------- ##

hostname = DESKTOP-CSPIOE3
uname -m = x86_64
uname -r = 6.6.87.2-microsoft-standard-WSL2
uname -s = Linux
uname -v = #1 SMP PREEMPT_DYNAMIC Thu Jun  5 18:30:46 UTC 2025

/usr/bin/uname -p = x86_64
/bin/uname -X     = unknown

/bin/arch              = x86_64
/usr/bin/arch -k       = unknown
/usr/convex/getsysinfo = unknown
/usr/bin/hostinfo      = unknown
/bin/machine           = unknown
/usr/bin/oslevel       = unknown
/bin/universe          = unknown

PATH: /home/ubuntu/yocto/poky/scripts/native-intercept/
PATH: /home/ubuntu/yocto/rpi-build/tmp/sysroots-uninative/x86_64-linux/usr/bin/
PATH: /home/ubuntu/yocto/poky/scripts/
PATH: /home/ubuntu/yocto/rpi-build/tmp/work/x86_64-linux/gdbm-native/1.23-r0/recipe-sysroot-native/usr/bin/x86_64-linux/
PATH: /home/ubuntu/yocto/rpi-build/tmp/work/x86_64-linux/gdbm-native/1.23-r0/recipe-sysroot-native/usr/bin/
PATH: /home/ubuntu/yocto/rpi-build/tmp/work/x86_64-linux/gdbm-native/1.23-r0/recipe-sysroot-native/usr/sbin/
PATH: /home/ubuntu/yocto/rpi-build/tmp/work/x86_64-linux/gdbm-native/1.23-r0/recipe-sysroot-native/usr/bin/
PATH: /home/ubuntu/yocto/rpi-build/tmp/work/x86_64-linux/gdbm-native/1.23-r0/recipe-sysroot-native/sbin/
PATH: /home/ubuntu/yocto/rpi-build/tmp/work/x86_64-linux/gdbm-native/1.23-r0/recipe-sysroot-native/bin/
PATH: /home/ubuntu/yocto/poky/bitbake/bin/
PATH: /home/ubuntu/yocto/rpi-build/tmp/hosttools/


## ----------- ##
## Core tests. ##
## ----------- ##

configure:2465: loading site script /home/ubuntu/yocto/poky/meta/site/endian-little
| ac_cv_c_littleendian=${ac_cv_c_littleendian=yes}
| ac_cv_c_bigendian=${ac_cv_c_bigendian=no}
| 
| # libnet
| ac_cv_libnet_endianess=${ac_cv_libnet_endianess=lil}
| 
| # libmemcached
| ac_cv_c_endian=little
configure:2465: loading site script /home/ubuntu/yocto/poky/meta/site/common-linux
| # gettext - these add sleep delays otherwise
| gl_cv_func_sleep_works=${gl_cv_func_sleep_works=yes}
| gl_cv_header_working_fcntl_h=${gl_cv_header_working_fcntl_h=yes}
| # the euc-jp tests in iconv.m4 break elfutils and libunistring depending on the
| # host locales installed. Avoid this by skipping the tests, we're not on HP-UX!
| am_cv_func_iconv_works=${am_cv_func_iconv_works=yes}
| 
| # apr
| ac_cv_file__dev_zero=${ac_cv_file__dev_zero=yes}
| ac_cv_sizeof_pid_t=${ac_cv_sizeof_pid_t=4}
| ac_cv_func_pthread_key_delete=${ac_cv_func_pthread_key_delete=yes}
| apr_cv_tcp_nodelay_with_cork=${apr_cv_tcp_nodelay_with_cork=yes}
| apr_cv_process_shared_works=${apr_cv_process_shared_works=no}
| 
| # samba
| samba_cv_HAVE_IFACE_AIX=${samba_cv_HAVE_IFACE_AIX=no}
| samba_cv_HAVE_IFACE_IFCONF=${samba_cv_HAVE_IFACE_IFCONF=yes}
| samba_cv_HAVE_IFACE_IFREQ=${samba_cv_HAVE_IFACE_IFREQ=yes}
| samba_cv_HAVE_IRIX_SPECIFIC_CAPABILITIES=${samba_cv_HAVE_IRIX_SPECIFIC_CAPABILITIES=no}
| 
| # db
| db_cv_path_ar=${db_cv_path_ar=/usr/bin/ar}
| db_cv_path_chmod=${db_cv_path_chmod=/bin/chmod}
| db_cv_path_cp=${db_cv_path_cp=/bin/cp}
| db_cv_path_ln=${db_cv_path_ln=/bin/ln}
| db_cv_path_mkdir=${db_cv_path_mkdir=/bin/mkdir}
| db_cv_path_ranlib=${db_cv_path_ranlib=/usr/bin/ranlib}
| db_cv_path_rm=${db_cv_path_rm=/bin/rm}
| db_cv_path_sh=${db_cv_path_sh=/bin/sh}
| db_cv_path_strip=${db_cv_path_strip=/usr/bin/strip}
| 
| # bash
| bash_cv_have_mbstate_t=${bash_cv_have_mbstate_t=yes}
| bash_cv_must_reinstall_sighandlers=${bash_cv_must_reinstall_sighandlers=no}
| bash_cv_func_strcoll_broken=${bash_cv_func_strcoll_broken=no}
| bash_cv_dup2_broken=${bash_cv_dup2_broken=no}
| bash_cv_opendir_not_robust=${bash_cv_opendir_not_robust=no}
| bash_cv_type_rlimit=${bash_cv_type_rlimit=rlim_t}
| bash_cv_getenv_redef=${bash_cv_getenv_redef=yes}
| bash_cv_ulimit_maxfds=${bash_cv_ulimit_maxfds=yes}
| bash_cv_getcwd_calls_popen=${bash_cv_getcwd_calls_popen=no}
| bash_cv_printf_a_format=${bash_cv_printf_a_format=yes}
| bash_cv_pgrp_pipe=${bash_cv_pgrp_pipe=no}
| bash_cv_job_control_missing=${bash_cv_job_control_missing=present}
| bash_cv_sys_named_pipes=${bash_cv_sys_named_pipes=present}
| bash_cv_unusable_rtsigs=${bash_cv_unusable_rtsigs=no}
| 
| # ccache
| hw_cv_func_snprintf_c99=${hw_cv_func_snprintf_c99=yes}
| hw_cv_func_vsnprintf_c99=${hw_cv_func_vsnprintf_c99=yes}
| 
| # coreutils
| ac_cv_func_chown_works=${ac_cv_func_chown_works=yes}
| ac_cv_func_utime_null=${ac_cv_func_utime_null=yes}
| gl_cv_func_fstatat_zero_flag=${gl_cv_func_fstatat_zero_flag=yes}
| gl_cv_func_link_follows_symlink=${gl_cv_func_link_follows_symlink=no}
| gl_cv_func_unlink_busy_text=${gl_cv_func_unlink_busy_text=yes}
| gl_cv_have_proc_uptime=${gl_cv_have_proc_uptime=yes}
| gl_cv_pipes_are_fifos=${gl_cv_pipes_are_fifos='yes (1)'}
| 
| # mysql
| ac_cv_sys_restartable_syscalls=${ac_cv_sys_restartable_syscalls=yes}
| ac_cv_conv_longlong_to_float=${ac_cv_conv_longlong_to_float=yes}
| 
| # TCL
| tcl_cv_api_serial=${tcl_cv_api_serial=termios}
| 
| # python
| ac_cv_have_long_long_format=yes
| 
| # apache
| ac_cv_o_nonblock_inherited=${ac_cv_o_nonblock_inherited=no}
| 
| # rsync
| rsync_cv_HAVE_C99_VSNPRINTF=${rsync_cv_HAVE_C99_VSNPRINTF=yes}
configure:2465: loading site script /home/ubuntu/yocto/poky/meta/site/common-glibc
| # general
| ac_cv_func_calloc_0_nonnull=${ac_cv_func_calloc_0_nonnull=yes}
| ac_cv_func_realloc_works=${ac_cv_func_realloc_works=yes}
| ac_cv_func_realloc_0_nonnull=${ac_cv_func_realloc_0_nonnull=yes}
| ac_cv_func_malloc_works=${ac_cv_func_malloc_works=yes}
| ac_cv_func_malloc_0_nonnull=${ac_cv_func_malloc_0_nonnull=yes}
| ac_cv_func_memcmp_working=${ac_cv_func_memcmp_working=yes}
| ac_cv_func_getpgrp_void=yes
| ac_cv_func_setpgrp_void=yes
| ac_cv_func_setgrent_void=yes
| ac_cv_func_getgrgid_r=${ac_cv_func_getgrgid_r=yes}
| ac_cv_func_getpwuid_r=${ac_cv_func_getpwuid_r=yes}
| ac_cv_func_posix_getpwuid_r=${ac_cv_func_posix_getpwuid_r=yes}
| ac_cv_func_posix_getgrgid_r=${ac_cv_func_posix_getgrgid_r=yes}
| ac_cv_type_uid_t={ac_cv_type_uid_t=yes}
| ac_cv_func_getaddrinfo=${ac_cv_func_getaddrinfo=yes}
| ac_cv_func_strtod=${ac_cv_func_strtod=yes}
| 
| # bash
| bash_cv_getcwd_malloc=${bash_cv_getcwd_malloc=yes}
| 
| # clamav
| clamav_av_func_working_snprintf_long=${clamav_av_func_working_snprintf_long=yes}
| clamav_av_have_in_port_t=${clamav_av_have_in_port_t=yes}
| clamav_av_have_in_addr_t=${clamav_av_have_in_addr_t=yes}
| ac_cv_func_mmap_fixed_mapped=${ac_cv_func_mmap_fixed_mapped=yes}
| 
| # coreutils
| fu_cv_sys_stat_statfs2_bsize=${fu_cv_sys_stat_statfs2_bsize=yes}
| gl_cv_func_getcwd_abort_bug=${gl_cv_func_getcwd_abort_bug=no}
| gl_cv_func_getcwd_null=${gl_cv_func_getcwd_null=yes}
| gl_cv_func_getcwd_path_max=${gl_cv_func_getcwd_path_max=yes}
| ac_cv_func_getgroups_works=${ac_cv_func_getgroups_works=yes}
| gl_cv_func_nanosleep=${gl_cv_func_nanosleep='no (mishandles large arguments)'}
| gl_cv_func_working_mkstemp=${gl_cv_func_working_mkstemp=yes}
| gl_cv_func_working_mktime=${gl_cv_func_working_mktime=yes}
| gl_cv_func_working_utimes=${gl_cv_func_working_utimes=yes}
| 
| # glib
| glib_cv_strlcpy=${glib_cv_strlcpy=no}
| ac_cv_func_printf_unix98=${ac_cv_func_printf_unix98=yes}
| ac_cv_func_snprintf_c99=${ac_cv_func_snprintf_c99=yes}
| ac_cv_func_vsnprintf_c99=${ac_cv_func_vsnprintf_c99=yes}
| glib_cv_compliant_posix_memalign=${glib_cv_compliant_posix_memalign=1}
| glib_cv_long_long_format=${glib_cv_long_long_format=ll}
| # glib-1.x requires this and pkgconfig-native / pkgconfig-nativesdk use
| # that to avoid a dependency loop.
| glib_cv___va_copy=${glib_cv___va_copy=yes}
| glib_cv_va_copy=${glib_cv_va_copy=yes}
| glib_cv_have_qsort_r=${glib_cv_have_qsort_r=yes}
| 
| #dbus-glib
| ac_cv_have_abstract_sockets=${ac_cv_have_abstract_sockets=yes}
| 
| # gnucash
| am_cv_scanf_lld=${am_cv_scanf_lld=yes}
| 
| # guile
| ac_cv_func_pthread_attr_getstack=${ac_cv_func_pthread_attr_getstack=yes}
| 
| #gcc-zlib
| ac_cv_func_getpagesize=${ac_cv_func_getpagesize=yes}
| ac_cv_func_memcpy=${ac_cv_func_memcpy=yes}
| ac_cv_func_strerror=${ac_cv_func_strerror=yes}
| 
| # squid
| ac_cv_af_unix_large_dgram=${ac_cv_af_unix_large_dgram=yes}
| ac_cv_func_setresuid=${ac_cv_func_setresuid=yes}
| ac_cv_func_va_copy=${ac_cv_func_va_copy=yes}
| ac_cv_func___va_copy=${ac_cv_func___va_copy=yes}
| ac_cv_epoll_works=${ac_cv_epoll_works=yes}
| 
| ac_cv_check_sjlj=ssjlj
| 
| # m4
| gt_cv_locale_fr=${gt_cv_locale_fr=fr_FR}
| gl_cv_func_btowc_eof=${gl_cv_func_btowc_eof=yes}
| gl_cv_func_wcrtomb_retval=${gl_cv_func_wcrtomb_retval=yes}
| gl_cv_func_wctob_works=${gl_cv_func_wctob_works=yes}
| gl_cv_func_mbrtowc_incomplete_state=${gl_cv_func_mbrtowc_incomplete_state=yes}
| gl_cv_func_mbrtowc_sanitycheck=${gl_cv_func_mbrtowc_sanitycheck=yes}
| gl_cv_func_mbrtowc_null_arg=${gl_cv_func_mbrtowc_null_arg=yes}
| gl_cv_func_mbrtowc_retval=${gl_cv_func_mbrtowc_retval=yes}
| gl_cv_func_mbrtowc_nul_retval=${gl_cv_func_mbrtowc_nul_retval=yes}
| 
| # va_copy and _va_copy
| ac_cv_va_copy=${ac_cv_va_copy=yes}
| ac_cv___va_copy=${ac_cv___va_copy=yes}
| ac_cv_func_va_copy=${ac_cv_func_va_copy=yes}
| ac_cv_func___va_copy=${ac_cv_func___va_copy=yes}
| 
| # Xorg
| xorg_cv_malloc0_returns_null=${xorg_cv_malloc0_returns_null=yes}
configure:2465: loading site script /home/ubuntu/yocto/poky/meta/site/x86_64-linux
| # general
| ac_cv_va_val_copy=${ac_cv_va_val_copy=no}
| ac_cv_func_lstat_dereferences_slashed_symlink=${ac_cv_func_lstat_dereferences_slashed_symlink=yes}
| ac_cv_func_lstat_empty_string_bug=${ac_cv_func_lstat_empty_string_bug=no}
| ac_cv_func_posix_getpwnam_r=${ac_cv_func_posix_getpwnam_r=yes}
| ac_cv_func_setvbuf_reversed=${ac_cv_func_setvbuf_reversed=no}
| ac_cv_func_stat_empty_string_bug=${ac_cv_func_stat_empty_string_bug=no}
| ac_cv_func_stat_ignores_trailing_slash=${ac_cv_func_stat_ignores_trailing_slash=no}
| ac_libnet_have_packet_socket=${ac_libnet_have_packet_socket=yes}
| ac_cv_linux_vers=${ac_cv_linux_vers=2}
| ac_cv_need_trio=${ac_cv_need_trio=no}
| ac_cv_sizeof_char=${ac_cv_sizeof_char=1}
| ac_cv_sizeof_int=${ac_cv_sizeof_int=4}
| ac_cv_sizeof_unsigned_int=${ac_cv_sizeof_unsigned_int=4}
| ac_cv_sizeof___int64=${ac_cv_sizeof___int64=0}
| ac_cv_sizeof_long=${ac_cv_sizeof_long=8}
| ac_cv_sizeof_unsigned_long=${ac_cv_sizeof_unsigned_long=8}
| ac_cv_sizeof_long_double=${ac_cv_sizeof_long_double=16}
| ac_cv_sizeof_long_int=${ac_cv_sizeof_long_int=8}
| ac_cv_sizeof_long_long=${ac_cv_sizeof_long_long=8}
| ac_cv_sizeof_short=${ac_cv_sizeof_short=2}
| ac_cv_sizeof_unsigned_short=${ac_cv_sizeof_unsigned_short=2}
| ac_cv_sizeof_short_int=${ac_cv_sizeof_short_int=2}
| ac_cv_sizeof_size_t=${ac_cv_sizeof_size_t=8}
| ac_cv_sizeof_uid_t=${ac_cv_sizeof_uid_t=4}
| ac_cv_sizeof_gid_t=${ac_cv_sizeof_gid_t=4}
| ac_cv_sizeof_dev_t=${ac_cv_sizeof_dev_t=8}
| ac_cv_sizeof_void_p=${ac_cv_sizeof_void_p=8}
| ac_cv_strerror_r_SUSv3=${ac_cv_strerror_r_SUSv3=no}
| db_cv_alignp_t=${db_cv_alignp_t='unsigned long long'}
| db_cv_align_t=${db_cv_align_t='unsigned long long'}
| db_cv_fcntl_f_setfd=${db_cv_fcntl_f_setfd=yes}
| db_cv_sprintf_count=${db_cv_sprintf_count=yes}
| 
| # glib
| glib_cv_hasinline=${glib_cv_hasinline=yes}
| glib_cv_has__inline=${glib_cv_has__inline=yes}
| glib_cv_has__inline__=${glib_cv_has__inline__=yes}
| glib_cv_long_long_format=${glib_cv_long_long_format=ll}
| glib_cv_rtldglobal_broken=${glib_cv_rtldglobal_broken=yes}
| glib_cv_sane_realloc=${glib_cv_sane_realloc=yes}
| glib_cv_sizeof_gmutex=${glib_cv_sizeof_gmutex=40}
| glib_cv_sizeof_intmax_t=${glib_cv_sizeof_intmax_t=8}
| glib_cv_sizeof_ptrdiff_t=${glib_cv_sizeof_ptrdiff_t=8}
| glib_cv_sizeof_size_t=${glib_cv_sizeof_size_t=8}
| glib_cv_sizeof_system_thread=${glib_cv_sizeof_system_thread=8}
| glib_cv_stack_grows=${glib_cv_stack_grows=no}
| glib_cv_sys_pthread_cond_timedwait_posix=${glib_cv_sys_pthread_cond_timedwait_posix=yes}
| glib_cv_sys_pthread_getspecific_posix=${glib_cv_sys_pthread_getspecific_posix=yes}
| glib_cv_sys_pthread_mutex_trylock_posix=${glib_cv_sys_pthread_mutex_trylock_posix=yes}
| glib_cv_uscore=${glib_cv_uscore=no}
| glib_cv_va_val_copy=${glib_cv_va_val_copy=no}
| ac_cv_alignof_guint32=4
| ac_cv_alignof_guint64=8
| ac_cv_alignof_unsigned_long=8
| 
| nano_cv_func_regexec_segv_emptystr=${nano_cv_func_regexec_segv_emptystr=no}
| samba_cv_HAVE_VA_COPY=${samba_cv_HAVE_VA_COPY=yes}
| screen_cv_sys_bcopy_overlap=${screen_cv_sys_bcopy_overlap=no}
| screen_cv_sys_fifo_broken_impl=${screen_cv_sys_fifo_broken_impl=yes}
| screen_cv_sys_fifo_usable=${screen_cv_sys_fifo_usable=yes}
| screen_cv_sys_memcpy_overlap=${screen_cv_sys_memcpy_overlap=no}
| screen_cv_sys_memmove_overlap=${screen_cv_sys_memmove_overlap=no}
| screen_cv_sys_select_broken_retval=${screen_cv_sys_select_broken_retval=no}
| screen_cv_sys_sockets_nofs=${screen_cv_sys_sockets_nofs=no}
| screen_cv_sys_sockets_usable=${screen_cv_sys_sockets_usable=yes}
| screen_cv_sys_terminfo_used=${screen_cv_sys_terminfo_used=yes}
| utils_cv_sys_open_max=${utils_cv_sys_open_max=1015}
| 
| # gettext
| am_cv_func_working_getline=${am_cv_func_working_getline=yes}
| 
| #gcc
| ac_cv_lib_m_sin=${ac_cv_lib_m_sin=yes}
| 
| # bash
| bash_cv_func_sigsetjmp=${bash_cv_func_sigsetjmp=present}
| 
| lf_cv_sane_realloc=yes
| as_cv_unaligned_access=${as_cv_unaligned_access=yes}
| 
| #unfs3
| nfsd_cv_broken_setfsuid=${nfsd_cv_broken_setfsuid=0}
| nfsd_cv_func_statfs=${nfsd_cv_func_statfs=statfs2_bsize}
| nfsd_cv_bsd_signals=${nfsd_cv_bsd_signals=yes}
| 
| #apr
| apr_cv_tcp_nodelay_with_cork=${apr_cv_tcp_nodelay_with_cork=yes}
| 
| # lftp
| lftp_cv_va_val_copy=${lftp_cv_va_val_copy=no}
| 
| # slrn
| slrn_cv_va_val_copy=${slrn_cv_va_val_copy=no}
| 
| # grub
| ac_cv_func___ashldi3=no
| ac_cv_func___ashrdi3=no
| ac_cv_func___bswapdi2=no
| ac_cv_func___bswapsi2=no
| ac_cv_func___lshrdi3=no
| ac_cv_func___trampoline_setup=no
| ac_cv_func___ucmpdi2=no
| ac_cv_func__restgpr_14_x=no
| 
| # cvs
| cvs_cv_func_printf_ptr=${cvs_cv_func_printf_ptr=yes}
| 
| # at-spi2-core
| ac_cv_alignof_char=1
| ac_cv_alignof_dbind_pointer=8
| ac_cv_alignof_dbind_struct=1
| ac_cv_alignof_dbus_bool_t=4
| ac_cv_alignof_dbus_int16_t=2
| ac_cv_alignof_dbus_int32_t=4
| ac_cv_alignof_dbus_int64_t=8
| ac_cv_alignof_double=8
configure:2465: loading site script /home/ubuntu/yocto/poky/meta/site/common
| # libelf
| mr_cv_target_elf=${mr_cv_target_elf=yes}
| 
| # Normally kernels have /dev/random enabled
| ac_cv_file__dev_random=${ac_cv_file__dev_random=yes}
| 
| # Avoid sudo to assume void for unsetenv in cross environment, or else it conflicts with
| # target stdlib.h prototype which follows POSIX compiliance. Mark for upstream.
| sudo_cv_func_unsetenv_void=no
| 
| # shadow dir info, to avoid searching build system
| shadow_cv_maildir=${localstatedir}/spool/mail
| shadow_cv_mailfile=Mailbox
| shadow_cv_utmpdir=${localstatedir}/run
| shadow_cv_logdir=${localstatedir}/log
| shadow_cv_passwd_dir=${bindir}
| 
| # python: deactivate a runtime check for ipv6-support in python >=2.7.1 that fails when cross-compiling
| ac_cv_buggy_getaddrinfo=no
| 
| ac_cv_path_SED=${ac_cv_path_SED=sed}
| 
| # General
| ac_cv_have_decl_sys_siglist=${ac_cv_have_decl_sys_siglist=no}
| 
| # bash
| bash_cv_under_sys_siglist=${bash_cv_under_sys_siglist=no}
| bash_cv_sys_siglist=${bash_cv_sys_siglist=no}
configure:2827: looking for aux files: config.rpath config.guess config.sub ltmain.sh compile missing install-sh
configure:2840:  trying ../gdbm-1.23/build-aux/
configure:2869:   ../gdbm-1.23/build-aux/config.rpath found
configure:2869:   ../gdbm-1.23/build-aux/config.guess found
configure:2869:   ../gdbm-1.23/build-aux/config.sub found
configure:2869:   ../gdbm-1.23/build-aux/ltmain.sh found
configure:2869:   ../gdbm-1.23/build-aux/compile found
configure:2869:   ../gdbm-1.23/build-aux/missing found
configure:2851:   ../gdbm-1.23/build-aux/install-sh found
configure:3005: checking for a BSD-compatible install
configure:3078: result: /home/ubuntu/yocto/rpi-build/tmp/hosttools/install -c
configure:3089: checking whether build environment is sane
configure:3104: result: yes
configure:3254: checking for a race-free mkdir -p
configure:3298: result: /home/ubuntu/yocto/rpi-build/tmp/hosttools/mkdir -p
configure:3305: checking for gawk
configure:3326: found /home/ubuntu/yocto/rpi-build/tmp/hosttools/gawk
configure:3337: result: gawk
configure:3348: checking whether make sets $(MAKE)
configure:3371: result: yes
configure:3401: checking whether make supports nested variables
configure:3419: result: yes
configure:3569: checking whether make supports nested variables
configure:3587: result: yes
configure:3652: checking for x86_64-linux-gcc
configure:3684: result: gcc 
configure:4082: checking for C compiler version
configure:4091: gcc  --version >&5
gcc (Ubuntu 11.4.0-1ubuntu1~22.04.2) 11.4.0
Copyright (C) 2021 Free Software Foundation, Inc.
This is free software; see the source for copying conditions.  There is NO
warranty; not even for MERCHANTABILITY or FITNESS FOR A PARTICULAR PURPOSE.

configure:4102: $? = 0
configure:4091: gcc  -v >&5
Using built-in specs.
COLLECT_GCC=gcc
COLLECT_LTO_WRAPPER=/usr/lib/gcc/x86_64-linux-gnu/11/lto-wrapper
OFFLOAD_TARGET_NAMES=nvptx-none:amdgcn-amdhsa
OFFLOAD_TARGET_DEFAULT=1
Target: x86_64-linux-gnu
Configured with: ../src/configure -v --with-pkgversion='Ubuntu 11.4.0-1ubuntu1~22.04.2' --with-bugurl=file:///usr/share/doc/gcc-11/README.Bugs --enable-languages=c,ada,c++,go,brig,d,fortran,objc,obj-c++,m2 --prefix=/usr --with-gcc-major-version-only --program-suffix=-11 --program-prefix=x86_64-linux-gnu- --enable-shared --enable-linker-build-id --libexecdir=/usr/lib --without-included-gettext --enable-threads=posix --libdir=/usr/lib --enable-nls --enable-bootstrap --enable-clocale=gnu --enable-libstdcxx-debug --enable-libstdcxx-time=yes --with-default-libstdcxx-abi=new --enable-gnu-unique-object --disable-vtable-verify --enable-plugin --enable-default-pie --with-system-zlib --enable-libphobos-checking=release --with-target-system-zlib=auto --enable-objc-gc=auto --enable-multiarch --disable-werror --enable-cet --with-arch-32=i686 --with-abi=m64 --with-multilib-list=m32,m64,mx32 --enable-multilib --with-tune=generic --enable-offload-targets=nvptx-none=/build/gcc-11-2Y5pKs/gcc-11-11.4.0/debian/tmp-nvptx/usr,amdgcn-amdhsa=/build/gcc-11-2Y5pKs/gcc-11-11.4.0/debian/tmp-gcn/usr --without-cuda-driver --enable-checking=release --build=x86_64-linux-gnu --host=x86_64-linux-gnu --target=x86_64-linux-gnu --with-build-config=bootstrap-lto-lean --enable-link-serialization=2
Thread model: posix
Supported LTO compression algorithms: zlib zstd
gcc version 11.4.0 (Ubuntu 11.4.0-1ubuntu1~22.04.2) 
... rest of stderr output deleted ...
configure:4102: $? = 0
configure:4091: gcc  -V >&5
gcc: error: unrecognized command-line option '-V'
gcc: fatal error: no input files
compilation terminated.
configure:4102: $? = 1
configure:4091: gcc  -qversion >&5
gcc: error: unrecognized command-line option '-qversion'; did you mean '--version'?
gcc: fatal error: no input files
compilation terminated.
configure:4102: $? = 1
configure:4091: gcc  -version >&5
gcc: error: unrecognized command-line option '-version'
gcc: fatal error: no input files
compilation terminated.
configure:4102: $? = 1
configure:4122: checking whether the C compiler works
configure:4144: gcc  -isystem/home/ubuntu/yocto/rpi-build/tmp/work/x86_64-linux/gdbm-native/1.23-r0/recipe-sysroot-native/usr/include -O2 -pipe -isystem/home/ubuntu/yocto/rpi-build/tmp/work/x86_64-linux/gdbm-native/1.23-r0/recipe-sysroot-native/usr/include -L/home/ubuntu/yocto/rpi-build/tmp/work/x86_64-linux/gdbm-native/1.23-r0/recipe-sysroot-native/usr/lib                         -L/home/ubuntu/yocto/rpi-build/tmp/work/x86_64-linux/gdbm-native/1.23-r0/recipe-sysroot-native/lib                         -Wl,--enable-new-dtags                         -Wl,-rpath-link,/home/ubuntu/yocto/rpi-build/tmp/work/x86_64-linux/gdbm-native/1.23-r0/recipe-sysroot-native/usr/lib                         -Wl,-rpath-link,/home/ubuntu/yocto/rpi-build/tmp/work/x86_64-linux/gdbm-native/1.23-r0/recipe-sysroot-native/lib                         -Wl,-rpath,/home/ubuntu/yocto/rpi-build/tmp/work/x86_64-linux/gdbm-native/1.23-r0/recipe-sysroot-native/usr/lib                         -Wl,-rpath,/home/ubuntu/yocto/rpi-build/tmp/work/x86_64-linux/gdbm-native/1.23-r0/recipe-sysroot-native/lib                         -Wl,-O1 -Wl,--allow-shlib-undefined -Wl,--dynamic-linker=/home/ubuntu/yocto/rpi-build/tmp/sysroots-uninative/x86_64-linux/lib/ld-linux-x86-64.so.2 conftest.c  >&5
configure:4148: $? = 0
configure:4198: result: yes
configure:4201: checking for C compiler default output file name
configure:4203: result: a.out
configure:4209: checking for suffix of executables
configure:4216: gcc  -o conftest -isystem/home/ubuntu/yocto/rpi-build/tmp/work/x86_64-linux/gdbm-native/1.23-r0/recipe-sysroot-native/usr/include -O2 -pipe -isystem/home/ubuntu/yocto/rpi-build/tmp/work/x86_64-linux/gdbm-native/1.23-r0/recipe-sysroot-native/usr/include -L/home/ubuntu/yocto/rpi-build/tmp/work/x86_64-linux/gdbm-native/1.23-r0/recipe-sysroot-native/usr/lib                         -L/home/ubuntu/yocto/rpi-build/tmp/work/x86_64-linux/gdbm-native/1.23-r0/recipe-sysroot-native/lib                         -Wl,--enable-new-dtags                         -Wl,-rpath-link,/home/ubuntu/yocto/rpi-build/tmp/work/x86_64-linux/gdbm-native/1.23-r0/recipe-sysroot-native/usr/lib                         -Wl,-rpath-link,/home/ubuntu/yocto/rpi-build/tmp/work/x86_64-linux/gdbm-native/1.23-r0/recipe-sysroot-native/lib                         -Wl,-rpath,/home/ubuntu/yocto/rpi-build/tmp/work/x86_64-linux/gdbm-native/1.23-r0/recipe-sysroot-native/usr/lib                         -Wl,-rpath,/home/ubuntu/yocto/rpi-build/tmp/work/x86_64-linux/gdbm-native/1.23-r0/recipe-sysroot-native/lib                         -Wl,-O1 -Wl,--allow-shlib-undefined -Wl,--dynamic-linker=/home/ubuntu/yocto/rpi-build/tmp/sysroots-uninative/x86_64-linux/lib/ld-linux-x86-64.so.2 conftest.c  >&5
configure:4220: $? = 0
configure:4243: result: 
configure:4265: checking whether we are cross compiling
configure:4273: gcc  -o conftest -isystem/home/ubuntu/yocto/rpi-build/tmp/work/x86_64-linux/gdbm-native/1.23-r0/recipe-sysroot-native/usr/include -O2 -pipe -isystem/home/ubuntu/yocto/rpi-build/tmp/work/x86_64-linux/gdbm-native/1.23-r0/recipe-sysroot-native/usr/include -L/home/ubuntu/yocto/rpi-build/tmp/work/x86_64-linux/gdbm-native/1.23-r0/recipe-sysroot-native/usr/lib                         -L/home/ubuntu/yocto/rpi-build/tmp/work/x86_64-linux/gdbm-native/1.23-r0/recipe-sysroot-native/lib                         -Wl,--enable-new-dtags                         -Wl,-rpath-link,/home/ubuntu/yocto/rpi-build/tmp/work/x86_64-linux/gdbm-native/1.23-r0/recipe-sysroot-native/usr/lib                         -Wl,-rpath-link,/home/ubuntu/yocto/rpi-build/tmp/work/x86_64-linux/gdbm-native/1.23-r0/recipe-sysroot-native/lib                         -Wl,-rpath,/home/ubuntu/yocto/rpi-build/tmp/work/x86_64-linux/gdbm-native/1.23-r0/recipe-sysroot-native/usr/lib                         -Wl,-rpath,/home/ubuntu/yocto/rpi-build/tmp/work/x86_64-linux/gdbm-native/1.23-r0/recipe-sysroot-native/lib                         -Wl,-O1 -Wl,--allow-shlib-undefined -Wl,--dynamic-linker=/home/ubuntu/yocto/rpi-build/tmp/sysroots-uninative/x86_64-linux/lib/ld-linux-x86-64.so.2 conftest.c  >&5
configure:4277: $? = 0
configure:4284: ./conftest
configure:4288: $? = 0
configure:4303: result: no
configure:4308: checking for suffix of object files
configure:4331: gcc  -c -isystem/home/ubuntu/yocto/rpi-build/tmp/work/x86_64-linux/gdbm-native/1.23-r0/recipe-sysroot-native/usr/include -O2 -pipe -isystem/home/ubuntu/yocto/rpi-build/tmp/work/x86_64-linux/gdbm-native/1.23-r0/recipe-sysroot-native/usr/include conftest.c >&5
configure:4335: $? = 0
configure:4357: result: o
configure:4361: checking whether the compiler supports GNU C
configure:4381: gcc  -c -isystem/home/ubuntu/yocto/rpi-build/tmp/work/x86_64-linux/gdbm-native/1.23-r0/recipe-sysroot-native/usr/include -O2 -pipe -isystem/home/ubuntu/yocto/rpi-build/tmp/work/x86_64-linux/gdbm-native/1.23-r0/recipe-sysroot-native/usr/include conftest.c >&5
configure:4381: $? = 0
configure:4391: result: yes
configure:4402: checking whether gcc  accepts -g
configure:4423: gcc  -c -g -isystem/home/ubuntu/yocto/rpi-build/tmp/work/x86_64-linux/gdbm-native/1.23-r0/recipe-sysroot-native/usr/include conftest.c >&5
configure:4423: $? = 0
configure:4467: result: yes
configure:4487: checking for gcc  option to enable C11 features
configure:4502: gcc   -c -isystem/home/ubuntu/yocto/rpi-build/tmp/work/x86_64-linux/gdbm-native/1.23-r0/recipe-sysroot-native/usr/include -O2 -pipe -isystem/home/ubuntu/yocto/rpi-build/tmp/work/x86_64-linux/gdbm-native/1.23-r0/recipe-sysroot-native/usr/include conftest.c >&5
configure:4502: $? = 0
configure:4520: result: none needed
configure:4636: checking whether gcc  understands -c and -o together
configure:4659: gcc  -c conftest.c -o conftest2.o
configure:4662: $? = 0
configure:4659: gcc  -c conftest.c -o conftest2.o
configure:4662: $? = 0
configure:4674: result: yes
configure:4694: checking whether make supports the include directive
configure:4709: make -f confmf.GNU && cat confinc.out
this is the am__doit target
configure:4712: $? = 0
configure:4731: result: yes (GNU style)
configure:4757: checking dependency style of gcc 
configure:4869: result: none
configure:4889: checking how to run the C preprocessor
configure:4957: result: gcc  -E
configure:4971: gcc  -E -isystem/home/ubuntu/yocto/rpi-build/tmp/work/x86_64-linux/gdbm-native/1.23-r0/recipe-sysroot-native/usr/include conftest.c
configure:4971: $? = 0
configure:4986: gcc  -E -isystem/home/ubuntu/yocto/rpi-build/tmp/work/x86_64-linux/gdbm-native/1.23-r0/recipe-sysroot-native/usr/include conftest.c
conftest.c:11:10: fatal error: ac_nonexistent.h: No such file or directory
   11 | #include <ac_nonexistent.h>
      |          ^~~~~~~~~~~~~~~~~~
compilation terminated.
configure:4986: $? = 1
configure: failed program was:
| /* confdefs.h */
| #define PACKAGE_NAME "gdbm"
| #define PACKAGE_TARNAME "gdbm"
| #define PACKAGE_VERSION "1.23"
| #define PACKAGE_STRING "gdbm 1.23"
| #define PACKAGE_BUGREPORT "bug-gdbm@gnu.org"
| #define PACKAGE_URL "http://www.gnu.org/software/gdbm"
| #define PACKAGE "gdbm"
| #define VERSION "1.23"
| /* end confdefs.h.  */
| #include <ac_nonexistent.h>
configure:5049: checking build system type
configure:5064: result: x86_64-pc-linux-gnu
configure:5084: checking host system type
configure:5098: result: x86_64-pc-linux-gnu
configure:5139: checking how to print strings
configure:5166: result: printf
configure:5187: checking for a sed that does not truncate output
configure:5257: result: sed
configure:5275: checking for grep that handles long lines and -e
configure:5339: result: /home/ubuntu/yocto/rpi-build/tmp/hosttools/grep
configure:5344: checking for egrep
configure:5412: result: /home/ubuntu/yocto/rpi-build/tmp/hosttools/grep -E
configure:5417: checking for fgrep
configure:5485: result: /home/ubuntu/yocto/rpi-build/tmp/hosttools/grep -F
configure:5521: checking for ld used by gcc 
configure:5589: result: ld 
configure:5596: checking if the linker (ld ) is GNU ld
configure:5612: result: yes
configure:5624: checking for BSD- or MS-compatible name lister (nm)
configure:5679: result: nm
configure:5819: checking the name lister (nm) interface
configure:5827: gcc  -c -isystem/home/ubuntu/yocto/rpi-build/tmp/work/x86_64-linux/gdbm-native/1.23-r0/recipe-sysroot-native/usr/include -O2 -pipe -isystem/home/ubuntu/yocto/rpi-build/tmp/work/x86_64-linux/gdbm-native/1.23-r0/recipe-sysroot-native/usr/include conftest.c >&5
configure:5830: nm "conftest.o"
configure:5833: output
0000000000000000 B some_variable
configure:5840: result: BSD nm
configure:5843: checking whether ln -s works
configure:5847: result: yes
configure:5855: checking the maximum length of command line arguments
configure:5987: result: 1572864
configure:6035: checking how to convert x86_64-pc-linux-gnu file names to x86_64-pc-linux-gnu format
configure:6076: result: func_convert_file_noop
configure:6083: checking how to convert x86_64-pc-linux-gnu file names to toolchain format
configure:6104: result: func_convert_file_noop
configure:6111: checking for ld  option to reload object files
configure:6119: result: -r
configure:6153: checking for x86_64-linux-file
configure:6188: result: no
configure:6198: checking for file
configure:6219: found /home/ubuntu/yocto/rpi-build/tmp/hosttools/file
configure:6230: result: file
configure:6261: checking for x86_64-linux-objdump
configure:6293: result: objdump
configure:6370: checking how to recognize dependent libraries
configure:6571: result: pass_all
configure:6616: checking for x86_64-linux-dlltool
configure:6651: result: no
configure:6661: checking for dlltool
configure:6696: result: no
configure:6726: checking how to associate runtime and link libraries
configure:6754: result: printf %s\n
configure:6771: checking for x86_64-linux-ar
configure:6803: result: ar
configure:6905: checking for archiver @FILE support
configure:6923: gcc  -c -isystem/home/ubuntu/yocto/rpi-build/tmp/work/x86_64-linux/gdbm-native/1.23-r0/recipe-sysroot-native/usr/include -O2 -pipe -isystem/home/ubuntu/yocto/rpi-build/tmp/work/x86_64-linux/gdbm-native/1.23-r0/recipe-sysroot-native/usr/include conftest.c >&5
configure:6923: $? = 0
configure:6927: ar cr libconftest.a @conftest.lst >&5
configure:6930: $? = 0
configure:6935: ar cr libconftest.a @conftest.lst >&5
/home/ubuntu/yocto/poky/scripts/native-intercept/ar: conftest.o: No such file or directory
configure:6938: $? = 1
configure:6950: result: @
configure:6968: checking for x86_64-linux-strip
configure:7000: result: strip
configure:7077: checking for x86_64-linux-ranlib
configure:7109: result: ranlib -D
configure:7256: checking command to parse nm output from gcc  object
configure:7410: gcc  -c -isystem/home/ubuntu/yocto/rpi-build/tmp/work/x86_64-linux/gdbm-native/1.23-r0/recipe-sysroot-native/usr/include -O2 -pipe -isystem/home/ubuntu/yocto/rpi-build/tmp/work/x86_64-linux/gdbm-native/1.23-r0/recipe-sysroot-native/usr/include conftest.c >&5
configure:7413: $? = 0
configure:7417: nm conftest.o \| sed -n -e 's/^.*[ ]\([ABCDGIRSTW][ABCDGIRSTW]*\)[ ][ ]*\([_A-Za-z][_A-Za-z0-9]*\)$/\1 \2 \2/p' | sed '/ __gnu_lto/d' \> conftest.nm
configure:7420: $? = 0
configure:7486: gcc  -o conftest -isystem/home/ubuntu/yocto/rpi-build/tmp/work/x86_64-linux/gdbm-native/1.23-r0/recipe-sysroot-native/usr/include -O2 -pipe -isystem/home/ubuntu/yocto/rpi-build/tmp/work/x86_64-linux/gdbm-native/1.23-r0/recipe-sysroot-native/usr/include -L/home/ubuntu/yocto/rpi-build/tmp/work/x86_64-linux/gdbm-native/1.23-r0/recipe-sysroot-native/usr/lib                         -L/home/ubuntu/yocto/rpi-build/tmp/work/x86_64-linux/gdbm-native/1.23-r0/recipe-sysroot-native/lib                         -Wl,--enable-new-dtags                         -Wl,-rpath-link,/home/ubuntu/yocto/rpi-build/tmp/work/x86_64-linux/gdbm-native/1.23-r0/recipe-sysroot-native/usr/lib                         -Wl,-rpath-link,/home/ubuntu/yocto/rpi-build/tmp/work/x86_64-linux/gdbm-native/1.23-r0/recipe-sysroot-native/lib                         -Wl,-rpath,/home/ubuntu/yocto/rpi-build/tmp/work/x86_64-linux/gdbm-native/1.23-r0/recipe-sysroot-native/usr/lib                         -Wl,-rpath,/home/ubuntu/yocto/rpi-build/tmp/work/x86_64-linux/gdbm-native/1.23-r0/recipe-sysroot-native/lib                         -Wl,-O1 -Wl,--allow-shlib-undefined -Wl,--dynamic-linker=/home/ubuntu/yocto/rpi-build/tmp/sysroots-uninative/x86_64-linux/lib/ld-linux-x86-64.so.2 conftest.c conftstm.o >&5
configure:7489: $? = 0
configure:7527: result: ok
configure:7574: checking for sysroot
configure:7609: result: no
configure:7616: checking for a working dd
configure:7660: result: /home/ubuntu/yocto/rpi-build/tmp/hosttools/dd
configure:7664: checking how to truncate binary pipes
configure:7680: result: /home/ubuntu/yocto/rpi-build/tmp/hosttools/dd bs=4096 count=1
configure:7817: gcc  -c -isystem/home/ubuntu/yocto/rpi-build/tmp/work/x86_64-linux/gdbm-native/1.23-r0/recipe-sysroot-native/usr/include -O2 -pipe -isystem/home/ubuntu/yocto/rpi-build/tmp/work/x86_64-linux/gdbm-native/1.23-r0/recipe-sysroot-native/usr/include conftest.c >&5
configure:7820: $? = 0
configure:7972: checking for x86_64-linux-mt
configure:8007: result: no
configure:8017: checking for mt
configure:8052: result: no
configure:8072: checking if : is a manifest tool
configure:8079: : '-?'
configure:8087: result: no
configure:8812: checking for stdio.h
configure:8812: gcc  -c -isystem/home/ubuntu/yocto/rpi-build/tmp/work/x86_64-linux/gdbm-native/1.23-r0/recipe-sysroot-native/usr/include -O2 -pipe -isystem/home/ubuntu/yocto/rpi-build/tmp/work/x86_64-linux/gdbm-native/1.23-r0/recipe-sysroot-native/usr/include conftest.c >&5
configure:8812: $? = 0
configure:8812: result: yes
configure:8812: checking for stdlib.h
configure:8812: gcc  -c -isystem/home/ubuntu/yocto/rpi-build/tmp/work/x86_64-linux/gdbm-native/1.23-r0/recipe-sysroot-native/usr/include -O2 -pipe -isystem/home/ubuntu/yocto/rpi-build/tmp/work/x86_64-linux/gdbm-native/1.23-r0/recipe-sysroot-native/usr/include conftest.c >&5
configure:8812: $? = 0
configure:8812: result: yes
configure:8812: checking for string.h
configure:8812: gcc  -c -isystem/home/ubuntu/yocto/rpi-build/tmp/work/x86_64-linux/gdbm-native/1.23-r0/recipe-sysroot-native/usr/include -O2 -pipe -isystem/home/ubuntu/yocto/rpi-build/tmp/work/x86_64-linux/gdbm-native/1.23-r0/recipe-sysroot-native/usr/include conftest.c >&5
configure:8812: $? = 0
configure:8812: result: yes
configure:8812: checking for inttypes.h
configure:8812: gcc  -c -isystem/home/ubuntu/yocto/rpi-build/tmp/work/x86_64-linux/gdbm-native/1.23-r0/recipe-sysroot-native/usr/include -O2 -pipe -isystem/home/ubuntu/yocto/rpi-build/tmp/work/x86_64-linux/gdbm-native/1.23-r0/recipe-sysroot-native/usr/include conftest.c >&5
configure:8812: $? = 0
configure:8812: result: yes
configure:8812: checking for stdint.h
configure:8812: gcc  -c -isystem/home/ubuntu/yocto/rpi-build/tmp/work/x86_64-linux/gdbm-native/1.23-r0/recipe-sysroot-native/usr/include -O2 -pipe -isystem/home/ubuntu/yocto/rpi-build/tmp/work/x86_64-linux/gdbm-native/1.23-r0/recipe-sysroot-native/usr/include conftest.c >&5
configure:8812: $? = 0
configure:8812: result: yes
configure:8812: checking for strings.h
configure:8812: gcc  -c -isystem/home/ubuntu/yocto/rpi-build/tmp/work/x86_64-linux/gdbm-native/1.23-r0/recipe-sysroot-native/usr/include -O2 -pipe -isystem/home/ubuntu/yocto/rpi-build/tmp/work/x86_64-linux/gdbm-native/1.23-r0/recipe-sysroot-native/usr/include conftest.c >&5
configure:8812: $? = 0
configure:8812: result: yes
configure:8812: checking for sys/stat.h
configure:8812: gcc  -c -isystem/home/ubuntu/yocto/rpi-build/tmp/work/x86_64-linux/gdbm-native/1.23-r0/recipe-sysroot-native/usr/include -O2 -pipe -isystem/home/ubuntu/yocto/rpi-build/tmp/work/x86_64-linux/gdbm-native/1.23-r0/recipe-sysroot-native/usr/include conftest.c >&5
configure:8812: $? = 0
configure:8812: result: yes
configure:8812: checking for sys/types.h
configure:8812: gcc  -c -isystem/home/ubuntu/yocto/rpi-build/tmp/work/x86_64-linux/gdbm-native/1.23-r0/recipe-sysroot-native/usr/include -O2 -pipe -isystem/home/ubuntu/yocto/rpi-build/tmp/work/x86_64-linux/gdbm-native/1.23-r0/recipe-sysroot-native/usr/include conftest.c >&5
configure:8812: $? = 0
configure:8812: result: yes
configure:8812: checking for unistd.h
configure:8812: gcc  -c -isystem/home/ubuntu/yocto/rpi-build/tmp/work/x86_64-linux/gdbm-native/1.23-r0/recipe-sysroot-native/usr/include -O2 -pipe -isystem/home/ubuntu/yocto/rpi-build/tmp/work/x86_64-linux/gdbm-native/1.23-r0/recipe-sysroot-native/usr/include conftest.c >&5
configure:8812: $? = 0
configure:8812: result: yes
configure:8812: checking for sys/param.h
configure:8812: gcc  -c -isystem/home/ubuntu/yocto/rpi-build/tmp/work/x86_64-linux/gdbm-native/1.23-r0/recipe-sysroot-native/usr/include -O2 -pipe -isystem/home/ubuntu/yocto/rpi-build/tmp/work/x86_64-linux/gdbm-native/1.23-r0/recipe-sysroot-native/usr/include conftest.c >&5
configure:8812: $? = 0
configure:8812: result: yes
configure:8837: checking for dlfcn.h
configure:8837: gcc  -c -isystem/home/ubuntu/yocto/rpi-build/tmp/work/x86_64-linux/gdbm-native/1.23-r0/recipe-sysroot-native/usr/include -O2 -pipe -isystem/home/ubuntu/yocto/rpi-build/tmp/work/x86_64-linux/gdbm-native/1.23-r0/recipe-sysroot-native/usr/include conftest.c >&5
configure:8837: $? = 0
configure:8837: result: yes
configure:9096: checking for objdir
configure:9112: result: .libs
configure:9372: checking if gcc  supports -fno-rtti -fno-exceptions
configure:9391: gcc  -c -isystem/home/ubuntu/yocto/rpi-build/tmp/work/x86_64-linux/gdbm-native/1.23-r0/recipe-sysroot-native/usr/include -O2 -pipe -isystem/home/ubuntu/yocto/rpi-build/tmp/work/x86_64-linux/gdbm-native/1.23-r0/recipe-sysroot-native/usr/include -fno-rtti -fno-exceptions conftest.c >&5
cc1: warning: command-line option '-fno-rtti' is valid for C++/D/ObjC++ but not for C
configure:9395: $? = 0
configure:9408: result: no
configure:9766: checking for gcc  option to produce PIC
configure:9774: result: -fPIC -DPIC
configure:9782: checking if gcc  PIC flag -fPIC -DPIC works
configure:9801: gcc  -c -isystem/home/ubuntu/yocto/rpi-build/tmp/work/x86_64-linux/gdbm-native/1.23-r0/recipe-sysroot-native/usr/include -O2 -pipe -isystem/home/ubuntu/yocto/rpi-build/tmp/work/x86_64-linux/gdbm-native/1.23-r0/recipe-sysroot-native/usr/include -fPIC -DPIC -DPIC conftest.c >&5
configure:9805: $? = 0
configure:9818: result: yes
configure:9847: checking if gcc  static flag -static works
configure:9876: result: yes
configure:9891: checking if gcc  supports -c -o file.o
configure:9913: gcc  -c -isystem/home/ubuntu/yocto/rpi-build/tmp/work/x86_64-linux/gdbm-native/1.23-r0/recipe-sysroot-native/usr/include -O2 -pipe -isystem/home/ubuntu/yocto/rpi-build/tmp/work/x86_64-linux/gdbm-native/1.23-r0/recipe-sysroot-native/usr/include -o out/conftest2.o conftest.c >&5
configure:9917: $? = 0
configure:9939: result: yes
configure:9947: checking if gcc  supports -c -o file.o
configure:9995: result: yes
configure:10028: checking whether the gcc  linker (ld  -m elf_x86_64) supports shared libraries
configure:11296: result: yes
configure:11333: checking whether -lc should be explicitly linked in
configure:11342: gcc  -c -isystem/home/ubuntu/yocto/rpi-build/tmp/work/x86_64-linux/gdbm-native/1.23-r0/recipe-sysroot-native/usr/include -O2 -pipe -isystem/home/ubuntu/yocto/rpi-build/tmp/work/x86_64-linux/gdbm-native/1.23-r0/recipe-sysroot-native/usr/include conftest.c >&5
configure:11345: $? = 0
configure:11360: gcc  -shared  -fPIC -DPIC conftest.o  -v -Wl,-soname -Wl,conftest -o conftest 2\>\&1 \| /home/ubuntu/yocto/rpi-build/tmp/hosttools/grep  -lc  \>/dev/null 2\>\&1
configure:11363: $? = 0
configure:11377: result: no
configure:11537: checking dynamic linker characteristics
configure:12119: gcc  -o conftest -isystem/home/ubuntu/yocto/rpi-build/tmp/work/x86_64-linux/gdbm-native/1.23-r0/recipe-sysroot-native/usr/include -O2 -pipe -isystem/home/ubuntu/yocto/rpi-build/tmp/work/x86_64-linux/gdbm-native/1.23-r0/recipe-sysroot-native/usr/include -L/home/ubuntu/yocto/rpi-build/tmp/work/x86_64-linux/gdbm-native/1.23-r0/recipe-sysroot-native/usr/lib                         -L/home/ubuntu/yocto/rpi-build/tmp/work/x86_64-linux/gdbm-native/1.23-r0/recipe-sysroot-native/lib                         -Wl,--enable-new-dtags                         -Wl,-rpath-link,/home/ubuntu/yocto/rpi-build/tmp/work/x86_64-linux/gdbm-native/1.23-r0/recipe-sysroot-native/usr/lib                         -Wl,-rpath-link,/home/ubuntu/yocto/rpi-build/tmp/work/x86_64-linux/gdbm-native/1.23-r0/recipe-sysroot-native/lib                         -Wl,-rpath,/home/ubuntu/yocto/rpi-build/tmp/work/x86_64-linux/gdbm-native/1.23-r0/recipe-sysroot-native/usr/lib                         -Wl,-rpath,/home/ubuntu/yocto/rpi-build/tmp/work/x86_64-linux/gdbm-native/1.23-r0/recipe-sysroot-native/lib                         -Wl,-O1 -Wl,--allow-shlib-undefined -Wl,--dynamic-linker=/home/ubuntu/yocto/rpi-build/tmp/sysroots-uninative/x86_64-linux/lib/ld-linux-x86-64.so.2 -Wl,-rpath -Wl,/foo conftest.c  >&5
configure:12119: $? = 0
configure:12358: result: GNU/Linux ld.so
configure:12480: checking how to hardcode library paths into programs
configure:12505: result: immediate
configure:13057: checking whether stripping libraries is possible
configure:13066: result: yes
configure:13108: checking if libtool supports shared libraries
configure:13110: result: yes
configure:13113: checking whether to build shared libraries
configure:13138: result: yes
configure:13141: checking whether to build static libraries
configure:13145: result: no
configure:13184: checking for bison
configure:13220: result: $(SHELL) $(top_srcdir)/build-aux/missing bison
configure:13230: checking for flex
configure:13266: result: $(SHELL) $(top_srcdir)/build-aux/missing flex
configure:13278: checking for gzip
configure:13301: found /home/ubuntu/yocto/rpi-build/tmp/hosttools/gzip
configure:13313: result: /home/ubuntu/yocto/rpi-build/tmp/hosttools/gzip
configure:13324: checking for base64
configure:13362: result: no
configure:13376: checking for special C compiler options needed for large files
configure:13424: result: no
configure:13430: checking for _FILE_OFFSET_BITS value needed for large files
configure:13456: gcc  -c -isystem/home/ubuntu/yocto/rpi-build/tmp/work/x86_64-linux/gdbm-native/1.23-r0/recipe-sysroot-native/usr/include -O2 -pipe -isystem/home/ubuntu/yocto/rpi-build/tmp/work/x86_64-linux/gdbm-native/1.23-r0/recipe-sysroot-native/usr/include conftest.c >&5
configure:13456: $? = 0
configure:13490: result: no
configure:13572: checking for an ANSI C-conforming const
configure:13639: gcc  -c -isystem/home/ubuntu/yocto/rpi-build/tmp/work/x86_64-linux/gdbm-native/1.23-r0/recipe-sysroot-native/usr/include -O2 -pipe -isystem/home/ubuntu/yocto/rpi-build/tmp/work/x86_64-linux/gdbm-native/1.23-r0/recipe-sysroot-native/usr/include conftest.c >&5
configure:13639: $? = 0
configure:13647: result: yes
configure:13656: checking for unsigned long long int
configure:13696: gcc  -o conftest -isystem/home/ubuntu/yocto/rpi-build/tmp/work/x86_64-linux/gdbm-native/1.23-r0/recipe-sysroot-native/usr/include -O2 -pipe -isystem/home/ubuntu/yocto/rpi-build/tmp/work/x86_64-linux/gdbm-native/1.23-r0/recipe-sysroot-native/usr/include -L/home/ubuntu/yocto/rpi-build/tmp/work/x86_64-linux/gdbm-native/1.23-r0/recipe-sysroot-native/usr/lib                         -L/home/ubuntu/yocto/rpi-build/tmp/work/x86_64-linux/gdbm-native/1.23-r0/recipe-sysroot-native/lib                         -Wl,--enable-new-dtags                         -Wl,-rpath-link,/home/ubuntu/yocto/rpi-build/tmp/work/x86_64-linux/gdbm-native/1.23-r0/recipe-sysroot-native/usr/lib                         -Wl,-rpath-link,/home/ubuntu/yocto/rpi-build/tmp/work/x86_64-linux/gdbm-native/1.23-r0/recipe-sysroot-native/lib                         -Wl,-rpath,/home/ubuntu/yocto/rpi-build/tmp/work/x86_64-linux/gdbm-native/1.23-r0/recipe-sysroot-native/usr/lib                         -Wl,-rpath,/home/ubuntu/yocto/rpi-build/tmp/work/x86_64-linux/gdbm-native/1.23-r0/recipe-sysroot-native/lib                         -Wl,-O1 -Wl,--allow-shlib-undefined -Wl,--dynamic-linker=/home/ubuntu/yocto/rpi-build/tmp/sysroots-uninative/x86_64-linux/lib/ld-linux-x86-64.so.2 conftest.c  >&5
configure:13696: $? = 0
configure:13706: result: yes
configure:13722: checking for TLS qualifier
configure:13735: gcc  -c -isystem/home/ubuntu/yocto/rpi-build/tmp/work/x86_64-linux/gdbm-native/1.23-r0/recipe-sysroot-native/usr/include -O2 -pipe -isystem/home/ubuntu/yocto/rpi-build/tmp/work/x86_64-linux/gdbm-native/1.23-r0/recipe-sysroot-native/usr/include conftest.c >&5
configure:13735: $? = 0
configure:13742: result: __thread
configure:13749: checking whether NLS is requested
configure:13759: result: no
configure:13799: checking for msgfmt
configure:13835: result: no
configure:13841: checking for gmsgfmt
configure:13877: result: :
configure:13922: checking for xgettext
configure:13958: result: no
configure:14000: checking for msgmerge
configure:14035: result: no
configure:14097: checking for ld
configure:14228: result: ld  -m elf_x86_64
configure:14235: checking if the linker (ld  -m elf_x86_64) is GNU ld
configure:14251: result: yes
configure:14259: checking for shared library run path origin
configure:14273: result: done
configure:14295: checking 32-bit host C ABI
configure:14362: gcc  -c -isystem/home/ubuntu/yocto/rpi-build/tmp/work/x86_64-linux/gdbm-native/1.23-r0/recipe-sysroot-native/usr/include -O2 -pipe -isystem/home/ubuntu/yocto/rpi-build/tmp/work/x86_64-linux/gdbm-native/1.23-r0/recipe-sysroot-native/usr/include conftest.c >&5
configure:14362: $? = 0
configure:14558: result: no
configure:14568: checking for ELF binary format
configure:14592: result: yes
configure:14641: checking for the common suffixes of directories in the library search path
configure:14710: result: lib,lib,lib64
configure:15228: checking for CFPreferencesCopyAppValue
configure:15247: gcc  -o conftest -isystem/home/ubuntu/yocto/rpi-build/tmp/work/x86_64-linux/gdbm-native/1.23-r0/recipe-sysroot-native/usr/include -O2 -pipe -isystem/home/ubuntu/yocto/rpi-build/tmp/work/x86_64-linux/gdbm-native/1.23-r0/recipe-sysroot-native/usr/include -L/home/ubuntu/yocto/rpi-build/tmp/work/x86_64-linux/gdbm-native/1.23-r0/recipe-sysroot-native/usr/lib                         -L/home/ubuntu/yocto/rpi-build/tmp/work/x86_64-linux/gdbm-native/1.23-r0/recipe-sysroot-native/lib                         -Wl,--enable-new-dtags                         -Wl,-rpath-link,/home/ubuntu/yocto/rpi-build/tmp/work/x86_64-linux/gdbm-native/1.23-r0/recipe-sysroot-native/usr/lib                         -Wl,-rpath-link,/home/ubuntu/yocto/rpi-build/tmp/work/x86_64-linux/gdbm-native/1.23-r0/recipe-sysroot-native/lib                         -Wl,-rpath,/home/ubuntu/yocto/rpi-build/tmp/work/x86_64-linux/gdbm-native/1.23-r0/recipe-sysroot-native/usr/lib                         -Wl,-rpath,/home/ubuntu/yocto/rpi-build/tmp/work/x86_64-linux/gdbm-native/1.23-r0/recipe-sysroot-native/lib                         -Wl,-O1 -Wl,--allow-shlib-undefined -Wl,--dynamic-linker=/home/ubuntu/yocto/rpi-build/tmp/sysroots-uninative/x86_64-linux/lib/ld-linux-x86-64.so.2 conftest.c  -Wl,-framework -Wl,CoreFoundation >&5
conftest.c:26:10: fatal error: CoreFoundation/CFPreferences.h: No such file or directory
   26 | #include <CoreFoundation/CFPreferences.h>
      |          ^~~~~~~~~~~~~~~~~~~~~~~~~~~~~~~~
compilation terminated.
configure:15247: $? = 1
configure: failed program was:
| /* confdefs.h */
| #define PACKAGE_NAME "gdbm"
| #define PACKAGE_TARNAME "gdbm"
| #define PACKAGE_VERSION "1.23"
| #define PACKAGE_STRING "gdbm 1.23"
| #define PACKAGE_BUGREPORT "bug-gdbm@gnu.org"
| #define PACKAGE_URL "http://www.gnu.org/software/gdbm"
| #define PACKAGE "gdbm"
| #define VERSION "1.23"
| #define HAVE_STDIO_H 1
| #define HAVE_STDLIB_H 1
| #define HAVE_STRING_H 1
| #define HAVE_INTTYPES_H 1
| #define HAVE_STDINT_H 1
| #define HAVE_STRINGS_H 1
| #define HAVE_SYS_STAT_H 1
| #define HAVE_SYS_TYPES_H 1
| #define HAVE_UNISTD_H 1
| #define HAVE_SYS_PARAM_H 1
| #define STDC_HEADERS 1
| #define HAVE_DLFCN_H 1
| #define LT_OBJDIR ".libs/"
| #define HAVE_UNSIGNED_LONG_LONG_INT 1
| #define GDBM_THREAD_LOCAL __thread
| /* end confdefs.h.  */
| #include <CoreFoundation/CFPreferences.h>
| int
| main (void)
| {
| CFPreferencesCopyAppValue(NULL, NULL)
|   ;
|   return 0;
| }
configure:15257: result: no
configure:15264: checking for CFLocaleCopyCurrent
configure:15283: gcc  -o conftest -isystem/home/ubuntu/yocto/rpi-build/tmp/work/x86_64-linux/gdbm-native/1.23-r0/recipe-sysroot-native/usr/include -O2 -pipe -isystem/home/ubuntu/yocto/rpi-build/tmp/work/x86_64-linux/gdbm-native/1.23-r0/recipe-sysroot-native/usr/include -L/home/ubuntu/yocto/rpi-build/tmp/work/x86_64-linux/gdbm-native/1.23-r0/recipe-sysroot-native/usr/lib                         -L/home/ubuntu/yocto/rpi-build/tmp/work/x86_64-linux/gdbm-native/1.23-r0/recipe-sysroot-native/lib                         -Wl,--enable-new-dtags                         -Wl,-rpath-link,/home/ubuntu/yocto/rpi-build/tmp/work/x86_64-linux/gdbm-native/1.23-r0/recipe-sysroot-native/usr/lib                         -Wl,-rpath-link,/home/ubuntu/yocto/rpi-build/tmp/work/x86_64-linux/gdbm-native/1.23-r0/recipe-sysroot-native/lib                         -Wl,-rpath,/home/ubuntu/yocto/rpi-build/tmp/work/x86_64-linux/gdbm-native/1.23-r0/recipe-sysroot-native/usr/lib                         -Wl,-rpath,/home/ubuntu/yocto/rpi-build/tmp/work/x86_64-linux/gdbm-native/1.23-r0/recipe-sysroot-native/lib                         -Wl,-O1 -Wl,--allow-shlib-undefined -Wl,--dynamic-linker=/home/ubuntu/yocto/rpi-build/tmp/sysroots-uninative/x86_64-linux/lib/ld-linux-x86-64.so.2 conftest.c  -Wl,-framework -Wl,CoreFoundation >&5
conftest.c:26:10: fatal error: CoreFoundation/CFLocale.h: No such file or directory
   26 | #include <CoreFoundation/CFLocale.h>
      |          ^~~~~~~~~~~~~~~~~~~~~~~~~~~
compilation terminated.
configure:15283: $? = 1
configure: failed program was:
| /* confdefs.h */
| #define PACKAGE_NAME "gdbm"
| #define PACKAGE_TARNAME "gdbm"
| #define PACKAGE_VERSION "1.23"
| #define PACKAGE_STRING "gdbm 1.23"
| #define PACKAGE_BUGREPORT "bug-gdbm@gnu.org"
| #define PACKAGE_URL "http://www.gnu.org/software/gdbm"
| #define PACKAGE "gdbm"
| #define VERSION "1.23"
| #define HAVE_STDIO_H 1
| #define HAVE_STDLIB_H 1
| #define HAVE_STRING_H 1
| #define HAVE_INTTYPES_H 1
| #define HAVE_STDINT_H 1
| #define HAVE_STRINGS_H 1
| #define HAVE_SYS_STAT_H 1
| #define HAVE_SYS_TYPES_H 1
| #define HAVE_UNISTD_H 1
| #define HAVE_SYS_PARAM_H 1
| #define STDC_HEADERS 1
| #define HAVE_DLFCN_H 1
| #define LT_OBJDIR ".libs/"
| #define HAVE_UNSIGNED_LONG_LONG_INT 1
| #define GDBM_THREAD_LOCAL __thread
| /* end confdefs.h.  */
| #include <CoreFoundation/CFLocale.h>
| int
| main (void)
| {
| CFLocaleCopyCurrent();
|   ;
|   return 0;
| }
configure:15293: result: no
configure:16273: checking whether to use NLS
configure:16275: result: no
configure:16349: checking for sys/file.h
configure:16349: gcc  -c -isystem/home/ubuntu/yocto/rpi-build/tmp/work/x86_64-linux/gdbm-native/1.23-r0/recipe-sysroot-native/usr/include -O2 -pipe -isystem/home/ubuntu/yocto/rpi-build/tmp/work/x86_64-linux/gdbm-native/1.23-r0/recipe-sysroot-native/usr/include conftest.c >&5
configure:16349: $? = 0
configure:16349: result: yes
configure:16355: checking for string.h
configure:16355: result: yes
configure:16361: checking for locale.h
configure:16361: gcc  -c -isystem/home/ubuntu/yocto/rpi-build/tmp/work/x86_64-linux/gdbm-native/1.23-r0/recipe-sysroot-native/usr/include -O2 -pipe -isystem/home/ubuntu/yocto/rpi-build/tmp/work/x86_64-linux/gdbm-native/1.23-r0/recipe-sysroot-native/usr/include conftest.c >&5
configure:16361: $? = 0
configure:16361: result: yes
configure:16367: checking for getopt.h
configure:16367: gcc  -c -isystem/home/ubuntu/yocto/rpi-build/tmp/work/x86_64-linux/gdbm-native/1.23-r0/recipe-sysroot-native/usr/include -O2 -pipe -isystem/home/ubuntu/yocto/rpi-build/tmp/work/x86_64-linux/gdbm-native/1.23-r0/recipe-sysroot-native/usr/include conftest.c >&5
configure:16367: $? = 0
configure:16367: result: yes
configure:16375: checking for ftruncate
configure:16375: gcc  -o conftest -isystem/home/ubuntu/yocto/rpi-build/tmp/work/x86_64-linux/gdbm-native/1.23-r0/recipe-sysroot-native/usr/include -O2 -pipe -isystem/home/ubuntu/yocto/rpi-build/tmp/work/x86_64-linux/gdbm-native/1.23-r0/recipe-sysroot-native/usr/include -L/home/ubuntu/yocto/rpi-build/tmp/work/x86_64-linux/gdbm-native/1.23-r0/recipe-sysroot-native/usr/lib                         -L/home/ubuntu/yocto/rpi-build/tmp/work/x86_64-linux/gdbm-native/1.23-r0/recipe-sysroot-native/lib                         -Wl,--enable-new-dtags                         -Wl,-rpath-link,/home/ubuntu/yocto/rpi-build/tmp/work/x86_64-linux/gdbm-native/1.23-r0/recipe-sysroot-native/usr/lib                         -Wl,-rpath-link,/home/ubuntu/yocto/rpi-build/tmp/work/x86_64-linux/gdbm-native/1.23-r0/recipe-sysroot-native/lib                         -Wl,-rpath,/home/ubuntu/yocto/rpi-build/tmp/work/x86_64-linux/gdbm-native/1.23-r0/recipe-sysroot-native/usr/lib                         -Wl,-rpath,/home/ubuntu/yocto/rpi-build/tmp/work/x86_64-linux/gdbm-native/1.23-r0/recipe-sysroot-native/lib                         -Wl,-O1 -Wl,--allow-shlib-undefined -Wl,--dynamic-linker=/home/ubuntu/yocto/rpi-build/tmp/sysroots-uninative/x86_64-linux/lib/ld-linux-x86-64.so.2 conftest.c  >&5
configure:16375: $? = 0
configure:16375: result: yes
configure:16381: checking for flock
configure:16381: gcc  -o conftest -isystem/home/ubuntu/yocto/rpi-build/tmp/work/x86_64-linux/gdbm-native/1.23-r0/recipe-sysroot-native/usr/include -O2 -pipe -isystem/home/ubuntu/yocto/rpi-build/tmp/work/x86_64-linux/gdbm-native/1.23-r0/recipe-sysroot-native/usr/include -L/home/ubuntu/yocto/rpi-build/tmp/work/x86_64-linux/gdbm-native/1.23-r0/recipe-sysroot-native/usr/lib                         -L/home/ubuntu/yocto/rpi-build/tmp/work/x86_64-linux/gdbm-native/1.23-r0/recipe-sysroot-native/lib                         -Wl,--enable-new-dtags                         -Wl,-rpath-link,/home/ubuntu/yocto/rpi-build/tmp/work/x86_64-linux/gdbm-native/1.23-r0/recipe-sysroot-native/usr/lib                         -Wl,-rpath-link,/home/ubuntu/yocto/rpi-build/tmp/work/x86_64-linux/gdbm-native/1.23-r0/recipe-sysroot-native/lib                         -Wl,-rpath,/home/ubuntu/yocto/rpi-build/tmp/work/x86_64-linux/gdbm-native/1.23-r0/recipe-sysroot-native/usr/lib                         -Wl,-rpath,/home/ubuntu/yocto/rpi-build/tmp/work/x86_64-linux/gdbm-native/1.23-r0/recipe-sysroot-native/lib                         -Wl,-O1 -Wl,--allow-shlib-undefined -Wl,--dynamic-linker=/home/ubuntu/yocto/rpi-build/tmp/sysroots-uninative/x86_64-linux/lib/ld-linux-x86-64.so.2 conftest.c  >&5
configure:16381: $? = 0
configure:16381: result: yes
configure:16387: checking for lockf
configure:16387: gcc  -o conftest -isystem/home/ubuntu/yocto/rpi-build/tmp/work/x86_64-linux/gdbm-native/1.23-r0/recipe-sysroot-native/usr/include -O2 -pipe -isystem/home/ubuntu/yocto/rpi-build/tmp/work/x86_64-linux/gdbm-native/1.23-r0/recipe-sysroot-native/usr/include -L/home/ubuntu/yocto/rpi-build/tmp/work/x86_64-linux/gdbm-native/1.23-r0/recipe-sysroot-native/usr/lib                         -L/home/ubuntu/yocto/rpi-build/tmp/work/x86_64-linux/gdbm-native/1.23-r0/recipe-sysroot-native/lib                         -Wl,--enable-new-dtags                         -Wl,-rpath-link,/home/ubuntu/yocto/rpi-build/tmp/work/x86_64-linux/gdbm-native/1.23-r0/recipe-sysroot-native/usr/lib                         -Wl,-rpath-link,/home/ubuntu/yocto/rpi-build/tmp/work/x86_64-linux/gdbm-native/1.23-r0/recipe-sysroot-native/lib                         -Wl,-rpath,/home/ubuntu/yocto/rpi-build/tmp/work/x86_64-linux/gdbm-native/1.23-r0/recipe-sysroot-native/usr/lib                         -Wl,-rpath,/home/ubuntu/yocto/rpi-build/tmp/work/x86_64-linux/gdbm-native/1.23-r0/recipe-sysroot-native/lib                         -Wl,-O1 -Wl,--allow-shlib-undefined -Wl,--dynamic-linker=/home/ubuntu/yocto/rpi-build/tmp/sysroots-uninative/x86_64-linux/lib/ld-linux-x86-64.so.2 conftest.c  >&5
configure:16387: $? = 0
configure:16387: result: yes
configure:16393: checking for fsync
configure:16393: gcc  -o conftest -isystem/home/ubuntu/yocto/rpi-build/tmp/work/x86_64-linux/gdbm-native/1.23-r0/recipe-sysroot-native/usr/include -O2 -pipe -isystem/home/ubuntu/yocto/rpi-build/tmp/work/x86_64-linux/gdbm-native/1.23-r0/recipe-sysroot-native/usr/include -L/home/ubuntu/yocto/rpi-build/tmp/work/x86_64-linux/gdbm-native/1.23-r0/recipe-sysroot-native/usr/lib                         -L/home/ubuntu/yocto/rpi-build/tmp/work/x86_64-linux/gdbm-native/1.23-r0/recipe-sysroot-native/lib                         -Wl,--enable-new-dtags                         -Wl,-rpath-link,/home/ubuntu/yocto/rpi-build/tmp/work/x86_64-linux/gdbm-native/1.23-r0/recipe-sysroot-native/usr/lib                         -Wl,-rpath-link,/home/ubuntu/yocto/rpi-build/tmp/work/x86_64-linux/gdbm-native/1.23-r0/recipe-sysroot-native/lib                         -Wl,-rpath,/home/ubuntu/yocto/rpi-build/tmp/work/x86_64-linux/gdbm-native/1.23-r0/recipe-sysroot-native/usr/lib                         -Wl,-rpath,/home/ubuntu/yocto/rpi-build/tmp/work/x86_64-linux/gdbm-native/1.23-r0/recipe-sysroot-native/lib                         -Wl,-O1 -Wl,--allow-shlib-undefined -Wl,--dynamic-linker=/home/ubuntu/yocto/rpi-build/tmp/sysroots-uninative/x86_64-linux/lib/ld-linux-x86-64.so.2 conftest.c  >&5
configure:16393: $? = 0
configure:16393: result: yes
configure:16399: checking for setlocale
configure:16399: gcc  -o conftest -isystem/home/ubuntu/yocto/rpi-build/tmp/work/x86_64-linux/gdbm-native/1.23-r0/recipe-sysroot-native/usr/include -O2 -pipe -isystem/home/ubuntu/yocto/rpi-build/tmp/work/x86_64-linux/gdbm-native/1.23-r0/recipe-sysroot-native/usr/include -L/home/ubuntu/yocto/rpi-build/tmp/work/x86_64-linux/gdbm-native/1.23-r0/recipe-sysroot-native/usr/lib                         -L/home/ubuntu/yocto/rpi-build/tmp/work/x86_64-linux/gdbm-native/1.23-r0/recipe-sysroot-native/lib                         -Wl,--enable-new-dtags                         -Wl,-rpath-link,/home/ubuntu/yocto/rpi-build/tmp/work/x86_64-linux/gdbm-native/1.23-r0/recipe-sysroot-native/usr/lib                         -Wl,-rpath-link,/home/ubuntu/yocto/rpi-build/tmp/work/x86_64-linux/gdbm-native/1.23-r0/recipe-sysroot-native/lib                         -Wl,-rpath,/home/ubuntu/yocto/rpi-build/tmp/work/x86_64-linux/gdbm-native/1.23-r0/recipe-sysroot-native/usr/lib                         -Wl,-rpath,/home/ubuntu/yocto/rpi-build/tmp/work/x86_64-linux/gdbm-native/1.23-r0/recipe-sysroot-native/lib                         -Wl,-O1 -Wl,--allow-shlib-undefined -Wl,--dynamic-linker=/home/ubuntu/yocto/rpi-build/tmp/sysroots-uninative/x86_64-linux/lib/ld-linux-x86-64.so.2 conftest.c  >&5
configure:16399: $? = 0
configure:16399: result: yes
configure:16405: checking for getopt_long
configure:16405: gcc  -o conftest -isystem/home/ubuntu/yocto/rpi-build/tmp/work/x86_64-linux/gdbm-native/1.23-r0/recipe-sysroot-native/usr/include -O2 -pipe -isystem/home/ubuntu/yocto/rpi-build/tmp/work/x86_64-linux/gdbm-native/1.23-r0/recipe-sysroot-native/usr/include -L/home/ubuntu/yocto/rpi-build/tmp/work/x86_64-linux/gdbm-native/1.23-r0/recipe-sysroot-native/usr/lib                         -L/home/ubuntu/yocto/rpi-build/tmp/work/x86_64-linux/gdbm-native/1.23-r0/recipe-sysroot-native/lib                         -Wl,--enable-new-dtags                         -Wl,-rpath-link,/home/ubuntu/yocto/rpi-build/tmp/work/x86_64-linux/gdbm-native/1.23-r0/recipe-sysroot-native/usr/lib                         -Wl,-rpath-link,/home/ubuntu/yocto/rpi-build/tmp/work/x86_64-linux/gdbm-native/1.23-r0/recipe-sysroot-native/lib                         -Wl,-rpath,/home/ubuntu/yocto/rpi-build/tmp/work/x86_64-linux/gdbm-native/1.23-r0/recipe-sysroot-native/usr/lib                         -Wl,-rpath,/home/ubuntu/yocto/rpi-build/tmp/work/x86_64-linux/gdbm-native/1.23-r0/recipe-sysroot-native/lib                         -Wl,-O1 -Wl,--allow-shlib-undefined -Wl,--dynamic-linker=/home/ubuntu/yocto/rpi-build/tmp/sysroots-uninative/x86_64-linux/lib/ld-linux-x86-64.so.2 conftest.c  >&5
configure:16405: $? = 0
configure:16405: result: yes
configure:16420: checking for getpagesize
configure:16420: result: yes
configure:16431: checking for working mmap
configure:16594: result: yes
configure:16603: checking for msync
configure:16603: gcc  -o conftest -isystem/home/ubuntu/yocto/rpi-build/tmp/work/x86_64-linux/gdbm-native/1.23-r0/recipe-sysroot-native/usr/include -O2 -pipe -isystem/home/ubuntu/yocto/rpi-build/tmp/work/x86_64-linux/gdbm-native/1.23-r0/recipe-sysroot-native/usr/include -L/home/ubuntu/yocto/rpi-build/tmp/work/x86_64-linux/gdbm-native/1.23-r0/recipe-sysroot-native/usr/lib                         -L/home/ubuntu/yocto/rpi-build/tmp/work/x86_64-linux/gdbm-native/1.23-r0/recipe-sysroot-native/lib                         -Wl,--enable-new-dtags                         -Wl,-rpath-link,/home/ubuntu/yocto/rpi-build/tmp/work/x86_64-linux/gdbm-native/1.23-r0/recipe-sysroot-native/usr/lib                         -Wl,-rpath-link,/home/ubuntu/yocto/rpi-build/tmp/work/x86_64-linux/gdbm-native/1.23-r0/recipe-sysroot-native/lib                         -Wl,-rpath,/home/ubuntu/yocto/rpi-build/tmp/work/x86_64-linux/gdbm-native/1.23-r0/recipe-sysroot-native/usr/lib                         -Wl,-rpath,/home/ubuntu/yocto/rpi-build/tmp/work/x86_64-linux/gdbm-native/1.23-r0/recipe-sysroot-native/lib                         -Wl,-O1 -Wl,--allow-shlib-undefined -Wl,--dynamic-linker=/home/ubuntu/yocto/rpi-build/tmp/sysroots-uninative/x86_64-linux/lib/ld-linux-x86-64.so.2 conftest.c  >&5
configure:16603: $? = 0
configure:16603: result: yes
configure:16611: checking for off_t
configure:16611: gcc  -c -isystem/home/ubuntu/yocto/rpi-build/tmp/work/x86_64-linux/gdbm-native/1.23-r0/recipe-sysroot-native/usr/include -O2 -pipe -isystem/home/ubuntu/yocto/rpi-build/tmp/work/x86_64-linux/gdbm-native/1.23-r0/recipe-sysroot-native/usr/include conftest.c >&5
configure:16611: $? = 0
configure:16611: gcc  -c -isystem/home/ubuntu/yocto/rpi-build/tmp/work/x86_64-linux/gdbm-native/1.23-r0/recipe-sysroot-native/usr/include -O2 -pipe -isystem/home/ubuntu/yocto/rpi-build/tmp/work/x86_64-linux/gdbm-native/1.23-r0/recipe-sysroot-native/usr/include conftest.c >&5
conftest.c: In function 'main':
conftest.c:70:20: error: expected expression before ')' token
   70 | if (sizeof ((off_t)))
      |                    ^
configure:16611: $? = 1
configure: failed program was:
| /* confdefs.h */
| #define PACKAGE_NAME "gdbm"
| #define PACKAGE_TARNAME "gdbm"
| #define PACKAGE_VERSION "1.23"
| #define PACKAGE_STRING "gdbm 1.23"
| #define PACKAGE_BUGREPORT "bug-gdbm@gnu.org"
| #define PACKAGE_URL "http://www.gnu.org/software/gdbm"
| #define PACKAGE "gdbm"
| #define VERSION "1.23"
| #define HAVE_STDIO_H 1
| #define HAVE_STDLIB_H 1
| #define HAVE_STRING_H 1
| #define HAVE_INTTYPES_H 1
| #define HAVE_STDINT_H 1
| #define HAVE_STRINGS_H 1
| #define HAVE_SYS_STAT_H 1
| #define HAVE_SYS_TYPES_H 1
| #define HAVE_UNISTD_H 1
| #define HAVE_SYS_PARAM_H 1
| #define STDC_HEADERS 1
| #define HAVE_DLFCN_H 1
| #define LT_OBJDIR ".libs/"
| #define HAVE_UNSIGNED_LONG_LONG_INT 1
| #define GDBM_THREAD_LOCAL __thread
| #define HAVE_SYS_FILE_H 1
| #define HAVE_STRING_H 1
| #define HAVE_LOCALE_H 1
| #define HAVE_GETOPT_H 1
| #define HAVE_FTRUNCATE 1
| #define HAVE_FLOCK 1
| #define HAVE_LOCKF 1
| #define HAVE_FSYNC 1
| #define HAVE_SETLOCALE 1
| #define HAVE_GETOPT_LONG 1
| #define HAVE_GETPAGESIZE 1
| #define HAVE_MMAP 1
| #define HAVE_MSYNC 1
| /* end confdefs.h.  */
| #include <stddef.h>
| #ifdef HAVE_STDIO_H
| # include <stdio.h>
| #endif
| #ifdef HAVE_STDLIB_H
| # include <stdlib.h>
| #endif
| #ifdef HAVE_STRING_H
| # include <string.h>
| #endif
| #ifdef HAVE_INTTYPES_H
| # include <inttypes.h>
| #endif
| #ifdef HAVE_STDINT_H
| # include <stdint.h>
| #endif
| #ifdef HAVE_STRINGS_H
| # include <strings.h>
| #endif
| #ifdef HAVE_SYS_TYPES_H
| # include <sys/types.h>
| #endif
| #ifdef HAVE_SYS_STAT_H
| # include <sys/stat.h>
| #endif
| #ifdef HAVE_UNISTD_H
| # include <unistd.h>
| #endif
| int
| main (void)
| {
| if (sizeof ((off_t)))
| 	    return 0;
|   ;
|   return 0;
| }
configure:16611: result: yes
configure:16625: checking size of off_t
configure:16631: gcc  -o conftest -isystem/home/ubuntu/yocto/rpi-build/tmp/work/x86_64-linux/gdbm-native/1.23-r0/recipe-sysroot-native/usr/include -O2 -pipe -isystem/home/ubuntu/yocto/rpi-build/tmp/work/x86_64-linux/gdbm-native/1.23-r0/recipe-sysroot-native/usr/include -L/home/ubuntu/yocto/rpi-build/tmp/work/x86_64-linux/gdbm-native/1.23-r0/recipe-sysroot-native/usr/lib                         -L/home/ubuntu/yocto/rpi-build/tmp/work/x86_64-linux/gdbm-native/1.23-r0/recipe-sysroot-native/lib                         -Wl,--enable-new-dtags                         -Wl,-rpath-link,/home/ubuntu/yocto/rpi-build/tmp/work/x86_64-linux/gdbm-native/1.23-r0/recipe-sysroot-native/usr/lib                         -Wl,-rpath-link,/home/ubuntu/yocto/rpi-build/tmp/work/x86_64-linux/gdbm-native/1.23-r0/recipe-sysroot-native/lib                         -Wl,-rpath,/home/ubuntu/yocto/rpi-build/tmp/work/x86_64-linux/gdbm-native/1.23-r0/recipe-sysroot-native/usr/lib                         -Wl,-rpath,/home/ubuntu/yocto/rpi-build/tmp/work/x86_64-linux/gdbm-native/1.23-r0/recipe-sysroot-native/lib                         -Wl,-O1 -Wl,--allow-shlib-undefined -Wl,--dynamic-linker=/home/ubuntu/yocto/rpi-build/tmp/sysroots-uninative/x86_64-linux/lib/ld-linux-x86-64.so.2 conftest.c  >&5
configure:16631: $? = 0
configure:16631: ./conftest
configure:16631: $? = 0
configure:16646: result: 8
configure:16654: checking for struct stat.st_blksize
configure:16654: gcc  -c -isystem/home/ubuntu/yocto/rpi-build/tmp/work/x86_64-linux/gdbm-native/1.23-r0/recipe-sysroot-native/usr/include -O2 -pipe -isystem/home/ubuntu/yocto/rpi-build/tmp/work/x86_64-linux/gdbm-native/1.23-r0/recipe-sysroot-native/usr/include conftest.c >&5
configure:16654: $? = 0
configure:16654: result: yes
configure:16664: checking for struct stat.st_mtim
configure:16664: gcc  -c -isystem/home/ubuntu/yocto/rpi-build/tmp/work/x86_64-linux/gdbm-native/1.23-r0/recipe-sysroot-native/usr/include -O2 -pipe -isystem/home/ubuntu/yocto/rpi-build/tmp/work/x86_64-linux/gdbm-native/1.23-r0/recipe-sysroot-native/usr/include conftest.c >&5
conftest.c: In function 'main':
conftest.c:48:5: error: used struct type value where scalar is required
   48 | if (ac_aggr.st_mtim)
      |     ^~~~~~~
configure:16664: $? = 1
configure: failed program was:
| /* confdefs.h */
| #define PACKAGE_NAME "gdbm"
| #define PACKAGE_TARNAME "gdbm"
| #define PACKAGE_VERSION "1.23"
| #define PACKAGE_STRING "gdbm 1.23"
| #define PACKAGE_BUGREPORT "bug-gdbm@gnu.org"
| #define PACKAGE_URL "http://www.gnu.org/software/gdbm"
| #define PACKAGE "gdbm"
| #define VERSION "1.23"
| #define HAVE_STDIO_H 1
| #define HAVE_STDLIB_H 1
| #define HAVE_STRING_H 1
| #define HAVE_INTTYPES_H 1
| #define HAVE_STDINT_H 1
| #define HAVE_STRINGS_H 1
| #define HAVE_SYS_STAT_H 1
| #define HAVE_SYS_TYPES_H 1
| #define HAVE_UNISTD_H 1
| #define HAVE_SYS_PARAM_H 1
| #define STDC_HEADERS 1
| #define HAVE_DLFCN_H 1
| #define LT_OBJDIR ".libs/"
| #define HAVE_UNSIGNED_LONG_LONG_INT 1
| #define GDBM_THREAD_LOCAL __thread
| #define HAVE_SYS_FILE_H 1
| #define HAVE_STRING_H 1
| #define HAVE_LOCALE_H 1
| #define HAVE_GETOPT_H 1
| #define HAVE_FTRUNCATE 1
| #define HAVE_FLOCK 1
| #define HAVE_LOCKF 1
| #define HAVE_FSYNC 1
| #define HAVE_SETLOCALE 1
| #define HAVE_GETOPT_LONG 1
| #define HAVE_GETPAGESIZE 1
| #define HAVE_MMAP 1
| #define HAVE_MSYNC 1
| #define SIZEOF_OFF_T 8
| #define HAVE_STRUCT_STAT_ST_BLKSIZE 1
| /* end confdefs.h.  */
| #include <sys/types.h>
| 	          #include <sys/stat.h>
| 
| int
| main (void)
| {
| static struct stat ac_aggr;
| if (ac_aggr.st_mtim)
| return 0;
|   ;
|   return 0;
| }
configure:16664: gcc  -c -isystem/home/ubuntu/yocto/rpi-build/tmp/work/x86_64-linux/gdbm-native/1.23-r0/recipe-sysroot-native/usr/include -O2 -pipe -isystem/home/ubuntu/yocto/rpi-build/tmp/work/x86_64-linux/gdbm-native/1.23-r0/recipe-sysroot-native/usr/include conftest.c >&5
configure:16664: $? = 0
configure:16664: result: yes
configure:16674: checking for struct stat.st_mtimespec
configure:16674: gcc  -c -isystem/home/ubuntu/yocto/rpi-build/tmp/work/x86_64-linux/gdbm-native/1.23-r0/recipe-sysroot-native/usr/include -O2 -pipe -isystem/home/ubuntu/yocto/rpi-build/tmp/work/x86_64-linux/gdbm-native/1.23-r0/recipe-sysroot-native/usr/include conftest.c >&5
conftest.c: In function 'main':
conftest.c:49:12: error: 'struct stat' has no member named 'st_mtimespec'
   49 | if (ac_aggr.st_mtimespec)
      |            ^
configure:16674: $? = 1
configure: failed program was:
| /* confdefs.h */
| #define PACKAGE_NAME "gdbm"
| #define PACKAGE_TARNAME "gdbm"
| #define PACKAGE_VERSION "1.23"
| #define PACKAGE_STRING "gdbm 1.23"
| #define PACKAGE_BUGREPORT "bug-gdbm@gnu.org"
| #define PACKAGE_URL "http://www.gnu.org/software/gdbm"
| #define PACKAGE "gdbm"
| #define VERSION "1.23"
| #define HAVE_STDIO_H 1
| #define HAVE_STDLIB_H 1
| #define HAVE_STRING_H 1
| #define HAVE_INTTYPES_H 1
| #define HAVE_STDINT_H 1
| #define HAVE_STRINGS_H 1
| #define HAVE_SYS_STAT_H 1
| #define HAVE_SYS_TYPES_H 1
| #define HAVE_UNISTD_H 1
| #define HAVE_SYS_PARAM_H 1
| #define STDC_HEADERS 1
| #define HAVE_DLFCN_H 1
| #define LT_OBJDIR ".libs/"
| #define HAVE_UNSIGNED_LONG_LONG_INT 1
| #define GDBM_THREAD_LOCAL __thread
| #define HAVE_SYS_FILE_H 1
| #define HAVE_STRING_H 1
| #define HAVE_LOCALE_H 1
| #define HAVE_GETOPT_H 1
| #define HAVE_FTRUNCATE 1
| #define HAVE_FLOCK 1
| #define HAVE_LOCKF 1
| #define HAVE_FSYNC 1
| #define HAVE_SETLOCALE 1
| #define HAVE_GETOPT_LONG 1
| #define HAVE_GETPAGESIZE 1
| #define HAVE_MMAP 1
| #define HAVE_MSYNC 1
| #define SIZEOF_OFF_T 8
| #define HAVE_STRUCT_STAT_ST_BLKSIZE 1
| #define HAVE_STRUCT_STAT_ST_MTIM 1
| /* end confdefs.h.  */
| #include <sys/types.h>
| 	          #include <sys/stat.h>
| 
| int
| main (void)
| {
| static struct stat ac_aggr;
| if (ac_aggr.st_mtimespec)
| return 0;
|   ;
|   return 0;
| }
configure:16674: gcc  -c -isystem/home/ubuntu/yocto/rpi-build/tmp/work/x86_64-linux/gdbm-native/1.23-r0/recipe-sysroot-native/usr/include -O2 -pipe -isystem/home/ubuntu/yocto/rpi-build/tmp/work/x86_64-linux/gdbm-native/1.23-r0/recipe-sysroot-native/usr/include conftest.c >&5
conftest.c: In function 'main':
conftest.c:49:19: error: 'struct stat' has no member named 'st_mtimespec'
   49 | if (sizeof ac_aggr.st_mtimespec)
      |                   ^
configure:16674: $? = 1
configure: failed program was:
| /* confdefs.h */
| #define PACKAGE_NAME "gdbm"
| #define PACKAGE_TARNAME "gdbm"
| #define PACKAGE_VERSION "1.23"
| #define PACKAGE_STRING "gdbm 1.23"
| #define PACKAGE_BUGREPORT "bug-gdbm@gnu.org"
| #define PACKAGE_URL "http://www.gnu.org/software/gdbm"
| #define PACKAGE "gdbm"
| #define VERSION "1.23"
| #define HAVE_STDIO_H 1
| #define HAVE_STDLIB_H 1
| #define HAVE_STRING_H 1
| #define HAVE_INTTYPES_H 1
| #define HAVE_STDINT_H 1
| #define HAVE_STRINGS_H 1
| #define HAVE_SYS_STAT_H 1
| #define HAVE_SYS_TYPES_H 1
| #define HAVE_UNISTD_H 1
| #define HAVE_SYS_PARAM_H 1
| #define STDC_HEADERS 1
| #define HAVE_DLFCN_H 1
| #define LT_OBJDIR ".libs/"
| #define HAVE_UNSIGNED_LONG_LONG_INT 1
| #define GDBM_THREAD_LOCAL __thread
| #define HAVE_SYS_FILE_H 1
| #define HAVE_STRING_H 1
| #define HAVE_LOCALE_H 1
| #define HAVE_GETOPT_H 1
| #define HAVE_FTRUNCATE 1
| #define HAVE_FLOCK 1
| #define HAVE_LOCKF 1
| #define HAVE_FSYNC 1
| #define HAVE_SETLOCALE 1
| #define HAVE_GETOPT_LONG 1
| #define HAVE_GETPAGESIZE 1
| #define HAVE_MMAP 1
| #define HAVE_MSYNC 1
| #define SIZEOF_OFF_T 8
| #define HAVE_STRUCT_STAT_ST_BLKSIZE 1
| #define HAVE_STRUCT_STAT_ST_MTIM 1
| /* end confdefs.h.  */
| #include <sys/types.h>
| 	          #include <sys/stat.h>
| 
| int
| main (void)
| {
| static struct stat ac_aggr;
| if (sizeof ac_aggr.st_mtimespec)
| return 0;
|   ;
|   return 0;
| }
configure:16674: result: no
configure:16699: checking for tputs in -lncurses
configure:16722: gcc  -o conftest -isystem/home/ubuntu/yocto/rpi-build/tmp/work/x86_64-linux/gdbm-native/1.23-r0/recipe-sysroot-native/usr/include -O2 -pipe -isystem/home/ubuntu/yocto/rpi-build/tmp/work/x86_64-linux/gdbm-native/1.23-r0/recipe-sysroot-native/usr/include -L/home/ubuntu/yocto/rpi-build/tmp/work/x86_64-linux/gdbm-native/1.23-r0/recipe-sysroot-native/usr/lib                         -L/home/ubuntu/yocto/rpi-build/tmp/work/x86_64-linux/gdbm-native/1.23-r0/recipe-sysroot-native/lib                         -Wl,--enable-new-dtags                         -Wl,-rpath-link,/home/ubuntu/yocto/rpi-build/tmp/work/x86_64-linux/gdbm-native/1.23-r0/recipe-sysroot-native/usr/lib                         -Wl,-rpath-link,/home/ubuntu/yocto/rpi-build/tmp/work/x86_64-linux/gdbm-native/1.23-r0/recipe-sysroot-native/lib                         -Wl,-rpath,/home/ubuntu/yocto/rpi-build/tmp/work/x86_64-linux/gdbm-native/1.23-r0/recipe-sysroot-native/usr/lib                         -Wl,-rpath,/home/ubuntu/yocto/rpi-build/tmp/work/x86_64-linux/gdbm-native/1.23-r0/recipe-sysroot-native/lib                         -Wl,-O1 -Wl,--allow-shlib-undefined -Wl,--dynamic-linker=/home/ubuntu/yocto/rpi-build/tmp/sysroots-uninative/x86_64-linux/lib/ld-linux-x86-64.so.2 conftest.c -lncurses   >&5
/home/ubuntu/yocto/rpi-build/tmp/hosttools/ld: cannot find -lncurses: No such file or directory
collect2: error: ld returned 1 exit status
configure:16722: $? = 1
configure: failed program was:
| /* confdefs.h */
| #define PACKAGE_NAME "gdbm"
| #define PACKAGE_TARNAME "gdbm"
| #define PACKAGE_VERSION "1.23"
| #define PACKAGE_STRING "gdbm 1.23"
| #define PACKAGE_BUGREPORT "bug-gdbm@gnu.org"
| #define PACKAGE_URL "http://www.gnu.org/software/gdbm"
| #define PACKAGE "gdbm"
| #define VERSION "1.23"
| #define HAVE_STDIO_H 1
| #define HAVE_STDLIB_H 1
| #define HAVE_STRING_H 1
| #define HAVE_INTTYPES_H 1
| #define HAVE_STDINT_H 1
| #define HAVE_STRINGS_H 1
| #define HAVE_SYS_STAT_H 1
| #define HAVE_SYS_TYPES_H 1
| #define HAVE_UNISTD_H 1
| #define HAVE_SYS_PARAM_H 1
| #define STDC_HEADERS 1
| #define HAVE_DLFCN_H 1
| #define LT_OBJDIR ".libs/"
| #define HAVE_UNSIGNED_LONG_LONG_INT 1
| #define GDBM_THREAD_LOCAL __thread
| #define HAVE_SYS_FILE_H 1
| #define HAVE_STRING_H 1
| #define HAVE_LOCALE_H 1
| #define HAVE_GETOPT_H 1
| #define HAVE_FTRUNCATE 1
| #define HAVE_FLOCK 1
| #define HAVE_LOCKF 1
| #define HAVE_FSYNC 1
| #define HAVE_SETLOCALE 1
| #define HAVE_GETOPT_LONG 1
| #define HAVE_GETPAGESIZE 1
| #define HAVE_MMAP 1
| #define HAVE_MSYNC 1
| #define SIZEOF_OFF_T 8
| #define HAVE_STRUCT_STAT_ST_BLKSIZE 1
| #define HAVE_STRUCT_STAT_ST_MTIM 1
| /* end confdefs.h.  */
| 
| /* Override any GCC internal prototype to avoid an error.
|    Use char because int might match the return type of a GCC
|    builtin and then its argument prototype would still apply.  */
| char tputs (void);
| int
| main (void)
| {
| return tputs ();
|   ;
|   return 0;
| }
configure:16733: result: no
configure:16699: checking for tputs in -lcurses
configure:16722: gcc  -o conftest -isystem/home/ubuntu/yocto/rpi-build/tmp/work/x86_64-linux/gdbm-native/1.23-r0/recipe-sysroot-native/usr/include -O2 -pipe -isystem/home/ubuntu/yocto/rpi-build/tmp/work/x86_64-linux/gdbm-native/1.23-r0/recipe-sysroot-native/usr/include -L/home/ubuntu/yocto/rpi-build/tmp/work/x86_64-linux/gdbm-native/1.23-r0/recipe-sysroot-native/usr/lib                         -L/home/ubuntu/yocto/rpi-build/tmp/work/x86_64-linux/gdbm-native/1.23-r0/recipe-sysroot-native/lib                         -Wl,--enable-new-dtags                         -Wl,-rpath-link,/home/ubuntu/yocto/rpi-build/tmp/work/x86_64-linux/gdbm-native/1.23-r0/recipe-sysroot-native/usr/lib                         -Wl,-rpath-link,/home/ubuntu/yocto/rpi-build/tmp/work/x86_64-linux/gdbm-native/1.23-r0/recipe-sysroot-native/lib                         -Wl,-rpath,/home/ubuntu/yocto/rpi-build/tmp/work/x86_64-linux/gdbm-native/1.23-r0/recipe-sysroot-native/usr/lib                         -Wl,-rpath,/home/ubuntu/yocto/rpi-build/tmp/work/x86_64-linux/gdbm-native/1.23-r0/recipe-sysroot-native/lib                         -Wl,-O1 -Wl,--allow-shlib-undefined -Wl,--dynamic-linker=/home/ubuntu/yocto/rpi-build/tmp/sysroots-uninative/x86_64-linux/lib/ld-linux-x86-64.so.2 conftest.c -lcurses   >&5
/home/ubuntu/yocto/rpi-build/tmp/hosttools/ld: cannot find -lcurses: No such file or directory
collect2: error: ld returned 1 exit status
configure:16722: $? = 1
configure: failed program was:
| /* confdefs.h */
| #define PACKAGE_NAME "gdbm"
| #define PACKAGE_TARNAME "gdbm"
| #define PACKAGE_VERSION "1.23"
| #define PACKAGE_STRING "gdbm 1.23"
| #define PACKAGE_BUGREPORT "bug-gdbm@gnu.org"
| #define PACKAGE_URL "http://www.gnu.org/software/gdbm"
| #define PACKAGE "gdbm"
| #define VERSION "1.23"
| #define HAVE_STDIO_H 1
| #define HAVE_STDLIB_H 1
| #define HAVE_STRING_H 1
| #define HAVE_INTTYPES_H 1
| #define HAVE_STDINT_H 1
| #define HAVE_STRINGS_H 1
| #define HAVE_SYS_STAT_H 1
| #define HAVE_SYS_TYPES_H 1
| #define HAVE_UNISTD_H 1
| #define HAVE_SYS_PARAM_H 1
| #define STDC_HEADERS 1
| #define HAVE_DLFCN_H 1
| #define LT_OBJDIR ".libs/"
| #define HAVE_UNSIGNED_LONG_LONG_INT 1
| #define GDBM_THREAD_LOCAL __thread
| #define HAVE_SYS_FILE_H 1
| #define HAVE_STRING_H 1
| #define HAVE_LOCALE_H 1
| #define HAVE_GETOPT_H 1
| #define HAVE_FTRUNCATE 1
| #define HAVE_FLOCK 1
| #define HAVE_LOCKF 1
| #define HAVE_FSYNC 1
| #define HAVE_SETLOCALE 1
| #define HAVE_GETOPT_LONG 1
| #define HAVE_GETPAGESIZE 1
| #define HAVE_MMAP 1
| #define HAVE_MSYNC 1
| #define SIZEOF_OFF_T 8
| #define HAVE_STRUCT_STAT_ST_BLKSIZE 1
| #define HAVE_STRUCT_STAT_ST_MTIM 1
| /* end confdefs.h.  */
| 
| /* Override any GCC internal prototype to avoid an error.
|    Use char because int might match the return type of a GCC
|    builtin and then its argument prototype would still apply.  */
| char tputs (void);
| int
| main (void)
| {
| return tputs ();
|   ;
|   return 0;
| }
configure:16733: result: no
configure:16699: checking for tputs in -ltermcap
configure:16722: gcc  -o conftest -isystem/home/ubuntu/yocto/rpi-build/tmp/work/x86_64-linux/gdbm-native/1.23-r0/recipe-sysroot-native/usr/include -O2 -pipe -isystem/home/ubuntu/yocto/rpi-build/tmp/work/x86_64-linux/gdbm-native/1.23-r0/recipe-sysroot-native/usr/include -L/home/ubuntu/yocto/rpi-build/tmp/work/x86_64-linux/gdbm-native/1.23-r0/recipe-sysroot-native/usr/lib                         -L/home/ubuntu/yocto/rpi-build/tmp/work/x86_64-linux/gdbm-native/1.23-r0/recipe-sysroot-native/lib                         -Wl,--enable-new-dtags                         -Wl,-rpath-link,/home/ubuntu/yocto/rpi-build/tmp/work/x86_64-linux/gdbm-native/1.23-r0/recipe-sysroot-native/usr/lib                         -Wl,-rpath-link,/home/ubuntu/yocto/rpi-build/tmp/work/x86_64-linux/gdbm-native/1.23-r0/recipe-sysroot-native/lib                         -Wl,-rpath,/home/ubuntu/yocto/rpi-build/tmp/work/x86_64-linux/gdbm-native/1.23-r0/recipe-sysroot-native/usr/lib                         -Wl,-rpath,/home/ubuntu/yocto/rpi-build/tmp/work/x86_64-linux/gdbm-native/1.23-r0/recipe-sysroot-native/lib                         -Wl,-O1 -Wl,--allow-shlib-undefined -Wl,--dynamic-linker=/home/ubuntu/yocto/rpi-build/tmp/sysroots-uninative/x86_64-linux/lib/ld-linux-x86-64.so.2 conftest.c -ltermcap   >&5
/home/ubuntu/yocto/rpi-build/tmp/hosttools/ld: cannot find -ltermcap: No such file or directory
collect2: error: ld returned 1 exit status
configure:16722: $? = 1
configure: failed program was:
| /* confdefs.h */
| #define PACKAGE_NAME "gdbm"
| #define PACKAGE_TARNAME "gdbm"
| #define PACKAGE_VERSION "1.23"
| #define PACKAGE_STRING "gdbm 1.23"
| #define PACKAGE_BUGREPORT "bug-gdbm@gnu.org"
| #define PACKAGE_URL "http://www.gnu.org/software/gdbm"
| #define PACKAGE "gdbm"
| #define VERSION "1.23"
| #define HAVE_STDIO_H 1
| #define HAVE_STDLIB_H 1
| #define HAVE_STRING_H 1
| #define HAVE_INTTYPES_H 1
| #define HAVE_STDINT_H 1
| #define HAVE_STRINGS_H 1
| #define HAVE_SYS_STAT_H 1
| #define HAVE_SYS_TYPES_H 1
| #define HAVE_UNISTD_H 1
| #define HAVE_SYS_PARAM_H 1
| #define STDC_HEADERS 1
| #define HAVE_DLFCN_H 1
| #define LT_OBJDIR ".libs/"
| #define HAVE_UNSIGNED_LONG_LONG_INT 1
| #define GDBM_THREAD_LOCAL __thread
| #define HAVE_SYS_FILE_H 1
| #define HAVE_STRING_H 1
| #define HAVE_LOCALE_H 1
| #define HAVE_GETOPT_H 1
| #define HAVE_FTRUNCATE 1
| #define HAVE_FLOCK 1
| #define HAVE_LOCKF 1
| #define HAVE_FSYNC 1
| #define HAVE_SETLOCALE 1
| #define HAVE_GETOPT_LONG 1
| #define HAVE_GETPAGESIZE 1
| #define HAVE_MMAP 1
| #define HAVE_MSYNC 1
| #define SIZEOF_OFF_T 8
| #define HAVE_STRUCT_STAT_ST_BLKSIZE 1
| #define HAVE_STRUCT_STAT_ST_MTIM 1
| /* end confdefs.h.  */
| 
| /* Override any GCC internal prototype to avoid an error.
|    Use char because int might match the return type of a GCC
|    builtin and then its argument prototype would still apply.  */
| char tputs (void);
| int
| main (void)
| {
| return tputs ();
|   ;
|   return 0;
| }
configure:16733: result: no
configure:16861: checking for linux/fs.h
configure:16861: gcc  -c -isystem/home/ubuntu/yocto/rpi-build/tmp/work/x86_64-linux/gdbm-native/1.23-r0/recipe-sysroot-native/usr/include -O2 -pipe -isystem/home/ubuntu/yocto/rpi-build/tmp/work/x86_64-linux/gdbm-native/1.23-r0/recipe-sysroot-native/usr/include conftest.c >&5
configure:16861: $? = 0
configure:16861: result: yes
configure:16864: checking for FICLONE ioctl support
configure:16879: gcc  -c -isystem/home/ubuntu/yocto/rpi-build/tmp/work/x86_64-linux/gdbm-native/1.23-r0/recipe-sysroot-native/usr/include -O2 -pipe -isystem/home/ubuntu/yocto/rpi-build/tmp/work/x86_64-linux/gdbm-native/1.23-r0/recipe-sysroot-native/usr/include conftest.c >&5
configure:16879: $? = 0
configure:16886: result: yes
configure:17095: creating ./config.status

## ---------------------- ##
## Running config.status. ##
## ---------------------- ##

This file was extended by gdbm config.status 1.23, which was
generated by GNU Autoconf 2.71.  Invocation command line was

  CONFIG_FILES    = 
  CONFIG_HEADERS  = 
  CONFIG_LINKS    = 
  CONFIG_COMMANDS = 
  $ ./config.status 

on DESKTOP-CSPIOE3

config.status:1176: creating tests/Makefile
config.status:1176: creating tests/atlocal
config.status:1176: creating po/Makefile.in
config.status:1176: creating tests/gdbmtool/Makefile
config.status:1176: creating Makefile
config.status:1176: creating src/Makefile
config.status:1176: creating src/gdbm.h
config.status:1176: creating tools/Makefile
config.status:1176: creating doc/Makefile
config.status:1176: creating compat/Makefile
config.status:1176: creating autoconf.h
config.status:1390: executing depfiles commands
config.status:1390: executing libtool commands
config.status:1390: executing po-directories commands
config.status:1390: executing tests/atconfig commands
config.status:1390: executing status commands

## ---------------- ##
## Cache variables. ##
## ---------------- ##

ac_cv___va_copy=yes
ac_cv_af_unix_large_dgram=yes
ac_cv_alignof_char=1
ac_cv_alignof_dbind_pointer=8
ac_cv_alignof_dbind_struct=1
ac_cv_alignof_dbus_bool_t=4
ac_cv_alignof_dbus_int16_t=2
ac_cv_alignof_dbus_int32_t=4
ac_cv_alignof_dbus_int64_t=8
ac_cv_alignof_double=8
ac_cv_alignof_guint32=4
ac_cv_alignof_guint64=8
ac_cv_alignof_unsigned_long=8
ac_cv_buggy_getaddrinfo=no
ac_cv_build=x86_64-pc-linux-gnu
ac_cv_c_bigendian=no
ac_cv_c_compiler_gnu=yes
ac_cv_c_const=yes
ac_cv_c_endian=little
ac_cv_c_littleendian=yes
ac_cv_check_sjlj=ssjlj
ac_cv_conv_longlong_to_float=yes
ac_cv_env_BASE64_BIN_set=
ac_cv_env_BASE64_BIN_value=
ac_cv_env_CC_set=set
ac_cv_env_CC_value='gcc '
ac_cv_env_CFLAGS_set=set
ac_cv_env_CFLAGS_value='-isystem/home/ubuntu/yocto/rpi-build/tmp/work/x86_64-linux/gdbm-native/1.23-r0/recipe-sysroot-native/usr/include -O2 -pipe'
ac_cv_env_COMPATINCLUDEDIR_set=
ac_cv_env_COMPATINCLUDEDIR_value=
ac_cv_env_CPPFLAGS_set=set
ac_cv_env_CPPFLAGS_value=-isystem/home/ubuntu/yocto/rpi-build/tmp/work/x86_64-linux/gdbm-native/1.23-r0/recipe-sysroot-native/usr/include
ac_cv_env_CPP_set=set
ac_cv_env_CPP_value='gcc  -E'
ac_cv_env_GZIP_BIN_set=
ac_cv_env_GZIP_BIN_value=
ac_cv_env_LDFLAGS_set=set
ac_cv_env_LDFLAGS_value='-L/home/ubuntu/yocto/rpi-build/tmp/work/x86_64-linux/gdbm-native/1.23-r0/recipe-sysroot-native/usr/lib                         -L/home/ubuntu/yocto/rpi-build/tmp/work/x86_64-linux/gdbm-native/1.23-r0/recipe-sysroot-native/lib                         -Wl,--enable-new-dtags                         -Wl,-rpath-link,/home/ubuntu/yocto/rpi-build/tmp/work/x86_64-linux/gdbm-native/1.23-r0/recipe-sysroot-native/usr/lib                         -Wl,-rpath-link,/home/ubuntu/yocto/rpi-build/tmp/work/x86_64-linux/gdbm-native/1.23-r0/recipe-sysroot-native/lib                         -Wl,-rpath,/home/ubuntu/yocto/rpi-build/tmp/work/x86_64-linux/gdbm-native/1.23-r0/recipe-sysroot-native/usr/lib                         -Wl,-rpath,/home/ubuntu/yocto/rpi-build/tmp/work/x86_64-linux/gdbm-native/1.23-r0/recipe-sysroot-native/lib                         -Wl,-O1 -Wl,--allow-shlib-undefined -Wl,--dynamic-linker=/home/ubuntu/yocto/rpi-build/tmp/sysroots-uninative/x86_64-linux/lib/ld-linux-x86-64.so.2'
ac_cv_env_LIBS_set=
ac_cv_env_LIBS_value=
ac_cv_env_LT_SYS_LIBRARY_PATH_set=
ac_cv_env_LT_SYS_LIBRARY_PATH_value=
ac_cv_env_build_alias_set=set
ac_cv_env_build_alias_value=x86_64-linux
ac_cv_env_host_alias_set=set
ac_cv_env_host_alias_value=x86_64-linux
ac_cv_env_target_alias_set=set
ac_cv_env_target_alias_value=x86_64-linux
ac_cv_epoll_works=yes
ac_cv_file__dev_random=yes
ac_cv_file__dev_zero=yes
ac_cv_func___ashldi3=no
ac_cv_func___ashrdi3=no
ac_cv_func___bswapdi2=no
ac_cv_func___bswapsi2=no
ac_cv_func___lshrdi3=no
ac_cv_func___trampoline_setup=no
ac_cv_func___ucmpdi2=no
ac_cv_func___va_copy=yes
ac_cv_func__restgpr_14_x=no
ac_cv_func_calloc_0_nonnull=yes
ac_cv_func_chown_works=yes
ac_cv_func_flock=yes
ac_cv_func_fsync=yes
ac_cv_func_ftruncate=yes
ac_cv_func_getaddrinfo=yes
ac_cv_func_getgrgid_r=yes
ac_cv_func_getgroups_works=yes
ac_cv_func_getopt_long=yes
ac_cv_func_getpagesize=yes
ac_cv_func_getpgrp_void=yes
ac_cv_func_getpwuid_r=yes
ac_cv_func_lockf=yes
ac_cv_func_lstat_dereferences_slashed_symlink=yes
ac_cv_func_lstat_empty_string_bug=no
ac_cv_func_malloc_0_nonnull=yes
ac_cv_func_malloc_works=yes
ac_cv_func_memcmp_working=yes
ac_cv_func_memcpy=yes
ac_cv_func_mmap_fixed_mapped=yes
ac_cv_func_msync=yes
ac_cv_func_posix_getgrgid_r=yes
ac_cv_func_posix_getpwnam_r=yes
ac_cv_func_posix_getpwuid_r=yes
ac_cv_func_printf_unix98=yes
ac_cv_func_pthread_attr_getstack=yes
ac_cv_func_pthread_key_delete=yes
ac_cv_func_realloc_0_nonnull=yes
ac_cv_func_realloc_works=yes
ac_cv_func_setgrent_void=yes
ac_cv_func_setlocale=yes
ac_cv_func_setpgrp_void=yes
ac_cv_func_setresuid=yes
ac_cv_func_setvbuf_reversed=no
ac_cv_func_snprintf_c99=yes
ac_cv_func_stat_empty_string_bug=no
ac_cv_func_stat_ignores_trailing_slash=no
ac_cv_func_strerror=yes
ac_cv_func_strtod=yes
ac_cv_func_utime_null=yes
ac_cv_func_va_copy=yes
ac_cv_func_vsnprintf_c99=yes
ac_cv_have_abstract_sockets=yes
ac_cv_have_decl_sys_siglist=no
ac_cv_have_long_long_format=yes
ac_cv_header_dlfcn_h=yes
ac_cv_header_getopt_h=yes
ac_cv_header_inttypes_h=yes
ac_cv_header_linux_fs_h=yes
ac_cv_header_locale_h=yes
ac_cv_header_stdint_h=yes
ac_cv_header_stdio_h=yes
ac_cv_header_stdlib_h=yes
ac_cv_header_string_h=yes
ac_cv_header_strings_h=yes
ac_cv_header_sys_file_h=yes
ac_cv_header_sys_param_h=yes
ac_cv_header_sys_stat_h=yes
ac_cv_header_sys_types_h=yes
ac_cv_header_unistd_h=yes
ac_cv_host=x86_64-pc-linux-gnu
ac_cv_lib_curses_tputs=no
ac_cv_lib_dbm_main=no
ac_cv_lib_m_sin=yes
ac_cv_lib_ncurses_tputs=no
ac_cv_lib_ndbm_main=no
ac_cv_lib_termcap_tputs=no
ac_cv_libnet_endianess=lil
ac_cv_linux_vers=2
ac_cv_member_struct_stat_st_blksize=yes
ac_cv_member_struct_stat_st_mtim=yes
ac_cv_member_struct_stat_st_mtimespec=no
ac_cv_need_trio=no
ac_cv_o_nonblock_inherited=no
ac_cv_objext=o
ac_cv_path_BISON='$(SHELL) $(top_srcdir)/build-aux/missing bison'
ac_cv_path_EGREP='/home/ubuntu/yocto/rpi-build/tmp/hosttools/grep -E'
ac_cv_path_FGREP='/home/ubuntu/yocto/rpi-build/tmp/hosttools/grep -F'
ac_cv_path_FLEX='$(SHELL) $(top_srcdir)/build-aux/missing flex'
ac_cv_path_GMSGFMT=:
ac_cv_path_GREP=/home/ubuntu/yocto/rpi-build/tmp/hosttools/grep
ac_cv_path_GZIP_BIN=/home/ubuntu/yocto/rpi-build/tmp/hosttools/gzip
ac_cv_path_MSGFMT=:
ac_cv_path_MSGMERGE=:
ac_cv_path_SED=sed
ac_cv_path_XGETTEXT=:
ac_cv_path_install='/home/ubuntu/yocto/rpi-build/tmp/hosttools/install -c'
ac_cv_path_lt_DD=/home/ubuntu/yocto/rpi-build/tmp/hosttools/dd
ac_cv_path_mkdir=/home/ubuntu/yocto/rpi-build/tmp/hosttools/mkdir
ac_cv_prog_AR=ar
ac_cv_prog_AWK=gawk
ac_cv_prog_CC='gcc '
ac_cv_prog_CPP='gcc  -E'
ac_cv_prog_OBJDUMP=objdump
ac_cv_prog_RANLIB='ranlib -D'
ac_cv_prog_STRIP=strip
ac_cv_prog_ac_ct_FILECMD=file
ac_cv_prog_cc_c11=
ac_cv_prog_cc_g=yes
ac_cv_prog_cc_stdc=
ac_cv_prog_make_make_set=yes
ac_cv_sizeof___int64=0
ac_cv_sizeof_char=1
ac_cv_sizeof_dev_t=8
ac_cv_sizeof_gid_t=4
ac_cv_sizeof_int=4
ac_cv_sizeof_long=8
ac_cv_sizeof_long_double=16
ac_cv_sizeof_long_int=8
ac_cv_sizeof_long_long=8
ac_cv_sizeof_off_t=8
ac_cv_sizeof_pid_t=4
ac_cv_sizeof_short=2
ac_cv_sizeof_short_int=2
ac_cv_sizeof_size_t=8
ac_cv_sizeof_uid_t=4
ac_cv_sizeof_unsigned_int=4
ac_cv_sizeof_unsigned_long=8
ac_cv_sizeof_unsigned_short=2
ac_cv_sizeof_void_p=8
ac_cv_strerror_r_SUSv3=no
ac_cv_sys_file_offset_bits=no
ac_cv_sys_largefile_CC=no
ac_cv_sys_restartable_syscalls=yes
ac_cv_type_off_t=yes
ac_cv_type_uid_t='{ac_cv_type_uid_t=yes}'
ac_cv_type_unsigned_long_long_int=yes
ac_cv_va_copy=yes
ac_cv_va_val_copy=no
acl_cv_hardcode_direct=no
acl_cv_hardcode_libdir_flag_spec='${wl}-rpath ${wl}$libdir'
acl_cv_hardcode_libdir_separator=
acl_cv_hardcode_minus_L=no
acl_cv_libdirstems=lib,lib,lib64
acl_cv_libext=a
acl_cv_libname_spec='lib$name'
acl_cv_library_names_spec='$libname$shrext'
acl_cv_prog_gnu_ld=yes
acl_cv_rpath=done
acl_cv_shlibext=so
acl_cv_wl=-Wl,
am_cv_CC_dependencies_compiler_type=none
am_cv_func_iconv_works=yes
am_cv_func_working_getline=yes
am_cv_make_support_nested_variables=yes
am_cv_prog_cc_c_o=yes
am_cv_scanf_lld=yes
apr_cv_process_shared_works=no
apr_cv_tcp_nodelay_with_cork=yes
as_cv_unaligned_access=yes
bash_cv_dup2_broken=no
bash_cv_func_sigsetjmp=present
bash_cv_func_strcoll_broken=no
bash_cv_getcwd_calls_popen=no
bash_cv_getcwd_malloc=yes
bash_cv_getenv_redef=yes
bash_cv_have_mbstate_t=yes
bash_cv_job_control_missing=present
bash_cv_must_reinstall_sighandlers=no
bash_cv_opendir_not_robust=no
bash_cv_pgrp_pipe=no
bash_cv_printf_a_format=yes
bash_cv_sys_named_pipes=present
bash_cv_sys_siglist=no
bash_cv_type_rlimit=rlim_t
bash_cv_ulimit_maxfds=yes
bash_cv_under_sys_siglist=no
bash_cv_unusable_rtsigs=no
cvs_cv_func_printf_ptr=yes
db_cv_align_t='unsigned long long'
db_cv_alignp_t='unsigned long long'
db_cv_fcntl_f_setfd=yes
db_cv_path_ar=/usr/bin/ar
db_cv_path_chmod=/bin/chmod
db_cv_path_cp=/bin/cp
db_cv_path_ln=/bin/ln
db_cv_path_mkdir=/bin/mkdir
db_cv_path_ranlib=/usr/bin/ranlib
db_cv_path_rm=/bin/rm
db_cv_path_sh=/bin/sh
db_cv_path_strip=/usr/bin/strip
db_cv_sprintf_count=yes
fu_cv_sys_stat_statfs2_bsize=yes
gdbm_cv__thread=__thread
gl_cv_elf=yes
gl_cv_func_btowc_eof=yes
gl_cv_func_fstatat_zero_flag=yes
gl_cv_func_getcwd_abort_bug=no
gl_cv_func_getcwd_null=yes
gl_cv_func_getcwd_path_max=yes
gl_cv_func_link_follows_symlink=no
gl_cv_func_mbrtowc_incomplete_state=yes
gl_cv_func_mbrtowc_nul_retval=yes
gl_cv_func_mbrtowc_null_arg=yes
gl_cv_func_mbrtowc_retval=yes
gl_cv_func_mbrtowc_sanitycheck=yes
gl_cv_func_nanosleep='no (mishandles large arguments)'
gl_cv_func_sleep_works=yes
gl_cv_func_unlink_busy_text=yes
gl_cv_func_wcrtomb_retval=yes
gl_cv_func_wctob_works=yes
gl_cv_func_working_mkstemp=yes
gl_cv_func_working_mktime=yes
gl_cv_func_working_utimes=yes
gl_cv_have_proc_uptime=yes
gl_cv_header_working_fcntl_h=yes
gl_cv_host_cpu_c_abi_32bit=no
gl_cv_pipes_are_fifos='yes (1)'
glib_cv___va_copy=yes
glib_cv_compliant_posix_memalign=1
glib_cv_has__inline=yes
glib_cv_has__inline__=yes
glib_cv_hasinline=yes
glib_cv_have_qsort_r=yes
glib_cv_long_long_format=ll
glib_cv_rtldglobal_broken=yes
glib_cv_sane_realloc=yes
glib_cv_sizeof_gmutex=40
glib_cv_sizeof_intmax_t=8
glib_cv_sizeof_ptrdiff_t=8
glib_cv_sizeof_size_t=8
glib_cv_sizeof_system_thread=8
glib_cv_stack_grows=no
glib_cv_strlcpy=no
glib_cv_sys_pthread_cond_timedwait_posix=yes
glib_cv_sys_pthread_getspecific_posix=yes
glib_cv_sys_pthread_mutex_trylock_posix=yes
glib_cv_uscore=no
glib_cv_va_copy=yes
glib_cv_va_val_copy=no
gt_cv_func_CFLocaleCopyCurrent=no
gt_cv_func_CFPreferencesCopyAppValue=no
gt_cv_locale_fr=fr_FR
hw_cv_func_snprintf_c99=yes
hw_cv_func_vsnprintf_c99=yes
lf_cv_sane_realloc=yes
lftp_cv_va_val_copy=no
lt_cv_ar_at_file=@
lt_cv_archive_cmds_need_lc=no
lt_cv_deplibs_check_method=pass_all
lt_cv_file_magic_cmd='$MAGIC_CMD'
lt_cv_file_magic_test_file=
lt_cv_ld_reload_flag=-r
lt_cv_nm_interface='BSD nm'
lt_cv_objdir=.libs
lt_cv_path_LD='ld '
lt_cv_path_NM=nm
lt_cv_path_mainfest_tool=no
lt_cv_prog_compiler_c_o=yes
lt_cv_prog_compiler_pic='-fPIC -DPIC'
lt_cv_prog_compiler_pic_works=yes
lt_cv_prog_compiler_rtti_exceptions=no
lt_cv_prog_compiler_static_works=yes
lt_cv_prog_gnu_ld=yes
lt_cv_sharedlib_from_linklib_cmd='printf %s\n'
lt_cv_shlibpath_overrides_runpath=yes
lt_cv_sys_global_symbol_pipe='sed -n -e '\''s/^.*[	 ]\([ABCDGIRSTW][ABCDGIRSTW]*\)[	 ][	 ]*\([_A-Za-z][_A-Za-z0-9]*\)$/\1 \2 \2/p'\'' | sed '\''/ __gnu_lto/d'\'''
lt_cv_sys_global_symbol_to_c_name_address='sed -n -e '\''s/^: \(.*\) .*$/  {"\1", (void *) 0},/p'\'' -e '\''s/^[ABCDGIRSTW][ABCDGIRSTW]* .* \(.*\)$/  {"\1", (void *) \&\1},/p'\'''
lt_cv_sys_global_symbol_to_c_name_address_lib_prefix='sed -n -e '\''s/^: \(.*\) .*$/  {"\1", (void *) 0},/p'\'' -e '\''s/^[ABCDGIRSTW][ABCDGIRSTW]* .* \(lib.*\)$/  {"\1", (void *) \&\1},/p'\'' -e '\''s/^[ABCDGIRSTW][ABCDGIRSTW]* .* \(.*\)$/  {"lib\1", (void *) \&\1},/p'\'''
lt_cv_sys_global_symbol_to_cdecl='sed -n -e '\''s/^T .* \(.*\)$/extern int \1();/p'\'' -e '\''s/^[ABCDGIRSTW][ABCDGIRSTW]* .* \(.*\)$/extern char \1;/p'\'''
lt_cv_sys_global_symbol_to_import=
lt_cv_sys_lib_dlsearch_path_spec='/home/ubuntu/yocto/rpi-build/tmp/work/x86_64-linux/gdbm-native/1.23-r0/recipe-sysroot-native/usr/lib /home/ubuntu/yocto/rpi-build/tmp/work/x86_64-linux/gdbm-native/1.23-r0/recipe-sysroot-native/usr/lib /lib /lib64 /usr/lib /usr/lib64'
lt_cv_sys_max_cmd_len=1572864
lt_cv_to_host_file_cmd=func_convert_file_noop
lt_cv_to_tool_file_cmd=func_convert_file_noop
lt_cv_truncate_bin='/home/ubuntu/yocto/rpi-build/tmp/hosttools/dd bs=4096 count=1'
mr_cv_target_elf=yes
nano_cv_func_regexec_segv_emptystr=no
nfsd_cv_broken_setfsuid=0
nfsd_cv_bsd_signals=yes
nfsd_cv_func_statfs=statfs2_bsize
rsync_cv_HAVE_C99_VSNPRINTF=yes
samba_cv_HAVE_IFACE_AIX=no
samba_cv_HAVE_IFACE_IFCONF=yes
samba_cv_HAVE_IFACE_IFREQ=yes
samba_cv_HAVE_IRIX_SPECIFIC_CAPABILITIES=no
samba_cv_HAVE_VA_COPY=yes
screen_cv_sys_bcopy_overlap=no
screen_cv_sys_fifo_broken_impl=yes
screen_cv_sys_fifo_usable=yes
screen_cv_sys_memcpy_overlap=no
screen_cv_sys_memmove_overlap=no
screen_cv_sys_select_broken_retval=no
screen_cv_sys_sockets_nofs=no
screen_cv_sys_sockets_usable=yes
screen_cv_sys_terminfo_used=yes
shadow_cv_logdir=/home/ubuntu/yocto/rpi-build/tmp/work/x86_64-linux/gdbm-native/1.23-r0/recipe-sysroot-native/var/log
shadow_cv_maildir=/home/ubuntu/yocto/rpi-build/tmp/work/x86_64-linux/gdbm-native/1.23-r0/recipe-sysroot-native/var/spool/mail
shadow_cv_mailfile=Mailbox
shadow_cv_passwd_dir=/home/ubuntu/yocto/rpi-build/tmp/work/x86_64-linux/gdbm-native/1.23-r0/recipe-sysroot-native/usr/bin
shadow_cv_utmpdir=/home/ubuntu/yocto/rpi-build/tmp/work/x86_64-linux/gdbm-native/1.23-r0/recipe-sysroot-native/var/run
slrn_cv_va_val_copy=no
sudo_cv_func_unsetenv_void=no
tcl_cv_api_serial=termios
utils_cv_sys_open_max=1015
xorg_cv_malloc0_returns_null=yes

## ----------------- ##
## Output variables. ##
## ----------------- ##

ACLOCAL='${SHELL} '\''/home/ubuntu/yocto/rpi-build/tmp/work/x86_64-linux/gdbm-native/1.23-r0/gdbm-1.23/build-aux/missing'\'' aclocal-1.16'
AMDEPBACKSLASH=''
AMDEP_FALSE=''
AMDEP_TRUE='#'
AMTAR='$${TAR-tar}'
AM_BACKSLASH='\'
AM_DEFAULT_V='$(AM_DEFAULT_VERBOSITY)'
AM_DEFAULT_VERBOSITY='1'
AM_V='$(V)'
AR='ar'
AUTOCONF='${SHELL} '\''/home/ubuntu/yocto/rpi-build/tmp/work/x86_64-linux/gdbm-native/1.23-r0/gdbm-1.23/build-aux/missing'\'' autoconf'
AUTOHEADER='${SHELL} '\''/home/ubuntu/yocto/rpi-build/tmp/work/x86_64-linux/gdbm-native/1.23-r0/gdbm-1.23/build-aux/missing'\'' autoheader'
AUTOM4TE='${SHELL} '\''/home/ubuntu/yocto/rpi-build/tmp/work/x86_64-linux/gdbm-native/1.23-r0/gdbm-1.23/build-aux/missing'\'' autom4te'
AUTOMAKE='${SHELL} '\''/home/ubuntu/yocto/rpi-build/tmp/work/x86_64-linux/gdbm-native/1.23-r0/gdbm-1.23/build-aux/missing'\'' automake-1.16'
AWK='gawk'
BASE64_BIN=''
BISON='$(SHELL) $(top_srcdir)/build-aux/missing bison'
CC='gcc '
CCDEPMODE='depmode=none'
CFLAGS='-isystem/home/ubuntu/yocto/rpi-build/tmp/work/x86_64-linux/gdbm-native/1.23-r0/recipe-sysroot-native/usr/include -O2 -pipe'
COMPATINCLUDEDIR='$(includedir)'
COMPAT_OPT_FALSE='#'
COMPAT_OPT_TRUE=''
COND_GDBMTOOL_DEBUG_FALSE=''
COND_GDBMTOOL_DEBUG_TRUE='#'
CPP='gcc  -E'
CPPFLAGS='-isystem/home/ubuntu/yocto/rpi-build/tmp/work/x86_64-linux/gdbm-native/1.23-r0/recipe-sysroot-native/usr/include'
CSCOPE='cscope'
CTAGS='ctags'
CURSES_LIBS=''
CYGPATH_W='echo'
DEFS='-DHAVE_CONFIG_H'
DEPDIR='.deps'
DLLTOOL='false'
DSYMUTIL=''
DUMPBIN=''
ECHO_C=''
ECHO_N='-n'
ECHO_T=''
EGREP='/home/ubuntu/yocto/rpi-build/tmp/hosttools/grep -E'
ETAGS='etags'
EXEEXT=''
FGREP='/home/ubuntu/yocto/rpi-build/tmp/hosttools/grep -F'
FILECMD='file'
FLEX='$(SHELL) $(top_srcdir)/build-aux/missing flex'
GDBM_COND_DEBUG_ENABLE_FALSE=''
GDBM_COND_DEBUG_ENABLE_TRUE='#'
GDBM_COND_READLINE_FALSE=''
GDBM_COND_READLINE_TRUE='#'
GDBM_COUNT_T='unsigned long long int'
GDBM_DEBUG_ENABLE='0'
GDBM_VERSION_MAJOR='1'
GDBM_VERSION_MINOR='23'
GDBM_VERSION_PATCH='0'
GETTEXT_MACRO_VERSION='0.20'
GMSGFMT=':'
GMSGFMT_015=':'
GREP='/home/ubuntu/yocto/rpi-build/tmp/hosttools/grep'
GZIP_BIN='/home/ubuntu/yocto/rpi-build/tmp/hosttools/gzip'
INSTALL_DATA='${INSTALL} -m 644'
INSTALL_PROGRAM='${INSTALL}'
INSTALL_SCRIPT='${INSTALL}'
INSTALL_STRIP_PROGRAM='$(install_sh) -c -s'
INTLLIBS=''
INTL_MACOSX_LIBS=''
LD='ld  -m elf_x86_64'
LDFLAGS='-L/home/ubuntu/yocto/rpi-build/tmp/work/x86_64-linux/gdbm-native/1.23-r0/recipe-sysroot-native/usr/lib                         -L/home/ubuntu/yocto/rpi-build/tmp/work/x86_64-linux/gdbm-native/1.23-r0/recipe-sysroot-native/lib                         -Wl,--enable-new-dtags                         -Wl,-rpath-link,/home/ubuntu/yocto/rpi-build/tmp/work/x86_64-linux/gdbm-native/1.23-r0/recipe-sysroot-native/usr/lib                         -Wl,-rpath-link,/home/ubuntu/yocto/rpi-build/tmp/work/x86_64-linux/gdbm-native/1.23-r0/recipe-sysroot-native/lib                         -Wl,-rpath,/home/ubuntu/yocto/rpi-build/tmp/work/x86_64-linux/gdbm-native/1.23-r0/recipe-sysroot-native/usr/lib                         -Wl,-rpath,/home/ubuntu/yocto/rpi-build/tmp/work/x86_64-linux/gdbm-native/1.23-r0/recipe-sysroot-native/lib                         -Wl,-O1 -Wl,--allow-shlib-undefined -Wl,--dynamic-linker=/home/ubuntu/yocto/rpi-build/tmp/sysroots-uninative/x86_64-linux/lib/ld-linux-x86-64.so.2'
LFLAGS_DEBUG=''
LIBICONV='-liconv'
LIBINTL=''
LIBOBJS=''
LIBS=''
LIBTOOL='$(SHELL) $(top_builddir)/libtool'
LIPO=''
LN_S='ln -s'
LTLIBICONV='-liconv'
LTLIBINTL=''
LTLIBOBJS=''
LT_SYS_LIBRARY_PATH=''
MAKEINFO='${SHELL} '\''/home/ubuntu/yocto/rpi-build/tmp/work/x86_64-linux/gdbm-native/1.23-r0/gdbm-1.23/build-aux/missing'\'' makeinfo'
MANIFEST_TOOL=':'
MKDIR_P='/home/ubuntu/yocto/rpi-build/tmp/hosttools/mkdir -p'
MSGFMT=':'
MSGMERGE=':'
MSGMERGE_FOR_MSGFMT_OPTION='--no-location --quiet'
NM='nm'
NMEDIT=''
OBJDUMP='objdump'
OBJEXT='o'
OTOOL64=''
OTOOL=''
PACKAGE='gdbm'
PACKAGE_BUGREPORT='bug-gdbm@gnu.org'
PACKAGE_NAME='gdbm'
PACKAGE_STRING='gdbm 1.23'
PACKAGE_TARNAME='gdbm'
PACKAGE_URL='http://www.gnu.org/software/gdbm'
PACKAGE_VERSION='1.23'
PATH_SEPARATOR=':'
POSUB=''
RANLIB='ranlib -D'
READLINE_LIBS=''
SED='sed'
SET_MAKE=''
SHELL='/bin/bash'
STRIP='strip'
USE_NLS='no'
VERSION='1.23'
XGETTEXT=':'
XGETTEXT_015=':'
XGETTEXT_EXTRA_OPTIONS=''
YFLAGS_DEBUG=''
ac_ct_AR=''
ac_ct_CC=''
ac_ct_DUMPBIN=''
am__EXEEXT_FALSE=''
am__EXEEXT_TRUE='#'
am__fastdepCC_FALSE=''
am__fastdepCC_TRUE='#'
am__include='include'
am__isrc=' -I$(srcdir)'
am__leading_dot='.'
am__nodep=''
am__quote=''
am__tar='$${TAR-tar} chof - "$$tardir"'
am__untar='$${TAR-tar} xf -'
bindir='/home/ubuntu/yocto/rpi-build/tmp/work/x86_64-linux/gdbm-native/1.23-r0/recipe-sysroot-native/usr/bin'
build='x86_64-pc-linux-gnu'
build_alias='x86_64-linux'
build_cpu='x86_64'
build_os='linux-gnu'
build_vendor='pc'
datadir='/home/ubuntu/yocto/rpi-build/tmp/work/x86_64-linux/gdbm-native/1.23-r0/recipe-sysroot-native/usr/share'
datarootdir='${prefix}/share'
docdir='${datarootdir}/doc/${PACKAGE_TARNAME}'
dvidir='${docdir}'
exec_prefix='/home/ubuntu/yocto/rpi-build/tmp/work/x86_64-linux/gdbm-native/1.23-r0/recipe-sysroot-native/usr'
host='x86_64-pc-linux-gnu'
host_alias='x86_64-linux'
host_cpu='x86_64'
host_os='linux-gnu'
host_vendor='pc'
htmldir='${docdir}'
includedir='/home/ubuntu/yocto/rpi-build/tmp/work/x86_64-linux/gdbm-native/1.23-r0/recipe-sysroot-native/usr/include'
infodir='/home/ubuntu/yocto/rpi-build/tmp/work/x86_64-linux/gdbm-native/1.23-r0/recipe-sysroot-native/usr/share/info'
install_sh='${SHELL} /home/ubuntu/yocto/rpi-build/tmp/work/x86_64-linux/gdbm-native/1.23-r0/gdbm-1.23/build-aux/install-sh'
libdir='/home/ubuntu/yocto/rpi-build/tmp/work/x86_64-linux/gdbm-native/1.23-r0/recipe-sysroot-native/usr/lib'
libexecdir='/home/ubuntu/yocto/rpi-build/tmp/work/x86_64-linux/gdbm-native/1.23-r0/recipe-sysroot-native/usr/libexec'
localedir='${datarootdir}/locale'
localstatedir='/home/ubuntu/yocto/rpi-build/tmp/work/x86_64-linux/gdbm-native/1.23-r0/recipe-sysroot-native/var'
mandir='/home/ubuntu/yocto/rpi-build/tmp/work/x86_64-linux/gdbm-native/1.23-r0/recipe-sysroot-native/usr/share/man'
mkdir_p='$(MKDIR_P)'
oldincludedir='/home/ubuntu/yocto/rpi-build/tmp/work/x86_64-linux/gdbm-native/1.23-r0/recipe-sysroot-native/usr/include'
pdfdir='${docdir}'
prefix='/home/ubuntu/yocto/rpi-build/tmp/work/x86_64-linux/gdbm-native/1.23-r0/recipe-sysroot-native/usr'
program_transform_name='s,x,x,'
psdir='${docdir}'
runstatedir='${localstatedir}/run'
sbindir='/home/ubuntu/yocto/rpi-build/tmp/work/x86_64-linux/gdbm-native/1.23-r0/recipe-sysroot-native/usr/sbin'
sharedstatedir='/home/ubuntu/yocto/rpi-build/tmp/work/x86_64-linux/gdbm-native/1.23-r0/recipe-sysroot-native/com'
sysconfdir='/home/ubuntu/yocto/rpi-build/tmp/work/x86_64-linux/gdbm-native/1.23-r0/recipe-sysroot-native/etc'
target_alias='x86_64-linux'

## ----------- ##
## confdefs.h. ##
## ----------- ##

/* confdefs.h */
#define PACKAGE_NAME "gdbm"
#define PACKAGE_TARNAME "gdbm"
#define PACKAGE_VERSION "1.23"
#define PACKAGE_STRING "gdbm 1.23"
#define PACKAGE_BUGREPORT "bug-gdbm@gnu.org"
#define PACKAGE_URL "http://www.gnu.org/software/gdbm"
#define PACKAGE "gdbm"
#define VERSION "1.23"
#define HAVE_STDIO_H 1
#define HAVE_STDLIB_H 1
#define HAVE_STRING_H 1
#define HAVE_INTTYPES_H 1
#define HAVE_STDINT_H 1
#define HAVE_STRINGS_H 1
#define HAVE_SYS_STAT_H 1
#define HAVE_SYS_TYPES_H 1
#define HAVE_UNISTD_H 1
#define HAVE_SYS_PARAM_H 1
#define STDC_HEADERS 1
#define HAVE_DLFCN_H 1
#define LT_OBJDIR ".libs/"
#define HAVE_UNSIGNED_LONG_LONG_INT 1
#define GDBM_THREAD_LOCAL __thread
#define HAVE_SYS_FILE_H 1
#define HAVE_STRING_H 1
#define HAVE_LOCALE_H 1
#define HAVE_GETOPT_H 1
#define HAVE_FTRUNCATE 1
#define HAVE_FLOCK 1
#define HAVE_LOCKF 1
#define HAVE_FSYNC 1
#define HAVE_SETLOCALE 1
#define HAVE_GETOPT_LONG 1
#define HAVE_GETPAGESIZE 1
#define HAVE_MMAP 1
#define HAVE_MSYNC 1
#define SIZEOF_OFF_T 8
#define HAVE_STRUCT_STAT_ST_BLKSIZE 1
#define HAVE_STRUCT_STAT_ST_MTIM 1
#define GDBM_FAILURE_ATOMIC 1

configure: exit 0
