This file contains any messages produced by compilers while
running configure, to aid debugging if configure makes a mistake.

It was created by MPFR configure 4.1.1, which was
generated by GNU Autoconf 2.71.  Invocation command line was

  $ ../mpfr-4.1.1/configure --build=x86_64-linux --host=x86_64-linux --target=x86_64-linux --prefix=/home/ubuntu/yocto/rpi-build/tmp/work/x86_64-linux/mpfr-native/4.1.1-r0/recipe-sysroot-native/usr --exec_prefix=/home/ubuntu/yocto/rpi-build/tmp/work/x86_64-linux/mpfr-native/4.1.1-r0/recipe-sysroot-native/usr --bindir=/home/ubuntu/yocto/rpi-build/tmp/work/x86_64-linux/mpfr-native/4.1.1-r0/recipe-sysroot-native/usr/bin --sbindir=/home/ubuntu/yocto/rpi-build/tmp/work/x86_64-linux/mpfr-native/4.1.1-r0/recipe-sysroot-native/usr/sbin --libexecdir=/home/ubuntu/yocto/rpi-build/tmp/work/x86_64-linux/mpfr-native/4.1.1-r0/recipe-sysroot-native/usr/libexec --datadir=/home/ubuntu/yocto/rpi-build/tmp/work/x86_64-linux/mpfr-native/4.1.1-r0/recipe-sysroot-native/usr/share --sysconfdir=/home/ubuntu/yocto/rpi-build/tmp/work/x86_64-linux/mpfr-native/4.1.1-r0/recipe-sysroot-native/etc --sharedstatedir=/home/ubuntu/yocto/rpi-build/tmp/work/x86_64-linux/mpfr-native/4.1.1-r0/recipe-sysroot-native/com --localstatedir=/home/ubuntu/yocto/rpi-build/tmp/work/x86_64-linux/mpfr-native/4.1.1-r0/recipe-sysroot-native/var --libdir=/home/ubuntu/yocto/rpi-build/tmp/work/x86_64-linux/mpfr-native/4.1.1-r0/recipe-sysroot-native/usr/lib --includedir=/home/ubuntu/yocto/rpi-build/tmp/work/x86_64-linux/mpfr-native/4.1.1-r0/recipe-sysroot-native/usr/include --oldincludedir=/home/ubuntu/yocto/rpi-build/tmp/work/x86_64-linux/mpfr-native/4.1.1-r0/recipe-sysroot-native/usr/include --infodir=/home/ubuntu/yocto/rpi-build/tmp/work/x86_64-linux/mpfr-native/4.1.1-r0/recipe-sysroot-native/usr/share/info --mandir=/home/ubuntu/yocto/rpi-build/tmp/work/x86_64-linux/mpfr-native/4.1.1-r0/recipe-sysroot-native/usr/share/man --disable-silent-rules --disable-dependency-tracking --disable-static

## --------- ##
## Platform. ##
## --------- ##

hostname = DESKTOP-CSPIOE3
uname -m = x86_64
uname -r = 6.6.87.2-microsoft-standard-WSL2
uname -s = Linux
uname -v = #1 SMP PREEMPT_DYNAMIC Thu Jun  5 18:30:46 UTC 2025

/usr/bin/uname -p = x86_64
/bin/uname -X     = unknown

/bin/arch              = x86_64
/usr/bin/arch -k       = unknown
/usr/convex/getsysinfo = unknown
/usr/bin/hostinfo      = unknown
/bin/machine           = unknown
/usr/bin/oslevel       = unknown
/bin/universe          = unknown

PATH: /home/ubuntu/yocto/poky/scripts/native-intercept/
PATH: /home/ubuntu/yocto/rpi-build/tmp/sysroots-uninative/x86_64-linux/usr/bin/
PATH: /home/ubuntu/yocto/poky/scripts/
PATH: /home/ubuntu/yocto/rpi-build/tmp/work/x86_64-linux/mpfr-native/4.1.1-r0/recipe-sysroot-native/usr/bin/x86_64-linux/
PATH: /home/ubuntu/yocto/rpi-build/tmp/work/x86_64-linux/mpfr-native/4.1.1-r0/recipe-sysroot-native/usr/bin/
PATH: /home/ubuntu/yocto/rpi-build/tmp/work/x86_64-linux/mpfr-native/4.1.1-r0/recipe-sysroot-native/usr/sbin/
PATH: /home/ubuntu/yocto/rpi-build/tmp/work/x86_64-linux/mpfr-native/4.1.1-r0/recipe-sysroot-native/usr/bin/
PATH: /home/ubuntu/yocto/rpi-build/tmp/work/x86_64-linux/mpfr-native/4.1.1-r0/recipe-sysroot-native/sbin/
PATH: /home/ubuntu/yocto/rpi-build/tmp/work/x86_64-linux/mpfr-native/4.1.1-r0/recipe-sysroot-native/bin/
PATH: /home/ubuntu/yocto/poky/bitbake/bin/
PATH: /home/ubuntu/yocto/rpi-build/tmp/hosttools/


## ----------- ##
## Core tests. ##
## ----------- ##

configure:2508: loading site script /home/ubuntu/yocto/poky/meta/site/endian-little
| ac_cv_c_littleendian=${ac_cv_c_littleendian=yes}
| ac_cv_c_bigendian=${ac_cv_c_bigendian=no}
| 
| # libnet
| ac_cv_libnet_endianess=${ac_cv_libnet_endianess=lil}
| 
| # libmemcached
| ac_cv_c_endian=little
configure:2508: loading site script /home/ubuntu/yocto/poky/meta/site/common-linux
| # gettext - these add sleep delays otherwise
| gl_cv_func_sleep_works=${gl_cv_func_sleep_works=yes}
| gl_cv_header_working_fcntl_h=${gl_cv_header_working_fcntl_h=yes}
| # the euc-jp tests in iconv.m4 break elfutils and libunistring depending on the
| # host locales installed. Avoid this by skipping the tests, we're not on HP-UX!
| am_cv_func_iconv_works=${am_cv_func_iconv_works=yes}
| 
| # apr
| ac_cv_file__dev_zero=${ac_cv_file__dev_zero=yes}
| ac_cv_sizeof_pid_t=${ac_cv_sizeof_pid_t=4}
| ac_cv_func_pthread_key_delete=${ac_cv_func_pthread_key_delete=yes}
| apr_cv_tcp_nodelay_with_cork=${apr_cv_tcp_nodelay_with_cork=yes}
| apr_cv_process_shared_works=${apr_cv_process_shared_works=no}
| 
| # samba
| samba_cv_HAVE_IFACE_AIX=${samba_cv_HAVE_IFACE_AIX=no}
| samba_cv_HAVE_IFACE_IFCONF=${samba_cv_HAVE_IFACE_IFCONF=yes}
| samba_cv_HAVE_IFACE_IFREQ=${samba_cv_HAVE_IFACE_IFREQ=yes}
| samba_cv_HAVE_IRIX_SPECIFIC_CAPABILITIES=${samba_cv_HAVE_IRIX_SPECIFIC_CAPABILITIES=no}
| 
| # db
| db_cv_path_ar=${db_cv_path_ar=/usr/bin/ar}
| db_cv_path_chmod=${db_cv_path_chmod=/bin/chmod}
| db_cv_path_cp=${db_cv_path_cp=/bin/cp}
| db_cv_path_ln=${db_cv_path_ln=/bin/ln}
| db_cv_path_mkdir=${db_cv_path_mkdir=/bin/mkdir}
| db_cv_path_ranlib=${db_cv_path_ranlib=/usr/bin/ranlib}
| db_cv_path_rm=${db_cv_path_rm=/bin/rm}
| db_cv_path_sh=${db_cv_path_sh=/bin/sh}
| db_cv_path_strip=${db_cv_path_strip=/usr/bin/strip}
| 
| # bash
| bash_cv_have_mbstate_t=${bash_cv_have_mbstate_t=yes}
| bash_cv_must_reinstall_sighandlers=${bash_cv_must_reinstall_sighandlers=no}
| bash_cv_func_strcoll_broken=${bash_cv_func_strcoll_broken=no}
| bash_cv_dup2_broken=${bash_cv_dup2_broken=no}
| bash_cv_opendir_not_robust=${bash_cv_opendir_not_robust=no}
| bash_cv_type_rlimit=${bash_cv_type_rlimit=rlim_t}
| bash_cv_getenv_redef=${bash_cv_getenv_redef=yes}
| bash_cv_ulimit_maxfds=${bash_cv_ulimit_maxfds=yes}
| bash_cv_getcwd_calls_popen=${bash_cv_getcwd_calls_popen=no}
| bash_cv_printf_a_format=${bash_cv_printf_a_format=yes}
| bash_cv_pgrp_pipe=${bash_cv_pgrp_pipe=no}
| bash_cv_job_control_missing=${bash_cv_job_control_missing=present}
| bash_cv_sys_named_pipes=${bash_cv_sys_named_pipes=present}
| bash_cv_unusable_rtsigs=${bash_cv_unusable_rtsigs=no}
| 
| # ccache
| hw_cv_func_snprintf_c99=${hw_cv_func_snprintf_c99=yes}
| hw_cv_func_vsnprintf_c99=${hw_cv_func_vsnprintf_c99=yes}
| 
| # coreutils
| ac_cv_func_chown_works=${ac_cv_func_chown_works=yes}
| ac_cv_func_utime_null=${ac_cv_func_utime_null=yes}
| gl_cv_func_fstatat_zero_flag=${gl_cv_func_fstatat_zero_flag=yes}
| gl_cv_func_link_follows_symlink=${gl_cv_func_link_follows_symlink=no}
| gl_cv_func_unlink_busy_text=${gl_cv_func_unlink_busy_text=yes}
| gl_cv_have_proc_uptime=${gl_cv_have_proc_uptime=yes}
| gl_cv_pipes_are_fifos=${gl_cv_pipes_are_fifos='yes (1)'}
| 
| # mysql
| ac_cv_sys_restartable_syscalls=${ac_cv_sys_restartable_syscalls=yes}
| ac_cv_conv_longlong_to_float=${ac_cv_conv_longlong_to_float=yes}
| 
| # TCL
| tcl_cv_api_serial=${tcl_cv_api_serial=termios}
| 
| # python
| ac_cv_have_long_long_format=yes
| 
| # apache
| ac_cv_o_nonblock_inherited=${ac_cv_o_nonblock_inherited=no}
| 
| # rsync
| rsync_cv_HAVE_C99_VSNPRINTF=${rsync_cv_HAVE_C99_VSNPRINTF=yes}
configure:2508: loading site script /home/ubuntu/yocto/poky/meta/site/common-glibc
| # general
| ac_cv_func_calloc_0_nonnull=${ac_cv_func_calloc_0_nonnull=yes}
| ac_cv_func_realloc_works=${ac_cv_func_realloc_works=yes}
| ac_cv_func_realloc_0_nonnull=${ac_cv_func_realloc_0_nonnull=yes}
| ac_cv_func_malloc_works=${ac_cv_func_malloc_works=yes}
| ac_cv_func_malloc_0_nonnull=${ac_cv_func_malloc_0_nonnull=yes}
| ac_cv_func_memcmp_working=${ac_cv_func_memcmp_working=yes}
| ac_cv_func_getpgrp_void=yes
| ac_cv_func_setpgrp_void=yes
| ac_cv_func_setgrent_void=yes
| ac_cv_func_getgrgid_r=${ac_cv_func_getgrgid_r=yes}
| ac_cv_func_getpwuid_r=${ac_cv_func_getpwuid_r=yes}
| ac_cv_func_posix_getpwuid_r=${ac_cv_func_posix_getpwuid_r=yes}
| ac_cv_func_posix_getgrgid_r=${ac_cv_func_posix_getgrgid_r=yes}
| ac_cv_type_uid_t={ac_cv_type_uid_t=yes}
| ac_cv_func_getaddrinfo=${ac_cv_func_getaddrinfo=yes}
| ac_cv_func_strtod=${ac_cv_func_strtod=yes}
| 
| # bash
| bash_cv_getcwd_malloc=${bash_cv_getcwd_malloc=yes}
| 
| # clamav
| clamav_av_func_working_snprintf_long=${clamav_av_func_working_snprintf_long=yes}
| clamav_av_have_in_port_t=${clamav_av_have_in_port_t=yes}
| clamav_av_have_in_addr_t=${clamav_av_have_in_addr_t=yes}
| ac_cv_func_mmap_fixed_mapped=${ac_cv_func_mmap_fixed_mapped=yes}
| 
| # coreutils
| fu_cv_sys_stat_statfs2_bsize=${fu_cv_sys_stat_statfs2_bsize=yes}
| gl_cv_func_getcwd_abort_bug=${gl_cv_func_getcwd_abort_bug=no}
| gl_cv_func_getcwd_null=${gl_cv_func_getcwd_null=yes}
| gl_cv_func_getcwd_path_max=${gl_cv_func_getcwd_path_max=yes}
| ac_cv_func_getgroups_works=${ac_cv_func_getgroups_works=yes}
| gl_cv_func_nanosleep=${gl_cv_func_nanosleep='no (mishandles large arguments)'}
| gl_cv_func_working_mkstemp=${gl_cv_func_working_mkstemp=yes}
| gl_cv_func_working_mktime=${gl_cv_func_working_mktime=yes}
| gl_cv_func_working_utimes=${gl_cv_func_working_utimes=yes}
| 
| # glib
| glib_cv_strlcpy=${glib_cv_strlcpy=no}
| ac_cv_func_printf_unix98=${ac_cv_func_printf_unix98=yes}
| ac_cv_func_snprintf_c99=${ac_cv_func_snprintf_c99=yes}
| ac_cv_func_vsnprintf_c99=${ac_cv_func_vsnprintf_c99=yes}
| glib_cv_compliant_posix_memalign=${glib_cv_compliant_posix_memalign=1}
| glib_cv_long_long_format=${glib_cv_long_long_format=ll}
| # glib-1.x requires this and pkgconfig-native / pkgconfig-nativesdk use
| # that to avoid a dependency loop.
| glib_cv___va_copy=${glib_cv___va_copy=yes}
| glib_cv_va_copy=${glib_cv_va_copy=yes}
| glib_cv_have_qsort_r=${glib_cv_have_qsort_r=yes}
| 
| #dbus-glib
| ac_cv_have_abstract_sockets=${ac_cv_have_abstract_sockets=yes}
| 
| # gnucash
| am_cv_scanf_lld=${am_cv_scanf_lld=yes}
| 
| # guile
| ac_cv_func_pthread_attr_getstack=${ac_cv_func_pthread_attr_getstack=yes}
| 
| #gcc-zlib
| ac_cv_func_getpagesize=${ac_cv_func_getpagesize=yes}
| ac_cv_func_memcpy=${ac_cv_func_memcpy=yes}
| ac_cv_func_strerror=${ac_cv_func_strerror=yes}
| 
| # squid
| ac_cv_af_unix_large_dgram=${ac_cv_af_unix_large_dgram=yes}
| ac_cv_func_setresuid=${ac_cv_func_setresuid=yes}
| ac_cv_func_va_copy=${ac_cv_func_va_copy=yes}
| ac_cv_func___va_copy=${ac_cv_func___va_copy=yes}
| ac_cv_epoll_works=${ac_cv_epoll_works=yes}
| 
| ac_cv_check_sjlj=ssjlj
| 
| # m4
| gt_cv_locale_fr=${gt_cv_locale_fr=fr_FR}
| gl_cv_func_btowc_eof=${gl_cv_func_btowc_eof=yes}
| gl_cv_func_wcrtomb_retval=${gl_cv_func_wcrtomb_retval=yes}
| gl_cv_func_wctob_works=${gl_cv_func_wctob_works=yes}
| gl_cv_func_mbrtowc_incomplete_state=${gl_cv_func_mbrtowc_incomplete_state=yes}
| gl_cv_func_mbrtowc_sanitycheck=${gl_cv_func_mbrtowc_sanitycheck=yes}
| gl_cv_func_mbrtowc_null_arg=${gl_cv_func_mbrtowc_null_arg=yes}
| gl_cv_func_mbrtowc_retval=${gl_cv_func_mbrtowc_retval=yes}
| gl_cv_func_mbrtowc_nul_retval=${gl_cv_func_mbrtowc_nul_retval=yes}
| 
| # va_copy and _va_copy
| ac_cv_va_copy=${ac_cv_va_copy=yes}
| ac_cv___va_copy=${ac_cv___va_copy=yes}
| ac_cv_func_va_copy=${ac_cv_func_va_copy=yes}
| ac_cv_func___va_copy=${ac_cv_func___va_copy=yes}
| 
| # Xorg
| xorg_cv_malloc0_returns_null=${xorg_cv_malloc0_returns_null=yes}
configure:2508: loading site script /home/ubuntu/yocto/poky/meta/site/x86_64-linux
| # general
| ac_cv_va_val_copy=${ac_cv_va_val_copy=no}
| ac_cv_func_lstat_dereferences_slashed_symlink=${ac_cv_func_lstat_dereferences_slashed_symlink=yes}
| ac_cv_func_lstat_empty_string_bug=${ac_cv_func_lstat_empty_string_bug=no}
| ac_cv_func_posix_getpwnam_r=${ac_cv_func_posix_getpwnam_r=yes}
| ac_cv_func_setvbuf_reversed=${ac_cv_func_setvbuf_reversed=no}
| ac_cv_func_stat_empty_string_bug=${ac_cv_func_stat_empty_string_bug=no}
| ac_cv_func_stat_ignores_trailing_slash=${ac_cv_func_stat_ignores_trailing_slash=no}
| ac_libnet_have_packet_socket=${ac_libnet_have_packet_socket=yes}
| ac_cv_linux_vers=${ac_cv_linux_vers=2}
| ac_cv_need_trio=${ac_cv_need_trio=no}
| ac_cv_sizeof_char=${ac_cv_sizeof_char=1}
| ac_cv_sizeof_int=${ac_cv_sizeof_int=4}
| ac_cv_sizeof_unsigned_int=${ac_cv_sizeof_unsigned_int=4}
| ac_cv_sizeof___int64=${ac_cv_sizeof___int64=0}
| ac_cv_sizeof_long=${ac_cv_sizeof_long=8}
| ac_cv_sizeof_unsigned_long=${ac_cv_sizeof_unsigned_long=8}
| ac_cv_sizeof_long_double=${ac_cv_sizeof_long_double=16}
| ac_cv_sizeof_long_int=${ac_cv_sizeof_long_int=8}
| ac_cv_sizeof_long_long=${ac_cv_sizeof_long_long=8}
| ac_cv_sizeof_short=${ac_cv_sizeof_short=2}
| ac_cv_sizeof_unsigned_short=${ac_cv_sizeof_unsigned_short=2}
| ac_cv_sizeof_short_int=${ac_cv_sizeof_short_int=2}
| ac_cv_sizeof_size_t=${ac_cv_sizeof_size_t=8}
| ac_cv_sizeof_uid_t=${ac_cv_sizeof_uid_t=4}
| ac_cv_sizeof_gid_t=${ac_cv_sizeof_gid_t=4}
| ac_cv_sizeof_dev_t=${ac_cv_sizeof_dev_t=8}
| ac_cv_sizeof_void_p=${ac_cv_sizeof_void_p=8}
| ac_cv_strerror_r_SUSv3=${ac_cv_strerror_r_SUSv3=no}
| db_cv_alignp_t=${db_cv_alignp_t='unsigned long long'}
| db_cv_align_t=${db_cv_align_t='unsigned long long'}
| db_cv_fcntl_f_setfd=${db_cv_fcntl_f_setfd=yes}
| db_cv_sprintf_count=${db_cv_sprintf_count=yes}
| 
| # glib
| glib_cv_hasinline=${glib_cv_hasinline=yes}
| glib_cv_has__inline=${glib_cv_has__inline=yes}
| glib_cv_has__inline__=${glib_cv_has__inline__=yes}
| glib_cv_long_long_format=${glib_cv_long_long_format=ll}
| glib_cv_rtldglobal_broken=${glib_cv_rtldglobal_broken=yes}
| glib_cv_sane_realloc=${glib_cv_sane_realloc=yes}
| glib_cv_sizeof_gmutex=${glib_cv_sizeof_gmutex=40}
| glib_cv_sizeof_intmax_t=${glib_cv_sizeof_intmax_t=8}
| glib_cv_sizeof_ptrdiff_t=${glib_cv_sizeof_ptrdiff_t=8}
| glib_cv_sizeof_size_t=${glib_cv_sizeof_size_t=8}
| glib_cv_sizeof_system_thread=${glib_cv_sizeof_system_thread=8}
| glib_cv_stack_grows=${glib_cv_stack_grows=no}
| glib_cv_sys_pthread_cond_timedwait_posix=${glib_cv_sys_pthread_cond_timedwait_posix=yes}
| glib_cv_sys_pthread_getspecific_posix=${glib_cv_sys_pthread_getspecific_posix=yes}
| glib_cv_sys_pthread_mutex_trylock_posix=${glib_cv_sys_pthread_mutex_trylock_posix=yes}
| glib_cv_uscore=${glib_cv_uscore=no}
| glib_cv_va_val_copy=${glib_cv_va_val_copy=no}
| ac_cv_alignof_guint32=4
| ac_cv_alignof_guint64=8
| ac_cv_alignof_unsigned_long=8
| 
| nano_cv_func_regexec_segv_emptystr=${nano_cv_func_regexec_segv_emptystr=no}
| samba_cv_HAVE_VA_COPY=${samba_cv_HAVE_VA_COPY=yes}
| screen_cv_sys_bcopy_overlap=${screen_cv_sys_bcopy_overlap=no}
| screen_cv_sys_fifo_broken_impl=${screen_cv_sys_fifo_broken_impl=yes}
| screen_cv_sys_fifo_usable=${screen_cv_sys_fifo_usable=yes}
| screen_cv_sys_memcpy_overlap=${screen_cv_sys_memcpy_overlap=no}
| screen_cv_sys_memmove_overlap=${screen_cv_sys_memmove_overlap=no}
| screen_cv_sys_select_broken_retval=${screen_cv_sys_select_broken_retval=no}
| screen_cv_sys_sockets_nofs=${screen_cv_sys_sockets_nofs=no}
| screen_cv_sys_sockets_usable=${screen_cv_sys_sockets_usable=yes}
| screen_cv_sys_terminfo_used=${screen_cv_sys_terminfo_used=yes}
| utils_cv_sys_open_max=${utils_cv_sys_open_max=1015}
| 
| # gettext
| am_cv_func_working_getline=${am_cv_func_working_getline=yes}
| 
| #gcc
| ac_cv_lib_m_sin=${ac_cv_lib_m_sin=yes}
| 
| # bash
| bash_cv_func_sigsetjmp=${bash_cv_func_sigsetjmp=present}
| 
| lf_cv_sane_realloc=yes
| as_cv_unaligned_access=${as_cv_unaligned_access=yes}
| 
| #unfs3
| nfsd_cv_broken_setfsuid=${nfsd_cv_broken_setfsuid=0}
| nfsd_cv_func_statfs=${nfsd_cv_func_statfs=statfs2_bsize}
| nfsd_cv_bsd_signals=${nfsd_cv_bsd_signals=yes}
| 
| #apr
| apr_cv_tcp_nodelay_with_cork=${apr_cv_tcp_nodelay_with_cork=yes}
| 
| # lftp
| lftp_cv_va_val_copy=${lftp_cv_va_val_copy=no}
| 
| # slrn
| slrn_cv_va_val_copy=${slrn_cv_va_val_copy=no}
| 
| # grub
| ac_cv_func___ashldi3=no
| ac_cv_func___ashrdi3=no
| ac_cv_func___bswapdi2=no
| ac_cv_func___bswapsi2=no
| ac_cv_func___lshrdi3=no
| ac_cv_func___trampoline_setup=no
| ac_cv_func___ucmpdi2=no
| ac_cv_func__restgpr_14_x=no
| 
| # cvs
| cvs_cv_func_printf_ptr=${cvs_cv_func_printf_ptr=yes}
| 
| # at-spi2-core
| ac_cv_alignof_char=1
| ac_cv_alignof_dbind_pointer=8
| ac_cv_alignof_dbind_struct=1
| ac_cv_alignof_dbus_bool_t=4
| ac_cv_alignof_dbus_int16_t=2
| ac_cv_alignof_dbus_int32_t=4
| ac_cv_alignof_dbus_int64_t=8
| ac_cv_alignof_double=8
configure:2508: loading site script /home/ubuntu/yocto/poky/meta/site/common
| # libelf
| mr_cv_target_elf=${mr_cv_target_elf=yes}
| 
| # Normally kernels have /dev/random enabled
| ac_cv_file__dev_random=${ac_cv_file__dev_random=yes}
| 
| # Avoid sudo to assume void for unsetenv in cross environment, or else it conflicts with
| # target stdlib.h prototype which follows POSIX compiliance. Mark for upstream.
| sudo_cv_func_unsetenv_void=no
| 
| # shadow dir info, to avoid searching build system
| shadow_cv_maildir=${localstatedir}/spool/mail
| shadow_cv_mailfile=Mailbox
| shadow_cv_utmpdir=${localstatedir}/run
| shadow_cv_logdir=${localstatedir}/log
| shadow_cv_passwd_dir=${bindir}
| 
| # python: deactivate a runtime check for ipv6-support in python >=2.7.1 that fails when cross-compiling
| ac_cv_buggy_getaddrinfo=no
| 
| ac_cv_path_SED=${ac_cv_path_SED=sed}
| 
| # General
| ac_cv_have_decl_sys_siglist=${ac_cv_have_decl_sys_siglist=no}
| 
| # bash
| bash_cv_under_sys_siglist=${bash_cv_under_sys_siglist=no}
| bash_cv_sys_siglist=${bash_cv_sys_siglist=no}
configure:2867: looking for aux files: ltmain.sh ar-lib compile missing install-sh config.guess config.sub
configure:2880:  trying ../mpfr-4.1.1/
configure:2909:   ../mpfr-4.1.1/ltmain.sh found
configure:2909:   ../mpfr-4.1.1/ar-lib found
configure:2909:   ../mpfr-4.1.1/compile found
configure:2909:   ../mpfr-4.1.1/missing found
configure:2891:   ../mpfr-4.1.1/install-sh found
configure:2909:   ../mpfr-4.1.1/config.guess found
configure:2909:   ../mpfr-4.1.1/config.sub found
configure:3028: checking build system type
configure:3043: result: x86_64-pc-linux-gnu
configure:3063: checking host system type
configure:3077: result: x86_64-pc-linux-gnu
configure:3115: checking for a BSD-compatible install
configure:3188: result: /home/ubuntu/yocto/rpi-build/tmp/hosttools/install -c
configure:3199: checking whether build environment is sane
configure:3214: result: yes
configure:3364: checking for a race-free mkdir -p
configure:3408: result: /home/ubuntu/yocto/rpi-build/tmp/hosttools/mkdir -p
configure:3415: checking for gawk
configure:3436: found /home/ubuntu/yocto/rpi-build/tmp/hosttools/gawk
configure:3447: result: gawk
configure:3458: checking whether make sets $(MAKE)
configure:3481: result: yes
configure:3511: checking whether make supports nested variables
configure:3529: result: yes
configure:3661: checking whether to enable maintainer-specific portions of Makefiles
configure:3671: result: yes
configure:3695: checking for grep that handles long lines and -e
configure:3759: result: /home/ubuntu/yocto/rpi-build/tmp/hosttools/grep
configure:3764: checking for egrep
configure:3832: result: /home/ubuntu/yocto/rpi-build/tmp/hosttools/grep -E
configure:3837: checking for a sed that does not truncate output
configure:3907: result: sed
configure:4324: checking whether configure options are compatible
configure:4347: result: yes
configure:4434: checking for x86_64-linux-gcc
configure:4466: result: gcc 
configure:4864: checking for C compiler version
configure:4873: gcc  --version >&5
gcc (Ubuntu 11.4.0-1ubuntu1~22.04.2) 11.4.0
Copyright (C) 2021 Free Software Foundation, Inc.
This is free software; see the source for copying conditions.  There is NO
warranty; not even for MERCHANTABILITY or FITNESS FOR A PARTICULAR PURPOSE.

configure:4884: $? = 0
configure:4873: gcc  -v >&5
Using built-in specs.
COLLECT_GCC=gcc
COLLECT_LTO_WRAPPER=/usr/lib/gcc/x86_64-linux-gnu/11/lto-wrapper
OFFLOAD_TARGET_NAMES=nvptx-none:amdgcn-amdhsa
OFFLOAD_TARGET_DEFAULT=1
Target: x86_64-linux-gnu
Configured with: ../src/configure -v --with-pkgversion='Ubuntu 11.4.0-1ubuntu1~22.04.2' --with-bugurl=file:///usr/share/doc/gcc-11/README.Bugs --enable-languages=c,ada,c++,go,brig,d,fortran,objc,obj-c++,m2 --prefix=/usr --with-gcc-major-version-only --program-suffix=-11 --program-prefix=x86_64-linux-gnu- --enable-shared --enable-linker-build-id --libexecdir=/usr/lib --without-included-gettext --enable-threads=posix --libdir=/usr/lib --enable-nls --enable-bootstrap --enable-clocale=gnu --enable-libstdcxx-debug --enable-libstdcxx-time=yes --with-default-libstdcxx-abi=new --enable-gnu-unique-object --disable-vtable-verify --enable-plugin --enable-default-pie --with-system-zlib --enable-libphobos-checking=release --with-target-system-zlib=auto --enable-objc-gc=auto --enable-multiarch --disable-werror --enable-cet --with-arch-32=i686 --with-abi=m64 --with-multilib-list=m32,m64,mx32 --enable-multilib --with-tune=generic --enable-offload-targets=nvptx-none=/build/gcc-11-2Y5pKs/gcc-11-11.4.0/debian/tmp-nvptx/usr,amdgcn-amdhsa=/build/gcc-11-2Y5pKs/gcc-11-11.4.0/debian/tmp-gcn/usr --without-cuda-driver --enable-checking=release --build=x86_64-linux-gnu --host=x86_64-linux-gnu --target=x86_64-linux-gnu --with-build-config=bootstrap-lto-lean --enable-link-serialization=2
Thread model: posix
Supported LTO compression algorithms: zlib zstd
gcc version 11.4.0 (Ubuntu 11.4.0-1ubuntu1~22.04.2) 
... rest of stderr output deleted ...
configure:4884: $? = 0
configure:4873: gcc  -V >&5
gcc: error: unrecognized command-line option '-V'
gcc: fatal error: no input files
compilation terminated.
configure:4884: $? = 1
configure:4873: gcc  -qversion >&5
gcc: error: unrecognized command-line option '-qversion'; did you mean '--version'?
gcc: fatal error: no input files
compilation terminated.
configure:4884: $? = 1
configure:4873: gcc  -version >&5
gcc: error: unrecognized command-line option '-version'
gcc: fatal error: no input files
compilation terminated.
configure:4884: $? = 1
configure:4904: checking whether the C compiler works
configure:4926: gcc  -isystem/home/ubuntu/yocto/rpi-build/tmp/work/x86_64-linux/mpfr-native/4.1.1-r0/recipe-sysroot-native/usr/include -O2 -pipe -isystem/home/ubuntu/yocto/rpi-build/tmp/work/x86_64-linux/mpfr-native/4.1.1-r0/recipe-sysroot-native/usr/include -L/home/ubuntu/yocto/rpi-build/tmp/work/x86_64-linux/mpfr-native/4.1.1-r0/recipe-sysroot-native/usr/lib                         -L/home/ubuntu/yocto/rpi-build/tmp/work/x86_64-linux/mpfr-native/4.1.1-r0/recipe-sysroot-native/lib                         -Wl,--enable-new-dtags                         -Wl,-rpath-link,/home/ubuntu/yocto/rpi-build/tmp/work/x86_64-linux/mpfr-native/4.1.1-r0/recipe-sysroot-native/usr/lib                         -Wl,-rpath-link,/home/ubuntu/yocto/rpi-build/tmp/work/x86_64-linux/mpfr-native/4.1.1-r0/recipe-sysroot-native/lib                         -Wl,-rpath,/home/ubuntu/yocto/rpi-build/tmp/work/x86_64-linux/mpfr-native/4.1.1-r0/recipe-sysroot-native/usr/lib                         -Wl,-rpath,/home/ubuntu/yocto/rpi-build/tmp/work/x86_64-linux/mpfr-native/4.1.1-r0/recipe-sysroot-native/lib                         -Wl,-O1 -Wl,--allow-shlib-undefined -Wl,--dynamic-linker=/home/ubuntu/yocto/rpi-build/tmp/sysroots-uninative/x86_64-linux/lib/ld-linux-x86-64.so.2 conftest.c  >&5
configure:4930: $? = 0
configure:4980: result: yes
configure:4983: checking for C compiler default output file name
configure:4985: result: a.out
configure:4991: checking for suffix of executables
configure:4998: gcc  -o conftest -isystem/home/ubuntu/yocto/rpi-build/tmp/work/x86_64-linux/mpfr-native/4.1.1-r0/recipe-sysroot-native/usr/include -O2 -pipe -isystem/home/ubuntu/yocto/rpi-build/tmp/work/x86_64-linux/mpfr-native/4.1.1-r0/recipe-sysroot-native/usr/include -L/home/ubuntu/yocto/rpi-build/tmp/work/x86_64-linux/mpfr-native/4.1.1-r0/recipe-sysroot-native/usr/lib                         -L/home/ubuntu/yocto/rpi-build/tmp/work/x86_64-linux/mpfr-native/4.1.1-r0/recipe-sysroot-native/lib                         -Wl,--enable-new-dtags                         -Wl,-rpath-link,/home/ubuntu/yocto/rpi-build/tmp/work/x86_64-linux/mpfr-native/4.1.1-r0/recipe-sysroot-native/usr/lib                         -Wl,-rpath-link,/home/ubuntu/yocto/rpi-build/tmp/work/x86_64-linux/mpfr-native/4.1.1-r0/recipe-sysroot-native/lib                         -Wl,-rpath,/home/ubuntu/yocto/rpi-build/tmp/work/x86_64-linux/mpfr-native/4.1.1-r0/recipe-sysroot-native/usr/lib                         -Wl,-rpath,/home/ubuntu/yocto/rpi-build/tmp/work/x86_64-linux/mpfr-native/4.1.1-r0/recipe-sysroot-native/lib                         -Wl,-O1 -Wl,--allow-shlib-undefined -Wl,--dynamic-linker=/home/ubuntu/yocto/rpi-build/tmp/sysroots-uninative/x86_64-linux/lib/ld-linux-x86-64.so.2 conftest.c  >&5
configure:5002: $? = 0
configure:5025: result: 
configure:5047: checking whether we are cross compiling
configure:5055: gcc  -o conftest -isystem/home/ubuntu/yocto/rpi-build/tmp/work/x86_64-linux/mpfr-native/4.1.1-r0/recipe-sysroot-native/usr/include -O2 -pipe -isystem/home/ubuntu/yocto/rpi-build/tmp/work/x86_64-linux/mpfr-native/4.1.1-r0/recipe-sysroot-native/usr/include -L/home/ubuntu/yocto/rpi-build/tmp/work/x86_64-linux/mpfr-native/4.1.1-r0/recipe-sysroot-native/usr/lib                         -L/home/ubuntu/yocto/rpi-build/tmp/work/x86_64-linux/mpfr-native/4.1.1-r0/recipe-sysroot-native/lib                         -Wl,--enable-new-dtags                         -Wl,-rpath-link,/home/ubuntu/yocto/rpi-build/tmp/work/x86_64-linux/mpfr-native/4.1.1-r0/recipe-sysroot-native/usr/lib                         -Wl,-rpath-link,/home/ubuntu/yocto/rpi-build/tmp/work/x86_64-linux/mpfr-native/4.1.1-r0/recipe-sysroot-native/lib                         -Wl,-rpath,/home/ubuntu/yocto/rpi-build/tmp/work/x86_64-linux/mpfr-native/4.1.1-r0/recipe-sysroot-native/usr/lib                         -Wl,-rpath,/home/ubuntu/yocto/rpi-build/tmp/work/x86_64-linux/mpfr-native/4.1.1-r0/recipe-sysroot-native/lib                         -Wl,-O1 -Wl,--allow-shlib-undefined -Wl,--dynamic-linker=/home/ubuntu/yocto/rpi-build/tmp/sysroots-uninative/x86_64-linux/lib/ld-linux-x86-64.so.2 conftest.c  >&5
configure:5059: $? = 0
configure:5066: ./conftest
configure:5070: $? = 0
configure:5085: result: no
configure:5090: checking for suffix of object files
configure:5113: gcc  -c -isystem/home/ubuntu/yocto/rpi-build/tmp/work/x86_64-linux/mpfr-native/4.1.1-r0/recipe-sysroot-native/usr/include -O2 -pipe -isystem/home/ubuntu/yocto/rpi-build/tmp/work/x86_64-linux/mpfr-native/4.1.1-r0/recipe-sysroot-native/usr/include conftest.c >&5
configure:5117: $? = 0
configure:5139: result: o
configure:5143: checking whether the compiler supports GNU C
configure:5163: gcc  -c -isystem/home/ubuntu/yocto/rpi-build/tmp/work/x86_64-linux/mpfr-native/4.1.1-r0/recipe-sysroot-native/usr/include -O2 -pipe -isystem/home/ubuntu/yocto/rpi-build/tmp/work/x86_64-linux/mpfr-native/4.1.1-r0/recipe-sysroot-native/usr/include conftest.c >&5
configure:5163: $? = 0
configure:5173: result: yes
configure:5184: checking whether gcc  accepts -g
configure:5205: gcc  -c -g -isystem/home/ubuntu/yocto/rpi-build/tmp/work/x86_64-linux/mpfr-native/4.1.1-r0/recipe-sysroot-native/usr/include conftest.c >&5
configure:5205: $? = 0
configure:5249: result: yes
configure:5269: checking for gcc  option to enable C11 features
configure:5284: gcc   -c -isystem/home/ubuntu/yocto/rpi-build/tmp/work/x86_64-linux/mpfr-native/4.1.1-r0/recipe-sysroot-native/usr/include -O2 -pipe -isystem/home/ubuntu/yocto/rpi-build/tmp/work/x86_64-linux/mpfr-native/4.1.1-r0/recipe-sysroot-native/usr/include conftest.c >&5
configure:5284: $? = 0
configure:5302: result: none needed
configure:5418: checking whether gcc  understands -c and -o together
configure:5441: gcc  -c conftest.c -o conftest2.o
configure:5444: $? = 0
configure:5441: gcc  -c conftest.c -o conftest2.o
configure:5444: $? = 0
configure:5456: result: yes
configure:5476: checking whether make supports the include directive
configure:5491: make -f confmf.GNU && cat confinc.out
this is the am__doit target
configure:5494: $? = 0
configure:5513: result: yes (GNU style)
configure:5539: checking dependency style of gcc 
configure:5651: result: none
configure:5671: checking how to run the C preprocessor
configure:5739: result: gcc  -E
configure:5753: gcc  -E -isystem/home/ubuntu/yocto/rpi-build/tmp/work/x86_64-linux/mpfr-native/4.1.1-r0/recipe-sysroot-native/usr/include conftest.c
configure:5753: $? = 0
configure:5768: gcc  -E -isystem/home/ubuntu/yocto/rpi-build/tmp/work/x86_64-linux/mpfr-native/4.1.1-r0/recipe-sysroot-native/usr/include conftest.c
conftest.c:9:10: fatal error: ac_nonexistent.h: No such file or directory
    9 | #include <ac_nonexistent.h>
      |          ^~~~~~~~~~~~~~~~~~
compilation terminated.
configure:5768: $? = 1
configure: failed program was:
| /* confdefs.h */
| #define PACKAGE_NAME "MPFR"
| #define PACKAGE_TARNAME "mpfr"
| #define PACKAGE_VERSION "4.1.1"
| #define PACKAGE_STRING "MPFR 4.1.1"
| #define PACKAGE_BUGREPORT ""
| #define PACKAGE_URL ""
| /* end confdefs.h.  */
| #include <ac_nonexistent.h>
configure:5812: checking for x86_64-linux-ar
configure:5844: result: ar
configure:5919: checking the archiver (ar) interface
configure:5936: gcc  -c -isystem/home/ubuntu/yocto/rpi-build/tmp/work/x86_64-linux/mpfr-native/4.1.1-r0/recipe-sysroot-native/usr/include -O2 -pipe -isystem/home/ubuntu/yocto/rpi-build/tmp/work/x86_64-linux/mpfr-native/4.1.1-r0/recipe-sysroot-native/usr/include conftest.c >&5
configure:5936: $? = 0
configure:5939: ar cru libconftest.a conftest.o >&5
configure:5942: $? = 0
configure:5970: result: ar
configure:6038: checking how to print strings
configure:6065: result: printf
configure:6086: checking for a sed that does not truncate output
configure:6156: result: sed
configure:6174: checking for fgrep
configure:6242: result: /home/ubuntu/yocto/rpi-build/tmp/hosttools/grep -F
configure:6278: checking for ld used by gcc 
configure:6346: result: ld 
configure:6353: checking if the linker (ld ) is GNU ld
configure:6369: result: yes
configure:6381: checking for BSD- or MS-compatible name lister (nm)
configure:6436: result: nm
configure:6576: checking the name lister (nm) interface
configure:6584: gcc  -c -isystem/home/ubuntu/yocto/rpi-build/tmp/work/x86_64-linux/mpfr-native/4.1.1-r0/recipe-sysroot-native/usr/include -O2 -pipe -isystem/home/ubuntu/yocto/rpi-build/tmp/work/x86_64-linux/mpfr-native/4.1.1-r0/recipe-sysroot-native/usr/include conftest.c >&5
configure:6587: nm "conftest.o"
configure:6590: output
0000000000000000 B some_variable
configure:6597: result: BSD nm
configure:6600: checking whether ln -s works
configure:6604: result: yes
configure:6612: checking the maximum length of command line arguments
configure:6744: result: 1572864
configure:6792: checking how to convert x86_64-pc-linux-gnu file names to x86_64-pc-linux-gnu format
configure:6833: result: func_convert_file_noop
configure:6840: checking how to convert x86_64-pc-linux-gnu file names to toolchain format
configure:6861: result: func_convert_file_noop
configure:6868: checking for ld  option to reload object files
configure:6876: result: -r
configure:6910: checking for x86_64-linux-file
configure:6945: result: no
configure:6955: checking for file
configure:6976: found /home/ubuntu/yocto/rpi-build/tmp/hosttools/file
configure:6987: result: file
configure:7018: checking for x86_64-linux-objdump
configure:7050: result: objdump
configure:7124: checking how to recognize dependent libraries
configure:7325: result: pass_all
configure:7370: checking for x86_64-linux-dlltool
configure:7405: result: no
configure:7415: checking for dlltool
configure:7450: result: no
configure:7477: checking how to associate runtime and link libraries
configure:7505: result: printf %s\n
configure:7521: checking for x86_64-linux-ar
configure:7553: result: ar
configure:7655: checking for archiver @FILE support
configure:7673: gcc  -c -isystem/home/ubuntu/yocto/rpi-build/tmp/work/x86_64-linux/mpfr-native/4.1.1-r0/recipe-sysroot-native/usr/include -O2 -pipe -isystem/home/ubuntu/yocto/rpi-build/tmp/work/x86_64-linux/mpfr-native/4.1.1-r0/recipe-sysroot-native/usr/include conftest.c >&5
configure:7673: $? = 0
configure:7677: ar cr libconftest.a @conftest.lst >&5
configure:7680: $? = 0
configure:7685: ar cr libconftest.a @conftest.lst >&5
/home/ubuntu/yocto/poky/scripts/native-intercept/ar: conftest.o: No such file or directory
configure:7688: $? = 1
configure:7700: result: @
configure:7718: checking for x86_64-linux-strip
configure:7750: result: strip
configure:7827: checking for x86_64-linux-ranlib
configure:7859: result: ranlib -D
configure:8006: checking command to parse nm output from gcc  object
configure:8160: gcc  -c -isystem/home/ubuntu/yocto/rpi-build/tmp/work/x86_64-linux/mpfr-native/4.1.1-r0/recipe-sysroot-native/usr/include -O2 -pipe -isystem/home/ubuntu/yocto/rpi-build/tmp/work/x86_64-linux/mpfr-native/4.1.1-r0/recipe-sysroot-native/usr/include conftest.c >&5
configure:8163: $? = 0
configure:8167: nm conftest.o \| sed -n -e 's/^.*[ ]\([ABCDGIRSTW][ABCDGIRSTW]*\)[ ][ ]*\([_A-Za-z][_A-Za-z0-9]*\)$/\1 \2 \2/p' | sed '/ __gnu_lto/d' \> conftest.nm
configure:8170: $? = 0
configure:8236: gcc  -o conftest -isystem/home/ubuntu/yocto/rpi-build/tmp/work/x86_64-linux/mpfr-native/4.1.1-r0/recipe-sysroot-native/usr/include -O2 -pipe -isystem/home/ubuntu/yocto/rpi-build/tmp/work/x86_64-linux/mpfr-native/4.1.1-r0/recipe-sysroot-native/usr/include -L/home/ubuntu/yocto/rpi-build/tmp/work/x86_64-linux/mpfr-native/4.1.1-r0/recipe-sysroot-native/usr/lib                         -L/home/ubuntu/yocto/rpi-build/tmp/work/x86_64-linux/mpfr-native/4.1.1-r0/recipe-sysroot-native/lib                         -Wl,--enable-new-dtags                         -Wl,-rpath-link,/home/ubuntu/yocto/rpi-build/tmp/work/x86_64-linux/mpfr-native/4.1.1-r0/recipe-sysroot-native/usr/lib                         -Wl,-rpath-link,/home/ubuntu/yocto/rpi-build/tmp/work/x86_64-linux/mpfr-native/4.1.1-r0/recipe-sysroot-native/lib                         -Wl,-rpath,/home/ubuntu/yocto/rpi-build/tmp/work/x86_64-linux/mpfr-native/4.1.1-r0/recipe-sysroot-native/usr/lib                         -Wl,-rpath,/home/ubuntu/yocto/rpi-build/tmp/work/x86_64-linux/mpfr-native/4.1.1-r0/recipe-sysroot-native/lib                         -Wl,-O1 -Wl,--allow-shlib-undefined -Wl,--dynamic-linker=/home/ubuntu/yocto/rpi-build/tmp/sysroots-uninative/x86_64-linux/lib/ld-linux-x86-64.so.2 conftest.c conftstm.o >&5
configure:8239: $? = 0
configure:8277: result: ok
configure:8324: checking for sysroot
configure:8359: result: no
configure:8366: checking for a working dd
configure:8410: result: /home/ubuntu/yocto/rpi-build/tmp/hosttools/dd
configure:8414: checking how to truncate binary pipes
configure:8430: result: /home/ubuntu/yocto/rpi-build/tmp/hosttools/dd bs=4096 count=1
configure:8567: gcc  -c -isystem/home/ubuntu/yocto/rpi-build/tmp/work/x86_64-linux/mpfr-native/4.1.1-r0/recipe-sysroot-native/usr/include -O2 -pipe -isystem/home/ubuntu/yocto/rpi-build/tmp/work/x86_64-linux/mpfr-native/4.1.1-r0/recipe-sysroot-native/usr/include conftest.c >&5
configure:8570: $? = 0
configure:8722: checking for x86_64-linux-mt
configure:8757: result: no
configure:8767: checking for mt
configure:8802: result: no
configure:8822: checking if : is a manifest tool
configure:8829: : '-?'
configure:8837: result: no
configure:9562: checking for stdio.h
configure:9562: gcc  -c -isystem/home/ubuntu/yocto/rpi-build/tmp/work/x86_64-linux/mpfr-native/4.1.1-r0/recipe-sysroot-native/usr/include -O2 -pipe -isystem/home/ubuntu/yocto/rpi-build/tmp/work/x86_64-linux/mpfr-native/4.1.1-r0/recipe-sysroot-native/usr/include conftest.c >&5
configure:9562: $? = 0
configure:9562: result: yes
configure:9562: checking for stdlib.h
configure:9562: gcc  -c -isystem/home/ubuntu/yocto/rpi-build/tmp/work/x86_64-linux/mpfr-native/4.1.1-r0/recipe-sysroot-native/usr/include -O2 -pipe -isystem/home/ubuntu/yocto/rpi-build/tmp/work/x86_64-linux/mpfr-native/4.1.1-r0/recipe-sysroot-native/usr/include conftest.c >&5
configure:9562: $? = 0
configure:9562: result: yes
configure:9562: checking for string.h
configure:9562: gcc  -c -isystem/home/ubuntu/yocto/rpi-build/tmp/work/x86_64-linux/mpfr-native/4.1.1-r0/recipe-sysroot-native/usr/include -O2 -pipe -isystem/home/ubuntu/yocto/rpi-build/tmp/work/x86_64-linux/mpfr-native/4.1.1-r0/recipe-sysroot-native/usr/include conftest.c >&5
configure:9562: $? = 0
configure:9562: result: yes
configure:9562: checking for inttypes.h
configure:9562: gcc  -c -isystem/home/ubuntu/yocto/rpi-build/tmp/work/x86_64-linux/mpfr-native/4.1.1-r0/recipe-sysroot-native/usr/include -O2 -pipe -isystem/home/ubuntu/yocto/rpi-build/tmp/work/x86_64-linux/mpfr-native/4.1.1-r0/recipe-sysroot-native/usr/include conftest.c >&5
configure:9562: $? = 0
configure:9562: result: yes
configure:9562: checking for stdint.h
configure:9562: gcc  -c -isystem/home/ubuntu/yocto/rpi-build/tmp/work/x86_64-linux/mpfr-native/4.1.1-r0/recipe-sysroot-native/usr/include -O2 -pipe -isystem/home/ubuntu/yocto/rpi-build/tmp/work/x86_64-linux/mpfr-native/4.1.1-r0/recipe-sysroot-native/usr/include conftest.c >&5
configure:9562: $? = 0
configure:9562: result: yes
configure:9562: checking for strings.h
configure:9562: gcc  -c -isystem/home/ubuntu/yocto/rpi-build/tmp/work/x86_64-linux/mpfr-native/4.1.1-r0/recipe-sysroot-native/usr/include -O2 -pipe -isystem/home/ubuntu/yocto/rpi-build/tmp/work/x86_64-linux/mpfr-native/4.1.1-r0/recipe-sysroot-native/usr/include conftest.c >&5
configure:9562: $? = 0
configure:9562: result: yes
configure:9562: checking for sys/stat.h
configure:9562: gcc  -c -isystem/home/ubuntu/yocto/rpi-build/tmp/work/x86_64-linux/mpfr-native/4.1.1-r0/recipe-sysroot-native/usr/include -O2 -pipe -isystem/home/ubuntu/yocto/rpi-build/tmp/work/x86_64-linux/mpfr-native/4.1.1-r0/recipe-sysroot-native/usr/include conftest.c >&5
configure:9562: $? = 0
configure:9562: result: yes
configure:9562: checking for sys/types.h
configure:9562: gcc  -c -isystem/home/ubuntu/yocto/rpi-build/tmp/work/x86_64-linux/mpfr-native/4.1.1-r0/recipe-sysroot-native/usr/include -O2 -pipe -isystem/home/ubuntu/yocto/rpi-build/tmp/work/x86_64-linux/mpfr-native/4.1.1-r0/recipe-sysroot-native/usr/include conftest.c >&5
configure:9562: $? = 0
configure:9562: result: yes
configure:9562: checking for unistd.h
configure:9562: gcc  -c -isystem/home/ubuntu/yocto/rpi-build/tmp/work/x86_64-linux/mpfr-native/4.1.1-r0/recipe-sysroot-native/usr/include -O2 -pipe -isystem/home/ubuntu/yocto/rpi-build/tmp/work/x86_64-linux/mpfr-native/4.1.1-r0/recipe-sysroot-native/usr/include conftest.c >&5
configure:9562: $? = 0
configure:9562: result: yes
configure:9587: checking for dlfcn.h
configure:9587: gcc  -c -isystem/home/ubuntu/yocto/rpi-build/tmp/work/x86_64-linux/mpfr-native/4.1.1-r0/recipe-sysroot-native/usr/include -O2 -pipe -isystem/home/ubuntu/yocto/rpi-build/tmp/work/x86_64-linux/mpfr-native/4.1.1-r0/recipe-sysroot-native/usr/include conftest.c >&5
configure:9587: $? = 0
configure:9587: result: yes
configure:10174: checking for objdir
configure:10190: result: .libs
configure:10450: checking if gcc  supports -fno-rtti -fno-exceptions
configure:10469: gcc  -c -isystem/home/ubuntu/yocto/rpi-build/tmp/work/x86_64-linux/mpfr-native/4.1.1-r0/recipe-sysroot-native/usr/include -O2 -pipe -isystem/home/ubuntu/yocto/rpi-build/tmp/work/x86_64-linux/mpfr-native/4.1.1-r0/recipe-sysroot-native/usr/include -fno-rtti -fno-exceptions conftest.c >&5
cc1: warning: command-line option '-fno-rtti' is valid for C++/D/ObjC++ but not for C
configure:10473: $? = 0
configure:10486: result: no
configure:10844: checking for gcc  option to produce PIC
configure:10852: result: -fPIC -DPIC
configure:10860: checking if gcc  PIC flag -fPIC -DPIC works
configure:10879: gcc  -c -isystem/home/ubuntu/yocto/rpi-build/tmp/work/x86_64-linux/mpfr-native/4.1.1-r0/recipe-sysroot-native/usr/include -O2 -pipe -isystem/home/ubuntu/yocto/rpi-build/tmp/work/x86_64-linux/mpfr-native/4.1.1-r0/recipe-sysroot-native/usr/include -fPIC -DPIC -DPIC conftest.c >&5
configure:10883: $? = 0
configure:10896: result: yes
configure:10925: checking if gcc  static flag -static works
configure:10954: result: yes
configure:10969: checking if gcc  supports -c -o file.o
configure:10991: gcc  -c -isystem/home/ubuntu/yocto/rpi-build/tmp/work/x86_64-linux/mpfr-native/4.1.1-r0/recipe-sysroot-native/usr/include -O2 -pipe -isystem/home/ubuntu/yocto/rpi-build/tmp/work/x86_64-linux/mpfr-native/4.1.1-r0/recipe-sysroot-native/usr/include -o out/conftest2.o conftest.c >&5
configure:10995: $? = 0
configure:11017: result: yes
configure:11025: checking if gcc  supports -c -o file.o
configure:11073: result: yes
configure:11106: checking whether the gcc  linker (ld  -m elf_x86_64) supports shared libraries
configure:12374: result: yes
configure:12411: checking whether -lc should be explicitly linked in
configure:12420: gcc  -c -isystem/home/ubuntu/yocto/rpi-build/tmp/work/x86_64-linux/mpfr-native/4.1.1-r0/recipe-sysroot-native/usr/include -O2 -pipe -isystem/home/ubuntu/yocto/rpi-build/tmp/work/x86_64-linux/mpfr-native/4.1.1-r0/recipe-sysroot-native/usr/include conftest.c >&5
configure:12423: $? = 0
configure:12438: gcc  -shared  -fPIC -DPIC conftest.o  -v -Wl,-soname -Wl,conftest -o conftest 2\>\&1 \| /home/ubuntu/yocto/rpi-build/tmp/hosttools/grep  -lc  \>/dev/null 2\>\&1
configure:12441: $? = 0
configure:12455: result: no
configure:12615: checking dynamic linker characteristics
configure:13197: gcc  -o conftest -isystem/home/ubuntu/yocto/rpi-build/tmp/work/x86_64-linux/mpfr-native/4.1.1-r0/recipe-sysroot-native/usr/include -O2 -pipe -isystem/home/ubuntu/yocto/rpi-build/tmp/work/x86_64-linux/mpfr-native/4.1.1-r0/recipe-sysroot-native/usr/include -L/home/ubuntu/yocto/rpi-build/tmp/work/x86_64-linux/mpfr-native/4.1.1-r0/recipe-sysroot-native/usr/lib                         -L/home/ubuntu/yocto/rpi-build/tmp/work/x86_64-linux/mpfr-native/4.1.1-r0/recipe-sysroot-native/lib                         -Wl,--enable-new-dtags                         -Wl,-rpath-link,/home/ubuntu/yocto/rpi-build/tmp/work/x86_64-linux/mpfr-native/4.1.1-r0/recipe-sysroot-native/usr/lib                         -Wl,-rpath-link,/home/ubuntu/yocto/rpi-build/tmp/work/x86_64-linux/mpfr-native/4.1.1-r0/recipe-sysroot-native/lib                         -Wl,-rpath,/home/ubuntu/yocto/rpi-build/tmp/work/x86_64-linux/mpfr-native/4.1.1-r0/recipe-sysroot-native/usr/lib                         -Wl,-rpath,/home/ubuntu/yocto/rpi-build/tmp/work/x86_64-linux/mpfr-native/4.1.1-r0/recipe-sysroot-native/lib                         -Wl,-O1 -Wl,--allow-shlib-undefined -Wl,--dynamic-linker=/home/ubuntu/yocto/rpi-build/tmp/sysroots-uninative/x86_64-linux/lib/ld-linux-x86-64.so.2 -Wl,-rpath -Wl,/foo conftest.c  >&5
configure:13197: $? = 0
configure:13436: result: GNU/Linux ld.so
configure:13558: checking how to hardcode library paths into programs
configure:13583: result: immediate
configure:14135: checking whether stripping libraries is possible
configure:14144: result: yes
configure:14186: checking if libtool supports shared libraries
configure:14188: result: yes
configure:14191: checking whether to build shared libraries
configure:14216: result: yes
configure:14219: checking whether to build static libraries
configure:14223: result: no
configure:14261: checking for non-MS-Windows ICC
configure:14279: gcc  -c -isystem/home/ubuntu/yocto/rpi-build/tmp/work/x86_64-linux/mpfr-native/4.1.1-r0/recipe-sysroot-native/usr/include -O2 -pipe -isystem/home/ubuntu/yocto/rpi-build/tmp/work/x86_64-linux/mpfr-native/4.1.1-r0/recipe-sysroot-native/usr/include conftest.c >&5
conftest.c:23:3: error: #error "Not a non-MS-Windows ICC"
   23 | # error "Not a non-MS-Windows ICC"
      |   ^~~~~
conftest.c:24:6: error: expected ';' before 'int'
   24 | error
      |      ^
      |      ;
......
   27 | int
      | ~~~   
configure:14279: $? = 1
configure: failed program was:
| /* confdefs.h */
| #define PACKAGE_NAME "MPFR"
| #define PACKAGE_TARNAME "mpfr"
| #define PACKAGE_VERSION "4.1.1"
| #define PACKAGE_STRING "MPFR 4.1.1"
| #define PACKAGE_BUGREPORT ""
| #define PACKAGE_URL ""
| #define HAVE_STDIO_H 1
| #define HAVE_STDLIB_H 1
| #define HAVE_STRING_H 1
| #define HAVE_INTTYPES_H 1
| #define HAVE_STDINT_H 1
| #define HAVE_STRINGS_H 1
| #define HAVE_SYS_STAT_H 1
| #define HAVE_SYS_TYPES_H 1
| #define HAVE_UNISTD_H 1
| #define STDC_HEADERS 1
| #define HAVE_DLFCN_H 1
| #define LT_OBJDIR ".libs/"
| /* end confdefs.h.  */
| 
| #if (!defined(__ICC) && !defined(__INTEL_COMPILER)) || defined(_WIN32)
| # error "Not a non-MS-Windows ICC"
| error
| #endif
| 
| int
| main (void)
| {
| 
|   ;
|   return 0;
| }
configure:14287: result: no
configure:14367: checking for an ANSI C-conforming const
configure:14434: gcc  -c -isystem/home/ubuntu/yocto/rpi-build/tmp/work/x86_64-linux/mpfr-native/4.1.1-r0/recipe-sysroot-native/usr/include -O2 -pipe -isystem/home/ubuntu/yocto/rpi-build/tmp/work/x86_64-linux/mpfr-native/4.1.1-r0/recipe-sysroot-native/usr/include conftest.c >&5
configure:14434: $? = 0
configure:14442: result: yes
configure:14450: checking for working volatile
configure:14470: gcc  -c -isystem/home/ubuntu/yocto/rpi-build/tmp/work/x86_64-linux/mpfr-native/4.1.1-r0/recipe-sysroot-native/usr/include -O2 -pipe -isystem/home/ubuntu/yocto/rpi-build/tmp/work/x86_64-linux/mpfr-native/4.1.1-r0/recipe-sysroot-native/usr/include conftest.c >&5
configure:14470: $? = 0
configure:14478: result: yes
configure:14486: checking whether byte ordering is bigendian
configure:14701: result: no
configure:14724: checking for library containing clock_gettime
configure:14754: gcc  -o conftest -isystem/home/ubuntu/yocto/rpi-build/tmp/work/x86_64-linux/mpfr-native/4.1.1-r0/recipe-sysroot-native/usr/include -O2 -pipe -isystem/home/ubuntu/yocto/rpi-build/tmp/work/x86_64-linux/mpfr-native/4.1.1-r0/recipe-sysroot-native/usr/include -L/home/ubuntu/yocto/rpi-build/tmp/work/x86_64-linux/mpfr-native/4.1.1-r0/recipe-sysroot-native/usr/lib                         -L/home/ubuntu/yocto/rpi-build/tmp/work/x86_64-linux/mpfr-native/4.1.1-r0/recipe-sysroot-native/lib                         -Wl,--enable-new-dtags                         -Wl,-rpath-link,/home/ubuntu/yocto/rpi-build/tmp/work/x86_64-linux/mpfr-native/4.1.1-r0/recipe-sysroot-native/usr/lib                         -Wl,-rpath-link,/home/ubuntu/yocto/rpi-build/tmp/work/x86_64-linux/mpfr-native/4.1.1-r0/recipe-sysroot-native/lib                         -Wl,-rpath,/home/ubuntu/yocto/rpi-build/tmp/work/x86_64-linux/mpfr-native/4.1.1-r0/recipe-sysroot-native/usr/lib                         -Wl,-rpath,/home/ubuntu/yocto/rpi-build/tmp/work/x86_64-linux/mpfr-native/4.1.1-r0/recipe-sysroot-native/lib                         -Wl,-O1 -Wl,--allow-shlib-undefined -Wl,--dynamic-linker=/home/ubuntu/yocto/rpi-build/tmp/sysroots-uninative/x86_64-linux/lib/ld-linux-x86-64.so.2 conftest.c  >&5
configure:14754: $? = 0
configure:14774: result: none required
configure:14964: gcc  -o conftest -isystem/home/ubuntu/yocto/rpi-build/tmp/work/x86_64-linux/mpfr-native/4.1.1-r0/recipe-sysroot-native/usr/include -O2 -pipe -isystem/home/ubuntu/yocto/rpi-build/tmp/work/x86_64-linux/mpfr-native/4.1.1-r0/recipe-sysroot-native/usr/include -L/home/ubuntu/yocto/rpi-build/tmp/work/x86_64-linux/mpfr-native/4.1.1-r0/recipe-sysroot-native/usr/lib                         -L/home/ubuntu/yocto/rpi-build/tmp/work/x86_64-linux/mpfr-native/4.1.1-r0/recipe-sysroot-native/lib                         -Wl,--enable-new-dtags                         -Wl,-rpath-link,/home/ubuntu/yocto/rpi-build/tmp/work/x86_64-linux/mpfr-native/4.1.1-r0/recipe-sysroot-native/usr/lib                         -Wl,-rpath-link,/home/ubuntu/yocto/rpi-build/tmp/work/x86_64-linux/mpfr-native/4.1.1-r0/recipe-sysroot-native/lib                         -Wl,-rpath,/home/ubuntu/yocto/rpi-build/tmp/work/x86_64-linux/mpfr-native/4.1.1-r0/recipe-sysroot-native/usr/lib                         -Wl,-rpath,/home/ubuntu/yocto/rpi-build/tmp/work/x86_64-linux/mpfr-native/4.1.1-r0/recipe-sysroot-native/lib                         -Wl,-O1 -Wl,--allow-shlib-undefined -Wl,--dynamic-linker=/home/ubuntu/yocto/rpi-build/tmp/sysroots-uninative/x86_64-linux/lib/ld-linux-x86-64.so.2 conftest.c -lm  >&5
configure:14964: $? = 0
configure:14994: gcc  -o conftest -isystem/home/ubuntu/yocto/rpi-build/tmp/work/x86_64-linux/mpfr-native/4.1.1-r0/recipe-sysroot-native/usr/include -O2 -pipe -isystem/home/ubuntu/yocto/rpi-build/tmp/work/x86_64-linux/mpfr-native/4.1.1-r0/recipe-sysroot-native/usr/include -L/home/ubuntu/yocto/rpi-build/tmp/work/x86_64-linux/mpfr-native/4.1.1-r0/recipe-sysroot-native/usr/lib                         -L/home/ubuntu/yocto/rpi-build/tmp/work/x86_64-linux/mpfr-native/4.1.1-r0/recipe-sysroot-native/lib                         -Wl,--enable-new-dtags                         -Wl,-rpath-link,/home/ubuntu/yocto/rpi-build/tmp/work/x86_64-linux/mpfr-native/4.1.1-r0/recipe-sysroot-native/usr/lib                         -Wl,-rpath-link,/home/ubuntu/yocto/rpi-build/tmp/work/x86_64-linux/mpfr-native/4.1.1-r0/recipe-sysroot-native/lib                         -Wl,-rpath,/home/ubuntu/yocto/rpi-build/tmp/work/x86_64-linux/mpfr-native/4.1.1-r0/recipe-sysroot-native/usr/lib                         -Wl,-rpath,/home/ubuntu/yocto/rpi-build/tmp/work/x86_64-linux/mpfr-native/4.1.1-r0/recipe-sysroot-native/lib                         -Wl,-O1 -Wl,--allow-shlib-undefined -Wl,--dynamic-linker=/home/ubuntu/yocto/rpi-build/tmp/sysroots-uninative/x86_64-linux/lib/ld-linux-x86-64.so.2 conftest.c -lquadmath  >&5
configure:14994: $? = 0
configure:15006: checking for size_t
configure:15006: gcc  -c -isystem/home/ubuntu/yocto/rpi-build/tmp/work/x86_64-linux/mpfr-native/4.1.1-r0/recipe-sysroot-native/usr/include -O2 -pipe -isystem/home/ubuntu/yocto/rpi-build/tmp/work/x86_64-linux/mpfr-native/4.1.1-r0/recipe-sysroot-native/usr/include conftest.c >&5
configure:15006: $? = 0
configure:15006: gcc  -c -isystem/home/ubuntu/yocto/rpi-build/tmp/work/x86_64-linux/mpfr-native/4.1.1-r0/recipe-sysroot-native/usr/include -O2 -pipe -isystem/home/ubuntu/yocto/rpi-build/tmp/work/x86_64-linux/mpfr-native/4.1.1-r0/recipe-sysroot-native/usr/include conftest.c >&5
conftest.c: In function 'main':
conftest.c:54:21: error: expected expression before ')' token
   54 | if (sizeof ((size_t)))
      |                     ^
configure:15006: $? = 1
configure: failed program was:
| /* confdefs.h */
| #define PACKAGE_NAME "MPFR"
| #define PACKAGE_TARNAME "mpfr"
| #define PACKAGE_VERSION "4.1.1"
| #define PACKAGE_STRING "MPFR 4.1.1"
| #define PACKAGE_BUGREPORT ""
| #define PACKAGE_URL ""
| #define HAVE_STDIO_H 1
| #define HAVE_STDLIB_H 1
| #define HAVE_STRING_H 1
| #define HAVE_INTTYPES_H 1
| #define HAVE_STDINT_H 1
| #define HAVE_STRINGS_H 1
| #define HAVE_SYS_STAT_H 1
| #define HAVE_SYS_TYPES_H 1
| #define HAVE_UNISTD_H 1
| #define STDC_HEADERS 1
| #define HAVE_DLFCN_H 1
| #define LT_OBJDIR ".libs/"
| #define HAVE_LITTLE_ENDIAN 1
| #define HAVE_CLOCK_GETTIME 1
| /* end confdefs.h.  */
| #include <stddef.h>
| #ifdef HAVE_STDIO_H
| # include <stdio.h>
| #endif
| #ifdef HAVE_STDLIB_H
| # include <stdlib.h>
| #endif
| #ifdef HAVE_STRING_H
| # include <string.h>
| #endif
| #ifdef HAVE_INTTYPES_H
| # include <inttypes.h>
| #endif
| #ifdef HAVE_STDINT_H
| # include <stdint.h>
| #endif
| #ifdef HAVE_STRINGS_H
| # include <strings.h>
| #endif
| #ifdef HAVE_SYS_TYPES_H
| # include <sys/types.h>
| #endif
| #ifdef HAVE_SYS_STAT_H
| # include <sys/stat.h>
| #endif
| #ifdef HAVE_UNISTD_H
| # include <unistd.h>
| #endif
| int
| main (void)
| {
| if (sizeof ((size_t)))
| 	    return 0;
|   ;
|   return 0;
| }
configure:15006: result: yes
configure:15899: checking for limits.h
configure:15899: gcc  -c -isystem/home/ubuntu/yocto/rpi-build/tmp/work/x86_64-linux/mpfr-native/4.1.1-r0/recipe-sysroot-native/usr/include -O2 -pipe -isystem/home/ubuntu/yocto/rpi-build/tmp/work/x86_64-linux/mpfr-native/4.1.1-r0/recipe-sysroot-native/usr/include conftest.c >&5
configure:15899: $? = 0
configure:15899: result: yes
configure:15907: checking for float.h
configure:15907: gcc  -c -isystem/home/ubuntu/yocto/rpi-build/tmp/work/x86_64-linux/mpfr-native/4.1.1-r0/recipe-sysroot-native/usr/include -O2 -pipe -isystem/home/ubuntu/yocto/rpi-build/tmp/work/x86_64-linux/mpfr-native/4.1.1-r0/recipe-sysroot-native/usr/include conftest.c >&5
configure:15907: $? = 0
configure:15907: result: yes
configure:15915: checking for string.h
configure:15915: result: yes
configure:15924: checking for locale.h
configure:15924: gcc  -c -isystem/home/ubuntu/yocto/rpi-build/tmp/work/x86_64-linux/mpfr-native/4.1.1-r0/recipe-sysroot-native/usr/include -O2 -pipe -isystem/home/ubuntu/yocto/rpi-build/tmp/work/x86_64-linux/mpfr-native/4.1.1-r0/recipe-sysroot-native/usr/include conftest.c >&5
configure:15924: $? = 0
configure:15924: result: yes
configure:15932: checking for wchar.h
configure:15932: gcc  -c -isystem/home/ubuntu/yocto/rpi-build/tmp/work/x86_64-linux/mpfr-native/4.1.1-r0/recipe-sysroot-native/usr/include -O2 -pipe -isystem/home/ubuntu/yocto/rpi-build/tmp/work/x86_64-linux/mpfr-native/4.1.1-r0/recipe-sysroot-native/usr/include conftest.c >&5
configure:15932: $? = 0
configure:15932: result: yes
configure:15940: checking for stdarg.h
configure:15940: gcc  -c -isystem/home/ubuntu/yocto/rpi-build/tmp/work/x86_64-linux/mpfr-native/4.1.1-r0/recipe-sysroot-native/usr/include -O2 -pipe -isystem/home/ubuntu/yocto/rpi-build/tmp/work/x86_64-linux/mpfr-native/4.1.1-r0/recipe-sysroot-native/usr/include conftest.c >&5
configure:15940: $? = 0
configure:15940: result: yes
configure:15958: checking for sys/fpu.h
configure:15958: gcc  -c -isystem/home/ubuntu/yocto/rpi-build/tmp/work/x86_64-linux/mpfr-native/4.1.1-r0/recipe-sysroot-native/usr/include -O2 -pipe -isystem/home/ubuntu/yocto/rpi-build/tmp/work/x86_64-linux/mpfr-native/4.1.1-r0/recipe-sysroot-native/usr/include conftest.c >&5
conftest.c:54:10: fatal error: sys/fpu.h: No such file or directory
   54 | #include <sys/fpu.h>
      |          ^~~~~~~~~~~
compilation terminated.
configure:15958: $? = 1
configure: failed program was:
| /* confdefs.h */
| #define PACKAGE_NAME "MPFR"
| #define PACKAGE_TARNAME "mpfr"
| #define PACKAGE_VERSION "4.1.1"
| #define PACKAGE_STRING "MPFR 4.1.1"
| #define PACKAGE_BUGREPORT ""
| #define PACKAGE_URL ""
| #define HAVE_STDIO_H 1
| #define HAVE_STDLIB_H 1
| #define HAVE_STRING_H 1
| #define HAVE_INTTYPES_H 1
| #define HAVE_STDINT_H 1
| #define HAVE_STRINGS_H 1
| #define HAVE_SYS_STAT_H 1
| #define HAVE_SYS_TYPES_H 1
| #define HAVE_UNISTD_H 1
| #define STDC_HEADERS 1
| #define HAVE_DLFCN_H 1
| #define LT_OBJDIR ".libs/"
| #define HAVE_LITTLE_ENDIAN 1
| #define HAVE_CLOCK_GETTIME 1
| #define HAVE_LOCALE_H 1
| #define HAVE_WCHAR_H 1
| #define HAVE_STDARG 1
| /* end confdefs.h.  */
| #include <stddef.h>
| #ifdef HAVE_STDIO_H
| # include <stdio.h>
| #endif
| #ifdef HAVE_STDLIB_H
| # include <stdlib.h>
| #endif
| #ifdef HAVE_STRING_H
| # include <string.h>
| #endif
| #ifdef HAVE_INTTYPES_H
| # include <inttypes.h>
| #endif
| #ifdef HAVE_STDINT_H
| # include <stdint.h>
| #endif
| #ifdef HAVE_STRINGS_H
| # include <strings.h>
| #endif
| #ifdef HAVE_SYS_TYPES_H
| # include <sys/types.h>
| #endif
| #ifdef HAVE_SYS_STAT_H
| # include <sys/stat.h>
| #endif
| #ifdef HAVE_UNISTD_H
| # include <unistd.h>
| #endif
| #include <sys/fpu.h>
configure:15958: result: no
configure:15966: checking for struct lconv.decimal_point
configure:15966: gcc  -c -isystem/home/ubuntu/yocto/rpi-build/tmp/work/x86_64-linux/mpfr-native/4.1.1-r0/recipe-sysroot-native/usr/include -O2 -pipe -isystem/home/ubuntu/yocto/rpi-build/tmp/work/x86_64-linux/mpfr-native/4.1.1-r0/recipe-sysroot-native/usr/include conftest.c >&5
configure:15966: $? = 0
configure:15966: result: yes
configure:15975: checking for struct lconv.thousands_sep
configure:15975: gcc  -c -isystem/home/ubuntu/yocto/rpi-build/tmp/work/x86_64-linux/mpfr-native/4.1.1-r0/recipe-sysroot-native/usr/include -O2 -pipe -isystem/home/ubuntu/yocto/rpi-build/tmp/work/x86_64-linux/mpfr-native/4.1.1-r0/recipe-sysroot-native/usr/include conftest.c >&5
configure:15975: $? = 0
configure:15975: result: yes
configure:15988: checking for working alloca.h
configure:16006: gcc  -o conftest -isystem/home/ubuntu/yocto/rpi-build/tmp/work/x86_64-linux/mpfr-native/4.1.1-r0/recipe-sysroot-native/usr/include -O2 -pipe -isystem/home/ubuntu/yocto/rpi-build/tmp/work/x86_64-linux/mpfr-native/4.1.1-r0/recipe-sysroot-native/usr/include -L/home/ubuntu/yocto/rpi-build/tmp/work/x86_64-linux/mpfr-native/4.1.1-r0/recipe-sysroot-native/usr/lib                         -L/home/ubuntu/yocto/rpi-build/tmp/work/x86_64-linux/mpfr-native/4.1.1-r0/recipe-sysroot-native/lib                         -Wl,--enable-new-dtags                         -Wl,-rpath-link,/home/ubuntu/yocto/rpi-build/tmp/work/x86_64-linux/mpfr-native/4.1.1-r0/recipe-sysroot-native/usr/lib                         -Wl,-rpath-link,/home/ubuntu/yocto/rpi-build/tmp/work/x86_64-linux/mpfr-native/4.1.1-r0/recipe-sysroot-native/lib                         -Wl,-rpath,/home/ubuntu/yocto/rpi-build/tmp/work/x86_64-linux/mpfr-native/4.1.1-r0/recipe-sysroot-native/usr/lib                         -Wl,-rpath,/home/ubuntu/yocto/rpi-build/tmp/work/x86_64-linux/mpfr-native/4.1.1-r0/recipe-sysroot-native/lib                         -Wl,-O1 -Wl,--allow-shlib-undefined -Wl,--dynamic-linker=/home/ubuntu/yocto/rpi-build/tmp/sysroots-uninative/x86_64-linux/lib/ld-linux-x86-64.so.2 conftest.c  >&5
configure:16006: $? = 0
configure:16015: result: yes
configure:16023: checking for alloca
configure:16068: result: yes
configure:16137: checking for uintptr_t
configure:16137: gcc  -c -isystem/home/ubuntu/yocto/rpi-build/tmp/work/x86_64-linux/mpfr-native/4.1.1-r0/recipe-sysroot-native/usr/include -O2 -pipe -isystem/home/ubuntu/yocto/rpi-build/tmp/work/x86_64-linux/mpfr-native/4.1.1-r0/recipe-sysroot-native/usr/include conftest.c >&5
configure:16137: $? = 0
configure:16137: gcc  -c -isystem/home/ubuntu/yocto/rpi-build/tmp/work/x86_64-linux/mpfr-native/4.1.1-r0/recipe-sysroot-native/usr/include -O2 -pipe -isystem/home/ubuntu/yocto/rpi-build/tmp/work/x86_64-linux/mpfr-native/4.1.1-r0/recipe-sysroot-native/usr/include conftest.c >&5
conftest.c: In function 'main':
conftest.c:61:24: error: expected expression before ')' token
   61 | if (sizeof ((uintptr_t)))
      |                        ^
configure:16137: $? = 1
configure: failed program was:
| /* confdefs.h */
| #define PACKAGE_NAME "MPFR"
| #define PACKAGE_TARNAME "mpfr"
| #define PACKAGE_VERSION "4.1.1"
| #define PACKAGE_STRING "MPFR 4.1.1"
| #define PACKAGE_BUGREPORT ""
| #define PACKAGE_URL ""
| #define HAVE_STDIO_H 1
| #define HAVE_STDLIB_H 1
| #define HAVE_STRING_H 1
| #define HAVE_INTTYPES_H 1
| #define HAVE_STDINT_H 1
| #define HAVE_STRINGS_H 1
| #define HAVE_SYS_STAT_H 1
| #define HAVE_SYS_TYPES_H 1
| #define HAVE_UNISTD_H 1
| #define STDC_HEADERS 1
| #define HAVE_DLFCN_H 1
| #define LT_OBJDIR ".libs/"
| #define HAVE_LITTLE_ENDIAN 1
| #define HAVE_CLOCK_GETTIME 1
| #define HAVE_LOCALE_H 1
| #define HAVE_WCHAR_H 1
| #define HAVE_STDARG 1
| #define HAVE_STRUCT_LCONV_DECIMAL_POINT 1
| #define HAVE_STRUCT_LCONV_THOUSANDS_SEP 1
| #define HAVE_ALLOCA_H 1
| #define HAVE_ALLOCA 1
| /* end confdefs.h.  */
| #include <stddef.h>
| #ifdef HAVE_STDIO_H
| # include <stdio.h>
| #endif
| #ifdef HAVE_STDLIB_H
| # include <stdlib.h>
| #endif
| #ifdef HAVE_STRING_H
| # include <string.h>
| #endif
| #ifdef HAVE_INTTYPES_H
| # include <inttypes.h>
| #endif
| #ifdef HAVE_STDINT_H
| # include <stdint.h>
| #endif
| #ifdef HAVE_STRINGS_H
| # include <strings.h>
| #endif
| #ifdef HAVE_SYS_TYPES_H
| # include <sys/types.h>
| #endif
| #ifdef HAVE_SYS_STAT_H
| # include <sys/stat.h>
| #endif
| #ifdef HAVE_UNISTD_H
| # include <unistd.h>
| #endif
| int
| main (void)
| {
| if (sizeof ((uintptr_t)))
| 	    return 0;
|   ;
|   return 0;
| }
configure:16137: result: yes
configure:16174: checking how to copy va_list
configure:16192: gcc  -o conftest -isystem/home/ubuntu/yocto/rpi-build/tmp/work/x86_64-linux/mpfr-native/4.1.1-r0/recipe-sysroot-native/usr/include -O2 -pipe -isystem/home/ubuntu/yocto/rpi-build/tmp/work/x86_64-linux/mpfr-native/4.1.1-r0/recipe-sysroot-native/usr/include -L/home/ubuntu/yocto/rpi-build/tmp/work/x86_64-linux/mpfr-native/4.1.1-r0/recipe-sysroot-native/usr/lib                         -L/home/ubuntu/yocto/rpi-build/tmp/work/x86_64-linux/mpfr-native/4.1.1-r0/recipe-sysroot-native/lib                         -Wl,--enable-new-dtags                         -Wl,-rpath-link,/home/ubuntu/yocto/rpi-build/tmp/work/x86_64-linux/mpfr-native/4.1.1-r0/recipe-sysroot-native/usr/lib                         -Wl,-rpath-link,/home/ubuntu/yocto/rpi-build/tmp/work/x86_64-linux/mpfr-native/4.1.1-r0/recipe-sysroot-native/lib                         -Wl,-rpath,/home/ubuntu/yocto/rpi-build/tmp/work/x86_64-linux/mpfr-native/4.1.1-r0/recipe-sysroot-native/usr/lib                         -Wl,-rpath,/home/ubuntu/yocto/rpi-build/tmp/work/x86_64-linux/mpfr-native/4.1.1-r0/recipe-sysroot-native/lib                         -Wl,-O1 -Wl,--allow-shlib-undefined -Wl,--dynamic-linker=/home/ubuntu/yocto/rpi-build/tmp/sysroots-uninative/x86_64-linux/lib/ld-linux-x86-64.so.2 conftest.c  >&5
configure:16192: $? = 0
configure:16195: result: va_copy
configure:16234: checking for setlocale
configure:16234: gcc  -o conftest  -isystem/home/ubuntu/yocto/rpi-build/tmp/work/x86_64-linux/mpfr-native/4.1.1-r0/recipe-sysroot-native/usr/include -O2 -pipe -isystem/home/ubuntu/yocto/rpi-build/tmp/work/x86_64-linux/mpfr-native/4.1.1-r0/recipe-sysroot-native/usr/include -L/home/ubuntu/yocto/rpi-build/tmp/work/x86_64-linux/mpfr-native/4.1.1-r0/recipe-sysroot-native/usr/lib                         -L/home/ubuntu/yocto/rpi-build/tmp/work/x86_64-linux/mpfr-native/4.1.1-r0/recipe-sysroot-native/lib                         -Wl,--enable-new-dtags                         -Wl,-rpath-link,/home/ubuntu/yocto/rpi-build/tmp/work/x86_64-linux/mpfr-native/4.1.1-r0/recipe-sysroot-native/usr/lib                         -Wl,-rpath-link,/home/ubuntu/yocto/rpi-build/tmp/work/x86_64-linux/mpfr-native/4.1.1-r0/recipe-sysroot-native/lib                         -Wl,-rpath,/home/ubuntu/yocto/rpi-build/tmp/work/x86_64-linux/mpfr-native/4.1.1-r0/recipe-sysroot-native/usr/lib                         -Wl,-rpath,/home/ubuntu/yocto/rpi-build/tmp/work/x86_64-linux/mpfr-native/4.1.1-r0/recipe-sysroot-native/lib                         -Wl,-O1 -Wl,--allow-shlib-undefined -Wl,--dynamic-linker=/home/ubuntu/yocto/rpi-build/tmp/sysroots-uninative/x86_64-linux/lib/ld-linux-x86-64.so.2 conftest.c  >&5
configure:16234: $? = 0
configure:16234: result: yes
configure:16240: checking for gettimeofday
configure:16240: gcc  -o conftest  -isystem/home/ubuntu/yocto/rpi-build/tmp/work/x86_64-linux/mpfr-native/4.1.1-r0/recipe-sysroot-native/usr/include -O2 -pipe -isystem/home/ubuntu/yocto/rpi-build/tmp/work/x86_64-linux/mpfr-native/4.1.1-r0/recipe-sysroot-native/usr/include -L/home/ubuntu/yocto/rpi-build/tmp/work/x86_64-linux/mpfr-native/4.1.1-r0/recipe-sysroot-native/usr/lib                         -L/home/ubuntu/yocto/rpi-build/tmp/work/x86_64-linux/mpfr-native/4.1.1-r0/recipe-sysroot-native/lib                         -Wl,--enable-new-dtags                         -Wl,-rpath-link,/home/ubuntu/yocto/rpi-build/tmp/work/x86_64-linux/mpfr-native/4.1.1-r0/recipe-sysroot-native/usr/lib                         -Wl,-rpath-link,/home/ubuntu/yocto/rpi-build/tmp/work/x86_64-linux/mpfr-native/4.1.1-r0/recipe-sysroot-native/lib                         -Wl,-rpath,/home/ubuntu/yocto/rpi-build/tmp/work/x86_64-linux/mpfr-native/4.1.1-r0/recipe-sysroot-native/usr/lib                         -Wl,-rpath,/home/ubuntu/yocto/rpi-build/tmp/work/x86_64-linux/mpfr-native/4.1.1-r0/recipe-sysroot-native/lib                         -Wl,-O1 -Wl,--allow-shlib-undefined -Wl,--dynamic-linker=/home/ubuntu/yocto/rpi-build/tmp/sysroots-uninative/x86_64-linux/lib/ld-linux-x86-64.so.2 conftest.c  >&5
configure:16240: $? = 0
configure:16240: result: yes
configure:16246: checking for signal
configure:16246: gcc  -o conftest  -isystem/home/ubuntu/yocto/rpi-build/tmp/work/x86_64-linux/mpfr-native/4.1.1-r0/recipe-sysroot-native/usr/include -O2 -pipe -isystem/home/ubuntu/yocto/rpi-build/tmp/work/x86_64-linux/mpfr-native/4.1.1-r0/recipe-sysroot-native/usr/include -L/home/ubuntu/yocto/rpi-build/tmp/work/x86_64-linux/mpfr-native/4.1.1-r0/recipe-sysroot-native/usr/lib                         -L/home/ubuntu/yocto/rpi-build/tmp/work/x86_64-linux/mpfr-native/4.1.1-r0/recipe-sysroot-native/lib                         -Wl,--enable-new-dtags                         -Wl,-rpath-link,/home/ubuntu/yocto/rpi-build/tmp/work/x86_64-linux/mpfr-native/4.1.1-r0/recipe-sysroot-native/usr/lib                         -Wl,-rpath-link,/home/ubuntu/yocto/rpi-build/tmp/work/x86_64-linux/mpfr-native/4.1.1-r0/recipe-sysroot-native/lib                         -Wl,-rpath,/home/ubuntu/yocto/rpi-build/tmp/work/x86_64-linux/mpfr-native/4.1.1-r0/recipe-sysroot-native/usr/lib                         -Wl,-rpath,/home/ubuntu/yocto/rpi-build/tmp/work/x86_64-linux/mpfr-native/4.1.1-r0/recipe-sysroot-native/lib                         -Wl,-O1 -Wl,--allow-shlib-undefined -Wl,--dynamic-linker=/home/ubuntu/yocto/rpi-build/tmp/sysroots-uninative/x86_64-linux/lib/ld-linux-x86-64.so.2 conftest.c  >&5
configure:16246: $? = 0
configure:16246: result: yes
configure:16255: checking for sigaction and its associated structure
configure:16274: gcc  -o conftest -isystem/home/ubuntu/yocto/rpi-build/tmp/work/x86_64-linux/mpfr-native/4.1.1-r0/recipe-sysroot-native/usr/include -O2 -pipe -isystem/home/ubuntu/yocto/rpi-build/tmp/work/x86_64-linux/mpfr-native/4.1.1-r0/recipe-sysroot-native/usr/include -L/home/ubuntu/yocto/rpi-build/tmp/work/x86_64-linux/mpfr-native/4.1.1-r0/recipe-sysroot-native/usr/lib                         -L/home/ubuntu/yocto/rpi-build/tmp/work/x86_64-linux/mpfr-native/4.1.1-r0/recipe-sysroot-native/lib                         -Wl,--enable-new-dtags                         -Wl,-rpath-link,/home/ubuntu/yocto/rpi-build/tmp/work/x86_64-linux/mpfr-native/4.1.1-r0/recipe-sysroot-native/usr/lib                         -Wl,-rpath-link,/home/ubuntu/yocto/rpi-build/tmp/work/x86_64-linux/mpfr-native/4.1.1-r0/recipe-sysroot-native/lib                         -Wl,-rpath,/home/ubuntu/yocto/rpi-build/tmp/work/x86_64-linux/mpfr-native/4.1.1-r0/recipe-sysroot-native/usr/lib                         -Wl,-rpath,/home/ubuntu/yocto/rpi-build/tmp/work/x86_64-linux/mpfr-native/4.1.1-r0/recipe-sysroot-native/lib                         -Wl,-O1 -Wl,--allow-shlib-undefined -Wl,--dynamic-linker=/home/ubuntu/yocto/rpi-build/tmp/sysroots-uninative/x86_64-linux/lib/ld-linux-x86-64.so.2 conftest.c  >&5
configure:16274: $? = 0
configure:16277: result: yes
configure:16290: checking for long long int
configure:16290: gcc  -c -isystem/home/ubuntu/yocto/rpi-build/tmp/work/x86_64-linux/mpfr-native/4.1.1-r0/recipe-sysroot-native/usr/include -O2 -pipe -isystem/home/ubuntu/yocto/rpi-build/tmp/work/x86_64-linux/mpfr-native/4.1.1-r0/recipe-sysroot-native/usr/include conftest.c >&5
configure:16290: $? = 0
configure:16290: gcc  -c -isystem/home/ubuntu/yocto/rpi-build/tmp/work/x86_64-linux/mpfr-native/4.1.1-r0/recipe-sysroot-native/usr/include -O2 -pipe -isystem/home/ubuntu/yocto/rpi-build/tmp/work/x86_64-linux/mpfr-native/4.1.1-r0/recipe-sysroot-native/usr/include conftest.c >&5
conftest.c: In function 'main':
conftest.c:67:28: error: expected expression before ')' token
   67 | if (sizeof ((long long int)))
      |                            ^
configure:16290: $? = 1
configure: failed program was:
| /* confdefs.h */
| #define PACKAGE_NAME "MPFR"
| #define PACKAGE_TARNAME "mpfr"
| #define PACKAGE_VERSION "4.1.1"
| #define PACKAGE_STRING "MPFR 4.1.1"
| #define PACKAGE_BUGREPORT ""
| #define PACKAGE_URL ""
| #define HAVE_STDIO_H 1
| #define HAVE_STDLIB_H 1
| #define HAVE_STRING_H 1
| #define HAVE_INTTYPES_H 1
| #define HAVE_STDINT_H 1
| #define HAVE_STRINGS_H 1
| #define HAVE_SYS_STAT_H 1
| #define HAVE_SYS_TYPES_H 1
| #define HAVE_UNISTD_H 1
| #define STDC_HEADERS 1
| #define HAVE_DLFCN_H 1
| #define LT_OBJDIR ".libs/"
| #define HAVE_LITTLE_ENDIAN 1
| #define HAVE_CLOCK_GETTIME 1
| #define HAVE_LOCALE_H 1
| #define HAVE_WCHAR_H 1
| #define HAVE_STDARG 1
| #define HAVE_STRUCT_LCONV_DECIMAL_POINT 1
| #define HAVE_STRUCT_LCONV_THOUSANDS_SEP 1
| #define HAVE_ALLOCA_H 1
| #define HAVE_ALLOCA 1
| #define HAVE_UINTPTR_T 1
| #define HAVE_VA_COPY 1
| #define HAVE_SETLOCALE 1
| #define HAVE_GETTIMEOFDAY 1
| #define HAVE_SIGNAL 1
| #define HAVE_SIGACTION 1
| /* end confdefs.h.  */
| #include <stddef.h>
| #ifdef HAVE_STDIO_H
| # include <stdio.h>
| #endif
| #ifdef HAVE_STDLIB_H
| # include <stdlib.h>
| #endif
| #ifdef HAVE_STRING_H
| # include <string.h>
| #endif
| #ifdef HAVE_INTTYPES_H
| # include <inttypes.h>
| #endif
| #ifdef HAVE_STDINT_H
| # include <stdint.h>
| #endif
| #ifdef HAVE_STRINGS_H
| # include <strings.h>
| #endif
| #ifdef HAVE_SYS_TYPES_H
| # include <sys/types.h>
| #endif
| #ifdef HAVE_SYS_STAT_H
| # include <sys/stat.h>
| #endif
| #ifdef HAVE_UNISTD_H
| # include <unistd.h>
| #endif
| int
| main (void)
| {
| if (sizeof ((long long int)))
| 	    return 0;
|   ;
|   return 0;
| }
configure:16290: result: yes
configure:16299: checking for intmax_t
configure:16299: gcc  -c -isystem/home/ubuntu/yocto/rpi-build/tmp/work/x86_64-linux/mpfr-native/4.1.1-r0/recipe-sysroot-native/usr/include -O2 -pipe -isystem/home/ubuntu/yocto/rpi-build/tmp/work/x86_64-linux/mpfr-native/4.1.1-r0/recipe-sysroot-native/usr/include conftest.c >&5
configure:16299: $? = 0
configure:16299: gcc  -c -isystem/home/ubuntu/yocto/rpi-build/tmp/work/x86_64-linux/mpfr-native/4.1.1-r0/recipe-sysroot-native/usr/include -O2 -pipe -isystem/home/ubuntu/yocto/rpi-build/tmp/work/x86_64-linux/mpfr-native/4.1.1-r0/recipe-sysroot-native/usr/include conftest.c >&5
conftest.c: In function 'main':
conftest.c:68:23: error: expected expression before ')' token
   68 | if (sizeof ((intmax_t)))
      |                       ^
configure:16299: $? = 1
configure: failed program was:
| /* confdefs.h */
| #define PACKAGE_NAME "MPFR"
| #define PACKAGE_TARNAME "mpfr"
| #define PACKAGE_VERSION "4.1.1"
| #define PACKAGE_STRING "MPFR 4.1.1"
| #define PACKAGE_BUGREPORT ""
| #define PACKAGE_URL ""
| #define HAVE_STDIO_H 1
| #define HAVE_STDLIB_H 1
| #define HAVE_STRING_H 1
| #define HAVE_INTTYPES_H 1
| #define HAVE_STDINT_H 1
| #define HAVE_STRINGS_H 1
| #define HAVE_SYS_STAT_H 1
| #define HAVE_SYS_TYPES_H 1
| #define HAVE_UNISTD_H 1
| #define STDC_HEADERS 1
| #define HAVE_DLFCN_H 1
| #define LT_OBJDIR ".libs/"
| #define HAVE_LITTLE_ENDIAN 1
| #define HAVE_CLOCK_GETTIME 1
| #define HAVE_LOCALE_H 1
| #define HAVE_WCHAR_H 1
| #define HAVE_STDARG 1
| #define HAVE_STRUCT_LCONV_DECIMAL_POINT 1
| #define HAVE_STRUCT_LCONV_THOUSANDS_SEP 1
| #define HAVE_ALLOCA_H 1
| #define HAVE_ALLOCA 1
| #define HAVE_UINTPTR_T 1
| #define HAVE_VA_COPY 1
| #define HAVE_SETLOCALE 1
| #define HAVE_GETTIMEOFDAY 1
| #define HAVE_SIGNAL 1
| #define HAVE_SIGACTION 1
| #define HAVE_LONG_LONG 1
| /* end confdefs.h.  */
| #include <stddef.h>
| #ifdef HAVE_STDIO_H
| # include <stdio.h>
| #endif
| #ifdef HAVE_STDLIB_H
| # include <stdlib.h>
| #endif
| #ifdef HAVE_STRING_H
| # include <string.h>
| #endif
| #ifdef HAVE_INTTYPES_H
| # include <inttypes.h>
| #endif
| #ifdef HAVE_STDINT_H
| # include <stdint.h>
| #endif
| #ifdef HAVE_STRINGS_H
| # include <strings.h>
| #endif
| #ifdef HAVE_SYS_TYPES_H
| # include <sys/types.h>
| #endif
| #ifdef HAVE_SYS_STAT_H
| # include <sys/stat.h>
| #endif
| #ifdef HAVE_UNISTD_H
| # include <unistd.h>
| #endif
| int
| main (void)
| {
| if (sizeof ((intmax_t)))
| 	    return 0;
|   ;
|   return 0;
| }
configure:16299: result: yes
configure:16309: checking for working INTMAX_MAX
configure:16330: gcc  -c -isystem/home/ubuntu/yocto/rpi-build/tmp/work/x86_64-linux/mpfr-native/4.1.1-r0/recipe-sysroot-native/usr/include -O2 -pipe -isystem/home/ubuntu/yocto/rpi-build/tmp/work/x86_64-linux/mpfr-native/4.1.1-r0/recipe-sysroot-native/usr/include -I../mpfr-4.1.1/src -DMPFR_NEED_INTMAX_H conftest.c >&5
configure:16330: $? = 0
configure:16340: result: yes
configure:16349: checking for union fpc_csr
configure:16349: gcc  -c -isystem/home/ubuntu/yocto/rpi-build/tmp/work/x86_64-linux/mpfr-native/4.1.1-r0/recipe-sysroot-native/usr/include -O2 -pipe -isystem/home/ubuntu/yocto/rpi-build/tmp/work/x86_64-linux/mpfr-native/4.1.1-r0/recipe-sysroot-native/usr/include conftest.c >&5
conftest.c: In function 'main':
conftest.c:48:13: error: invalid application of 'sizeof' to incomplete type 'union fpc_csr'
   48 | if (sizeof (union fpc_csr))
      |             ^~~~~
configure:16349: $? = 1
configure: failed program was:
| /* confdefs.h */
| #define PACKAGE_NAME "MPFR"
| #define PACKAGE_TARNAME "mpfr"
| #define PACKAGE_VERSION "4.1.1"
| #define PACKAGE_STRING "MPFR 4.1.1"
| #define PACKAGE_BUGREPORT ""
| #define PACKAGE_URL ""
| #define HAVE_STDIO_H 1
| #define HAVE_STDLIB_H 1
| #define HAVE_STRING_H 1
| #define HAVE_INTTYPES_H 1
| #define HAVE_STDINT_H 1
| #define HAVE_STRINGS_H 1
| #define HAVE_SYS_STAT_H 1
| #define HAVE_SYS_TYPES_H 1
| #define HAVE_UNISTD_H 1
| #define STDC_HEADERS 1
| #define HAVE_DLFCN_H 1
| #define LT_OBJDIR ".libs/"
| #define HAVE_LITTLE_ENDIAN 1
| #define HAVE_CLOCK_GETTIME 1
| #define HAVE_LOCALE_H 1
| #define HAVE_WCHAR_H 1
| #define HAVE_STDARG 1
| #define HAVE_STRUCT_LCONV_DECIMAL_POINT 1
| #define HAVE_STRUCT_LCONV_THOUSANDS_SEP 1
| #define HAVE_ALLOCA_H 1
| #define HAVE_ALLOCA 1
| #define HAVE_UINTPTR_T 1
| #define HAVE_VA_COPY 1
| #define HAVE_SETLOCALE 1
| #define HAVE_GETTIMEOFDAY 1
| #define HAVE_SIGNAL 1
| #define HAVE_SIGACTION 1
| #define HAVE_LONG_LONG 1
| #define HAVE_INTMAX_T 1
| #define MPFR_HAVE_INTMAX_MAX 1
| /* end confdefs.h.  */
| 
| #if HAVE_SYS_FPU_H
| #  include <sys/fpu.h>
| #endif
| 
| 
| int
| main (void)
| {
| if (sizeof (union fpc_csr))
| 	 return 0;
|   ;
|   return 0;
| }
configure:16349: result: no
configure:16363: checking for _Noreturn
configure:16374: gcc  -c -isystem/home/ubuntu/yocto/rpi-build/tmp/work/x86_64-linux/mpfr-native/4.1.1-r0/recipe-sysroot-native/usr/include -O2 -pipe -isystem/home/ubuntu/yocto/rpi-build/tmp/work/x86_64-linux/mpfr-native/4.1.1-r0/recipe-sysroot-native/usr/include conftest.c >&5
configure:16374: $? = 0
configure:16383: result: yes
configure:16391: checking for __builtin_unreachable
configure:16410: gcc  -o conftest -isystem/home/ubuntu/yocto/rpi-build/tmp/work/x86_64-linux/mpfr-native/4.1.1-r0/recipe-sysroot-native/usr/include -O2 -pipe -isystem/home/ubuntu/yocto/rpi-build/tmp/work/x86_64-linux/mpfr-native/4.1.1-r0/recipe-sysroot-native/usr/include -L/home/ubuntu/yocto/rpi-build/tmp/work/x86_64-linux/mpfr-native/4.1.1-r0/recipe-sysroot-native/usr/lib                         -L/home/ubuntu/yocto/rpi-build/tmp/work/x86_64-linux/mpfr-native/4.1.1-r0/recipe-sysroot-native/lib                         -Wl,--enable-new-dtags                         -Wl,-rpath-link,/home/ubuntu/yocto/rpi-build/tmp/work/x86_64-linux/mpfr-native/4.1.1-r0/recipe-sysroot-native/usr/lib                         -Wl,-rpath-link,/home/ubuntu/yocto/rpi-build/tmp/work/x86_64-linux/mpfr-native/4.1.1-r0/recipe-sysroot-native/lib                         -Wl,-rpath,/home/ubuntu/yocto/rpi-build/tmp/work/x86_64-linux/mpfr-native/4.1.1-r0/recipe-sysroot-native/usr/lib                         -Wl,-rpath,/home/ubuntu/yocto/rpi-build/tmp/work/x86_64-linux/mpfr-native/4.1.1-r0/recipe-sysroot-native/lib                         -Wl,-O1 -Wl,--allow-shlib-undefined -Wl,--dynamic-linker=/home/ubuntu/yocto/rpi-build/tmp/sysroots-uninative/x86_64-linux/lib/ld-linux-x86-64.so.2 conftest.c  >&5
configure:16410: $? = 0
configure:16420: result: yes
configure:16429: checking for constructor and destructor attributes
configure:16451: gcc  -o conftest -isystem/home/ubuntu/yocto/rpi-build/tmp/work/x86_64-linux/mpfr-native/4.1.1-r0/recipe-sysroot-native/usr/include -O2 -pipe -isystem/home/ubuntu/yocto/rpi-build/tmp/work/x86_64-linux/mpfr-native/4.1.1-r0/recipe-sysroot-native/usr/include -L/home/ubuntu/yocto/rpi-build/tmp/work/x86_64-linux/mpfr-native/4.1.1-r0/recipe-sysroot-native/usr/lib                         -L/home/ubuntu/yocto/rpi-build/tmp/work/x86_64-linux/mpfr-native/4.1.1-r0/recipe-sysroot-native/lib                         -Wl,--enable-new-dtags                         -Wl,-rpath-link,/home/ubuntu/yocto/rpi-build/tmp/work/x86_64-linux/mpfr-native/4.1.1-r0/recipe-sysroot-native/usr/lib                         -Wl,-rpath-link,/home/ubuntu/yocto/rpi-build/tmp/work/x86_64-linux/mpfr-native/4.1.1-r0/recipe-sysroot-native/lib                         -Wl,-rpath,/home/ubuntu/yocto/rpi-build/tmp/work/x86_64-linux/mpfr-native/4.1.1-r0/recipe-sysroot-native/usr/lib                         -Wl,-rpath,/home/ubuntu/yocto/rpi-build/tmp/work/x86_64-linux/mpfr-native/4.1.1-r0/recipe-sysroot-native/lib                         -Wl,-O1 -Wl,--allow-shlib-undefined -Wl,--dynamic-linker=/home/ubuntu/yocto/rpi-build/tmp/sysroots-uninative/x86_64-linux/lib/ld-linux-x86-64.so.2 conftest.c  >&5
configure:16451: $? = 0
configure:16453: result: yes
configure:16471: checking for fesetround
configure:16491: gcc  -o conftest -isystem/home/ubuntu/yocto/rpi-build/tmp/work/x86_64-linux/mpfr-native/4.1.1-r0/recipe-sysroot-native/usr/include -O2 -pipe -isystem/home/ubuntu/yocto/rpi-build/tmp/work/x86_64-linux/mpfr-native/4.1.1-r0/recipe-sysroot-native/usr/include -L/home/ubuntu/yocto/rpi-build/tmp/work/x86_64-linux/mpfr-native/4.1.1-r0/recipe-sysroot-native/usr/lib                         -L/home/ubuntu/yocto/rpi-build/tmp/work/x86_64-linux/mpfr-native/4.1.1-r0/recipe-sysroot-native/lib                         -Wl,--enable-new-dtags                         -Wl,-rpath-link,/home/ubuntu/yocto/rpi-build/tmp/work/x86_64-linux/mpfr-native/4.1.1-r0/recipe-sysroot-native/usr/lib                         -Wl,-rpath-link,/home/ubuntu/yocto/rpi-build/tmp/work/x86_64-linux/mpfr-native/4.1.1-r0/recipe-sysroot-native/lib                         -Wl,-rpath,/home/ubuntu/yocto/rpi-build/tmp/work/x86_64-linux/mpfr-native/4.1.1-r0/recipe-sysroot-native/usr/lib                         -Wl,-rpath,/home/ubuntu/yocto/rpi-build/tmp/work/x86_64-linux/mpfr-native/4.1.1-r0/recipe-sysroot-native/lib                         -Wl,-O1 -Wl,--allow-shlib-undefined -Wl,--dynamic-linker=/home/ubuntu/yocto/rpi-build/tmp/sysroots-uninative/x86_64-linux/lib/ld-linux-x86-64.so.2 conftest.c  -lm >&5
configure:16491: $? = 0
configure:16502: result: yes
configure:16511: checking for gcc float-conversion bug
configure:16553: gcc  -o conftest -isystem/home/ubuntu/yocto/rpi-build/tmp/work/x86_64-linux/mpfr-native/4.1.1-r0/recipe-sysroot-native/usr/include -O2 -pipe -isystem/home/ubuntu/yocto/rpi-build/tmp/work/x86_64-linux/mpfr-native/4.1.1-r0/recipe-sysroot-native/usr/include -L/home/ubuntu/yocto/rpi-build/tmp/work/x86_64-linux/mpfr-native/4.1.1-r0/recipe-sysroot-native/usr/lib                         -L/home/ubuntu/yocto/rpi-build/tmp/work/x86_64-linux/mpfr-native/4.1.1-r0/recipe-sysroot-native/lib                         -Wl,--enable-new-dtags                         -Wl,-rpath-link,/home/ubuntu/yocto/rpi-build/tmp/work/x86_64-linux/mpfr-native/4.1.1-r0/recipe-sysroot-native/usr/lib                         -Wl,-rpath-link,/home/ubuntu/yocto/rpi-build/tmp/work/x86_64-linux/mpfr-native/4.1.1-r0/recipe-sysroot-native/lib                         -Wl,-rpath,/home/ubuntu/yocto/rpi-build/tmp/work/x86_64-linux/mpfr-native/4.1.1-r0/recipe-sysroot-native/usr/lib                         -Wl,-rpath,/home/ubuntu/yocto/rpi-build/tmp/work/x86_64-linux/mpfr-native/4.1.1-r0/recipe-sysroot-native/lib                         -Wl,-O1 -Wl,--allow-shlib-undefined -Wl,--dynamic-linker=/home/ubuntu/yocto/rpi-build/tmp/sysroots-uninative/x86_64-linux/lib/ld-linux-x86-64.so.2 conftest.c  -lm >&5
configure:16553: $? = 0
configure:16553: ./conftest
configure:16553: $? = 0
configure:16566: result: no
configure:16573: checking for subnormal double-precision numbers
configure:16595: gcc  -o conftest -isystem/home/ubuntu/yocto/rpi-build/tmp/work/x86_64-linux/mpfr-native/4.1.1-r0/recipe-sysroot-native/usr/include -O2 -pipe -isystem/home/ubuntu/yocto/rpi-build/tmp/work/x86_64-linux/mpfr-native/4.1.1-r0/recipe-sysroot-native/usr/include -L/home/ubuntu/yocto/rpi-build/tmp/work/x86_64-linux/mpfr-native/4.1.1-r0/recipe-sysroot-native/usr/lib                         -L/home/ubuntu/yocto/rpi-build/tmp/work/x86_64-linux/mpfr-native/4.1.1-r0/recipe-sysroot-native/lib                         -Wl,--enable-new-dtags                         -Wl,-rpath-link,/home/ubuntu/yocto/rpi-build/tmp/work/x86_64-linux/mpfr-native/4.1.1-r0/recipe-sysroot-native/usr/lib                         -Wl,-rpath-link,/home/ubuntu/yocto/rpi-build/tmp/work/x86_64-linux/mpfr-native/4.1.1-r0/recipe-sysroot-native/lib                         -Wl,-rpath,/home/ubuntu/yocto/rpi-build/tmp/work/x86_64-linux/mpfr-native/4.1.1-r0/recipe-sysroot-native/usr/lib                         -Wl,-rpath,/home/ubuntu/yocto/rpi-build/tmp/work/x86_64-linux/mpfr-native/4.1.1-r0/recipe-sysroot-native/lib                         -Wl,-O1 -Wl,--allow-shlib-undefined -Wl,--dynamic-linker=/home/ubuntu/yocto/rpi-build/tmp/sysroots-uninative/x86_64-linux/lib/ld-linux-x86-64.so.2 conftest.c  >&5
configure:16595: $? = 0
configure:16595: ./conftest
1.112537e-308
configure:16595: $? = 0
configure:16607: result: yes
configure:16614: checking for subnormal single-precision numbers
configure:16636: gcc  -o conftest -isystem/home/ubuntu/yocto/rpi-build/tmp/work/x86_64-linux/mpfr-native/4.1.1-r0/recipe-sysroot-native/usr/include -O2 -pipe -isystem/home/ubuntu/yocto/rpi-build/tmp/work/x86_64-linux/mpfr-native/4.1.1-r0/recipe-sysroot-native/usr/include -L/home/ubuntu/yocto/rpi-build/tmp/work/x86_64-linux/mpfr-native/4.1.1-r0/recipe-sysroot-native/usr/lib                         -L/home/ubuntu/yocto/rpi-build/tmp/work/x86_64-linux/mpfr-native/4.1.1-r0/recipe-sysroot-native/lib                         -Wl,--enable-new-dtags                         -Wl,-rpath-link,/home/ubuntu/yocto/rpi-build/tmp/work/x86_64-linux/mpfr-native/4.1.1-r0/recipe-sysroot-native/usr/lib                         -Wl,-rpath-link,/home/ubuntu/yocto/rpi-build/tmp/work/x86_64-linux/mpfr-native/4.1.1-r0/recipe-sysroot-native/lib                         -Wl,-rpath,/home/ubuntu/yocto/rpi-build/tmp/work/x86_64-linux/mpfr-native/4.1.1-r0/recipe-sysroot-native/usr/lib                         -Wl,-rpath,/home/ubuntu/yocto/rpi-build/tmp/work/x86_64-linux/mpfr-native/4.1.1-r0/recipe-sysroot-native/lib                         -Wl,-O1 -Wl,--allow-shlib-undefined -Wl,--dynamic-linker=/home/ubuntu/yocto/rpi-build/tmp/sysroots-uninative/x86_64-linux/lib/ld-linux-x86-64.so.2 conftest.c  >&5
configure:16636: $? = 0
configure:16636: ./conftest
5.877472e-39
configure:16636: $? = 0
configure:16648: result: yes
configure:16656: checking for signed zeros
configure:16675: gcc  -o conftest -isystem/home/ubuntu/yocto/rpi-build/tmp/work/x86_64-linux/mpfr-native/4.1.1-r0/recipe-sysroot-native/usr/include -O2 -pipe -isystem/home/ubuntu/yocto/rpi-build/tmp/work/x86_64-linux/mpfr-native/4.1.1-r0/recipe-sysroot-native/usr/include -L/home/ubuntu/yocto/rpi-build/tmp/work/x86_64-linux/mpfr-native/4.1.1-r0/recipe-sysroot-native/usr/lib                         -L/home/ubuntu/yocto/rpi-build/tmp/work/x86_64-linux/mpfr-native/4.1.1-r0/recipe-sysroot-native/lib                         -Wl,--enable-new-dtags                         -Wl,-rpath-link,/home/ubuntu/yocto/rpi-build/tmp/work/x86_64-linux/mpfr-native/4.1.1-r0/recipe-sysroot-native/usr/lib                         -Wl,-rpath-link,/home/ubuntu/yocto/rpi-build/tmp/work/x86_64-linux/mpfr-native/4.1.1-r0/recipe-sysroot-native/lib                         -Wl,-rpath,/home/ubuntu/yocto/rpi-build/tmp/work/x86_64-linux/mpfr-native/4.1.1-r0/recipe-sysroot-native/usr/lib                         -Wl,-rpath,/home/ubuntu/yocto/rpi-build/tmp/work/x86_64-linux/mpfr-native/4.1.1-r0/recipe-sysroot-native/lib                         -Wl,-O1 -Wl,--allow-shlib-undefined -Wl,--dynamic-linker=/home/ubuntu/yocto/rpi-build/tmp/sysroots-uninative/x86_64-linux/lib/ld-linux-x86-64.so.2 conftest.c  >&5
configure:16675: $? = 0
configure:16675: ./conftest
configure:16675: $? = 0
configure:16687: result: yes
configure:16695: checking if the FP division by 0 fails
configure:16718: gcc  -o conftest -isystem/home/ubuntu/yocto/rpi-build/tmp/work/x86_64-linux/mpfr-native/4.1.1-r0/recipe-sysroot-native/usr/include -O2 -pipe -isystem/home/ubuntu/yocto/rpi-build/tmp/work/x86_64-linux/mpfr-native/4.1.1-r0/recipe-sysroot-native/usr/include -L/home/ubuntu/yocto/rpi-build/tmp/work/x86_64-linux/mpfr-native/4.1.1-r0/recipe-sysroot-native/usr/lib                         -L/home/ubuntu/yocto/rpi-build/tmp/work/x86_64-linux/mpfr-native/4.1.1-r0/recipe-sysroot-native/lib                         -Wl,--enable-new-dtags                         -Wl,-rpath-link,/home/ubuntu/yocto/rpi-build/tmp/work/x86_64-linux/mpfr-native/4.1.1-r0/recipe-sysroot-native/usr/lib                         -Wl,-rpath-link,/home/ubuntu/yocto/rpi-build/tmp/work/x86_64-linux/mpfr-native/4.1.1-r0/recipe-sysroot-native/lib                         -Wl,-rpath,/home/ubuntu/yocto/rpi-build/tmp/work/x86_64-linux/mpfr-native/4.1.1-r0/recipe-sysroot-native/usr/lib                         -Wl,-rpath,/home/ubuntu/yocto/rpi-build/tmp/work/x86_64-linux/mpfr-native/4.1.1-r0/recipe-sysroot-native/lib                         -Wl,-O1 -Wl,--allow-shlib-undefined -Wl,--dynamic-linker=/home/ubuntu/yocto/rpi-build/tmp/sysroots-uninative/x86_64-linux/lib/ld-linux-x86-64.so.2 conftest.c  >&5
configure:16718: $? = 0
configure:16718: ./conftest
configure:16718: $? = 0
configure:16730: result: no
configure:16744: checking if NAN == NAN
configure:16770: gcc  -o conftest -isystem/home/ubuntu/yocto/rpi-build/tmp/work/x86_64-linux/mpfr-native/4.1.1-r0/recipe-sysroot-native/usr/include -O2 -pipe -isystem/home/ubuntu/yocto/rpi-build/tmp/work/x86_64-linux/mpfr-native/4.1.1-r0/recipe-sysroot-native/usr/include -L/home/ubuntu/yocto/rpi-build/tmp/work/x86_64-linux/mpfr-native/4.1.1-r0/recipe-sysroot-native/usr/lib                         -L/home/ubuntu/yocto/rpi-build/tmp/work/x86_64-linux/mpfr-native/4.1.1-r0/recipe-sysroot-native/lib                         -Wl,--enable-new-dtags                         -Wl,-rpath-link,/home/ubuntu/yocto/rpi-build/tmp/work/x86_64-linux/mpfr-native/4.1.1-r0/recipe-sysroot-native/usr/lib                         -Wl,-rpath-link,/home/ubuntu/yocto/rpi-build/tmp/work/x86_64-linux/mpfr-native/4.1.1-r0/recipe-sysroot-native/lib                         -Wl,-rpath,/home/ubuntu/yocto/rpi-build/tmp/work/x86_64-linux/mpfr-native/4.1.1-r0/recipe-sysroot-native/usr/lib                         -Wl,-rpath,/home/ubuntu/yocto/rpi-build/tmp/work/x86_64-linux/mpfr-native/4.1.1-r0/recipe-sysroot-native/lib                         -Wl,-O1 -Wl,--allow-shlib-undefined -Wl,--dynamic-linker=/home/ubuntu/yocto/rpi-build/tmp/sysroots-uninative/x86_64-linux/lib/ld-linux-x86-64.so.2 conftest.c  >&5
configure:16770: $? = 0
configure:16770: ./conftest
configure:16770: $? = 1
configure: program exited with status 1
configure: failed program was:
| /* confdefs.h */
| #define PACKAGE_NAME "MPFR"
| #define PACKAGE_TARNAME "mpfr"
| #define PACKAGE_VERSION "4.1.1"
| #define PACKAGE_STRING "MPFR 4.1.1"
| #define PACKAGE_BUGREPORT ""
| #define PACKAGE_URL ""
| #define HAVE_STDIO_H 1
| #define HAVE_STDLIB_H 1
| #define HAVE_STRING_H 1
| #define HAVE_INTTYPES_H 1
| #define HAVE_STDINT_H 1
| #define HAVE_STRINGS_H 1
| #define HAVE_SYS_STAT_H 1
| #define HAVE_SYS_TYPES_H 1
| #define HAVE_UNISTD_H 1
| #define STDC_HEADERS 1
| #define HAVE_DLFCN_H 1
| #define LT_OBJDIR ".libs/"
| #define HAVE_LITTLE_ENDIAN 1
| #define HAVE_CLOCK_GETTIME 1
| #define HAVE_LOCALE_H 1
| #define HAVE_WCHAR_H 1
| #define HAVE_STDARG 1
| #define HAVE_STRUCT_LCONV_DECIMAL_POINT 1
| #define HAVE_STRUCT_LCONV_THOUSANDS_SEP 1
| #define HAVE_ALLOCA_H 1
| #define HAVE_ALLOCA 1
| #define HAVE_UINTPTR_T 1
| #define HAVE_VA_COPY 1
| #define HAVE_SETLOCALE 1
| #define HAVE_GETTIMEOFDAY 1
| #define HAVE_SIGNAL 1
| #define HAVE_SIGACTION 1
| #define HAVE_LONG_LONG 1
| #define HAVE_INTMAX_T 1
| #define MPFR_HAVE_INTMAX_MAX 1
| #define MPFR_HAVE_NORETURN 1
| #define MPFR_HAVE_BUILTIN_UNREACHABLE 1
| #define MPFR_HAVE_CONSTRUCTOR_ATTR 1
| #define MPFR_HAVE_FESETROUND 1
| #define HAVE_SUBNORM_DBL 1
| #define HAVE_SUBNORM_FLT 1
| #define HAVE_SIGNEDZ 1
| /* end confdefs.h.  */
| 
| #include <stdio.h>
| #include <math.h>
| #ifndef NAN
| # define NAN (0.0/0.0)
| #endif
| int main (void) {
|   double d;
|   d = NAN;
|   return d != d;
| }
| 
configure:16782: result: no
configure:16810: checking if charset has consecutive values
configure:16841: gcc  -o conftest -isystem/home/ubuntu/yocto/rpi-build/tmp/work/x86_64-linux/mpfr-native/4.1.1-r0/recipe-sysroot-native/usr/include -O2 -pipe -isystem/home/ubuntu/yocto/rpi-build/tmp/work/x86_64-linux/mpfr-native/4.1.1-r0/recipe-sysroot-native/usr/include -L/home/ubuntu/yocto/rpi-build/tmp/work/x86_64-linux/mpfr-native/4.1.1-r0/recipe-sysroot-native/usr/lib                         -L/home/ubuntu/yocto/rpi-build/tmp/work/x86_64-linux/mpfr-native/4.1.1-r0/recipe-sysroot-native/lib                         -Wl,--enable-new-dtags                         -Wl,-rpath-link,/home/ubuntu/yocto/rpi-build/tmp/work/x86_64-linux/mpfr-native/4.1.1-r0/recipe-sysroot-native/usr/lib                         -Wl,-rpath-link,/home/ubuntu/yocto/rpi-build/tmp/work/x86_64-linux/mpfr-native/4.1.1-r0/recipe-sysroot-native/lib                         -Wl,-rpath,/home/ubuntu/yocto/rpi-build/tmp/work/x86_64-linux/mpfr-native/4.1.1-r0/recipe-sysroot-native/usr/lib                         -Wl,-rpath,/home/ubuntu/yocto/rpi-build/tmp/work/x86_64-linux/mpfr-native/4.1.1-r0/recipe-sysroot-native/lib                         -Wl,-O1 -Wl,--allow-shlib-undefined -Wl,--dynamic-linker=/home/ubuntu/yocto/rpi-build/tmp/sysroots-uninative/x86_64-linux/lib/ld-linux-x86-64.so.2 conftest.c  >&5
configure:16841: $? = 0
configure:16841: ./conftest
configure:16841: $? = 0
configure:16843: result: yes
configure:16861: checking for math/round
configure:16879: gcc  -o conftest -isystem/home/ubuntu/yocto/rpi-build/tmp/work/x86_64-linux/mpfr-native/4.1.1-r0/recipe-sysroot-native/usr/include -O2 -pipe -isystem/home/ubuntu/yocto/rpi-build/tmp/work/x86_64-linux/mpfr-native/4.1.1-r0/recipe-sysroot-native/usr/include -L/home/ubuntu/yocto/rpi-build/tmp/work/x86_64-linux/mpfr-native/4.1.1-r0/recipe-sysroot-native/usr/lib                         -L/home/ubuntu/yocto/rpi-build/tmp/work/x86_64-linux/mpfr-native/4.1.1-r0/recipe-sysroot-native/lib                         -Wl,--enable-new-dtags                         -Wl,-rpath-link,/home/ubuntu/yocto/rpi-build/tmp/work/x86_64-linux/mpfr-native/4.1.1-r0/recipe-sysroot-native/usr/lib                         -Wl,-rpath-link,/home/ubuntu/yocto/rpi-build/tmp/work/x86_64-linux/mpfr-native/4.1.1-r0/recipe-sysroot-native/lib                         -Wl,-rpath,/home/ubuntu/yocto/rpi-build/tmp/work/x86_64-linux/mpfr-native/4.1.1-r0/recipe-sysroot-native/usr/lib                         -Wl,-rpath,/home/ubuntu/yocto/rpi-build/tmp/work/x86_64-linux/mpfr-native/4.1.1-r0/recipe-sysroot-native/lib                         -Wl,-O1 -Wl,--allow-shlib-undefined -Wl,--dynamic-linker=/home/ubuntu/yocto/rpi-build/tmp/sysroots-uninative/x86_64-linux/lib/ld-linux-x86-64.so.2 conftest.c  -lm >&5
configure:16879: $? = 0
configure:16882: result: yes
configure:16895: checking for math/trunc
configure:16913: gcc  -o conftest -isystem/home/ubuntu/yocto/rpi-build/tmp/work/x86_64-linux/mpfr-native/4.1.1-r0/recipe-sysroot-native/usr/include -O2 -pipe -isystem/home/ubuntu/yocto/rpi-build/tmp/work/x86_64-linux/mpfr-native/4.1.1-r0/recipe-sysroot-native/usr/include -L/home/ubuntu/yocto/rpi-build/tmp/work/x86_64-linux/mpfr-native/4.1.1-r0/recipe-sysroot-native/usr/lib                         -L/home/ubuntu/yocto/rpi-build/tmp/work/x86_64-linux/mpfr-native/4.1.1-r0/recipe-sysroot-native/lib                         -Wl,--enable-new-dtags                         -Wl,-rpath-link,/home/ubuntu/yocto/rpi-build/tmp/work/x86_64-linux/mpfr-native/4.1.1-r0/recipe-sysroot-native/usr/lib                         -Wl,-rpath-link,/home/ubuntu/yocto/rpi-build/tmp/work/x86_64-linux/mpfr-native/4.1.1-r0/recipe-sysroot-native/lib                         -Wl,-rpath,/home/ubuntu/yocto/rpi-build/tmp/work/x86_64-linux/mpfr-native/4.1.1-r0/recipe-sysroot-native/usr/lib                         -Wl,-rpath,/home/ubuntu/yocto/rpi-build/tmp/work/x86_64-linux/mpfr-native/4.1.1-r0/recipe-sysroot-native/lib                         -Wl,-O1 -Wl,--allow-shlib-undefined -Wl,--dynamic-linker=/home/ubuntu/yocto/rpi-build/tmp/sysroots-uninative/x86_64-linux/lib/ld-linux-x86-64.so.2 conftest.c  -lm >&5
configure:16913: $? = 0
configure:16916: result: yes
configure:16929: checking for math/floor
configure:16947: gcc  -o conftest -isystem/home/ubuntu/yocto/rpi-build/tmp/work/x86_64-linux/mpfr-native/4.1.1-r0/recipe-sysroot-native/usr/include -O2 -pipe -isystem/home/ubuntu/yocto/rpi-build/tmp/work/x86_64-linux/mpfr-native/4.1.1-r0/recipe-sysroot-native/usr/include -L/home/ubuntu/yocto/rpi-build/tmp/work/x86_64-linux/mpfr-native/4.1.1-r0/recipe-sysroot-native/usr/lib                         -L/home/ubuntu/yocto/rpi-build/tmp/work/x86_64-linux/mpfr-native/4.1.1-r0/recipe-sysroot-native/lib                         -Wl,--enable-new-dtags                         -Wl,-rpath-link,/home/ubuntu/yocto/rpi-build/tmp/work/x86_64-linux/mpfr-native/4.1.1-r0/recipe-sysroot-native/usr/lib                         -Wl,-rpath-link,/home/ubuntu/yocto/rpi-build/tmp/work/x86_64-linux/mpfr-native/4.1.1-r0/recipe-sysroot-native/lib                         -Wl,-rpath,/home/ubuntu/yocto/rpi-build/tmp/work/x86_64-linux/mpfr-native/4.1.1-r0/recipe-sysroot-native/usr/lib                         -Wl,-rpath,/home/ubuntu/yocto/rpi-build/tmp/work/x86_64-linux/mpfr-native/4.1.1-r0/recipe-sysroot-native/lib                         -Wl,-O1 -Wl,--allow-shlib-undefined -Wl,--dynamic-linker=/home/ubuntu/yocto/rpi-build/tmp/sysroots-uninative/x86_64-linux/lib/ld-linux-x86-64.so.2 conftest.c  -lm >&5
configure:16947: $? = 0
configure:16950: result: yes
configure:16963: checking for math/ceil
configure:16981: gcc  -o conftest -isystem/home/ubuntu/yocto/rpi-build/tmp/work/x86_64-linux/mpfr-native/4.1.1-r0/recipe-sysroot-native/usr/include -O2 -pipe -isystem/home/ubuntu/yocto/rpi-build/tmp/work/x86_64-linux/mpfr-native/4.1.1-r0/recipe-sysroot-native/usr/include -L/home/ubuntu/yocto/rpi-build/tmp/work/x86_64-linux/mpfr-native/4.1.1-r0/recipe-sysroot-native/usr/lib                         -L/home/ubuntu/yocto/rpi-build/tmp/work/x86_64-linux/mpfr-native/4.1.1-r0/recipe-sysroot-native/lib                         -Wl,--enable-new-dtags                         -Wl,-rpath-link,/home/ubuntu/yocto/rpi-build/tmp/work/x86_64-linux/mpfr-native/4.1.1-r0/recipe-sysroot-native/usr/lib                         -Wl,-rpath-link,/home/ubuntu/yocto/rpi-build/tmp/work/x86_64-linux/mpfr-native/4.1.1-r0/recipe-sysroot-native/lib                         -Wl,-rpath,/home/ubuntu/yocto/rpi-build/tmp/work/x86_64-linux/mpfr-native/4.1.1-r0/recipe-sysroot-native/usr/lib                         -Wl,-rpath,/home/ubuntu/yocto/rpi-build/tmp/work/x86_64-linux/mpfr-native/4.1.1-r0/recipe-sysroot-native/lib                         -Wl,-O1 -Wl,--allow-shlib-undefined -Wl,--dynamic-linker=/home/ubuntu/yocto/rpi-build/tmp/sysroots-uninative/x86_64-linux/lib/ld-linux-x86-64.so.2 conftest.c  -lm >&5
configure:16981: $? = 0
configure:16984: result: yes
configure:16997: checking for math/nearbyint
configure:17015: gcc  -o conftest -isystem/home/ubuntu/yocto/rpi-build/tmp/work/x86_64-linux/mpfr-native/4.1.1-r0/recipe-sysroot-native/usr/include -O2 -pipe -isystem/home/ubuntu/yocto/rpi-build/tmp/work/x86_64-linux/mpfr-native/4.1.1-r0/recipe-sysroot-native/usr/include -L/home/ubuntu/yocto/rpi-build/tmp/work/x86_64-linux/mpfr-native/4.1.1-r0/recipe-sysroot-native/usr/lib                         -L/home/ubuntu/yocto/rpi-build/tmp/work/x86_64-linux/mpfr-native/4.1.1-r0/recipe-sysroot-native/lib                         -Wl,--enable-new-dtags                         -Wl,-rpath-link,/home/ubuntu/yocto/rpi-build/tmp/work/x86_64-linux/mpfr-native/4.1.1-r0/recipe-sysroot-native/usr/lib                         -Wl,-rpath-link,/home/ubuntu/yocto/rpi-build/tmp/work/x86_64-linux/mpfr-native/4.1.1-r0/recipe-sysroot-native/lib                         -Wl,-rpath,/home/ubuntu/yocto/rpi-build/tmp/work/x86_64-linux/mpfr-native/4.1.1-r0/recipe-sysroot-native/usr/lib                         -Wl,-rpath,/home/ubuntu/yocto/rpi-build/tmp/work/x86_64-linux/mpfr-native/4.1.1-r0/recipe-sysroot-native/lib                         -Wl,-O1 -Wl,--allow-shlib-undefined -Wl,--dynamic-linker=/home/ubuntu/yocto/rpi-build/tmp/sysroots-uninative/x86_64-linux/lib/ld-linux-x86-64.so.2 conftest.c  -lm >&5
configure:17015: $? = 0
configure:17018: result: yes
configure:17031: checking for _mulx_u64
configure:17057: gcc  -o conftest -isystem/home/ubuntu/yocto/rpi-build/tmp/work/x86_64-linux/mpfr-native/4.1.1-r0/recipe-sysroot-native/usr/include -O2 -pipe -isystem/home/ubuntu/yocto/rpi-build/tmp/work/x86_64-linux/mpfr-native/4.1.1-r0/recipe-sysroot-native/usr/include -L/home/ubuntu/yocto/rpi-build/tmp/work/x86_64-linux/mpfr-native/4.1.1-r0/recipe-sysroot-native/usr/lib                         -L/home/ubuntu/yocto/rpi-build/tmp/work/x86_64-linux/mpfr-native/4.1.1-r0/recipe-sysroot-native/lib                         -Wl,--enable-new-dtags                         -Wl,-rpath-link,/home/ubuntu/yocto/rpi-build/tmp/work/x86_64-linux/mpfr-native/4.1.1-r0/recipe-sysroot-native/usr/lib                         -Wl,-rpath-link,/home/ubuntu/yocto/rpi-build/tmp/work/x86_64-linux/mpfr-native/4.1.1-r0/recipe-sysroot-native/lib                         -Wl,-rpath,/home/ubuntu/yocto/rpi-build/tmp/work/x86_64-linux/mpfr-native/4.1.1-r0/recipe-sysroot-native/usr/lib                         -Wl,-rpath,/home/ubuntu/yocto/rpi-build/tmp/work/x86_64-linux/mpfr-native/4.1.1-r0/recipe-sysroot-native/lib                         -Wl,-O1 -Wl,--allow-shlib-undefined -Wl,--dynamic-linker=/home/ubuntu/yocto/rpi-build/tmp/sysroots-uninative/x86_64-linux/lib/ld-linux-x86-64.so.2 conftest.c  -lm >&5
In file included from /usr/lib/gcc/x86_64-linux-gnu/11/include/x86gprintrin.h:43,
                 from /usr/lib/gcc/x86_64-linux-gnu/11/include/immintrin.h:27,
                 from conftest.c:52:
conftest.c: In function 'main':
/usr/lib/gcc/x86_64-linux-gnu/11/include/bmi2intrin.h:83:1: error: inlining failed in call to 'always_inline' '_mulx_u64': target specific option mismatch
   83 | _mulx_u64 (unsigned long long __X, unsigned long long __Y,
      | ^~~~~~~~~
conftest.c:60:2: note: called from here
   60 |  _mulx_u64(-1, -1, &h2);
      |  ^~~~~~~~~~~~~~~~~~~~~~
In file included from /usr/lib/gcc/x86_64-linux-gnu/11/include/x86gprintrin.h:43,
                 from /usr/lib/gcc/x86_64-linux-gnu/11/include/immintrin.h:27,
                 from conftest.c:52:
/usr/lib/gcc/x86_64-linux-gnu/11/include/bmi2intrin.h:83:1: error: inlining failed in call to 'always_inline' '_mulx_u64': target specific option mismatch
   83 | _mulx_u64 (unsigned long long __X, unsigned long long __Y,
      | ^~~~~~~~~
conftest.c:59:2: note: called from here
   59 |  _mulx_u64(17, 42, &h1);
      |  ^~~~~~~~~~~~~~~~~~~~~~
configure:17057: $? = 1
configure: program exited with status 1
configure: failed program was:
| /* confdefs.h */
| #define PACKAGE_NAME "MPFR"
| #define PACKAGE_TARNAME "mpfr"
| #define PACKAGE_VERSION "4.1.1"
| #define PACKAGE_STRING "MPFR 4.1.1"
| #define PACKAGE_BUGREPORT ""
| #define PACKAGE_URL ""
| #define HAVE_STDIO_H 1
| #define HAVE_STDLIB_H 1
| #define HAVE_STRING_H 1
| #define HAVE_INTTYPES_H 1
| #define HAVE_STDINT_H 1
| #define HAVE_STRINGS_H 1
| #define HAVE_SYS_STAT_H 1
| #define HAVE_SYS_TYPES_H 1
| #define HAVE_UNISTD_H 1
| #define STDC_HEADERS 1
| #define HAVE_DLFCN_H 1
| #define LT_OBJDIR ".libs/"
| #define HAVE_LITTLE_ENDIAN 1
| #define HAVE_CLOCK_GETTIME 1
| #define HAVE_LOCALE_H 1
| #define HAVE_WCHAR_H 1
| #define HAVE_STDARG 1
| #define HAVE_STRUCT_LCONV_DECIMAL_POINT 1
| #define HAVE_STRUCT_LCONV_THOUSANDS_SEP 1
| #define HAVE_ALLOCA_H 1
| #define HAVE_ALLOCA 1
| #define HAVE_UINTPTR_T 1
| #define HAVE_VA_COPY 1
| #define HAVE_SETLOCALE 1
| #define HAVE_GETTIMEOFDAY 1
| #define HAVE_SIGNAL 1
| #define HAVE_SIGACTION 1
| #define HAVE_LONG_LONG 1
| #define HAVE_INTMAX_T 1
| #define MPFR_HAVE_INTMAX_MAX 1
| #define MPFR_HAVE_NORETURN 1
| #define MPFR_HAVE_BUILTIN_UNREACHABLE 1
| #define MPFR_HAVE_CONSTRUCTOR_ATTR 1
| #define MPFR_HAVE_FESETROUND 1
| #define HAVE_SUBNORM_DBL 1
| #define HAVE_SUBNORM_FLT 1
| #define HAVE_SIGNEDZ 1
| #define HAVE_ROUND 1
| #define HAVE_TRUNC 1
| #define HAVE_FLOOR 1
| #define HAVE_CEIL 1
| #define HAVE_NEARBYINT 1
| /* end confdefs.h.  */
| 
| #include <immintrin.h>
| 
| int
| main (void)
| {
| 
|  unsigned long long h1, h2;
|  _mulx_u64(17, 42, &h1);
|  _mulx_u64(-1, -1, &h2);
|  return h1 == 0 && h2 == -2 ? 0 : 1;
| 
|   ;
|   return 0;
| }
configure:17066: result: no
configure:17080: checking format of floating-point type `double'
configure:17115: gcc  -isystem/home/ubuntu/yocto/rpi-build/tmp/work/x86_64-linux/mpfr-native/4.1.1-r0/recipe-sysroot-native/usr/include -O2 -pipe -isystem/home/ubuntu/yocto/rpi-build/tmp/work/x86_64-linux/mpfr-native/4.1.1-r0/recipe-sysroot-native/usr/include -L/home/ubuntu/yocto/rpi-build/tmp/work/x86_64-linux/mpfr-native/4.1.1-r0/recipe-sysroot-native/usr/lib                         -L/home/ubuntu/yocto/rpi-build/tmp/work/x86_64-linux/mpfr-native/4.1.1-r0/recipe-sysroot-native/lib                         -Wl,--enable-new-dtags                         -Wl,-rpath-link,/home/ubuntu/yocto/rpi-build/tmp/work/x86_64-linux/mpfr-native/4.1.1-r0/recipe-sysroot-native/usr/lib                         -Wl,-rpath-link,/home/ubuntu/yocto/rpi-build/tmp/work/x86_64-linux/mpfr-native/4.1.1-r0/recipe-sysroot-native/lib                         -Wl,-rpath,/home/ubuntu/yocto/rpi-build/tmp/work/x86_64-linux/mpfr-native/4.1.1-r0/recipe-sysroot-native/usr/lib                         -Wl,-rpath,/home/ubuntu/yocto/rpi-build/tmp/work/x86_64-linux/mpfr-native/4.1.1-r0/recipe-sysroot-native/lib                         -Wl,-O1 -Wl,--allow-shlib-undefined -Wl,--dynamic-linker=/home/ubuntu/yocto/rpi-build/tmp/sysroots-uninative/x86_64-linux/lib/ld-linux-x86-64.so.2 conftest.c -o conftest >&5 2>&1
configure:17118: $? = 0
configure:17412: result: IEEE double, little endian
configure:17434: checking format of floating-point type `long double'
configure:17469: gcc  -isystem/home/ubuntu/yocto/rpi-build/tmp/work/x86_64-linux/mpfr-native/4.1.1-r0/recipe-sysroot-native/usr/include -O2 -pipe -isystem/home/ubuntu/yocto/rpi-build/tmp/work/x86_64-linux/mpfr-native/4.1.1-r0/recipe-sysroot-native/usr/include -L/home/ubuntu/yocto/rpi-build/tmp/work/x86_64-linux/mpfr-native/4.1.1-r0/recipe-sysroot-native/usr/lib                         -L/home/ubuntu/yocto/rpi-build/tmp/work/x86_64-linux/mpfr-native/4.1.1-r0/recipe-sysroot-native/lib                         -Wl,--enable-new-dtags                         -Wl,-rpath-link,/home/ubuntu/yocto/rpi-build/tmp/work/x86_64-linux/mpfr-native/4.1.1-r0/recipe-sysroot-native/usr/lib                         -Wl,-rpath-link,/home/ubuntu/yocto/rpi-build/tmp/work/x86_64-linux/mpfr-native/4.1.1-r0/recipe-sysroot-native/lib                         -Wl,-rpath,/home/ubuntu/yocto/rpi-build/tmp/work/x86_64-linux/mpfr-native/4.1.1-r0/recipe-sysroot-native/usr/lib                         -Wl,-rpath,/home/ubuntu/yocto/rpi-build/tmp/work/x86_64-linux/mpfr-native/4.1.1-r0/recipe-sysroot-native/lib                         -Wl,-O1 -Wl,--allow-shlib-undefined -Wl,--dynamic-linker=/home/ubuntu/yocto/rpi-build/tmp/sysroots-uninative/x86_64-linux/lib/ld-linux-x86-64.so.2 conftest.c -o conftest >&5 2>&1
configure:17472: $? = 0
configure:17766: result: IEEE extended, little endian (16 bytes)
configure:17822: checking for TLS support using C11
configure:17844: gcc  -o conftest -isystem/home/ubuntu/yocto/rpi-build/tmp/work/x86_64-linux/mpfr-native/4.1.1-r0/recipe-sysroot-native/usr/include -O2 -pipe -isystem/home/ubuntu/yocto/rpi-build/tmp/work/x86_64-linux/mpfr-native/4.1.1-r0/recipe-sysroot-native/usr/include -I../mpfr-4.1.1/src -L/home/ubuntu/yocto/rpi-build/tmp/work/x86_64-linux/mpfr-native/4.1.1-r0/recipe-sysroot-native/usr/lib                         -L/home/ubuntu/yocto/rpi-build/tmp/work/x86_64-linux/mpfr-native/4.1.1-r0/recipe-sysroot-native/lib                         -Wl,--enable-new-dtags                         -Wl,-rpath-link,/home/ubuntu/yocto/rpi-build/tmp/work/x86_64-linux/mpfr-native/4.1.1-r0/recipe-sysroot-native/usr/lib                         -Wl,-rpath-link,/home/ubuntu/yocto/rpi-build/tmp/work/x86_64-linux/mpfr-native/4.1.1-r0/recipe-sysroot-native/lib                         -Wl,-rpath,/home/ubuntu/yocto/rpi-build/tmp/work/x86_64-linux/mpfr-native/4.1.1-r0/recipe-sysroot-native/usr/lib                         -Wl,-rpath,/home/ubuntu/yocto/rpi-build/tmp/work/x86_64-linux/mpfr-native/4.1.1-r0/recipe-sysroot-native/lib                         -Wl,-O1 -Wl,--allow-shlib-undefined -Wl,--dynamic-linker=/home/ubuntu/yocto/rpi-build/tmp/sysroots-uninative/x86_64-linux/lib/ld-linux-x86-64.so.2 conftest.c  >&5
configure:17844: $? = 0
configure:17844: ./conftest
configure:17844: $? = 0
configure:17846: result: yes
configure:17927: checking if compiler knows _Decimal64
configure:17940: gcc  -c -isystem/home/ubuntu/yocto/rpi-build/tmp/work/x86_64-linux/mpfr-native/4.1.1-r0/recipe-sysroot-native/usr/include -O2 -pipe -isystem/home/ubuntu/yocto/rpi-build/tmp/work/x86_64-linux/mpfr-native/4.1.1-r0/recipe-sysroot-native/usr/include conftest.c >&5
configure:17940: $? = 0
configure:17942: result: yes
configure:17944: checking decimal float format
configure:17972: gcc  -o conftest -isystem/home/ubuntu/yocto/rpi-build/tmp/work/x86_64-linux/mpfr-native/4.1.1-r0/recipe-sysroot-native/usr/include -O2 -pipe -isystem/home/ubuntu/yocto/rpi-build/tmp/work/x86_64-linux/mpfr-native/4.1.1-r0/recipe-sysroot-native/usr/include -L/home/ubuntu/yocto/rpi-build/tmp/work/x86_64-linux/mpfr-native/4.1.1-r0/recipe-sysroot-native/usr/lib                         -L/home/ubuntu/yocto/rpi-build/tmp/work/x86_64-linux/mpfr-native/4.1.1-r0/recipe-sysroot-native/lib                         -Wl,--enable-new-dtags                         -Wl,-rpath-link,/home/ubuntu/yocto/rpi-build/tmp/work/x86_64-linux/mpfr-native/4.1.1-r0/recipe-sysroot-native/usr/lib                         -Wl,-rpath-link,/home/ubuntu/yocto/rpi-build/tmp/work/x86_64-linux/mpfr-native/4.1.1-r0/recipe-sysroot-native/lib                         -Wl,-rpath,/home/ubuntu/yocto/rpi-build/tmp/work/x86_64-linux/mpfr-native/4.1.1-r0/recipe-sysroot-native/usr/lib                         -Wl,-rpath,/home/ubuntu/yocto/rpi-build/tmp/work/x86_64-linux/mpfr-native/4.1.1-r0/recipe-sysroot-native/lib                         -Wl,-O1 -Wl,--allow-shlib-undefined -Wl,--dynamic-linker=/home/ubuntu/yocto/rpi-build/tmp/sysroots-uninative/x86_64-linux/lib/ld-linux-x86-64.so.2 conftest.c  >&5
configure:17972: $? = 0
configure:17972: ./conftest
configure:17972: $? = 81
configure: program exited with status 81
configure: failed program was:
| /* confdefs.h */
| #define PACKAGE_NAME "MPFR"
| #define PACKAGE_TARNAME "mpfr"
| #define PACKAGE_VERSION "4.1.1"
| #define PACKAGE_STRING "MPFR 4.1.1"
| #define PACKAGE_BUGREPORT ""
| #define PACKAGE_URL ""
| #define HAVE_STDIO_H 1
| #define HAVE_STDLIB_H 1
| #define HAVE_STRING_H 1
| #define HAVE_INTTYPES_H 1
| #define HAVE_STDINT_H 1
| #define HAVE_STRINGS_H 1
| #define HAVE_SYS_STAT_H 1
| #define HAVE_SYS_TYPES_H 1
| #define HAVE_UNISTD_H 1
| #define STDC_HEADERS 1
| #define HAVE_DLFCN_H 1
| #define LT_OBJDIR ".libs/"
| #define HAVE_LITTLE_ENDIAN 1
| #define HAVE_CLOCK_GETTIME 1
| #define HAVE_LOCALE_H 1
| #define HAVE_WCHAR_H 1
| #define HAVE_STDARG 1
| #define HAVE_STRUCT_LCONV_DECIMAL_POINT 1
| #define HAVE_STRUCT_LCONV_THOUSANDS_SEP 1
| #define HAVE_ALLOCA_H 1
| #define HAVE_ALLOCA 1
| #define HAVE_UINTPTR_T 1
| #define HAVE_VA_COPY 1
| #define HAVE_SETLOCALE 1
| #define HAVE_GETTIMEOFDAY 1
| #define HAVE_SIGNAL 1
| #define HAVE_SIGACTION 1
| #define HAVE_LONG_LONG 1
| #define HAVE_INTMAX_T 1
| #define MPFR_HAVE_INTMAX_MAX 1
| #define MPFR_HAVE_NORETURN 1
| #define MPFR_HAVE_BUILTIN_UNREACHABLE 1
| #define MPFR_HAVE_CONSTRUCTOR_ATTR 1
| #define MPFR_HAVE_FESETROUND 1
| #define HAVE_SUBNORM_DBL 1
| #define HAVE_SUBNORM_FLT 1
| #define HAVE_SIGNEDZ 1
| #define HAVE_ROUND 1
| #define HAVE_TRUNC 1
| #define HAVE_FLOOR 1
| #define HAVE_CEIL 1
| #define HAVE_NEARBYINT 1
| #define HAVE_DOUBLE_IEEE_LITTLE_ENDIAN 1
| #define HAVE_LDOUBLE_IEEE_EXT_LITTLE 1
| #define MPFR_USE_THREAD_SAFE 1
| #define MPFR_USE_C11_THREAD_SAFE 1
| /* end confdefs.h.  */
| 
| #include <stdlib.h>
| 
| int
| main (void)
| {
| 
| volatile _Decimal64 x = 1;
| union { double d; _Decimal64 d64; } y;
| if (x != x) return 83;
| y.d64 = 1234567890123456.0dd;
| return y.d == 0.14894469406741037E-123 ? 80 :
|        y.d == 0.59075095508629822E-68  ? 81 : 82;
| 
|   ;
|   return 0;
| }
configure:17991: result: BID
configure:18065: checking bit-field ordering for _Decimal128
configure:18108: gcc  -o conftest -isystem/home/ubuntu/yocto/rpi-build/tmp/work/x86_64-linux/mpfr-native/4.1.1-r0/recipe-sysroot-native/usr/include -O2 -pipe -isystem/home/ubuntu/yocto/rpi-build/tmp/work/x86_64-linux/mpfr-native/4.1.1-r0/recipe-sysroot-native/usr/include -L/home/ubuntu/yocto/rpi-build/tmp/work/x86_64-linux/mpfr-native/4.1.1-r0/recipe-sysroot-native/usr/lib                         -L/home/ubuntu/yocto/rpi-build/tmp/work/x86_64-linux/mpfr-native/4.1.1-r0/recipe-sysroot-native/lib                         -Wl,--enable-new-dtags                         -Wl,-rpath-link,/home/ubuntu/yocto/rpi-build/tmp/work/x86_64-linux/mpfr-native/4.1.1-r0/recipe-sysroot-native/usr/lib                         -Wl,-rpath-link,/home/ubuntu/yocto/rpi-build/tmp/work/x86_64-linux/mpfr-native/4.1.1-r0/recipe-sysroot-native/lib                         -Wl,-rpath,/home/ubuntu/yocto/rpi-build/tmp/work/x86_64-linux/mpfr-native/4.1.1-r0/recipe-sysroot-native/usr/lib                         -Wl,-rpath,/home/ubuntu/yocto/rpi-build/tmp/work/x86_64-linux/mpfr-native/4.1.1-r0/recipe-sysroot-native/lib                         -Wl,-O1 -Wl,--allow-shlib-undefined -Wl,--dynamic-linker=/home/ubuntu/yocto/rpi-build/tmp/sysroots-uninative/x86_64-linux/lib/ld-linux-x86-64.so.2 conftest.c  >&5
configure:18108: $? = 0
configure:18108: ./conftest
configure:18108: $? = 80
configure: program exited with status 80
configure: failed program was:
| /* confdefs.h */
| #define PACKAGE_NAME "MPFR"
| #define PACKAGE_TARNAME "mpfr"
| #define PACKAGE_VERSION "4.1.1"
| #define PACKAGE_STRING "MPFR 4.1.1"
| #define PACKAGE_BUGREPORT ""
| #define PACKAGE_URL ""
| #define HAVE_STDIO_H 1
| #define HAVE_STDLIB_H 1
| #define HAVE_STRING_H 1
| #define HAVE_INTTYPES_H 1
| #define HAVE_STDINT_H 1
| #define HAVE_STRINGS_H 1
| #define HAVE_SYS_STAT_H 1
| #define HAVE_SYS_TYPES_H 1
| #define HAVE_UNISTD_H 1
| #define STDC_HEADERS 1
| #define HAVE_DLFCN_H 1
| #define LT_OBJDIR ".libs/"
| #define HAVE_LITTLE_ENDIAN 1
| #define HAVE_CLOCK_GETTIME 1
| #define HAVE_LOCALE_H 1
| #define HAVE_WCHAR_H 1
| #define HAVE_STDARG 1
| #define HAVE_STRUCT_LCONV_DECIMAL_POINT 1
| #define HAVE_STRUCT_LCONV_THOUSANDS_SEP 1
| #define HAVE_ALLOCA_H 1
| #define HAVE_ALLOCA 1
| #define HAVE_UINTPTR_T 1
| #define HAVE_VA_COPY 1
| #define HAVE_SETLOCALE 1
| #define HAVE_GETTIMEOFDAY 1
| #define HAVE_SIGNAL 1
| #define HAVE_SIGACTION 1
| #define HAVE_LONG_LONG 1
| #define HAVE_INTMAX_T 1
| #define MPFR_HAVE_INTMAX_MAX 1
| #define MPFR_HAVE_NORETURN 1
| #define MPFR_HAVE_BUILTIN_UNREACHABLE 1
| #define MPFR_HAVE_CONSTRUCTOR_ATTR 1
| #define MPFR_HAVE_FESETROUND 1
| #define HAVE_SUBNORM_DBL 1
| #define HAVE_SUBNORM_FLT 1
| #define HAVE_SIGNEDZ 1
| #define HAVE_ROUND 1
| #define HAVE_TRUNC 1
| #define HAVE_FLOOR 1
| #define HAVE_CEIL 1
| #define HAVE_NEARBYINT 1
| #define HAVE_DOUBLE_IEEE_LITTLE_ENDIAN 1
| #define HAVE_LDOUBLE_IEEE_EXT_LITTLE 1
| #define MPFR_USE_THREAD_SAFE 1
| #define MPFR_USE_C11_THREAD_SAFE 1
| #define MPFR_WANT_DECIMAL_FLOATS 1
| #define DECIMAL_BID_FORMAT 1
| /* end confdefs.h.  */
| 
| 
| int
| main (void)
| {
| 
|     union ieee_decimal128
|     {
|       struct
|       {
|         unsigned int t3:32;
|         unsigned int t2:32;
|         unsigned int t1:32;
|         unsigned int t0:14;
|         unsigned int comb:17;
|         unsigned int sig:1;
|       } s;
|       _Decimal128 d128;
|     } x;
| 
|     x.d128 = 1.0dl;
|     if (x.s.sig == 0 && x.s.comb == 49400 &&
|         x.s.t0 == 0 && x.s.t1 == 0 && x.s.t2 == 0 && x.s.t3 == 10)
|        return 80; /* little endian */
|     else if (x.s.sig == 0 && x.s.comb == 8 &&
|              x.s.t0 == 0 && x.s.t1 == 0 && x.s.t2 == 0 && x.s.t3 == 570933248)
|        return 81; /* big endian */
|     else
|        return 82; /* unknown encoding */
| 
|   ;
|   return 0;
| }
configure:18115: result: little endian
configure:18136: checking if _Float128 with hex constants is supported
configure:18152: gcc  -o conftest -isystem/home/ubuntu/yocto/rpi-build/tmp/work/x86_64-linux/mpfr-native/4.1.1-r0/recipe-sysroot-native/usr/include -O2 -pipe -isystem/home/ubuntu/yocto/rpi-build/tmp/work/x86_64-linux/mpfr-native/4.1.1-r0/recipe-sysroot-native/usr/include -L/home/ubuntu/yocto/rpi-build/tmp/work/x86_64-linux/mpfr-native/4.1.1-r0/recipe-sysroot-native/usr/lib                         -L/home/ubuntu/yocto/rpi-build/tmp/work/x86_64-linux/mpfr-native/4.1.1-r0/recipe-sysroot-native/lib                         -Wl,--enable-new-dtags                         -Wl,-rpath-link,/home/ubuntu/yocto/rpi-build/tmp/work/x86_64-linux/mpfr-native/4.1.1-r0/recipe-sysroot-native/usr/lib                         -Wl,-rpath-link,/home/ubuntu/yocto/rpi-build/tmp/work/x86_64-linux/mpfr-native/4.1.1-r0/recipe-sysroot-native/lib                         -Wl,-rpath,/home/ubuntu/yocto/rpi-build/tmp/work/x86_64-linux/mpfr-native/4.1.1-r0/recipe-sysroot-native/usr/lib                         -Wl,-rpath,/home/ubuntu/yocto/rpi-build/tmp/work/x86_64-linux/mpfr-native/4.1.1-r0/recipe-sysroot-native/lib                         -Wl,-O1 -Wl,--allow-shlib-undefined -Wl,--dynamic-linker=/home/ubuntu/yocto/rpi-build/tmp/sysroots-uninative/x86_64-linux/lib/ld-linux-x86-64.so.2 conftest.c  >&5
configure:18152: $? = 0
configure:18154: result: yes
configure:18206: checking for Static Assertion support
configure:18227: gcc  -c -isystem/home/ubuntu/yocto/rpi-build/tmp/work/x86_64-linux/mpfr-native/4.1.1-r0/recipe-sysroot-native/usr/include -O2 -pipe -isystem/home/ubuntu/yocto/rpi-build/tmp/work/x86_64-linux/mpfr-native/4.1.1-r0/recipe-sysroot-native/usr/include -I../mpfr-4.1.1/src conftest.c >&5
configure:18227: $? = 0
configure:18229: result: yes
configure:18342: checking whether gcc __attribute__ ((mode (XX))) works
configure:18359: gcc  -c -isystem/home/ubuntu/yocto/rpi-build/tmp/work/x86_64-linux/mpfr-native/4.1.1-r0/recipe-sysroot-native/usr/include -O2 -pipe -isystem/home/ubuntu/yocto/rpi-build/tmp/work/x86_64-linux/mpfr-native/4.1.1-r0/recipe-sysroot-native/usr/include conftest.c >&5
configure:18359: $? = 0
configure:18368: result: yes
configure:18382: checking for gmp.h
configure:18390: gcc  -c -isystem/home/ubuntu/yocto/rpi-build/tmp/work/x86_64-linux/mpfr-native/4.1.1-r0/recipe-sysroot-native/usr/include -O2 -pipe -isystem/home/ubuntu/yocto/rpi-build/tmp/work/x86_64-linux/mpfr-native/4.1.1-r0/recipe-sysroot-native/usr/include conftest.c >&5
configure:18390: $? = 0
configure:18392: result: yes
configure:18473: checking for recent GMP
configure:18485: gcc  -c -isystem/home/ubuntu/yocto/rpi-build/tmp/work/x86_64-linux/mpfr-native/4.1.1-r0/recipe-sysroot-native/usr/include -O2 -pipe -isystem/home/ubuntu/yocto/rpi-build/tmp/work/x86_64-linux/mpfr-native/4.1.1-r0/recipe-sysroot-native/usr/include conftest.c >&5
configure:18485: $? = 0
configure:18487: result: yes
configure:18498: checking usable gmp.h at link time
configure:18513: gcc  -o conftest -isystem/home/ubuntu/yocto/rpi-build/tmp/work/x86_64-linux/mpfr-native/4.1.1-r0/recipe-sysroot-native/usr/include -O2 -pipe -isystem/home/ubuntu/yocto/rpi-build/tmp/work/x86_64-linux/mpfr-native/4.1.1-r0/recipe-sysroot-native/usr/include -L/home/ubuntu/yocto/rpi-build/tmp/work/x86_64-linux/mpfr-native/4.1.1-r0/recipe-sysroot-native/usr/lib                         -L/home/ubuntu/yocto/rpi-build/tmp/work/x86_64-linux/mpfr-native/4.1.1-r0/recipe-sysroot-native/lib                         -Wl,--enable-new-dtags                         -Wl,-rpath-link,/home/ubuntu/yocto/rpi-build/tmp/work/x86_64-linux/mpfr-native/4.1.1-r0/recipe-sysroot-native/usr/lib                         -Wl,-rpath-link,/home/ubuntu/yocto/rpi-build/tmp/work/x86_64-linux/mpfr-native/4.1.1-r0/recipe-sysroot-native/lib                         -Wl,-rpath,/home/ubuntu/yocto/rpi-build/tmp/work/x86_64-linux/mpfr-native/4.1.1-r0/recipe-sysroot-native/usr/lib                         -Wl,-rpath,/home/ubuntu/yocto/rpi-build/tmp/work/x86_64-linux/mpfr-native/4.1.1-r0/recipe-sysroot-native/lib                         -Wl,-O1 -Wl,--allow-shlib-undefined -Wl,--dynamic-linker=/home/ubuntu/yocto/rpi-build/tmp/sysroots-uninative/x86_64-linux/lib/ld-linux-x86-64.so.2 conftest.c  >&5
configure:18513: $? = 0
configure:18515: result: yes
configure:18556: checking for GMP_NUMB_BITS and sizeof(mp_limb_t) consistency
configure:18586: gcc  -o conftest -isystem/home/ubuntu/yocto/rpi-build/tmp/work/x86_64-linux/mpfr-native/4.1.1-r0/recipe-sysroot-native/usr/include -O2 -pipe -isystem/home/ubuntu/yocto/rpi-build/tmp/work/x86_64-linux/mpfr-native/4.1.1-r0/recipe-sysroot-native/usr/include -L/home/ubuntu/yocto/rpi-build/tmp/work/x86_64-linux/mpfr-native/4.1.1-r0/recipe-sysroot-native/usr/lib                         -L/home/ubuntu/yocto/rpi-build/tmp/work/x86_64-linux/mpfr-native/4.1.1-r0/recipe-sysroot-native/lib                         -Wl,--enable-new-dtags                         -Wl,-rpath-link,/home/ubuntu/yocto/rpi-build/tmp/work/x86_64-linux/mpfr-native/4.1.1-r0/recipe-sysroot-native/usr/lib                         -Wl,-rpath-link,/home/ubuntu/yocto/rpi-build/tmp/work/x86_64-linux/mpfr-native/4.1.1-r0/recipe-sysroot-native/lib                         -Wl,-rpath,/home/ubuntu/yocto/rpi-build/tmp/work/x86_64-linux/mpfr-native/4.1.1-r0/recipe-sysroot-native/usr/lib                         -Wl,-rpath,/home/ubuntu/yocto/rpi-build/tmp/work/x86_64-linux/mpfr-native/4.1.1-r0/recipe-sysroot-native/lib                         -Wl,-O1 -Wl,--allow-shlib-undefined -Wl,--dynamic-linker=/home/ubuntu/yocto/rpi-build/tmp/sysroots-uninative/x86_64-linux/lib/ld-linux-x86-64.so.2 conftest.c  >&5
configure:18586: $? = 0
configure:18586: ./conftest
configure:18586: $? = 0
configure:18588: result: yes
configure:18603: checking for __gmpz_init in -lgmp
configure:18626: gcc  -o conftest -isystem/home/ubuntu/yocto/rpi-build/tmp/work/x86_64-linux/mpfr-native/4.1.1-r0/recipe-sysroot-native/usr/include -O2 -pipe -isystem/home/ubuntu/yocto/rpi-build/tmp/work/x86_64-linux/mpfr-native/4.1.1-r0/recipe-sysroot-native/usr/include -L/home/ubuntu/yocto/rpi-build/tmp/work/x86_64-linux/mpfr-native/4.1.1-r0/recipe-sysroot-native/usr/lib                         -L/home/ubuntu/yocto/rpi-build/tmp/work/x86_64-linux/mpfr-native/4.1.1-r0/recipe-sysroot-native/lib                         -Wl,--enable-new-dtags                         -Wl,-rpath-link,/home/ubuntu/yocto/rpi-build/tmp/work/x86_64-linux/mpfr-native/4.1.1-r0/recipe-sysroot-native/usr/lib                         -Wl,-rpath-link,/home/ubuntu/yocto/rpi-build/tmp/work/x86_64-linux/mpfr-native/4.1.1-r0/recipe-sysroot-native/lib                         -Wl,-rpath,/home/ubuntu/yocto/rpi-build/tmp/work/x86_64-linux/mpfr-native/4.1.1-r0/recipe-sysroot-native/usr/lib                         -Wl,-rpath,/home/ubuntu/yocto/rpi-build/tmp/work/x86_64-linux/mpfr-native/4.1.1-r0/recipe-sysroot-native/lib                         -Wl,-O1 -Wl,--allow-shlib-undefined -Wl,--dynamic-linker=/home/ubuntu/yocto/rpi-build/tmp/sysroots-uninative/x86_64-linux/lib/ld-linux-x86-64.so.2 conftest.c -lgmp   >&5
configure:18626: $? = 0
configure:18636: result: yes
configure:18647: checking if gmp.h version and libgmp version are the same
configure:18687: gcc  -o conftest -isystem/home/ubuntu/yocto/rpi-build/tmp/work/x86_64-linux/mpfr-native/4.1.1-r0/recipe-sysroot-native/usr/include -O2 -pipe -isystem/home/ubuntu/yocto/rpi-build/tmp/work/x86_64-linux/mpfr-native/4.1.1-r0/recipe-sysroot-native/usr/include -L/home/ubuntu/yocto/rpi-build/tmp/work/x86_64-linux/mpfr-native/4.1.1-r0/recipe-sysroot-native/usr/lib                         -L/home/ubuntu/yocto/rpi-build/tmp/work/x86_64-linux/mpfr-native/4.1.1-r0/recipe-sysroot-native/lib                         -Wl,--enable-new-dtags                         -Wl,-rpath-link,/home/ubuntu/yocto/rpi-build/tmp/work/x86_64-linux/mpfr-native/4.1.1-r0/recipe-sysroot-native/usr/lib                         -Wl,-rpath-link,/home/ubuntu/yocto/rpi-build/tmp/work/x86_64-linux/mpfr-native/4.1.1-r0/recipe-sysroot-native/lib                         -Wl,-rpath,/home/ubuntu/yocto/rpi-build/tmp/work/x86_64-linux/mpfr-native/4.1.1-r0/recipe-sysroot-native/usr/lib                         -Wl,-rpath,/home/ubuntu/yocto/rpi-build/tmp/work/x86_64-linux/mpfr-native/4.1.1-r0/recipe-sysroot-native/lib                         -Wl,-O1 -Wl,--allow-shlib-undefined -Wl,--dynamic-linker=/home/ubuntu/yocto/rpi-build/tmp/sysroots-uninative/x86_64-linux/lib/ld-linux-x86-64.so.2 conftest.c -lgmp  >&5
configure:18687: $? = 0
configure:18687: ./conftest
gmp.h: 6.2.1 / libgmp: 6.2.1
configure:18687: $? = 0
configure:18689: result: yes
configure:18692: checking for GMP library vs header correctness
configure:18739: gcc  -o conftest -isystem/home/ubuntu/yocto/rpi-build/tmp/work/x86_64-linux/mpfr-native/4.1.1-r0/recipe-sysroot-native/usr/include -O2 -pipe -isystem/home/ubuntu/yocto/rpi-build/tmp/work/x86_64-linux/mpfr-native/4.1.1-r0/recipe-sysroot-native/usr/include -L/home/ubuntu/yocto/rpi-build/tmp/work/x86_64-linux/mpfr-native/4.1.1-r0/recipe-sysroot-native/usr/lib                         -L/home/ubuntu/yocto/rpi-build/tmp/work/x86_64-linux/mpfr-native/4.1.1-r0/recipe-sysroot-native/lib                         -Wl,--enable-new-dtags                         -Wl,-rpath-link,/home/ubuntu/yocto/rpi-build/tmp/work/x86_64-linux/mpfr-native/4.1.1-r0/recipe-sysroot-native/usr/lib                         -Wl,-rpath-link,/home/ubuntu/yocto/rpi-build/tmp/work/x86_64-linux/mpfr-native/4.1.1-r0/recipe-sysroot-native/lib                         -Wl,-rpath,/home/ubuntu/yocto/rpi-build/tmp/work/x86_64-linux/mpfr-native/4.1.1-r0/recipe-sysroot-native/usr/lib                         -Wl,-rpath,/home/ubuntu/yocto/rpi-build/tmp/work/x86_64-linux/mpfr-native/4.1.1-r0/recipe-sysroot-native/lib                         -Wl,-O1 -Wl,--allow-shlib-undefined -Wl,--dynamic-linker=/home/ubuntu/yocto/rpi-build/tmp/sysroots-uninative/x86_64-linux/lib/ld-linux-x86-64.so.2 conftest.c -lgmp  >&5
configure:18739: $? = 0
configure:18739: ./conftest
GMP_NAIL_BITS     = 0
GMP_NUMB_BITS     = 64
mp_bits_per_limb  = 64
sizeof(mp_limb_t) = 8
configure:18739: $? = 0
configure:18751: result: yes
configure:18760: checking for double-to-integer conversion bug
configure:18805: gcc  -o conftest -isystem/home/ubuntu/yocto/rpi-build/tmp/work/x86_64-linux/mpfr-native/4.1.1-r0/recipe-sysroot-native/usr/include -O2 -pipe -isystem/home/ubuntu/yocto/rpi-build/tmp/work/x86_64-linux/mpfr-native/4.1.1-r0/recipe-sysroot-native/usr/include -L/home/ubuntu/yocto/rpi-build/tmp/work/x86_64-linux/mpfr-native/4.1.1-r0/recipe-sysroot-native/usr/lib                         -L/home/ubuntu/yocto/rpi-build/tmp/work/x86_64-linux/mpfr-native/4.1.1-r0/recipe-sysroot-native/lib                         -Wl,--enable-new-dtags                         -Wl,-rpath-link,/home/ubuntu/yocto/rpi-build/tmp/work/x86_64-linux/mpfr-native/4.1.1-r0/recipe-sysroot-native/usr/lib                         -Wl,-rpath-link,/home/ubuntu/yocto/rpi-build/tmp/work/x86_64-linux/mpfr-native/4.1.1-r0/recipe-sysroot-native/lib                         -Wl,-rpath,/home/ubuntu/yocto/rpi-build/tmp/work/x86_64-linux/mpfr-native/4.1.1-r0/recipe-sysroot-native/usr/lib                         -Wl,-rpath,/home/ubuntu/yocto/rpi-build/tmp/work/x86_64-linux/mpfr-native/4.1.1-r0/recipe-sysroot-native/lib                         -Wl,-O1 -Wl,--allow-shlib-undefined -Wl,--dynamic-linker=/home/ubuntu/yocto/rpi-build/tmp/sysroots-uninative/x86_64-linux/lib/ld-linux-x86-64.so.2 conftest.c -lgmp  >&5
configure:18805: $? = 0
configure:18805: ./conftest
configure:18805: $? = 0
configure:18817: result: no
configure:18828: checking if gmp_printf supports "%jd"
configure:18876: gcc  -o conftest -isystem/home/ubuntu/yocto/rpi-build/tmp/work/x86_64-linux/mpfr-native/4.1.1-r0/recipe-sysroot-native/usr/include -O2 -pipe -isystem/home/ubuntu/yocto/rpi-build/tmp/work/x86_64-linux/mpfr-native/4.1.1-r0/recipe-sysroot-native/usr/include -L/home/ubuntu/yocto/rpi-build/tmp/work/x86_64-linux/mpfr-native/4.1.1-r0/recipe-sysroot-native/usr/lib                         -L/home/ubuntu/yocto/rpi-build/tmp/work/x86_64-linux/mpfr-native/4.1.1-r0/recipe-sysroot-native/lib                         -Wl,--enable-new-dtags                         -Wl,-rpath-link,/home/ubuntu/yocto/rpi-build/tmp/work/x86_64-linux/mpfr-native/4.1.1-r0/recipe-sysroot-native/usr/lib                         -Wl,-rpath-link,/home/ubuntu/yocto/rpi-build/tmp/work/x86_64-linux/mpfr-native/4.1.1-r0/recipe-sysroot-native/lib                         -Wl,-rpath,/home/ubuntu/yocto/rpi-build/tmp/work/x86_64-linux/mpfr-native/4.1.1-r0/recipe-sysroot-native/usr/lib                         -Wl,-rpath,/home/ubuntu/yocto/rpi-build/tmp/work/x86_64-linux/mpfr-native/4.1.1-r0/recipe-sysroot-native/lib                         -Wl,-O1 -Wl,--allow-shlib-undefined -Wl,--dynamic-linker=/home/ubuntu/yocto/rpi-build/tmp/sysroots-uninative/x86_64-linux/lib/ld-linux-x86-64.so.2 conftest.c -lgmp  >&5
configure:18876: $? = 0
configure:18876: ./conftest
configure:18876: $? = 0
configure:18878: result: yes
configure:18896: checking if gmp_printf supports "%hhd"
configure:18939: gcc  -o conftest -isystem/home/ubuntu/yocto/rpi-build/tmp/work/x86_64-linux/mpfr-native/4.1.1-r0/recipe-sysroot-native/usr/include -O2 -pipe -isystem/home/ubuntu/yocto/rpi-build/tmp/work/x86_64-linux/mpfr-native/4.1.1-r0/recipe-sysroot-native/usr/include -L/home/ubuntu/yocto/rpi-build/tmp/work/x86_64-linux/mpfr-native/4.1.1-r0/recipe-sysroot-native/usr/lib                         -L/home/ubuntu/yocto/rpi-build/tmp/work/x86_64-linux/mpfr-native/4.1.1-r0/recipe-sysroot-native/lib                         -Wl,--enable-new-dtags                         -Wl,-rpath-link,/home/ubuntu/yocto/rpi-build/tmp/work/x86_64-linux/mpfr-native/4.1.1-r0/recipe-sysroot-native/usr/lib                         -Wl,-rpath-link,/home/ubuntu/yocto/rpi-build/tmp/work/x86_64-linux/mpfr-native/4.1.1-r0/recipe-sysroot-native/lib                         -Wl,-rpath,/home/ubuntu/yocto/rpi-build/tmp/work/x86_64-linux/mpfr-native/4.1.1-r0/recipe-sysroot-native/usr/lib                         -Wl,-rpath,/home/ubuntu/yocto/rpi-build/tmp/work/x86_64-linux/mpfr-native/4.1.1-r0/recipe-sysroot-native/lib                         -Wl,-O1 -Wl,--allow-shlib-undefined -Wl,--dynamic-linker=/home/ubuntu/yocto/rpi-build/tmp/sysroots-uninative/x86_64-linux/lib/ld-linux-x86-64.so.2 conftest.c -lgmp  >&5
configure:18939: $? = 0
configure:18939: ./conftest
configure:18939: $? = 0
configure:18941: result: yes
configure:18958: checking if gmp_printf supports "%lld"
configure:19001: gcc  -o conftest -isystem/home/ubuntu/yocto/rpi-build/tmp/work/x86_64-linux/mpfr-native/4.1.1-r0/recipe-sysroot-native/usr/include -O2 -pipe -isystem/home/ubuntu/yocto/rpi-build/tmp/work/x86_64-linux/mpfr-native/4.1.1-r0/recipe-sysroot-native/usr/include -L/home/ubuntu/yocto/rpi-build/tmp/work/x86_64-linux/mpfr-native/4.1.1-r0/recipe-sysroot-native/usr/lib                         -L/home/ubuntu/yocto/rpi-build/tmp/work/x86_64-linux/mpfr-native/4.1.1-r0/recipe-sysroot-native/lib                         -Wl,--enable-new-dtags                         -Wl,-rpath-link,/home/ubuntu/yocto/rpi-build/tmp/work/x86_64-linux/mpfr-native/4.1.1-r0/recipe-sysroot-native/usr/lib                         -Wl,-rpath-link,/home/ubuntu/yocto/rpi-build/tmp/work/x86_64-linux/mpfr-native/4.1.1-r0/recipe-sysroot-native/lib                         -Wl,-rpath,/home/ubuntu/yocto/rpi-build/tmp/work/x86_64-linux/mpfr-native/4.1.1-r0/recipe-sysroot-native/usr/lib                         -Wl,-rpath,/home/ubuntu/yocto/rpi-build/tmp/work/x86_64-linux/mpfr-native/4.1.1-r0/recipe-sysroot-native/lib                         -Wl,-O1 -Wl,--allow-shlib-undefined -Wl,--dynamic-linker=/home/ubuntu/yocto/rpi-build/tmp/sysroots-uninative/x86_64-linux/lib/ld-linux-x86-64.so.2 conftest.c -lgmp  >&5
configure:19001: $? = 0
configure:19001: ./conftest
configure:19001: $? = 0
configure:19003: result: yes
configure:19020: checking if gmp_printf supports "%Lf"
configure:19065: gcc  -o conftest -isystem/home/ubuntu/yocto/rpi-build/tmp/work/x86_64-linux/mpfr-native/4.1.1-r0/recipe-sysroot-native/usr/include -O2 -pipe -isystem/home/ubuntu/yocto/rpi-build/tmp/work/x86_64-linux/mpfr-native/4.1.1-r0/recipe-sysroot-native/usr/include -L/home/ubuntu/yocto/rpi-build/tmp/work/x86_64-linux/mpfr-native/4.1.1-r0/recipe-sysroot-native/usr/lib                         -L/home/ubuntu/yocto/rpi-build/tmp/work/x86_64-linux/mpfr-native/4.1.1-r0/recipe-sysroot-native/lib                         -Wl,--enable-new-dtags                         -Wl,-rpath-link,/home/ubuntu/yocto/rpi-build/tmp/work/x86_64-linux/mpfr-native/4.1.1-r0/recipe-sysroot-native/usr/lib                         -Wl,-rpath-link,/home/ubuntu/yocto/rpi-build/tmp/work/x86_64-linux/mpfr-native/4.1.1-r0/recipe-sysroot-native/lib                         -Wl,-rpath,/home/ubuntu/yocto/rpi-build/tmp/work/x86_64-linux/mpfr-native/4.1.1-r0/recipe-sysroot-native/usr/lib                         -Wl,-rpath,/home/ubuntu/yocto/rpi-build/tmp/work/x86_64-linux/mpfr-native/4.1.1-r0/recipe-sysroot-native/lib                         -Wl,-O1 -Wl,--allow-shlib-undefined -Wl,--dynamic-linker=/home/ubuntu/yocto/rpi-build/tmp/sysroots-uninative/x86_64-linux/lib/ld-linux-x86-64.so.2 conftest.c -lgmp  >&5
configure:19065: $? = 0
configure:19065: ./conftest
configure:19065: $? = 0
configure:19067: result: yes
configure:19086: checking if gmp_printf supports "%td"
configure:19136: gcc  -o conftest -isystem/home/ubuntu/yocto/rpi-build/tmp/work/x86_64-linux/mpfr-native/4.1.1-r0/recipe-sysroot-native/usr/include -O2 -pipe -isystem/home/ubuntu/yocto/rpi-build/tmp/work/x86_64-linux/mpfr-native/4.1.1-r0/recipe-sysroot-native/usr/include -L/home/ubuntu/yocto/rpi-build/tmp/work/x86_64-linux/mpfr-native/4.1.1-r0/recipe-sysroot-native/usr/lib                         -L/home/ubuntu/yocto/rpi-build/tmp/work/x86_64-linux/mpfr-native/4.1.1-r0/recipe-sysroot-native/lib                         -Wl,--enable-new-dtags                         -Wl,-rpath-link,/home/ubuntu/yocto/rpi-build/tmp/work/x86_64-linux/mpfr-native/4.1.1-r0/recipe-sysroot-native/usr/lib                         -Wl,-rpath-link,/home/ubuntu/yocto/rpi-build/tmp/work/x86_64-linux/mpfr-native/4.1.1-r0/recipe-sysroot-native/lib                         -Wl,-rpath,/home/ubuntu/yocto/rpi-build/tmp/work/x86_64-linux/mpfr-native/4.1.1-r0/recipe-sysroot-native/usr/lib                         -Wl,-rpath,/home/ubuntu/yocto/rpi-build/tmp/work/x86_64-linux/mpfr-native/4.1.1-r0/recipe-sysroot-native/lib                         -Wl,-O1 -Wl,--allow-shlib-undefined -Wl,--dynamic-linker=/home/ubuntu/yocto/rpi-build/tmp/sysroots-uninative/x86_64-linux/lib/ld-linux-x86-64.so.2 conftest.c -lgmp  >&5
configure:19136: $? = 0
configure:19136: ./conftest
configure:19136: $? = 0
configure:19138: result: yes
configure:19157: checking if gmp_printf supports the ' group flag
configure:19183: gcc  -o conftest -isystem/home/ubuntu/yocto/rpi-build/tmp/work/x86_64-linux/mpfr-native/4.1.1-r0/recipe-sysroot-native/usr/include -O2 -pipe -isystem/home/ubuntu/yocto/rpi-build/tmp/work/x86_64-linux/mpfr-native/4.1.1-r0/recipe-sysroot-native/usr/include -L/home/ubuntu/yocto/rpi-build/tmp/work/x86_64-linux/mpfr-native/4.1.1-r0/recipe-sysroot-native/usr/lib                         -L/home/ubuntu/yocto/rpi-build/tmp/work/x86_64-linux/mpfr-native/4.1.1-r0/recipe-sysroot-native/lib                         -Wl,--enable-new-dtags                         -Wl,-rpath-link,/home/ubuntu/yocto/rpi-build/tmp/work/x86_64-linux/mpfr-native/4.1.1-r0/recipe-sysroot-native/usr/lib                         -Wl,-rpath-link,/home/ubuntu/yocto/rpi-build/tmp/work/x86_64-linux/mpfr-native/4.1.1-r0/recipe-sysroot-native/lib                         -Wl,-rpath,/home/ubuntu/yocto/rpi-build/tmp/work/x86_64-linux/mpfr-native/4.1.1-r0/recipe-sysroot-native/usr/lib                         -Wl,-rpath,/home/ubuntu/yocto/rpi-build/tmp/work/x86_64-linux/mpfr-native/4.1.1-r0/recipe-sysroot-native/lib                         -Wl,-O1 -Wl,--allow-shlib-undefined -Wl,--dynamic-linker=/home/ubuntu/yocto/rpi-build/tmp/sysroots-uninative/x86_64-linux/lib/ld-linux-x86-64.so.2 conftest.c -lgmp  >&5
configure:19183: $? = 0
configure:19183: ./conftest
configure:19183: $? = 0
configure:19185: result: yes
configure:19246: checking for __gmpn_sbpi1_divappr_q
configure:19246: gcc  -o conftest -isystem/home/ubuntu/yocto/rpi-build/tmp/work/x86_64-linux/mpfr-native/4.1.1-r0/recipe-sysroot-native/usr/include -O2 -pipe -isystem/home/ubuntu/yocto/rpi-build/tmp/work/x86_64-linux/mpfr-native/4.1.1-r0/recipe-sysroot-native/usr/include -L/home/ubuntu/yocto/rpi-build/tmp/work/x86_64-linux/mpfr-native/4.1.1-r0/recipe-sysroot-native/usr/lib                         -L/home/ubuntu/yocto/rpi-build/tmp/work/x86_64-linux/mpfr-native/4.1.1-r0/recipe-sysroot-native/lib                         -Wl,--enable-new-dtags                         -Wl,-rpath-link,/home/ubuntu/yocto/rpi-build/tmp/work/x86_64-linux/mpfr-native/4.1.1-r0/recipe-sysroot-native/usr/lib                         -Wl,-rpath-link,/home/ubuntu/yocto/rpi-build/tmp/work/x86_64-linux/mpfr-native/4.1.1-r0/recipe-sysroot-native/lib                         -Wl,-rpath,/home/ubuntu/yocto/rpi-build/tmp/work/x86_64-linux/mpfr-native/4.1.1-r0/recipe-sysroot-native/usr/lib                         -Wl,-rpath,/home/ubuntu/yocto/rpi-build/tmp/work/x86_64-linux/mpfr-native/4.1.1-r0/recipe-sysroot-native/lib                         -Wl,-O1 -Wl,--allow-shlib-undefined -Wl,--dynamic-linker=/home/ubuntu/yocto/rpi-build/tmp/sysroots-uninative/x86_64-linux/lib/ld-linux-x86-64.so.2 conftest.c -lgmp  >&5
configure:19246: $? = 0
configure:19246: result: yes
configure:19253: checking for __gmpn_invert_limb
configure:19253: gcc  -o conftest -isystem/home/ubuntu/yocto/rpi-build/tmp/work/x86_64-linux/mpfr-native/4.1.1-r0/recipe-sysroot-native/usr/include -O2 -pipe -isystem/home/ubuntu/yocto/rpi-build/tmp/work/x86_64-linux/mpfr-native/4.1.1-r0/recipe-sysroot-native/usr/include -L/home/ubuntu/yocto/rpi-build/tmp/work/x86_64-linux/mpfr-native/4.1.1-r0/recipe-sysroot-native/usr/lib                         -L/home/ubuntu/yocto/rpi-build/tmp/work/x86_64-linux/mpfr-native/4.1.1-r0/recipe-sysroot-native/lib                         -Wl,--enable-new-dtags                         -Wl,-rpath-link,/home/ubuntu/yocto/rpi-build/tmp/work/x86_64-linux/mpfr-native/4.1.1-r0/recipe-sysroot-native/usr/lib                         -Wl,-rpath-link,/home/ubuntu/yocto/rpi-build/tmp/work/x86_64-linux/mpfr-native/4.1.1-r0/recipe-sysroot-native/lib                         -Wl,-rpath,/home/ubuntu/yocto/rpi-build/tmp/work/x86_64-linux/mpfr-native/4.1.1-r0/recipe-sysroot-native/usr/lib                         -Wl,-rpath,/home/ubuntu/yocto/rpi-build/tmp/work/x86_64-linux/mpfr-native/4.1.1-r0/recipe-sysroot-native/lib                         -Wl,-O1 -Wl,--allow-shlib-undefined -Wl,--dynamic-linker=/home/ubuntu/yocto/rpi-build/tmp/sysroots-uninative/x86_64-linux/lib/ld-linux-x86-64.so.2 conftest.c -lgmp  >&5
configure:19253: $? = 0
configure:19253: result: yes
configure:19260: checking for __gmpn_rsblsh1_n
configure:19260: gcc  -o conftest -isystem/home/ubuntu/yocto/rpi-build/tmp/work/x86_64-linux/mpfr-native/4.1.1-r0/recipe-sysroot-native/usr/include -O2 -pipe -isystem/home/ubuntu/yocto/rpi-build/tmp/work/x86_64-linux/mpfr-native/4.1.1-r0/recipe-sysroot-native/usr/include -L/home/ubuntu/yocto/rpi-build/tmp/work/x86_64-linux/mpfr-native/4.1.1-r0/recipe-sysroot-native/usr/lib                         -L/home/ubuntu/yocto/rpi-build/tmp/work/x86_64-linux/mpfr-native/4.1.1-r0/recipe-sysroot-native/lib                         -Wl,--enable-new-dtags                         -Wl,-rpath-link,/home/ubuntu/yocto/rpi-build/tmp/work/x86_64-linux/mpfr-native/4.1.1-r0/recipe-sysroot-native/usr/lib                         -Wl,-rpath-link,/home/ubuntu/yocto/rpi-build/tmp/work/x86_64-linux/mpfr-native/4.1.1-r0/recipe-sysroot-native/lib                         -Wl,-rpath,/home/ubuntu/yocto/rpi-build/tmp/work/x86_64-linux/mpfr-native/4.1.1-r0/recipe-sysroot-native/usr/lib                         -Wl,-rpath,/home/ubuntu/yocto/rpi-build/tmp/work/x86_64-linux/mpfr-native/4.1.1-r0/recipe-sysroot-native/lib                         -Wl,-O1 -Wl,--allow-shlib-undefined -Wl,--dynamic-linker=/home/ubuntu/yocto/rpi-build/tmp/sysroots-uninative/x86_64-linux/lib/ld-linux-x86-64.so.2 conftest.c -lgmp  >&5
configure:19260: $? = 0
configure:19260: result: yes
configure:19270: checking for long to fit in mp_limb_t
configure:19299: gcc  -o conftest -isystem/home/ubuntu/yocto/rpi-build/tmp/work/x86_64-linux/mpfr-native/4.1.1-r0/recipe-sysroot-native/usr/include -O2 -pipe -isystem/home/ubuntu/yocto/rpi-build/tmp/work/x86_64-linux/mpfr-native/4.1.1-r0/recipe-sysroot-native/usr/include -I../mpfr-4.1.1/src -L/home/ubuntu/yocto/rpi-build/tmp/work/x86_64-linux/mpfr-native/4.1.1-r0/recipe-sysroot-native/usr/lib                         -L/home/ubuntu/yocto/rpi-build/tmp/work/x86_64-linux/mpfr-native/4.1.1-r0/recipe-sysroot-native/lib                         -Wl,--enable-new-dtags                         -Wl,-rpath-link,/home/ubuntu/yocto/rpi-build/tmp/work/x86_64-linux/mpfr-native/4.1.1-r0/recipe-sysroot-native/usr/lib                         -Wl,-rpath-link,/home/ubuntu/yocto/rpi-build/tmp/work/x86_64-linux/mpfr-native/4.1.1-r0/recipe-sysroot-native/lib                         -Wl,-rpath,/home/ubuntu/yocto/rpi-build/tmp/work/x86_64-linux/mpfr-native/4.1.1-r0/recipe-sysroot-native/usr/lib                         -Wl,-rpath,/home/ubuntu/yocto/rpi-build/tmp/work/x86_64-linux/mpfr-native/4.1.1-r0/recipe-sysroot-native/lib                         -Wl,-O1 -Wl,--allow-shlib-undefined -Wl,--dynamic-linker=/home/ubuntu/yocto/rpi-build/tmp/sysroots-uninative/x86_64-linux/lib/ld-linux-x86-64.so.2 conftest.c -lgmp  >&5
configure:19299: $? = 0
configure:19309: result: yes
configure:19322: checking for intmax_t to fit in mp_limb_t
configure:19352: gcc  -o conftest -isystem/home/ubuntu/yocto/rpi-build/tmp/work/x86_64-linux/mpfr-native/4.1.1-r0/recipe-sysroot-native/usr/include -O2 -pipe -isystem/home/ubuntu/yocto/rpi-build/tmp/work/x86_64-linux/mpfr-native/4.1.1-r0/recipe-sysroot-native/usr/include -I../mpfr-4.1.1/src -DMPFR_NEED_INTMAX_H -L/home/ubuntu/yocto/rpi-build/tmp/work/x86_64-linux/mpfr-native/4.1.1-r0/recipe-sysroot-native/usr/lib                         -L/home/ubuntu/yocto/rpi-build/tmp/work/x86_64-linux/mpfr-native/4.1.1-r0/recipe-sysroot-native/lib                         -Wl,--enable-new-dtags                         -Wl,-rpath-link,/home/ubuntu/yocto/rpi-build/tmp/work/x86_64-linux/mpfr-native/4.1.1-r0/recipe-sysroot-native/usr/lib                         -Wl,-rpath-link,/home/ubuntu/yocto/rpi-build/tmp/work/x86_64-linux/mpfr-native/4.1.1-r0/recipe-sysroot-native/lib                         -Wl,-rpath,/home/ubuntu/yocto/rpi-build/tmp/work/x86_64-linux/mpfr-native/4.1.1-r0/recipe-sysroot-native/usr/lib                         -Wl,-rpath,/home/ubuntu/yocto/rpi-build/tmp/work/x86_64-linux/mpfr-native/4.1.1-r0/recipe-sysroot-native/lib                         -Wl,-O1 -Wl,--allow-shlib-undefined -Wl,--dynamic-linker=/home/ubuntu/yocto/rpi-build/tmp/sysroots-uninative/x86_64-linux/lib/ld-linux-x86-64.so.2 conftest.c -lgmp  >&5
configure:19352: $? = 0
configure:19362: result: yes
configure:19419: checking for getrusage
configure:19419: gcc  -o conftest -isystem/home/ubuntu/yocto/rpi-build/tmp/work/x86_64-linux/mpfr-native/4.1.1-r0/recipe-sysroot-native/usr/include -O2 -pipe -isystem/home/ubuntu/yocto/rpi-build/tmp/work/x86_64-linux/mpfr-native/4.1.1-r0/recipe-sysroot-native/usr/include -L/home/ubuntu/yocto/rpi-build/tmp/work/x86_64-linux/mpfr-native/4.1.1-r0/recipe-sysroot-native/usr/lib                         -L/home/ubuntu/yocto/rpi-build/tmp/work/x86_64-linux/mpfr-native/4.1.1-r0/recipe-sysroot-native/lib                         -Wl,--enable-new-dtags                         -Wl,-rpath-link,/home/ubuntu/yocto/rpi-build/tmp/work/x86_64-linux/mpfr-native/4.1.1-r0/recipe-sysroot-native/usr/lib                         -Wl,-rpath-link,/home/ubuntu/yocto/rpi-build/tmp/work/x86_64-linux/mpfr-native/4.1.1-r0/recipe-sysroot-native/lib                         -Wl,-rpath,/home/ubuntu/yocto/rpi-build/tmp/work/x86_64-linux/mpfr-native/4.1.1-r0/recipe-sysroot-native/usr/lib                         -Wl,-rpath,/home/ubuntu/yocto/rpi-build/tmp/work/x86_64-linux/mpfr-native/4.1.1-r0/recipe-sysroot-native/lib                         -Wl,-O1 -Wl,--allow-shlib-undefined -Wl,--dynamic-linker=/home/ubuntu/yocto/rpi-build/tmp/sysroots-uninative/x86_64-linux/lib/ld-linux-x86-64.so.2 conftest.c -lgmp  >&5
configure:19419: $? = 0
configure:19419: result: yes
configure:19611: creating ./config.status

## ---------------------- ##
## Running config.status. ##
## ---------------------- ##

This file was extended by MPFR config.status 4.1.1, which was
generated by GNU Autoconf 2.71.  Invocation command line was

  CONFIG_FILES    = 
  CONFIG_HEADERS  = 
  CONFIG_LINKS    = 
  CONFIG_COMMANDS = 
  $ ./config.status 

on DESKTOP-CSPIOE3

config.status:1044: creating Makefile
config.status:1044: creating mpfr.pc
config.status:1044: creating doc/Makefile
config.status:1044: creating src/Makefile
config.status:1044: creating tests/Makefile
config.status:1044: creating tune/Makefile
config.status:1044: creating src/mparam.h
config.status:1044: creating tools/bench/Makefile
config.status:1201: executing depfiles commands
config.status:1201: executing libtool commands

## ---------------- ##
## Cache variables. ##
## ---------------- ##

ac_cv___va_copy=yes
ac_cv_af_unix_large_dgram=yes
ac_cv_alignof_char=1
ac_cv_alignof_dbind_pointer=8
ac_cv_alignof_dbind_struct=1
ac_cv_alignof_dbus_bool_t=4
ac_cv_alignof_dbus_int16_t=2
ac_cv_alignof_dbus_int32_t=4
ac_cv_alignof_dbus_int64_t=8
ac_cv_alignof_double=8
ac_cv_alignof_guint32=4
ac_cv_alignof_guint64=8
ac_cv_alignof_unsigned_long=8
ac_cv_buggy_getaddrinfo=no
ac_cv_build=x86_64-pc-linux-gnu
ac_cv_c_bigendian=no
ac_cv_c_compiler_gnu=yes
ac_cv_c_const=yes
ac_cv_c_endian=little
ac_cv_c_littleendian=yes
ac_cv_c_volatile=yes
ac_cv_check_sjlj=ssjlj
ac_cv_conv_longlong_to_float=yes
ac_cv_env_CC_set=set
ac_cv_env_CC_value='gcc '
ac_cv_env_CFLAGS_set=set
ac_cv_env_CFLAGS_value='-isystem/home/ubuntu/yocto/rpi-build/tmp/work/x86_64-linux/mpfr-native/4.1.1-r0/recipe-sysroot-native/usr/include -O2 -pipe'
ac_cv_env_CPPFLAGS_set=set
ac_cv_env_CPPFLAGS_value=-isystem/home/ubuntu/yocto/rpi-build/tmp/work/x86_64-linux/mpfr-native/4.1.1-r0/recipe-sysroot-native/usr/include
ac_cv_env_CPP_set=set
ac_cv_env_CPP_value='gcc  -E'
ac_cv_env_LDFLAGS_set=set
ac_cv_env_LDFLAGS_value='-L/home/ubuntu/yocto/rpi-build/tmp/work/x86_64-linux/mpfr-native/4.1.1-r0/recipe-sysroot-native/usr/lib                         -L/home/ubuntu/yocto/rpi-build/tmp/work/x86_64-linux/mpfr-native/4.1.1-r0/recipe-sysroot-native/lib                         -Wl,--enable-new-dtags                         -Wl,-rpath-link,/home/ubuntu/yocto/rpi-build/tmp/work/x86_64-linux/mpfr-native/4.1.1-r0/recipe-sysroot-native/usr/lib                         -Wl,-rpath-link,/home/ubuntu/yocto/rpi-build/tmp/work/x86_64-linux/mpfr-native/4.1.1-r0/recipe-sysroot-native/lib                         -Wl,-rpath,/home/ubuntu/yocto/rpi-build/tmp/work/x86_64-linux/mpfr-native/4.1.1-r0/recipe-sysroot-native/usr/lib                         -Wl,-rpath,/home/ubuntu/yocto/rpi-build/tmp/work/x86_64-linux/mpfr-native/4.1.1-r0/recipe-sysroot-native/lib                         -Wl,-O1 -Wl,--allow-shlib-undefined -Wl,--dynamic-linker=/home/ubuntu/yocto/rpi-build/tmp/sysroots-uninative/x86_64-linux/lib/ld-linux-x86-64.so.2'
ac_cv_env_LIBS_set=
ac_cv_env_LIBS_value=
ac_cv_env_LT_SYS_LIBRARY_PATH_set=
ac_cv_env_LT_SYS_LIBRARY_PATH_value=
ac_cv_env_build_alias_set=set
ac_cv_env_build_alias_value=x86_64-linux
ac_cv_env_host_alias_set=set
ac_cv_env_host_alias_value=x86_64-linux
ac_cv_env_target_alias_set=set
ac_cv_env_target_alias_value=x86_64-linux
ac_cv_epoll_works=yes
ac_cv_file__dev_random=yes
ac_cv_file__dev_zero=yes
ac_cv_func___ashldi3=no
ac_cv_func___ashrdi3=no
ac_cv_func___bswapdi2=no
ac_cv_func___bswapsi2=no
ac_cv_func___gmpn_invert_limb=yes
ac_cv_func___gmpn_rsblsh1_n=yes
ac_cv_func___gmpn_sbpi1_divappr_q=yes
ac_cv_func___lshrdi3=no
ac_cv_func___trampoline_setup=no
ac_cv_func___ucmpdi2=no
ac_cv_func___va_copy=yes
ac_cv_func__restgpr_14_x=no
ac_cv_func_alloca_works=yes
ac_cv_func_calloc_0_nonnull=yes
ac_cv_func_chown_works=yes
ac_cv_func_getaddrinfo=yes
ac_cv_func_getgrgid_r=yes
ac_cv_func_getgroups_works=yes
ac_cv_func_getpagesize=yes
ac_cv_func_getpgrp_void=yes
ac_cv_func_getpwuid_r=yes
ac_cv_func_getrusage=yes
ac_cv_func_gettimeofday=yes
ac_cv_func_lstat_dereferences_slashed_symlink=yes
ac_cv_func_lstat_empty_string_bug=no
ac_cv_func_malloc_0_nonnull=yes
ac_cv_func_malloc_works=yes
ac_cv_func_memcmp_working=yes
ac_cv_func_memcpy=yes
ac_cv_func_mmap_fixed_mapped=yes
ac_cv_func_posix_getgrgid_r=yes
ac_cv_func_posix_getpwnam_r=yes
ac_cv_func_posix_getpwuid_r=yes
ac_cv_func_printf_unix98=yes
ac_cv_func_pthread_attr_getstack=yes
ac_cv_func_pthread_key_delete=yes
ac_cv_func_realloc_0_nonnull=yes
ac_cv_func_realloc_works=yes
ac_cv_func_setgrent_void=yes
ac_cv_func_setlocale=yes
ac_cv_func_setpgrp_void=yes
ac_cv_func_setresuid=yes
ac_cv_func_setvbuf_reversed=no
ac_cv_func_signal=yes
ac_cv_func_snprintf_c99=yes
ac_cv_func_stat_empty_string_bug=no
ac_cv_func_stat_ignores_trailing_slash=no
ac_cv_func_strerror=yes
ac_cv_func_strtod=yes
ac_cv_func_utime_null=yes
ac_cv_func_va_copy=yes
ac_cv_func_vsnprintf_c99=yes
ac_cv_have_abstract_sockets=yes
ac_cv_have_decl_sys_siglist=no
ac_cv_have_long_long_format=yes
ac_cv_header_dlfcn_h=yes
ac_cv_header_float_h=yes
ac_cv_header_inttypes_h=yes
ac_cv_header_limits_h=yes
ac_cv_header_locale_h=yes
ac_cv_header_stdarg_h=yes
ac_cv_header_stdint_h=yes
ac_cv_header_stdio_h=yes
ac_cv_header_stdlib_h=yes
ac_cv_header_string_h=yes
ac_cv_header_strings_h=yes
ac_cv_header_sys_fpu_h=no
ac_cv_header_sys_stat_h=yes
ac_cv_header_sys_types_h=yes
ac_cv_header_unistd_h=yes
ac_cv_header_wchar_h=yes
ac_cv_host=x86_64-pc-linux-gnu
ac_cv_lib_gmp___gmpz_init=yes
ac_cv_lib_m_sin=yes
ac_cv_libnet_endianess=lil
ac_cv_linux_vers=2
ac_cv_member_struct_lconv_decimal_point=yes
ac_cv_member_struct_lconv_thousands_sep=yes
ac_cv_need_trio=no
ac_cv_o_nonblock_inherited=no
ac_cv_objext=o
ac_cv_path_EGREP='/home/ubuntu/yocto/rpi-build/tmp/hosttools/grep -E'
ac_cv_path_FGREP='/home/ubuntu/yocto/rpi-build/tmp/hosttools/grep -F'
ac_cv_path_GREP=/home/ubuntu/yocto/rpi-build/tmp/hosttools/grep
ac_cv_path_SED=sed
ac_cv_path_install='/home/ubuntu/yocto/rpi-build/tmp/hosttools/install -c'
ac_cv_path_lt_DD=/home/ubuntu/yocto/rpi-build/tmp/hosttools/dd
ac_cv_path_mkdir=/home/ubuntu/yocto/rpi-build/tmp/hosttools/mkdir
ac_cv_prog_AR=ar
ac_cv_prog_AWK=gawk
ac_cv_prog_CC='gcc '
ac_cv_prog_CPP='gcc  -E'
ac_cv_prog_OBJDUMP=objdump
ac_cv_prog_RANLIB='ranlib -D'
ac_cv_prog_STRIP=strip
ac_cv_prog_ac_ct_FILECMD=file
ac_cv_prog_cc_c11=
ac_cv_prog_cc_g=yes
ac_cv_prog_cc_stdc=
ac_cv_prog_make_make_set=yes
ac_cv_search_clock_gettime='none required'
ac_cv_sizeof___int64=0
ac_cv_sizeof_char=1
ac_cv_sizeof_dev_t=8
ac_cv_sizeof_gid_t=4
ac_cv_sizeof_int=4
ac_cv_sizeof_long=8
ac_cv_sizeof_long_double=16
ac_cv_sizeof_long_int=8
ac_cv_sizeof_long_long=8
ac_cv_sizeof_pid_t=4
ac_cv_sizeof_short=2
ac_cv_sizeof_short_int=2
ac_cv_sizeof_size_t=8
ac_cv_sizeof_uid_t=4
ac_cv_sizeof_unsigned_int=4
ac_cv_sizeof_unsigned_long=8
ac_cv_sizeof_unsigned_short=2
ac_cv_sizeof_void_p=8
ac_cv_strerror_r_SUSv3=no
ac_cv_sys_restartable_syscalls=yes
ac_cv_type_intmax_t=yes
ac_cv_type_long_long_int=yes
ac_cv_type_size_t=yes
ac_cv_type_uid_t='{ac_cv_type_uid_t=yes}'
ac_cv_type_uintptr_t=yes
ac_cv_type_union_fpc_csr=no
ac_cv_va_copy=yes
ac_cv_va_val_copy=no
ac_cv_working_alloca_h=yes
am_cv_CC_dependencies_compiler_type=none
am_cv_ar_interface=ar
am_cv_func_iconv_works=yes
am_cv_func_working_getline=yes
am_cv_make_support_nested_variables=yes
am_cv_prog_cc_c_o=yes
am_cv_scanf_lld=yes
apr_cv_process_shared_works=no
apr_cv_tcp_nodelay_with_cork=yes
as_cv_unaligned_access=yes
bash_cv_dup2_broken=no
bash_cv_func_sigsetjmp=present
bash_cv_func_strcoll_broken=no
bash_cv_getcwd_calls_popen=no
bash_cv_getcwd_malloc=yes
bash_cv_getenv_redef=yes
bash_cv_have_mbstate_t=yes
bash_cv_job_control_missing=present
bash_cv_must_reinstall_sighandlers=no
bash_cv_opendir_not_robust=no
bash_cv_pgrp_pipe=no
bash_cv_printf_a_format=yes
bash_cv_sys_named_pipes=present
bash_cv_sys_siglist=no
bash_cv_type_rlimit=rlim_t
bash_cv_ulimit_maxfds=yes
bash_cv_under_sys_siglist=no
bash_cv_unusable_rtsigs=no
cvs_cv_func_printf_ptr=yes
db_cv_align_t='unsigned long long'
db_cv_alignp_t='unsigned long long'
db_cv_fcntl_f_setfd=yes
db_cv_path_ar=/usr/bin/ar
db_cv_path_chmod=/bin/chmod
db_cv_path_cp=/bin/cp
db_cv_path_ln=/bin/ln
db_cv_path_mkdir=/bin/mkdir
db_cv_path_ranlib=/usr/bin/ranlib
db_cv_path_rm=/bin/rm
db_cv_path_sh=/bin/sh
db_cv_path_strip=/usr/bin/strip
db_cv_sprintf_count=yes
fu_cv_sys_stat_statfs2_bsize=yes
gl_cv_func_btowc_eof=yes
gl_cv_func_fstatat_zero_flag=yes
gl_cv_func_getcwd_abort_bug=no
gl_cv_func_getcwd_null=yes
gl_cv_func_getcwd_path_max=yes
gl_cv_func_link_follows_symlink=no
gl_cv_func_mbrtowc_incomplete_state=yes
gl_cv_func_mbrtowc_nul_retval=yes
gl_cv_func_mbrtowc_null_arg=yes
gl_cv_func_mbrtowc_retval=yes
gl_cv_func_mbrtowc_sanitycheck=yes
gl_cv_func_nanosleep='no (mishandles large arguments)'
gl_cv_func_sleep_works=yes
gl_cv_func_unlink_busy_text=yes
gl_cv_func_wcrtomb_retval=yes
gl_cv_func_wctob_works=yes
gl_cv_func_working_mkstemp=yes
gl_cv_func_working_mktime=yes
gl_cv_func_working_utimes=yes
gl_cv_have_proc_uptime=yes
gl_cv_header_working_fcntl_h=yes
gl_cv_pipes_are_fifos='yes (1)'
glib_cv___va_copy=yes
glib_cv_compliant_posix_memalign=1
glib_cv_has__inline=yes
glib_cv_has__inline__=yes
glib_cv_hasinline=yes
glib_cv_have_qsort_r=yes
glib_cv_long_long_format=ll
glib_cv_rtldglobal_broken=yes
glib_cv_sane_realloc=yes
glib_cv_sizeof_gmutex=40
glib_cv_sizeof_intmax_t=8
glib_cv_sizeof_ptrdiff_t=8
glib_cv_sizeof_size_t=8
glib_cv_sizeof_system_thread=8
glib_cv_stack_grows=no
glib_cv_strlcpy=no
glib_cv_sys_pthread_cond_timedwait_posix=yes
glib_cv_sys_pthread_getspecific_posix=yes
glib_cv_sys_pthread_mutex_trylock_posix=yes
glib_cv_uscore=no
glib_cv_va_copy=yes
glib_cv_va_val_copy=no
gmp_cv_c_attribute_mode=yes
gt_cv_locale_fr=fr_FR
hw_cv_func_snprintf_c99=yes
hw_cv_func_vsnprintf_c99=yes
lf_cv_sane_realloc=yes
lftp_cv_va_val_copy=no
lt_cv_ar_at_file=@
lt_cv_archive_cmds_need_lc=no
lt_cv_deplibs_check_method=pass_all
lt_cv_file_magic_cmd='$MAGIC_CMD'
lt_cv_file_magic_test_file=
lt_cv_ld_reload_flag=-r
lt_cv_nm_interface='BSD nm'
lt_cv_objdir=.libs
lt_cv_path_LD='ld '
lt_cv_path_NM=nm
lt_cv_path_mainfest_tool=no
lt_cv_prog_compiler_c_o=yes
lt_cv_prog_compiler_pic='-fPIC -DPIC'
lt_cv_prog_compiler_pic_works=yes
lt_cv_prog_compiler_rtti_exceptions=no
lt_cv_prog_compiler_static_works=yes
lt_cv_prog_gnu_ld=yes
lt_cv_sharedlib_from_linklib_cmd='printf %s\n'
lt_cv_shlibpath_overrides_runpath=yes
lt_cv_sys_global_symbol_pipe='sed -n -e '\''s/^.*[	 ]\([ABCDGIRSTW][ABCDGIRSTW]*\)[	 ][	 ]*\([_A-Za-z][_A-Za-z0-9]*\)$/\1 \2 \2/p'\'' | sed '\''/ __gnu_lto/d'\'''
lt_cv_sys_global_symbol_to_c_name_address='sed -n -e '\''s/^: \(.*\) .*$/  {"\1", (void *) 0},/p'\'' -e '\''s/^[ABCDGIRSTW][ABCDGIRSTW]* .* \(.*\)$/  {"\1", (void *) \&\1},/p'\'''
lt_cv_sys_global_symbol_to_c_name_address_lib_prefix='sed -n -e '\''s/^: \(.*\) .*$/  {"\1", (void *) 0},/p'\'' -e '\''s/^[ABCDGIRSTW][ABCDGIRSTW]* .* \(lib.*\)$/  {"\1", (void *) \&\1},/p'\'' -e '\''s/^[ABCDGIRSTW][ABCDGIRSTW]* .* \(.*\)$/  {"lib\1", (void *) \&\1},/p'\'''
lt_cv_sys_global_symbol_to_cdecl='sed -n -e '\''s/^T .* \(.*\)$/extern int \1();/p'\'' -e '\''s/^[ABCDGIRSTW][ABCDGIRSTW]* .* \(.*\)$/extern char \1;/p'\'''
lt_cv_sys_global_symbol_to_import=
lt_cv_sys_lib_dlsearch_path_spec='/home/ubuntu/yocto/rpi-build/tmp/work/x86_64-linux/mpfr-native/4.1.1-r0/recipe-sysroot-native/usr/lib /home/ubuntu/yocto/rpi-build/tmp/work/x86_64-linux/mpfr-native/4.1.1-r0/recipe-sysroot-native/usr/lib /lib /lib64 /usr/lib /usr/lib64'
lt_cv_sys_max_cmd_len=1572864
lt_cv_to_host_file_cmd=func_convert_file_noop
lt_cv_to_tool_file_cmd=func_convert_file_noop
lt_cv_truncate_bin='/home/ubuntu/yocto/rpi-build/tmp/hosttools/dd bs=4096 count=1'
mpfr_cv_c_double_format='IEEE double, little endian'
mpfr_cv_c_long_double_format='IEEE extended, little endian (16 bytes)'
mpfr_cv_check_gmp=yes
mpfr_cv_dbl_int_bug=no
mpfr_cv_errdivzero=no
mpfr_cv_gcc_floatconv_bug=no
mpfr_cv_have_builtin_unreachable=yes
mpfr_cv_have_fesetround=yes
mpfr_cv_have_intmax_max=yes
mpfr_cv_have_noreturn=yes
mpfr_cv_have_signedz=yes
mpfr_cv_have_subnorm_dbl=yes
mpfr_cv_have_subnorm_flt=yes
mpfr_cv_intmax_within_limb=yes
mpfr_cv_long_within_limb=yes
mpfr_cv_nanisnan=no
mr_cv_target_elf=yes
nano_cv_func_regexec_segv_emptystr=no
nfsd_cv_broken_setfsuid=0
nfsd_cv_bsd_signals=yes
nfsd_cv_func_statfs=statfs2_bsize
rsync_cv_HAVE_C99_VSNPRINTF=yes
samba_cv_HAVE_IFACE_AIX=no
samba_cv_HAVE_IFACE_IFCONF=yes
samba_cv_HAVE_IFACE_IFREQ=yes
samba_cv_HAVE_IRIX_SPECIFIC_CAPABILITIES=no
samba_cv_HAVE_VA_COPY=yes
screen_cv_sys_bcopy_overlap=no
screen_cv_sys_fifo_broken_impl=yes
screen_cv_sys_fifo_usable=yes
screen_cv_sys_memcpy_overlap=no
screen_cv_sys_memmove_overlap=no
screen_cv_sys_select_broken_retval=no
screen_cv_sys_sockets_nofs=no
screen_cv_sys_sockets_usable=yes
screen_cv_sys_terminfo_used=yes
shadow_cv_logdir=/home/ubuntu/yocto/rpi-build/tmp/work/x86_64-linux/mpfr-native/4.1.1-r0/recipe-sysroot-native/var/log
shadow_cv_maildir=/home/ubuntu/yocto/rpi-build/tmp/work/x86_64-linux/mpfr-native/4.1.1-r0/recipe-sysroot-native/var/spool/mail
shadow_cv_mailfile=Mailbox
shadow_cv_passwd_dir=/home/ubuntu/yocto/rpi-build/tmp/work/x86_64-linux/mpfr-native/4.1.1-r0/recipe-sysroot-native/usr/bin
shadow_cv_utmpdir=/home/ubuntu/yocto/rpi-build/tmp/work/x86_64-linux/mpfr-native/4.1.1-r0/recipe-sysroot-native/var/run
slrn_cv_va_val_copy=no
sudo_cv_func_unsetenv_void=no
tcl_cv_api_serial=termios
utils_cv_sys_open_max=1015
xorg_cv_malloc0_returns_null=yes

## ----------------- ##
## Output variables. ##
## ----------------- ##

ACLOCAL='${SHELL} '\''/home/ubuntu/yocto/rpi-build/tmp/work/x86_64-linux/mpfr-native/4.1.1-r0/mpfr-4.1.1/missing'\'' aclocal-1.16'
ALLOCA=''
AMDEPBACKSLASH=''
AMDEP_FALSE=''
AMDEP_TRUE='#'
AMTAR='$${TAR-tar}'
AM_BACKSLASH='\'
AM_DEFAULT_V='$(AM_DEFAULT_VERBOSITY)'
AM_DEFAULT_VERBOSITY='1'
AM_V='$(V)'
AR='ar'
AS='as '
AUTOCONF='${SHELL} '\''/home/ubuntu/yocto/rpi-build/tmp/work/x86_64-linux/mpfr-native/4.1.1-r0/mpfr-4.1.1/missing'\'' autoconf'
AUTOHEADER='${SHELL} '\''/home/ubuntu/yocto/rpi-build/tmp/work/x86_64-linux/mpfr-native/4.1.1-r0/mpfr-4.1.1/missing'\'' autoheader'
AUTOMAKE='${SHELL} '\''/home/ubuntu/yocto/rpi-build/tmp/work/x86_64-linux/mpfr-native/4.1.1-r0/mpfr-4.1.1/missing'\'' automake-1.16'
AWK='gawk'
CC='gcc '
CCDEPMODE='depmode=none'
CFLAGS='-isystem/home/ubuntu/yocto/rpi-build/tmp/work/x86_64-linux/mpfr-native/4.1.1-r0/recipe-sysroot-native/usr/include -O2 -pipe'
CPP='gcc  -E'
CPPFLAGS='-isystem/home/ubuntu/yocto/rpi-build/tmp/work/x86_64-linux/mpfr-native/4.1.1-r0/recipe-sysroot-native/usr/include'
CSCOPE='cscope'
CTAGS='ctags'
CYGPATH_W='echo'
DATAFILES=''
DEFS='-DHAVE_STDIO_H=1 -DHAVE_INTTYPES_H=1 -DHAVE_STDINT_H=1 -DLT_OBJDIR=\".libs/\" -DHAVE_LITTLE_ENDIAN=1 -DHAVE_CLOCK_GETTIME=1 -DHAVE_LOCALE_H=1 -DHAVE_WCHAR_H=1 -DHAVE_STDARG=1 -DHAVE_STRUCT_LCONV_DECIMAL_POINT=1 -DHAVE_STRUCT_LCONV_THOUSANDS_SEP=1 -DHAVE_ALLOCA_H=1 -DHAVE_ALLOCA=1 -DHAVE_UINTPTR_T=1 -DHAVE_VA_COPY=1 -DHAVE_SETLOCALE=1 -DHAVE_GETTIMEOFDAY=1 -DHAVE_SIGNAL=1 -DHAVE_SIGACTION=1 -DHAVE_LONG_LONG=1 -DHAVE_INTMAX_T=1 -DMPFR_HAVE_INTMAX_MAX=1 -DMPFR_HAVE_NORETURN=1 -DMPFR_HAVE_BUILTIN_UNREACHABLE=1 -DMPFR_HAVE_CONSTRUCTOR_ATTR=1 -DMPFR_HAVE_FESETROUND=1 -DHAVE_SUBNORM_DBL=1 -DHAVE_SUBNORM_FLT=1 -DHAVE_SIGNEDZ=1 -DHAVE_ROUND=1 -DHAVE_TRUNC=1 -DHAVE_FLOOR=1 -DHAVE_CEIL=1 -DHAVE_NEARBYINT=1 -DHAVE_DOUBLE_IEEE_LITTLE_ENDIAN=1 -DHAVE_LDOUBLE_IEEE_EXT_LITTLE=1 -DMPFR_USE_THREAD_SAFE=1 -DMPFR_USE_C11_THREAD_SAFE=1 -DMPFR_WANT_DECIMAL_FLOATS=1 -DDECIMAL_BID_FORMAT=1 -DHAVE_DECIMAL128_IEEE_LITTLE_ENDIAN=1 -DMPFR_WANT_FLOAT128=1 -DMPFR_USE_STATIC_ASSERT=1 -DHAVE_ATTRIBUTE_MODE=1 -DPRINTF_L=1 -DPRINTF_T=1 -DPRINTF_GROUPFLAG=1 -DHAVE___GMPN_SBPI1_DIVAPPR_Q=1 -DHAVE___GMPN_INVERT_LIMB=1 -DHAVE___GMPN_RSBLSH1_N=1 -DMPFR_LONG_WITHIN_LIMB=1 -DMPFR_INTMAX_WITHIN_LIMB=1 -DHAVE_GETRUSAGE=1'
DEPDIR='.deps'
DLLTOOL='false'
DSYMUTIL=''
DUMPBIN=''
ECHO_C=''
ECHO_N='-n'
ECHO_T=''
EGREP='/home/ubuntu/yocto/rpi-build/tmp/hosttools/grep -E'
ETAGS='etags'
EXEEXT=''
FGREP='/home/ubuntu/yocto/rpi-build/tmp/hosttools/grep -F'
FILECMD='file'
GREP='/home/ubuntu/yocto/rpi-build/tmp/hosttools/grep'
INSTALL_DATA='${INSTALL} -m 644'
INSTALL_PROGRAM='${INSTALL}'
INSTALL_SCRIPT='${INSTALL}'
INSTALL_STRIP_PROGRAM='$(install_sh) -c -s'
LD='ld  -m elf_x86_64'
LDFLAGS='-L/home/ubuntu/yocto/rpi-build/tmp/work/x86_64-linux/mpfr-native/4.1.1-r0/recipe-sysroot-native/usr/lib                         -L/home/ubuntu/yocto/rpi-build/tmp/work/x86_64-linux/mpfr-native/4.1.1-r0/recipe-sysroot-native/lib                         -Wl,--enable-new-dtags                         -Wl,-rpath-link,/home/ubuntu/yocto/rpi-build/tmp/work/x86_64-linux/mpfr-native/4.1.1-r0/recipe-sysroot-native/usr/lib                         -Wl,-rpath-link,/home/ubuntu/yocto/rpi-build/tmp/work/x86_64-linux/mpfr-native/4.1.1-r0/recipe-sysroot-native/lib                         -Wl,-rpath,/home/ubuntu/yocto/rpi-build/tmp/work/x86_64-linux/mpfr-native/4.1.1-r0/recipe-sysroot-native/usr/lib                         -Wl,-rpath,/home/ubuntu/yocto/rpi-build/tmp/work/x86_64-linux/mpfr-native/4.1.1-r0/recipe-sysroot-native/lib                         -Wl,-O1 -Wl,--allow-shlib-undefined -Wl,--dynamic-linker=/home/ubuntu/yocto/rpi-build/tmp/sysroots-uninative/x86_64-linux/lib/ld-linux-x86-64.so.2'
LIBMPFR_LDFLAGS=''
LIBOBJS=''
LIBS='-lgmp '
LIBTOOL='$(SHELL) $(top_builddir)/libtool'
LIPO=''
LN_S='ln -s'
LTLIBOBJS=''
LT_SYS_LIBRARY_PATH=''
MAINT=''
MAINTAINER_MODE_FALSE='#'
MAINTAINER_MODE_TRUE=''
MAKEINFO='${SHELL} '\''/home/ubuntu/yocto/rpi-build/tmp/work/x86_64-linux/mpfr-native/4.1.1-r0/mpfr-4.1.1/missing'\'' makeinfo'
MANIFEST_TOOL=':'
MINI_GMP_FALSE=''
MINI_GMP_TRUE='#'
MKDIR_P='/home/ubuntu/yocto/rpi-build/tmp/hosttools/mkdir -p'
MPFR_LDFLAGS=''
MPFR_LIBM='-lm'
MPFR_LIBQUADMATH='-lquadmath'
NM='nm'
NMEDIT=''
OBJDUMP='objdump'
OBJEXT='o'
OTOOL64=''
OTOOL=''
PACKAGE='mpfr'
PACKAGE_BUGREPORT=''
PACKAGE_NAME='MPFR'
PACKAGE_STRING='MPFR 4.1.1'
PACKAGE_TARNAME='mpfr'
PACKAGE_URL=''
PACKAGE_VERSION='4.1.1'
PATH_SEPARATOR=':'
PTHREAD_CC=''
PTHREAD_CFLAGS=''
PTHREAD_CXX=''
PTHREAD_LIBS=''
RANLIB='ranlib -D'
SED='sed'
SET_MAKE=''
SHELL='/bin/bash'
STRIP='strip'
TUNE_LIBS=''
VERSION='4.1.1'
ac_ct_AR=''
ac_ct_CC=''
ac_ct_DUMPBIN=''
am__EXEEXT_FALSE=''
am__EXEEXT_TRUE='#'
am__fastdepCC_FALSE=''
am__fastdepCC_TRUE='#'
am__include='include'
am__isrc=' -I$(srcdir)'
am__leading_dot='.'
am__nodep=''
am__quote=''
am__tar='$${TAR-tar} chof - "$$tardir"'
am__untar='$${TAR-tar} xf -'
ax_pthread_config=''
bindir='/home/ubuntu/yocto/rpi-build/tmp/work/x86_64-linux/mpfr-native/4.1.1-r0/recipe-sysroot-native/usr/bin'
build='x86_64-pc-linux-gnu'
build_alias='x86_64-linux'
build_cpu='x86_64'
build_os='linux-gnu'
build_vendor='pc'
datadir='/home/ubuntu/yocto/rpi-build/tmp/work/x86_64-linux/mpfr-native/4.1.1-r0/recipe-sysroot-native/usr/share'
datarootdir='${prefix}/share'
docdir='${datarootdir}/doc/${PACKAGE_TARNAME}'
dvidir='${docdir}'
exec_prefix='/home/ubuntu/yocto/rpi-build/tmp/work/x86_64-linux/mpfr-native/4.1.1-r0/recipe-sysroot-native/usr'
host='x86_64-pc-linux-gnu'
host_alias='x86_64-linux'
host_cpu='x86_64'
host_os='linux-gnu'
host_vendor='pc'
htmldir='${docdir}'
includedir='/home/ubuntu/yocto/rpi-build/tmp/work/x86_64-linux/mpfr-native/4.1.1-r0/recipe-sysroot-native/usr/include'
infodir='/home/ubuntu/yocto/rpi-build/tmp/work/x86_64-linux/mpfr-native/4.1.1-r0/recipe-sysroot-native/usr/share/info'
install_sh='${SHELL} /home/ubuntu/yocto/rpi-build/tmp/work/x86_64-linux/mpfr-native/4.1.1-r0/mpfr-4.1.1/install-sh'
libdir='/home/ubuntu/yocto/rpi-build/tmp/work/x86_64-linux/mpfr-native/4.1.1-r0/recipe-sysroot-native/usr/lib'
libexecdir='/home/ubuntu/yocto/rpi-build/tmp/work/x86_64-linux/mpfr-native/4.1.1-r0/recipe-sysroot-native/usr/libexec'
localedir='${datarootdir}/locale'
localstatedir='/home/ubuntu/yocto/rpi-build/tmp/work/x86_64-linux/mpfr-native/4.1.1-r0/recipe-sysroot-native/var'
mandir='/home/ubuntu/yocto/rpi-build/tmp/work/x86_64-linux/mpfr-native/4.1.1-r0/recipe-sysroot-native/usr/share/man'
mini_gmp_path=''
mkdir_p='$(MKDIR_P)'
oldincludedir='/home/ubuntu/yocto/rpi-build/tmp/work/x86_64-linux/mpfr-native/4.1.1-r0/recipe-sysroot-native/usr/include'
pdfdir='${docdir}'
prefix='/home/ubuntu/yocto/rpi-build/tmp/work/x86_64-linux/mpfr-native/4.1.1-r0/recipe-sysroot-native/usr'
program_transform_name='s,x,x,'
psdir='${docdir}'
runstatedir='${localstatedir}/run'
sbindir='/home/ubuntu/yocto/rpi-build/tmp/work/x86_64-linux/mpfr-native/4.1.1-r0/recipe-sysroot-native/usr/sbin'
sharedstatedir='/home/ubuntu/yocto/rpi-build/tmp/work/x86_64-linux/mpfr-native/4.1.1-r0/recipe-sysroot-native/com'
sysconfdir='/home/ubuntu/yocto/rpi-build/tmp/work/x86_64-linux/mpfr-native/4.1.1-r0/recipe-sysroot-native/etc'
target_alias='x86_64-linux'

## ----------- ##
## confdefs.h. ##
## ----------- ##

/* confdefs.h */
#define HAVE_STDIO_H 1
#define HAVE_INTTYPES_H 1
#define HAVE_STDINT_H 1
#define LT_OBJDIR ".libs/"
#define HAVE_LITTLE_ENDIAN 1
#define HAVE_CLOCK_GETTIME 1
#define HAVE_LOCALE_H 1
#define HAVE_WCHAR_H 1
#define HAVE_STDARG 1
#define HAVE_STRUCT_LCONV_DECIMAL_POINT 1
#define HAVE_STRUCT_LCONV_THOUSANDS_SEP 1
#define HAVE_ALLOCA_H 1
#define HAVE_ALLOCA 1
#define HAVE_UINTPTR_T 1
#define HAVE_VA_COPY 1
#define HAVE_SETLOCALE 1
#define HAVE_GETTIMEOFDAY 1
#define HAVE_SIGNAL 1
#define HAVE_SIGACTION 1
#define HAVE_LONG_LONG 1
#define HAVE_INTMAX_T 1
#define MPFR_HAVE_INTMAX_MAX 1
#define MPFR_HAVE_NORETURN 1
#define MPFR_HAVE_BUILTIN_UNREACHABLE 1
#define MPFR_HAVE_CONSTRUCTOR_ATTR 1
#define MPFR_HAVE_FESETROUND 1
#define HAVE_SUBNORM_DBL 1
#define HAVE_SUBNORM_FLT 1
#define HAVE_SIGNEDZ 1
#define HAVE_ROUND 1
#define HAVE_TRUNC 1
#define HAVE_FLOOR 1
#define HAVE_CEIL 1
#define HAVE_NEARBYINT 1
#define HAVE_DOUBLE_IEEE_LITTLE_ENDIAN 1
#define HAVE_LDOUBLE_IEEE_EXT_LITTLE 1
#define MPFR_USE_THREAD_SAFE 1
#define MPFR_USE_C11_THREAD_SAFE 1
#define MPFR_WANT_DECIMAL_FLOATS 1
#define DECIMAL_BID_FORMAT 1
#define HAVE_DECIMAL128_IEEE_LITTLE_ENDIAN 1
#define MPFR_WANT_FLOAT128 1
#define MPFR_USE_STATIC_ASSERT 1
#define HAVE_ATTRIBUTE_MODE 1
#define PRINTF_L 1
#define PRINTF_T 1
#define PRINTF_GROUPFLAG 1
#define HAVE___GMPN_SBPI1_DIVAPPR_Q 1
#define HAVE___GMPN_INVERT_LIMB 1
#define HAVE___GMPN_RSBLSH1_N 1
#define MPFR_LONG_WITHIN_LIMB 1
#define MPFR_INTMAX_WITHIN_LIMB 1
#define HAVE_GETRUSAGE 1

configure: exit 0
