This file contains any messages produced by compilers while
running configure, to aid debugging if configure makes a mistake.

It was created by popt configure 1.18, which was
generated by GNU Autoconf 2.71.  Invocation command line was

  $ ../popt-1.18/configure --build=x86_64-linux --host=x86_64-linux --target=x86_64-linux --prefix=/home/ubuntu/yocto/rpi-build/tmp/work/x86_64-linux/popt-native/1.18-r0/recipe-sysroot-native/usr --exec_prefix=/home/ubuntu/yocto/rpi-build/tmp/work/x86_64-linux/popt-native/1.18-r0/recipe-sysroot-native/usr --bindir=/home/ubuntu/yocto/rpi-build/tmp/work/x86_64-linux/popt-native/1.18-r0/recipe-sysroot-native/usr/bin --sbindir=/home/ubuntu/yocto/rpi-build/tmp/work/x86_64-linux/popt-native/1.18-r0/recipe-sysroot-native/usr/sbin --libexecdir=/home/ubuntu/yocto/rpi-build/tmp/work/x86_64-linux/popt-native/1.18-r0/recipe-sysroot-native/usr/libexec --datadir=/home/ubuntu/yocto/rpi-build/tmp/work/x86_64-linux/popt-native/1.18-r0/recipe-sysroot-native/usr/share --sysconfdir=/home/ubuntu/yocto/rpi-build/tmp/work/x86_64-linux/popt-native/1.18-r0/recipe-sysroot-native/etc --sharedstatedir=/home/ubuntu/yocto/rpi-build/tmp/work/x86_64-linux/popt-native/1.18-r0/recipe-sysroot-native/com --localstatedir=/home/ubuntu/yocto/rpi-build/tmp/work/x86_64-linux/popt-native/1.18-r0/recipe-sysroot-native/var --libdir=/home/ubuntu/yocto/rpi-build/tmp/work/x86_64-linux/popt-native/1.18-r0/recipe-sysroot-native/usr/lib --includedir=/home/ubuntu/yocto/rpi-build/tmp/work/x86_64-linux/popt-native/1.18-r0/recipe-sysroot-native/usr/include --oldincludedir=/home/ubuntu/yocto/rpi-build/tmp/work/x86_64-linux/popt-native/1.18-r0/recipe-sysroot-native/usr/include --infodir=/home/ubuntu/yocto/rpi-build/tmp/work/x86_64-linux/popt-native/1.18-r0/recipe-sysroot-native/usr/share/info --mandir=/home/ubuntu/yocto/rpi-build/tmp/work/x86_64-linux/popt-native/1.18-r0/recipe-sysroot-native/usr/share/man --disable-silent-rules --disable-dependency-tracking --disable-static --disable-nls

## --------- ##
## Platform. ##
## --------- ##

hostname = DESKTOP-CSPIOE3
uname -m = x86_64
uname -r = 6.6.87.2-microsoft-standard-WSL2
uname -s = Linux
uname -v = #1 SMP PREEMPT_DYNAMIC Thu Jun  5 18:30:46 UTC 2025

/usr/bin/uname -p = x86_64
/bin/uname -X     = unknown

/bin/arch              = x86_64
/usr/bin/arch -k       = unknown
/usr/convex/getsysinfo = unknown
/usr/bin/hostinfo      = unknown
/bin/machine           = unknown
/usr/bin/oslevel       = unknown
/bin/universe          = unknown

PATH: /home/ubuntu/yocto/poky/scripts/native-intercept/
PATH: /home/ubuntu/yocto/rpi-build/tmp/sysroots-uninative/x86_64-linux/usr/bin/
PATH: /home/ubuntu/yocto/poky/scripts/
PATH: /home/ubuntu/yocto/rpi-build/tmp/work/x86_64-linux/popt-native/1.18-r0/recipe-sysroot-native/usr/bin/x86_64-linux/
PATH: /home/ubuntu/yocto/rpi-build/tmp/work/x86_64-linux/popt-native/1.18-r0/recipe-sysroot-native/usr/bin/
PATH: /home/ubuntu/yocto/rpi-build/tmp/work/x86_64-linux/popt-native/1.18-r0/recipe-sysroot-native/usr/sbin/
PATH: /home/ubuntu/yocto/rpi-build/tmp/work/x86_64-linux/popt-native/1.18-r0/recipe-sysroot-native/usr/bin/
PATH: /home/ubuntu/yocto/rpi-build/tmp/work/x86_64-linux/popt-native/1.18-r0/recipe-sysroot-native/sbin/
PATH: /home/ubuntu/yocto/rpi-build/tmp/work/x86_64-linux/popt-native/1.18-r0/recipe-sysroot-native/bin/
PATH: /home/ubuntu/yocto/poky/bitbake/bin/
PATH: /home/ubuntu/yocto/rpi-build/tmp/hosttools/


## ----------- ##
## Core tests. ##
## ----------- ##

configure:2122: loading site script /home/ubuntu/yocto/poky/meta/site/endian-little
| ac_cv_c_littleendian=${ac_cv_c_littleendian=yes}
| ac_cv_c_bigendian=${ac_cv_c_bigendian=no}
| 
| # libnet
| ac_cv_libnet_endianess=${ac_cv_libnet_endianess=lil}
| 
| # libmemcached
| ac_cv_c_endian=little
configure:2122: loading site script /home/ubuntu/yocto/poky/meta/site/common-linux
| # gettext - these add sleep delays otherwise
| gl_cv_func_sleep_works=${gl_cv_func_sleep_works=yes}
| gl_cv_header_working_fcntl_h=${gl_cv_header_working_fcntl_h=yes}
| # the euc-jp tests in iconv.m4 break elfutils and libunistring depending on the
| # host locales installed. Avoid this by skipping the tests, we're not on HP-UX!
| am_cv_func_iconv_works=${am_cv_func_iconv_works=yes}
| 
| # apr
| ac_cv_file__dev_zero=${ac_cv_file__dev_zero=yes}
| ac_cv_sizeof_pid_t=${ac_cv_sizeof_pid_t=4}
| ac_cv_func_pthread_key_delete=${ac_cv_func_pthread_key_delete=yes}
| apr_cv_tcp_nodelay_with_cork=${apr_cv_tcp_nodelay_with_cork=yes}
| apr_cv_process_shared_works=${apr_cv_process_shared_works=no}
| 
| # samba
| samba_cv_HAVE_IFACE_AIX=${samba_cv_HAVE_IFACE_AIX=no}
| samba_cv_HAVE_IFACE_IFCONF=${samba_cv_HAVE_IFACE_IFCONF=yes}
| samba_cv_HAVE_IFACE_IFREQ=${samba_cv_HAVE_IFACE_IFREQ=yes}
| samba_cv_HAVE_IRIX_SPECIFIC_CAPABILITIES=${samba_cv_HAVE_IRIX_SPECIFIC_CAPABILITIES=no}
| 
| # db
| db_cv_path_ar=${db_cv_path_ar=/usr/bin/ar}
| db_cv_path_chmod=${db_cv_path_chmod=/bin/chmod}
| db_cv_path_cp=${db_cv_path_cp=/bin/cp}
| db_cv_path_ln=${db_cv_path_ln=/bin/ln}
| db_cv_path_mkdir=${db_cv_path_mkdir=/bin/mkdir}
| db_cv_path_ranlib=${db_cv_path_ranlib=/usr/bin/ranlib}
| db_cv_path_rm=${db_cv_path_rm=/bin/rm}
| db_cv_path_sh=${db_cv_path_sh=/bin/sh}
| db_cv_path_strip=${db_cv_path_strip=/usr/bin/strip}
| 
| # bash
| bash_cv_have_mbstate_t=${bash_cv_have_mbstate_t=yes}
| bash_cv_must_reinstall_sighandlers=${bash_cv_must_reinstall_sighandlers=no}
| bash_cv_func_strcoll_broken=${bash_cv_func_strcoll_broken=no}
| bash_cv_dup2_broken=${bash_cv_dup2_broken=no}
| bash_cv_opendir_not_robust=${bash_cv_opendir_not_robust=no}
| bash_cv_type_rlimit=${bash_cv_type_rlimit=rlim_t}
| bash_cv_getenv_redef=${bash_cv_getenv_redef=yes}
| bash_cv_ulimit_maxfds=${bash_cv_ulimit_maxfds=yes}
| bash_cv_getcwd_calls_popen=${bash_cv_getcwd_calls_popen=no}
| bash_cv_printf_a_format=${bash_cv_printf_a_format=yes}
| bash_cv_pgrp_pipe=${bash_cv_pgrp_pipe=no}
| bash_cv_job_control_missing=${bash_cv_job_control_missing=present}
| bash_cv_sys_named_pipes=${bash_cv_sys_named_pipes=present}
| bash_cv_unusable_rtsigs=${bash_cv_unusable_rtsigs=no}
| 
| # ccache
| hw_cv_func_snprintf_c99=${hw_cv_func_snprintf_c99=yes}
| hw_cv_func_vsnprintf_c99=${hw_cv_func_vsnprintf_c99=yes}
| 
| # coreutils
| ac_cv_func_chown_works=${ac_cv_func_chown_works=yes}
| ac_cv_func_utime_null=${ac_cv_func_utime_null=yes}
| gl_cv_func_fstatat_zero_flag=${gl_cv_func_fstatat_zero_flag=yes}
| gl_cv_func_link_follows_symlink=${gl_cv_func_link_follows_symlink=no}
| gl_cv_func_unlink_busy_text=${gl_cv_func_unlink_busy_text=yes}
| gl_cv_have_proc_uptime=${gl_cv_have_proc_uptime=yes}
| gl_cv_pipes_are_fifos=${gl_cv_pipes_are_fifos='yes (1)'}
| 
| # mysql
| ac_cv_sys_restartable_syscalls=${ac_cv_sys_restartable_syscalls=yes}
| ac_cv_conv_longlong_to_float=${ac_cv_conv_longlong_to_float=yes}
| 
| # TCL
| tcl_cv_api_serial=${tcl_cv_api_serial=termios}
| 
| # python
| ac_cv_have_long_long_format=yes
| 
| # apache
| ac_cv_o_nonblock_inherited=${ac_cv_o_nonblock_inherited=no}
| 
| # rsync
| rsync_cv_HAVE_C99_VSNPRINTF=${rsync_cv_HAVE_C99_VSNPRINTF=yes}
configure:2122: loading site script /home/ubuntu/yocto/poky/meta/site/common-glibc
| # general
| ac_cv_func_calloc_0_nonnull=${ac_cv_func_calloc_0_nonnull=yes}
| ac_cv_func_realloc_works=${ac_cv_func_realloc_works=yes}
| ac_cv_func_realloc_0_nonnull=${ac_cv_func_realloc_0_nonnull=yes}
| ac_cv_func_malloc_works=${ac_cv_func_malloc_works=yes}
| ac_cv_func_malloc_0_nonnull=${ac_cv_func_malloc_0_nonnull=yes}
| ac_cv_func_memcmp_working=${ac_cv_func_memcmp_working=yes}
| ac_cv_func_getpgrp_void=yes
| ac_cv_func_setpgrp_void=yes
| ac_cv_func_setgrent_void=yes
| ac_cv_func_getgrgid_r=${ac_cv_func_getgrgid_r=yes}
| ac_cv_func_getpwuid_r=${ac_cv_func_getpwuid_r=yes}
| ac_cv_func_posix_getpwuid_r=${ac_cv_func_posix_getpwuid_r=yes}
| ac_cv_func_posix_getgrgid_r=${ac_cv_func_posix_getgrgid_r=yes}
| ac_cv_type_uid_t={ac_cv_type_uid_t=yes}
| ac_cv_func_getaddrinfo=${ac_cv_func_getaddrinfo=yes}
| ac_cv_func_strtod=${ac_cv_func_strtod=yes}
| 
| # bash
| bash_cv_getcwd_malloc=${bash_cv_getcwd_malloc=yes}
| 
| # clamav
| clamav_av_func_working_snprintf_long=${clamav_av_func_working_snprintf_long=yes}
| clamav_av_have_in_port_t=${clamav_av_have_in_port_t=yes}
| clamav_av_have_in_addr_t=${clamav_av_have_in_addr_t=yes}
| ac_cv_func_mmap_fixed_mapped=${ac_cv_func_mmap_fixed_mapped=yes}
| 
| # coreutils
| fu_cv_sys_stat_statfs2_bsize=${fu_cv_sys_stat_statfs2_bsize=yes}
| gl_cv_func_getcwd_abort_bug=${gl_cv_func_getcwd_abort_bug=no}
| gl_cv_func_getcwd_null=${gl_cv_func_getcwd_null=yes}
| gl_cv_func_getcwd_path_max=${gl_cv_func_getcwd_path_max=yes}
| ac_cv_func_getgroups_works=${ac_cv_func_getgroups_works=yes}
| gl_cv_func_nanosleep=${gl_cv_func_nanosleep='no (mishandles large arguments)'}
| gl_cv_func_working_mkstemp=${gl_cv_func_working_mkstemp=yes}
| gl_cv_func_working_mktime=${gl_cv_func_working_mktime=yes}
| gl_cv_func_working_utimes=${gl_cv_func_working_utimes=yes}
| 
| # glib
| glib_cv_strlcpy=${glib_cv_strlcpy=no}
| ac_cv_func_printf_unix98=${ac_cv_func_printf_unix98=yes}
| ac_cv_func_snprintf_c99=${ac_cv_func_snprintf_c99=yes}
| ac_cv_func_vsnprintf_c99=${ac_cv_func_vsnprintf_c99=yes}
| glib_cv_compliant_posix_memalign=${glib_cv_compliant_posix_memalign=1}
| glib_cv_long_long_format=${glib_cv_long_long_format=ll}
| # glib-1.x requires this and pkgconfig-native / pkgconfig-nativesdk use
| # that to avoid a dependency loop.
| glib_cv___va_copy=${glib_cv___va_copy=yes}
| glib_cv_va_copy=${glib_cv_va_copy=yes}
| glib_cv_have_qsort_r=${glib_cv_have_qsort_r=yes}
| 
| #dbus-glib
| ac_cv_have_abstract_sockets=${ac_cv_have_abstract_sockets=yes}
| 
| # gnucash
| am_cv_scanf_lld=${am_cv_scanf_lld=yes}
| 
| # guile
| ac_cv_func_pthread_attr_getstack=${ac_cv_func_pthread_attr_getstack=yes}
| 
| #gcc-zlib
| ac_cv_func_getpagesize=${ac_cv_func_getpagesize=yes}
| ac_cv_func_memcpy=${ac_cv_func_memcpy=yes}
| ac_cv_func_strerror=${ac_cv_func_strerror=yes}
| 
| # squid
| ac_cv_af_unix_large_dgram=${ac_cv_af_unix_large_dgram=yes}
| ac_cv_func_setresuid=${ac_cv_func_setresuid=yes}
| ac_cv_func_va_copy=${ac_cv_func_va_copy=yes}
| ac_cv_func___va_copy=${ac_cv_func___va_copy=yes}
| ac_cv_epoll_works=${ac_cv_epoll_works=yes}
| 
| ac_cv_check_sjlj=ssjlj
| 
| # m4
| gt_cv_locale_fr=${gt_cv_locale_fr=fr_FR}
| gl_cv_func_btowc_eof=${gl_cv_func_btowc_eof=yes}
| gl_cv_func_wcrtomb_retval=${gl_cv_func_wcrtomb_retval=yes}
| gl_cv_func_wctob_works=${gl_cv_func_wctob_works=yes}
| gl_cv_func_mbrtowc_incomplete_state=${gl_cv_func_mbrtowc_incomplete_state=yes}
| gl_cv_func_mbrtowc_sanitycheck=${gl_cv_func_mbrtowc_sanitycheck=yes}
| gl_cv_func_mbrtowc_null_arg=${gl_cv_func_mbrtowc_null_arg=yes}
| gl_cv_func_mbrtowc_retval=${gl_cv_func_mbrtowc_retval=yes}
| gl_cv_func_mbrtowc_nul_retval=${gl_cv_func_mbrtowc_nul_retval=yes}
| 
| # va_copy and _va_copy
| ac_cv_va_copy=${ac_cv_va_copy=yes}
| ac_cv___va_copy=${ac_cv___va_copy=yes}
| ac_cv_func_va_copy=${ac_cv_func_va_copy=yes}
| ac_cv_func___va_copy=${ac_cv_func___va_copy=yes}
| 
| # Xorg
| xorg_cv_malloc0_returns_null=${xorg_cv_malloc0_returns_null=yes}
configure:2122: loading site script /home/ubuntu/yocto/poky/meta/site/x86_64-linux
| # general
| ac_cv_va_val_copy=${ac_cv_va_val_copy=no}
| ac_cv_func_lstat_dereferences_slashed_symlink=${ac_cv_func_lstat_dereferences_slashed_symlink=yes}
| ac_cv_func_lstat_empty_string_bug=${ac_cv_func_lstat_empty_string_bug=no}
| ac_cv_func_posix_getpwnam_r=${ac_cv_func_posix_getpwnam_r=yes}
| ac_cv_func_setvbuf_reversed=${ac_cv_func_setvbuf_reversed=no}
| ac_cv_func_stat_empty_string_bug=${ac_cv_func_stat_empty_string_bug=no}
| ac_cv_func_stat_ignores_trailing_slash=${ac_cv_func_stat_ignores_trailing_slash=no}
| ac_libnet_have_packet_socket=${ac_libnet_have_packet_socket=yes}
| ac_cv_linux_vers=${ac_cv_linux_vers=2}
| ac_cv_need_trio=${ac_cv_need_trio=no}
| ac_cv_sizeof_char=${ac_cv_sizeof_char=1}
| ac_cv_sizeof_int=${ac_cv_sizeof_int=4}
| ac_cv_sizeof_unsigned_int=${ac_cv_sizeof_unsigned_int=4}
| ac_cv_sizeof___int64=${ac_cv_sizeof___int64=0}
| ac_cv_sizeof_long=${ac_cv_sizeof_long=8}
| ac_cv_sizeof_unsigned_long=${ac_cv_sizeof_unsigned_long=8}
| ac_cv_sizeof_long_double=${ac_cv_sizeof_long_double=16}
| ac_cv_sizeof_long_int=${ac_cv_sizeof_long_int=8}
| ac_cv_sizeof_long_long=${ac_cv_sizeof_long_long=8}
| ac_cv_sizeof_short=${ac_cv_sizeof_short=2}
| ac_cv_sizeof_unsigned_short=${ac_cv_sizeof_unsigned_short=2}
| ac_cv_sizeof_short_int=${ac_cv_sizeof_short_int=2}
| ac_cv_sizeof_size_t=${ac_cv_sizeof_size_t=8}
| ac_cv_sizeof_uid_t=${ac_cv_sizeof_uid_t=4}
| ac_cv_sizeof_gid_t=${ac_cv_sizeof_gid_t=4}
| ac_cv_sizeof_dev_t=${ac_cv_sizeof_dev_t=8}
| ac_cv_sizeof_void_p=${ac_cv_sizeof_void_p=8}
| ac_cv_strerror_r_SUSv3=${ac_cv_strerror_r_SUSv3=no}
| db_cv_alignp_t=${db_cv_alignp_t='unsigned long long'}
| db_cv_align_t=${db_cv_align_t='unsigned long long'}
| db_cv_fcntl_f_setfd=${db_cv_fcntl_f_setfd=yes}
| db_cv_sprintf_count=${db_cv_sprintf_count=yes}
| 
| # glib
| glib_cv_hasinline=${glib_cv_hasinline=yes}
| glib_cv_has__inline=${glib_cv_has__inline=yes}
| glib_cv_has__inline__=${glib_cv_has__inline__=yes}
| glib_cv_long_long_format=${glib_cv_long_long_format=ll}
| glib_cv_rtldglobal_broken=${glib_cv_rtldglobal_broken=yes}
| glib_cv_sane_realloc=${glib_cv_sane_realloc=yes}
| glib_cv_sizeof_gmutex=${glib_cv_sizeof_gmutex=40}
| glib_cv_sizeof_intmax_t=${glib_cv_sizeof_intmax_t=8}
| glib_cv_sizeof_ptrdiff_t=${glib_cv_sizeof_ptrdiff_t=8}
| glib_cv_sizeof_size_t=${glib_cv_sizeof_size_t=8}
| glib_cv_sizeof_system_thread=${glib_cv_sizeof_system_thread=8}
| glib_cv_stack_grows=${glib_cv_stack_grows=no}
| glib_cv_sys_pthread_cond_timedwait_posix=${glib_cv_sys_pthread_cond_timedwait_posix=yes}
| glib_cv_sys_pthread_getspecific_posix=${glib_cv_sys_pthread_getspecific_posix=yes}
| glib_cv_sys_pthread_mutex_trylock_posix=${glib_cv_sys_pthread_mutex_trylock_posix=yes}
| glib_cv_uscore=${glib_cv_uscore=no}
| glib_cv_va_val_copy=${glib_cv_va_val_copy=no}
| ac_cv_alignof_guint32=4
| ac_cv_alignof_guint64=8
| ac_cv_alignof_unsigned_long=8
| 
| nano_cv_func_regexec_segv_emptystr=${nano_cv_func_regexec_segv_emptystr=no}
| samba_cv_HAVE_VA_COPY=${samba_cv_HAVE_VA_COPY=yes}
| screen_cv_sys_bcopy_overlap=${screen_cv_sys_bcopy_overlap=no}
| screen_cv_sys_fifo_broken_impl=${screen_cv_sys_fifo_broken_impl=yes}
| screen_cv_sys_fifo_usable=${screen_cv_sys_fifo_usable=yes}
| screen_cv_sys_memcpy_overlap=${screen_cv_sys_memcpy_overlap=no}
| screen_cv_sys_memmove_overlap=${screen_cv_sys_memmove_overlap=no}
| screen_cv_sys_select_broken_retval=${screen_cv_sys_select_broken_retval=no}
| screen_cv_sys_sockets_nofs=${screen_cv_sys_sockets_nofs=no}
| screen_cv_sys_sockets_usable=${screen_cv_sys_sockets_usable=yes}
| screen_cv_sys_terminfo_used=${screen_cv_sys_terminfo_used=yes}
| utils_cv_sys_open_max=${utils_cv_sys_open_max=1015}
| 
| # gettext
| am_cv_func_working_getline=${am_cv_func_working_getline=yes}
| 
| #gcc
| ac_cv_lib_m_sin=${ac_cv_lib_m_sin=yes}
| 
| # bash
| bash_cv_func_sigsetjmp=${bash_cv_func_sigsetjmp=present}
| 
| lf_cv_sane_realloc=yes
| as_cv_unaligned_access=${as_cv_unaligned_access=yes}
| 
| #unfs3
| nfsd_cv_broken_setfsuid=${nfsd_cv_broken_setfsuid=0}
| nfsd_cv_func_statfs=${nfsd_cv_func_statfs=statfs2_bsize}
| nfsd_cv_bsd_signals=${nfsd_cv_bsd_signals=yes}
| 
| #apr
| apr_cv_tcp_nodelay_with_cork=${apr_cv_tcp_nodelay_with_cork=yes}
| 
| # lftp
| lftp_cv_va_val_copy=${lftp_cv_va_val_copy=no}
| 
| # slrn
| slrn_cv_va_val_copy=${slrn_cv_va_val_copy=no}
| 
| # grub
| ac_cv_func___ashldi3=no
| ac_cv_func___ashrdi3=no
| ac_cv_func___bswapdi2=no
| ac_cv_func___bswapsi2=no
| ac_cv_func___lshrdi3=no
| ac_cv_func___trampoline_setup=no
| ac_cv_func___ucmpdi2=no
| ac_cv_func__restgpr_14_x=no
| 
| # cvs
| cvs_cv_func_printf_ptr=${cvs_cv_func_printf_ptr=yes}
| 
| # at-spi2-core
| ac_cv_alignof_char=1
| ac_cv_alignof_dbind_pointer=8
| ac_cv_alignof_dbind_struct=1
| ac_cv_alignof_dbus_bool_t=4
| ac_cv_alignof_dbus_int16_t=2
| ac_cv_alignof_dbus_int32_t=4
| ac_cv_alignof_dbus_int64_t=8
| ac_cv_alignof_double=8
configure:2122: loading site script /home/ubuntu/yocto/poky/meta/site/common
| # libelf
| mr_cv_target_elf=${mr_cv_target_elf=yes}
| 
| # Normally kernels have /dev/random enabled
| ac_cv_file__dev_random=${ac_cv_file__dev_random=yes}
| 
| # Avoid sudo to assume void for unsetenv in cross environment, or else it conflicts with
| # target stdlib.h prototype which follows POSIX compiliance. Mark for upstream.
| sudo_cv_func_unsetenv_void=no
| 
| # shadow dir info, to avoid searching build system
| shadow_cv_maildir=${localstatedir}/spool/mail
| shadow_cv_mailfile=Mailbox
| shadow_cv_utmpdir=${localstatedir}/run
| shadow_cv_logdir=${localstatedir}/log
| shadow_cv_passwd_dir=${bindir}
| 
| # python: deactivate a runtime check for ipv6-support in python >=2.7.1 that fails when cross-compiling
| ac_cv_buggy_getaddrinfo=no
| 
| ac_cv_path_SED=${ac_cv_path_SED=sed}
| 
| # General
| ac_cv_have_decl_sys_siglist=${ac_cv_have_decl_sys_siglist=no}
| 
| # bash
| bash_cv_under_sys_siglist=${bash_cv_under_sys_siglist=no}
| bash_cv_sys_siglist=${bash_cv_sys_siglist=no}
configure:2484: looking for aux files: config.rpath config.guess config.sub ltmain.sh ar-lib compile missing install-sh
configure:2497:  trying ../popt-1.18/build-aux/
configure:2526:   ../popt-1.18/build-aux/config.rpath found
configure:2526:   ../popt-1.18/build-aux/config.guess found
configure:2526:   ../popt-1.18/build-aux/config.sub found
configure:2526:   ../popt-1.18/build-aux/ltmain.sh found
configure:2526:   ../popt-1.18/build-aux/ar-lib found
configure:2526:   ../popt-1.18/build-aux/compile found
configure:2526:   ../popt-1.18/build-aux/missing found
configure:2508:   ../popt-1.18/build-aux/install-sh found
configure:2661: checking for a BSD-compatible install
configure:2734: result: /home/ubuntu/yocto/rpi-build/tmp/hosttools/install -c
configure:2745: checking whether build environment is sane
configure:2760: result: yes
configure:2910: checking for a race-free mkdir -p
configure:2954: result: /home/ubuntu/yocto/rpi-build/tmp/hosttools/mkdir -p
configure:2961: checking for gawk
configure:2982: found /home/ubuntu/yocto/rpi-build/tmp/hosttools/gawk
configure:2993: result: gawk
configure:3004: checking whether make sets $(MAKE)
configure:3027: result: yes
configure:3057: checking whether make supports nested variables
configure:3075: result: yes
configure:3225: checking whether make supports the include directive
configure:3240: make -f confmf.GNU && cat confinc.out
this is the am__doit target
configure:3243: $? = 0
configure:3262: result: yes (GNU style)
configure:3293: checking for x86_64-linux-gcc
configure:3325: result: gcc 
configure:3723: checking for C compiler version
configure:3732: gcc  --version >&5
gcc (Ubuntu 11.4.0-1ubuntu1~22.04.2) 11.4.0
Copyright (C) 2021 Free Software Foundation, Inc.
This is free software; see the source for copying conditions.  There is NO
warranty; not even for MERCHANTABILITY or FITNESS FOR A PARTICULAR PURPOSE.

configure:3743: $? = 0
configure:3732: gcc  -v >&5
Using built-in specs.
COLLECT_GCC=gcc
COLLECT_LTO_WRAPPER=/usr/lib/gcc/x86_64-linux-gnu/11/lto-wrapper
OFFLOAD_TARGET_NAMES=nvptx-none:amdgcn-amdhsa
OFFLOAD_TARGET_DEFAULT=1
Target: x86_64-linux-gnu
Configured with: ../src/configure -v --with-pkgversion='Ubuntu 11.4.0-1ubuntu1~22.04.2' --with-bugurl=file:///usr/share/doc/gcc-11/README.Bugs --enable-languages=c,ada,c++,go,brig,d,fortran,objc,obj-c++,m2 --prefix=/usr --with-gcc-major-version-only --program-suffix=-11 --program-prefix=x86_64-linux-gnu- --enable-shared --enable-linker-build-id --libexecdir=/usr/lib --without-included-gettext --enable-threads=posix --libdir=/usr/lib --enable-nls --enable-bootstrap --enable-clocale=gnu --enable-libstdcxx-debug --enable-libstdcxx-time=yes --with-default-libstdcxx-abi=new --enable-gnu-unique-object --disable-vtable-verify --enable-plugin --enable-default-pie --with-system-zlib --enable-libphobos-checking=release --with-target-system-zlib=auto --enable-objc-gc=auto --enable-multiarch --disable-werror --enable-cet --with-arch-32=i686 --with-abi=m64 --with-multilib-list=m32,m64,mx32 --enable-multilib --with-tune=generic --enable-offload-targets=nvptx-none=/build/gcc-11-2Y5pKs/gcc-11-11.4.0/debian/tmp-nvptx/usr,amdgcn-amdhsa=/build/gcc-11-2Y5pKs/gcc-11-11.4.0/debian/tmp-gcn/usr --without-cuda-driver --enable-checking=release --build=x86_64-linux-gnu --host=x86_64-linux-gnu --target=x86_64-linux-gnu --with-build-config=bootstrap-lto-lean --enable-link-serialization=2
Thread model: posix
Supported LTO compression algorithms: zlib zstd
gcc version 11.4.0 (Ubuntu 11.4.0-1ubuntu1~22.04.2) 
... rest of stderr output deleted ...
configure:3743: $? = 0
configure:3732: gcc  -V >&5
gcc: error: unrecognized command-line option '-V'
gcc: fatal error: no input files
compilation terminated.
configure:3743: $? = 1
configure:3732: gcc  -qversion >&5
gcc: error: unrecognized command-line option '-qversion'; did you mean '--version'?
gcc: fatal error: no input files
compilation terminated.
configure:3743: $? = 1
configure:3732: gcc  -version >&5
gcc: error: unrecognized command-line option '-version'
gcc: fatal error: no input files
compilation terminated.
configure:3743: $? = 1
configure:3763: checking whether the C compiler works
configure:3785: gcc  -isystem/home/ubuntu/yocto/rpi-build/tmp/work/x86_64-linux/popt-native/1.18-r0/recipe-sysroot-native/usr/include -O2 -pipe -isystem/home/ubuntu/yocto/rpi-build/tmp/work/x86_64-linux/popt-native/1.18-r0/recipe-sysroot-native/usr/include -L/home/ubuntu/yocto/rpi-build/tmp/work/x86_64-linux/popt-native/1.18-r0/recipe-sysroot-native/usr/lib                         -L/home/ubuntu/yocto/rpi-build/tmp/work/x86_64-linux/popt-native/1.18-r0/recipe-sysroot-native/lib                         -Wl,--enable-new-dtags                         -Wl,-rpath-link,/home/ubuntu/yocto/rpi-build/tmp/work/x86_64-linux/popt-native/1.18-r0/recipe-sysroot-native/usr/lib                         -Wl,-rpath-link,/home/ubuntu/yocto/rpi-build/tmp/work/x86_64-linux/popt-native/1.18-r0/recipe-sysroot-native/lib                         -Wl,-rpath,/home/ubuntu/yocto/rpi-build/tmp/work/x86_64-linux/popt-native/1.18-r0/recipe-sysroot-native/usr/lib                         -Wl,-rpath,/home/ubuntu/yocto/rpi-build/tmp/work/x86_64-linux/popt-native/1.18-r0/recipe-sysroot-native/lib                         -Wl,-O1 -Wl,--allow-shlib-undefined -Wl,--dynamic-linker=/home/ubuntu/yocto/rpi-build/tmp/sysroots-uninative/x86_64-linux/lib/ld-linux-x86-64.so.2 conftest.c  >&5
configure:3789: $? = 0
configure:3839: result: yes
configure:3842: checking for C compiler default output file name
configure:3844: result: a.out
configure:3850: checking for suffix of executables
configure:3857: gcc  -o conftest -isystem/home/ubuntu/yocto/rpi-build/tmp/work/x86_64-linux/popt-native/1.18-r0/recipe-sysroot-native/usr/include -O2 -pipe -isystem/home/ubuntu/yocto/rpi-build/tmp/work/x86_64-linux/popt-native/1.18-r0/recipe-sysroot-native/usr/include -L/home/ubuntu/yocto/rpi-build/tmp/work/x86_64-linux/popt-native/1.18-r0/recipe-sysroot-native/usr/lib                         -L/home/ubuntu/yocto/rpi-build/tmp/work/x86_64-linux/popt-native/1.18-r0/recipe-sysroot-native/lib                         -Wl,--enable-new-dtags                         -Wl,-rpath-link,/home/ubuntu/yocto/rpi-build/tmp/work/x86_64-linux/popt-native/1.18-r0/recipe-sysroot-native/usr/lib                         -Wl,-rpath-link,/home/ubuntu/yocto/rpi-build/tmp/work/x86_64-linux/popt-native/1.18-r0/recipe-sysroot-native/lib                         -Wl,-rpath,/home/ubuntu/yocto/rpi-build/tmp/work/x86_64-linux/popt-native/1.18-r0/recipe-sysroot-native/usr/lib                         -Wl,-rpath,/home/ubuntu/yocto/rpi-build/tmp/work/x86_64-linux/popt-native/1.18-r0/recipe-sysroot-native/lib                         -Wl,-O1 -Wl,--allow-shlib-undefined -Wl,--dynamic-linker=/home/ubuntu/yocto/rpi-build/tmp/sysroots-uninative/x86_64-linux/lib/ld-linux-x86-64.so.2 conftest.c  >&5
configure:3861: $? = 0
configure:3884: result: 
configure:3906: checking whether we are cross compiling
configure:3914: gcc  -o conftest -isystem/home/ubuntu/yocto/rpi-build/tmp/work/x86_64-linux/popt-native/1.18-r0/recipe-sysroot-native/usr/include -O2 -pipe -isystem/home/ubuntu/yocto/rpi-build/tmp/work/x86_64-linux/popt-native/1.18-r0/recipe-sysroot-native/usr/include -L/home/ubuntu/yocto/rpi-build/tmp/work/x86_64-linux/popt-native/1.18-r0/recipe-sysroot-native/usr/lib                         -L/home/ubuntu/yocto/rpi-build/tmp/work/x86_64-linux/popt-native/1.18-r0/recipe-sysroot-native/lib                         -Wl,--enable-new-dtags                         -Wl,-rpath-link,/home/ubuntu/yocto/rpi-build/tmp/work/x86_64-linux/popt-native/1.18-r0/recipe-sysroot-native/usr/lib                         -Wl,-rpath-link,/home/ubuntu/yocto/rpi-build/tmp/work/x86_64-linux/popt-native/1.18-r0/recipe-sysroot-native/lib                         -Wl,-rpath,/home/ubuntu/yocto/rpi-build/tmp/work/x86_64-linux/popt-native/1.18-r0/recipe-sysroot-native/usr/lib                         -Wl,-rpath,/home/ubuntu/yocto/rpi-build/tmp/work/x86_64-linux/popt-native/1.18-r0/recipe-sysroot-native/lib                         -Wl,-O1 -Wl,--allow-shlib-undefined -Wl,--dynamic-linker=/home/ubuntu/yocto/rpi-build/tmp/sysroots-uninative/x86_64-linux/lib/ld-linux-x86-64.so.2 conftest.c  >&5
configure:3918: $? = 0
configure:3925: ./conftest
configure:3929: $? = 0
configure:3944: result: no
configure:3949: checking for suffix of object files
configure:3972: gcc  -c -isystem/home/ubuntu/yocto/rpi-build/tmp/work/x86_64-linux/popt-native/1.18-r0/recipe-sysroot-native/usr/include -O2 -pipe -isystem/home/ubuntu/yocto/rpi-build/tmp/work/x86_64-linux/popt-native/1.18-r0/recipe-sysroot-native/usr/include conftest.c >&5
configure:3976: $? = 0
configure:3998: result: o
configure:4002: checking whether the compiler supports GNU C
configure:4022: gcc  -c -isystem/home/ubuntu/yocto/rpi-build/tmp/work/x86_64-linux/popt-native/1.18-r0/recipe-sysroot-native/usr/include -O2 -pipe -isystem/home/ubuntu/yocto/rpi-build/tmp/work/x86_64-linux/popt-native/1.18-r0/recipe-sysroot-native/usr/include conftest.c >&5
configure:4022: $? = 0
configure:4032: result: yes
configure:4043: checking whether gcc  accepts -g
configure:4064: gcc  -c -g -isystem/home/ubuntu/yocto/rpi-build/tmp/work/x86_64-linux/popt-native/1.18-r0/recipe-sysroot-native/usr/include conftest.c >&5
configure:4064: $? = 0
configure:4108: result: yes
configure:4128: checking for gcc  option to enable C11 features
configure:4143: gcc   -c -isystem/home/ubuntu/yocto/rpi-build/tmp/work/x86_64-linux/popt-native/1.18-r0/recipe-sysroot-native/usr/include -O2 -pipe -isystem/home/ubuntu/yocto/rpi-build/tmp/work/x86_64-linux/popt-native/1.18-r0/recipe-sysroot-native/usr/include conftest.c >&5
configure:4143: $? = 0
configure:4161: result: none needed
configure:4277: checking whether gcc  understands -c and -o together
configure:4300: gcc  -c conftest.c -o conftest2.o
configure:4303: $? = 0
configure:4300: gcc  -c conftest.c -o conftest2.o
configure:4303: $? = 0
configure:4315: result: yes
configure:4334: checking dependency style of gcc 
configure:4446: result: none
configure:4470: checking for x86_64-linux-gcc
configure:4502: result: gcc 
configure:4900: checking for C compiler version
configure:4909: gcc  --version >&5
gcc (Ubuntu 11.4.0-1ubuntu1~22.04.2) 11.4.0
Copyright (C) 2021 Free Software Foundation, Inc.
This is free software; see the source for copying conditions.  There is NO
warranty; not even for MERCHANTABILITY or FITNESS FOR A PARTICULAR PURPOSE.

configure:4920: $? = 0
configure:4909: gcc  -v >&5
Using built-in specs.
COLLECT_GCC=gcc
COLLECT_LTO_WRAPPER=/usr/lib/gcc/x86_64-linux-gnu/11/lto-wrapper
OFFLOAD_TARGET_NAMES=nvptx-none:amdgcn-amdhsa
OFFLOAD_TARGET_DEFAULT=1
Target: x86_64-linux-gnu
Configured with: ../src/configure -v --with-pkgversion='Ubuntu 11.4.0-1ubuntu1~22.04.2' --with-bugurl=file:///usr/share/doc/gcc-11/README.Bugs --enable-languages=c,ada,c++,go,brig,d,fortran,objc,obj-c++,m2 --prefix=/usr --with-gcc-major-version-only --program-suffix=-11 --program-prefix=x86_64-linux-gnu- --enable-shared --enable-linker-build-id --libexecdir=/usr/lib --without-included-gettext --enable-threads=posix --libdir=/usr/lib --enable-nls --enable-bootstrap --enable-clocale=gnu --enable-libstdcxx-debug --enable-libstdcxx-time=yes --with-default-libstdcxx-abi=new --enable-gnu-unique-object --disable-vtable-verify --enable-plugin --enable-default-pie --with-system-zlib --enable-libphobos-checking=release --with-target-system-zlib=auto --enable-objc-gc=auto --enable-multiarch --disable-werror --enable-cet --with-arch-32=i686 --with-abi=m64 --with-multilib-list=m32,m64,mx32 --enable-multilib --with-tune=generic --enable-offload-targets=nvptx-none=/build/gcc-11-2Y5pKs/gcc-11-11.4.0/debian/tmp-nvptx/usr,amdgcn-amdhsa=/build/gcc-11-2Y5pKs/gcc-11-11.4.0/debian/tmp-gcn/usr --without-cuda-driver --enable-checking=release --build=x86_64-linux-gnu --host=x86_64-linux-gnu --target=x86_64-linux-gnu --with-build-config=bootstrap-lto-lean --enable-link-serialization=2
Thread model: posix
Supported LTO compression algorithms: zlib zstd
gcc version 11.4.0 (Ubuntu 11.4.0-1ubuntu1~22.04.2) 
... rest of stderr output deleted ...
configure:4920: $? = 0
configure:4909: gcc  -V >&5
gcc: error: unrecognized command-line option '-V'
gcc: fatal error: no input files
compilation terminated.
configure:4920: $? = 1
configure:4909: gcc  -qversion >&5
gcc: error: unrecognized command-line option '-qversion'; did you mean '--version'?
gcc: fatal error: no input files
compilation terminated.
configure:4920: $? = 1
configure:4909: gcc  -version >&5
gcc: error: unrecognized command-line option '-version'
gcc: fatal error: no input files
compilation terminated.
configure:4920: $? = 1
configure:4924: checking whether the compiler supports GNU C
configure:4954: result: yes
configure:4965: checking whether gcc  accepts -g
configure:5030: result: yes
configure:5050: checking for gcc  option to enable C11 features
configure:5083: result: none needed
configure:5199: checking whether gcc  understands -c and -o together
configure:5237: result: yes
configure:5256: checking dependency style of gcc 
configure:5368: result: none
configure:5388: checking for stdio.h
configure:5388: gcc  -c -isystem/home/ubuntu/yocto/rpi-build/tmp/work/x86_64-linux/popt-native/1.18-r0/recipe-sysroot-native/usr/include -O2 -pipe -isystem/home/ubuntu/yocto/rpi-build/tmp/work/x86_64-linux/popt-native/1.18-r0/recipe-sysroot-native/usr/include conftest.c >&5
configure:5388: $? = 0
configure:5388: result: yes
configure:5388: checking for stdlib.h
configure:5388: gcc  -c -isystem/home/ubuntu/yocto/rpi-build/tmp/work/x86_64-linux/popt-native/1.18-r0/recipe-sysroot-native/usr/include -O2 -pipe -isystem/home/ubuntu/yocto/rpi-build/tmp/work/x86_64-linux/popt-native/1.18-r0/recipe-sysroot-native/usr/include conftest.c >&5
configure:5388: $? = 0
configure:5388: result: yes
configure:5388: checking for string.h
configure:5388: gcc  -c -isystem/home/ubuntu/yocto/rpi-build/tmp/work/x86_64-linux/popt-native/1.18-r0/recipe-sysroot-native/usr/include -O2 -pipe -isystem/home/ubuntu/yocto/rpi-build/tmp/work/x86_64-linux/popt-native/1.18-r0/recipe-sysroot-native/usr/include conftest.c >&5
configure:5388: $? = 0
configure:5388: result: yes
configure:5388: checking for inttypes.h
configure:5388: gcc  -c -isystem/home/ubuntu/yocto/rpi-build/tmp/work/x86_64-linux/popt-native/1.18-r0/recipe-sysroot-native/usr/include -O2 -pipe -isystem/home/ubuntu/yocto/rpi-build/tmp/work/x86_64-linux/popt-native/1.18-r0/recipe-sysroot-native/usr/include conftest.c >&5
configure:5388: $? = 0
configure:5388: result: yes
configure:5388: checking for stdint.h
configure:5388: gcc  -c -isystem/home/ubuntu/yocto/rpi-build/tmp/work/x86_64-linux/popt-native/1.18-r0/recipe-sysroot-native/usr/include -O2 -pipe -isystem/home/ubuntu/yocto/rpi-build/tmp/work/x86_64-linux/popt-native/1.18-r0/recipe-sysroot-native/usr/include conftest.c >&5
configure:5388: $? = 0
configure:5388: result: yes
configure:5388: checking for strings.h
configure:5388: gcc  -c -isystem/home/ubuntu/yocto/rpi-build/tmp/work/x86_64-linux/popt-native/1.18-r0/recipe-sysroot-native/usr/include -O2 -pipe -isystem/home/ubuntu/yocto/rpi-build/tmp/work/x86_64-linux/popt-native/1.18-r0/recipe-sysroot-native/usr/include conftest.c >&5
configure:5388: $? = 0
configure:5388: result: yes
configure:5388: checking for sys/stat.h
configure:5388: gcc  -c -isystem/home/ubuntu/yocto/rpi-build/tmp/work/x86_64-linux/popt-native/1.18-r0/recipe-sysroot-native/usr/include -O2 -pipe -isystem/home/ubuntu/yocto/rpi-build/tmp/work/x86_64-linux/popt-native/1.18-r0/recipe-sysroot-native/usr/include conftest.c >&5
configure:5388: $? = 0
configure:5388: result: yes
configure:5388: checking for sys/types.h
configure:5388: gcc  -c -isystem/home/ubuntu/yocto/rpi-build/tmp/work/x86_64-linux/popt-native/1.18-r0/recipe-sysroot-native/usr/include -O2 -pipe -isystem/home/ubuntu/yocto/rpi-build/tmp/work/x86_64-linux/popt-native/1.18-r0/recipe-sysroot-native/usr/include conftest.c >&5
configure:5388: $? = 0
configure:5388: result: yes
configure:5388: checking for unistd.h
configure:5388: gcc  -c -isystem/home/ubuntu/yocto/rpi-build/tmp/work/x86_64-linux/popt-native/1.18-r0/recipe-sysroot-native/usr/include -O2 -pipe -isystem/home/ubuntu/yocto/rpi-build/tmp/work/x86_64-linux/popt-native/1.18-r0/recipe-sysroot-native/usr/include conftest.c >&5
configure:5388: $? = 0
configure:5388: result: yes
configure:5388: checking for wchar.h
configure:5388: gcc  -c -isystem/home/ubuntu/yocto/rpi-build/tmp/work/x86_64-linux/popt-native/1.18-r0/recipe-sysroot-native/usr/include -O2 -pipe -isystem/home/ubuntu/yocto/rpi-build/tmp/work/x86_64-linux/popt-native/1.18-r0/recipe-sysroot-native/usr/include conftest.c >&5
configure:5388: $? = 0
configure:5388: result: yes
configure:5388: checking for minix/config.h
configure:5388: gcc  -c -isystem/home/ubuntu/yocto/rpi-build/tmp/work/x86_64-linux/popt-native/1.18-r0/recipe-sysroot-native/usr/include -O2 -pipe -isystem/home/ubuntu/yocto/rpi-build/tmp/work/x86_64-linux/popt-native/1.18-r0/recipe-sysroot-native/usr/include conftest.c >&5
conftest.c:49:10: fatal error: minix/config.h: No such file or directory
   49 | #include <minix/config.h>
      |          ^~~~~~~~~~~~~~~~
compilation terminated.
configure:5388: $? = 1
configure: failed program was:
| /* confdefs.h */
| #define PACKAGE_NAME "popt"
| #define PACKAGE_TARNAME "popt"
| #define PACKAGE_VERSION "1.18"
| #define PACKAGE_STRING "popt 1.18"
| #define PACKAGE_BUGREPORT "rpm-maint@lists.rpm.org"
| #define PACKAGE_URL ""
| #define PACKAGE "popt"
| #define VERSION "1.18"
| #define HAVE_STDIO_H 1
| #define HAVE_STDLIB_H 1
| #define HAVE_STRING_H 1
| #define HAVE_INTTYPES_H 1
| #define HAVE_STDINT_H 1
| #define HAVE_STRINGS_H 1
| #define HAVE_SYS_STAT_H 1
| #define HAVE_SYS_TYPES_H 1
| #define HAVE_UNISTD_H 1
| #define HAVE_WCHAR_H 1
| /* end confdefs.h.  */
| #include <stddef.h>
| #ifdef HAVE_STDIO_H
| # include <stdio.h>
| #endif
| #ifdef HAVE_STDLIB_H
| # include <stdlib.h>
| #endif
| #ifdef HAVE_STRING_H
| # include <string.h>
| #endif
| #ifdef HAVE_INTTYPES_H
| # include <inttypes.h>
| #endif
| #ifdef HAVE_STDINT_H
| # include <stdint.h>
| #endif
| #ifdef HAVE_STRINGS_H
| # include <strings.h>
| #endif
| #ifdef HAVE_SYS_TYPES_H
| # include <sys/types.h>
| #endif
| #ifdef HAVE_SYS_STAT_H
| # include <sys/stat.h>
| #endif
| #ifdef HAVE_UNISTD_H
| # include <unistd.h>
| #endif
| #include <minix/config.h>
configure:5388: result: no
configure:5419: checking whether it is safe to define __EXTENSIONS__
configure:5438: gcc  -c -isystem/home/ubuntu/yocto/rpi-build/tmp/work/x86_64-linux/popt-native/1.18-r0/recipe-sysroot-native/usr/include -O2 -pipe -isystem/home/ubuntu/yocto/rpi-build/tmp/work/x86_64-linux/popt-native/1.18-r0/recipe-sysroot-native/usr/include conftest.c >&5
configure:5438: $? = 0
configure:5446: result: yes
configure:5449: checking whether _XOPEN_SOURCE should be defined
configure:5471: gcc  -c -isystem/home/ubuntu/yocto/rpi-build/tmp/work/x86_64-linux/popt-native/1.18-r0/recipe-sysroot-native/usr/include -O2 -pipe -isystem/home/ubuntu/yocto/rpi-build/tmp/work/x86_64-linux/popt-native/1.18-r0/recipe-sysroot-native/usr/include conftest.c >&5
configure:5471: $? = 0
configure:5498: result: no
configure:5560: checking for x86_64-linux-ar
configure:5592: result: ar
configure:5667: checking the archiver (ar) interface
configure:5684: gcc  -c -isystem/home/ubuntu/yocto/rpi-build/tmp/work/x86_64-linux/popt-native/1.18-r0/recipe-sysroot-native/usr/include -O2 -pipe -isystem/home/ubuntu/yocto/rpi-build/tmp/work/x86_64-linux/popt-native/1.18-r0/recipe-sysroot-native/usr/include conftest.c >&5
configure:5684: $? = 0
configure:5687: ar cru libconftest.a conftest.o >&5
configure:5690: $? = 0
configure:5718: result: ar
configure:5772: checking build system type
configure:5787: result: x86_64-pc-linux-gnu
configure:5807: checking host system type
configure:5821: result: x86_64-pc-linux-gnu
configure:5862: checking how to print strings
configure:5889: result: printf
configure:5910: checking for a sed that does not truncate output
configure:5980: result: sed
configure:5998: checking for grep that handles long lines and -e
configure:6062: result: /home/ubuntu/yocto/rpi-build/tmp/hosttools/grep
configure:6067: checking for egrep
configure:6135: result: /home/ubuntu/yocto/rpi-build/tmp/hosttools/grep -E
configure:6140: checking for fgrep
configure:6208: result: /home/ubuntu/yocto/rpi-build/tmp/hosttools/grep -F
configure:6244: checking for ld used by gcc 
configure:6312: result: ld 
configure:6319: checking if the linker (ld ) is GNU ld
configure:6335: result: yes
configure:6347: checking for BSD- or MS-compatible name lister (nm)
configure:6402: result: nm
configure:6542: checking the name lister (nm) interface
configure:6550: gcc  -c -isystem/home/ubuntu/yocto/rpi-build/tmp/work/x86_64-linux/popt-native/1.18-r0/recipe-sysroot-native/usr/include -O2 -pipe -isystem/home/ubuntu/yocto/rpi-build/tmp/work/x86_64-linux/popt-native/1.18-r0/recipe-sysroot-native/usr/include conftest.c >&5
configure:6553: nm "conftest.o"
configure:6556: output
0000000000000000 B some_variable
configure:6563: result: BSD nm
configure:6566: checking whether ln -s works
configure:6570: result: yes
configure:6578: checking the maximum length of command line arguments
configure:6710: result: 1572864
configure:6758: checking how to convert x86_64-pc-linux-gnu file names to x86_64-pc-linux-gnu format
configure:6799: result: func_convert_file_noop
configure:6806: checking how to convert x86_64-pc-linux-gnu file names to toolchain format
configure:6827: result: func_convert_file_noop
configure:6834: checking for ld  option to reload object files
configure:6842: result: -r
configure:6876: checking for x86_64-linux-file
configure:6911: result: no
configure:6921: checking for file
configure:6942: found /home/ubuntu/yocto/rpi-build/tmp/hosttools/file
configure:6953: result: file
configure:6984: checking for x86_64-linux-objdump
configure:7016: result: objdump
configure:7093: checking how to recognize dependent libraries
configure:7294: result: pass_all
configure:7339: checking for x86_64-linux-dlltool
configure:7374: result: no
configure:7384: checking for dlltool
configure:7419: result: no
configure:7449: checking how to associate runtime and link libraries
configure:7477: result: printf %s\n
configure:7493: checking for x86_64-linux-ar
configure:7525: result: ar
configure:7627: checking for archiver @FILE support
configure:7645: gcc  -c -isystem/home/ubuntu/yocto/rpi-build/tmp/work/x86_64-linux/popt-native/1.18-r0/recipe-sysroot-native/usr/include -O2 -pipe -isystem/home/ubuntu/yocto/rpi-build/tmp/work/x86_64-linux/popt-native/1.18-r0/recipe-sysroot-native/usr/include conftest.c >&5
configure:7645: $? = 0
configure:7649: ar cr libconftest.a @conftest.lst >&5
configure:7652: $? = 0
configure:7657: ar cr libconftest.a @conftest.lst >&5
/home/ubuntu/yocto/poky/scripts/native-intercept/ar: conftest.o: No such file or directory
configure:7660: $? = 1
configure:7672: result: @
configure:7690: checking for x86_64-linux-strip
configure:7722: result: strip
configure:7799: checking for x86_64-linux-ranlib
configure:7831: result: ranlib -D
configure:7978: checking command to parse nm output from gcc  object
configure:8132: gcc  -c -isystem/home/ubuntu/yocto/rpi-build/tmp/work/x86_64-linux/popt-native/1.18-r0/recipe-sysroot-native/usr/include -O2 -pipe -isystem/home/ubuntu/yocto/rpi-build/tmp/work/x86_64-linux/popt-native/1.18-r0/recipe-sysroot-native/usr/include conftest.c >&5
configure:8135: $? = 0
configure:8139: nm conftest.o \| sed -n -e 's/^.*[ ]\([ABCDGIRSTW][ABCDGIRSTW]*\)[ ][ ]*\([_A-Za-z][_A-Za-z0-9]*\)$/\1 \2 \2/p' | sed '/ __gnu_lto/d' \> conftest.nm
configure:8142: $? = 0
configure:8208: gcc  -o conftest -isystem/home/ubuntu/yocto/rpi-build/tmp/work/x86_64-linux/popt-native/1.18-r0/recipe-sysroot-native/usr/include -O2 -pipe -isystem/home/ubuntu/yocto/rpi-build/tmp/work/x86_64-linux/popt-native/1.18-r0/recipe-sysroot-native/usr/include -L/home/ubuntu/yocto/rpi-build/tmp/work/x86_64-linux/popt-native/1.18-r0/recipe-sysroot-native/usr/lib                         -L/home/ubuntu/yocto/rpi-build/tmp/work/x86_64-linux/popt-native/1.18-r0/recipe-sysroot-native/lib                         -Wl,--enable-new-dtags                         -Wl,-rpath-link,/home/ubuntu/yocto/rpi-build/tmp/work/x86_64-linux/popt-native/1.18-r0/recipe-sysroot-native/usr/lib                         -Wl,-rpath-link,/home/ubuntu/yocto/rpi-build/tmp/work/x86_64-linux/popt-native/1.18-r0/recipe-sysroot-native/lib                         -Wl,-rpath,/home/ubuntu/yocto/rpi-build/tmp/work/x86_64-linux/popt-native/1.18-r0/recipe-sysroot-native/usr/lib                         -Wl,-rpath,/home/ubuntu/yocto/rpi-build/tmp/work/x86_64-linux/popt-native/1.18-r0/recipe-sysroot-native/lib                         -Wl,-O1 -Wl,--allow-shlib-undefined -Wl,--dynamic-linker=/home/ubuntu/yocto/rpi-build/tmp/sysroots-uninative/x86_64-linux/lib/ld-linux-x86-64.so.2 conftest.c conftstm.o >&5
configure:8211: $? = 0
configure:8249: result: ok
configure:8296: checking for sysroot
configure:8331: result: no
configure:8338: checking for a working dd
configure:8382: result: /home/ubuntu/yocto/rpi-build/tmp/hosttools/dd
configure:8386: checking how to truncate binary pipes
configure:8402: result: /home/ubuntu/yocto/rpi-build/tmp/hosttools/dd bs=4096 count=1
configure:8539: gcc  -c -isystem/home/ubuntu/yocto/rpi-build/tmp/work/x86_64-linux/popt-native/1.18-r0/recipe-sysroot-native/usr/include -O2 -pipe -isystem/home/ubuntu/yocto/rpi-build/tmp/work/x86_64-linux/popt-native/1.18-r0/recipe-sysroot-native/usr/include conftest.c >&5
configure:8542: $? = 0
configure:8694: checking for x86_64-linux-mt
configure:8729: result: no
configure:8739: checking for mt
configure:8774: result: no
configure:8794: checking if : is a manifest tool
configure:8801: : '-?'
configure:8809: result: no
configure:9530: checking for dlfcn.h
configure:9530: gcc  -c -isystem/home/ubuntu/yocto/rpi-build/tmp/work/x86_64-linux/popt-native/1.18-r0/recipe-sysroot-native/usr/include -O2 -pipe -isystem/home/ubuntu/yocto/rpi-build/tmp/work/x86_64-linux/popt-native/1.18-r0/recipe-sysroot-native/usr/include conftest.c >&5
configure:9530: $? = 0
configure:9530: result: yes
configure:9789: checking for objdir
configure:9805: result: .libs
configure:10065: checking if gcc  supports -fno-rtti -fno-exceptions
configure:10084: gcc  -c -isystem/home/ubuntu/yocto/rpi-build/tmp/work/x86_64-linux/popt-native/1.18-r0/recipe-sysroot-native/usr/include -O2 -pipe -isystem/home/ubuntu/yocto/rpi-build/tmp/work/x86_64-linux/popt-native/1.18-r0/recipe-sysroot-native/usr/include -fno-rtti -fno-exceptions conftest.c >&5
cc1: warning: command-line option '-fno-rtti' is valid for C++/D/ObjC++ but not for C
configure:10088: $? = 0
configure:10101: result: no
configure:10459: checking for gcc  option to produce PIC
configure:10467: result: -fPIC -DPIC
configure:10475: checking if gcc  PIC flag -fPIC -DPIC works
configure:10494: gcc  -c -isystem/home/ubuntu/yocto/rpi-build/tmp/work/x86_64-linux/popt-native/1.18-r0/recipe-sysroot-native/usr/include -O2 -pipe -isystem/home/ubuntu/yocto/rpi-build/tmp/work/x86_64-linux/popt-native/1.18-r0/recipe-sysroot-native/usr/include -fPIC -DPIC -DPIC conftest.c >&5
configure:10498: $? = 0
configure:10511: result: yes
configure:10540: checking if gcc  static flag -static works
configure:10569: result: yes
configure:10584: checking if gcc  supports -c -o file.o
configure:10606: gcc  -c -isystem/home/ubuntu/yocto/rpi-build/tmp/work/x86_64-linux/popt-native/1.18-r0/recipe-sysroot-native/usr/include -O2 -pipe -isystem/home/ubuntu/yocto/rpi-build/tmp/work/x86_64-linux/popt-native/1.18-r0/recipe-sysroot-native/usr/include -o out/conftest2.o conftest.c >&5
configure:10610: $? = 0
configure:10632: result: yes
configure:10640: checking if gcc  supports -c -o file.o
configure:10688: result: yes
configure:10721: checking whether the gcc  linker (ld  -m elf_x86_64) supports shared libraries
configure:11989: result: yes
configure:12026: checking whether -lc should be explicitly linked in
configure:12035: gcc  -c -isystem/home/ubuntu/yocto/rpi-build/tmp/work/x86_64-linux/popt-native/1.18-r0/recipe-sysroot-native/usr/include -O2 -pipe -isystem/home/ubuntu/yocto/rpi-build/tmp/work/x86_64-linux/popt-native/1.18-r0/recipe-sysroot-native/usr/include conftest.c >&5
configure:12038: $? = 0
configure:12053: gcc  -shared  -fPIC -DPIC conftest.o  -v -Wl,-soname -Wl,conftest -o conftest 2\>\&1 \| /home/ubuntu/yocto/rpi-build/tmp/hosttools/grep  -lc  \>/dev/null 2\>\&1
configure:12056: $? = 0
configure:12070: result: no
configure:12230: checking dynamic linker characteristics
configure:12812: gcc  -o conftest -isystem/home/ubuntu/yocto/rpi-build/tmp/work/x86_64-linux/popt-native/1.18-r0/recipe-sysroot-native/usr/include -O2 -pipe -isystem/home/ubuntu/yocto/rpi-build/tmp/work/x86_64-linux/popt-native/1.18-r0/recipe-sysroot-native/usr/include -L/home/ubuntu/yocto/rpi-build/tmp/work/x86_64-linux/popt-native/1.18-r0/recipe-sysroot-native/usr/lib                         -L/home/ubuntu/yocto/rpi-build/tmp/work/x86_64-linux/popt-native/1.18-r0/recipe-sysroot-native/lib                         -Wl,--enable-new-dtags                         -Wl,-rpath-link,/home/ubuntu/yocto/rpi-build/tmp/work/x86_64-linux/popt-native/1.18-r0/recipe-sysroot-native/usr/lib                         -Wl,-rpath-link,/home/ubuntu/yocto/rpi-build/tmp/work/x86_64-linux/popt-native/1.18-r0/recipe-sysroot-native/lib                         -Wl,-rpath,/home/ubuntu/yocto/rpi-build/tmp/work/x86_64-linux/popt-native/1.18-r0/recipe-sysroot-native/usr/lib                         -Wl,-rpath,/home/ubuntu/yocto/rpi-build/tmp/work/x86_64-linux/popt-native/1.18-r0/recipe-sysroot-native/lib                         -Wl,-O1 -Wl,--allow-shlib-undefined -Wl,--dynamic-linker=/home/ubuntu/yocto/rpi-build/tmp/sysroots-uninative/x86_64-linux/lib/ld-linux-x86-64.so.2 -Wl,-rpath -Wl,/foo conftest.c  >&5
configure:12812: $? = 0
configure:13051: result: GNU/Linux ld.so
configure:13173: checking how to hardcode library paths into programs
configure:13198: result: immediate
configure:13750: checking whether stripping libraries is possible
configure:13759: result: yes
configure:13801: checking if libtool supports shared libraries
configure:13803: result: yes
configure:13806: checking whether to build shared libraries
configure:13831: result: yes
configure:13834: checking whether to build static libraries
configure:13838: result: no
configure:13884: checking for special C compiler options needed for large files
configure:13932: result: no
configure:13938: checking for _FILE_OFFSET_BITS value needed for large files
configure:13964: gcc  -c -isystem/home/ubuntu/yocto/rpi-build/tmp/work/x86_64-linux/popt-native/1.18-r0/recipe-sysroot-native/usr/include -O2 -pipe -isystem/home/ubuntu/yocto/rpi-build/tmp/work/x86_64-linux/popt-native/1.18-r0/recipe-sysroot-native/usr/include conftest.c >&5
configure:13964: $? = 0
configure:13998: result: no
configure:14081: checking for fnmatch.h
configure:14081: gcc  -c -isystem/home/ubuntu/yocto/rpi-build/tmp/work/x86_64-linux/popt-native/1.18-r0/recipe-sysroot-native/usr/include -O2 -pipe -isystem/home/ubuntu/yocto/rpi-build/tmp/work/x86_64-linux/popt-native/1.18-r0/recipe-sysroot-native/usr/include conftest.c >&5
configure:14081: $? = 0
configure:14081: result: yes
configure:14087: checking for glob.h
configure:14087: gcc  -c -isystem/home/ubuntu/yocto/rpi-build/tmp/work/x86_64-linux/popt-native/1.18-r0/recipe-sysroot-native/usr/include -O2 -pipe -isystem/home/ubuntu/yocto/rpi-build/tmp/work/x86_64-linux/popt-native/1.18-r0/recipe-sysroot-native/usr/include conftest.c >&5
configure:14087: $? = 0
configure:14087: result: yes
configure:14093: checking for langinfo.h
configure:14093: gcc  -c -isystem/home/ubuntu/yocto/rpi-build/tmp/work/x86_64-linux/popt-native/1.18-r0/recipe-sysroot-native/usr/include -O2 -pipe -isystem/home/ubuntu/yocto/rpi-build/tmp/work/x86_64-linux/popt-native/1.18-r0/recipe-sysroot-native/usr/include conftest.c >&5
configure:14093: $? = 0
configure:14093: result: yes
configure:14099: checking for libintl.h
configure:14099: gcc  -c -isystem/home/ubuntu/yocto/rpi-build/tmp/work/x86_64-linux/popt-native/1.18-r0/recipe-sysroot-native/usr/include -O2 -pipe -isystem/home/ubuntu/yocto/rpi-build/tmp/work/x86_64-linux/popt-native/1.18-r0/recipe-sysroot-native/usr/include conftest.c >&5
configure:14099: $? = 0
configure:14099: result: yes
configure:14105: checking for mcheck.h
configure:14105: gcc  -c -isystem/home/ubuntu/yocto/rpi-build/tmp/work/x86_64-linux/popt-native/1.18-r0/recipe-sysroot-native/usr/include -O2 -pipe -isystem/home/ubuntu/yocto/rpi-build/tmp/work/x86_64-linux/popt-native/1.18-r0/recipe-sysroot-native/usr/include conftest.c >&5
configure:14105: $? = 0
configure:14105: result: yes
configure:14111: checking for stdalign.h
configure:14111: gcc  -c -isystem/home/ubuntu/yocto/rpi-build/tmp/work/x86_64-linux/popt-native/1.18-r0/recipe-sysroot-native/usr/include -O2 -pipe -isystem/home/ubuntu/yocto/rpi-build/tmp/work/x86_64-linux/popt-native/1.18-r0/recipe-sysroot-native/usr/include conftest.c >&5
configure:14111: $? = 0
configure:14111: result: yes
configure:14159: checking for library containing setreuid
configure:14189: gcc  -o conftest -isystem/home/ubuntu/yocto/rpi-build/tmp/work/x86_64-linux/popt-native/1.18-r0/recipe-sysroot-native/usr/include -O2 -pipe -isystem/home/ubuntu/yocto/rpi-build/tmp/work/x86_64-linux/popt-native/1.18-r0/recipe-sysroot-native/usr/include -L/home/ubuntu/yocto/rpi-build/tmp/work/x86_64-linux/popt-native/1.18-r0/recipe-sysroot-native/usr/lib                         -L/home/ubuntu/yocto/rpi-build/tmp/work/x86_64-linux/popt-native/1.18-r0/recipe-sysroot-native/lib                         -Wl,--enable-new-dtags                         -Wl,-rpath-link,/home/ubuntu/yocto/rpi-build/tmp/work/x86_64-linux/popt-native/1.18-r0/recipe-sysroot-native/usr/lib                         -Wl,-rpath-link,/home/ubuntu/yocto/rpi-build/tmp/work/x86_64-linux/popt-native/1.18-r0/recipe-sysroot-native/lib                         -Wl,-rpath,/home/ubuntu/yocto/rpi-build/tmp/work/x86_64-linux/popt-native/1.18-r0/recipe-sysroot-native/usr/lib                         -Wl,-rpath,/home/ubuntu/yocto/rpi-build/tmp/work/x86_64-linux/popt-native/1.18-r0/recipe-sysroot-native/lib                         -Wl,-O1 -Wl,--allow-shlib-undefined -Wl,--dynamic-linker=/home/ubuntu/yocto/rpi-build/tmp/sysroots-uninative/x86_64-linux/lib/ld-linux-x86-64.so.2 conftest.c  >&5
configure:14189: $? = 0
configure:14209: result: none required
configure:14218: checking for getuid
configure:14218: gcc  -o conftest -isystem/home/ubuntu/yocto/rpi-build/tmp/work/x86_64-linux/popt-native/1.18-r0/recipe-sysroot-native/usr/include -O2 -pipe -isystem/home/ubuntu/yocto/rpi-build/tmp/work/x86_64-linux/popt-native/1.18-r0/recipe-sysroot-native/usr/include -L/home/ubuntu/yocto/rpi-build/tmp/work/x86_64-linux/popt-native/1.18-r0/recipe-sysroot-native/usr/lib                         -L/home/ubuntu/yocto/rpi-build/tmp/work/x86_64-linux/popt-native/1.18-r0/recipe-sysroot-native/lib                         -Wl,--enable-new-dtags                         -Wl,-rpath-link,/home/ubuntu/yocto/rpi-build/tmp/work/x86_64-linux/popt-native/1.18-r0/recipe-sysroot-native/usr/lib                         -Wl,-rpath-link,/home/ubuntu/yocto/rpi-build/tmp/work/x86_64-linux/popt-native/1.18-r0/recipe-sysroot-native/lib                         -Wl,-rpath,/home/ubuntu/yocto/rpi-build/tmp/work/x86_64-linux/popt-native/1.18-r0/recipe-sysroot-native/usr/lib                         -Wl,-rpath,/home/ubuntu/yocto/rpi-build/tmp/work/x86_64-linux/popt-native/1.18-r0/recipe-sysroot-native/lib                         -Wl,-O1 -Wl,--allow-shlib-undefined -Wl,--dynamic-linker=/home/ubuntu/yocto/rpi-build/tmp/sysroots-uninative/x86_64-linux/lib/ld-linux-x86-64.so.2 conftest.c  >&5
configure:14218: $? = 0
configure:14218: result: yes
configure:14224: checking for geteuid
configure:14224: gcc  -o conftest -isystem/home/ubuntu/yocto/rpi-build/tmp/work/x86_64-linux/popt-native/1.18-r0/recipe-sysroot-native/usr/include -O2 -pipe -isystem/home/ubuntu/yocto/rpi-build/tmp/work/x86_64-linux/popt-native/1.18-r0/recipe-sysroot-native/usr/include -L/home/ubuntu/yocto/rpi-build/tmp/work/x86_64-linux/popt-native/1.18-r0/recipe-sysroot-native/usr/lib                         -L/home/ubuntu/yocto/rpi-build/tmp/work/x86_64-linux/popt-native/1.18-r0/recipe-sysroot-native/lib                         -Wl,--enable-new-dtags                         -Wl,-rpath-link,/home/ubuntu/yocto/rpi-build/tmp/work/x86_64-linux/popt-native/1.18-r0/recipe-sysroot-native/usr/lib                         -Wl,-rpath-link,/home/ubuntu/yocto/rpi-build/tmp/work/x86_64-linux/popt-native/1.18-r0/recipe-sysroot-native/lib                         -Wl,-rpath,/home/ubuntu/yocto/rpi-build/tmp/work/x86_64-linux/popt-native/1.18-r0/recipe-sysroot-native/usr/lib                         -Wl,-rpath,/home/ubuntu/yocto/rpi-build/tmp/work/x86_64-linux/popt-native/1.18-r0/recipe-sysroot-native/lib                         -Wl,-O1 -Wl,--allow-shlib-undefined -Wl,--dynamic-linker=/home/ubuntu/yocto/rpi-build/tmp/sysroots-uninative/x86_64-linux/lib/ld-linux-x86-64.so.2 conftest.c  >&5
configure:14224: $? = 0
configure:14224: result: yes
configure:14230: checking for iconv
configure:14230: gcc  -o conftest -isystem/home/ubuntu/yocto/rpi-build/tmp/work/x86_64-linux/popt-native/1.18-r0/recipe-sysroot-native/usr/include -O2 -pipe -isystem/home/ubuntu/yocto/rpi-build/tmp/work/x86_64-linux/popt-native/1.18-r0/recipe-sysroot-native/usr/include -L/home/ubuntu/yocto/rpi-build/tmp/work/x86_64-linux/popt-native/1.18-r0/recipe-sysroot-native/usr/lib                         -L/home/ubuntu/yocto/rpi-build/tmp/work/x86_64-linux/popt-native/1.18-r0/recipe-sysroot-native/lib                         -Wl,--enable-new-dtags                         -Wl,-rpath-link,/home/ubuntu/yocto/rpi-build/tmp/work/x86_64-linux/popt-native/1.18-r0/recipe-sysroot-native/usr/lib                         -Wl,-rpath-link,/home/ubuntu/yocto/rpi-build/tmp/work/x86_64-linux/popt-native/1.18-r0/recipe-sysroot-native/lib                         -Wl,-rpath,/home/ubuntu/yocto/rpi-build/tmp/work/x86_64-linux/popt-native/1.18-r0/recipe-sysroot-native/usr/lib                         -Wl,-rpath,/home/ubuntu/yocto/rpi-build/tmp/work/x86_64-linux/popt-native/1.18-r0/recipe-sysroot-native/lib                         -Wl,-O1 -Wl,--allow-shlib-undefined -Wl,--dynamic-linker=/home/ubuntu/yocto/rpi-build/tmp/sysroots-uninative/x86_64-linux/lib/ld-linux-x86-64.so.2 conftest.c  >&5
configure:14230: $? = 0
configure:14230: result: yes
configure:14236: checking for mtrace
configure:14236: gcc  -o conftest -isystem/home/ubuntu/yocto/rpi-build/tmp/work/x86_64-linux/popt-native/1.18-r0/recipe-sysroot-native/usr/include -O2 -pipe -isystem/home/ubuntu/yocto/rpi-build/tmp/work/x86_64-linux/popt-native/1.18-r0/recipe-sysroot-native/usr/include -L/home/ubuntu/yocto/rpi-build/tmp/work/x86_64-linux/popt-native/1.18-r0/recipe-sysroot-native/usr/lib                         -L/home/ubuntu/yocto/rpi-build/tmp/work/x86_64-linux/popt-native/1.18-r0/recipe-sysroot-native/lib                         -Wl,--enable-new-dtags                         -Wl,-rpath-link,/home/ubuntu/yocto/rpi-build/tmp/work/x86_64-linux/popt-native/1.18-r0/recipe-sysroot-native/usr/lib                         -Wl,-rpath-link,/home/ubuntu/yocto/rpi-build/tmp/work/x86_64-linux/popt-native/1.18-r0/recipe-sysroot-native/lib                         -Wl,-rpath,/home/ubuntu/yocto/rpi-build/tmp/work/x86_64-linux/popt-native/1.18-r0/recipe-sysroot-native/usr/lib                         -Wl,-rpath,/home/ubuntu/yocto/rpi-build/tmp/work/x86_64-linux/popt-native/1.18-r0/recipe-sysroot-native/lib                         -Wl,-O1 -Wl,--allow-shlib-undefined -Wl,--dynamic-linker=/home/ubuntu/yocto/rpi-build/tmp/sysroots-uninative/x86_64-linux/lib/ld-linux-x86-64.so.2 conftest.c  >&5
configure:14236: $? = 0
configure:14236: result: yes
configure:14242: checking for secure_getenv
configure:14242: gcc  -o conftest -isystem/home/ubuntu/yocto/rpi-build/tmp/work/x86_64-linux/popt-native/1.18-r0/recipe-sysroot-native/usr/include -O2 -pipe -isystem/home/ubuntu/yocto/rpi-build/tmp/work/x86_64-linux/popt-native/1.18-r0/recipe-sysroot-native/usr/include -L/home/ubuntu/yocto/rpi-build/tmp/work/x86_64-linux/popt-native/1.18-r0/recipe-sysroot-native/usr/lib                         -L/home/ubuntu/yocto/rpi-build/tmp/work/x86_64-linux/popt-native/1.18-r0/recipe-sysroot-native/lib                         -Wl,--enable-new-dtags                         -Wl,-rpath-link,/home/ubuntu/yocto/rpi-build/tmp/work/x86_64-linux/popt-native/1.18-r0/recipe-sysroot-native/usr/lib                         -Wl,-rpath-link,/home/ubuntu/yocto/rpi-build/tmp/work/x86_64-linux/popt-native/1.18-r0/recipe-sysroot-native/lib                         -Wl,-rpath,/home/ubuntu/yocto/rpi-build/tmp/work/x86_64-linux/popt-native/1.18-r0/recipe-sysroot-native/usr/lib                         -Wl,-rpath,/home/ubuntu/yocto/rpi-build/tmp/work/x86_64-linux/popt-native/1.18-r0/recipe-sysroot-native/lib                         -Wl,-O1 -Wl,--allow-shlib-undefined -Wl,--dynamic-linker=/home/ubuntu/yocto/rpi-build/tmp/sysroots-uninative/x86_64-linux/lib/ld-linux-x86-64.so.2 conftest.c  >&5
configure:14242: $? = 0
configure:14242: result: yes
configure:14248: checking for __secure_getenv
configure:14248: gcc  -o conftest -isystem/home/ubuntu/yocto/rpi-build/tmp/work/x86_64-linux/popt-native/1.18-r0/recipe-sysroot-native/usr/include -O2 -pipe -isystem/home/ubuntu/yocto/rpi-build/tmp/work/x86_64-linux/popt-native/1.18-r0/recipe-sysroot-native/usr/include -L/home/ubuntu/yocto/rpi-build/tmp/work/x86_64-linux/popt-native/1.18-r0/recipe-sysroot-native/usr/lib                         -L/home/ubuntu/yocto/rpi-build/tmp/work/x86_64-linux/popt-native/1.18-r0/recipe-sysroot-native/lib                         -Wl,--enable-new-dtags                         -Wl,-rpath-link,/home/ubuntu/yocto/rpi-build/tmp/work/x86_64-linux/popt-native/1.18-r0/recipe-sysroot-native/usr/lib                         -Wl,-rpath-link,/home/ubuntu/yocto/rpi-build/tmp/work/x86_64-linux/popt-native/1.18-r0/recipe-sysroot-native/lib                         -Wl,-rpath,/home/ubuntu/yocto/rpi-build/tmp/work/x86_64-linux/popt-native/1.18-r0/recipe-sysroot-native/usr/lib                         -Wl,-rpath,/home/ubuntu/yocto/rpi-build/tmp/work/x86_64-linux/popt-native/1.18-r0/recipe-sysroot-native/lib                         -Wl,-O1 -Wl,--allow-shlib-undefined -Wl,--dynamic-linker=/home/ubuntu/yocto/rpi-build/tmp/sysroots-uninative/x86_64-linux/lib/ld-linux-x86-64.so.2 conftest.c  >&5
/home/ubuntu/yocto/rpi-build/tmp/hosttools/ld: /tmp/cc0oMs17.o: in function `main':
conftest.c:(.text.startup+0x9): undefined reference to `__secure_getenv'
collect2: error: ld returned 1 exit status
configure:14248: $? = 1
configure: failed program was:
| /* confdefs.h */
| #define PACKAGE_NAME "popt"
| #define PACKAGE_TARNAME "popt"
| #define PACKAGE_VERSION "1.18"
| #define PACKAGE_STRING "popt 1.18"
| #define PACKAGE_BUGREPORT "rpm-maint@lists.rpm.org"
| #define PACKAGE_URL ""
| #define PACKAGE "popt"
| #define VERSION "1.18"
| #define HAVE_STDIO_H 1
| #define HAVE_STDLIB_H 1
| #define HAVE_STRING_H 1
| #define HAVE_INTTYPES_H 1
| #define HAVE_STDINT_H 1
| #define HAVE_STRINGS_H 1
| #define HAVE_SYS_STAT_H 1
| #define HAVE_SYS_TYPES_H 1
| #define HAVE_UNISTD_H 1
| #define HAVE_WCHAR_H 1
| #define STDC_HEADERS 1
| #define _ALL_SOURCE 1
| #define _DARWIN_C_SOURCE 1
| #define _GNU_SOURCE 1
| #define _HPUX_ALT_XOPEN_SOCKET_API 1
| #define _NETBSD_SOURCE 1
| #define _OPENBSD_SOURCE 1
| #define _POSIX_PTHREAD_SEMANTICS 1
| #define __STDC_WANT_IEC_60559_ATTRIBS_EXT__ 1
| #define __STDC_WANT_IEC_60559_BFP_EXT__ 1
| #define __STDC_WANT_IEC_60559_DFP_EXT__ 1
| #define __STDC_WANT_IEC_60559_FUNCS_EXT__ 1
| #define __STDC_WANT_IEC_60559_TYPES_EXT__ 1
| #define __STDC_WANT_LIB_EXT2__ 1
| #define __STDC_WANT_MATH_SPEC_FUNCS__ 1
| #define _TANDEM_SOURCE 1
| #define __EXTENSIONS__ 1
| #define HAVE_DLFCN_H 1
| #define LT_OBJDIR ".libs/"
| #define HAVE_FNMATCH_H 1
| #define HAVE_GLOB_H 1
| #define HAVE_LANGINFO_H 1
| #define HAVE_LIBINTL_H 1
| #define HAVE_MCHECK_H 1
| #define HAVE_STDALIGN_H 1
| #define HAVE_GETUID 1
| #define HAVE_GETEUID 1
| #define HAVE_ICONV 1
| #define HAVE_MTRACE 1
| #define HAVE_SECURE_GETENV 1
| /* end confdefs.h.  */
| /* Define __secure_getenv to an innocuous variant, in case <limits.h> declares __secure_getenv.
|    For example, HP-UX 11i <limits.h> declares gettimeofday.  */
| #define __secure_getenv innocuous___secure_getenv
| 
| /* System header to define __stub macros and hopefully few prototypes,
|    which can conflict with char __secure_getenv (void); below.  */
| 
| #include <limits.h>
| #undef __secure_getenv
| 
| /* Override any GCC internal prototype to avoid an error.
|    Use char because int might match the return type of a GCC
|    builtin and then its argument prototype would still apply.  */
| #ifdef __cplusplus
| extern "C"
| #endif
| char __secure_getenv (void);
| /* The GNU C library defines this for functions which it implements
|     to always fail with ENOSYS.  Some functions are actually named
|     something starting with __ and the normal name is an alias.  */
| #if defined __stub___secure_getenv || defined __stub_____secure_getenv
| choke me
| #endif
| 
| int
| main (void)
| {
| return __secure_getenv ();
|   ;
|   return 0;
| }
configure:14248: result: no
configure:14254: checking for setreuid
configure:14254: gcc  -o conftest -isystem/home/ubuntu/yocto/rpi-build/tmp/work/x86_64-linux/popt-native/1.18-r0/recipe-sysroot-native/usr/include -O2 -pipe -isystem/home/ubuntu/yocto/rpi-build/tmp/work/x86_64-linux/popt-native/1.18-r0/recipe-sysroot-native/usr/include -L/home/ubuntu/yocto/rpi-build/tmp/work/x86_64-linux/popt-native/1.18-r0/recipe-sysroot-native/usr/lib                         -L/home/ubuntu/yocto/rpi-build/tmp/work/x86_64-linux/popt-native/1.18-r0/recipe-sysroot-native/lib                         -Wl,--enable-new-dtags                         -Wl,-rpath-link,/home/ubuntu/yocto/rpi-build/tmp/work/x86_64-linux/popt-native/1.18-r0/recipe-sysroot-native/usr/lib                         -Wl,-rpath-link,/home/ubuntu/yocto/rpi-build/tmp/work/x86_64-linux/popt-native/1.18-r0/recipe-sysroot-native/lib                         -Wl,-rpath,/home/ubuntu/yocto/rpi-build/tmp/work/x86_64-linux/popt-native/1.18-r0/recipe-sysroot-native/usr/lib                         -Wl,-rpath,/home/ubuntu/yocto/rpi-build/tmp/work/x86_64-linux/popt-native/1.18-r0/recipe-sysroot-native/lib                         -Wl,-O1 -Wl,--allow-shlib-undefined -Wl,--dynamic-linker=/home/ubuntu/yocto/rpi-build/tmp/sysroots-uninative/x86_64-linux/lib/ld-linux-x86-64.so.2 conftest.c  >&5
configure:14254: $? = 0
configure:14254: result: yes
configure:14260: checking for setuid
configure:14260: gcc  -o conftest -isystem/home/ubuntu/yocto/rpi-build/tmp/work/x86_64-linux/popt-native/1.18-r0/recipe-sysroot-native/usr/include -O2 -pipe -isystem/home/ubuntu/yocto/rpi-build/tmp/work/x86_64-linux/popt-native/1.18-r0/recipe-sysroot-native/usr/include -L/home/ubuntu/yocto/rpi-build/tmp/work/x86_64-linux/popt-native/1.18-r0/recipe-sysroot-native/usr/lib                         -L/home/ubuntu/yocto/rpi-build/tmp/work/x86_64-linux/popt-native/1.18-r0/recipe-sysroot-native/lib                         -Wl,--enable-new-dtags                         -Wl,-rpath-link,/home/ubuntu/yocto/rpi-build/tmp/work/x86_64-linux/popt-native/1.18-r0/recipe-sysroot-native/usr/lib                         -Wl,-rpath-link,/home/ubuntu/yocto/rpi-build/tmp/work/x86_64-linux/popt-native/1.18-r0/recipe-sysroot-native/lib                         -Wl,-rpath,/home/ubuntu/yocto/rpi-build/tmp/work/x86_64-linux/popt-native/1.18-r0/recipe-sysroot-native/usr/lib                         -Wl,-rpath,/home/ubuntu/yocto/rpi-build/tmp/work/x86_64-linux/popt-native/1.18-r0/recipe-sysroot-native/lib                         -Wl,-O1 -Wl,--allow-shlib-undefined -Wl,--dynamic-linker=/home/ubuntu/yocto/rpi-build/tmp/sysroots-uninative/x86_64-linux/lib/ld-linux-x86-64.so.2 conftest.c  >&5
configure:14260: $? = 0
configure:14260: result: yes
configure:14266: checking for stpcpy
configure:14266: gcc  -o conftest -isystem/home/ubuntu/yocto/rpi-build/tmp/work/x86_64-linux/popt-native/1.18-r0/recipe-sysroot-native/usr/include -O2 -pipe -isystem/home/ubuntu/yocto/rpi-build/tmp/work/x86_64-linux/popt-native/1.18-r0/recipe-sysroot-native/usr/include -L/home/ubuntu/yocto/rpi-build/tmp/work/x86_64-linux/popt-native/1.18-r0/recipe-sysroot-native/usr/lib                         -L/home/ubuntu/yocto/rpi-build/tmp/work/x86_64-linux/popt-native/1.18-r0/recipe-sysroot-native/lib                         -Wl,--enable-new-dtags                         -Wl,-rpath-link,/home/ubuntu/yocto/rpi-build/tmp/work/x86_64-linux/popt-native/1.18-r0/recipe-sysroot-native/usr/lib                         -Wl,-rpath-link,/home/ubuntu/yocto/rpi-build/tmp/work/x86_64-linux/popt-native/1.18-r0/recipe-sysroot-native/lib                         -Wl,-rpath,/home/ubuntu/yocto/rpi-build/tmp/work/x86_64-linux/popt-native/1.18-r0/recipe-sysroot-native/usr/lib                         -Wl,-rpath,/home/ubuntu/yocto/rpi-build/tmp/work/x86_64-linux/popt-native/1.18-r0/recipe-sysroot-native/lib                         -Wl,-O1 -Wl,--allow-shlib-undefined -Wl,--dynamic-linker=/home/ubuntu/yocto/rpi-build/tmp/sysroots-uninative/x86_64-linux/lib/ld-linux-x86-64.so.2 conftest.c  >&5
conftest.c:69:6: warning: conflicting types for built-in function 'stpcpy'; expected 'char *(char *, const char *)' [-Wbuiltin-declaration-mismatch]
   69 | char stpcpy (void);
      |      ^~~~~~
configure:14266: $? = 0
configure:14266: result: yes
configure:14272: checking for strerror
configure:14272: result: yes
configure:14278: checking for vasprintf
configure:14278: gcc  -o conftest -isystem/home/ubuntu/yocto/rpi-build/tmp/work/x86_64-linux/popt-native/1.18-r0/recipe-sysroot-native/usr/include -O2 -pipe -isystem/home/ubuntu/yocto/rpi-build/tmp/work/x86_64-linux/popt-native/1.18-r0/recipe-sysroot-native/usr/include -L/home/ubuntu/yocto/rpi-build/tmp/work/x86_64-linux/popt-native/1.18-r0/recipe-sysroot-native/usr/lib                         -L/home/ubuntu/yocto/rpi-build/tmp/work/x86_64-linux/popt-native/1.18-r0/recipe-sysroot-native/lib                         -Wl,--enable-new-dtags                         -Wl,-rpath-link,/home/ubuntu/yocto/rpi-build/tmp/work/x86_64-linux/popt-native/1.18-r0/recipe-sysroot-native/usr/lib                         -Wl,-rpath-link,/home/ubuntu/yocto/rpi-build/tmp/work/x86_64-linux/popt-native/1.18-r0/recipe-sysroot-native/lib                         -Wl,-rpath,/home/ubuntu/yocto/rpi-build/tmp/work/x86_64-linux/popt-native/1.18-r0/recipe-sysroot-native/usr/lib                         -Wl,-rpath,/home/ubuntu/yocto/rpi-build/tmp/work/x86_64-linux/popt-native/1.18-r0/recipe-sysroot-native/lib                         -Wl,-O1 -Wl,--allow-shlib-undefined -Wl,--dynamic-linker=/home/ubuntu/yocto/rpi-build/tmp/sysroots-uninative/x86_64-linux/lib/ld-linux-x86-64.so.2 conftest.c  >&5
configure:14278: $? = 0
configure:14278: result: yes
configure:14284: checking for srandom
configure:14284: gcc  -o conftest -isystem/home/ubuntu/yocto/rpi-build/tmp/work/x86_64-linux/popt-native/1.18-r0/recipe-sysroot-native/usr/include -O2 -pipe -isystem/home/ubuntu/yocto/rpi-build/tmp/work/x86_64-linux/popt-native/1.18-r0/recipe-sysroot-native/usr/include -L/home/ubuntu/yocto/rpi-build/tmp/work/x86_64-linux/popt-native/1.18-r0/recipe-sysroot-native/usr/lib                         -L/home/ubuntu/yocto/rpi-build/tmp/work/x86_64-linux/popt-native/1.18-r0/recipe-sysroot-native/lib                         -Wl,--enable-new-dtags                         -Wl,-rpath-link,/home/ubuntu/yocto/rpi-build/tmp/work/x86_64-linux/popt-native/1.18-r0/recipe-sysroot-native/usr/lib                         -Wl,-rpath-link,/home/ubuntu/yocto/rpi-build/tmp/work/x86_64-linux/popt-native/1.18-r0/recipe-sysroot-native/lib                         -Wl,-rpath,/home/ubuntu/yocto/rpi-build/tmp/work/x86_64-linux/popt-native/1.18-r0/recipe-sysroot-native/usr/lib                         -Wl,-rpath,/home/ubuntu/yocto/rpi-build/tmp/work/x86_64-linux/popt-native/1.18-r0/recipe-sysroot-native/lib                         -Wl,-O1 -Wl,--allow-shlib-undefined -Wl,--dynamic-linker=/home/ubuntu/yocto/rpi-build/tmp/sysroots-uninative/x86_64-linux/lib/ld-linux-x86-64.so.2 conftest.c  >&5
configure:14284: $? = 0
configure:14284: result: yes
configure:14294: checking whether NLS is requested
configure:14304: result: no
configure:14344: checking for msgfmt
configure:14380: result: no
configure:14386: checking for gmsgfmt
configure:14422: result: :
configure:14467: checking for xgettext
configure:14503: result: no
configure:14545: checking for msgmerge
configure:14580: result: no
configure:14642: checking for ld
configure:14773: result: ld  -m elf_x86_64
configure:14780: checking if the linker (ld  -m elf_x86_64) is GNU ld
configure:14796: result: yes
configure:14804: checking for shared library run path origin
configure:14818: result: done
configure:14840: checking 32-bit host C ABI
configure:14907: gcc  -c -isystem/home/ubuntu/yocto/rpi-build/tmp/work/x86_64-linux/popt-native/1.18-r0/recipe-sysroot-native/usr/include -O2 -pipe -isystem/home/ubuntu/yocto/rpi-build/tmp/work/x86_64-linux/popt-native/1.18-r0/recipe-sysroot-native/usr/include conftest.c >&5
configure:14907: $? = 0
configure:15103: result: no
configure:15113: checking how to run the C preprocessor
configure:15181: result: gcc  -E
configure:15195: gcc  -E -isystem/home/ubuntu/yocto/rpi-build/tmp/work/x86_64-linux/popt-native/1.18-r0/recipe-sysroot-native/usr/include conftest.c
configure:15195: $? = 0
configure:15210: gcc  -E -isystem/home/ubuntu/yocto/rpi-build/tmp/work/x86_64-linux/popt-native/1.18-r0/recipe-sysroot-native/usr/include conftest.c
conftest.c:57:10: fatal error: ac_nonexistent.h: No such file or directory
   57 | #include <ac_nonexistent.h>
      |          ^~~~~~~~~~~~~~~~~~
compilation terminated.
configure:15210: $? = 1
configure: failed program was:
| /* confdefs.h */
| #define PACKAGE_NAME "popt"
| #define PACKAGE_TARNAME "popt"
| #define PACKAGE_VERSION "1.18"
| #define PACKAGE_STRING "popt 1.18"
| #define PACKAGE_BUGREPORT "rpm-maint@lists.rpm.org"
| #define PACKAGE_URL ""
| #define PACKAGE "popt"
| #define VERSION "1.18"
| #define HAVE_STDIO_H 1
| #define HAVE_STDLIB_H 1
| #define HAVE_STRING_H 1
| #define HAVE_INTTYPES_H 1
| #define HAVE_STDINT_H 1
| #define HAVE_STRINGS_H 1
| #define HAVE_SYS_STAT_H 1
| #define HAVE_SYS_TYPES_H 1
| #define HAVE_UNISTD_H 1
| #define HAVE_WCHAR_H 1
| #define STDC_HEADERS 1
| #define _ALL_SOURCE 1
| #define _DARWIN_C_SOURCE 1
| #define _GNU_SOURCE 1
| #define _HPUX_ALT_XOPEN_SOCKET_API 1
| #define _NETBSD_SOURCE 1
| #define _OPENBSD_SOURCE 1
| #define _POSIX_PTHREAD_SEMANTICS 1
| #define __STDC_WANT_IEC_60559_ATTRIBS_EXT__ 1
| #define __STDC_WANT_IEC_60559_BFP_EXT__ 1
| #define __STDC_WANT_IEC_60559_DFP_EXT__ 1
| #define __STDC_WANT_IEC_60559_FUNCS_EXT__ 1
| #define __STDC_WANT_IEC_60559_TYPES_EXT__ 1
| #define __STDC_WANT_LIB_EXT2__ 1
| #define __STDC_WANT_MATH_SPEC_FUNCS__ 1
| #define _TANDEM_SOURCE 1
| #define __EXTENSIONS__ 1
| #define HAVE_DLFCN_H 1
| #define LT_OBJDIR ".libs/"
| #define HAVE_FNMATCH_H 1
| #define HAVE_GLOB_H 1
| #define HAVE_LANGINFO_H 1
| #define HAVE_LIBINTL_H 1
| #define HAVE_MCHECK_H 1
| #define HAVE_STDALIGN_H 1
| #define HAVE_GETUID 1
| #define HAVE_GETEUID 1
| #define HAVE_ICONV 1
| #define HAVE_MTRACE 1
| #define HAVE_SECURE_GETENV 1
| #define HAVE_SETREUID 1
| #define HAVE_SETUID 1
| #define HAVE_STPCPY 1
| #define HAVE_STRERROR 1
| #define HAVE_VASPRINTF 1
| #define HAVE_SRANDOM 1
| /* end confdefs.h.  */
| #include <ac_nonexistent.h>
configure:15245: checking for ELF binary format
configure:15269: result: yes
configure:15318: checking for the common suffixes of directories in the library search path
configure:15387: result: lib,lib,lib64
configure:15905: checking for CFPreferencesCopyAppValue
configure:15924: gcc  -o conftest -isystem/home/ubuntu/yocto/rpi-build/tmp/work/x86_64-linux/popt-native/1.18-r0/recipe-sysroot-native/usr/include -O2 -pipe -isystem/home/ubuntu/yocto/rpi-build/tmp/work/x86_64-linux/popt-native/1.18-r0/recipe-sysroot-native/usr/include -L/home/ubuntu/yocto/rpi-build/tmp/work/x86_64-linux/popt-native/1.18-r0/recipe-sysroot-native/usr/lib                         -L/home/ubuntu/yocto/rpi-build/tmp/work/x86_64-linux/popt-native/1.18-r0/recipe-sysroot-native/lib                         -Wl,--enable-new-dtags                         -Wl,-rpath-link,/home/ubuntu/yocto/rpi-build/tmp/work/x86_64-linux/popt-native/1.18-r0/recipe-sysroot-native/usr/lib                         -Wl,-rpath-link,/home/ubuntu/yocto/rpi-build/tmp/work/x86_64-linux/popt-native/1.18-r0/recipe-sysroot-native/lib                         -Wl,-rpath,/home/ubuntu/yocto/rpi-build/tmp/work/x86_64-linux/popt-native/1.18-r0/recipe-sysroot-native/usr/lib                         -Wl,-rpath,/home/ubuntu/yocto/rpi-build/tmp/work/x86_64-linux/popt-native/1.18-r0/recipe-sysroot-native/lib                         -Wl,-O1 -Wl,--allow-shlib-undefined -Wl,--dynamic-linker=/home/ubuntu/yocto/rpi-build/tmp/sysroots-uninative/x86_64-linux/lib/ld-linux-x86-64.so.2 conftest.c  -Wl,-framework -Wl,CoreFoundation >&5
conftest.c:57:10: fatal error: CoreFoundation/CFPreferences.h: No such file or directory
   57 | #include <CoreFoundation/CFPreferences.h>
      |          ^~~~~~~~~~~~~~~~~~~~~~~~~~~~~~~~
compilation terminated.
configure:15924: $? = 1
configure: failed program was:
| /* confdefs.h */
| #define PACKAGE_NAME "popt"
| #define PACKAGE_TARNAME "popt"
| #define PACKAGE_VERSION "1.18"
| #define PACKAGE_STRING "popt 1.18"
| #define PACKAGE_BUGREPORT "rpm-maint@lists.rpm.org"
| #define PACKAGE_URL ""
| #define PACKAGE "popt"
| #define VERSION "1.18"
| #define HAVE_STDIO_H 1
| #define HAVE_STDLIB_H 1
| #define HAVE_STRING_H 1
| #define HAVE_INTTYPES_H 1
| #define HAVE_STDINT_H 1
| #define HAVE_STRINGS_H 1
| #define HAVE_SYS_STAT_H 1
| #define HAVE_SYS_TYPES_H 1
| #define HAVE_UNISTD_H 1
| #define HAVE_WCHAR_H 1
| #define STDC_HEADERS 1
| #define _ALL_SOURCE 1
| #define _DARWIN_C_SOURCE 1
| #define _GNU_SOURCE 1
| #define _HPUX_ALT_XOPEN_SOCKET_API 1
| #define _NETBSD_SOURCE 1
| #define _OPENBSD_SOURCE 1
| #define _POSIX_PTHREAD_SEMANTICS 1
| #define __STDC_WANT_IEC_60559_ATTRIBS_EXT__ 1
| #define __STDC_WANT_IEC_60559_BFP_EXT__ 1
| #define __STDC_WANT_IEC_60559_DFP_EXT__ 1
| #define __STDC_WANT_IEC_60559_FUNCS_EXT__ 1
| #define __STDC_WANT_IEC_60559_TYPES_EXT__ 1
| #define __STDC_WANT_LIB_EXT2__ 1
| #define __STDC_WANT_MATH_SPEC_FUNCS__ 1
| #define _TANDEM_SOURCE 1
| #define __EXTENSIONS__ 1
| #define HAVE_DLFCN_H 1
| #define LT_OBJDIR ".libs/"
| #define HAVE_FNMATCH_H 1
| #define HAVE_GLOB_H 1
| #define HAVE_LANGINFO_H 1
| #define HAVE_LIBINTL_H 1
| #define HAVE_MCHECK_H 1
| #define HAVE_STDALIGN_H 1
| #define HAVE_GETUID 1
| #define HAVE_GETEUID 1
| #define HAVE_ICONV 1
| #define HAVE_MTRACE 1
| #define HAVE_SECURE_GETENV 1
| #define HAVE_SETREUID 1
| #define HAVE_SETUID 1
| #define HAVE_STPCPY 1
| #define HAVE_STRERROR 1
| #define HAVE_VASPRINTF 1
| #define HAVE_SRANDOM 1
| /* end confdefs.h.  */
| #include <CoreFoundation/CFPreferences.h>
| int
| main (void)
| {
| CFPreferencesCopyAppValue(NULL, NULL)
|   ;
|   return 0;
| }
configure:15934: result: no
configure:15941: checking for CFLocaleCopyCurrent
configure:15960: gcc  -o conftest -isystem/home/ubuntu/yocto/rpi-build/tmp/work/x86_64-linux/popt-native/1.18-r0/recipe-sysroot-native/usr/include -O2 -pipe -isystem/home/ubuntu/yocto/rpi-build/tmp/work/x86_64-linux/popt-native/1.18-r0/recipe-sysroot-native/usr/include -L/home/ubuntu/yocto/rpi-build/tmp/work/x86_64-linux/popt-native/1.18-r0/recipe-sysroot-native/usr/lib                         -L/home/ubuntu/yocto/rpi-build/tmp/work/x86_64-linux/popt-native/1.18-r0/recipe-sysroot-native/lib                         -Wl,--enable-new-dtags                         -Wl,-rpath-link,/home/ubuntu/yocto/rpi-build/tmp/work/x86_64-linux/popt-native/1.18-r0/recipe-sysroot-native/usr/lib                         -Wl,-rpath-link,/home/ubuntu/yocto/rpi-build/tmp/work/x86_64-linux/popt-native/1.18-r0/recipe-sysroot-native/lib                         -Wl,-rpath,/home/ubuntu/yocto/rpi-build/tmp/work/x86_64-linux/popt-native/1.18-r0/recipe-sysroot-native/usr/lib                         -Wl,-rpath,/home/ubuntu/yocto/rpi-build/tmp/work/x86_64-linux/popt-native/1.18-r0/recipe-sysroot-native/lib                         -Wl,-O1 -Wl,--allow-shlib-undefined -Wl,--dynamic-linker=/home/ubuntu/yocto/rpi-build/tmp/sysroots-uninative/x86_64-linux/lib/ld-linux-x86-64.so.2 conftest.c  -Wl,-framework -Wl,CoreFoundation >&5
conftest.c:57:10: fatal error: CoreFoundation/CFLocale.h: No such file or directory
   57 | #include <CoreFoundation/CFLocale.h>
      |          ^~~~~~~~~~~~~~~~~~~~~~~~~~~
compilation terminated.
configure:15960: $? = 1
configure: failed program was:
| /* confdefs.h */
| #define PACKAGE_NAME "popt"
| #define PACKAGE_TARNAME "popt"
| #define PACKAGE_VERSION "1.18"
| #define PACKAGE_STRING "popt 1.18"
| #define PACKAGE_BUGREPORT "rpm-maint@lists.rpm.org"
| #define PACKAGE_URL ""
| #define PACKAGE "popt"
| #define VERSION "1.18"
| #define HAVE_STDIO_H 1
| #define HAVE_STDLIB_H 1
| #define HAVE_STRING_H 1
| #define HAVE_INTTYPES_H 1
| #define HAVE_STDINT_H 1
| #define HAVE_STRINGS_H 1
| #define HAVE_SYS_STAT_H 1
| #define HAVE_SYS_TYPES_H 1
| #define HAVE_UNISTD_H 1
| #define HAVE_WCHAR_H 1
| #define STDC_HEADERS 1
| #define _ALL_SOURCE 1
| #define _DARWIN_C_SOURCE 1
| #define _GNU_SOURCE 1
| #define _HPUX_ALT_XOPEN_SOCKET_API 1
| #define _NETBSD_SOURCE 1
| #define _OPENBSD_SOURCE 1
| #define _POSIX_PTHREAD_SEMANTICS 1
| #define __STDC_WANT_IEC_60559_ATTRIBS_EXT__ 1
| #define __STDC_WANT_IEC_60559_BFP_EXT__ 1
| #define __STDC_WANT_IEC_60559_DFP_EXT__ 1
| #define __STDC_WANT_IEC_60559_FUNCS_EXT__ 1
| #define __STDC_WANT_IEC_60559_TYPES_EXT__ 1
| #define __STDC_WANT_LIB_EXT2__ 1
| #define __STDC_WANT_MATH_SPEC_FUNCS__ 1
| #define _TANDEM_SOURCE 1
| #define __EXTENSIONS__ 1
| #define HAVE_DLFCN_H 1
| #define LT_OBJDIR ".libs/"
| #define HAVE_FNMATCH_H 1
| #define HAVE_GLOB_H 1
| #define HAVE_LANGINFO_H 1
| #define HAVE_LIBINTL_H 1
| #define HAVE_MCHECK_H 1
| #define HAVE_STDALIGN_H 1
| #define HAVE_GETUID 1
| #define HAVE_GETEUID 1
| #define HAVE_ICONV 1
| #define HAVE_MTRACE 1
| #define HAVE_SECURE_GETENV 1
| #define HAVE_SETREUID 1
| #define HAVE_SETUID 1
| #define HAVE_STPCPY 1
| #define HAVE_STRERROR 1
| #define HAVE_VASPRINTF 1
| #define HAVE_SRANDOM 1
| /* end confdefs.h.  */
| #include <CoreFoundation/CFLocale.h>
| int
| main (void)
| {
| CFLocaleCopyCurrent();
|   ;
|   return 0;
| }
configure:15970: result: no
configure:16950: checking whether to use NLS
configure:16952: result: no
configure:17052: checking for iconv
configure:17077: gcc  -o conftest -isystem/home/ubuntu/yocto/rpi-build/tmp/work/x86_64-linux/popt-native/1.18-r0/recipe-sysroot-native/usr/include -O2 -pipe -isystem/home/ubuntu/yocto/rpi-build/tmp/work/x86_64-linux/popt-native/1.18-r0/recipe-sysroot-native/usr/include -L/home/ubuntu/yocto/rpi-build/tmp/work/x86_64-linux/popt-native/1.18-r0/recipe-sysroot-native/usr/lib                         -L/home/ubuntu/yocto/rpi-build/tmp/work/x86_64-linux/popt-native/1.18-r0/recipe-sysroot-native/lib                         -Wl,--enable-new-dtags                         -Wl,-rpath-link,/home/ubuntu/yocto/rpi-build/tmp/work/x86_64-linux/popt-native/1.18-r0/recipe-sysroot-native/usr/lib                         -Wl,-rpath-link,/home/ubuntu/yocto/rpi-build/tmp/work/x86_64-linux/popt-native/1.18-r0/recipe-sysroot-native/lib                         -Wl,-rpath,/home/ubuntu/yocto/rpi-build/tmp/work/x86_64-linux/popt-native/1.18-r0/recipe-sysroot-native/usr/lib                         -Wl,-rpath,/home/ubuntu/yocto/rpi-build/tmp/work/x86_64-linux/popt-native/1.18-r0/recipe-sysroot-native/lib                         -Wl,-O1 -Wl,--allow-shlib-undefined -Wl,--dynamic-linker=/home/ubuntu/yocto/rpi-build/tmp/sysroots-uninative/x86_64-linux/lib/ld-linux-x86-64.so.2 conftest.c  >&5
configure:17077: $? = 0
configure:17113: result: yes
configure:17116: checking for working iconv
configure:17272: result: yes
configure:17436: creating ./config.status

## ---------------------- ##
## Running config.status. ##
## ---------------------- ##

This file was extended by popt config.status 1.18, which was
generated by GNU Autoconf 2.71.  Invocation command line was

  CONFIG_FILES    = 
  CONFIG_HEADERS  = 
  CONFIG_LINKS    = 
  CONFIG_COMMANDS = 
  $ ./config.status 

on DESKTOP-CSPIOE3

config.status:1157: creating po/Makefile.in
config.status:1157: creating Doxyfile
config.status:1157: creating Makefile
config.status:1157: creating src/Makefile
config.status:1157: creating popt.pc
config.status:1157: creating tests/test-poptrc
config.status:1157: creating tests/Makefile
config.status:1157: creating config.h
config.status:1371: executing depfiles commands
config.status:1371: executing libtool commands
config.status:1371: executing po-directories commands

## ---------------- ##
## Cache variables. ##
## ---------------- ##

ac_cv___va_copy=yes
ac_cv_af_unix_large_dgram=yes
ac_cv_alignof_char=1
ac_cv_alignof_dbind_pointer=8
ac_cv_alignof_dbind_struct=1
ac_cv_alignof_dbus_bool_t=4
ac_cv_alignof_dbus_int16_t=2
ac_cv_alignof_dbus_int32_t=4
ac_cv_alignof_dbus_int64_t=8
ac_cv_alignof_double=8
ac_cv_alignof_guint32=4
ac_cv_alignof_guint64=8
ac_cv_alignof_unsigned_long=8
ac_cv_buggy_getaddrinfo=no
ac_cv_build=x86_64-pc-linux-gnu
ac_cv_c_bigendian=no
ac_cv_c_compiler_gnu=yes
ac_cv_c_endian=little
ac_cv_c_littleendian=yes
ac_cv_check_sjlj=ssjlj
ac_cv_conv_longlong_to_float=yes
ac_cv_env_CC_set=set
ac_cv_env_CC_value='gcc '
ac_cv_env_CFLAGS_set=set
ac_cv_env_CFLAGS_value='-isystem/home/ubuntu/yocto/rpi-build/tmp/work/x86_64-linux/popt-native/1.18-r0/recipe-sysroot-native/usr/include -O2 -pipe'
ac_cv_env_CPPFLAGS_set=set
ac_cv_env_CPPFLAGS_value=-isystem/home/ubuntu/yocto/rpi-build/tmp/work/x86_64-linux/popt-native/1.18-r0/recipe-sysroot-native/usr/include
ac_cv_env_CPP_set=set
ac_cv_env_CPP_value='gcc  -E'
ac_cv_env_LDFLAGS_set=set
ac_cv_env_LDFLAGS_value='-L/home/ubuntu/yocto/rpi-build/tmp/work/x86_64-linux/popt-native/1.18-r0/recipe-sysroot-native/usr/lib                         -L/home/ubuntu/yocto/rpi-build/tmp/work/x86_64-linux/popt-native/1.18-r0/recipe-sysroot-native/lib                         -Wl,--enable-new-dtags                         -Wl,-rpath-link,/home/ubuntu/yocto/rpi-build/tmp/work/x86_64-linux/popt-native/1.18-r0/recipe-sysroot-native/usr/lib                         -Wl,-rpath-link,/home/ubuntu/yocto/rpi-build/tmp/work/x86_64-linux/popt-native/1.18-r0/recipe-sysroot-native/lib                         -Wl,-rpath,/home/ubuntu/yocto/rpi-build/tmp/work/x86_64-linux/popt-native/1.18-r0/recipe-sysroot-native/usr/lib                         -Wl,-rpath,/home/ubuntu/yocto/rpi-build/tmp/work/x86_64-linux/popt-native/1.18-r0/recipe-sysroot-native/lib                         -Wl,-O1 -Wl,--allow-shlib-undefined -Wl,--dynamic-linker=/home/ubuntu/yocto/rpi-build/tmp/sysroots-uninative/x86_64-linux/lib/ld-linux-x86-64.so.2'
ac_cv_env_LIBS_set=
ac_cv_env_LIBS_value=
ac_cv_env_LT_SYS_LIBRARY_PATH_set=
ac_cv_env_LT_SYS_LIBRARY_PATH_value=
ac_cv_env_build_alias_set=set
ac_cv_env_build_alias_value=x86_64-linux
ac_cv_env_host_alias_set=set
ac_cv_env_host_alias_value=x86_64-linux
ac_cv_env_target_alias_set=set
ac_cv_env_target_alias_value=x86_64-linux
ac_cv_epoll_works=yes
ac_cv_file__dev_random=yes
ac_cv_file__dev_zero=yes
ac_cv_func___ashldi3=no
ac_cv_func___ashrdi3=no
ac_cv_func___bswapdi2=no
ac_cv_func___bswapsi2=no
ac_cv_func___lshrdi3=no
ac_cv_func___secure_getenv=no
ac_cv_func___trampoline_setup=no
ac_cv_func___ucmpdi2=no
ac_cv_func___va_copy=yes
ac_cv_func__restgpr_14_x=no
ac_cv_func_calloc_0_nonnull=yes
ac_cv_func_chown_works=yes
ac_cv_func_getaddrinfo=yes
ac_cv_func_geteuid=yes
ac_cv_func_getgrgid_r=yes
ac_cv_func_getgroups_works=yes
ac_cv_func_getpagesize=yes
ac_cv_func_getpgrp_void=yes
ac_cv_func_getpwuid_r=yes
ac_cv_func_getuid=yes
ac_cv_func_iconv=yes
ac_cv_func_lstat_dereferences_slashed_symlink=yes
ac_cv_func_lstat_empty_string_bug=no
ac_cv_func_malloc_0_nonnull=yes
ac_cv_func_malloc_works=yes
ac_cv_func_memcmp_working=yes
ac_cv_func_memcpy=yes
ac_cv_func_mmap_fixed_mapped=yes
ac_cv_func_mtrace=yes
ac_cv_func_posix_getgrgid_r=yes
ac_cv_func_posix_getpwnam_r=yes
ac_cv_func_posix_getpwuid_r=yes
ac_cv_func_printf_unix98=yes
ac_cv_func_pthread_attr_getstack=yes
ac_cv_func_pthread_key_delete=yes
ac_cv_func_realloc_0_nonnull=yes
ac_cv_func_realloc_works=yes
ac_cv_func_secure_getenv=yes
ac_cv_func_setgrent_void=yes
ac_cv_func_setpgrp_void=yes
ac_cv_func_setresuid=yes
ac_cv_func_setreuid=yes
ac_cv_func_setuid=yes
ac_cv_func_setvbuf_reversed=no
ac_cv_func_snprintf_c99=yes
ac_cv_func_srandom=yes
ac_cv_func_stat_empty_string_bug=no
ac_cv_func_stat_ignores_trailing_slash=no
ac_cv_func_stpcpy=yes
ac_cv_func_strerror=yes
ac_cv_func_strtod=yes
ac_cv_func_utime_null=yes
ac_cv_func_va_copy=yes
ac_cv_func_vasprintf=yes
ac_cv_func_vsnprintf_c99=yes
ac_cv_have_abstract_sockets=yes
ac_cv_have_decl_sys_siglist=no
ac_cv_have_long_long_format=yes
ac_cv_header_dlfcn_h=yes
ac_cv_header_fnmatch_h=yes
ac_cv_header_glob_h=yes
ac_cv_header_inttypes_h=yes
ac_cv_header_langinfo_h=yes
ac_cv_header_libintl_h=yes
ac_cv_header_mcheck_h=yes
ac_cv_header_minix_config_h=no
ac_cv_header_stdalign_h=yes
ac_cv_header_stdint_h=yes
ac_cv_header_stdio_h=yes
ac_cv_header_stdlib_h=yes
ac_cv_header_string_h=yes
ac_cv_header_strings_h=yes
ac_cv_header_sys_stat_h=yes
ac_cv_header_sys_types_h=yes
ac_cv_header_unistd_h=yes
ac_cv_header_wchar_h=yes
ac_cv_host=x86_64-pc-linux-gnu
ac_cv_lib_m_sin=yes
ac_cv_libnet_endianess=lil
ac_cv_linux_vers=2
ac_cv_need_trio=no
ac_cv_o_nonblock_inherited=no
ac_cv_objext=o
ac_cv_path_EGREP='/home/ubuntu/yocto/rpi-build/tmp/hosttools/grep -E'
ac_cv_path_FGREP='/home/ubuntu/yocto/rpi-build/tmp/hosttools/grep -F'
ac_cv_path_GMSGFMT=:
ac_cv_path_GREP=/home/ubuntu/yocto/rpi-build/tmp/hosttools/grep
ac_cv_path_MSGFMT=:
ac_cv_path_MSGMERGE=:
ac_cv_path_SED=sed
ac_cv_path_XGETTEXT=:
ac_cv_path_install='/home/ubuntu/yocto/rpi-build/tmp/hosttools/install -c'
ac_cv_path_lt_DD=/home/ubuntu/yocto/rpi-build/tmp/hosttools/dd
ac_cv_path_mkdir=/home/ubuntu/yocto/rpi-build/tmp/hosttools/mkdir
ac_cv_prog_AR=ar
ac_cv_prog_AWK=gawk
ac_cv_prog_CC='gcc '
ac_cv_prog_CPP='gcc  -E'
ac_cv_prog_OBJDUMP=objdump
ac_cv_prog_RANLIB='ranlib -D'
ac_cv_prog_STRIP=strip
ac_cv_prog_ac_ct_FILECMD=file
ac_cv_prog_cc_c11=
ac_cv_prog_cc_g=yes
ac_cv_prog_cc_stdc=
ac_cv_prog_make_make_set=yes
ac_cv_safe_to_define___extensions__=yes
ac_cv_search_setreuid='none required'
ac_cv_should_define__xopen_source=no
ac_cv_sizeof___int64=0
ac_cv_sizeof_char=1
ac_cv_sizeof_dev_t=8
ac_cv_sizeof_gid_t=4
ac_cv_sizeof_int=4
ac_cv_sizeof_long=8
ac_cv_sizeof_long_double=16
ac_cv_sizeof_long_int=8
ac_cv_sizeof_long_long=8
ac_cv_sizeof_pid_t=4
ac_cv_sizeof_short=2
ac_cv_sizeof_short_int=2
ac_cv_sizeof_size_t=8
ac_cv_sizeof_uid_t=4
ac_cv_sizeof_unsigned_int=4
ac_cv_sizeof_unsigned_long=8
ac_cv_sizeof_unsigned_short=2
ac_cv_sizeof_void_p=8
ac_cv_strerror_r_SUSv3=no
ac_cv_sys_file_offset_bits=no
ac_cv_sys_largefile_CC=no
ac_cv_sys_restartable_syscalls=yes
ac_cv_type_uid_t='{ac_cv_type_uid_t=yes}'
ac_cv_va_copy=yes
ac_cv_va_val_copy=no
acl_cv_hardcode_direct=no
acl_cv_hardcode_libdir_flag_spec='${wl}-rpath ${wl}$libdir'
acl_cv_hardcode_libdir_separator=
acl_cv_hardcode_minus_L=no
acl_cv_libdirstems=lib,lib,lib64
acl_cv_libext=a
acl_cv_libname_spec='lib$name'
acl_cv_library_names_spec='$libname$shrext'
acl_cv_prog_gnu_ld=yes
acl_cv_rpath=done
acl_cv_shlibext=so
acl_cv_wl=-Wl,
am_cv_CC_dependencies_compiler_type=none
am_cv_ar_interface=ar
am_cv_func_iconv=yes
am_cv_func_iconv_works=yes
am_cv_func_working_getline=yes
am_cv_lib_iconv=no
am_cv_make_support_nested_variables=yes
am_cv_prog_cc_c_o=yes
am_cv_scanf_lld=yes
apr_cv_process_shared_works=no
apr_cv_tcp_nodelay_with_cork=yes
as_cv_unaligned_access=yes
bash_cv_dup2_broken=no
bash_cv_func_sigsetjmp=present
bash_cv_func_strcoll_broken=no
bash_cv_getcwd_calls_popen=no
bash_cv_getcwd_malloc=yes
bash_cv_getenv_redef=yes
bash_cv_have_mbstate_t=yes
bash_cv_job_control_missing=present
bash_cv_must_reinstall_sighandlers=no
bash_cv_opendir_not_robust=no
bash_cv_pgrp_pipe=no
bash_cv_printf_a_format=yes
bash_cv_sys_named_pipes=present
bash_cv_sys_siglist=no
bash_cv_type_rlimit=rlim_t
bash_cv_ulimit_maxfds=yes
bash_cv_under_sys_siglist=no
bash_cv_unusable_rtsigs=no
cvs_cv_func_printf_ptr=yes
db_cv_align_t='unsigned long long'
db_cv_alignp_t='unsigned long long'
db_cv_fcntl_f_setfd=yes
db_cv_path_ar=/usr/bin/ar
db_cv_path_chmod=/bin/chmod
db_cv_path_cp=/bin/cp
db_cv_path_ln=/bin/ln
db_cv_path_mkdir=/bin/mkdir
db_cv_path_ranlib=/usr/bin/ranlib
db_cv_path_rm=/bin/rm
db_cv_path_sh=/bin/sh
db_cv_path_strip=/usr/bin/strip
db_cv_sprintf_count=yes
fu_cv_sys_stat_statfs2_bsize=yes
gl_cv_elf=yes
gl_cv_func_btowc_eof=yes
gl_cv_func_fstatat_zero_flag=yes
gl_cv_func_getcwd_abort_bug=no
gl_cv_func_getcwd_null=yes
gl_cv_func_getcwd_path_max=yes
gl_cv_func_link_follows_symlink=no
gl_cv_func_mbrtowc_incomplete_state=yes
gl_cv_func_mbrtowc_nul_retval=yes
gl_cv_func_mbrtowc_null_arg=yes
gl_cv_func_mbrtowc_retval=yes
gl_cv_func_mbrtowc_sanitycheck=yes
gl_cv_func_nanosleep='no (mishandles large arguments)'
gl_cv_func_sleep_works=yes
gl_cv_func_unlink_busy_text=yes
gl_cv_func_wcrtomb_retval=yes
gl_cv_func_wctob_works=yes
gl_cv_func_working_mkstemp=yes
gl_cv_func_working_mktime=yes
gl_cv_func_working_utimes=yes
gl_cv_have_proc_uptime=yes
gl_cv_header_working_fcntl_h=yes
gl_cv_host_cpu_c_abi_32bit=no
gl_cv_pipes_are_fifos='yes (1)'
glib_cv___va_copy=yes
glib_cv_compliant_posix_memalign=1
glib_cv_has__inline=yes
glib_cv_has__inline__=yes
glib_cv_hasinline=yes
glib_cv_have_qsort_r=yes
glib_cv_long_long_format=ll
glib_cv_rtldglobal_broken=yes
glib_cv_sane_realloc=yes
glib_cv_sizeof_gmutex=40
glib_cv_sizeof_intmax_t=8
glib_cv_sizeof_ptrdiff_t=8
glib_cv_sizeof_size_t=8
glib_cv_sizeof_system_thread=8
glib_cv_stack_grows=no
glib_cv_strlcpy=no
glib_cv_sys_pthread_cond_timedwait_posix=yes
glib_cv_sys_pthread_getspecific_posix=yes
glib_cv_sys_pthread_mutex_trylock_posix=yes
glib_cv_uscore=no
glib_cv_va_copy=yes
glib_cv_va_val_copy=no
gt_cv_func_CFLocaleCopyCurrent=no
gt_cv_func_CFPreferencesCopyAppValue=no
gt_cv_locale_fr=fr_FR
hw_cv_func_snprintf_c99=yes
hw_cv_func_vsnprintf_c99=yes
lf_cv_sane_realloc=yes
lftp_cv_va_val_copy=no
lt_cv_ar_at_file=@
lt_cv_archive_cmds_need_lc=no
lt_cv_deplibs_check_method=pass_all
lt_cv_file_magic_cmd='$MAGIC_CMD'
lt_cv_file_magic_test_file=
lt_cv_ld_reload_flag=-r
lt_cv_nm_interface='BSD nm'
lt_cv_objdir=.libs
lt_cv_path_LD='ld '
lt_cv_path_NM=nm
lt_cv_path_mainfest_tool=no
lt_cv_prog_compiler_c_o=yes
lt_cv_prog_compiler_pic='-fPIC -DPIC'
lt_cv_prog_compiler_pic_works=yes
lt_cv_prog_compiler_rtti_exceptions=no
lt_cv_prog_compiler_static_works=yes
lt_cv_prog_gnu_ld=yes
lt_cv_sharedlib_from_linklib_cmd='printf %s\n'
lt_cv_shlibpath_overrides_runpath=yes
lt_cv_sys_global_symbol_pipe='sed -n -e '\''s/^.*[	 ]\([ABCDGIRSTW][ABCDGIRSTW]*\)[	 ][	 ]*\([_A-Za-z][_A-Za-z0-9]*\)$/\1 \2 \2/p'\'' | sed '\''/ __gnu_lto/d'\'''
lt_cv_sys_global_symbol_to_c_name_address='sed -n -e '\''s/^: \(.*\) .*$/  {"\1", (void *) 0},/p'\'' -e '\''s/^[ABCDGIRSTW][ABCDGIRSTW]* .* \(.*\)$/  {"\1", (void *) \&\1},/p'\'''
lt_cv_sys_global_symbol_to_c_name_address_lib_prefix='sed -n -e '\''s/^: \(.*\) .*$/  {"\1", (void *) 0},/p'\'' -e '\''s/^[ABCDGIRSTW][ABCDGIRSTW]* .* \(lib.*\)$/  {"\1", (void *) \&\1},/p'\'' -e '\''s/^[ABCDGIRSTW][ABCDGIRSTW]* .* \(.*\)$/  {"lib\1", (void *) \&\1},/p'\'''
lt_cv_sys_global_symbol_to_cdecl='sed -n -e '\''s/^T .* \(.*\)$/extern int \1();/p'\'' -e '\''s/^[ABCDGIRSTW][ABCDGIRSTW]* .* \(.*\)$/extern char \1;/p'\'''
lt_cv_sys_global_symbol_to_import=
lt_cv_sys_lib_dlsearch_path_spec='/home/ubuntu/yocto/rpi-build/tmp/work/x86_64-linux/popt-native/1.18-r0/recipe-sysroot-native/usr/lib /home/ubuntu/yocto/rpi-build/tmp/work/x86_64-linux/popt-native/1.18-r0/recipe-sysroot-native/usr/lib /lib /lib64 /usr/lib /usr/lib64'
lt_cv_sys_max_cmd_len=1572864
lt_cv_to_host_file_cmd=func_convert_file_noop
lt_cv_to_tool_file_cmd=func_convert_file_noop
lt_cv_truncate_bin='/home/ubuntu/yocto/rpi-build/tmp/hosttools/dd bs=4096 count=1'
mr_cv_target_elf=yes
nano_cv_func_regexec_segv_emptystr=no
nfsd_cv_broken_setfsuid=0
nfsd_cv_bsd_signals=yes
nfsd_cv_func_statfs=statfs2_bsize
rsync_cv_HAVE_C99_VSNPRINTF=yes
samba_cv_HAVE_IFACE_AIX=no
samba_cv_HAVE_IFACE_IFCONF=yes
samba_cv_HAVE_IFACE_IFREQ=yes
samba_cv_HAVE_IRIX_SPECIFIC_CAPABILITIES=no
samba_cv_HAVE_VA_COPY=yes
screen_cv_sys_bcopy_overlap=no
screen_cv_sys_fifo_broken_impl=yes
screen_cv_sys_fifo_usable=yes
screen_cv_sys_memcpy_overlap=no
screen_cv_sys_memmove_overlap=no
screen_cv_sys_select_broken_retval=no
screen_cv_sys_sockets_nofs=no
screen_cv_sys_sockets_usable=yes
screen_cv_sys_terminfo_used=yes
shadow_cv_logdir=/home/ubuntu/yocto/rpi-build/tmp/work/x86_64-linux/popt-native/1.18-r0/recipe-sysroot-native/var/log
shadow_cv_maildir=/home/ubuntu/yocto/rpi-build/tmp/work/x86_64-linux/popt-native/1.18-r0/recipe-sysroot-native/var/spool/mail
shadow_cv_mailfile=Mailbox
shadow_cv_passwd_dir=/home/ubuntu/yocto/rpi-build/tmp/work/x86_64-linux/popt-native/1.18-r0/recipe-sysroot-native/usr/bin
shadow_cv_utmpdir=/home/ubuntu/yocto/rpi-build/tmp/work/x86_64-linux/popt-native/1.18-r0/recipe-sysroot-native/var/run
slrn_cv_va_val_copy=no
sudo_cv_func_unsetenv_void=no
tcl_cv_api_serial=termios
utils_cv_sys_open_max=1015
xorg_cv_malloc0_returns_null=yes

## ----------------- ##
## Output variables. ##
## ----------------- ##

ACLOCAL='${SHELL} '\''/home/ubuntu/yocto/rpi-build/tmp/work/x86_64-linux/popt-native/1.18-r0/popt-1.18/build-aux/missing'\'' aclocal-1.16'
AMDEPBACKSLASH=''
AMDEP_FALSE=''
AMDEP_TRUE='#'
AMTAR='$${TAR-tar}'
AM_BACKSLASH='\'
AM_DEFAULT_V='$(AM_DEFAULT_VERBOSITY)'
AM_DEFAULT_VERBOSITY='1'
AM_V='$(V)'
AR='ar'
AUTOCONF='${SHELL} '\''/home/ubuntu/yocto/rpi-build/tmp/work/x86_64-linux/popt-native/1.18-r0/popt-1.18/build-aux/missing'\'' autoconf'
AUTOHEADER='${SHELL} '\''/home/ubuntu/yocto/rpi-build/tmp/work/x86_64-linux/popt-native/1.18-r0/popt-1.18/build-aux/missing'\'' autoheader'
AUTOMAKE='${SHELL} '\''/home/ubuntu/yocto/rpi-build/tmp/work/x86_64-linux/popt-native/1.18-r0/popt-1.18/build-aux/missing'\'' automake-1.16'
AWK='gawk'
CC='gcc '
CCDEPMODE='depmode=none'
CFLAGS='-isystem/home/ubuntu/yocto/rpi-build/tmp/work/x86_64-linux/popt-native/1.18-r0/recipe-sysroot-native/usr/include -O2 -pipe'
CPP='gcc  -E'
CPPFLAGS='-isystem/home/ubuntu/yocto/rpi-build/tmp/work/x86_64-linux/popt-native/1.18-r0/recipe-sysroot-native/usr/include'
CSCOPE='cscope'
CTAGS='ctags'
CYGPATH_W='echo'
DEFS='-DHAVE_CONFIG_H'
DEPDIR='.deps'
DLLTOOL='false'
DSYMUTIL=''
DUMPBIN=''
ECHO_C=''
ECHO_N='-n'
ECHO_T=''
EGREP='/home/ubuntu/yocto/rpi-build/tmp/hosttools/grep -E'
ETAGS='etags'
EXEEXT=''
FGREP='/home/ubuntu/yocto/rpi-build/tmp/hosttools/grep -F'
FILECMD='file'
GETTEXT_MACRO_VERSION='0.20'
GMSGFMT=':'
GMSGFMT_015=':'
GREP='/home/ubuntu/yocto/rpi-build/tmp/hosttools/grep'
HAVE_LD_VERSION_SCRIPT_FALSE='#'
HAVE_LD_VERSION_SCRIPT_TRUE=''
INSTALL_DATA='${INSTALL} -m 644'
INSTALL_PROGRAM='${INSTALL}'
INSTALL_SCRIPT='${INSTALL}'
INSTALL_STRIP_PROGRAM='$(install_sh) -c -s'
INTLLIBS=''
INTL_MACOSX_LIBS=''
LD='ld  -m elf_x86_64'
LDFLAGS='-L/home/ubuntu/yocto/rpi-build/tmp/work/x86_64-linux/popt-native/1.18-r0/recipe-sysroot-native/usr/lib                         -L/home/ubuntu/yocto/rpi-build/tmp/work/x86_64-linux/popt-native/1.18-r0/recipe-sysroot-native/lib                         -Wl,--enable-new-dtags                         -Wl,-rpath-link,/home/ubuntu/yocto/rpi-build/tmp/work/x86_64-linux/popt-native/1.18-r0/recipe-sysroot-native/usr/lib                         -Wl,-rpath-link,/home/ubuntu/yocto/rpi-build/tmp/work/x86_64-linux/popt-native/1.18-r0/recipe-sysroot-native/lib                         -Wl,-rpath,/home/ubuntu/yocto/rpi-build/tmp/work/x86_64-linux/popt-native/1.18-r0/recipe-sysroot-native/usr/lib                         -Wl,-rpath,/home/ubuntu/yocto/rpi-build/tmp/work/x86_64-linux/popt-native/1.18-r0/recipe-sysroot-native/lib                         -Wl,-O1 -Wl,--allow-shlib-undefined -Wl,--dynamic-linker=/home/ubuntu/yocto/rpi-build/tmp/sysroots-uninative/x86_64-linux/lib/ld-linux-x86-64.so.2'
LIBICONV=''
LIBINTL=''
LIBOBJS=''
LIBS=''
LIBTOOL='$(SHELL) $(top_builddir)/libtool'
LIPO=''
LN_S='ln -s'
LTLIBICONV=''
LTLIBINTL=''
LTLIBOBJS=''
LT_SYS_LIBRARY_PATH=''
MAKEINFO='${SHELL} '\''/home/ubuntu/yocto/rpi-build/tmp/work/x86_64-linux/popt-native/1.18-r0/popt-1.18/build-aux/missing'\'' makeinfo'
MANIFEST_TOOL=':'
MKDIR_P='/home/ubuntu/yocto/rpi-build/tmp/hosttools/mkdir -p'
MSGFMT=':'
MSGMERGE=':'
MSGMERGE_FOR_MSGFMT_OPTION='--no-location --quiet'
NM='nm'
NMEDIT=''
OBJDUMP='objdump'
OBJEXT='o'
OTOOL64=''
OTOOL=''
PACKAGE='popt'
PACKAGE_BUGREPORT='rpm-maint@lists.rpm.org'
PACKAGE_NAME='popt'
PACKAGE_STRING='popt 1.18'
PACKAGE_TARNAME='popt'
PACKAGE_URL=''
PACKAGE_VERSION='1.18'
PATH_SEPARATOR=':'
POSUB=''
RANLIB='ranlib -D'
SED='sed'
SET_MAKE=''
SHELL='/bin/bash'
STRIP='strip'
USE_NLS='no'
VERSION='1.18'
XGETTEXT=':'
XGETTEXT_015=':'
XGETTEXT_EXTRA_OPTIONS=''
ac_ct_AR=''
ac_ct_CC=''
ac_ct_DUMPBIN=''
am__EXEEXT_FALSE=''
am__EXEEXT_TRUE='#'
am__fastdepCC_FALSE=''
am__fastdepCC_TRUE='#'
am__include='include'
am__isrc=' -I$(srcdir)'
am__leading_dot='.'
am__nodep=''
am__quote=''
am__tar='$${TAR-tar} chof - "$$tardir"'
am__untar='$${TAR-tar} xf -'
bindir='/home/ubuntu/yocto/rpi-build/tmp/work/x86_64-linux/popt-native/1.18-r0/recipe-sysroot-native/usr/bin'
build='x86_64-pc-linux-gnu'
build_alias='x86_64-linux'
build_cpu='x86_64'
build_os='linux-gnu'
build_vendor='pc'
datadir='/home/ubuntu/yocto/rpi-build/tmp/work/x86_64-linux/popt-native/1.18-r0/recipe-sysroot-native/usr/share'
datarootdir='${prefix}/share'
docdir='${datarootdir}/doc/${PACKAGE_TARNAME}'
dvidir='${docdir}'
exec_prefix='/home/ubuntu/yocto/rpi-build/tmp/work/x86_64-linux/popt-native/1.18-r0/recipe-sysroot-native/usr'
host='x86_64-pc-linux-gnu'
host_alias='x86_64-linux'
host_cpu='x86_64'
host_os='linux-gnu'
host_vendor='pc'
htmldir='${docdir}'
includedir='/home/ubuntu/yocto/rpi-build/tmp/work/x86_64-linux/popt-native/1.18-r0/recipe-sysroot-native/usr/include'
infodir='/home/ubuntu/yocto/rpi-build/tmp/work/x86_64-linux/popt-native/1.18-r0/recipe-sysroot-native/usr/share/info'
install_sh='${SHELL} /home/ubuntu/yocto/rpi-build/tmp/work/x86_64-linux/popt-native/1.18-r0/popt-1.18/build-aux/install-sh'
libdir='/home/ubuntu/yocto/rpi-build/tmp/work/x86_64-linux/popt-native/1.18-r0/recipe-sysroot-native/usr/lib'
libexecdir='/home/ubuntu/yocto/rpi-build/tmp/work/x86_64-linux/popt-native/1.18-r0/recipe-sysroot-native/usr/libexec'
localedir='${datarootdir}/locale'
localstatedir='/home/ubuntu/yocto/rpi-build/tmp/work/x86_64-linux/popt-native/1.18-r0/recipe-sysroot-native/var'
mandir='/home/ubuntu/yocto/rpi-build/tmp/work/x86_64-linux/popt-native/1.18-r0/recipe-sysroot-native/usr/share/man'
mkdir_p='$(MKDIR_P)'
oldincludedir='/home/ubuntu/yocto/rpi-build/tmp/work/x86_64-linux/popt-native/1.18-r0/recipe-sysroot-native/usr/include'
pdfdir='${docdir}'
prefix='/home/ubuntu/yocto/rpi-build/tmp/work/x86_64-linux/popt-native/1.18-r0/recipe-sysroot-native/usr'
program_transform_name='s,x,x,'
psdir='${docdir}'
runstatedir='${localstatedir}/run'
sbindir='/home/ubuntu/yocto/rpi-build/tmp/work/x86_64-linux/popt-native/1.18-r0/recipe-sysroot-native/usr/sbin'
sharedstatedir='/home/ubuntu/yocto/rpi-build/tmp/work/x86_64-linux/popt-native/1.18-r0/recipe-sysroot-native/com'
subdirs=' '
sysconfdir='/home/ubuntu/yocto/rpi-build/tmp/work/x86_64-linux/popt-native/1.18-r0/recipe-sysroot-native/etc'
target_alias='x86_64-linux'

## ----------- ##
## confdefs.h. ##
## ----------- ##

/* confdefs.h */
#define PACKAGE_NAME "popt"
#define PACKAGE_TARNAME "popt"
#define PACKAGE_VERSION "1.18"
#define PACKAGE_STRING "popt 1.18"
#define PACKAGE_BUGREPORT "rpm-maint@lists.rpm.org"
#define PACKAGE_URL ""
#define PACKAGE "popt"
#define VERSION "1.18"
#define HAVE_STDIO_H 1
#define HAVE_STDLIB_H 1
#define HAVE_STRING_H 1
#define HAVE_INTTYPES_H 1
#define HAVE_STDINT_H 1
#define HAVE_STRINGS_H 1
#define HAVE_SYS_STAT_H 1
#define HAVE_SYS_TYPES_H 1
#define HAVE_UNISTD_H 1
#define HAVE_WCHAR_H 1
#define STDC_HEADERS 1
#define _ALL_SOURCE 1
#define _DARWIN_C_SOURCE 1
#define _GNU_SOURCE 1
#define _HPUX_ALT_XOPEN_SOCKET_API 1
#define _NETBSD_SOURCE 1
#define _OPENBSD_SOURCE 1
#define _POSIX_PTHREAD_SEMANTICS 1
#define __STDC_WANT_IEC_60559_ATTRIBS_EXT__ 1
#define __STDC_WANT_IEC_60559_BFP_EXT__ 1
#define __STDC_WANT_IEC_60559_DFP_EXT__ 1
#define __STDC_WANT_IEC_60559_FUNCS_EXT__ 1
#define __STDC_WANT_IEC_60559_TYPES_EXT__ 1
#define __STDC_WANT_LIB_EXT2__ 1
#define __STDC_WANT_MATH_SPEC_FUNCS__ 1
#define _TANDEM_SOURCE 1
#define __EXTENSIONS__ 1
#define HAVE_DLFCN_H 1
#define LT_OBJDIR ".libs/"
#define HAVE_FNMATCH_H 1
#define HAVE_GLOB_H 1
#define HAVE_LANGINFO_H 1
#define HAVE_LIBINTL_H 1
#define HAVE_MCHECK_H 1
#define HAVE_STDALIGN_H 1
#define HAVE_GETUID 1
#define HAVE_GETEUID 1
#define HAVE_ICONV 1
#define HAVE_MTRACE 1
#define HAVE_SECURE_GETENV 1
#define HAVE_SETREUID 1
#define HAVE_SETUID 1
#define HAVE_STPCPY 1
#define HAVE_STRERROR 1
#define HAVE_VASPRINTF 1
#define HAVE_SRANDOM 1
#define HAVE_ICONV 1

configure: exit 0
