NOTE: Resolving any missing task queue dependencies

Build Configuration:
BB_VERSION           = "2.0.0"
BUILD_SYS            = "x86_64-linux"
NATIVELSBSTRING      = "ubuntu-22.04"
TARGET_SYS           = "arm-poky-linux-gnueabi"
MACHINE              = "raspberrypi4"
DISTRO               = "poky"
DISTRO_VERSION       = "4.0.29"
TUNE_FEATURES        = "arm vfp cortexa7 neon vfpv4 thumb callconvention-hard"
TARGET_FPU           = "hard"
meta                 
meta-poky            
meta-yocto-bsp       = "kirkstone:39df9602b1c0339519be81d1cba9a4a25379309a"
meta-raspberrypi     = "kirkstone:255500dd9f6a01a3445ac491d1abc401801e3bad"
meta-oe              
meta-webserver       
meta-networking      
meta-python          = "kirkstone:06fc0278f10d630838d703dde707bbf0e2999873"

Sstate summary: Wanted 1700 Local 0 Mirrors 0 Missed 1700 Current 0 (0% match, 0% complete)
NOTE: Executing Tasks
NOTE: Setscene tasks completed
NOTE: Running task 1 of 4196 (/home/ubuntu/yocto/poky/meta/recipes-devtools/quilt/quilt-native_0.67.bb:do_fetch)
NOTE: Running task 2 of 4196 (virtual:native:/home/ubuntu/yocto/poky/meta/recipes-devtools/gnu-config/gnu-config_git.bb:do_fetch)
NOTE: Running task 3 of 4196 (/home/ubuntu/yocto/poky/meta/recipes-extended/texinfo-dummy-native/texinfo-dummy-native.bb:do_fetch)
NOTE: Running task 4 of 4196 (/home/ubuntu/yocto/poky/meta/recipes-core/gettext/gettext-minimal-native_0.21.bb:do_fetch)
NOTE: Running task 5 of 4196 (/home/ubuntu/yocto/poky/meta/recipes-devtools/m4/m4-native_1.4.19.bb:do_fetch)
NOTE: Running task 6 of 4196 (virtual:native:/home/ubuntu/yocto/poky/meta/recipes-devtools/autoconf/autoconf_2.71.bb:do_fetch)
NOTE: Running task 7 of 4196 (virtual:native:/home/ubuntu/yocto/poky/meta/recipes-devtools/automake/automake_1.16.5.bb:do_fetch)
NOTE: Running task 8 of 4196 (/home/ubuntu/yocto/poky/meta/recipes-devtools/libtool/libtool-native_2.4.7.bb:do_fetch)
NOTE: recipe texinfo-dummy-native-1.0-r0: task do_fetch: Started
NOTE: recipe quilt-native-0.67-r0: task do_fetch: Started
NOTE: recipe gettext-minimal-native-0.21-r0: task do_fetch: Started
NOTE: recipe texinfo-dummy-native-1.0-r0: task do_fetch: Succeeded
NOTE: recipe gettext-minimal-native-0.21-r0: task do_fetch: Succeeded
NOTE: recipe m4-native-1.4.19-r0: task do_fetch: Started
NOTE: Running task 9 of 4196 (/home/ubuntu/yocto/poky/meta/recipes-extended/texinfo-dummy-native/texinfo-dummy-native.bb:do_unpack)
NOTE: Running task 10 of 4196 (/home/ubuntu/yocto/poky/meta/recipes-core/gettext/gettext-minimal-native_0.21.bb:do_unpack)
NOTE: recipe quilt-native-0.67-r0: task do_fetch: Succeeded
NOTE: Running task 11 of 4196 (/home/ubuntu/yocto/poky/meta/recipes-devtools/quilt/quilt-native_0.67.bb:do_unpack)
NOTE: recipe m4-native-1.4.19-r0: task do_fetch: Succeeded
NOTE: recipe libtool-native-2.4.7-r0: task do_fetch: Started
NOTE: recipe gnu-config-native-20211108+gitAUTOINC+191bcb948f-r0: task do_fetch: Started
NOTE: Running task 12 of 4196 (/home/ubuntu/yocto/poky/meta/recipes-devtools/quilt/quilt-native_0.67.bb:do_prepare_recipe_sysroot)
NOTE: recipe autoconf-native-2.71-r0: task do_fetch: Started
NOTE: recipe libtool-native-2.4.7-r0: task do_fetch: Succeeded
NOTE: recipe texinfo-dummy-native-1.0-r0: task do_unpack: Started
NOTE: recipe gettext-minimal-native-0.21-r0: task do_unpack: Started
NOTE: recipe autoconf-native-2.71-r0: task do_fetch: Succeeded
NOTE: Running task 13 of 4196 (/home/ubuntu/yocto/poky/meta/recipes-devtools/m4/m4-native_1.4.19.bb:do_unpack)
NOTE: recipe automake-native-1.16.5-r0: task do_fetch: Started
NOTE: Running task 14 of 4196 (/home/ubuntu/yocto/poky/meta/recipes-extended/texinfo-dummy-native/texinfo-dummy-native.bb:do_prepare_recipe_sysroot)
NOTE: recipe automake-native-1.16.5-r0: task do_fetch: Succeeded
NOTE: recipe quilt-native-0.67-r0: task do_unpack: Started
NOTE: Running task 15 of 4196 (/home/ubuntu/yocto/poky/meta/recipes-core/gettext/gettext-minimal-native_0.21.bb:do_prepare_recipe_sysroot)
NOTE: recipe texinfo-dummy-native-1.0-r0: task do_unpack: Succeeded
NOTE: recipe quilt-native-0.67-r0: task do_prepare_recipe_sysroot: Started
NOTE: Running task 16 of 4196 (virtual:native:/home/ubuntu/yocto/poky/meta/recipes-devtools/autoconf/autoconf_2.71.bb:do_unpack)
NOTE: recipe quilt-native-0.67-r0: task do_prepare_recipe_sysroot: Succeeded
NOTE: Running task 17 of 4196 (virtual:native:/home/ubuntu/yocto/poky/meta/recipes-devtools/automake/automake_1.16.5.bb:do_unpack)
NOTE: recipe texinfo-dummy-native-1.0-r0: task do_prepare_recipe_sysroot: Started
NOTE: recipe gettext-minimal-native-0.21-r0: task do_unpack: Succeeded
NOTE: recipe m4-native-1.4.19-r0: task do_unpack: Started
NOTE: Running task 18 of 4196 (/home/ubuntu/yocto/poky/meta/recipes-devtools/libtool/libtool-native_2.4.7.bb:do_unpack)
NOTE: recipe gnu-config-native-20211108+gitAUTOINC+191bcb948f-r0: task do_fetch: Succeeded
NOTE: recipe texinfo-dummy-native-1.0-r0: task do_prepare_recipe_sysroot: Succeeded
NOTE: Running task 19 of 4196 (virtual:native:/home/ubuntu/yocto/poky/meta/recipes-devtools/gnu-config/gnu-config_git.bb:do_unpack)
NOTE: Running task 20 of 4196 (virtual:native:/home/ubuntu/yocto/poky/meta/recipes-devtools/gnu-config/gnu-config_git.bb:do_prepare_recipe_sysroot)
NOTE: recipe gettext-minimal-native-0.21-r0: task do_prepare_recipe_sysroot: Started
NOTE: recipe gettext-minimal-native-0.21-r0: task do_prepare_recipe_sysroot: Succeeded
NOTE: Running task 21 of 4196 (virtual:native:/home/ubuntu/yocto/poky/meta/recipes-extended/xz/xz_5.2.6.bb:do_fetch)
NOTE: recipe quilt-native-0.67-r0: task do_unpack: Succeeded
NOTE: Running task 22 of 4196 (/home/ubuntu/yocto/poky/meta/recipes-devtools/quilt/quilt-native_0.67.bb:do_patch)
NOTE: recipe libtool-native-2.4.7-r0: task do_unpack: Started
NOTE: recipe autoconf-native-2.71-r0: task do_unpack: Started
NOTE: recipe automake-native-1.16.5-r0: task do_unpack: Started
NOTE: recipe gnu-config-native-20211108+gitAUTOINC+191bcb948f-r0: task do_unpack: Started
NOTE: recipe gnu-config-native-20211108+gitAUTOINC+191bcb948f-r0: task do_prepare_recipe_sysroot: Started
NOTE: recipe quilt-native-0.67-r0: task do_patch: Started
NOTE: recipe gnu-config-native-20211108+gitAUTOINC+191bcb948f-r0: task do_prepare_recipe_sysroot: Succeeded
NOTE: Running task 23 of 4196 (virtual:native:/home/ubuntu/yocto/poky/meta/recipes-support/attr/attr_2.5.1.bb:do_fetch)
NOTE: recipe xz-native-5.2.6-r0: task do_fetch: Started
NOTE: recipe xz-native-5.2.6-r0: task do_fetch: Succeeded
NOTE: recipe m4-native-1.4.19-r0: task do_unpack: Succeeded
NOTE: Running task 24 of 4196 (virtual:native:/home/ubuntu/yocto/poky/meta/recipes-extended/xz/xz_5.2.6.bb:do_unpack)
NOTE: Running task 25 of 4196 (virtual:native:/home/ubuntu/yocto/poky/meta/recipes-devtools/pkgconfig/pkgconfig_git.bb:do_fetch)
NOTE: recipe quilt-native-0.67-r0: task do_patch: Succeeded
NOTE: Running task 26 of 4196 (/home/ubuntu/yocto/poky/meta/recipes-devtools/quilt/quilt-native_0.67.bb:do_deploy_source_date_epoch)
NOTE: recipe autoconf-native-2.71-r0: task do_unpack: Succeeded
NOTE: Running task 27 of 4196 (virtual:native:/home/ubuntu/yocto/poky/meta/recipes-devtools/flex/flex_2.6.4.bb:do_fetch)
NOTE: recipe libtool-native-2.4.7-r0: task do_unpack: Succeeded
NOTE: Running task 28 of 4196 (virtual:native:/home/ubuntu/yocto/poky/meta/recipes-devtools/patch/patch_2.7.6.bb:do_fetch)
NOTE: recipe attr-native-2.5.1-r0: task do_fetch: Started
NOTE: recipe automake-native-1.16.5-r0: task do_unpack: Succeeded
NOTE: Running task 29 of 4196 (virtual:native:/home/ubuntu/yocto/poky/meta/recipes-support/gmp/gmp_6.2.1.bb:do_fetch)
NOTE: recipe quilt-native-0.67-r0: task do_deploy_source_date_epoch: Started
NOTE: recipe attr-native-2.5.1-r0: task do_fetch: Succeeded
NOTE: Running task 30 of 4196 (virtual:native:/home/ubuntu/yocto/poky/meta/recipes-support/attr/attr_2.5.1.bb:do_unpack)
NOTE: recipe xz-native-5.2.6-r0: task do_unpack: Started
NOTE: recipe pkgconfig-native-0.29.2+gitAUTOINC+d97db4fae4-r0: task do_fetch: Started
NOTE: recipe flex-native-2.6.4-r0: task do_fetch: Started
NOTE: recipe patch-native-2.7.6-r0: task do_fetch: Started
NOTE: recipe flex-native-2.6.4-r0: task do_fetch: Succeeded
NOTE: Running task 31 of 4196 (virtual:native:/home/ubuntu/yocto/poky/meta/recipes-devtools/flex/flex_2.6.4.bb:do_unpack)
NOTE: recipe gmp-native-6.2.1-r0: task do_fetch: Started
NOTE: recipe xz-native-5.2.6-r0: task do_unpack: Succeeded
NOTE: recipe patch-native-2.7.6-r0: task do_fetch: Succeeded
NOTE: recipe pkgconfig-native-0.29.2+gitAUTOINC+d97db4fae4-r0: task do_fetch: Succeeded
NOTE: Running task 32 of 4196 (virtual:native:/home/ubuntu/yocto/poky/meta/recipes-devtools/bison/bison_3.8.2.bb:do_fetch)
NOTE: recipe gnu-config-native-20211108+gitAUTOINC+191bcb948f-r0: task do_unpack: Succeeded
NOTE: Running task 33 of 4196 (virtual:native:/home/ubuntu/yocto/poky/meta/recipes-core/zlib/zlib_1.2.11.bb:do_fetch)
NOTE: Running task 34 of 4196 (virtual:native:/home/ubuntu/yocto/poky/meta/recipes-devtools/pkgconfig/pkgconfig_git.bb:do_unpack)
NOTE: recipe quilt-native-0.67-r0: task do_deploy_source_date_epoch: Succeeded
NOTE: Running task 35 of 4196 (virtual:native:/home/ubuntu/yocto/poky/meta/recipes-devtools/patch/patch_2.7.6.bb:do_unpack)
NOTE: recipe gmp-native-6.2.1-r0: task do_fetch: Succeeded
NOTE: Running task 36 of 4196 (virtual:native:/home/ubuntu/yocto/poky/meta/recipes-support/sqlite/sqlite3_3.38.5.bb:do_fetch)
NOTE: Running task 37 of 4196 (/home/ubuntu/yocto/poky/meta/recipes-devtools/quilt/quilt-native_0.67.bb:do_configure)
NOTE: recipe attr-native-2.5.1-r0: task do_unpack: Started
NOTE: recipe attr-native-2.5.1-r0: task do_unpack: Succeeded
NOTE: Running task 38 of 4196 (virtual:native:/home/ubuntu/yocto/poky/meta/recipes-devtools/pseudo/pseudo_git.bb:do_fetch)
NOTE: recipe quilt-native-0.67-r0: task do_configure: Started
NOTE: recipe flex-native-2.6.4-r0: task do_unpack: Started
NOTE: recipe zlib-native-1.2.11-r0: task do_fetch: Started
NOTE: recipe bison-native-3.8.2-r0: task do_fetch: Started
NOTE: recipe pkgconfig-native-0.29.2+gitAUTOINC+d97db4fae4-r0: task do_unpack: Started
NOTE: recipe zlib-native-1.2.11-r0: task do_fetch: Succeeded
NOTE: recipe sqlite3-native-3_3.38.5-r0: task do_fetch: Started
NOTE: recipe bison-native-3.8.2-r0: task do_fetch: Succeeded
NOTE: recipe patch-native-2.7.6-r0: task do_unpack: Started
NOTE: Running task 39 of 4196 (virtual:native:/home/ubuntu/yocto/poky/meta/recipes-support/gmp/gmp_6.2.1.bb:do_unpack)
NOTE: Running task 40 of 4196 (/home/ubuntu/yocto/poky/meta/recipes-devtools/binutils/binutils-cross_2.38.bb:do_fetch)
NOTE: recipe sqlite3-native-3_3.38.5-r0: task do_fetch: Succeeded
NOTE: Running task 41 of 4196 (virtual:native:/home/ubuntu/yocto/poky/meta/recipes-devtools/autoconf-archive/autoconf-archive_2022.02.11.bb:do_fetch)
NOTE: recipe pseudo-native-1.9.0+gitAUTOINC+28dcefb809-r0: task do_fetch: Started
NOTE: recipe binutils-cross-arm-2.38-r0: task do_fetch: Started
NOTE: recipe flex-native-2.6.4-r0: task do_unpack: Succeeded
NOTE: Running task 42 of 4196 (virtual:native:/home/ubuntu/yocto/poky/meta/recipes-support/mpfr/mpfr_4.1.1.bb:do_fetch)
NOTE: recipe gmp-native-6.2.1-r0: task do_unpack: Started
NOTE: recipe autoconf-archive-native-2022.02.11-r0: task do_fetch: Started
NOTE: recipe patch-native-2.7.6-r0: task do_unpack: Succeeded
NOTE: Running task 43 of 4196 (virtual:native:/home/ubuntu/yocto/poky/meta/recipes-support/sqlite/sqlite3_3.38.5.bb:do_unpack)
NOTE: recipe autoconf-archive-native-2022.02.11-r0: task do_fetch: Succeeded
NOTE: Running task 44 of 4196 (virtual:native:/home/ubuntu/yocto/poky/meta/recipes-core/zlib/zlib_1.2.11.bb:do_prepare_recipe_sysroot)
NOTE: recipe binutils-cross-arm-2.38-r0: task do_fetch: Succeeded
NOTE: recipe pseudo-native-1.9.0+gitAUTOINC+28dcefb809-r0: task do_fetch: Succeeded
NOTE: Running task 45 of 4196 (/home/ubuntu/yocto/poky/meta/recipes-devtools/binutils/binutils-cross_2.38.bb:do_unpack)
NOTE: Running task 46 of 4196 (virtual:native:/home/ubuntu/yocto/poky/meta/recipes-support/popt/popt_1.18.bb:do_fetch)
NOTE: recipe mpfr-native-4.1.1-r0: task do_fetch: Started
NOTE: recipe mpfr-native-4.1.1-r0: task do_fetch: Succeeded
NOTE: Running task 47 of 4196 (/home/ubuntu/yocto/poky/meta/recipes-kernel/linux-libc-headers/linux-libc-headers_5.16.bb:do_fetch)
NOTE: recipe binutils-cross-arm-2.38-r0: task do_unpack: Started
NOTE: recipe zlib-native-1.2.11-r0: task do_prepare_recipe_sysroot: Started
NOTE: recipe sqlite3-native-3_3.38.5-r0: task do_unpack: Started
NOTE: recipe zlib-native-1.2.11-r0: task do_prepare_recipe_sysroot: Succeeded
NOTE: Running task 48 of 4196 (virtual:native:/home/ubuntu/yocto/poky/meta/recipes-support/attr/acl_2.3.1.bb:do_fetch)
NOTE: recipe popt-native-1.18-r0: task do_fetch: Started
NOTE: recipe pkgconfig-native-0.29.2+gitAUTOINC+d97db4fae4-r0: task do_unpack: Succeeded
NOTE: Running task 49 of 4196 (virtual:native:/home/ubuntu/yocto/poky/meta/recipes-devtools/unifdef/unifdef_2.12.bb:do_fetch)
NOTE: recipe linux-libc-headers-5.16-r0: task do_fetch: Started
NOTE: recipe popt-native-1.18-r0: task do_fetch: Succeeded
NOTE: Running task 50 of 4196 (virtual:native:/home/ubuntu/yocto/poky/meta/recipes-devtools/rsync/rsync_3.2.7.bb:do_fetch)
NOTE: recipe linux-libc-headers-5.16-r0: task do_fetch: Succeeded
NOTE: Running task 51 of 4196 (virtual:native:/home/ubuntu/yocto/poky/meta/recipes-extended/zstd/zstd_1.5.2.bb:do_fetch)
NOTE: recipe unifdef-native-2.12-r0: task do_fetch: Started
NOTE: recipe sqlite3-native-3_3.38.5-r0: task do_unpack: Succeeded
NOTE: recipe acl-native-2.3.1-r0: task do_fetch: Started
NOTE: Running task 52 of 4196 (virtual:native:/home/ubuntu/yocto/poky/meta/recipes-support/libmpc/libmpc_1.2.1.bb:do_fetch)
NOTE: recipe unifdef-native-2.12-r0: task do_fetch: Succeeded
NOTE: Running task 53 of 4196 (/home/ubuntu/yocto/poky/meta/recipes-devtools/gcc/gcc-source_11.5.bb:do_fetch)
NOTE: recipe acl-native-2.3.1-r0: task do_fetch: Succeeded
NOTE: recipe rsync-native-3.2.7-r0: task do_fetch: Started
NOTE: Running task 54 of 4196 (virtual:native:/home/ubuntu/yocto/poky/meta/recipes-support/popt/popt_1.18.bb:do_unpack)
NOTE: recipe zstd-native-1.5.2-r0: task do_fetch: Started
NOTE: recipe rsync-native-3.2.7-r0: task do_fetch: Succeeded
NOTE: Running task 55 of 4196 (virtual:native:/home/ubuntu/yocto/poky/meta/recipes-support/attr/acl_2.3.1.bb:do_unpack)
NOTE: recipe gcc-source-11.5.0-11.5.0-r0: task do_fetch: Started
NOTE: recipe libmpc-native-1.2.1-r0: task do_fetch: Started
NOTE: recipe libmpc-native-1.2.1-r0: task do_fetch: Succeeded
NOTE: recipe gcc-source-11.5.0-11.5.0-r0: task do_fetch: Succeeded
NOTE: Running task 56 of 4196 (virtual:native:/home/ubuntu/yocto/poky/meta/recipes-devtools/rsync/rsync_3.2.7.bb:do_unpack)
NOTE: recipe popt-native-1.18-r0: task do_unpack: Started
NOTE: Running task 57 of 4196 (virtual:native:/home/ubuntu/yocto/poky/meta/recipes-support/libmpc/libmpc_1.2.1.bb:do_unpack)
NOTE: recipe acl-native-2.3.1-r0: task do_unpack: Started
NOTE: recipe quilt-native-0.67-r0: task do_configure: Succeeded
NOTE: recipe zstd-native-1.5.2-r0: task do_fetch: Succeeded
NOTE: Running task 58 of 4196 (/home/ubuntu/yocto/poky/meta/recipes-devtools/quilt/quilt-native_0.67.bb:do_compile)
NOTE: Running task 59 of 4196 (virtual:native:/home/ubuntu/yocto/poky/meta/recipes-extended/zstd/zstd_1.5.2.bb:do_unpack)
NOTE: recipe popt-native-1.18-r0: task do_unpack: Succeeded
NOTE: Running task 60 of 4196 (virtual:native:/home/ubuntu/yocto/poky/meta/recipes-devtools/unifdef/unifdef_2.12.bb:do_prepare_recipe_sysroot)
NOTE: recipe acl-native-2.3.1-r0: task do_unpack: Succeeded
NOTE: Running task 61 of 4196 (virtual:native:/home/ubuntu/yocto/poky/meta/recipes-extended/zstd/zstd_1.5.2.bb:do_prepare_recipe_sysroot)
NOTE: recipe rsync-native-3.2.7-r0: task do_unpack: Started
NOTE: recipe libmpc-native-1.2.1-r0: task do_unpack: Started
NOTE: recipe quilt-native-0.67-r0: task do_compile: Started
NOTE: recipe zstd-native-1.5.2-r0: task do_unpack: Started
NOTE: recipe unifdef-native-2.12-r0: task do_prepare_recipe_sysroot: Started
NOTE: recipe libmpc-native-1.2.1-r0: task do_unpack: Succeeded
NOTE: recipe unifdef-native-2.12-r0: task do_prepare_recipe_sysroot: Succeeded
NOTE: Running noexec task 62 of 4196 (/home/ubuntu/yocto/poky/meta/recipes-devtools/gcc/gcc-cross_11.5.bb:do_fetch)
NOTE: Running task 63 of 4196 (virtual:native:/home/ubuntu/yocto/poky/meta/recipes-extended/gperf/gperf_3.1.bb:do_fetch)
NOTE: Running task 64 of 4196 (/home/ubuntu/yocto/poky/meta/recipes-core/glibc/glibc_2.35.bb:do_fetch)
NOTE: recipe zstd-native-1.5.2-r0: task do_prepare_recipe_sysroot: Started
NOTE: recipe zstd-native-1.5.2-r0: task do_prepare_recipe_sysroot: Succeeded
NOTE: Running noexec task 65 of 4196 (/home/ubuntu/yocto/poky/meta/recipes-devtools/gcc/libgcc-initial_11.5.bb:do_fetch)
NOTE: Running noexec task 66 of 4196 (/home/ubuntu/yocto/poky/meta/recipes-devtools/gcc/libgcc_11.5.bb:do_fetch)
NOTE: Running task 67 of 4196 (virtual:native:/home/ubuntu/yocto/poky/meta/recipes-support/gdbm/gdbm_1.23.bb:do_fetch)
NOTE: recipe gmp-native-6.2.1-r0: task do_unpack: Succeeded
NOTE: Running task 68 of 4196 (virtual:native:/home/ubuntu/yocto/poky/meta/recipes-core/ncurses/ncurses_6.3+20220423.bb:do_fetch)
NOTE: recipe gperf-native-3.1-r0: task do_fetch: Started
NOTE: recipe rsync-native-3.2.7-r0: task do_unpack: Succeeded
NOTE: Running task 69 of 4196 (virtual:native:/home/ubuntu/yocto/poky/meta/recipes-extended/libtirpc/libtirpc_1.3.2.bb:do_fetch)
NOTE: recipe glibc-2.35-r0: task do_fetch: Started
NOTE: recipe gperf-native-3.1-r0: task do_fetch: Succeeded
NOTE: Running task 70 of 4196 (virtual:native:/home/ubuntu/yocto/poky/meta/recipes-extended/gperf/gperf_3.1.bb:do_unpack)
NOTE: recipe glibc-2.35-r0: task do_fetch: Succeeded
NOTE: recipe gdbm-native-1.23-r0: task do_fetch: Started
NOTE: Running task 71 of 4196 (/home/ubuntu/yocto/poky/meta/recipes-core/glibc/glibc_2.35.bb:do_unpack)
NOTE: recipe ncurses-native-6.3+20220423-r0: task do_fetch: Started
NOTE: recipe gdbm-native-1.23-r0: task do_fetch: Succeeded
NOTE: Running task 72 of 4196 (virtual:native:/home/ubuntu/yocto/poky/meta/recipes-support/gdbm/gdbm_1.23.bb:do_unpack)
NOTE: recipe libtirpc-native-1.3.2-r0: task do_fetch: Started
NOTE: recipe gperf-native-3.1-r0: task do_unpack: Started
NOTE: recipe libtirpc-native-1.3.2-r0: task do_fetch: Succeeded
NOTE: Running task 73 of 4196 (virtual:native:/home/ubuntu/yocto/poky/meta/recipes-devtools/perl-cross/perlcross_1.5.2.bb:do_fetch)
NOTE: recipe quilt-native-0.67-r0: task do_compile: Succeeded
NOTE: Running task 74 of 4196 (/home/ubuntu/yocto/poky/meta/recipes-devtools/quilt/quilt-native_0.67.bb:do_install)
NOTE: recipe gperf-native-3.1-r0: task do_unpack: Succeeded
NOTE: recipe glibc-2.35-r0: task do_unpack: Started
NOTE: Running task 75 of 4196 (virtual:native:/home/ubuntu/yocto/poky/meta/recipes-devtools/make/make_4.3.bb:do_fetch)
NOTE: recipe gdbm-native-1.23-r0: task do_unpack: Started
NOTE: recipe ncurses-native-6.3+20220423-r0: task do_fetch: Succeeded
NOTE: Running task 76 of 4196 (virtual:native:/home/ubuntu/yocto/poky/meta/recipes-devtools/perl/perl_5.34.3.bb:do_fetch)
NOTE: recipe perlcross-native-1.5.2-r0: task do_fetch: Started
NOTE: recipe quilt-native-0.67-r0: task do_install: Started
NOTE: recipe perlcross-native-1.5.2-r0: task do_fetch: Succeeded
NOTE: Running task 77 of 4196 (virtual:native:/home/ubuntu/yocto/poky/meta/recipes-core/ncurses/ncurses_6.3+20220423.bb:do_unpack)
NOTE: recipe zstd-native-1.5.2-r0: task do_unpack: Succeeded
NOTE: Running task 78 of 4196 (virtual:native:/home/ubuntu/yocto/poky/meta/recipes-extended/libtirpc/libtirpc_1.3.2.bb:do_unpack)
NOTE: recipe gdbm-native-1.23-r0: task do_unpack: Succeeded
NOTE: Running noexec task 79 of 4196 (/home/ubuntu/yocto/poky/meta/recipes-devtools/gcc/gcc-runtime_11.5.bb:do_fetch)
NOTE: Running task 80 of 4196 (virtual:native:/home/ubuntu/yocto/poky/meta/recipes-devtools/perl-cross/perlcross_1.5.2.bb:do_unpack)
NOTE: recipe make-native-4.3-r0: task do_fetch: Started
NOTE: recipe make-native-4.3-r0: task do_fetch: Succeeded
NOTE: Running task 81 of 4196 (virtual:native:/home/ubuntu/yocto/poky/meta/recipes-devtools/make/make_4.3.bb:do_unpack)
NOTE: recipe perl-native-5.34.3-r0: task do_fetch: Started
NOTE: recipe perl-native-5.34.3-r0: task do_fetch: Succeeded
NOTE: recipe libtirpc-native-1.3.2-r0: task do_unpack: Started
NOTE: Running task 82 of 4196 (virtual:native:/home/ubuntu/yocto/poky/meta/recipes-devtools/perl/perl_5.34.3.bb:do_unpack)
NOTE: recipe perlcross-native-1.5.2-r0: task do_unpack: Started
NOTE: recipe ncurses-native-6.3+20220423-r0: task do_unpack: Started
NOTE: recipe quilt-native-0.67-r0: task do_install: Succeeded
NOTE: Running task 83 of 4196 (/home/ubuntu/yocto/poky/meta/recipes-devtools/quilt/quilt-native_0.67.bb:do_populate_sysroot)
NOTE: recipe make-native-4.3-r0: task do_unpack: Started
NOTE: recipe perlcross-native-1.5.2-r0: task do_unpack: Succeeded
NOTE: Running task 84 of 4196 (virtual:native:/home/ubuntu/yocto/poky/meta/recipes-extended/bzip2/bzip2_1.0.8.bb:do_fetch)
NOTE: recipe quilt-native-0.67-r0: task do_populate_sysroot: Started
NOTE: recipe perl-native-5.34.3-r0: task do_unpack: Started
NOTE: recipe libtirpc-native-1.3.2-r0: task do_unpack: Succeeded
NOTE: Running task 85 of 4196 (virtual:native:/home/ubuntu/yocto/poky/meta/recipes-connectivity/openssl/openssl_3.0.17.bb:do_fetch)
NOTE: recipe make-native-4.3-r0: task do_unpack: Succeeded
NOTE: Running task 86 of 4196 (virtual:native:/home/ubuntu/yocto/poky/meta/recipes-core/util-linux/util-linux-libuuid_2.37.4.bb:do_fetch)
NOTE: recipe bzip2-native-1.0.8-r0: task do_fetch: Started
NOTE: recipe openssl-native-3.0.17-r0: task do_fetch: Started
NOTE: recipe openssl-native-3.0.17-r0: task do_fetch: Succeeded
NOTE: Running task 87 of 4196 (virtual:native:/home/ubuntu/yocto/poky/meta/recipes-support/libffi/libffi_3.4.4.bb:do_fetch)
NOTE: recipe util-linux-libuuid-native-2.37.4-r0: task do_fetch: Started
NOTE: recipe bzip2-native-1.0.8-r0: task do_fetch: Succeeded
NOTE: Running task 88 of 4196 (virtual:native:/home/ubuntu/yocto/poky/meta/recipes-core/readline/readline_8.1.2.bb:do_fetch)
NOTE: recipe util-linux-libuuid-native-2.37.4-r0: task do_fetch: Succeeded
NOTE: Running task 89 of 4196 (virtual:native:/home/ubuntu/yocto/poky/meta/recipes-extended/libnsl/libnsl2_git.bb:do_fetch)
NOTE: recipe libffi-native-3.4.4-r0: task do_fetch: Started
NOTE: recipe quilt-native-0.67-r0: task do_populate_sysroot: Succeeded
NOTE: recipe libffi-native-3.4.4-r0: task do_fetch: Succeeded
NOTE: Running task 90 of 4196 (virtual:native:/home/ubuntu/yocto/poky/meta/recipes-devtools/gnu-config/gnu-config_git.bb:do_patch)
NOTE: Running task 91 of 4196 (/home/ubuntu/yocto/poky/meta/recipes-extended/texinfo-dummy-native/texinfo-dummy-native.bb:do_patch)
NOTE: recipe readline-native-8.1.2-r0: task do_fetch: Started
NOTE: recipe libnsl2-native-2.0.0-r0: task do_fetch: Started
NOTE: recipe readline-native-8.1.2-r0: task do_fetch: Succeeded
NOTE: Running task 92 of 4196 (/home/ubuntu/yocto/poky/meta/recipes-core/gettext/gettext-minimal-native_0.21.bb:do_patch)
NOTE: recipe texinfo-dummy-native-1.0-r0: task do_patch: Started
NOTE: recipe texinfo-dummy-native-1.0-r0: task do_patch: Succeeded
NOTE: recipe gnu-config-native-20211108+gitAUTOINC+191bcb948f-r0: task do_patch: Started
NOTE: Running task 93 of 4196 (/home/ubuntu/yocto/poky/meta/recipes-devtools/m4/m4-native_1.4.19.bb:do_patch)
NOTE: recipe gettext-minimal-native-0.21-r0: task do_patch: Started
NOTE: recipe gnu-config-native-20211108+gitAUTOINC+191bcb948f-r0: task do_patch: Succeeded
NOTE: Running task 94 of 4196 (virtual:native:/home/ubuntu/yocto/poky/meta/recipes-devtools/gnu-config/gnu-config_git.bb:do_deploy_source_date_epoch)
NOTE: recipe libnsl2-native-2.0.0-r0: task do_fetch: Succeeded
NOTE: Running task 95 of 4196 (/home/ubuntu/yocto/poky/meta/recipes-extended/texinfo-dummy-native/texinfo-dummy-native.bb:do_deploy_source_date_epoch)
NOTE: recipe gettext-minimal-native-0.21-r0: task do_patch: Succeeded
NOTE: Running task 96 of 4196 (/home/ubuntu/yocto/poky/meta/recipes-core/gettext/gettext-minimal-native_0.21.bb:do_deploy_source_date_epoch)
NOTE: recipe m4-native-1.4.19-r0: task do_patch: Started
NOTE: recipe texinfo-dummy-native-1.0-r0: task do_deploy_source_date_epoch: Started
NOTE: recipe ncurses-native-6.3+20220423-r0: task do_unpack: Succeeded
NOTE: Running task 97 of 4196 (virtual:native:/home/ubuntu/yocto/poky/meta/recipes-devtools/autoconf/autoconf_2.71.bb:do_patch)
NOTE: recipe gettext-minimal-native-0.21-r0: task do_deploy_source_date_epoch: Started
NOTE: recipe gnu-config-native-20211108+gitAUTOINC+191bcb948f-r0: task do_deploy_source_date_epoch: Started
NOTE: recipe texinfo-dummy-native-1.0-r0: task do_deploy_source_date_epoch: Succeeded
NOTE: Running task 98 of 4196 (/home/ubuntu/yocto/poky/meta/recipes-extended/texinfo-dummy-native/texinfo-dummy-native.bb:do_configure)
NOTE: recipe autoconf-native-2.71-r0: task do_patch: Started
NOTE: recipe m4-native-1.4.19-r0: task do_patch: Succeeded
NOTE: Running task 99 of 4196 (/home/ubuntu/yocto/poky/meta/recipes-devtools/m4/m4-native_1.4.19.bb:do_deploy_source_date_epoch)
NOTE: recipe gettext-minimal-native-0.21-r0: task do_deploy_source_date_epoch: Succeeded
NOTE: Running task 100 of 4196 (/home/ubuntu/yocto/poky/meta/recipes-core/gettext/gettext-minimal-native_0.21.bb:do_configure)
NOTE: recipe gnu-config-native-20211108+gitAUTOINC+191bcb948f-r0: task do_deploy_source_date_epoch: Succeeded
NOTE: Running task 101 of 4196 (virtual:native:/home/ubuntu/yocto/poky/meta/recipes-devtools/gnu-config/gnu-config_git.bb:do_configure)
NOTE: recipe texinfo-dummy-native-1.0-r0: task do_configure: Started
NOTE: recipe gettext-minimal-native-0.21-r0: task do_configure: Started
NOTE: recipe m4-native-1.4.19-r0: task do_deploy_source_date_epoch: Started
NOTE: recipe texinfo-dummy-native-1.0-r0: task do_configure: Succeeded
NOTE: Running task 102 of 4196 (/home/ubuntu/yocto/poky/meta/recipes-extended/texinfo-dummy-native/texinfo-dummy-native.bb:do_compile)
NOTE: recipe gettext-minimal-native-0.21-r0: task do_configure: Succeeded
NOTE: Running task 103 of 4196 (/home/ubuntu/yocto/poky/meta/recipes-core/gettext/gettext-minimal-native_0.21.bb:do_compile)
NOTE: recipe gnu-config-native-20211108+gitAUTOINC+191bcb948f-r0: task do_configure: Started
NOTE: recipe texinfo-dummy-native-1.0-r0: task do_compile: Started
NOTE: recipe gnu-config-native-20211108+gitAUTOINC+191bcb948f-r0: task do_configure: Succeeded
NOTE: Running noexec task 104 of 4196 (virtual:native:/home/ubuntu/yocto/poky/meta/recipes-devtools/gnu-config/gnu-config_git.bb:do_compile)
NOTE: recipe m4-native-1.4.19-r0: task do_deploy_source_date_epoch: Succeeded
NOTE: recipe gettext-minimal-native-0.21-r0: task do_compile: Started
NOTE: Running task 105 of 4196 (virtual:native:/home/ubuntu/yocto/poky/meta/recipes-devtools/gnu-config/gnu-config_git.bb:do_install)
NOTE: Running task 106 of 4196 (virtual:native:/home/ubuntu/yocto/poky/meta/recipes-devtools/automake/automake_1.16.5.bb:do_patch)
NOTE: recipe texinfo-dummy-native-1.0-r0: task do_compile: Succeeded
NOTE: Running task 107 of 4196 (/home/ubuntu/yocto/poky/meta/recipes-extended/texinfo-dummy-native/texinfo-dummy-native.bb:do_install)
NOTE: recipe gettext-minimal-native-0.21-r0: task do_compile: Succeeded
NOTE: Running task 108 of 4196 (/home/ubuntu/yocto/poky/meta/recipes-core/gettext/gettext-minimal-native_0.21.bb:do_install)
NOTE: recipe texinfo-dummy-native-1.0-r0: task do_install: Started
NOTE: recipe gettext-minimal-native-0.21-r0: task do_install: Started
NOTE: recipe gnu-config-native-20211108+gitAUTOINC+191bcb948f-r0: task do_install: Started
NOTE: recipe perl-native-5.34.3-r0: task do_unpack: Succeeded
NOTE: recipe automake-native-1.16.5-r0: task do_patch: Started
NOTE: Running task 109 of 4196 (/home/ubuntu/yocto/poky/meta/recipes-devtools/libtool/libtool-native_2.4.7.bb:do_patch)
NOTE: recipe texinfo-dummy-native-1.0-r0: task do_install: Succeeded
NOTE: recipe gettext-minimal-native-0.21-r0: task do_install: Succeeded
NOTE: Running task 110 of 4196 (/home/ubuntu/yocto/poky/meta/recipes-extended/texinfo-dummy-native/texinfo-dummy-native.bb:do_populate_sysroot)
NOTE: recipe gnu-config-native-20211108+gitAUTOINC+191bcb948f-r0: task do_install: Succeeded
NOTE: Running task 111 of 4196 (/home/ubuntu/yocto/poky/meta/recipes-core/gettext/gettext-minimal-native_0.21.bb:do_populate_sysroot)
NOTE: Running task 112 of 4196 (virtual:native:/home/ubuntu/yocto/poky/meta/recipes-devtools/gnu-config/gnu-config_git.bb:do_populate_sysroot)
NOTE: recipe libtool-native-2.4.7-r0: task do_patch: Started
NOTE: recipe texinfo-dummy-native-1.0-r0: task do_populate_sysroot: Started
NOTE: recipe gettext-minimal-native-0.21-r0: task do_populate_sysroot: Started
NOTE: recipe autoconf-native-2.71-r0: task do_patch: Succeeded
NOTE: Running task 113 of 4196 (virtual:native:/home/ubuntu/yocto/poky/meta/recipes-devtools/autoconf/autoconf_2.71.bb:do_deploy_source_date_epoch)
NOTE: recipe gnu-config-native-20211108+gitAUTOINC+191bcb948f-r0: task do_populate_sysroot: Started
NOTE: recipe autoconf-native-2.71-r0: task do_deploy_source_date_epoch: Started
NOTE: recipe gettext-minimal-native-0.21-r0: task do_populate_sysroot: Succeeded
NOTE: recipe texinfo-dummy-native-1.0-r0: task do_populate_sysroot: Succeeded
NOTE: Running task 114 of 4196 (virtual:native:/home/ubuntu/yocto/poky/meta/recipes-extended/xz/xz_5.2.6.bb:do_patch)
NOTE: Running task 115 of 4196 (virtual:native:/home/ubuntu/yocto/poky/meta/recipes-support/attr/attr_2.5.1.bb:do_patch)
NOTE: recipe gnu-config-native-20211108+gitAUTOINC+191bcb948f-r0: task do_populate_sysroot: Succeeded
NOTE: Running task 116 of 4196 (/home/ubuntu/yocto/poky/meta/recipes-devtools/m4/m4-native_1.4.19.bb:do_prepare_recipe_sysroot)
NOTE: recipe automake-native-1.16.5-r0: task do_patch: Succeeded
NOTE: Running task 117 of 4196 (virtual:native:/home/ubuntu/yocto/poky/meta/recipes-devtools/automake/automake_1.16.5.bb:do_deploy_source_date_epoch)
NOTE: recipe autoconf-native-2.71-r0: task do_deploy_source_date_epoch: Succeeded
NOTE: Running task 118 of 4196 (virtual:native:/home/ubuntu/yocto/poky/meta/recipes-devtools/pkgconfig/pkgconfig_git.bb:do_patch)
NOTE: recipe m4-native-1.4.19-r0: task do_prepare_recipe_sysroot: Started
NOTE: recipe xz-native-5.2.6-r0: task do_patch: Started
NOTE: recipe m4-native-1.4.19-r0: task do_prepare_recipe_sysroot: Succeeded
NOTE: recipe attr-native-2.5.1-r0: task do_patch: Started
NOTE: Running task 119 of 4196 (/home/ubuntu/yocto/poky/meta/recipes-devtools/m4/m4-native_1.4.19.bb:do_configure)
NOTE: recipe xz-native-5.2.6-r0: task do_patch: Succeeded
NOTE: recipe automake-native-1.16.5-r0: task do_deploy_source_date_epoch: Started
NOTE: Running task 120 of 4196 (virtual:native:/home/ubuntu/yocto/poky/meta/recipes-extended/xz/xz_5.2.6.bb:do_deploy_source_date_epoch)
NOTE: recipe attr-native-2.5.1-r0: task do_patch: Succeeded
NOTE: Running task 121 of 4196 (virtual:native:/home/ubuntu/yocto/poky/meta/recipes-devtools/flex/flex_2.6.4.bb:do_patch)
NOTE: recipe pkgconfig-native-0.29.2+gitAUTOINC+d97db4fae4-r0: task do_patch: Started
NOTE: recipe m4-native-1.4.19-r0: task do_configure: Started
NOTE: recipe automake-native-1.16.5-r0: task do_deploy_source_date_epoch: Succeeded
NOTE: recipe xz-native-5.2.6-r0: task do_deploy_source_date_epoch: Started
NOTE: Running task 122 of 4196 (virtual:native:/home/ubuntu/yocto/poky/meta/recipes-support/attr/attr_2.5.1.bb:do_deploy_source_date_epoch)
NOTE: recipe flex-native-2.6.4-r0: task do_patch: Started
NOTE: recipe xz-native-5.2.6-r0: task do_deploy_source_date_epoch: Succeeded
NOTE: Running task 123 of 4196 (virtual:native:/home/ubuntu/yocto/poky/meta/recipes-devtools/patch/patch_2.7.6.bb:do_patch)
NOTE: recipe attr-native-2.5.1-r0: task do_deploy_source_date_epoch: Started
NOTE: recipe pkgconfig-native-0.29.2+gitAUTOINC+d97db4fae4-r0: task do_patch: Succeeded
NOTE: Running task 124 of 4196 (virtual:native:/home/ubuntu/yocto/poky/meta/recipes-devtools/pkgconfig/pkgconfig_git.bb:do_deploy_source_date_epoch)
NOTE: recipe glibc-2.35-r0: task do_unpack: Succeeded
NOTE: Running task 125 of 4196 (virtual:native:/home/ubuntu/yocto/poky/meta/recipes-support/gmp/gmp_6.2.1.bb:do_patch)
NOTE: recipe patch-native-2.7.6-r0: task do_patch: Started
NOTE: recipe attr-native-2.5.1-r0: task do_deploy_source_date_epoch: Succeeded
NOTE: Running task 126 of 4196 (virtual:native:/home/ubuntu/yocto/poky/meta/recipes-support/sqlite/sqlite3_3.38.5.bb:do_patch)
NOTE: recipe pkgconfig-native-0.29.2+gitAUTOINC+d97db4fae4-r0: task do_deploy_source_date_epoch: Started
NOTE: recipe gmp-native-6.2.1-r0: task do_patch: Started
NOTE: recipe flex-native-2.6.4-r0: task do_patch: Succeeded
NOTE: Running task 127 of 4196 (virtual:native:/home/ubuntu/yocto/poky/meta/recipes-devtools/flex/flex_2.6.4.bb:do_deploy_source_date_epoch)
NOTE: recipe sqlite3-native-3_3.38.5-r0: task do_patch: Started
NOTE: recipe libtool-native-2.4.7-r0: task do_patch: Succeeded
NOTE: Running task 128 of 4196 (/home/ubuntu/yocto/poky/meta/recipes-devtools/libtool/libtool-native_2.4.7.bb:do_deploy_source_date_epoch)
NOTE: recipe pkgconfig-native-0.29.2+gitAUTOINC+d97db4fae4-r0: task do_deploy_source_date_epoch: Succeeded
NOTE: Running task 129 of 4196 (virtual:native:/home/ubuntu/yocto/poky/meta/recipes-support/popt/popt_1.18.bb:do_patch)
NOTE: recipe libtool-native-2.4.7-r0: task do_deploy_source_date_epoch: Started
NOTE: recipe flex-native-2.6.4-r0: task do_deploy_source_date_epoch: Started
NOTE: recipe popt-native-1.18-r0: task do_patch: Started
NOTE: recipe binutils-cross-arm-2.38-r0: task do_unpack: Succeeded
NOTE: recipe gmp-native-6.2.1-r0: task do_patch: Succeeded
NOTE: Running task 130 of 4196 (/home/ubuntu/yocto/poky/meta/recipes-devtools/binutils/binutils-cross_2.38.bb:do_patch)
NOTE: recipe libtool-native-2.4.7-r0: task do_deploy_source_date_epoch: Succeeded
NOTE: Running task 131 of 4196 (virtual:native:/home/ubuntu/yocto/poky/meta/recipes-support/gmp/gmp_6.2.1.bb:do_deploy_source_date_epoch)
NOTE: Running task 132 of 4196 (virtual:native:/home/ubuntu/yocto/poky/meta/recipes-support/attr/acl_2.3.1.bb:do_patch)
NOTE: recipe flex-native-2.6.4-r0: task do_deploy_source_date_epoch: Succeeded
NOTE: Running task 133 of 4196 (virtual:native:/home/ubuntu/yocto/poky/meta/recipes-devtools/rsync/rsync_3.2.7.bb:do_patch)
NOTE: recipe popt-native-1.18-r0: task do_patch: Succeeded
NOTE: Running task 134 of 4196 (virtual:native:/home/ubuntu/yocto/poky/meta/recipes-extended/zstd/zstd_1.5.2.bb:do_patch)
NOTE: recipe binutils-cross-arm-2.38-r0: task do_patch: Started
NOTE: recipe gmp-native-6.2.1-r0: task do_deploy_source_date_epoch: Started
NOTE: recipe acl-native-2.3.1-r0: task do_patch: Started
NOTE: recipe rsync-native-3.2.7-r0: task do_patch: Started
NOTE: recipe zstd-native-1.5.2-r0: task do_patch: Started
NOTE: recipe gmp-native-6.2.1-r0: task do_deploy_source_date_epoch: Succeeded
NOTE: Running task 135 of 4196 (virtual:native:/home/ubuntu/yocto/poky/meta/recipes-support/libmpc/libmpc_1.2.1.bb:do_patch)
NOTE: recipe patch-native-2.7.6-r0: task do_patch: Succeeded
NOTE: Running task 136 of 4196 (virtual:native:/home/ubuntu/yocto/poky/meta/recipes-devtools/patch/patch_2.7.6.bb:do_deploy_source_date_epoch)
NOTE: recipe acl-native-2.3.1-r0: task do_patch: Succeeded
NOTE: Running task 137 of 4196 (virtual:native:/home/ubuntu/yocto/poky/meta/recipes-support/popt/popt_1.18.bb:do_deploy_source_date_epoch)
NOTE: recipe zstd-native-1.5.2-r0: task do_patch: Succeeded
NOTE: Running task 138 of 4196 (virtual:native:/home/ubuntu/yocto/poky/meta/recipes-support/attr/acl_2.3.1.bb:do_deploy_source_date_epoch)
NOTE: recipe libmpc-native-1.2.1-r0: task do_patch: Started
NOTE: recipe patch-native-2.7.6-r0: task do_deploy_source_date_epoch: Started
NOTE: recipe libmpc-native-1.2.1-r0: task do_patch: Succeeded
NOTE: Running task 139 of 4196 (virtual:native:/home/ubuntu/yocto/poky/meta/recipes-extended/zstd/zstd_1.5.2.bb:do_deploy_source_date_epoch)
NOTE: recipe popt-native-1.18-r0: task do_deploy_source_date_epoch: Started
NOTE: recipe sqlite3-native-3_3.38.5-r0: task do_patch: Succeeded
NOTE: Running task 140 of 4196 (virtual:native:/home/ubuntu/yocto/poky/meta/recipes-support/sqlite/sqlite3_3.38.5.bb:do_deploy_source_date_epoch)
NOTE: recipe acl-native-2.3.1-r0: task do_deploy_source_date_epoch: Started
NOTE: recipe patch-native-2.7.6-r0: task do_deploy_source_date_epoch: Succeeded
NOTE: recipe zstd-native-1.5.2-r0: task do_deploy_source_date_epoch: Started
NOTE: Running task 141 of 4196 (virtual:native:/home/ubuntu/yocto/poky/meta/recipes-support/libmpc/libmpc_1.2.1.bb:do_deploy_source_date_epoch)
NOTE: recipe popt-native-1.18-r0: task do_deploy_source_date_epoch: Succeeded
NOTE: Running task 142 of 4196 (virtual:native:/home/ubuntu/yocto/poky/meta/recipes-extended/gperf/gperf_3.1.bb:do_patch)
NOTE: recipe sqlite3-native-3_3.38.5-r0: task do_deploy_source_date_epoch: Started
NOTE: recipe acl-native-2.3.1-r0: task do_deploy_source_date_epoch: Succeeded
NOTE: Running task 143 of 4196 (virtual:native:/home/ubuntu/yocto/poky/meta/recipes-support/gdbm/gdbm_1.23.bb:do_patch)
NOTE: recipe zstd-native-1.5.2-r0: task do_deploy_source_date_epoch: Succeeded
NOTE: Running task 144 of 4196 (virtual:native:/home/ubuntu/yocto/poky/meta/recipes-extended/zstd/zstd_1.5.2.bb:do_configure)
NOTE: recipe libmpc-native-1.2.1-r0: task do_deploy_source_date_epoch: Started
NOTE: recipe sqlite3-native-3_3.38.5-r0: task do_deploy_source_date_epoch: Succeeded
NOTE: recipe gperf-native-3.1-r0: task do_patch: Started
NOTE: Running task 145 of 4196 (virtual:native:/home/ubuntu/yocto/poky/meta/recipes-core/ncurses/ncurses_6.3+20220423.bb:do_patch)
NOTE: recipe gdbm-native-1.23-r0: task do_patch: Started
NOTE: recipe zstd-native-1.5.2-r0: task do_configure: Started
NOTE: recipe libmpc-native-1.2.1-r0: task do_deploy_source_date_epoch: Succeeded
NOTE: Running task 146 of 4196 (virtual:native:/home/ubuntu/yocto/poky/meta/recipes-extended/libtirpc/libtirpc_1.3.2.bb:do_patch)
NOTE: recipe gperf-native-3.1-r0: task do_patch: Succeeded
NOTE: Running task 147 of 4196 (virtual:native:/home/ubuntu/yocto/poky/meta/recipes-extended/gperf/gperf_3.1.bb:do_deploy_source_date_epoch)
NOTE: recipe zstd-native-1.5.2-r0: task do_configure: Succeeded
NOTE: Running task 148 of 4196 (virtual:native:/home/ubuntu/yocto/poky/meta/recipes-extended/zstd/zstd_1.5.2.bb:do_compile)
NOTE: recipe ncurses-native-6.3+20220423-r0: task do_patch: Started
NOTE: recipe gdbm-native-1.23-r0: task do_patch: Succeeded
NOTE: Running task 149 of 4196 (virtual:native:/home/ubuntu/yocto/poky/meta/recipes-devtools/perl-cross/perlcross_1.5.2.bb:do_patch)
NOTE: recipe libtirpc-native-1.3.2-r0: task do_patch: Started
NOTE: recipe gperf-native-3.1-r0: task do_deploy_source_date_epoch: Started
NOTE: recipe zstd-native-1.5.2-r0: task do_compile: Started
NOTE: recipe perlcross-native-1.5.2-r0: task do_patch: Started
NOTE: recipe libtirpc-native-1.3.2-r0: task do_patch: Succeeded
NOTE: Running task 150 of 4196 (virtual:native:/home/ubuntu/yocto/poky/meta/recipes-devtools/make/make_4.3.bb:do_patch)
NOTE: recipe gperf-native-3.1-r0: task do_deploy_source_date_epoch: Succeeded
NOTE: Running task 151 of 4196 (virtual:native:/home/ubuntu/yocto/poky/meta/recipes-devtools/perl/perl_5.34.3.bb:do_patch)
NOTE: recipe make-native-4.3-r0: task do_patch: Started
NOTE: recipe rsync-native-3.2.7-r0: task do_patch: Succeeded
NOTE: recipe perl-native-5.34.3-r0: task do_patch: Started
NOTE: Running task 152 of 4196 (virtual:native:/home/ubuntu/yocto/poky/meta/recipes-devtools/rsync/rsync_3.2.7.bb:do_deploy_source_date_epoch)
NOTE: recipe perlcross-native-1.5.2-r0: task do_patch: Succeeded
NOTE: Running task 153 of 4196 (virtual:native:/home/ubuntu/yocto/poky/meta/recipes-devtools/python/python3_3.10.18.bb:do_fetch)
NOTE: recipe rsync-native-3.2.7-r0: task do_deploy_source_date_epoch: Started
NOTE: recipe ncurses-native-6.3+20220423-r0: task do_patch: Succeeded
NOTE: Running task 154 of 4196 (/home/ubuntu/yocto/poky/meta/recipes-devtools/libtool/libtool-cross_2.4.7.bb:do_fetch)
NOTE: recipe python3-native-3.10.18-r0: task do_fetch: Started
NOTE: recipe rsync-native-3.2.7-r0: task do_deploy_source_date_epoch: Succeeded
NOTE: Running task 155 of 4196 (virtual:native:/home/ubuntu/yocto/poky/meta/recipes-support/gdbm/gdbm_1.23.bb:do_deploy_source_date_epoch)
NOTE: recipe python3-native-3.10.18-r0: task do_fetch: Succeeded
NOTE: Running task 156 of 4196 (/home/ubuntu/yocto/poky/meta/recipes-core/zlib/zlib_1.2.11.bb:do_fetch)
NOTE: recipe libtool-cross-2.4.7-r0: task do_fetch: Started
NOTE: recipe libtool-cross-2.4.7-r0: task do_fetch: Succeeded
NOTE: Running task 157 of 4196 (virtual:native:/home/ubuntu/yocto/poky/meta/recipes-extended/bzip2/bzip2_1.0.8.bb:do_unpack)
NOTE: recipe zlib-1.2.11-r0: task do_fetch: Started
NOTE: recipe zlib-1.2.11-r0: task do_fetch: Succeeded
NOTE: recipe gdbm-native-1.23-r0: task do_deploy_source_date_epoch: Started
NOTE: Running task 158 of 4196 (virtual:native:/home/ubuntu/yocto/poky/meta/recipes-connectivity/openssl/openssl_3.0.17.bb:do_unpack)
NOTE: recipe make-native-4.3-r0: task do_patch: Succeeded
NOTE: Running task 159 of 4196 (virtual:native:/home/ubuntu/yocto/poky/meta/recipes-core/ncurses/ncurses_6.3+20220423.bb:do_deploy_source_date_epoch)
NOTE: recipe bzip2-native-1.0.8-r0: task do_unpack: Started
NOTE: recipe gdbm-native-1.23-r0: task do_deploy_source_date_epoch: Succeeded
NOTE: Running task 160 of 4196 (virtual:native:/home/ubuntu/yocto/poky/meta/recipes-support/libffi/libffi_3.4.4.bb:do_unpack)
NOTE: recipe ncurses-native-6.3+20220423-r0: task do_deploy_source_date_epoch: Started
NOTE: recipe openssl-native-3.0.17-r0: task do_unpack: Started
NOTE: recipe ncurses-native-6.3+20220423-r0: task do_deploy_source_date_epoch: Succeeded
NOTE: recipe libffi-native-3.4.4-r0: task do_unpack: Started
NOTE: Running task 161 of 4196 (virtual:native:/home/ubuntu/yocto/poky/meta/recipes-core/readline/readline_8.1.2.bb:do_unpack)
NOTE: recipe libffi-native-3.4.4-r0: task do_unpack: Succeeded
NOTE: Running task 162 of 4196 (virtual:native:/home/ubuntu/yocto/poky/meta/recipes-support/libffi/libffi_3.4.4.bb:do_patch)
NOTE: recipe bzip2-native-1.0.8-r0: task do_unpack: Succeeded
NOTE: Running task 163 of 4196 (virtual:native:/home/ubuntu/yocto/poky/meta/recipes-extended/bzip2/bzip2_1.0.8.bb:do_patch)
NOTE: recipe readline-native-8.1.2-r0: task do_unpack: Started
NOTE: recipe perl-native-5.34.3-r0: task do_patch: Succeeded
NOTE: recipe libffi-native-3.4.4-r0: task do_patch: Started
NOTE: Running task 164 of 4196 (virtual:native:/home/ubuntu/yocto/poky/meta/recipes-extended/libnsl/libnsl2_git.bb:do_unpack)
NOTE: recipe readline-native-8.1.2-r0: task do_unpack: Succeeded
NOTE: recipe bzip2-native-1.0.8-r0: task do_patch: Started
NOTE: Running task 165 of 4196 (virtual:native:/home/ubuntu/yocto/poky/meta/recipes-core/readline/readline_8.1.2.bb:do_patch)
NOTE: recipe bzip2-native-1.0.8-r0: task do_patch: Succeeded
NOTE: Running task 166 of 4196 (virtual:native:/home/ubuntu/yocto/poky/meta/recipes-extended/libtirpc/libtirpc_1.3.2.bb:do_deploy_source_date_epoch)
NOTE: recipe libnsl2-native-2.0.0-r0: task do_unpack: Started
NOTE: recipe readline-native-8.1.2-r0: task do_patch: Started
NOTE: recipe openssl-native-3.0.17-r0: task do_unpack: Succeeded
NOTE: recipe libtirpc-native-1.3.2-r0: task do_deploy_source_date_epoch: Started
NOTE: Running task 167 of 4196 (virtual:native:/home/ubuntu/yocto/poky/meta/recipes-connectivity/openssl/openssl_3.0.17.bb:do_patch)
NOTE: recipe libffi-native-3.4.4-r0: task do_patch: Succeeded
NOTE: Running task 168 of 4196 (/home/ubuntu/yocto/poky/meta/recipes-devtools/libtool/libtool-cross_2.4.7.bb:do_unpack)
NOTE: recipe libtool-cross-2.4.7-r0: task do_unpack: Started
NOTE: recipe libtirpc-native-1.3.2-r0: task do_deploy_source_date_epoch: Succeeded
NOTE: Running task 169 of 4196 (/home/ubuntu/yocto/poky/meta/recipes-devtools/opkg-utils/opkg-utils_0.5.0.bb:do_fetch)
NOTE: recipe openssl-native-3.0.17-r0: task do_patch: Started
NOTE: recipe readline-native-8.1.2-r0: task do_patch: Succeeded
NOTE: Running task 170 of 4196 (virtual:native:/home/ubuntu/yocto/poky/meta/recipes-devtools/perl-cross/perlcross_1.5.2.bb:do_deploy_source_date_epoch)
NOTE: recipe libnsl2-native-2.0.0-r0: task do_unpack: Succeeded
NOTE: Running task 171 of 4196 (virtual:native:/home/ubuntu/yocto/poky/meta/recipes-extended/libnsl/libnsl2_git.bb:do_patch)
NOTE: recipe opkg-utils-0.5.0-r0: task do_fetch: Started
NOTE: recipe libtool-cross-2.4.7-r0: task do_unpack: Succeeded
NOTE: recipe perlcross-native-1.5.2-r0: task do_deploy_source_date_epoch: Started
NOTE: Running task 172 of 4196 (virtual:native:/home/ubuntu/yocto/poky/meta/recipes-devtools/perl-cross/perlcross_1.5.2.bb:do_prepare_recipe_sysroot)
NOTE: recipe libnsl2-native-2.0.0-r0: task do_patch: Started
NOTE: recipe opkg-utils-0.5.0-r0: task do_fetch: Succeeded
NOTE: recipe perlcross-native-1.5.2-r0: task do_prepare_recipe_sysroot: Started
NOTE: Running task 173 of 4196 (virtual:native:/home/ubuntu/yocto/poky/meta/recipes-devtools/make/make_4.3.bb:do_deploy_source_date_epoch)
NOTE: recipe perlcross-native-1.5.2-r0: task do_prepare_recipe_sysroot: Succeeded
NOTE: recipe libnsl2-native-2.0.0-r0: task do_patch: Succeeded
NOTE: Running task 174 of 4196 (virtual:native:/home/ubuntu/yocto/poky/meta/recipes-devtools/perl/perl_5.34.3.bb:do_deploy_source_date_epoch)
NOTE: Running task 175 of 4196 (virtual:native:/home/ubuntu/yocto/poky/meta/recipes-extended/unzip/unzip_6.0.bb:do_fetch)
NOTE: recipe perlcross-native-1.5.2-r0: task do_deploy_source_date_epoch: Succeeded
NOTE: Running task 176 of 4196 (virtual:native:/home/ubuntu/yocto/poky/meta/recipes-devtools/perl-cross/perlcross_1.5.2.bb:do_configure)
NOTE: recipe openssl-native-3.0.17-r0: task do_patch: Succeeded
NOTE: Running task 177 of 4196 (/home/ubuntu/yocto/poky/meta/recipes-extended/bzip2/bzip2_1.0.8.bb:do_fetch)
NOTE: recipe make-native-4.3-r0: task do_deploy_source_date_epoch: Started
NOTE: recipe unzip-native-1_6.0-r5: task do_fetch: Started
NOTE: recipe perl-native-5.34.3-r0: task do_deploy_source_date_epoch: Started
NOTE: recipe perlcross-native-1.5.2-r0: task do_configure: Started
NOTE: recipe perlcross-native-1.5.2-r0: task do_configure: Succeeded
NOTE: Running task 178 of 4196 (virtual:native:/home/ubuntu/yocto/poky/meta/recipes-devtools/perl-cross/perlcross_1.5.2.bb:do_compile)
NOTE: recipe unzip-native-1_6.0-r5: task do_fetch: Succeeded
NOTE: Running task 179 of 4196 (/home/ubuntu/yocto/poky/meta/recipes-devtools/opkg-utils/opkg-utils_0.5.0.bb:do_unpack)
NOTE: recipe bzip2-1.0.8-r0: task do_fetch: Started
NOTE: recipe make-native-4.3-r0: task do_deploy_source_date_epoch: Succeeded
NOTE: Running task 180 of 4196 (virtual:native:/home/ubuntu/yocto/poky/meta/recipes-extended/unzip/unzip_6.0.bb:do_unpack)
NOTE: recipe perl-native-5.34.3-r0: task do_deploy_source_date_epoch: Succeeded
NOTE: recipe opkg-utils-0.5.0-r0: task do_unpack: Started
NOTE: Running task 181 of 4196 (virtual:native:/home/ubuntu/yocto/poky/meta/recipes-extended/bzip2/bzip2_1.0.8.bb:do_deploy_source_date_epoch)
NOTE: recipe perlcross-native-1.5.2-r0: task do_compile: Started
NOTE: recipe perlcross-native-1.5.2-r0: task do_compile: Succeeded
NOTE: Running task 182 of 4196 (virtual:native:/home/ubuntu/yocto/poky/meta/recipes-devtools/perl-cross/perlcross_1.5.2.bb:do_install)
NOTE: recipe bzip2-1.0.8-r0: task do_fetch: Succeeded
NOTE: Running task 183 of 4196 (virtual:native:/home/ubuntu/yocto/poky/meta/recipes-connectivity/openssl/openssl_3.0.17.bb:do_deploy_source_date_epoch)
NOTE: recipe unzip-native-1_6.0-r5: task do_unpack: Started
NOTE: recipe perlcross-native-1.5.2-r0: task do_install: Started
NOTE: recipe bzip2-native-1.0.8-r0: task do_deploy_source_date_epoch: Started
NOTE: recipe openssl-native-3.0.17-r0: task do_deploy_source_date_epoch: Started
NOTE: recipe perlcross-native-1.5.2-r0: task do_install: Succeeded
NOTE: Running task 184 of 4196 (virtual:native:/home/ubuntu/yocto/poky/meta/recipes-devtools/perl-cross/perlcross_1.5.2.bb:do_populate_sysroot)
NOTE: recipe bzip2-native-1.0.8-r0: task do_deploy_source_date_epoch: Succeeded
NOTE: Running task 185 of 4196 (virtual:native:/home/ubuntu/yocto/poky/meta/recipes-support/libffi/libffi_3.4.4.bb:do_deploy_source_date_epoch)
NOTE: recipe opkg-utils-0.5.0-r0: task do_unpack: Succeeded
NOTE: Running task 186 of 4196 (virtual:native:/home/ubuntu/yocto/poky/meta/recipes-core/readline/readline_8.1.2.bb:do_deploy_source_date_epoch)
NOTE: recipe perlcross-native-1.5.2-r0: task do_populate_sysroot: Started
NOTE: recipe openssl-native-3.0.17-r0: task do_deploy_source_date_epoch: Succeeded
NOTE: Running task 187 of 4196 (virtual:native:/home/ubuntu/yocto/poky/meta/recipes-extended/libnsl/libnsl2_git.bb:do_deploy_source_date_epoch)
NOTE: recipe unzip-native-1_6.0-r5: task do_unpack: Succeeded
NOTE: recipe libffi-native-3.4.4-r0: task do_deploy_source_date_epoch: Started
NOTE: Running task 188 of 4196 (virtual:native:/home/ubuntu/yocto/poky/meta/recipes-extended/unzip/unzip_6.0.bb:do_patch)
NOTE: recipe readline-native-8.1.2-r0: task do_deploy_source_date_epoch: Started
NOTE: recipe libffi-native-3.4.4-r0: task do_deploy_source_date_epoch: Succeeded
NOTE: Running task 189 of 4196 (virtual:native:/home/ubuntu/yocto/poky/meta/recipes-devtools/python/python3-flit-core_3.7.1.bb:do_fetch)
NOTE: recipe libnsl2-native-2.0.0-r0: task do_deploy_source_date_epoch: Started
NOTE: recipe unzip-native-1_6.0-r5: task do_patch: Started
NOTE: recipe readline-native-8.1.2-r0: task do_deploy_source_date_epoch: Succeeded
NOTE: Running task 190 of 4196 (/home/ubuntu/yocto/poky/meta/recipes-extended/bzip2/bzip2_1.0.8.bb:do_unpack)
NOTE: recipe python3-flit-core-native-3.7.1-r0: task do_fetch: Started
NOTE: recipe libnsl2-native-2.0.0-r0: task do_deploy_source_date_epoch: Succeeded
NOTE: Running task 191 of 4196 (virtual:native:/home/ubuntu/yocto/poky/meta/recipes-devtools/python/python3-installer_0.5.1.bb:do_fetch)
NOTE: recipe python3-flit-core-native-3.7.1-r0: task do_fetch: Succeeded
NOTE: Running task 192 of 4196 (virtual:native:/home/ubuntu/yocto/poky/meta/recipes-devtools/python/python3-flit-core_3.7.1.bb:do_unpack)
NOTE: recipe bzip2-1.0.8-r0: task do_unpack: Started
NOTE: recipe perlcross-native-1.5.2-r0: task do_populate_sysroot: Succeeded
NOTE: Running task 193 of 4196 (virtual:native:/home/ubuntu/yocto/poky/meta/recipes-core/gettext/gettext_0.21.bb:do_fetch)
NOTE: recipe python3-installer-native-0.5.1-r0: task do_fetch: Started
NOTE: recipe python3-flit-core-native-3.7.1-r0: task do_unpack: Started
NOTE: recipe python3-installer-native-0.5.1-r0: task do_fetch: Succeeded
NOTE: Running task 194 of 4196 (virtual:native:/home/ubuntu/yocto/poky/meta/recipes-extended/unzip/unzip_6.0.bb:do_prepare_recipe_sysroot)
NOTE: recipe python3-flit-core-native-3.7.1-r0: task do_unpack: Succeeded
NOTE: Running task 195 of 4196 (virtual:native:/home/ubuntu/yocto/poky/meta/recipes-devtools/python/python3-flit-core_3.7.1.bb:do_patch)
NOTE: recipe gettext-native-0.21-r0: task do_fetch: Started
NOTE: recipe gettext-native-0.21-r0: task do_fetch: Succeeded
NOTE: Running task 196 of 4196 (virtual:native:/home/ubuntu/yocto/poky/meta/recipes-devtools/python/python3-installer_0.5.1.bb:do_unpack)
NOTE: recipe unzip-native-1_6.0-r5: task do_prepare_recipe_sysroot: Started
NOTE: recipe unzip-native-1_6.0-r5: task do_prepare_recipe_sysroot: Succeeded
NOTE: recipe python3-flit-core-native-3.7.1-r0: task do_patch: Started
NOTE: Running task 197 of 4196 (virtual:native:/home/ubuntu/yocto/poky/meta/recipes-core/gettext/gettext_0.21.bb:do_unpack)
NOTE: recipe python3-flit-core-native-3.7.1-r0: task do_patch: Succeeded
NOTE: Running task 198 of 4196 (virtual:native:/home/ubuntu/yocto/poky/meta/recipes-devtools/python/python3-wheel_0.37.1.bb:do_fetch)
NOTE: recipe bzip2-1.0.8-r0: task do_unpack: Succeeded
NOTE: Running task 199 of 4196 (virtual:native:/home/ubuntu/yocto/poky/meta/recipes-devtools/python/python3-flit-core_3.7.1.bb:do_deploy_source_date_epoch)
NOTE: recipe python3-installer-native-0.5.1-r0: task do_unpack: Started
NOTE: recipe python3-installer-native-0.5.1-r0: task do_unpack: Succeeded
NOTE: Running task 200 of 4196 (virtual:native:/home/ubuntu/yocto/poky/meta/recipes-devtools/python/python3-installer_0.5.1.bb:do_patch)
NOTE: recipe gettext-native-0.21-r0: task do_unpack: Started
NOTE: recipe python3-wheel-native-0.37.1-r0: task do_fetch: Started
NOTE: recipe python3-wheel-native-0.37.1-r0: task do_fetch: Succeeded
NOTE: recipe python3-flit-core-native-3.7.1-r0: task do_deploy_source_date_epoch: Started
NOTE: Running task 201 of 4196 (virtual:native:/home/ubuntu/yocto/poky/meta/recipes-gnome/gtk-doc/gtk-doc_1.33.2.bb:do_fetch)
NOTE: recipe python3-installer-native-0.5.1-r0: task do_patch: Started
NOTE: recipe python3-installer-native-0.5.1-r0: task do_patch: Succeeded
NOTE: Running task 202 of 4196 (virtual:native:/home/ubuntu/yocto/poky/meta/recipes-support/re2c/re2c_3.0.bb:do_fetch)
NOTE: recipe binutils-cross-arm-2.38-r0: task do_patch: Succeeded
NOTE: recipe python3-flit-core-native-3.7.1-r0: task do_deploy_source_date_epoch: Succeeded
NOTE: recipe gtk-doc-native-1.33.2-r0: task do_fetch: Started
NOTE: Running task 203 of 4196 (/home/ubuntu/yocto/poky/meta/recipes-devtools/binutils/binutils-cross_2.38.bb:do_deploy_source_date_epoch)
NOTE: Running task 204 of 4196 (virtual:native:/home/ubuntu/yocto/poky/meta/recipes-devtools/ninja/ninja_1.10.2.bb:do_fetch)
NOTE: recipe gtk-doc-native-1.33.2-r0: task do_fetch: Succeeded
NOTE: Running task 205 of 4196 (virtual:native:/home/ubuntu/yocto/poky/meta/recipes-devtools/python/python3-wheel_0.37.1.bb:do_unpack)
NOTE: recipe binutils-cross-arm-2.38-r0: task do_deploy_source_date_epoch: Started
NOTE: recipe re2c-native-3.0-r0: task do_fetch: Started
NOTE: recipe ninja-native-1.10.2-r0: task do_fetch: Started
NOTE: recipe re2c-native-3.0-r0: task do_fetch: Succeeded
NOTE: recipe python3-wheel-native-0.37.1-r0: task do_unpack: Started
NOTE: Running task 206 of 4196 (virtual:native:/home/ubuntu/yocto/poky/meta/recipes-devtools/python/python3-installer_0.5.1.bb:do_deploy_source_date_epoch)
NOTE: recipe binutils-cross-arm-2.38-r0: task do_deploy_source_date_epoch: Succeeded
NOTE: recipe python3-wheel-native-0.37.1-r0: task do_unpack: Succeeded
NOTE: Running task 207 of 4196 (virtual:native:/home/ubuntu/yocto/poky/meta/recipes-devtools/python/python3-wheel_0.37.1.bb:do_patch)
NOTE: Running task 208 of 4196 (virtual:native:/home/ubuntu/yocto/poky/meta/recipes-devtools/python/python3-setuptools_59.5.0.bb:do_fetch)
NOTE: recipe python3-installer-native-0.5.1-r0: task do_deploy_source_date_epoch: Started
NOTE: recipe ninja-native-1.10.2-r0: task do_fetch: Succeeded
NOTE: Running task 209 of 4196 (virtual:native:/home/ubuntu/yocto/poky/meta/recipes-support/curl/curl_7.82.0.bb:do_fetch)
NOTE: recipe python3-setuptools-native-59.5.0-r0: task do_fetch: Started
NOTE: recipe python3-wheel-native-0.37.1-r0: task do_patch: Started
NOTE: recipe python3-setuptools-native-59.5.0-r0: task do_fetch: Succeeded
NOTE: Running task 210 of 4196 (/home/ubuntu/yocto/poky/meta/recipes-core/ncurses/ncurses_6.3+20220423.bb:do_fetch)
NOTE: recipe curl-native-7.82.0-r0: task do_fetch: Started
NOTE: recipe python3-installer-native-0.5.1-r0: task do_deploy_source_date_epoch: Succeeded
NOTE: Running task 211 of 4196 (virtual:native:/home/ubuntu/yocto/poky/meta/recipes-support/libunistring/libunistring_1.0.bb:do_fetch)
NOTE: recipe curl-native-7.82.0-r0: task do_fetch: Succeeded
NOTE: Running task 212 of 4196 (/home/ubuntu/yocto/poky/meta/recipes-core/libxcrypt/libxcrypt_4.4.33.bb:do_fetch)
NOTE: recipe ncurses-6.3+20220423-r0: task do_fetch: Started
NOTE: recipe python3-wheel-native-0.37.1-r0: task do_patch: Succeeded
NOTE: Running task 213 of 4196 (/home/ubuntu/yocto/poky/meta/recipes-core/util-linux/util-linux-libuuid_2.37.4.bb:do_fetch)
NOTE: recipe libunistring-native-1.0-r0: task do_fetch: Started
NOTE: recipe libunistring-native-1.0-r0: task do_fetch: Succeeded
NOTE: Running task 214 of 4196 (/home/ubuntu/yocto/poky/meta/recipes-support/bash-completion/bash-completion_2.11.bb:do_fetch)
NOTE: recipe libxcrypt-4.4.33-r0: task do_fetch: Started
NOTE: recipe util-linux-libuuid-2.37.4-r0: task do_fetch: Started
NOTE: recipe gettext-native-0.21-r0: task do_unpack: Succeeded
NOTE: Running task 215 of 4196 (virtual:native:/home/ubuntu/yocto/poky/meta/recipes-core/gettext/gettext_0.21.bb:do_patch)
NOTE: recipe util-linux-libuuid-2.37.4-r0: task do_fetch: Succeeded
NOTE: recipe bash-completion-2.11-r0: task do_fetch: Started
NOTE: Running task 216 of 4196 (/home/ubuntu/yocto/poky/meta/recipes-connectivity/openssl/openssl_3.0.17.bb:do_fetch)
NOTE: recipe ncurses-6.3+20220423-r0: task do_fetch: Succeeded
NOTE: recipe bash-completion-2.11-r0: task do_fetch: Succeeded
NOTE: Running task 217 of 4196 (/home/ubuntu/yocto/poky/meta/recipes-support/gdbm/gdbm_1.23.bb:do_fetch)
NOTE: Running task 218 of 4196 (virtual:native:/home/ubuntu/yocto/poky/meta/recipes-devtools/ninja/ninja_1.10.2.bb:do_unpack)
NOTE: recipe libxcrypt-4.4.33-r0: task do_fetch: Succeeded
NOTE: Running task 219 of 4196 (/home/ubuntu/yocto/poky/meta/recipes-support/libcap-ng/libcap-ng_0.8.2.bb:do_fetch)
NOTE: recipe openssl-3.0.17-r0: task do_fetch: Started
NOTE: recipe gdbm-1.23-r0: task do_fetch: Started
NOTE: recipe gettext-native-0.21-r0: task do_patch: Started
NOTE: recipe openssl-3.0.17-r0: task do_fetch: Succeeded
NOTE: Running task 220 of 4196 (/home/ubuntu/yocto/poky/meta/recipes-core/util-linux/util-linux_2.37.4.bb:do_fetch)
NOTE: recipe gdbm-1.23-r0: task do_fetch: Succeeded
NOTE: recipe libcap-ng-0.8.2-r0: task do_fetch: Started
NOTE: recipe ninja-native-1.10.2-r0: task do_unpack: Started
NOTE: Running task 221 of 4196 (virtual:native:/home/ubuntu/yocto/poky/meta/recipes-devtools/python/python3-setuptools_59.5.0.bb:do_unpack)
NOTE: recipe libcap-ng-0.8.2-r0: task do_fetch: Succeeded
NOTE: Running task 222 of 4196 (/home/ubuntu/yocto/poky/meta/recipes-support/libpcre/libpcre_8.45.bb:do_fetch)
NOTE: recipe python3-setuptools-native-59.5.0-r0: task do_unpack: Started
NOTE: recipe unzip-native-1_6.0-r5: task do_patch: Succeeded
NOTE: recipe libpcre-8.45-r0: task do_fetch: Started
NOTE: Running task 223 of 4196 (virtual:native:/home/ubuntu/yocto/poky/meta/recipes-extended/unzip/unzip_6.0.bb:do_deploy_source_date_epoch)
NOTE: recipe util-linux-2.37.4-r0: task do_fetch: Started
NOTE: recipe libpcre-8.45-r0: task do_fetch: Succeeded
NOTE: Running task 224 of 4196 (virtual:native:/home/ubuntu/yocto/poky/meta/recipes-support/libpcre/libpcre2_10.40.bb:do_fetch)
NOTE: recipe util-linux-2.37.4-r0: task do_fetch: Succeeded
NOTE: Running task 225 of 4196 (virtual:native:/home/ubuntu/yocto/poky/meta/recipes-support/libcap-ng/libcap-ng_0.8.2.bb:do_fetch)
NOTE: recipe python3-setuptools-native-59.5.0-r0: task do_unpack: Succeeded
NOTE: Running task 226 of 4196 (virtual:native:/home/ubuntu/yocto/poky/meta/recipes-devtools/python/python3-setuptools_59.5.0.bb:do_patch)
NOTE: recipe unzip-native-1_6.0-r5: task do_deploy_source_date_epoch: Started
NOTE: recipe ninja-native-1.10.2-r0: task do_unpack: Succeeded
NOTE: Running task 227 of 4196 (virtual:native:/home/ubuntu/yocto/poky/meta/recipes-devtools/ninja/ninja_1.10.2.bb:do_patch)
NOTE: recipe libpcre2-native-10.40-r0: task do_fetch: Started
NOTE: recipe python3-setuptools-native-59.5.0-r0: task do_patch: Started
NOTE: recipe libcap-ng-native-0.8.2-r0: task do_fetch: Started
NOTE: recipe libpcre2-native-10.40-r0: task do_fetch: Succeeded
NOTE: Running task 228 of 4196 (virtual:native:/home/ubuntu/yocto/poky/meta/recipes-core/util-linux/util-linux_2.37.4.bb:do_fetch)
NOTE: recipe libcap-ng-native-0.8.2-r0: task do_fetch: Succeeded
NOTE: Running task 229 of 4196 (virtual:native:/home/ubuntu/yocto/poky/meta/recipes-support/libgpg-error/libgpg-error_1.44.bb:do_fetch)
NOTE: recipe unzip-native-1_6.0-r5: task do_deploy_source_date_epoch: Succeeded
NOTE: Running task 230 of 4196 (virtual:native:/home/ubuntu/yocto/poky/meta/recipes-extended/unzip/unzip_6.0.bb:do_configure)
NOTE: recipe ninja-native-1.10.2-r0: task do_patch: Started
NOTE: recipe libgpg-error-native-1.44-r0: task do_fetch: Started
NOTE: recipe libgpg-error-native-1.44-r0: task do_fetch: Succeeded
NOTE: Running task 231 of 4196 (virtual:native:/home/ubuntu/yocto/poky/meta/recipes-support/libcap/libcap_2.66.bb:do_fetch)
NOTE: recipe unzip-native-1_6.0-r5: task do_configure: Started
NOTE: recipe util-linux-native-2.37.4-r0: task do_fetch: Started
NOTE: recipe ninja-native-1.10.2-r0: task do_patch: Succeeded
NOTE: Running task 232 of 4196 (virtual:native:/home/ubuntu/yocto/poky/meta/recipes-support/libgcrypt/libgcrypt_1.9.4.bb:do_fetch)
NOTE: recipe unzip-native-1_6.0-r5: task do_configure: Succeeded
NOTE: recipe util-linux-native-2.37.4-r0: task do_fetch: Succeeded
NOTE: Running task 233 of 4196 (virtual:native:/home/ubuntu/yocto/poky/meta/recipes-extended/unzip/unzip_6.0.bb:do_compile)
NOTE: Running task 234 of 4196 (/home/ubuntu/yocto/poky/meta/recipes-core/ncurses/ncurses_6.3+20220423.bb:do_unpack)
NOTE: recipe gettext-native-0.21-r0: task do_patch: Succeeded
NOTE: Running task 235 of 4196 (virtual:native:/home/ubuntu/yocto/poky/meta/recipes-core/gettext/gettext_0.21.bb:do_deploy_source_date_epoch)
NOTE: recipe libcap-native-2.66-r0: task do_fetch: Started
NOTE: recipe libcap-native-2.66-r0: task do_fetch: Succeeded
NOTE: recipe unzip-native-1_6.0-r5: task do_compile: Started
NOTE: Running task 236 of 4196 (virtual:native:/home/ubuntu/yocto/poky/meta/recipes-support/libunistring/libunistring_1.0.bb:do_unpack)
NOTE: recipe libgcrypt-native-1.9.4-r0: task do_fetch: Started
NOTE: recipe gettext-native-0.21-r0: task do_deploy_source_date_epoch: Started
NOTE: recipe libgcrypt-native-1.9.4-r0: task do_fetch: Succeeded
NOTE: recipe ncurses-6.3+20220423-r0: task do_unpack: Started
NOTE: Running task 237 of 4196 (/home/ubuntu/yocto/poky/meta/recipes-core/libxcrypt/libxcrypt_4.4.33.bb:do_unpack)
NOTE: recipe libxcrypt-4.4.33-r0: task do_unpack: Started
NOTE: recipe libunistring-native-1.0-r0: task do_unpack: Started
NOTE: recipe gettext-native-0.21-r0: task do_deploy_source_date_epoch: Succeeded
NOTE: Running task 238 of 4196 (virtual:native:/home/ubuntu/yocto/poky/meta/recipes-devtools/python/python3-wheel_0.37.1.bb:do_deploy_source_date_epoch)
NOTE: recipe python3-setuptools-native-59.5.0-r0: task do_patch: Succeeded
NOTE: Running task 239 of 4196 (virtual:native:/home/ubuntu/yocto/poky/meta/recipes-devtools/meson/meson_0.61.3.bb:do_fetch)
NOTE: recipe python3-wheel-native-0.37.1-r0: task do_deploy_source_date_epoch: Started
NOTE: recipe libunistring-native-1.0-r0: task do_unpack: Succeeded
NOTE: Running task 240 of 4196 (virtual:native:/home/ubuntu/yocto/poky/meta/recipes-support/libunistring/libunistring_1.0.bb:do_patch)
NOTE: recipe meson-native-0.61.3-r0: task do_fetch: Started
NOTE: recipe meson-native-0.61.3-r0: task do_fetch: Succeeded
NOTE: Running task 241 of 4196 (/home/ubuntu/yocto/poky/meta/recipes-connectivity/openssl/openssl_3.0.17.bb:do_unpack)
NOTE: recipe libunistring-native-1.0-r0: task do_patch: Started
NOTE: recipe python3-wheel-native-0.37.1-r0: task do_deploy_source_date_epoch: Succeeded
NOTE: recipe libxcrypt-4.4.33-r0: task do_unpack: Succeeded
NOTE: Running task 242 of 4196 (/home/ubuntu/yocto/poky/meta/recipes-support/gdbm/gdbm_1.23.bb:do_unpack)
NOTE: Running task 243 of 4196 (/home/ubuntu/yocto/poky/meta/recipes-support/libcap-ng/libcap-ng_0.8.2.bb:do_unpack)
NOTE: recipe libunistring-native-1.0-r0: task do_patch: Succeeded
NOTE: Running task 244 of 4196 (/home/ubuntu/yocto/poky/meta/recipes-support/libpcre/libpcre_8.45.bb:do_unpack)
NOTE: recipe gdbm-1.23-r0: task do_unpack: Started
NOTE: recipe openssl-3.0.17-r0: task do_unpack: Started
NOTE: recipe libcap-ng-0.8.2-r0: task do_unpack: Started
NOTE: recipe libpcre-8.45-r0: task do_unpack: Started
NOTE: recipe ncurses-6.3+20220423-r0: task do_unpack: Succeeded
NOTE: Running task 245 of 4196 (virtual:native:/home/ubuntu/yocto/poky/meta/recipes-support/libpcre/libpcre2_10.40.bb:do_unpack)
NOTE: recipe gdbm-1.23-r0: task do_unpack: Succeeded
NOTE: Running task 246 of 4196 (virtual:native:/home/ubuntu/yocto/poky/meta/recipes-support/libcap-ng/libcap-ng_0.8.2.bb:do_unpack)
NOTE: recipe libcap-ng-0.8.2-r0: task do_unpack: Succeeded
NOTE: Running task 247 of 4196 (virtual:native:/home/ubuntu/yocto/poky/meta/recipes-devtools/e2fsprogs/e2fsprogs_1.46.5.bb:do_fetch)
NOTE: recipe libcap-ng-native-0.8.2-r0: task do_unpack: Started
NOTE: recipe libpcre2-native-10.40-r0: task do_unpack: Started
NOTE: recipe libcap-ng-native-0.8.2-r0: task do_unpack: Succeeded
NOTE: Running task 248 of 4196 (virtual:native:/home/ubuntu/yocto/poky/meta/recipes-support/libcap-ng/libcap-ng_0.8.2.bb:do_patch)
NOTE: recipe e2fsprogs-native-1.46.5-r0: task do_fetch: Started
NOTE: recipe libcap-ng-native-0.8.2-r0: task do_patch: Started
NOTE: recipe e2fsprogs-native-1.46.5-r0: task do_fetch: Succeeded
NOTE: Running task 249 of 4196 (virtual:native:/home/ubuntu/yocto/poky/meta/recipes-support/libgpg-error/libgpg-error_1.44.bb:do_unpack)
NOTE: recipe openssl-3.0.17-r0: task do_unpack: Succeeded
NOTE: Running task 250 of 4196 (virtual:native:/home/ubuntu/yocto/poky/meta/recipes-support/libgcrypt/libgcrypt_1.9.4.bb:do_unpack)
NOTE: recipe libpcre-8.45-r0: task do_unpack: Succeeded
NOTE: Running task 251 of 4196 (virtual:native:/home/ubuntu/yocto/poky/meta/recipes-support/lzo/lzo_2.10.bb:do_fetch)
NOTE: recipe libcap-ng-native-0.8.2-r0: task do_patch: Succeeded
NOTE: Running task 252 of 4196 (virtual:native:/home/ubuntu/yocto/poky/meta/recipes-extended/libarchive/libarchive_3.6.2.bb:do_fetch)
NOTE: recipe libgcrypt-native-1.9.4-r0: task do_unpack: Started
NOTE: recipe libgpg-error-native-1.44-r0: task do_unpack: Started
NOTE: recipe lzo-native-2.10-r0: task do_fetch: Started
NOTE: recipe lzo-native-2.10-r0: task do_fetch: Succeeded
NOTE: Running task 253 of 4196 (virtual:native:/home/ubuntu/yocto/poky/meta/recipes-extended/libidn/libidn2_2.3.2.bb:do_fetch)
NOTE: recipe libarchive-native-3.6.2-r0: task do_fetch: Started
NOTE: recipe libpcre2-native-10.40-r0: task do_unpack: Succeeded
NOTE: recipe libarchive-native-3.6.2-r0: task do_fetch: Succeeded
NOTE: Running task 254 of 4196 (virtual:native:/home/ubuntu/yocto/poky/meta/recipes-support/libpcre/libpcre2_10.40.bb:do_patch)
NOTE: Running task 255 of 4196 (virtual:native:/home/ubuntu/yocto/poky/meta/recipes-support/nettle/nettle_3.7.3.bb:do_fetch)
NOTE: recipe libidn2-native-2.3.2-r0: task do_fetch: Started
NOTE: recipe libidn2-native-2.3.2-r0: task do_fetch: Succeeded
NOTE: Running task 256 of 4196 (virtual:native:/home/ubuntu/yocto/poky/meta/recipes-support/gnutls/gnutls_3.7.4.bb:do_fetch)
NOTE: recipe nettle-native-3.7.3-r0: task do_fetch: Started
NOTE: recipe libpcre2-native-10.40-r0: task do_patch: Started
NOTE: recipe nettle-native-3.7.3-r0: task do_fetch: Succeeded
NOTE: Running task 257 of 4196 (virtual:native:/home/ubuntu/yocto/poky/meta/recipes-support/libmicrohttpd/libmicrohttpd_0.9.76.bb:do_fetch)
NOTE: recipe libgpg-error-native-1.44-r0: task do_unpack: Succeeded
NOTE: Running task 258 of 4196 (virtual:native:/home/ubuntu/yocto/poky/meta/recipes-support/libgpg-error/libgpg-error_1.44.bb:do_patch)
NOTE: recipe gnutls-native-3.7.4-r0: task do_fetch: Started
NOTE: recipe libpcre2-native-10.40-r0: task do_patch: Succeeded
NOTE: Running task 259 of 4196 (virtual:native:/home/ubuntu/yocto/poky/meta/recipes-devtools/elfutils/elfutils_0.186.bb:do_fetch)
NOTE: recipe gnutls-native-3.7.4-r0: task do_fetch: Succeeded
NOTE: Running task 260 of 4196 (virtual:native:/home/ubuntu/yocto/poky/meta/recipes-devtools/ninja/ninja_1.10.2.bb:do_deploy_source_date_epoch)
NOTE: recipe libmicrohttpd-native-0.9.76-r0: task do_fetch: Started
NOTE: recipe libmicrohttpd-native-0.9.76-r0: task do_fetch: Succeeded
NOTE: Running task 261 of 4196 (virtual:native:/home/ubuntu/yocto/poky/meta/recipes-devtools/python/python3-setuptools_59.5.0.bb:do_deploy_source_date_epoch)
NOTE: recipe libgpg-error-native-1.44-r0: task do_patch: Started
NOTE: recipe ninja-native-1.10.2-r0: task do_deploy_source_date_epoch: Started
NOTE: recipe elfutils-native-0.186-r0: task do_fetch: Started
NOTE: recipe elfutils-native-0.186-r0: task do_fetch: Succeeded
NOTE: Running task 262 of 4196 (virtual:native:/home/ubuntu/yocto/poky/meta/recipes-devtools/meson/meson_0.61.3.bb:do_unpack)
NOTE: recipe python3-setuptools-native-59.5.0-r0: task do_deploy_source_date_epoch: Started
NOTE: recipe ninja-native-1.10.2-r0: task do_deploy_source_date_epoch: Succeeded
NOTE: recipe libgpg-error-native-1.44-r0: task do_patch: Succeeded
NOTE: Running task 263 of 4196 (virtual:native:/home/ubuntu/yocto/poky/meta/recipes-devtools/e2fsprogs/e2fsprogs_1.46.5.bb:do_unpack)
NOTE: Running task 264 of 4196 (virtual:native:/home/ubuntu/yocto/poky/meta/recipes-support/lzo/lzo_2.10.bb:do_unpack)
NOTE: recipe libgcrypt-native-1.9.4-r0: task do_unpack: Succeeded
NOTE: Running task 265 of 4196 (virtual:native:/home/ubuntu/yocto/poky/meta/recipes-support/libgcrypt/libgcrypt_1.9.4.bb:do_patch)
NOTE: recipe meson-native-0.61.3-r0: task do_unpack: Started
NOTE: recipe python3-setuptools-native-59.5.0-r0: task do_deploy_source_date_epoch: Succeeded
NOTE: Running task 266 of 4196 (virtual:native:/home/ubuntu/yocto/poky/meta/recipes-extended/libarchive/libarchive_3.6.2.bb:do_unpack)
NOTE: recipe e2fsprogs-native-1.46.5-r0: task do_unpack: Started
NOTE: recipe libgcrypt-native-1.9.4-r0: task do_patch: Started
NOTE: recipe lzo-native-2.10-r0: task do_unpack: Started
NOTE: recipe libarchive-native-3.6.2-r0: task do_unpack: Started
NOTE: recipe lzo-native-2.10-r0: task do_unpack: Succeeded
NOTE: Running task 267 of 4196 (virtual:native:/home/ubuntu/yocto/poky/meta/recipes-support/lzo/lzo_2.10.bb:do_patch)
NOTE: recipe lzo-native-2.10-r0: task do_patch: Started
NOTE: recipe libarchive-native-3.6.2-r0: task do_unpack: Succeeded
NOTE: Running task 268 of 4196 (virtual:native:/home/ubuntu/yocto/poky/meta/recipes-extended/libarchive/libarchive_3.6.2.bb:do_patch)
NOTE: recipe libgcrypt-native-1.9.4-r0: task do_patch: Succeeded
NOTE: Running task 269 of 4196 (virtual:native:/home/ubuntu/yocto/poky/meta/recipes-extended/libidn/libidn2_2.3.2.bb:do_unpack)
NOTE: recipe lzo-native-2.10-r0: task do_patch: Succeeded
NOTE: Running task 270 of 4196 (virtual:native:/home/ubuntu/yocto/poky/meta/recipes-support/nettle/nettle_3.7.3.bb:do_unpack)
NOTE: recipe libarchive-native-3.6.2-r0: task do_patch: Started
NOTE: recipe libidn2-native-2.3.2-r0: task do_unpack: Started
NOTE: recipe nettle-native-3.7.3-r0: task do_unpack: Started
NOTE: recipe meson-native-0.61.3-r0: task do_unpack: Succeeded
NOTE: recipe libidn2-native-2.3.2-r0: task do_unpack: Succeeded
NOTE: Running task 271 of 4196 (virtual:native:/home/ubuntu/yocto/poky/meta/recipes-devtools/meson/meson_0.61.3.bb:do_patch)
NOTE: Running task 272 of 4196 (virtual:native:/home/ubuntu/yocto/poky/meta/recipes-extended/libidn/libidn2_2.3.2.bb:do_patch)
NOTE: recipe e2fsprogs-native-1.46.5-r0: task do_unpack: Succeeded
NOTE: Running task 273 of 4196 (virtual:native:/home/ubuntu/yocto/poky/meta/recipes-devtools/e2fsprogs/e2fsprogs_1.46.5.bb:do_patch)
NOTE: recipe nettle-native-3.7.3-r0: task do_unpack: Succeeded
NOTE: Running task 274 of 4196 (virtual:native:/home/ubuntu/yocto/poky/meta/recipes-support/nettle/nettle_3.7.3.bb:do_patch)
NOTE: recipe meson-native-0.61.3-r0: task do_patch: Started
NOTE: recipe libidn2-native-2.3.2-r0: task do_patch: Started
NOTE: recipe libidn2-native-2.3.2-r0: task do_patch: Succeeded
NOTE: Running task 275 of 4196 (virtual:native:/home/ubuntu/yocto/poky/meta/recipes-support/libmicrohttpd/libmicrohttpd_0.9.76.bb:do_unpack)
NOTE: recipe e2fsprogs-native-1.46.5-r0: task do_patch: Started
NOTE: recipe nettle-native-3.7.3-r0: task do_patch: Started
NOTE: recipe libmicrohttpd-native-0.9.76-r0: task do_unpack: Started
NOTE: recipe nettle-native-3.7.3-r0: task do_patch: Succeeded
NOTE: Running task 276 of 4196 (virtual:native:/home/ubuntu/yocto/poky/meta/recipes-devtools/elfutils/elfutils_0.186.bb:do_unpack)
NOTE: recipe libmicrohttpd-native-0.9.76-r0: task do_unpack: Succeeded
NOTE: Running task 277 of 4196 (virtual:native:/home/ubuntu/yocto/poky/meta/recipes-support/libmicrohttpd/libmicrohttpd_0.9.76.bb:do_patch)
NOTE: recipe elfutils-native-0.186-r0: task do_unpack: Started
NOTE: recipe libmicrohttpd-native-0.9.76-r0: task do_patch: Started
NOTE: recipe meson-native-0.61.3-r0: task do_patch: Succeeded
NOTE: Running task 278 of 4196 (virtual:native:/home/ubuntu/yocto/poky/meta/recipes-support/libunistring/libunistring_1.0.bb:do_deploy_source_date_epoch)
NOTE: recipe libmicrohttpd-native-0.9.76-r0: task do_patch: Succeeded
NOTE: Running task 279 of 4196 (virtual:native:/home/ubuntu/yocto/poky/meta/recipes-support/libpcre/libpcre_8.45.bb:do_fetch)
NOTE: recipe e2fsprogs-native-1.46.5-r0: task do_patch: Succeeded
NOTE: Running task 280 of 4196 (virtual:native:/home/ubuntu/yocto/poky/meta/recipes-core/glib-2.0/glib-2.0_2.72.3.bb:do_fetch)
NOTE: recipe libunistring-native-1.0-r0: task do_deploy_source_date_epoch: Started
NOTE: recipe libpcre-native-8.45-r0: task do_fetch: Started
NOTE: recipe libpcre-native-8.45-r0: task do_fetch: Succeeded
NOTE: Running task 281 of 4196 (virtual:native:/home/ubuntu/yocto/poky/meta/recipes-support/libpcre/libpcre2_10.40.bb:do_deploy_source_date_epoch)
NOTE: recipe glib-2.0-native-1_2.72.3-r0: task do_fetch: Started
WARNING: glib-2.0-native-1_2.72.3-r0 do_fetch: Checksum mismatch for local file /home/ubuntu/yocto/rpi-build/downloads/glib-2.72.3.tar.xz
Cleaning and trying again.
WARNING: glib-2.0-native-1_2.72.3-r0 do_fetch: Renaming /home/ubuntu/yocto/rpi-build/downloads/glib-2.72.3.tar.xz to /home/ubuntu/yocto/rpi-build/downloads/glib-2.72.3.tar.xz_bad-checksum_e3b0c44298fc1c149afbf4c8996fb92427ae41e4649b934ca495991b7852b855
NOTE: recipe libarchive-native-3.6.2-r0: task do_patch: Succeeded
NOTE: Running task 282 of 4196 (virtual:native:/home/ubuntu/yocto/poky/meta/recipes-support/libcap-ng/libcap-ng_0.8.2.bb:do_deploy_source_date_epoch)
NOTE: recipe libunistring-native-1.0-r0: task do_deploy_source_date_epoch: Succeeded
NOTE: Running task 283 of 4196 (virtual:native:/home/ubuntu/yocto/poky/meta/recipes-devtools/file/file_5.41.bb:do_fetch)
NOTE: recipe libpcre2-native-10.40-r0: task do_deploy_source_date_epoch: Started
NOTE: recipe libcap-ng-native-0.8.2-r0: task do_deploy_source_date_epoch: Started
NOTE: recipe file-native-5.41-r0: task do_fetch: Started
NOTE: recipe libpcre2-native-10.40-r0: task do_deploy_source_date_epoch: Succeeded
NOTE: recipe glib-2.0-native-1_2.72.3-r0: task do_fetch: Succeeded
NOTE: Running task 284 of 4196 (virtual:native:/home/ubuntu/yocto/poky/meta/recipes-devtools/lua/lua_5.4.4.bb:do_fetch)
NOTE: Running task 285 of 4196 (virtual:native:/home/ubuntu/yocto/poky/meta/recipes-devtools/rpm/rpm_4.17.1.bb:do_fetch)
NOTE: recipe libcap-ng-native-0.8.2-r0: task do_deploy_source_date_epoch: Succeeded
NOTE: Running task 286 of 4196 (virtual:native:/home/ubuntu/yocto/poky/meta/recipes-support/libgpg-error/libgpg-error_1.44.bb:do_deploy_source_date_epoch)
NOTE: recipe rpm-native-1_4.17.1-r0: task do_fetch: Started
NOTE: recipe lua-native-5.4.4-r0: task do_fetch: Started
NOTE: recipe libgpg-error-native-1.44-r0: task do_deploy_source_date_epoch: Started
NOTE: recipe libgpg-error-native-1.44-r0: task do_deploy_source_date_epoch: Succeeded
NOTE: Running task 287 of 4196 (virtual:native:/home/ubuntu/yocto/poky/meta/recipes-support/libgcrypt/libgcrypt_1.9.4.bb:do_deploy_source_date_epoch)
NOTE: recipe libgcrypt-native-1.9.4-r0: task do_deploy_source_date_epoch: Started
NOTE: recipe elfutils-native-0.186-r0: task do_unpack: Succeeded
NOTE: Running task 288 of 4196 (virtual:native:/home/ubuntu/yocto/poky/meta/recipes-devtools/elfutils/elfutils_0.186.bb:do_patch)
NOTE: recipe libgcrypt-native-1.9.4-r0: task do_deploy_source_date_epoch: Succeeded
NOTE: Running task 289 of 4196 (virtual:native:/home/ubuntu/yocto/poky/meta/recipes-devtools/dwarfsrcfiles/dwarfsrcfiles.bb:do_fetch)
NOTE: recipe elfutils-native-0.186-r0: task do_patch: Started
NOTE: recipe dwarfsrcfiles-native-1.0-r0: task do_fetch: Started
NOTE: recipe dwarfsrcfiles-native-1.0-r0: task do_fetch: Succeeded
NOTE: Running task 290 of 4196 (/home/ubuntu/yocto/poky/meta/recipes-extended/libtirpc/libtirpc_1.3.2.bb:do_fetch)
NOTE: recipe libtirpc-1.3.2-r0: task do_fetch: Started
NOTE: recipe libtirpc-1.3.2-r0: task do_fetch: Succeeded
NOTE: Running task 291 of 4196 (/home/ubuntu/yocto/poky/meta/recipes-support/libffi/libffi_3.4.4.bb:do_fetch)
NOTE: recipe libffi-3.4.4-r0: task do_fetch: Started
NOTE: recipe libffi-3.4.4-r0: task do_fetch: Succeeded
NOTE: Running task 292 of 4196 (virtual:native:/home/ubuntu/yocto/poky/meta/recipes-devtools/meson/meson_0.61.3.bb:do_deploy_source_date_epoch)
NOTE: recipe meson-native-0.61.3-r0: task do_deploy_source_date_epoch: Started
NOTE: recipe meson-native-0.61.3-r0: task do_deploy_source_date_epoch: Succeeded
NOTE: Running task 293 of 4196 (virtual:native:/home/ubuntu/yocto/poky/meta/recipes-support/libpcre/libpcre_8.45.bb:do_unpack)
NOTE: recipe libpcre-native-8.45-r0: task do_unpack: Started
NOTE: recipe elfutils-native-0.186-r0: task do_patch: Succeeded
NOTE: Running task 294 of 4196 (virtual:native:/home/ubuntu/yocto/poky/meta/recipes-devtools/e2fsprogs/e2fsprogs_1.46.5.bb:do_deploy_source_date_epoch)
NOTE: recipe libpcre-native-8.45-r0: task do_unpack: Succeeded
NOTE: Running task 295 of 4196 (virtual:native:/home/ubuntu/yocto/poky/meta/recipes-support/libpcre/libpcre_8.45.bb:do_patch)
NOTE: recipe e2fsprogs-native-1.46.5-r0: task do_deploy_source_date_epoch: Started
NOTE: recipe libpcre-native-8.45-r0: task do_patch: Started
NOTE: recipe libpcre-native-8.45-r0: task do_patch: Succeeded
NOTE: recipe e2fsprogs-native-1.46.5-r0: task do_deploy_source_date_epoch: Succeeded
NOTE: Running task 296 of 4196 (virtual:native:/home/ubuntu/yocto/poky/meta/recipes-support/lzo/lzo_2.10.bb:do_deploy_source_date_epoch)
NOTE: Running task 297 of 4196 (virtual:native:/home/ubuntu/yocto/poky/meta/recipes-extended/libarchive/libarchive_3.6.2.bb:do_deploy_source_date_epoch)
NOTE: recipe lzo-native-2.10-r0: task do_deploy_source_date_epoch: Started
NOTE: recipe libarchive-native-3.6.2-r0: task do_deploy_source_date_epoch: Started
NOTE: recipe lzo-native-2.10-r0: task do_deploy_source_date_epoch: Succeeded
NOTE: Running task 298 of 4196 (virtual:native:/home/ubuntu/yocto/poky/meta/recipes-extended/libidn/libidn2_2.3.2.bb:do_deploy_source_date_epoch)
NOTE: recipe libarchive-native-3.6.2-r0: task do_deploy_source_date_epoch: Succeeded
NOTE: Running task 299 of 4196 (virtual:native:/home/ubuntu/yocto/poky/meta/recipes-support/nettle/nettle_3.7.3.bb:do_deploy_source_date_epoch)
NOTE: recipe libidn2-native-2.3.2-r0: task do_deploy_source_date_epoch: Started
NOTE: recipe unzip-native-1_6.0-r5: task do_compile: Succeeded
NOTE: Running task 300 of 4196 (virtual:native:/home/ubuntu/yocto/poky/meta/recipes-extended/unzip/unzip_6.0.bb:do_install)
NOTE: recipe nettle-native-3.7.3-r0: task do_deploy_source_date_epoch: Started
NOTE: recipe libidn2-native-2.3.2-r0: task do_deploy_source_date_epoch: Succeeded
NOTE: Running task 301 of 4196 (virtual:native:/home/ubuntu/yocto/poky/meta/recipes-support/libmicrohttpd/libmicrohttpd_0.9.76.bb:do_deploy_source_date_epoch)
NOTE: recipe unzip-native-1_6.0-r5: task do_install: Started
NOTE: recipe nettle-native-3.7.3-r0: task do_deploy_source_date_epoch: Succeeded
NOTE: Running task 302 of 4196 (virtual:native:/home/ubuntu/yocto/poky/meta/recipes-devtools/elfutils/elfutils_0.186.bb:do_deploy_source_date_epoch)
NOTE: recipe unzip-native-1_6.0-r5: task do_install: Succeeded
NOTE: Running task 303 of 4196 (virtual:native:/home/ubuntu/yocto/poky/meta/recipes-extended/unzip/unzip_6.0.bb:do_populate_sysroot)
NOTE: recipe libmicrohttpd-native-0.9.76-r0: task do_deploy_source_date_epoch: Started
NOTE: recipe elfutils-native-0.186-r0: task do_deploy_source_date_epoch: Started
NOTE: recipe unzip-native-1_6.0-r5: task do_populate_sysroot: Started
NOTE: recipe libmicrohttpd-native-0.9.76-r0: task do_deploy_source_date_epoch: Succeeded
NOTE: Running task 304 of 4196 (virtual:native:/home/ubuntu/yocto/poky/meta/recipes-devtools/dwarfsrcfiles/dwarfsrcfiles.bb:do_unpack)
NOTE: recipe elfutils-native-0.186-r0: task do_deploy_source_date_epoch: Succeeded
NOTE: Running task 305 of 4196 (/home/ubuntu/yocto/poky/meta/recipes-devtools/qemu/qemu-native_6.2.0.bb:do_fetch)
NOTE: recipe dwarfsrcfiles-native-1.0-r0: task do_unpack: Started
NOTE: recipe qemu-native-6.2.0-r0: task do_fetch: Started
NOTE: recipe dwarfsrcfiles-native-1.0-r0: task do_unpack: Succeeded
NOTE: Running task 306 of 4196 (virtual:native:/home/ubuntu/yocto/poky/meta/recipes-devtools/dwarfsrcfiles/dwarfsrcfiles.bb:do_patch)
NOTE: recipe unzip-native-1_6.0-r5: task do_populate_sysroot: Succeeded
NOTE: Running task 307 of 4196 (/home/ubuntu/yocto/poky/meta/recipes-extended/libtirpc/libtirpc_1.3.2.bb:do_unpack)
NOTE: recipe dwarfsrcfiles-native-1.0-r0: task do_patch: Started
NOTE: recipe dwarfsrcfiles-native-1.0-r0: task do_patch: Succeeded
NOTE: Running task 308 of 4196 (/home/ubuntu/yocto/poky/meta/recipes-support/libffi/libffi_3.4.4.bb:do_unpack)
NOTE: recipe libtirpc-1.3.2-r0: task do_unpack: Started
NOTE: recipe libffi-3.4.4-r0: task do_unpack: Started
NOTE: recipe lua-native-5.4.4-r0: task do_fetch: Succeeded
NOTE: recipe libtirpc-1.3.2-r0: task do_unpack: Succeeded
NOTE: Running task 309 of 4196 (virtual:native:/home/ubuntu/yocto/poky/meta/recipes-devtools/lua/lua_5.4.4.bb:do_unpack)
NOTE: Running task 310 of 4196 (/home/ubuntu/yocto/poky/meta/recipes-extended/xz/xz_5.2.6.bb:do_fetch)
NOTE: recipe libffi-3.4.4-r0: task do_unpack: Succeeded
NOTE: Running task 311 of 4196 (/home/ubuntu/yocto/poky/meta/recipes-core/readline/readline_8.1.2.bb:do_fetch)
NOTE: recipe xz-5.2.6-r0: task do_fetch: Started
NOTE: recipe readline-8.1.2-r0: task do_fetch: Started
NOTE: recipe lua-native-5.4.4-r0: task do_unpack: Started
NOTE: recipe xz-5.2.6-r0: task do_fetch: Succeeded
NOTE: Running task 312 of 4196 (/home/ubuntu/yocto/poky/meta/recipes-support/sqlite/sqlite3_3.38.5.bb:do_fetch)
NOTE: recipe readline-8.1.2-r0: task do_fetch: Succeeded
NOTE: Running task 313 of 4196 (/home/ubuntu/yocto/poky/meta/recipes-extended/libnsl/libnsl2_git.bb:do_fetch)
NOTE: recipe lua-native-5.4.4-r0: task do_unpack: Succeeded
NOTE: Running task 314 of 4196 (virtual:native:/home/ubuntu/yocto/poky/meta/recipes-devtools/lua/lua_5.4.4.bb:do_patch)
NOTE: recipe sqlite3-3_3.38.5-r0: task do_fetch: Started
NOTE: recipe libnsl2-2.0.0-r0: task do_fetch: Started
NOTE: recipe sqlite3-3_3.38.5-r0: task do_fetch: Succeeded
NOTE: Running task 315 of 4196 (/home/ubuntu/yocto/poky/meta/recipes-devtools/python/python3_3.10.18.bb:do_fetch)
NOTE: recipe lua-native-5.4.4-r0: task do_patch: Started
NOTE: recipe libnsl2-2.0.0-r0: task do_fetch: Succeeded
NOTE: Running task 316 of 4196 (/home/ubuntu/yocto/poky/meta/recipes-core/glib-2.0/glib-2.0_2.72.3.bb:do_fetch)
NOTE: recipe python3-3.10.18-r0: task do_fetch: Started
NOTE: recipe lua-native-5.4.4-r0: task do_patch: Succeeded
NOTE: Running task 317 of 4196 (/home/ubuntu/yocto/poky/meta/recipes-support/attr/attr_2.5.1.bb:do_fetch)
NOTE: recipe glib-2.0-1_2.72.3-r0: task do_fetch: Started
NOTE: recipe python3-3.10.18-r0: task do_fetch: Succeeded
NOTE: Running task 318 of 4196 (/home/ubuntu/yocto/poky/meta/recipes-core/expat/expat_2.5.0.bb:do_fetch)
NOTE: recipe glib-2.0-1_2.72.3-r0: task do_fetch: Succeeded
NOTE: Running task 319 of 4196 (virtual:native:/home/ubuntu/yocto/poky/meta/recipes-support/libpcre/libpcre_8.45.bb:do_deploy_source_date_epoch)
NOTE: recipe attr-2.5.1-r0: task do_fetch: Started
NOTE: recipe attr-2.5.1-r0: task do_fetch: Succeeded
NOTE: Running task 320 of 4196 (virtual:native:/home/ubuntu/yocto/poky/meta/recipes-core/glib-2.0/glib-2.0_2.72.3.bb:do_write_config)
NOTE: recipe expat-2.5.0-r0: task do_fetch: Started
NOTE: recipe libpcre-native-8.45-r0: task do_deploy_source_date_epoch: Started
NOTE: recipe glib-2.0-native-1_2.72.3-r0: task do_write_config: Started
NOTE: recipe glib-2.0-native-1_2.72.3-r0: task do_write_config: Succeeded
NOTE: Running task 321 of 4196 (virtual:native:/home/ubuntu/yocto/poky/meta/recipes-devtools/lua/lua_5.4.4.bb:do_deploy_source_date_epoch)
NOTE: recipe libpcre-native-8.45-r0: task do_deploy_source_date_epoch: Succeeded
NOTE: Running task 322 of 4196 (virtual:native:/home/ubuntu/yocto/poky/meta/recipes-devtools/dwarfsrcfiles/dwarfsrcfiles.bb:do_deploy_source_date_epoch)
NOTE: recipe lua-native-5.4.4-r0: task do_deploy_source_date_epoch: Started
NOTE: recipe dwarfsrcfiles-native-1.0-r0: task do_deploy_source_date_epoch: Started
NOTE: recipe lua-native-5.4.4-r0: task do_deploy_source_date_epoch: Succeeded
NOTE: Running task 323 of 4196 (/home/ubuntu/yocto/poky/meta/recipes-graphics/xorg-util/util-macros_1.19.3.bb:do_fetch)
NOTE: recipe dwarfsrcfiles-native-1.0-r0: task do_deploy_source_date_epoch: Succeeded
NOTE: Running task 324 of 4196 (/home/ubuntu/yocto/poky/meta/recipes-extended/xz/xz_5.2.6.bb:do_unpack)
NOTE: recipe util-macros-1_1.19.3-r0: task do_fetch: Started
NOTE: recipe xz-5.2.6-r0: task do_unpack: Started
NOTE: recipe xz-5.2.6-r0: task do_unpack: Succeeded
NOTE: Running task 325 of 4196 (/home/ubuntu/yocto/poky/meta/recipes-core/readline/readline_8.1.2.bb:do_unpack)
NOTE: recipe readline-8.1.2-r0: task do_unpack: Started
NOTE: recipe expat-2.5.0-r0: task do_fetch: Succeeded
NOTE: Running task 326 of 4196 (/home/ubuntu/yocto/poky/meta/recipes-support/sqlite/sqlite3_3.38.5.bb:do_unpack)
NOTE: recipe readline-8.1.2-r0: task do_unpack: Succeeded
NOTE: Running task 327 of 4196 (/home/ubuntu/yocto/poky/meta/recipes-extended/libnsl/libnsl2_git.bb:do_unpack)
NOTE: recipe sqlite3-3_3.38.5-r0: task do_unpack: Started
NOTE: recipe libnsl2-2.0.0-r0: task do_unpack: Started
NOTE: recipe sqlite3-3_3.38.5-r0: task do_unpack: Succeeded
NOTE: Running task 328 of 4196 (/home/ubuntu/yocto/poky/meta/recipes-devtools/cmake/cmake-native_3.22.3.bb:do_fetch)
NOTE: recipe zstd-native-1.5.2-r0: task do_compile: Succeeded
NOTE: Running task 329 of 4196 (virtual:native:/home/ubuntu/yocto/poky/meta/recipes-extended/zstd/zstd_1.5.2.bb:do_install)
NOTE: recipe cmake-native-3.22.3-r0: task do_fetch: Started
NOTE: recipe zstd-native-1.5.2-r0: task do_install: Started
NOTE: recipe libnsl2-2.0.0-r0: task do_unpack: Succeeded
NOTE: Running task 330 of 4196 (/home/ubuntu/yocto/poky/meta/recipes-core/expat/expat_2.5.0.bb:do_unpack)
NOTE: recipe expat-2.5.0-r0: task do_unpack: Started
NOTE: recipe qemu-native-6.2.0-r0: task do_fetch: Succeeded
NOTE: Running task 331 of 4196 (/home/ubuntu/yocto/poky/meta/recipes-support/attr/attr_2.5.1.bb:do_unpack)
NOTE: recipe attr-2.5.1-r0: task do_unpack: Started
NOTE: recipe attr-2.5.1-r0: task do_unpack: Succeeded
NOTE: Running task 332 of 4196 (/home/ubuntu/yocto/poky/meta/recipes-graphics/xorg-proto/xorgproto_2021.5.bb:do_fetch)
NOTE: recipe xorgproto-2021.5-r0: task do_fetch: Started
NOTE: recipe expat-2.5.0-r0: task do_unpack: Succeeded
NOTE: Running task 333 of 4196 (/home/ubuntu/yocto/poky/meta/recipes-core/glib-2.0/glib-2.0_2.72.3.bb:do_write_config)
NOTE: recipe glib-2.0-1_2.72.3-r0: task do_write_config: Started
NOTE: recipe glib-2.0-1_2.72.3-r0: task do_write_config: Succeeded
NOTE: Running task 334 of 4196 (/home/ubuntu/yocto/poky/meta/recipes-graphics/xorg-lib/xtrans_1.4.0.bb:do_fetch)
NOTE: recipe xtrans-1_1.4.0-r0: task do_fetch: Started
NOTE: recipe file-native-5.41-r0: task do_fetch: Succeeded
NOTE: Running task 335 of 4196 (virtual:native:/home/ubuntu/yocto/poky/meta/recipes-devtools/file/file_5.41.bb:do_unpack)
NOTE: recipe util-macros-1_1.19.3-r0: task do_fetch: Succeeded
NOTE: Running task 336 of 4196 (/home/ubuntu/yocto/poky/meta/recipes-graphics/xorg-util/util-macros_1.19.3.bb:do_unpack)
NOTE: recipe util-macros-1_1.19.3-r0: task do_unpack: Started
NOTE: recipe file-native-5.41-r0: task do_unpack: Started
NOTE: recipe util-macros-1_1.19.3-r0: task do_unpack: Succeeded
NOTE: Running task 337 of 4196 (/home/ubuntu/yocto/poky/meta/recipes-devtools/autoconf-archive/autoconf-archive_2022.02.11.bb:do_fetch)
NOTE: recipe autoconf-archive-2022.02.11-r0: task do_fetch: Started
NOTE: recipe autoconf-archive-2022.02.11-r0: task do_fetch: Succeeded
NOTE: Running task 338 of 4196 (/home/ubuntu/yocto/poky/meta/recipes-graphics/xorg-proto/xorgproto_2021.5.bb:do_write_config)
NOTE: recipe xorgproto-2021.5-r0: task do_write_config: Started
NOTE: recipe xorgproto-2021.5-r0: task do_write_config: Succeeded
NOTE: recipe file-native-5.41-r0: task do_unpack: Succeeded
NOTE: Running task 339 of 4196 (/home/ubuntu/yocto/poky/meta/recipes-core/base-passwd/base-passwd_3.5.52.bb:do_fetch)
NOTE: Running task 340 of 4196 (virtual:native:/home/ubuntu/yocto/poky/meta/recipes-devtools/file/file_5.41.bb:do_patch)
NOTE: recipe xorgproto-2021.5-r0: task do_fetch: Succeeded
NOTE: Running task 341 of 4196 (/home/ubuntu/yocto/poky/meta/recipes-graphics/xorg-proto/xorgproto_2021.5.bb:do_unpack)
NOTE: recipe base-passwd-3.5.52-r0: task do_fetch: Started
NOTE: recipe xorgproto-2021.5-r0: task do_unpack: Started
NOTE: recipe file-native-5.41-r0: task do_patch: Started
NOTE: recipe file-native-5.41-r0: task do_patch: Succeeded
NOTE: Running task 342 of 4196 (virtual:native:/home/ubuntu/yocto/poky/meta/recipes-devtools/file/file_5.41.bb:do_deploy_source_date_epoch)
NOTE: recipe file-native-5.41-r0: task do_deploy_source_date_epoch: Started
NOTE: recipe xorgproto-2021.5-r0: task do_unpack: Succeeded
NOTE: Running task 343 of 4196 (/home/ubuntu/yocto/poky/meta/recipes-core/libxml/libxml2_2.9.14.bb:do_fetch)
NOTE: recipe file-native-5.41-r0: task do_deploy_source_date_epoch: Succeeded
NOTE: Running task 344 of 4196 (/home/ubuntu/yocto/poky/meta/recipes-graphics/xorg-lib/libpthread-stubs_0.4.bb:do_fetch)
NOTE: recipe libxml2-2.9.14-r0: task do_fetch: Started
NOTE: recipe libpthread-stubs-0.4-r0: task do_fetch: Started
NOTE: recipe libxml2-2.9.14-r0: task do_fetch: Succeeded
NOTE: Running task 345 of 4196 (/home/ubuntu/yocto/poky/meta/recipes-graphics/xorg-lib/libxau_1.0.9.bb:do_fetch)
NOTE: recipe libxau-1_1.0.9-r0: task do_fetch: Started
NOTE: recipe base-passwd-3.5.52-r0: task do_fetch: Succeeded
NOTE: Running task 346 of 4196 (/home/ubuntu/yocto/poky/meta/recipes-graphics/xorg-proto/xcb-proto_1.14.1.bb:do_fetch)
NOTE: recipe xcb-proto-1.14.1-r0: task do_fetch: Started
NOTE: recipe zstd-native-1.5.2-r0: task do_install: Succeeded
NOTE: Running task 347 of 4196 (virtual:native:/home/ubuntu/yocto/poky/meta/recipes-extended/zstd/zstd_1.5.2.bb:do_populate_sysroot)
NOTE: recipe zstd-native-1.5.2-r0: task do_populate_sysroot: Started
NOTE: recipe zstd-native-1.5.2-r0: task do_populate_sysroot: Succeeded
NOTE: Running task 348 of 4196 (/home/ubuntu/yocto/poky/meta/recipes-graphics/xorg-lib/libxdmcp_1.1.3.bb:do_fetch)
NOTE: recipe libpthread-stubs-0.4-r0: task do_fetch: Succeeded
NOTE: Running task 349 of 4196 (/home/ubuntu/yocto/poky/meta/recipes-graphics/xorg-lib/libxcb_1.14.bb:do_fetch)
NOTE: recipe libxdmcp-1_1.1.3-r0: task do_fetch: Started
NOTE: recipe libxcb-1.14-r0: task do_fetch: Started
NOTE: recipe xcb-proto-1.14.1-r0: task do_fetch: Succeeded
NOTE: Running task 350 of 4196 (virtual:native:/home/ubuntu/yocto/poky/meta/recipes-core/update-rc.d/update-rc.d_0.8.bb:do_fetch)
NOTE: recipe update-rc.d-native-0.8-r0: task do_fetch: Started
NOTE: recipe m4-native-1.4.19-r0: task do_configure: Succeeded
NOTE: Running task 351 of 4196 (/home/ubuntu/yocto/poky/meta/recipes-devtools/m4/m4-native_1.4.19.bb:do_compile)
NOTE: recipe m4-native-1.4.19-r0: task do_compile: Started
NOTE: recipe cmake-native-3.22.3-r0: task do_fetch: Succeeded
NOTE: Running task 352 of 4196 (/home/ubuntu/yocto/poky/meta/recipes-devtools/cmake/cmake-native_3.22.3.bb:do_unpack)
NOTE: recipe cmake-native-3.22.3-r0: task do_unpack: Started
NOTE: recipe libxcb-1.14-r0: task do_fetch: Succeeded
NOTE: recipe update-rc.d-native-0.8-r0: task do_fetch: Succeeded
NOTE: Running task 353 of 4196 (/home/ubuntu/yocto/poky/meta/recipes-core/initscripts/initscripts_1.0.bb:do_fetch)
NOTE: Running task 354 of 4196 (/home/ubuntu/yocto/poky/meta/recipes-core/update-rc.d/update-rc.d_0.8.bb:do_fetch)
NOTE: recipe update-rc.d-0.8-r0: task do_fetch: Started
NOTE: recipe initscripts-1.0-r155: task do_fetch: Started
NOTE: recipe libxau-1_1.0.9-r0: task do_fetch: Succeeded
NOTE: Running task 355 of 4196 (virtual:native:/home/ubuntu/yocto/poky/meta/recipes-graphics/xorg-proto/xorgproto_2021.5.bb:do_fetch)
NOTE: recipe initscripts-1.0-r155: task do_fetch: Succeeded
NOTE: Running task 356 of 4196 (/home/ubuntu/yocto/poky/meta/recipes-graphics/xorg-lib/libx11_1.7.3.1.bb:do_fetch)
NOTE: recipe update-rc.d-0.8-r0: task do_fetch: Succeeded
NOTE: Running task 357 of 4196 (/home/ubuntu/yocto/poky/meta/recipes-graphics/xorg-lib/libice_1.0.10.bb:do_fetch)
NOTE: recipe libx11-1_1.7.3.1-r0: task do_fetch: Started
NOTE: recipe xorgproto-native-2021.5-r0: task do_fetch: Started
NOTE: recipe xorgproto-native-2021.5-r0: task do_fetch: Succeeded
NOTE: Running task 358 of 4196 (/home/ubuntu/yocto/poky/meta/recipes-extended/shadow/shadow_4.11.1.bb:do_fetch)
NOTE: recipe libice-1_1.0.10-r0: task do_fetch: Started
NOTE: recipe shadow-4.11.1-r0: task do_fetch: Started
NOTE: recipe shadow-4.11.1-r0: task do_fetch: Succeeded
NOTE: Running task 359 of 4196 (/home/ubuntu/yocto/poky/meta/recipes-core/base-files/base-files_3.0.14.bb:do_fetch)
NOTE: recipe base-files-3.0.14-r89: task do_fetch: Started
NOTE: recipe base-files-3.0.14-r89: task do_fetch: Succeeded
NOTE: Running task 360 of 4196 (/home/ubuntu/yocto/poky/meta/recipes-graphics/xorg-lib/libsm_1.2.3.bb:do_fetch)
NOTE: recipe libsm-1_1.2.3-r0: task do_fetch: Started
NOTE: recipe libxdmcp-1_1.1.3-r0: task do_fetch: Succeeded
NOTE: Running task 361 of 4196 (virtual:native:/home/ubuntu/yocto/poky/meta/recipes-extended/shadow/shadow_4.11.1.bb:do_fetch)
NOTE: recipe cmake-native-3.22.3-r0: task do_unpack: Succeeded
NOTE: Running task 362 of 4196 (/home/ubuntu/yocto/poky/meta/recipes-devtools/cmake/cmake-native_3.22.3.bb:do_patch)
NOTE: recipe cmake-native-3.22.3-r0: task do_patch: Started
NOTE: recipe shadow-native-4.11.1-r0: task do_fetch: Started
NOTE: recipe shadow-native-4.11.1-r0: task do_fetch: Succeeded
NOTE: Running task 363 of 4196 (/home/ubuntu/yocto/poky/meta/recipes-extended/shadow/shadow-sysroot_4.6.bb:do_fetch)
NOTE: recipe shadow-sysroot-4.6-r3: task do_fetch: Started
NOTE: recipe shadow-sysroot-4.6-r3: task do_fetch: Succeeded
NOTE: Running task 364 of 4196 (/home/ubuntu/yocto/poky/meta/recipes-core/dbus/dbus_1.14.8.bb:do_fetch)
NOTE: recipe cmake-native-3.22.3-r0: task do_patch: Succeeded
NOTE: recipe dbus-1.14.8-r0: task do_fetch: Started
NOTE: Running task 365 of 4196 (/home/ubuntu/yocto/poky/meta/recipes-devtools/cmake/cmake-native_3.22.3.bb:do_deploy_source_date_epoch)
NOTE: recipe cmake-native-3.22.3-r0: task do_deploy_source_date_epoch: Started
NOTE: recipe cmake-native-3.22.3-r0: task do_deploy_source_date_epoch: Succeeded
NOTE: Running task 366 of 4196 (/home/ubuntu/yocto/poky/meta/recipes-graphics/xorg-lib/libpthread-stubs_0.4.bb:do_unpack)
NOTE: recipe libpthread-stubs-0.4-r0: task do_unpack: Started
NOTE: recipe libpthread-stubs-0.4-r0: task do_unpack: Succeeded
NOTE: Running task 367 of 4196 (/home/ubuntu/yocto/poky/meta/recipes-graphics/xorg-lib/libxau_1.0.9.bb:do_unpack)
NOTE: recipe libxau-1_1.0.9-r0: task do_unpack: Started
NOTE: recipe libxau-1_1.0.9-r0: task do_unpack: Succeeded
NOTE: Running task 368 of 4196 (/home/ubuntu/yocto/poky/meta/recipes-graphics/xorg-lib/libxdmcp_1.1.3.bb:do_unpack)
NOTE: recipe libxdmcp-1_1.1.3-r0: task do_unpack: Started
NOTE: recipe libxdmcp-1_1.1.3-r0: task do_unpack: Succeeded
NOTE: Running task 369 of 4196 (virtual:native:/home/ubuntu/yocto/poky/meta/recipes-core/update-rc.d/update-rc.d_0.8.bb:do_unpack)
NOTE: recipe update-rc.d-native-0.8-r0: task do_unpack: Started
NOTE: recipe m4-native-1.4.19-r0: task do_compile: Succeeded
NOTE: Running task 370 of 4196 (/home/ubuntu/yocto/poky/meta/recipes-devtools/m4/m4-native_1.4.19.bb:do_install)
NOTE: recipe update-rc.d-native-0.8-r0: task do_unpack: Succeeded
NOTE: Running task 371 of 4196 (virtual:native:/home/ubuntu/yocto/poky/meta/recipes-core/update-rc.d/update-rc.d_0.8.bb:do_patch)
NOTE: recipe m4-native-1.4.19-r0: task do_install: Started
NOTE: recipe update-rc.d-native-0.8-r0: task do_patch: Started
NOTE: recipe update-rc.d-native-0.8-r0: task do_patch: Succeeded
NOTE: Running task 372 of 4196 (/home/ubuntu/yocto/poky/meta/recipes-core/initscripts/initscripts_1.0.bb:do_unpack)
NOTE: recipe initscripts-1.0-r155: task do_unpack: Started
NOTE: recipe initscripts-1.0-r155: task do_unpack: Succeeded
NOTE: Running task 373 of 4196 (/home/ubuntu/yocto/poky/meta/recipes-core/update-rc.d/update-rc.d_0.8.bb:do_unpack)
NOTE: recipe m4-native-1.4.19-r0: task do_install: Succeeded
NOTE: Running task 374 of 4196 (/home/ubuntu/yocto/poky/meta/recipes-devtools/m4/m4-native_1.4.19.bb:do_populate_sysroot)
NOTE: recipe rpm-native-1_4.17.1-r0: task do_fetch: Succeeded
NOTE: Running task 375 of 4196 (virtual:native:/home/ubuntu/yocto/poky/meta/recipes-devtools/rpm/rpm_4.17.1.bb:do_unpack)
NOTE: recipe update-rc.d-0.8-r0: task do_unpack: Started
NOTE: recipe m4-native-1.4.19-r0: task do_populate_sysroot: Started
NOTE: recipe rpm-native-1_4.17.1-r0: task do_unpack: Started
NOTE: recipe m4-native-1.4.19-r0: task do_populate_sysroot: Succeeded
NOTE: Running task 376 of 4196 (virtual:native:/home/ubuntu/yocto/poky/meta/recipes-devtools/autoconf/autoconf_2.71.bb:do_prepare_recipe_sysroot)
NOTE: recipe update-rc.d-0.8-r0: task do_unpack: Succeeded
NOTE: Running task 377 of 4196 (virtual:native:/home/ubuntu/yocto/poky/meta/recipes-graphics/xorg-proto/xorgproto_2021.5.bb:do_unpack)
NOTE: recipe autoconf-native-2.71-r0: task do_prepare_recipe_sysroot: Started
NOTE: recipe xorgproto-native-2021.5-r0: task do_unpack: Started
NOTE: recipe autoconf-native-2.71-r0: task do_prepare_recipe_sysroot: Succeeded
NOTE: Running task 378 of 4196 (virtual:native:/home/ubuntu/yocto/poky/meta/recipes-devtools/autoconf/autoconf_2.71.bb:do_configure)
NOTE: recipe rpm-native-1_4.17.1-r0: task do_unpack: Succeeded
NOTE: recipe autoconf-native-2.71-r0: task do_configure: Started
NOTE: Running task 379 of 4196 (virtual:native:/home/ubuntu/yocto/poky/meta/recipes-devtools/rpm/rpm_4.17.1.bb:do_patch)
NOTE: recipe dbus-1.14.8-r0: task do_fetch: Succeeded
NOTE: Running task 380 of 4196 (/home/ubuntu/yocto/poky/meta/recipes-extended/shadow/shadow_4.11.1.bb:do_unpack)
NOTE: recipe xorgproto-native-2021.5-r0: task do_unpack: Succeeded
NOTE: recipe rpm-native-1_4.17.1-r0: task do_patch: Started
NOTE: Running task 381 of 4196 (virtual:native:/home/ubuntu/yocto/poky/meta/recipes-graphics/xorg-proto/xorgproto_2021.5.bb:do_patch)
NOTE: recipe shadow-4.11.1-r0: task do_unpack: Started
NOTE: recipe xorgproto-native-2021.5-r0: task do_patch: Started
NOTE: recipe xorgproto-native-2021.5-r0: task do_patch: Succeeded
NOTE: Running task 382 of 4196 (/home/ubuntu/yocto/poky/meta/recipes-core/base-files/base-files_3.0.14.bb:do_unpack)
NOTE: recipe base-files-3.0.14-r89: task do_unpack: Started
NOTE: recipe shadow-4.11.1-r0: task do_unpack: Succeeded
NOTE: Running task 383 of 4196 (virtual:native:/home/ubuntu/yocto/poky/meta/recipes-extended/shadow/shadow_4.11.1.bb:do_unpack)
NOTE: recipe libice-1_1.0.10-r0: task do_fetch: Succeeded
NOTE: Running task 384 of 4196 (/home/ubuntu/yocto/poky/meta/recipes-graphics/xorg-lib/libice_1.0.10.bb:do_unpack)
NOTE: recipe base-files-3.0.14-r89: task do_unpack: Succeeded
NOTE: Running task 385 of 4196 (/home/ubuntu/yocto/poky/meta/recipes-extended/shadow/shadow-sysroot_4.6.bb:do_unpack)
NOTE: recipe shadow-native-4.11.1-r0: task do_unpack: Started
NOTE: recipe libice-1_1.0.10-r0: task do_unpack: Started
NOTE: recipe shadow-sysroot-4.6-r3: task do_unpack: Started
NOTE: recipe shadow-sysroot-4.6-r3: task do_unpack: Succeeded
NOTE: Running task 386 of 4196 (virtual:native:/home/ubuntu/yocto/poky/meta/recipes-support/icu/icu_70.1.bb:do_fetch)
NOTE: recipe libice-1_1.0.10-r0: task do_unpack: Succeeded
NOTE: Running task 387 of 4196 (virtual:native:/home/ubuntu/yocto/poky/meta/recipes-core/libxml/libxml2_2.9.14.bb:do_fetch)
NOTE: recipe shadow-native-4.11.1-r0: task do_unpack: Succeeded
NOTE: Running task 388 of 4196 (virtual:native:/home/ubuntu/yocto/poky/meta/recipes-extended/shadow/shadow_4.11.1.bb:do_patch)
NOTE: recipe icu-native-70.1-r0: task do_fetch: Started
NOTE: recipe libxml2-native-2.9.14-r0: task do_fetch: Started
NOTE: recipe libxml2-native-2.9.14-r0: task do_fetch: Succeeded
NOTE: Running task 389 of 4196 (virtual:native:/home/ubuntu/yocto/poky/meta/recipes-core/update-rc.d/update-rc.d_0.8.bb:do_deploy_source_date_epoch)
NOTE: recipe shadow-native-4.11.1-r0: task do_patch: Started
NOTE: recipe rpm-native-1_4.17.1-r0: task do_patch: Succeeded
NOTE: Running task 390 of 4196 (virtual:native:/home/ubuntu/yocto/poky/meta/recipes-devtools/rpm/rpm_4.17.1.bb:do_deploy_source_date_epoch)
NOTE: recipe update-rc.d-native-0.8-r0: task do_deploy_source_date_epoch: Started
NOTE: recipe rpm-native-1_4.17.1-r0: task do_deploy_source_date_epoch: Started
NOTE: recipe update-rc.d-native-0.8-r0: task do_deploy_source_date_epoch: Succeeded
NOTE: Running task 391 of 4196 (virtual:native:/home/ubuntu/yocto/poky/meta/recipes-core/update-rc.d/update-rc.d_0.8.bb:do_prepare_recipe_sysroot)
NOTE: recipe autoconf-native-2.71-r0: task do_configure: Succeeded
NOTE: recipe rpm-native-1_4.17.1-r0: task do_deploy_source_date_epoch: Succeeded
NOTE: Running task 392 of 4196 (virtual:native:/home/ubuntu/yocto/poky/meta/recipes-devtools/autoconf/autoconf_2.71.bb:do_compile)
NOTE: Running task 393 of 4196 (virtual:native:/home/ubuntu/yocto/poky/meta/recipes-graphics/xorg-proto/xorgproto_2021.5.bb:do_write_config)
NOTE: recipe update-rc.d-native-0.8-r0: task do_prepare_recipe_sysroot: Started
NOTE: recipe update-rc.d-native-0.8-r0: task do_prepare_recipe_sysroot: Succeeded
NOTE: Running task 394 of 4196 (virtual:native:/home/ubuntu/yocto/poky/meta/recipes-core/update-rc.d/update-rc.d_0.8.bb:do_configure)
NOTE: recipe autoconf-native-2.71-r0: task do_compile: Started
NOTE: recipe xorgproto-native-2021.5-r0: task do_write_config: Started
NOTE: recipe update-rc.d-native-0.8-r0: task do_configure: Started
NOTE: recipe xorgproto-native-2021.5-r0: task do_write_config: Succeeded
NOTE: Running task 395 of 4196 (virtual:native:/home/ubuntu/yocto/poky/meta/recipes-graphics/xorg-proto/xorgproto_2021.5.bb:do_deploy_source_date_epoch)
NOTE: recipe update-rc.d-native-0.8-r0: task do_configure: Succeeded
NOTE: Running task 396 of 4196 (virtual:native:/home/ubuntu/yocto/poky/meta/recipes-core/update-rc.d/update-rc.d_0.8.bb:do_compile)
NOTE: recipe shadow-native-4.11.1-r0: task do_patch: Succeeded
NOTE: Running task 397 of 4196 (/home/ubuntu/yocto/poky/meta/recipes-support/attr/acl_2.3.1.bb:do_fetch)
NOTE: recipe xorgproto-native-2021.5-r0: task do_deploy_source_date_epoch: Started
NOTE: recipe update-rc.d-native-0.8-r0: task do_compile: Started
NOTE: recipe update-rc.d-native-0.8-r0: task do_compile: Succeeded
NOTE: recipe acl-2.3.1-r0: task do_fetch: Started
NOTE: Running task 398 of 4196 (virtual:native:/home/ubuntu/yocto/poky/meta/recipes-core/update-rc.d/update-rc.d_0.8.bb:do_install)
NOTE: recipe acl-2.3.1-r0: task do_fetch: Succeeded
NOTE: Running task 399 of 4196 (/home/ubuntu/yocto/poky/meta/recipes-support/gmp/gmp_6.2.1.bb:do_fetch)
NOTE: recipe xorgproto-native-2021.5-r0: task do_deploy_source_date_epoch: Succeeded
NOTE: Running task 400 of 4196 (virtual:native:/home/ubuntu/yocto/poky/meta/recipes-extended/shadow/shadow_4.11.1.bb:do_deploy_source_date_epoch)
NOTE: recipe autoconf-native-2.71-r0: task do_compile: Succeeded
NOTE: recipe update-rc.d-native-0.8-r0: task do_install: Started
NOTE: Running task 401 of 4196 (virtual:native:/home/ubuntu/yocto/poky/meta/recipes-devtools/autoconf/autoconf_2.71.bb:do_install)
NOTE: recipe gmp-6.2.1-r0: task do_fetch: Started
NOTE: recipe gmp-6.2.1-r0: task do_fetch: Succeeded
NOTE: recipe update-rc.d-native-0.8-r0: task do_install: Succeeded
NOTE: Running task 402 of 4196 (virtual:native:/home/ubuntu/yocto/poky/meta/recipes-gnome/gobject-introspection/gobject-introspection_1.72.0.bb:do_fetch)
NOTE: Running task 403 of 4196 (virtual:native:/home/ubuntu/yocto/poky/meta/recipes-core/update-rc.d/update-rc.d_0.8.bb:do_populate_sysroot)
NOTE: recipe shadow-native-4.11.1-r0: task do_deploy_source_date_epoch: Started
NOTE: recipe libsm-1_1.2.3-r0: task do_fetch: Succeeded
NOTE: Running task 404 of 4196 (/home/ubuntu/yocto/poky/meta/recipes-graphics/xorg-lib/libsm_1.2.3.bb:do_unpack)
NOTE: recipe autoconf-native-2.71-r0: task do_install: Started
NOTE: recipe update-rc.d-native-0.8-r0: task do_populate_sysroot: Started
NOTE: recipe shadow-native-4.11.1-r0: task do_deploy_source_date_epoch: Succeeded
NOTE: recipe gobject-introspection-native-1.72.0-r0: task do_fetch: Started
NOTE: recipe libsm-1_1.2.3-r0: task do_unpack: Started
NOTE: Running task 405 of 4196 (virtual:native:/home/ubuntu/yocto/poky/meta/recipes-devtools/vala/vala_0.56.3.bb:do_fetch)
NOTE: recipe libsm-1_1.2.3-r0: task do_unpack: Succeeded
NOTE: Running task 406 of 4196 (/home/ubuntu/yocto/poky/meta/recipes-support/nettle/nettle_3.7.3.bb:do_fetch)
NOTE: recipe vala-native-0.56.3-r0: task do_fetch: Started
NOTE: recipe update-rc.d-native-0.8-r0: task do_populate_sysroot: Succeeded
NOTE: Running task 407 of 4196 (/home/ubuntu/yocto/poky/meta/recipes-support/libseccomp/libseccomp_2.5.3.bb:do_fetch)
NOTE: recipe autoconf-native-2.71-r0: task do_install: Succeeded
NOTE: recipe nettle-3.7.3-r0: task do_fetch: Started
NOTE: Running task 408 of 4196 (virtual:native:/home/ubuntu/yocto/poky/meta/recipes-devtools/autoconf/autoconf_2.71.bb:do_populate_sysroot)
NOTE: recipe gobject-introspection-native-1.72.0-r0: task do_fetch: Succeeded
NOTE: recipe nettle-3.7.3-r0: task do_fetch: Succeeded
NOTE: Running task 409 of 4196 (/home/ubuntu/yocto/poky/meta/recipes-support/attr/acl_2.3.1.bb:do_unpack)
NOTE: Running task 410 of 4196 (/home/ubuntu/yocto/poky/meta/recipes-support/lzo/lzo_2.10.bb:do_fetch)
NOTE: recipe libseccomp-2.5.3-r0: task do_fetch: Started
NOTE: recipe autoconf-native-2.71-r0: task do_populate_sysroot: Started
NOTE: recipe lzo-2.10-r0: task do_fetch: Started
NOTE: recipe acl-2.3.1-r0: task do_unpack: Started
NOTE: recipe lzo-2.10-r0: task do_fetch: Succeeded
NOTE: Running task 411 of 4196 (/home/ubuntu/yocto/poky/meta/recipes-support/gmp/gmp_6.2.1.bb:do_unpack)
NOTE: recipe acl-2.3.1-r0: task do_unpack: Succeeded
NOTE: Running task 412 of 4196 (/home/ubuntu/yocto/poky/meta/recipes-support/nettle/nettle_3.7.3.bb:do_unpack)
NOTE: recipe gmp-6.2.1-r0: task do_unpack: Started
NOTE: recipe nettle-3.7.3-r0: task do_unpack: Started
NOTE: recipe autoconf-native-2.71-r0: task do_populate_sysroot: Succeeded
NOTE: Running task 413 of 4196 (virtual:native:/home/ubuntu/yocto/poky/meta/recipes-devtools/automake/automake_1.16.5.bb:do_prepare_recipe_sysroot)
NOTE: recipe nettle-3.7.3-r0: task do_unpack: Succeeded
NOTE: Running task 414 of 4196 (/home/ubuntu/yocto/poky/meta/recipes-support/icu/icu_70.1.bb:do_fetch)
NOTE: recipe automake-native-1.16.5-r0: task do_prepare_recipe_sysroot: Started
NOTE: recipe icu-70.1-r0: task do_fetch: Started
NOTE: recipe automake-native-1.16.5-r0: task do_prepare_recipe_sysroot: Succeeded
NOTE: Running task 415 of 4196 (virtual:native:/home/ubuntu/yocto/poky/meta/recipes-devtools/automake/automake_1.16.5.bb:do_configure)
NOTE: recipe automake-native-1.16.5-r0: task do_configure: Started
NOTE: recipe libx11-1_1.7.3.1-r0: task do_fetch: Succeeded
NOTE: Running task 416 of 4196 (/home/ubuntu/yocto/poky/meta/recipes-multimedia/libpng/libpng_1.6.39.bb:do_fetch)
NOTE: recipe gmp-6.2.1-r0: task do_unpack: Succeeded
NOTE: Running task 417 of 4196 (/home/ubuntu/yocto/poky/meta/recipes-support/lzo/lzo_2.10.bb:do_unpack)
NOTE: recipe libpng-1.6.39-r0: task do_fetch: Started
NOTE: recipe lzo-2.10-r0: task do_unpack: Started
NOTE: recipe lzo-2.10-r0: task do_unpack: Succeeded
NOTE: Running task 418 of 4196 (/home/ubuntu/yocto/poky/meta/recipes-support/libunistring/libunistring_1.0.bb:do_fetch)
NOTE: recipe libunistring-1.0-r0: task do_fetch: Started
NOTE: recipe libunistring-1.0-r0: task do_fetch: Succeeded
NOTE: Running task 419 of 4196 (/home/ubuntu/yocto/poky/meta/recipes-support/libical/libical_3.0.16.bb:do_fetch)
NOTE: recipe libical-3.0.16-r0: task do_fetch: Started
NOTE: recipe vala-native-0.56.3-r0: task do_fetch: Succeeded
NOTE: Running task 420 of 4196 (virtual:native:/home/ubuntu/yocto/poky/meta/recipes-support/libical/libical_3.0.16.bb:do_fetch)
NOTE: recipe libical-native-3.0.16-r0: task do_fetch: Started
NOTE: recipe icu-native-70.1-r0: task do_fetch: Succeeded
NOTE: recipe icu-70.1-r0: task do_fetch: Succeeded
NOTE: Running task 421 of 4196 (virtual:native:/home/ubuntu/yocto/poky/meta/recipes-support/icu/icu_70.1.bb:do_unpack)
NOTE: Running task 422 of 4196 (/home/ubuntu/yocto/poky/meta/recipes-kernel/kmod/kmod_29.bb:do_fetch)
NOTE: recipe kmod-29-r0: task do_fetch: Started
NOTE: recipe icu-native-70.1-r0: task do_unpack: Started
NOTE: recipe libical-native-3.0.16-r0: task do_fetch: Succeeded
NOTE: recipe libical-3.0.16-r0: task do_fetch: Succeeded
NOTE: Running task 423 of 4196 (virtual:native:/home/ubuntu/yocto/poky/meta/recipes-support/libxslt/libxslt_1.1.35.bb:do_fetch)
NOTE: Running task 424 of 4196 (/home/ubuntu/yocto/poky/meta/recipes-core/udev/eudev_3.2.10.bb:do_fetch)
NOTE: recipe automake-native-1.16.5-r0: task do_configure: Succeeded
NOTE: Running task 425 of 4196 (virtual:native:/home/ubuntu/yocto/poky/meta/recipes-devtools/automake/automake_1.16.5.bb:do_compile)
NOTE: recipe eudev-3.2.10-r0: task do_fetch: Started
NOTE: recipe libxslt-native-1.1.35-r0: task do_fetch: Started
NOTE: recipe automake-native-1.16.5-r0: task do_compile: Started
NOTE: recipe automake-native-1.16.5-r0: task do_compile: Succeeded
NOTE: Running task 426 of 4196 (virtual:native:/home/ubuntu/yocto/poky/meta/recipes-devtools/automake/automake_1.16.5.bb:do_install)
NOTE: recipe libxslt-native-1.1.35-r0: task do_fetch: Succeeded
NOTE: Running task 427 of 4196 (/home/ubuntu/yocto/poky/meta/recipes-kernel/kern-tools/kern-tools-native_git.bb:do_fetch)
NOTE: recipe automake-native-1.16.5-r0: task do_install: Started
NOTE: recipe kern-tools-native-0.3+gitAUTOINC+2d01f24bc7-r0: task do_fetch: Started
NOTE: recipe kmod-29-r0: task do_fetch: Succeeded
NOTE: Running task 428 of 4196 (virtual:native:/home/ubuntu/yocto/poky/meta/recipes-core/expat/expat_2.5.0.bb:do_fetch)
NOTE: recipe expat-native-2.5.0-r0: task do_fetch: Started
NOTE: recipe expat-native-2.5.0-r0: task do_fetch: Succeeded
NOTE: Running task 429 of 4196 (/home/ubuntu/yocto/poky/meta/recipes-gnome/gobject-introspection/gobject-introspection_1.72.0.bb:do_fetch)
NOTE: recipe automake-native-1.16.5-r0: task do_install: Succeeded
NOTE: Running task 430 of 4196 (virtual:native:/home/ubuntu/yocto/poky/meta/recipes-devtools/automake/automake_1.16.5.bb:do_populate_sysroot)
NOTE: recipe gobject-introspection-1.72.0-r0: task do_fetch: Started
NOTE: recipe automake-native-1.16.5-r0: task do_populate_sysroot: Started
NOTE: recipe gobject-introspection-1.72.0-r0: task do_fetch: Succeeded
NOTE: Running task 431 of 4196 (/home/ubuntu/yocto/poky/meta/recipes-devtools/vala/vala_0.56.3.bb:do_fetch)
NOTE: recipe libpng-1.6.39-r0: task do_fetch: Succeeded
NOTE: Running task 432 of 4196 (/home/ubuntu/yocto/poky/meta/recipes-support/icu/icu_70.1.bb:do_unpack)
NOTE: recipe vala-0.56.3-r0: task do_fetch: Started
NOTE: recipe icu-native-70.1-r0: task do_unpack: Succeeded
NOTE: Running task 433 of 4196 (virtual:native:/home/ubuntu/yocto/poky/meta/recipes-support/icu/icu_70.1.bb:do_patch)
NOTE: recipe vala-0.56.3-r0: task do_fetch: Succeeded
NOTE: Running task 434 of 4196 (virtual:native:/home/ubuntu/yocto/poky/meta/recipes-gnome/gobject-introspection/gobject-introspection_1.72.0.bb:do_write_config)
NOTE: recipe icu-70.1-r0: task do_unpack: Started
NOTE: recipe icu-native-70.1-r0: task do_patch: Started
NOTE: recipe gobject-introspection-native-1.72.0-r0: task do_write_config: Started
NOTE: recipe gobject-introspection-native-1.72.0-r0: task do_write_config: Succeeded
NOTE: recipe automake-native-1.16.5-r0: task do_populate_sysroot: Succeeded
NOTE: recipe libseccomp-2.5.3-r0: task do_fetch: Succeeded
NOTE: Running task 435 of 4196 (/home/ubuntu/yocto/poky/meta/recipes-support/libical/libical_3.0.16.bb:do_unpack)
NOTE: Running task 436 of 4196 (/home/ubuntu/yocto/poky/meta/recipes-devtools/libtool/libtool-native_2.4.7.bb:do_prepare_recipe_sysroot)
NOTE: Running task 437 of 4196 (/home/ubuntu/yocto/poky/meta/recipes-support/libseccomp/libseccomp_2.5.3.bb:do_unpack)
NOTE: recipe libtool-native-2.4.7-r0: task do_prepare_recipe_sysroot: Started
NOTE: recipe libical-3.0.16-r0: task do_unpack: Started
NOTE: recipe libseccomp-2.5.3-r0: task do_unpack: Started
NOTE: recipe libtool-native-2.4.7-r0: task do_prepare_recipe_sysroot: Succeeded
NOTE: recipe icu-native-70.1-r0: task do_patch: Succeeded
NOTE: Running task 438 of 4196 (/home/ubuntu/yocto/poky/meta/recipes-devtools/libtool/libtool-native_2.4.7.bb:do_configure)
NOTE: Running task 439 of 4196 (virtual:native:/home/ubuntu/yocto/poky/meta/recipes-support/icu/icu_70.1.bb:do_deploy_source_date_epoch)
NOTE: recipe libtool-native-2.4.7-r0: task do_configure: Started
NOTE: recipe libical-3.0.16-r0: task do_unpack: Succeeded
NOTE: Running task 440 of 4196 (virtual:native:/home/ubuntu/yocto/poky/meta/recipes-support/libical/libical_3.0.16.bb:do_unpack)
NOTE: recipe icu-native-70.1-r0: task do_deploy_source_date_epoch: Started
NOTE: recipe icu-native-70.1-r0: task do_deploy_source_date_epoch: Succeeded
NOTE: Running task 441 of 4196 (/home/ubuntu/yocto/poky/meta/recipes-connectivity/bluez5/bluez5_5.65.bb:do_fetch)
NOTE: recipe libical-native-3.0.16-r0: task do_unpack: Started
NOTE: recipe eudev-3.2.10-r0: task do_fetch: Succeeded
NOTE: Running task 442 of 4196 (/home/ubuntu/yocto/poky/meta/recipes-extended/libidn/libidn2_2.3.2.bb:do_fetch)
NOTE: recipe libseccomp-2.5.3-r0: task do_unpack: Succeeded
NOTE: Running task 443 of 4196 (virtual:native:/home/ubuntu/yocto/poky/meta/recipes-core/expat/expat_2.5.0.bb:do_unpack)
NOTE: recipe libical-native-3.0.16-r0: task do_unpack: Succeeded
NOTE: Running task 444 of 4196 (virtual:native:/home/ubuntu/yocto/poky/meta/recipes-support/libical/libical_3.0.16.bb:do_patch)
NOTE: recipe bluez5-5.65-r0: task do_fetch: Started
NOTE: recipe libidn2-2.3.2-r0: task do_fetch: Started
NOTE: recipe libidn2-2.3.2-r0: task do_fetch: Succeeded
NOTE: Running task 445 of 4196 (virtual:native:/home/ubuntu/yocto/poky/meta/recipes-graphics/wayland/wayland_1.20.0.bb:do_fetch)
NOTE: recipe expat-native-2.5.0-r0: task do_unpack: Started
NOTE: recipe libical-native-3.0.16-r0: task do_patch: Started
NOTE: recipe wayland-native-1.20.0-r0: task do_fetch: Started
NOTE: recipe libical-native-3.0.16-r0: task do_patch: Succeeded
NOTE: Running task 446 of 4196 (/home/ubuntu/yocto/poky/meta/recipes-support/libunistring/libunistring_1.0.bb:do_unpack)
NOTE: recipe libunistring-1.0-r0: task do_unpack: Started
NOTE: recipe expat-native-2.5.0-r0: task do_unpack: Succeeded
NOTE: Running task 447 of 4196 (virtual:native:/home/ubuntu/yocto/poky/meta/recipes-core/expat/expat_2.5.0.bb:do_patch)
NOTE: recipe bluez5-5.65-r0: task do_fetch: Succeeded
NOTE: Running task 448 of 4196 (/home/ubuntu/yocto/poky/meta/recipes-kernel/kmod/kmod_29.bb:do_unpack)
NOTE: recipe expat-native-2.5.0-r0: task do_patch: Started
NOTE: recipe libunistring-1.0-r0: task do_unpack: Succeeded
NOTE: Running task 449 of 4196 (/home/ubuntu/yocto/poky/meta/recipes-graphics/wayland/wayland_1.20.0.bb:do_fetch)
NOTE: recipe kmod-29-r0: task do_unpack: Started
NOTE: recipe kern-tools-native-0.3+gitAUTOINC+2d01f24bc7-r0: task do_fetch: Succeeded
NOTE: Running task 450 of 4196 (/home/ubuntu/yocto/meta-raspberrypi/recipes-kernel/linux/linux-raspberrypi_5.15.bb:do_fetch)
NOTE: recipe icu-70.1-r0: task do_unpack: Succeeded
NOTE: Running task 451 of 4196 (/home/ubuntu/yocto/poky/meta/recipes-core/udev/eudev_3.2.10.bb:do_unpack)
NOTE: recipe wayland-1.20.0-r0: task do_fetch: Started
NOTE: recipe eudev-3.2.10-r0: task do_unpack: Started
NOTE: recipe linux-raspberrypi-1_5.15.92+gitAUTOINC+509f4b9d68_14b35093ca-r0: task do_fetch: Started
NOTE: recipe eudev-3.2.10-r0: task do_unpack: Succeeded
NOTE: Running task 452 of 4196 (/home/ubuntu/yocto/poky/meta/recipes-kernel/kern-tools/kern-tools-native_git.bb:do_unpack)
NOTE: recipe kmod-29-r0: task do_unpack: Succeeded
NOTE: Running task 453 of 4196 (/home/ubuntu/yocto/poky/meta/recipes-support/libcheck/libcheck_0.15.2.bb:do_fetch)
NOTE: recipe kern-tools-native-0.3+gitAUTOINC+2d01f24bc7-r0: task do_unpack: Started
NOTE: recipe libcheck-0.15.2-r0: task do_fetch: Started
NOTE: recipe kern-tools-native-0.3+gitAUTOINC+2d01f24bc7-r0: task do_unpack: Succeeded
NOTE: Running task 454 of 4196 (/home/ubuntu/yocto/poky/meta/recipes-kernel/kern-tools/kern-tools-native_git.bb:do_patch)
NOTE: recipe kern-tools-native-0.3+gitAUTOINC+2d01f24bc7-r0: task do_patch: Started
NOTE: recipe kern-tools-native-0.3+gitAUTOINC+2d01f24bc7-r0: task do_patch: Succeeded
NOTE: Running task 455 of 4196 (/home/ubuntu/yocto/poky/meta/recipes-devtools/perl/perl_5.34.3.bb:do_fetch)
NOTE: recipe perl-5.34.3-r0: task do_fetch: Started
NOTE: recipe perl-5.34.3-r0: task do_fetch: Succeeded
NOTE: Running task 456 of 4196 (/home/ubuntu/yocto/poky/meta/recipes-extended/libidn/libidn2_2.3.2.bb:do_unpack)
NOTE: recipe wayland-native-1.20.0-r0: task do_fetch: Succeeded
NOTE: recipe wayland-1.20.0-r0: task do_fetch: Succeeded
NOTE: Running task 457 of 4196 (/home/ubuntu/yocto/poky/meta/recipes-support/libnl/libnl_3.5.0.bb:do_fetch)
NOTE: Running task 458 of 4196 (/home/ubuntu/yocto/poky/meta/recipes-support/libcap/libcap_2.66.bb:do_fetch)
NOTE: recipe libidn2-2.3.2-r0: task do_unpack: Started
NOTE: recipe libcap-2.66-r0: task do_fetch: Started
NOTE: recipe libnl-1_3.5.0-r0: task do_fetch: Started
NOTE: recipe libcap-2.66-r0: task do_fetch: Succeeded
NOTE: Running task 459 of 4196 (/home/ubuntu/yocto/poky/meta/recipes-support/curl/curl_7.82.0.bb:do_fetch)
NOTE: recipe expat-native-2.5.0-r0: task do_patch: Succeeded
NOTE: Running task 460 of 4196 (/home/ubuntu/yocto/poky/meta/recipes-graphics/xorg-lib/libxext_1.3.4.bb:do_fetch)
NOTE: recipe libcheck-0.15.2-r0: task do_fetch: Succeeded
NOTE: recipe libidn2-2.3.2-r0: task do_unpack: Succeeded
NOTE: recipe libxext-1_1.3.4-r0: task do_fetch: Started
NOTE: Running task 461 of 4196 (/home/ubuntu/yocto/poky/meta/recipes-support/libcheck/libcheck_0.15.2.bb:do_unpack)
NOTE: Running task 462 of 4196 (/home/ubuntu/yocto/poky/meta/recipes-devtools/perl/perl_5.34.3.bb:do_unpack)
NOTE: recipe curl-7.82.0-r0: task do_fetch: Started
NOTE: recipe curl-7.82.0-r0: task do_fetch: Succeeded
NOTE: Running task 463 of 4196 (/home/ubuntu/yocto/poky/meta/recipes-kernel/kern-tools/kern-tools-native_git.bb:do_deploy_source_date_epoch)
NOTE: recipe libcheck-0.15.2-r0: task do_unpack: Started
NOTE: recipe perl-5.34.3-r0: task do_unpack: Started
NOTE: recipe kern-tools-native-0.3+gitAUTOINC+2d01f24bc7-r0: task do_deploy_source_date_epoch: Started
NOTE: recipe libcheck-0.15.2-r0: task do_unpack: Succeeded
NOTE: Running task 464 of 4196 (/home/ubuntu/yocto/poky/meta/recipes-kernel/kern-tools/kern-tools-native_git.bb:do_prepare_recipe_sysroot)
NOTE: recipe kern-tools-native-0.3+gitAUTOINC+2d01f24bc7-r0: task do_prepare_recipe_sysroot: Started
NOTE: recipe kern-tools-native-0.3+gitAUTOINC+2d01f24bc7-r0: task do_prepare_recipe_sysroot: Succeeded
NOTE: Running task 465 of 4196 (/home/ubuntu/yocto/poky/meta/recipes-graphics/xorg-lib/libxrender_0.9.10.bb:do_fetch)
NOTE: recipe kern-tools-native-0.3+gitAUTOINC+2d01f24bc7-r0: task do_deploy_source_date_epoch: Succeeded
NOTE: Running task 466 of 4196 (/home/ubuntu/yocto/poky/meta/recipes-kernel/kern-tools/kern-tools-native_git.bb:do_configure)
NOTE: recipe kern-tools-native-0.3+gitAUTOINC+2d01f24bc7-r0: task do_configure: Started
NOTE: recipe libxrender-1_0.9.10-r0: task do_fetch: Started
NOTE: recipe kern-tools-native-0.3+gitAUTOINC+2d01f24bc7-r0: task do_configure: Succeeded
NOTE: Running task 467 of 4196 (/home/ubuntu/yocto/poky/meta/recipes-kernel/kern-tools/kern-tools-native_git.bb:do_compile)
NOTE: recipe kern-tools-native-0.3+gitAUTOINC+2d01f24bc7-r0: task do_compile: Started
NOTE: recipe kern-tools-native-0.3+gitAUTOINC+2d01f24bc7-r0: task do_compile: Succeeded
NOTE: Running task 468 of 4196 (/home/ubuntu/yocto/poky/meta/recipes-kernel/kern-tools/kern-tools-native_git.bb:do_install)
NOTE: recipe libnl-1_3.5.0-r0: task do_fetch: Succeeded
NOTE: Running task 469 of 4196 (/home/ubuntu/yocto/poky/meta/recipes-support/libnl/libnl_3.5.0.bb:do_unpack)
NOTE: recipe kern-tools-native-0.3+gitAUTOINC+2d01f24bc7-r0: task do_install: Started
NOTE: recipe libnl-1_3.5.0-r0: task do_unpack: Started
NOTE: recipe kern-tools-native-0.3+gitAUTOINC+2d01f24bc7-r0: task do_install: Succeeded
NOTE: Running task 470 of 4196 (/home/ubuntu/yocto/poky/meta/recipes-kernel/kern-tools/kern-tools-native_git.bb:do_populate_sysroot)
NOTE: recipe kern-tools-native-0.3+gitAUTOINC+2d01f24bc7-r0: task do_populate_sysroot: Started
NOTE: recipe libnl-1_3.5.0-r0: task do_unpack: Succeeded
NOTE: Running task 471 of 4196 (/home/ubuntu/yocto/poky/meta/recipes-gnome/gobject-introspection/gobject-introspection_1.72.0.bb:do_write_config)
NOTE: recipe gobject-introspection-1.72.0-r0: task do_write_config: Started
NOTE: recipe gobject-introspection-1.72.0-r0: task do_write_config: Succeeded
NOTE: Running task 472 of 4196 (/home/ubuntu/yocto/poky/meta/recipes-devtools/e2fsprogs/e2fsprogs_1.46.5.bb:do_fetch)
NOTE: recipe kern-tools-native-0.3+gitAUTOINC+2d01f24bc7-r0: task do_populate_sysroot: Succeeded
NOTE: Running task 473 of 4196 (virtual:native:/home/ubuntu/yocto/poky/meta/recipes-support/libical/libical_3.0.16.bb:do_generate_toolchain_file)
NOTE: recipe perl-5.34.3-r0: task do_unpack: Succeeded
NOTE: Running task 474 of 4196 (virtual:native:/home/ubuntu/yocto/poky/meta/recipes-support/libical/libical_3.0.16.bb:do_deploy_source_date_epoch)
NOTE: recipe e2fsprogs-1.46.5-r0: task do_fetch: Started
NOTE: recipe libical-native-3.0.16-r0: task do_generate_toolchain_file: Started
NOTE: recipe libical-native-3.0.16-r0: task do_deploy_source_date_epoch: Started
NOTE: recipe libical-native-3.0.16-r0: task do_generate_toolchain_file: Succeeded
NOTE: Running task 475 of 4196 (/home/ubuntu/yocto/poky/meta/recipes-support/libgpg-error/libgpg-error_1.44.bb:do_fetch)
NOTE: recipe e2fsprogs-1.46.5-r0: task do_fetch: Succeeded
NOTE: Running task 476 of 4196 (virtual:native:/home/ubuntu/yocto/poky/meta/recipes-core/expat/expat_2.5.0.bb:do_generate_toolchain_file)
NOTE: recipe libical-native-3.0.16-r0: task do_deploy_source_date_epoch: Succeeded
NOTE: Running task 477 of 4196 (virtual:native:/home/ubuntu/yocto/poky/meta/recipes-core/expat/expat_2.5.0.bb:do_deploy_source_date_epoch)
NOTE: recipe libgpg-error-1.44-r0: task do_fetch: Started
NOTE: recipe libgpg-error-1.44-r0: task do_fetch: Succeeded
NOTE: Running task 478 of 4196 (virtual:native:/home/ubuntu/yocto/poky/meta/recipes-graphics/wayland/wayland_1.20.0.bb:do_write_config)
NOTE: recipe expat-native-2.5.0-r0: task do_generate_toolchain_file: Started
NOTE: recipe expat-native-2.5.0-r0: task do_generate_toolchain_file: Succeeded
NOTE: Running task 479 of 4196 (/home/ubuntu/yocto/poky/meta/recipes-support/gnutls/gnutls_3.7.4.bb:do_fetch)
NOTE: recipe expat-native-2.5.0-r0: task do_deploy_source_date_epoch: Started
NOTE: recipe wayland-native-1.20.0-r0: task do_write_config: Started
NOTE: recipe wayland-native-1.20.0-r0: task do_write_config: Succeeded
NOTE: recipe gnutls-3.7.4-r0: task do_fetch: Started
NOTE: Running task 480 of 4196 (/home/ubuntu/yocto/poky/meta/recipes-extended/zstd/zstd_1.5.2.bb:do_fetch)
NOTE: recipe expat-native-2.5.0-r0: task do_deploy_source_date_epoch: Succeeded
NOTE: Running task 481 of 4196 (/home/ubuntu/yocto/poky/meta/recipes-devtools/file/file_5.41.bb:do_fetch)
NOTE: recipe gnutls-3.7.4-r0: task do_fetch: Succeeded
NOTE: Running task 482 of 4196 (/home/ubuntu/yocto/poky/meta/recipes-support/libgcrypt/libgcrypt_1.9.4.bb:do_fetch)
NOTE: recipe zstd-1.5.2-r0: task do_fetch: Started
NOTE: recipe file-5.41-r0: task do_fetch: Started
NOTE: recipe libgcrypt-1.9.4-r0: task do_fetch: Started
NOTE: recipe libgcrypt-1.9.4-r0: task do_fetch: Succeeded
NOTE: Running task 483 of 4196 (/home/ubuntu/yocto/poky/meta/recipes-graphics/wayland/wayland_1.20.0.bb:do_write_config)
NOTE: recipe zstd-1.5.2-r0: task do_fetch: Succeeded
NOTE: Running task 484 of 4196 (/home/ubuntu/yocto/poky/meta/recipes-extended/libarchive/libarchive_3.6.2.bb:do_fetch)
NOTE: recipe file-5.41-r0: task do_fetch: Succeeded
NOTE: Running task 485 of 4196 (/home/ubuntu/yocto/poky/meta/recipes-support/libmicrohttpd/libmicrohttpd_0.9.76.bb:do_fetch)
NOTE: recipe wayland-1.20.0-r0: task do_write_config: Started
NOTE: recipe libarchive-3.6.2-r0: task do_fetch: Started
NOTE: recipe wayland-1.20.0-r0: task do_write_config: Succeeded
NOTE: Running task 486 of 4196 (/home/ubuntu/yocto/poky/meta/recipes-devtools/elfutils/elfutils_0.186.bb:do_fetch)
NOTE: recipe libarchive-3.6.2-r0: task do_fetch: Succeeded
NOTE: Running task 487 of 4196 (/home/ubuntu/yocto/poky/meta/recipes-extended/bash/bash_5.1.16.bb:do_fetch)
NOTE: recipe libmicrohttpd-0.9.76-r0: task do_fetch: Started
NOTE: recipe libmicrohttpd-0.9.76-r0: task do_fetch: Succeeded
NOTE: Running task 488 of 4196 (/home/ubuntu/yocto/poky/meta/recipes-graphics/xorg-lib/libxfixes_6.0.0.bb:do_fetch)
NOTE: recipe elfutils-0.186-r0: task do_fetch: Started
NOTE: recipe bash-5.1.16-r0: task do_fetch: Started
NOTE: recipe elfutils-0.186-r0: task do_fetch: Succeeded
NOTE: recipe libxfixes-1_6.0.0-r0: task do_fetch: Started
NOTE: Running task 489 of 4196 (/home/ubuntu/yocto/poky/meta/recipes-devtools/e2fsprogs/e2fsprogs_1.46.5.bb:do_unpack)
NOTE: recipe e2fsprogs-1.46.5-r0: task do_unpack: Started
NOTE: recipe e2fsprogs-1.46.5-r0: task do_unpack: Succeeded
NOTE: Running task 490 of 4196 (virtual:native:/home/ubuntu/yocto/poky/meta/recipes-extended/bc/bc_1.07.1.bb:do_fetch)
NOTE: recipe bc-native-1.07.1-r0: task do_fetch: Started
NOTE: recipe bc-native-1.07.1-r0: task do_fetch: Succeeded
NOTE: Running task 491 of 4196 (/home/ubuntu/yocto/poky/meta/recipes-support/libgpg-error/libgpg-error_1.44.bb:do_unpack)
NOTE: recipe libgpg-error-1.44-r0: task do_unpack: Started
NOTE: recipe libgpg-error-1.44-r0: task do_unpack: Succeeded
NOTE: Running task 492 of 4196 (/home/ubuntu/yocto/poky/meta/recipes-extended/zstd/zstd_1.5.2.bb:do_unpack)
NOTE: recipe zstd-1.5.2-r0: task do_unpack: Started
NOTE: recipe zstd-1.5.2-r0: task do_unpack: Succeeded
NOTE: Running task 493 of 4196 (/home/ubuntu/yocto/poky/meta/recipes-devtools/file/file_5.41.bb:do_unpack)
NOTE: recipe file-5.41-r0: task do_unpack: Started
NOTE: recipe file-5.41-r0: task do_unpack: Succeeded
NOTE: Running task 494 of 4196 (/home/ubuntu/yocto/poky/meta/recipes-support/libgcrypt/libgcrypt_1.9.4.bb:do_unpack)
NOTE: recipe libgcrypt-1.9.4-r0: task do_unpack: Started
NOTE: recipe libxext-1_1.3.4-r0: task do_fetch: Succeeded
NOTE: Running task 495 of 4196 (/home/ubuntu/yocto/poky/meta/recipes-graphics/xorg-lib/libxext_1.3.4.bb:do_unpack)
NOTE: recipe libxext-1_1.3.4-r0: task do_unpack: Started
NOTE: recipe libxrender-1_0.9.10-r0: task do_fetch: Succeeded
NOTE: Running task 496 of 4196 (/home/ubuntu/yocto/poky/meta/recipes-graphics/xorg-lib/libxrender_0.9.10.bb:do_unpack)
NOTE: recipe libxext-1_1.3.4-r0: task do_unpack: Succeeded
NOTE: Running task 497 of 4196 (/home/ubuntu/yocto/poky/meta/recipes-multimedia/libogg/libogg_1.3.5.bb:do_fetch)
NOTE: recipe libxrender-1_0.9.10-r0: task do_unpack: Started
NOTE: recipe libogg-1.3.5-r0: task do_fetch: Started
NOTE: recipe libxrender-1_0.9.10-r0: task do_unpack: Succeeded
NOTE: Running task 498 of 4196 (virtual:native:/home/ubuntu/yocto/poky/meta/recipes-graphics/xorg-util/util-macros_1.19.3.bb:do_fetch)
NOTE: recipe libgcrypt-1.9.4-r0: task do_unpack: Succeeded
NOTE: Running task 499 of 4196 (/home/ubuntu/yocto/poky/meta/recipes-extended/libarchive/libarchive_3.6.2.bb:do_unpack)
NOTE: recipe util-macros-native-1_1.19.3-r0: task do_fetch: Started
NOTE: recipe util-macros-native-1_1.19.3-r0: task do_fetch: Succeeded
NOTE: Running task 500 of 4196 (/home/ubuntu/yocto/poky/meta/recipes-support/libmicrohttpd/libmicrohttpd_0.9.76.bb:do_unpack)
NOTE: recipe libarchive-3.6.2-r0: task do_unpack: Started
NOTE: recipe libmicrohttpd-0.9.76-r0: task do_unpack: Started
NOTE: recipe libmicrohttpd-0.9.76-r0: task do_unpack: Succeeded
NOTE: Running task 501 of 4196 (/home/ubuntu/yocto/poky/meta/recipes-core/coreutils/coreutils_9.0.bb:do_fetch)
NOTE: recipe coreutils-9.0-r0: task do_fetch: Started
NOTE: recipe libarchive-3.6.2-r0: task do_unpack: Succeeded
NOTE: Running task 502 of 4196 (/home/ubuntu/yocto/poky/meta/recipes-devtools/elfutils/elfutils_0.186.bb:do_unpack)
NOTE: recipe elfutils-0.186-r0: task do_unpack: Started
NOTE: recipe libtool-native-2.4.7-r0: task do_configure: Succeeded
NOTE: Running task 503 of 4196 (/home/ubuntu/yocto/poky/meta/recipes-devtools/libtool/libtool-native_2.4.7.bb:do_compile)
NOTE: recipe libtool-native-2.4.7-r0: task do_compile: Started
NOTE: recipe elfutils-0.186-r0: task do_unpack: Succeeded
NOTE: Running task 504 of 4196 (/home/ubuntu/yocto/poky/meta/recipes-extended/sed/sed_4.8.bb:do_fetch)
NOTE: recipe sed-4.8-r0: task do_fetch: Started
NOTE: recipe libogg-1.3.5-r0: task do_fetch: Succeeded
NOTE: Running task 505 of 4196 (virtual:native:/home/ubuntu/yocto/poky/meta/recipes-extended/bc/bc_1.07.1.bb:do_unpack)
NOTE: recipe sed-4.8-r0: task do_fetch: Succeeded
NOTE: Running task 506 of 4196 (/home/ubuntu/yocto/poky/meta/recipes-graphics/xorg-lib/libpciaccess_0.16.bb:do_fetch)
NOTE: recipe bc-native-1.07.1-r0: task do_unpack: Started
NOTE: recipe libpciaccess-0.16-r0: task do_fetch: Started
NOTE: recipe bc-native-1.07.1-r0: task do_unpack: Succeeded
NOTE: Running task 507 of 4196 (virtual:native:/home/ubuntu/yocto/poky/meta/recipes-extended/bc/bc_1.07.1.bb:do_patch)
NOTE: recipe bc-native-1.07.1-r0: task do_patch: Started
NOTE: recipe bc-native-1.07.1-r0: task do_patch: Succeeded
NOTE: Running task 508 of 4196 (/home/ubuntu/yocto/poky/meta/recipes-graphics/xorg-lib/libxrandr_1.5.2.bb:do_fetch)
NOTE: recipe libxrandr-1_1.5.2-r0: task do_fetch: Started
NOTE: recipe libtool-native-2.4.7-r0: task do_compile: Succeeded
NOTE: Running task 509 of 4196 (/home/ubuntu/yocto/poky/meta/recipes-devtools/libtool/libtool-native_2.4.7.bb:do_install)
NOTE: recipe libtool-native-2.4.7-r0: task do_install: Started
NOTE: recipe libxfixes-1_6.0.0-r0: task do_fetch: Succeeded
NOTE: Running task 510 of 4196 (/home/ubuntu/yocto/poky/meta/recipes-graphics/xorg-lib/libxfixes_6.0.0.bb:do_unpack)
NOTE: recipe libxfixes-1_6.0.0-r0: task do_unpack: Started
NOTE: recipe libxfixes-1_6.0.0-r0: task do_unpack: Succeeded
NOTE: Running task 511 of 4196 (/home/ubuntu/yocto/poky/meta/recipes-extended/gawk/gawk_5.1.1.bb:do_fetch)
NOTE: recipe libtool-native-2.4.7-r0: task do_install: Succeeded
NOTE: Running task 512 of 4196 (/home/ubuntu/yocto/poky/meta/recipes-devtools/libtool/libtool-native_2.4.7.bb:do_populate_sysroot)
NOTE: recipe gawk-5.1.1-r0: task do_fetch: Started
NOTE: recipe libtool-native-2.4.7-r0: task do_populate_sysroot: Started
NOTE: recipe libtool-native-2.4.7-r0: task do_populate_sysroot: Succeeded
NOTE: Running task 513 of 4196 (virtual:native:/home/ubuntu/yocto/poky/meta/recipes-extended/xz/xz_5.2.6.bb:do_prepare_recipe_sysroot)
NOTE: recipe xz-native-5.2.6-r0: task do_prepare_recipe_sysroot: Started
NOTE: recipe xz-native-5.2.6-r0: task do_prepare_recipe_sysroot: Succeeded
NOTE: Running task 514 of 4196 (virtual:native:/home/ubuntu/yocto/poky/meta/recipes-extended/xz/xz_5.2.6.bb:do_configure)
NOTE: recipe xz-native-5.2.6-r0: task do_configure: Started
NOTE: recipe libxrandr-1_1.5.2-r0: task do_fetch: Succeeded
NOTE: Running task 515 of 4196 (virtual:native:/home/ubuntu/yocto/poky/meta/recipes-support/attr/attr_2.5.1.bb:do_prepare_recipe_sysroot)
NOTE: recipe attr-native-2.5.1-r0: task do_prepare_recipe_sysroot: Started
NOTE: recipe attr-native-2.5.1-r0: task do_prepare_recipe_sysroot: Succeeded
NOTE: Running task 516 of 4196 (virtual:native:/home/ubuntu/yocto/poky/meta/recipes-support/attr/attr_2.5.1.bb:do_configure)
NOTE: recipe attr-native-2.5.1-r0: task do_configure: Started
NOTE: recipe libpciaccess-0.16-r0: task do_fetch: Succeeded
NOTE: Running task 517 of 4196 (virtual:native:/home/ubuntu/yocto/poky/meta/recipes-devtools/pkgconfig/pkgconfig_git.bb:do_prepare_recipe_sysroot)
NOTE: recipe pkgconfig-native-0.29.2+gitAUTOINC+d97db4fae4-r0: task do_prepare_recipe_sysroot: Started
NOTE: recipe pkgconfig-native-0.29.2+gitAUTOINC+d97db4fae4-r0: task do_prepare_recipe_sysroot: Succeeded
NOTE: Running task 518 of 4196 (virtual:native:/home/ubuntu/yocto/poky/meta/recipes-devtools/pkgconfig/pkgconfig_git.bb:do_configure)
NOTE: recipe pkgconfig-native-0.29.2+gitAUTOINC+d97db4fae4-r0: task do_configure: Started
NOTE: recipe xz-native-5.2.6-r0: task do_configure: Succeeded
NOTE: Running task 519 of 4196 (virtual:native:/home/ubuntu/yocto/poky/meta/recipes-extended/xz/xz_5.2.6.bb:do_compile)
NOTE: recipe xz-native-5.2.6-r0: task do_compile: Started
NOTE: recipe attr-native-2.5.1-r0: task do_configure: Succeeded
NOTE: Running task 520 of 4196 (virtual:native:/home/ubuntu/yocto/poky/meta/recipes-support/attr/attr_2.5.1.bb:do_compile)
NOTE: recipe attr-native-2.5.1-r0: task do_compile: Started
NOTE: recipe attr-native-2.5.1-r0: task do_compile: Succeeded
NOTE: Running task 521 of 4196 (virtual:native:/home/ubuntu/yocto/poky/meta/recipes-support/attr/attr_2.5.1.bb:do_install)
NOTE: recipe attr-native-2.5.1-r0: task do_install: Started
NOTE: recipe attr-native-2.5.1-r0: task do_install: Succeeded
NOTE: Running task 522 of 4196 (virtual:native:/home/ubuntu/yocto/poky/meta/recipes-support/attr/attr_2.5.1.bb:do_populate_sysroot)
NOTE: recipe attr-native-2.5.1-r0: task do_populate_sysroot: Started
NOTE: recipe attr-native-2.5.1-r0: task do_populate_sysroot: Succeeded
NOTE: Running task 523 of 4196 (virtual:native:/home/ubuntu/yocto/poky/meta/recipes-devtools/flex/flex_2.6.4.bb:do_prepare_recipe_sysroot)
NOTE: recipe flex-native-2.6.4-r0: task do_prepare_recipe_sysroot: Started
NOTE: recipe flex-native-2.6.4-r0: task do_prepare_recipe_sysroot: Succeeded
NOTE: Running task 524 of 4196 (virtual:native:/home/ubuntu/yocto/poky/meta/recipes-devtools/flex/flex_2.6.4.bb:do_configure)
NOTE: recipe flex-native-2.6.4-r0: task do_configure: Started
NOTE: recipe xz-native-5.2.6-r0: task do_compile: Succeeded
NOTE: Running task 525 of 4196 (virtual:native:/home/ubuntu/yocto/poky/meta/recipes-extended/xz/xz_5.2.6.bb:do_install)
NOTE: recipe xz-native-5.2.6-r0: task do_install: Started
NOTE: recipe xz-native-5.2.6-r0: task do_install: Succeeded
NOTE: Running task 526 of 4196 (virtual:native:/home/ubuntu/yocto/poky/meta/recipes-extended/xz/xz_5.2.6.bb:do_populate_sysroot)
NOTE: recipe xz-native-5.2.6-r0: task do_populate_sysroot: Started
NOTE: recipe xz-native-5.2.6-r0: task do_populate_sysroot: Succeeded
NOTE: Running task 527 of 4196 (virtual:native:/home/ubuntu/yocto/poky/meta/recipes-devtools/bison/bison_3.8.2.bb:do_unpack)
NOTE: recipe bison-native-3.8.2-r0: task do_unpack: Started
NOTE: recipe bison-native-3.8.2-r0: task do_unpack: Succeeded
NOTE: Running task 528 of 4196 (virtual:native:/home/ubuntu/yocto/poky/meta/recipes-devtools/bison/bison_3.8.2.bb:do_patch)
NOTE: recipe bison-native-3.8.2-r0: task do_patch: Started
NOTE: recipe bison-native-3.8.2-r0: task do_patch: Succeeded
NOTE: Running task 529 of 4196 (virtual:native:/home/ubuntu/yocto/poky/meta/recipes-core/zlib/zlib_1.2.11.bb:do_unpack)
NOTE: recipe zlib-native-1.2.11-r0: task do_unpack: Started
NOTE: recipe zlib-native-1.2.11-r0: task do_unpack: Succeeded
NOTE: Running task 530 of 4196 (virtual:native:/home/ubuntu/yocto/poky/meta/recipes-core/zlib/zlib_1.2.11.bb:do_patch)
NOTE: recipe zlib-native-1.2.11-r0: task do_patch: Started
NOTE: recipe zlib-native-1.2.11-r0: task do_patch: Succeeded
NOTE: Running task 531 of 4196 (virtual:native:/home/ubuntu/yocto/poky/meta/recipes-devtools/pseudo/pseudo_git.bb:do_unpack)
NOTE: recipe pseudo-native-1.9.0+gitAUTOINC+28dcefb809-r0: task do_unpack: Started
NOTE: recipe pseudo-native-1.9.0+gitAUTOINC+28dcefb809-r0: task do_unpack: Succeeded
NOTE: Running task 532 of 4196 (virtual:native:/home/ubuntu/yocto/poky/meta/recipes-devtools/pseudo/pseudo_git.bb:do_patch)
NOTE: recipe pseudo-native-1.9.0+gitAUTOINC+28dcefb809-r0: task do_patch: Started
NOTE: recipe pseudo-native-1.9.0+gitAUTOINC+28dcefb809-r0: task do_patch: Succeeded
NOTE: Running task 533 of 4196 (virtual:native:/home/ubuntu/yocto/poky/meta/recipes-devtools/patch/patch_2.7.6.bb:do_prepare_recipe_sysroot)
NOTE: recipe patch-native-2.7.6-r0: task do_prepare_recipe_sysroot: Started
NOTE: recipe patch-native-2.7.6-r0: task do_prepare_recipe_sysroot: Succeeded
NOTE: Running task 534 of 4196 (virtual:native:/home/ubuntu/yocto/poky/meta/recipes-devtools/patch/patch_2.7.6.bb:do_configure)
NOTE: recipe patch-native-2.7.6-r0: task do_configure: Started
NOTE: recipe flex-native-2.6.4-r0: task do_configure: Succeeded
NOTE: Running task 535 of 4196 (virtual:native:/home/ubuntu/yocto/poky/meta/recipes-devtools/flex/flex_2.6.4.bb:do_compile)
NOTE: recipe flex-native-2.6.4-r0: task do_compile: Started
NOTE: recipe bash-5.1.16-r0: task do_fetch: Succeeded
NOTE: Running task 536 of 4196 (virtual:native:/home/ubuntu/yocto/poky/meta/recipes-devtools/autoconf-archive/autoconf-archive_2022.02.11.bb:do_unpack)
NOTE: recipe autoconf-archive-native-2022.02.11-r0: task do_unpack: Started
NOTE: recipe autoconf-archive-native-2022.02.11-r0: task do_unpack: Succeeded
NOTE: Running task 537 of 4196 (virtual:native:/home/ubuntu/yocto/poky/meta/recipes-devtools/autoconf-archive/autoconf-archive_2022.02.11.bb:do_patch)
NOTE: recipe autoconf-archive-native-2022.02.11-r0: task do_patch: Started
NOTE: recipe autoconf-archive-native-2022.02.11-r0: task do_patch: Succeeded
NOTE: Running task 538 of 4196 (virtual:native:/home/ubuntu/yocto/poky/meta/recipes-support/gmp/gmp_6.2.1.bb:do_prepare_recipe_sysroot)
NOTE: recipe gmp-native-6.2.1-r0: task do_prepare_recipe_sysroot: Started
NOTE: recipe gmp-native-6.2.1-r0: task do_prepare_recipe_sysroot: Succeeded
NOTE: Running task 539 of 4196 (virtual:native:/home/ubuntu/yocto/poky/meta/recipes-support/gmp/gmp_6.2.1.bb:do_configure)
NOTE: recipe gmp-native-6.2.1-r0: task do_configure: Started
NOTE: recipe flex-native-2.6.4-r0: task do_compile: Succeeded
NOTE: Running task 540 of 4196 (virtual:native:/home/ubuntu/yocto/poky/meta/recipes-devtools/flex/flex_2.6.4.bb:do_install)
NOTE: recipe flex-native-2.6.4-r0: task do_install: Started
NOTE: recipe flex-native-2.6.4-r0: task do_install: Succeeded
NOTE: Running task 541 of 4196 (virtual:native:/home/ubuntu/yocto/poky/meta/recipes-devtools/flex/flex_2.6.4.bb:do_populate_sysroot)
NOTE: recipe flex-native-2.6.4-r0: task do_populate_sysroot: Started
NOTE: recipe flex-native-2.6.4-r0: task do_populate_sysroot: Succeeded
NOTE: Running task 542 of 4196 (virtual:native:/home/ubuntu/yocto/poky/meta/recipes-support/mpfr/mpfr_4.1.1.bb:do_unpack)
NOTE: recipe mpfr-native-4.1.1-r0: task do_unpack: Started
NOTE: recipe mpfr-native-4.1.1-r0: task do_unpack: Succeeded
NOTE: Running task 543 of 4196 (virtual:native:/home/ubuntu/yocto/poky/meta/recipes-support/mpfr/mpfr_4.1.1.bb:do_patch)
NOTE: recipe mpfr-native-4.1.1-r0: task do_patch: Started
NOTE: recipe mpfr-native-4.1.1-r0: task do_patch: Succeeded
NOTE: Running task 544 of 4196 (virtual:native:/home/ubuntu/yocto/poky/meta/recipes-devtools/bison/bison_3.8.2.bb:do_deploy_source_date_epoch)
NOTE: recipe bison-native-3.8.2-r0: task do_deploy_source_date_epoch: Started
NOTE: recipe bison-native-3.8.2-r0: task do_deploy_source_date_epoch: Succeeded
NOTE: Running task 545 of 4196 (virtual:native:/home/ubuntu/yocto/poky/meta/recipes-devtools/bison/bison_3.8.2.bb:do_prepare_recipe_sysroot)
NOTE: recipe bison-native-3.8.2-r0: task do_prepare_recipe_sysroot: Started
NOTE: recipe bison-native-3.8.2-r0: task do_prepare_recipe_sysroot: Succeeded
NOTE: Running task 546 of 4196 (virtual:native:/home/ubuntu/yocto/poky/meta/recipes-devtools/bison/bison_3.8.2.bb:do_configure)
NOTE: recipe bison-native-3.8.2-r0: task do_configure: Started
NOTE: recipe pkgconfig-native-0.29.2+gitAUTOINC+d97db4fae4-r0: task do_configure: Succeeded
NOTE: Running task 547 of 4196 (virtual:native:/home/ubuntu/yocto/poky/meta/recipes-devtools/pkgconfig/pkgconfig_git.bb:do_compile)
NOTE: recipe pkgconfig-native-0.29.2+gitAUTOINC+d97db4fae4-r0: task do_compile: Started
NOTE: recipe gawk-5.1.1-r0: task do_fetch: Succeeded
NOTE: Running task 548 of 4196 (virtual:native:/home/ubuntu/yocto/poky/meta/recipes-core/zlib/zlib_1.2.11.bb:do_deploy_source_date_epoch)
NOTE: recipe zlib-native-1.2.11-r0: task do_deploy_source_date_epoch: Started
NOTE: recipe zlib-native-1.2.11-r0: task do_deploy_source_date_epoch: Succeeded
NOTE: Running task 549 of 4196 (virtual:native:/home/ubuntu/yocto/poky/meta/recipes-core/zlib/zlib_1.2.11.bb:do_configure)
NOTE: recipe zlib-native-1.2.11-r0: task do_configure: Started
NOTE: recipe zlib-native-1.2.11-r0: task do_configure: Succeeded
NOTE: Running task 550 of 4196 (virtual:native:/home/ubuntu/yocto/poky/meta/recipes-core/zlib/zlib_1.2.11.bb:do_compile)
NOTE: recipe zlib-native-1.2.11-r0: task do_compile: Started
NOTE: recipe pkgconfig-native-0.29.2+gitAUTOINC+d97db4fae4-r0: task do_compile: Succeeded
NOTE: Running task 551 of 4196 (virtual:native:/home/ubuntu/yocto/poky/meta/recipes-devtools/pkgconfig/pkgconfig_git.bb:do_install)
NOTE: recipe zlib-native-1.2.11-r0: task do_compile: Succeeded
NOTE: Running task 552 of 4196 (virtual:native:/home/ubuntu/yocto/poky/meta/recipes-core/zlib/zlib_1.2.11.bb:do_install)
NOTE: recipe pkgconfig-native-0.29.2+gitAUTOINC+d97db4fae4-r0: task do_install: Started
NOTE: recipe zlib-native-1.2.11-r0: task do_install: Started
NOTE: recipe zlib-native-1.2.11-r0: task do_install: Succeeded
NOTE: Running task 553 of 4196 (virtual:native:/home/ubuntu/yocto/poky/meta/recipes-core/zlib/zlib_1.2.11.bb:do_populate_sysroot)
NOTE: recipe pkgconfig-native-0.29.2+gitAUTOINC+d97db4fae4-r0: task do_install: Succeeded
NOTE: Running task 554 of 4196 (virtual:native:/home/ubuntu/yocto/poky/meta/recipes-devtools/pkgconfig/pkgconfig_git.bb:do_populate_sysroot)
NOTE: recipe zlib-native-1.2.11-r0: task do_populate_sysroot: Started
NOTE: recipe pkgconfig-native-0.29.2+gitAUTOINC+d97db4fae4-r0: task do_populate_sysroot: Started
NOTE: recipe zlib-native-1.2.11-r0: task do_populate_sysroot: Succeeded
NOTE: Running task 555 of 4196 (virtual:native:/home/ubuntu/yocto/poky/meta/recipes-devtools/pseudo/pseudo_git.bb:do_deploy_source_date_epoch)
NOTE: recipe pseudo-native-1.9.0+gitAUTOINC+28dcefb809-r0: task do_deploy_source_date_epoch: Started
NOTE: recipe pkgconfig-native-0.29.2+gitAUTOINC+d97db4fae4-r0: task do_populate_sysroot: Succeeded
NOTE: Running task 556 of 4196 (virtual:native:/home/ubuntu/yocto/poky/meta/recipes-support/sqlite/sqlite3_3.38.5.bb:do_prepare_recipe_sysroot)
NOTE: recipe pseudo-native-1.9.0+gitAUTOINC+28dcefb809-r0: task do_deploy_source_date_epoch: Succeeded
NOTE: Running task 557 of 4196 (/home/ubuntu/yocto/poky/meta/recipes-devtools/gcc/gcc-source_11.5.bb:do_unpack)
NOTE: recipe sqlite3-native-3_3.38.5-r0: task do_prepare_recipe_sysroot: Started
NOTE: recipe gcc-source-11.5.0-11.5.0-r0: task do_unpack: Started
NOTE: recipe sqlite3-native-3_3.38.5-r0: task do_prepare_recipe_sysroot: Succeeded
NOTE: Running task 558 of 4196 (virtual:native:/home/ubuntu/yocto/poky/meta/recipes-support/sqlite/sqlite3_3.38.5.bb:do_configure)
NOTE: recipe sqlite3-native-3_3.38.5-r0: task do_configure: Started
NOTE: recipe sqlite3-native-3_3.38.5-r0: task do_configure: Succeeded
NOTE: Running task 559 of 4196 (virtual:native:/home/ubuntu/yocto/poky/meta/recipes-support/sqlite/sqlite3_3.38.5.bb:do_compile)
NOTE: recipe sqlite3-native-3_3.38.5-r0: task do_compile: Started
NOTE: recipe patch-native-2.7.6-r0: task do_configure: Succeeded
NOTE: Running task 560 of 4196 (virtual:native:/home/ubuntu/yocto/poky/meta/recipes-devtools/patch/patch_2.7.6.bb:do_compile)
NOTE: recipe patch-native-2.7.6-r0: task do_compile: Started
NOTE: recipe gmp-native-6.2.1-r0: task do_configure: Succeeded
NOTE: Running task 561 of 4196 (virtual:native:/home/ubuntu/yocto/poky/meta/recipes-support/gmp/gmp_6.2.1.bb:do_compile)
NOTE: recipe gmp-native-6.2.1-r0: task do_compile: Started
NOTE: recipe patch-native-2.7.6-r0: task do_compile: Succeeded
NOTE: Running task 562 of 4196 (virtual:native:/home/ubuntu/yocto/poky/meta/recipes-devtools/patch/patch_2.7.6.bb:do_install)
NOTE: recipe patch-native-2.7.6-r0: task do_install: Started
NOTE: recipe patch-native-2.7.6-r0: task do_install: Succeeded
NOTE: Running task 563 of 4196 (virtual:native:/home/ubuntu/yocto/poky/meta/recipes-devtools/patch/patch_2.7.6.bb:do_populate_sysroot)
NOTE: recipe patch-native-2.7.6-r0: task do_populate_sysroot: Started
NOTE: recipe patch-native-2.7.6-r0: task do_populate_sysroot: Succeeded
NOTE: Running task 564 of 4196 (/home/ubuntu/yocto/poky/meta/recipes-kernel/linux-libc-headers/linux-libc-headers_5.16.bb:do_unpack)
NOTE: recipe linux-libc-headers-5.16-r0: task do_unpack: Started
NOTE: recipe xtrans-1_1.4.0-r0: task do_fetch: Succeeded
NOTE: Running task 565 of 4196 (virtual:native:/home/ubuntu/yocto/poky/meta/recipes-devtools/unifdef/unifdef_2.12.bb:do_unpack)
NOTE: recipe unifdef-native-2.12-r0: task do_unpack: Started
NOTE: recipe gcc-source-11.5.0-11.5.0-r0: task do_unpack: Succeeded
NOTE: recipe unifdef-native-2.12-r0: task do_unpack: Succeeded
NOTE: Running task 566 of 4196 (/home/ubuntu/yocto/poky/meta/recipes-devtools/gcc/gcc-source_11.5.bb:do_patch)
NOTE: Running task 567 of 4196 (virtual:native:/home/ubuntu/yocto/poky/meta/recipes-devtools/unifdef/unifdef_2.12.bb:do_patch)
NOTE: recipe gcc-source-11.5.0-11.5.0-r0: task do_patch: Started
NOTE: recipe unifdef-native-2.12-r0: task do_patch: Started
NOTE: recipe unifdef-native-2.12-r0: task do_patch: Succeeded
NOTE: Running task 568 of 4196 (virtual:native:/home/ubuntu/yocto/poky/meta/recipes-devtools/autoconf-archive/autoconf-archive_2022.02.11.bb:do_deploy_source_date_epoch)
NOTE: recipe autoconf-archive-native-2022.02.11-r0: task do_deploy_source_date_epoch: Started
NOTE: recipe autoconf-archive-native-2022.02.11-r0: task do_deploy_source_date_epoch: Succeeded
NOTE: Running task 569 of 4196 (virtual:native:/home/ubuntu/yocto/poky/meta/recipes-devtools/autoconf-archive/autoconf-archive_2022.02.11.bb:do_prepare_recipe_sysroot)
NOTE: recipe autoconf-archive-native-2022.02.11-r0: task do_prepare_recipe_sysroot: Started
NOTE: recipe autoconf-archive-native-2022.02.11-r0: task do_prepare_recipe_sysroot: Succeeded
NOTE: Running task 570 of 4196 (virtual:native:/home/ubuntu/yocto/poky/meta/recipes-devtools/autoconf-archive/autoconf-archive_2022.02.11.bb:do_configure)
NOTE: recipe autoconf-archive-native-2022.02.11-r0: task do_configure: Started
NOTE: recipe gcc-source-11.5.0-11.5.0-r0: task do_patch: Succeeded
NOTE: Running task 571 of 4196 (virtual:native:/home/ubuntu/yocto/poky/meta/recipes-support/mpfr/mpfr_4.1.1.bb:do_deploy_source_date_epoch)
NOTE: recipe mpfr-native-4.1.1-r0: task do_deploy_source_date_epoch: Started
NOTE: recipe autoconf-archive-native-2022.02.11-r0: task do_configure: Succeeded
NOTE: recipe mpfr-native-4.1.1-r0: task do_deploy_source_date_epoch: Succeeded
NOTE: Running task 572 of 4196 (/home/ubuntu/yocto/poky/meta/recipes-devtools/gcc/gcc-source_11.5.bb:do_deploy_source_date_epoch)
NOTE: Running task 573 of 4196 (virtual:native:/home/ubuntu/yocto/poky/meta/recipes-devtools/autoconf-archive/autoconf-archive_2022.02.11.bb:do_compile)
NOTE: recipe gcc-source-11.5.0-11.5.0-r0: task do_deploy_source_date_epoch: Started
NOTE: recipe autoconf-archive-native-2022.02.11-r0: task do_compile: Started
NOTE: recipe gcc-source-11.5.0-11.5.0-r0: task do_deploy_source_date_epoch: Succeeded
NOTE: Running task 574 of 4196 (/home/ubuntu/yocto/poky/meta/recipes-devtools/gcc/gcc-source_11.5.bb:do_preconfigure)
NOTE: recipe gcc-source-11.5.0-11.5.0-r0: task do_preconfigure: Started
NOTE: recipe autoconf-archive-native-2022.02.11-r0: task do_compile: Succeeded
NOTE: Running task 575 of 4196 (virtual:native:/home/ubuntu/yocto/poky/meta/recipes-devtools/autoconf-archive/autoconf-archive_2022.02.11.bb:do_install)
NOTE: recipe autoconf-archive-native-2022.02.11-r0: task do_install: Started
NOTE: recipe gcc-source-11.5.0-11.5.0-r0: task do_preconfigure: Succeeded
NOTE: Running task 576 of 4196 (virtual:native:/home/ubuntu/yocto/poky/meta/recipes-support/popt/popt_1.18.bb:do_prepare_recipe_sysroot)
NOTE: recipe popt-native-1.18-r0: task do_prepare_recipe_sysroot: Started
NOTE: recipe popt-native-1.18-r0: task do_prepare_recipe_sysroot: Succeeded
NOTE: Running task 577 of 4196 (virtual:native:/home/ubuntu/yocto/poky/meta/recipes-support/popt/popt_1.18.bb:do_configure)
NOTE: recipe autoconf-archive-native-2022.02.11-r0: task do_install: Succeeded
NOTE: Running task 578 of 4196 (virtual:native:/home/ubuntu/yocto/poky/meta/recipes-devtools/autoconf-archive/autoconf-archive_2022.02.11.bb:do_populate_sysroot)
NOTE: recipe autoconf-archive-native-2022.02.11-r0: task do_populate_sysroot: Started
NOTE: recipe popt-native-1.18-r0: task do_configure: Started
NOTE: recipe autoconf-archive-native-2022.02.11-r0: task do_populate_sysroot: Succeeded
NOTE: Running task 579 of 4196 (virtual:native:/home/ubuntu/yocto/poky/meta/recipes-support/attr/acl_2.3.1.bb:do_prepare_recipe_sysroot)
NOTE: recipe acl-native-2.3.1-r0: task do_prepare_recipe_sysroot: Started
NOTE: recipe acl-native-2.3.1-r0: task do_prepare_recipe_sysroot: Succeeded
NOTE: Running task 580 of 4196 (virtual:native:/home/ubuntu/yocto/poky/meta/recipes-support/attr/acl_2.3.1.bb:do_configure)
NOTE: recipe acl-native-2.3.1-r0: task do_configure: Started
NOTE: recipe gmp-native-6.2.1-r0: task do_compile: Succeeded
NOTE: Running task 581 of 4196 (virtual:native:/home/ubuntu/yocto/poky/meta/recipes-support/gmp/gmp_6.2.1.bb:do_install)
NOTE: recipe gmp-native-6.2.1-r0: task do_install: Started
NOTE: recipe gmp-native-6.2.1-r0: task do_install: Succeeded
NOTE: Running task 582 of 4196 (virtual:native:/home/ubuntu/yocto/poky/meta/recipes-support/gmp/gmp_6.2.1.bb:do_populate_sysroot)
NOTE: recipe gmp-native-6.2.1-r0: task do_populate_sysroot: Started
NOTE: recipe gmp-native-6.2.1-r0: task do_populate_sysroot: Succeeded
NOTE: Running task 583 of 4196 (virtual:native:/home/ubuntu/yocto/poky/meta/recipes-support/mpfr/mpfr_4.1.1.bb:do_prepare_recipe_sysroot)
NOTE: recipe mpfr-native-4.1.1-r0: task do_prepare_recipe_sysroot: Started
NOTE: recipe mpfr-native-4.1.1-r0: task do_prepare_recipe_sysroot: Succeeded
NOTE: Running task 584 of 4196 (virtual:native:/home/ubuntu/yocto/poky/meta/recipes-support/mpfr/mpfr_4.1.1.bb:do_configure)
NOTE: recipe mpfr-native-4.1.1-r0: task do_configure: Started
NOTE: recipe linux-libc-headers-5.16-r0: task do_unpack: Succeeded
NOTE: Running task 585 of 4196 (/home/ubuntu/yocto/poky/meta/recipes-kernel/linux-libc-headers/linux-libc-headers_5.16.bb:do_patch)
NOTE: recipe linux-libc-headers-5.16-r0: task do_patch: Started
NOTE: recipe linux-libc-headers-5.16-r0: task do_patch: Succeeded
NOTE: Running task 586 of 4196 (/home/ubuntu/yocto/poky/meta/recipes-kernel/linux-libc-headers/linux-libc-headers_5.16.bb:do_deploy_source_date_epoch)
NOTE: recipe linux-libc-headers-5.16-r0: task do_deploy_source_date_epoch: Started
NOTE: recipe linux-libc-headers-5.16-r0: task do_deploy_source_date_epoch: Succeeded
NOTE: Running task 587 of 4196 (virtual:native:/home/ubuntu/yocto/poky/meta/recipes-devtools/unifdef/unifdef_2.12.bb:do_deploy_source_date_epoch)
NOTE: recipe unifdef-native-2.12-r0: task do_deploy_source_date_epoch: Started
NOTE: recipe unifdef-native-2.12-r0: task do_deploy_source_date_epoch: Succeeded
NOTE: Running task 588 of 4196 (virtual:native:/home/ubuntu/yocto/poky/meta/recipes-devtools/unifdef/unifdef_2.12.bb:do_configure)
NOTE: recipe unifdef-native-2.12-r0: task do_configure: Started
NOTE: recipe popt-native-1.18-r0: task do_configure: Succeeded
NOTE: Running task 589 of 4196 (virtual:native:/home/ubuntu/yocto/poky/meta/recipes-support/popt/popt_1.18.bb:do_compile)
NOTE: recipe unifdef-native-2.12-r0: task do_configure: Succeeded
NOTE: Running task 590 of 4196 (virtual:native:/home/ubuntu/yocto/poky/meta/recipes-devtools/unifdef/unifdef_2.12.bb:do_compile)
NOTE: recipe popt-native-1.18-r0: task do_compile: Started
NOTE: recipe unifdef-native-2.12-r0: task do_compile: Started
NOTE: recipe acl-native-2.3.1-r0: task do_configure: Succeeded
NOTE: Running task 591 of 4196 (virtual:native:/home/ubuntu/yocto/poky/meta/recipes-support/attr/acl_2.3.1.bb:do_compile)
NOTE: recipe acl-native-2.3.1-r0: task do_compile: Started
NOTE: recipe unifdef-native-2.12-r0: task do_compile: Succeeded
NOTE: Running task 592 of 4196 (virtual:native:/home/ubuntu/yocto/poky/meta/recipes-devtools/unifdef/unifdef_2.12.bb:do_install)
NOTE: recipe unifdef-native-2.12-r0: task do_install: Started
NOTE: recipe unifdef-native-2.12-r0: task do_install: Succeeded
NOTE: Running task 593 of 4196 (virtual:native:/home/ubuntu/yocto/poky/meta/recipes-devtools/unifdef/unifdef_2.12.bb:do_populate_sysroot)
NOTE: recipe unifdef-native-2.12-r0: task do_populate_sysroot: Started
NOTE: recipe popt-native-1.18-r0: task do_compile: Succeeded
NOTE: Running task 594 of 4196 (virtual:native:/home/ubuntu/yocto/poky/meta/recipes-support/popt/popt_1.18.bb:do_install)
NOTE: recipe unifdef-native-2.12-r0: task do_populate_sysroot: Succeeded
NOTE: Running task 595 of 4196 (/home/ubuntu/yocto/poky/meta/recipes-devtools/gcc/gcc-cross_11.5.bb:do_deploy_source_date_epoch)
NOTE: recipe popt-native-1.18-r0: task do_install: Started
NOTE: recipe gcc-cross-arm-11.5.0-r0: task do_deploy_source_date_epoch: Started
NOTE: recipe popt-native-1.18-r0: task do_install: Succeeded
NOTE: Running task 596 of 4196 (virtual:native:/home/ubuntu/yocto/poky/meta/recipes-support/popt/popt_1.18.bb:do_populate_sysroot)
NOTE: recipe gcc-cross-arm-11.5.0-r0: task do_deploy_source_date_epoch: Succeeded
NOTE: Running task 597 of 4196 (/home/ubuntu/yocto/poky/meta/recipes-devtools/gcc/libgcc-initial_11.5.bb:do_deploy_source_date_epoch)
NOTE: recipe libgcc-initial-11.5.0-r0: task do_deploy_source_date_epoch: Started
NOTE: recipe popt-native-1.18-r0: task do_populate_sysroot: Started
NOTE: recipe acl-native-2.3.1-r0: task do_compile: Succeeded
NOTE: recipe libgcc-initial-11.5.0-r0: task do_deploy_source_date_epoch: Succeeded
NOTE: Running task 598 of 4196 (virtual:native:/home/ubuntu/yocto/poky/meta/recipes-support/attr/acl_2.3.1.bb:do_install)
NOTE: Running task 599 of 4196 (/home/ubuntu/yocto/poky/meta/recipes-core/glibc/glibc_2.35.bb:do_patch)
NOTE: recipe popt-native-1.18-r0: task do_populate_sysroot: Succeeded
NOTE: Running task 600 of 4196 (virtual:native:/home/ubuntu/yocto/poky/meta/recipes-extended/gperf/gperf_3.1.bb:do_prepare_recipe_sysroot)
NOTE: recipe acl-native-2.3.1-r0: task do_install: Started
NOTE: recipe glibc-2.35-r0: task do_patch: Started
NOTE: recipe gperf-native-3.1-r0: task do_prepare_recipe_sysroot: Started
NOTE: recipe gperf-native-3.1-r0: task do_prepare_recipe_sysroot: Succeeded
NOTE: Running task 601 of 4196 (virtual:native:/home/ubuntu/yocto/poky/meta/recipes-extended/gperf/gperf_3.1.bb:do_configure)
NOTE: recipe acl-native-2.3.1-r0: task do_install: Succeeded
NOTE: Running task 602 of 4196 (virtual:native:/home/ubuntu/yocto/poky/meta/recipes-support/attr/acl_2.3.1.bb:do_populate_sysroot)
NOTE: recipe gperf-native-3.1-r0: task do_configure: Started
NOTE: recipe acl-native-2.3.1-r0: task do_populate_sysroot: Started
NOTE: recipe acl-native-2.3.1-r0: task do_populate_sysroot: Succeeded
NOTE: Running task 603 of 4196 (virtual:native:/home/ubuntu/yocto/poky/meta/recipes-devtools/rsync/rsync_3.2.7.bb:do_prepare_recipe_sysroot)
NOTE: recipe rsync-native-3.2.7-r0: task do_prepare_recipe_sysroot: Started
NOTE: recipe rsync-native-3.2.7-r0: task do_prepare_recipe_sysroot: Succeeded
NOTE: Running task 604 of 4196 (virtual:native:/home/ubuntu/yocto/poky/meta/recipes-devtools/rsync/rsync_3.2.7.bb:do_configure)
NOTE: recipe rsync-native-3.2.7-r0: task do_configure: Started
NOTE: recipe glibc-2.35-r0: task do_patch: Succeeded
NOTE: Running task 605 of 4196 (/home/ubuntu/yocto/poky/meta/recipes-core/glibc/glibc_2.35.bb:do_deploy_source_date_epoch)
NOTE: recipe glibc-2.35-r0: task do_deploy_source_date_epoch: Started
NOTE: recipe glibc-2.35-r0: task do_deploy_source_date_epoch: Succeeded
NOTE: Running task 606 of 4196 (/home/ubuntu/yocto/poky/meta/recipes-devtools/gcc/libgcc_11.5.bb:do_deploy_source_date_epoch)
NOTE: recipe libgcc-11.5.0-r0: task do_deploy_source_date_epoch: Started
NOTE: recipe libgcc-11.5.0-r0: task do_deploy_source_date_epoch: Succeeded
NOTE: Running task 607 of 4196 (/home/ubuntu/yocto/poky/meta/recipes-devtools/gcc/gcc-runtime_11.5.bb:do_deploy_source_date_epoch)
NOTE: recipe gcc-runtime-11.5.0-r0: task do_deploy_source_date_epoch: Started
NOTE: recipe gcc-runtime-11.5.0-r0: task do_deploy_source_date_epoch: Succeeded
NOTE: Running task 608 of 4196 (virtual:native:/home/ubuntu/yocto/poky/meta/recipes-support/gdbm/gdbm_1.23.bb:do_prepare_recipe_sysroot)
NOTE: recipe gdbm-native-1.23-r0: task do_prepare_recipe_sysroot: Started
NOTE: recipe bison-native-3.8.2-r0: task do_configure: Succeeded
NOTE: recipe gdbm-native-1.23-r0: task do_prepare_recipe_sysroot: Succeeded
NOTE: Running task 609 of 4196 (virtual:native:/home/ubuntu/yocto/poky/meta/recipes-devtools/bison/bison_3.8.2.bb:do_compile)
NOTE: Running task 610 of 4196 (virtual:native:/home/ubuntu/yocto/poky/meta/recipes-support/gdbm/gdbm_1.23.bb:do_configure)
NOTE: recipe bison-native-3.8.2-r0: task do_compile: Started
NOTE: recipe gdbm-native-1.23-r0: task do_configure: Started
NOTE: recipe bison-native-3.8.2-r0: task do_compile: Succeeded
NOTE: Running task 611 of 4196 (virtual:native:/home/ubuntu/yocto/poky/meta/recipes-devtools/bison/bison_3.8.2.bb:do_install)
NOTE: recipe bison-native-3.8.2-r0: task do_install: Started
NOTE: recipe bison-native-3.8.2-r0: task do_install: Succeeded
NOTE: Running task 612 of 4196 (virtual:native:/home/ubuntu/yocto/poky/meta/recipes-devtools/bison/bison_3.8.2.bb:do_populate_sysroot)
NOTE: recipe bison-native-3.8.2-r0: task do_populate_sysroot: Started
NOTE: recipe bison-native-3.8.2-r0: task do_populate_sysroot: Succeeded
NOTE: Running task 613 of 4196 (/home/ubuntu/yocto/poky/meta/recipes-devtools/binutils/binutils-cross_2.38.bb:do_prepare_recipe_sysroot)
NOTE: recipe binutils-cross-arm-2.38-r0: task do_prepare_recipe_sysroot: Started
NOTE: recipe binutils-cross-arm-2.38-r0: task do_prepare_recipe_sysroot: Succeeded
NOTE: Running task 614 of 4196 (/home/ubuntu/yocto/poky/meta/recipes-devtools/binutils/binutils-cross_2.38.bb:do_configure)
NOTE: recipe binutils-cross-arm-2.38-r0: task do_configure: Started
NOTE: recipe gperf-native-3.1-r0: task do_configure: Succeeded
NOTE: Running task 615 of 4196 (virtual:native:/home/ubuntu/yocto/poky/meta/recipes-extended/gperf/gperf_3.1.bb:do_compile)
NOTE: recipe gperf-native-3.1-r0: task do_compile: Started
NOTE: recipe gperf-native-3.1-r0: task do_compile: Succeeded
NOTE: Running task 616 of 4196 (virtual:native:/home/ubuntu/yocto/poky/meta/recipes-extended/gperf/gperf_3.1.bb:do_install)
NOTE: recipe gperf-native-3.1-r0: task do_install: Started
NOTE: recipe gperf-native-3.1-r0: task do_install: Succeeded
NOTE: Running task 617 of 4196 (virtual:native:/home/ubuntu/yocto/poky/meta/recipes-extended/gperf/gperf_3.1.bb:do_populate_sysroot)
NOTE: recipe gperf-native-3.1-r0: task do_populate_sysroot: Started
NOTE: recipe gperf-native-3.1-r0: task do_populate_sysroot: Succeeded
NOTE: Running task 618 of 4196 (virtual:native:/home/ubuntu/yocto/poky/meta/recipes-core/ncurses/ncurses_6.3+20220423.bb:do_prepare_recipe_sysroot)
NOTE: recipe binutils-cross-arm-2.38-r0: task do_configure: Succeeded
NOTE: Running task 619 of 4196 (/home/ubuntu/yocto/poky/meta/recipes-devtools/binutils/binutils-cross_2.38.bb:do_compile)
NOTE: recipe binutils-cross-arm-2.38-r0: task do_compile: Started
NOTE: recipe ncurses-native-6.3+20220423-r0: task do_prepare_recipe_sysroot: Started
NOTE: recipe ncurses-native-6.3+20220423-r0: task do_prepare_recipe_sysroot: Succeeded
NOTE: Running task 620 of 4196 (virtual:native:/home/ubuntu/yocto/poky/meta/recipes-core/ncurses/ncurses_6.3+20220423.bb:do_configure)
NOTE: recipe ncurses-native-6.3+20220423-r0: task do_configure: Started
NOTE: recipe sqlite3-native-3_3.38.5-r0: task do_compile: Succeeded
NOTE: Running task 621 of 4196 (virtual:native:/home/ubuntu/yocto/poky/meta/recipes-support/sqlite/sqlite3_3.38.5.bb:do_install)
NOTE: recipe sqlite3-native-3_3.38.5-r0: task do_install: Started
NOTE: recipe sqlite3-native-3_3.38.5-r0: task do_install: Succeeded
NOTE: Running task 622 of 4196 (virtual:native:/home/ubuntu/yocto/poky/meta/recipes-support/sqlite/sqlite3_3.38.5.bb:do_populate_sysroot)
NOTE: recipe sqlite3-native-3_3.38.5-r0: task do_populate_sysroot: Started
NOTE: recipe sqlite3-native-3_3.38.5-r0: task do_populate_sysroot: Succeeded
NOTE: Running task 623 of 4196 (virtual:native:/home/ubuntu/yocto/poky/meta/recipes-devtools/pseudo/pseudo_git.bb:do_prepare_recipe_sysroot)
NOTE: recipe gdbm-native-1.23-r0: task do_configure: Succeeded
NOTE: Running task 624 of 4196 (virtual:native:/home/ubuntu/yocto/poky/meta/recipes-support/gdbm/gdbm_1.23.bb:do_compile)
NOTE: recipe pseudo-native-1.9.0+gitAUTOINC+28dcefb809-r0: task do_prepare_recipe_sysroot: Started
NOTE: recipe pseudo-native-1.9.0+gitAUTOINC+28dcefb809-r0: task do_prepare_recipe_sysroot: Succeeded
NOTE: recipe gdbm-native-1.23-r0: task do_compile: Started
NOTE: Running task 625 of 4196 (virtual:native:/home/ubuntu/yocto/poky/meta/recipes-devtools/pseudo/pseudo_git.bb:do_configure)
NOTE: recipe pseudo-native-1.9.0+gitAUTOINC+28dcefb809-r0: task do_configure: Started
NOTE: recipe pseudo-native-1.9.0+gitAUTOINC+28dcefb809-r0: task do_configure: Succeeded
NOTE: Running task 626 of 4196 (virtual:native:/home/ubuntu/yocto/poky/meta/recipes-devtools/pseudo/pseudo_git.bb:do_compile)
NOTE: recipe pseudo-native-1.9.0+gitAUTOINC+28dcefb809-r0: task do_compile: Started
NOTE: recipe gdbm-native-1.23-r0: task do_compile: Succeeded
NOTE: Running task 627 of 4196 (virtual:native:/home/ubuntu/yocto/poky/meta/recipes-support/gdbm/gdbm_1.23.bb:do_install)
NOTE: recipe gdbm-native-1.23-r0: task do_install: Started
NOTE: recipe rsync-native-3.2.7-r0: task do_configure: Succeeded
NOTE: Running task 628 of 4196 (virtual:native:/home/ubuntu/yocto/poky/meta/recipes-devtools/rsync/rsync_3.2.7.bb:do_compile)
NOTE: recipe rsync-native-3.2.7-r0: task do_compile: Started
NOTE: recipe gdbm-native-1.23-r0: task do_install: Succeeded
NOTE: Running task 629 of 4196 (virtual:native:/home/ubuntu/yocto/poky/meta/recipes-support/gdbm/gdbm_1.23.bb:do_populate_sysroot)
NOTE: recipe gdbm-native-1.23-r0: task do_populate_sysroot: Started
NOTE: recipe gdbm-native-1.23-r0: task do_populate_sysroot: Succeeded
NOTE: Running task 630 of 4196 (virtual:native:/home/ubuntu/yocto/poky/meta/recipes-core/util-linux/util-linux-libuuid_2.37.4.bb:do_unpack)
NOTE: recipe util-linux-libuuid-native-2.37.4-r0: task do_unpack: Started
NOTE: recipe mpfr-native-4.1.1-r0: task do_configure: Succeeded
NOTE: Running task 631 of 4196 (virtual:native:/home/ubuntu/yocto/poky/meta/recipes-support/mpfr/mpfr_4.1.1.bb:do_compile)
NOTE: recipe mpfr-native-4.1.1-r0: task do_compile: Started
NOTE: recipe util-linux-libuuid-native-2.37.4-r0: task do_unpack: Succeeded
NOTE: Running task 632 of 4196 (virtual:native:/home/ubuntu/yocto/poky/meta/recipes-core/util-linux/util-linux-libuuid_2.37.4.bb:do_patch)
NOTE: recipe pseudo-native-1.9.0+gitAUTOINC+28dcefb809-r0: task do_compile: Succeeded
NOTE: Running task 633 of 4196 (virtual:native:/home/ubuntu/yocto/poky/meta/recipes-devtools/pseudo/pseudo_git.bb:do_install)
NOTE: recipe util-linux-libuuid-native-2.37.4-r0: task do_patch: Started
NOTE: recipe pseudo-native-1.9.0+gitAUTOINC+28dcefb809-r0: task do_install: Started
NOTE: recipe pseudo-native-1.9.0+gitAUTOINC+28dcefb809-r0: task do_install: Succeeded
NOTE: Running task 634 of 4196 (virtual:native:/home/ubuntu/yocto/poky/meta/recipes-devtools/pseudo/pseudo_git.bb:do_populate_sysroot)
NOTE: recipe pseudo-native-1.9.0+gitAUTOINC+28dcefb809-r0: task do_populate_sysroot: Started
NOTE: recipe rsync-native-3.2.7-r0: task do_compile: Succeeded
NOTE: Running task 635 of 4196 (virtual:native:/home/ubuntu/yocto/poky/meta/recipes-devtools/rsync/rsync_3.2.7.bb:do_install)
NOTE: recipe pseudo-native-1.9.0+gitAUTOINC+28dcefb809-r0: task do_populate_sysroot: Succeeded
NOTE: Running task 636 of 4196 (virtual:native:/home/ubuntu/yocto/poky/meta/recipes-devtools/python/python3_3.10.18.bb:do_unpack)
NOTE: recipe rsync-native-3.2.7-r0: task do_install: Started
NOTE: recipe util-linux-libuuid-native-2.37.4-r0: task do_patch: Succeeded
NOTE: Running task 637 of 4196 (virtual:native:/home/ubuntu/yocto/poky/meta/recipes-extended/libtirpc/libtirpc_1.3.2.bb:do_prepare_recipe_sysroot)
NOTE: recipe rsync-native-3.2.7-r0: task do_install: Succeeded
NOTE: Running task 638 of 4196 (virtual:native:/home/ubuntu/yocto/poky/meta/recipes-devtools/rsync/rsync_3.2.7.bb:do_populate_sysroot)
NOTE: recipe libtirpc-native-1.3.2-r0: task do_prepare_recipe_sysroot: Started
NOTE: recipe python3-native-3.10.18-r0: task do_unpack: Started
NOTE: recipe libtirpc-native-1.3.2-r0: task do_prepare_recipe_sysroot: Succeeded
NOTE: Running task 639 of 4196 (virtual:native:/home/ubuntu/yocto/poky/meta/recipes-extended/libtirpc/libtirpc_1.3.2.bb:do_configure)
NOTE: recipe rsync-native-3.2.7-r0: task do_populate_sysroot: Started
NOTE: recipe libtirpc-native-1.3.2-r0: task do_configure: Started
NOTE: recipe rsync-native-3.2.7-r0: task do_populate_sysroot: Succeeded
NOTE: Running task 640 of 4196 (/home/ubuntu/yocto/poky/meta/recipes-kernel/linux-libc-headers/linux-libc-headers_5.16.bb:do_prepare_recipe_sysroot)
NOTE: recipe linux-libc-headers-5.16-r0: task do_prepare_recipe_sysroot: Started
NOTE: recipe linux-libc-headers-5.16-r0: task do_prepare_recipe_sysroot: Succeeded
NOTE: Running noexec task 641 of 4196 (/home/ubuntu/yocto/poky/meta/recipes-kernel/linux-libc-headers/linux-libc-headers_5.16.bb:do_configure)
NOTE: Running noexec task 642 of 4196 (/home/ubuntu/yocto/poky/meta/recipes-kernel/linux-libc-headers/linux-libc-headers_5.16.bb:do_compile)
NOTE: Running task 643 of 4196 (/home/ubuntu/yocto/poky/meta/recipes-kernel/linux-libc-headers/linux-libc-headers_5.16.bb:do_install)
NOTE: recipe linux-libc-headers-5.16-r0: task do_install: Started
NOTE: recipe python3-native-3.10.18-r0: task do_unpack: Succeeded
NOTE: Running task 644 of 4196 (virtual:native:/home/ubuntu/yocto/poky/meta/recipes-devtools/python/python3_3.10.18.bb:do_patch)
NOTE: recipe python3-native-3.10.18-r0: task do_patch: Started
NOTE: recipe mpfr-native-4.1.1-r0: task do_compile: Succeeded
NOTE: Running task 645 of 4196 (virtual:native:/home/ubuntu/yocto/poky/meta/recipes-support/mpfr/mpfr_4.1.1.bb:do_install)
NOTE: recipe mpfr-native-4.1.1-r0: task do_install: Started
NOTE: recipe mpfr-native-4.1.1-r0: task do_install: Succeeded
NOTE: Running task 646 of 4196 (virtual:native:/home/ubuntu/yocto/poky/meta/recipes-support/mpfr/mpfr_4.1.1.bb:do_populate_sysroot)
NOTE: recipe mpfr-native-4.1.1-r0: task do_populate_sysroot: Started
NOTE: recipe python3-native-3.10.18-r0: task do_patch: Succeeded
NOTE: Running task 647 of 4196 (/home/ubuntu/yocto/poky/meta/recipes-devtools/libtool/libtool-cross_2.4.7.bb:do_patch)
NOTE: recipe libtool-cross-2.4.7-r0: task do_patch: Started
NOTE: recipe mpfr-native-4.1.1-r0: task do_populate_sysroot: Succeeded
NOTE: Running task 648 of 4196 (virtual:native:/home/ubuntu/yocto/poky/meta/recipes-support/libmpc/libmpc_1.2.1.bb:do_prepare_recipe_sysroot)
NOTE: recipe libmpc-native-1.2.1-r0: task do_prepare_recipe_sysroot: Started
NOTE: recipe libmpc-native-1.2.1-r0: task do_prepare_recipe_sysroot: Succeeded
NOTE: Running task 649 of 4196 (virtual:native:/home/ubuntu/yocto/poky/meta/recipes-support/libmpc/libmpc_1.2.1.bb:do_configure)
NOTE: recipe libmpc-native-1.2.1-r0: task do_configure: Started
NOTE: recipe libtool-cross-2.4.7-r0: task do_patch: Succeeded
NOTE: Running task 650 of 4196 (/home/ubuntu/yocto/poky/meta/recipes-core/zlib/zlib_1.2.11.bb:do_unpack)
NOTE: recipe zlib-1.2.11-r0: task do_unpack: Started
NOTE: recipe zlib-1.2.11-r0: task do_unpack: Succeeded
NOTE: Running task 651 of 4196 (/home/ubuntu/yocto/poky/meta/recipes-core/zlib/zlib_1.2.11.bb:do_patch)
NOTE: recipe zlib-1.2.11-r0: task do_patch: Started
NOTE: recipe linux-libc-headers-5.16-r0: task do_install: Succeeded
NOTE: recipe zlib-1.2.11-r0: task do_patch: Succeeded
NOTE: Running task 652 of 4196 (virtual:native:/home/ubuntu/yocto/poky/meta/recipes-devtools/make/make_4.3.bb:do_prepare_recipe_sysroot)
NOTE: Running task 653 of 4196 (/home/ubuntu/yocto/poky/meta/recipes-devtools/opkg-utils/opkg-utils_0.5.0.bb:do_patch)
NOTE: recipe opkg-utils-0.5.0-r0: task do_patch: Started
NOTE: recipe make-native-4.3-r0: task do_prepare_recipe_sysroot: Started
NOTE: recipe make-native-4.3-r0: task do_prepare_recipe_sysroot: Succeeded
NOTE: Running task 654 of 4196 (virtual:native:/home/ubuntu/yocto/poky/meta/recipes-devtools/make/make_4.3.bb:do_configure)
NOTE: recipe opkg-utils-0.5.0-r0: task do_patch: Succeeded
NOTE: Running task 655 of 4196 (virtual:native:/home/ubuntu/yocto/poky/meta/recipes-extended/bzip2/bzip2_1.0.8.bb:do_prepare_recipe_sysroot)
NOTE: recipe make-native-4.3-r0: task do_configure: Started
NOTE: recipe bzip2-native-1.0.8-r0: task do_prepare_recipe_sysroot: Started
NOTE: recipe bzip2-native-1.0.8-r0: task do_prepare_recipe_sysroot: Succeeded
NOTE: Running task 656 of 4196 (virtual:native:/home/ubuntu/yocto/poky/meta/recipes-extended/bzip2/bzip2_1.0.8.bb:do_configure)
NOTE: recipe bzip2-native-1.0.8-r0: task do_configure: Started
NOTE: recipe libtirpc-native-1.3.2-r0: task do_configure: Succeeded
NOTE: Running task 657 of 4196 (virtual:native:/home/ubuntu/yocto/poky/meta/recipes-extended/libtirpc/libtirpc_1.3.2.bb:do_compile)
NOTE: recipe libtirpc-native-1.3.2-r0: task do_compile: Started
NOTE: recipe libtirpc-native-1.3.2-r0: task do_compile: Succeeded
NOTE: Running task 658 of 4196 (virtual:native:/home/ubuntu/yocto/poky/meta/recipes-extended/libtirpc/libtirpc_1.3.2.bb:do_install)
NOTE: recipe libtirpc-native-1.3.2-r0: task do_install: Started
NOTE: recipe libtirpc-native-1.3.2-r0: task do_install: Succeeded
NOTE: Running task 659 of 4196 (virtual:native:/home/ubuntu/yocto/poky/meta/recipes-extended/libtirpc/libtirpc_1.3.2.bb:do_populate_sysroot)
NOTE: recipe libtirpc-native-1.3.2-r0: task do_populate_sysroot: Started
NOTE: recipe libtirpc-native-1.3.2-r0: task do_populate_sysroot: Succeeded
NOTE: Running task 660 of 4196 (virtual:native:/home/ubuntu/yocto/poky/meta/recipes-core/util-linux/util-linux-libuuid_2.37.4.bb:do_deploy_source_date_epoch)
NOTE: recipe util-linux-libuuid-native-2.37.4-r0: task do_deploy_source_date_epo