This file contains any messages produced by compilers while
running configure, to aid debugging if configure makes a mistake.

It was created by GNU Libtool configure 2.4.7, which was
generated by GNU Autoconf 2.71.  Invocation command line was

  $ ../libtool-2.4.7/configure --build=x86_64-linux --host=x86_64-linux --target=x86_64-linux --prefix=/home/ubuntu/yocto/rpi-build/tmp/work/x86_64-linux/libtool-native/2.4.7-r0/recipe-sysroot-native/usr --exec_prefix=/home/ubuntu/yocto/rpi-build/tmp/work/x86_64-linux/libtool-native/2.4.7-r0/recipe-sysroot-native/usr --bindir=/home/ubuntu/yocto/rpi-build/tmp/work/x86_64-linux/libtool-native/2.4.7-r0/recipe-sysroot-native/usr/bin --sbindir=/home/ubuntu/yocto/rpi-build/tmp/work/x86_64-linux/libtool-native/2.4.7-r0/recipe-sysroot-native/usr/sbin --libexecdir=/home/ubuntu/yocto/rpi-build/tmp/work/x86_64-linux/libtool-native/2.4.7-r0/recipe-sysroot-native/usr/libexec --datadir=/home/ubuntu/yocto/rpi-build/tmp/work/x86_64-linux/libtool-native/2.4.7-r0/recipe-sysroot-native/usr/share --sysconfdir=/home/ubuntu/yocto/rpi-build/tmp/work/x86_64-linux/libtool-native/2.4.7-r0/recipe-sysroot-native/etc --sharedstatedir=/home/ubuntu/yocto/rpi-build/tmp/work/x86_64-linux/libtool-native/2.4.7-r0/recipe-sysroot-native/com --localstatedir=/home/ubuntu/yocto/rpi-build/tmp/work/x86_64-linux/libtool-native/2.4.7-r0/recipe-sysroot-native/var --libdir=/home/ubuntu/yocto/rpi-build/tmp/work/x86_64-linux/libtool-native/2.4.7-r0/recipe-sysroot-native/usr/lib --includedir=/home/ubuntu/yocto/rpi-build/tmp/work/x86_64-linux/libtool-native/2.4.7-r0/recipe-sysroot-native/usr/include --oldincludedir=/home/ubuntu/yocto/rpi-build/tmp/work/x86_64-linux/libtool-native/2.4.7-r0/recipe-sysroot-native/usr/include --infodir=/home/ubuntu/yocto/rpi-build/tmp/work/x86_64-linux/libtool-native/2.4.7-r0/recipe-sysroot-native/usr/share/info --mandir=/home/ubuntu/yocto/rpi-build/tmp/work/x86_64-linux/libtool-native/2.4.7-r0/recipe-sysroot-native/usr/share/man --disable-silent-rules --disable-dependency-tracking --with-libtool-sysroot=/home/ubuntu/yocto/rpi-build/tmp/work/x86_64-linux/libtool-native/2.4.7-r0/recipe-sysroot-native --disable-static

## --------- ##
## Platform. ##
## --------- ##

hostname = DESKTOP-CSPIOE3
uname -m = x86_64
uname -r = 6.6.87.2-microsoft-standard-WSL2
uname -s = Linux
uname -v = #1 SMP PREEMPT_DYNAMIC Thu Jun  5 18:30:46 UTC 2025

/usr/bin/uname -p = x86_64
/bin/uname -X     = unknown

/bin/arch              = x86_64
/usr/bin/arch -k       = unknown
/usr/convex/getsysinfo = unknown
/usr/bin/hostinfo      = unknown
/bin/machine           = unknown
/usr/bin/oslevel       = unknown
/bin/universe          = unknown

PATH: /home/ubuntu/yocto/poky/scripts/native-intercept/
PATH: /home/ubuntu/yocto/rpi-build/tmp/sysroots-uninative/x86_64-linux/usr/bin/
PATH: /home/ubuntu/yocto/poky/scripts/
PATH: /home/ubuntu/yocto/rpi-build/tmp/work/x86_64-linux/libtool-native/2.4.7-r0/recipe-sysroot-native/usr/bin/x86_64-linux/
PATH: /home/ubuntu/yocto/rpi-build/tmp/work/x86_64-linux/libtool-native/2.4.7-r0/recipe-sysroot-native/usr/bin/
PATH: /home/ubuntu/yocto/rpi-build/tmp/work/x86_64-linux/libtool-native/2.4.7-r0/recipe-sysroot-native/usr/sbin/
PATH: /home/ubuntu/yocto/rpi-build/tmp/work/x86_64-linux/libtool-native/2.4.7-r0/recipe-sysroot-native/usr/bin/
PATH: /home/ubuntu/yocto/rpi-build/tmp/work/x86_64-linux/libtool-native/2.4.7-r0/recipe-sysroot-native/sbin/
PATH: /home/ubuntu/yocto/rpi-build/tmp/work/x86_64-linux/libtool-native/2.4.7-r0/recipe-sysroot-native/bin/
PATH: /home/ubuntu/yocto/poky/bitbake/bin/
PATH: /home/ubuntu/yocto/rpi-build/tmp/hosttools/


## ----------- ##
## Core tests. ##
## ----------- ##

configure:2543: loading site script /home/ubuntu/yocto/poky/meta/site/endian-little
| ac_cv_c_littleendian=${ac_cv_c_littleendian=yes}
| ac_cv_c_bigendian=${ac_cv_c_bigendian=no}
| 
| # libnet
| ac_cv_libnet_endianess=${ac_cv_libnet_endianess=lil}
| 
| # libmemcached
| ac_cv_c_endian=little
configure:2543: loading site script /home/ubuntu/yocto/poky/meta/site/common-linux
| # gettext - these add sleep delays otherwise
| gl_cv_func_sleep_works=${gl_cv_func_sleep_works=yes}
| gl_cv_header_working_fcntl_h=${gl_cv_header_working_fcntl_h=yes}
| # the euc-jp tests in iconv.m4 break elfutils and libunistring depending on the
| # host locales installed. Avoid this by skipping the tests, we're not on HP-UX!
| am_cv_func_iconv_works=${am_cv_func_iconv_works=yes}
| 
| # apr
| ac_cv_file__dev_zero=${ac_cv_file__dev_zero=yes}
| ac_cv_sizeof_pid_t=${ac_cv_sizeof_pid_t=4}
| ac_cv_func_pthread_key_delete=${ac_cv_func_pthread_key_delete=yes}
| apr_cv_tcp_nodelay_with_cork=${apr_cv_tcp_nodelay_with_cork=yes}
| apr_cv_process_shared_works=${apr_cv_process_shared_works=no}
| 
| # samba
| samba_cv_HAVE_IFACE_AIX=${samba_cv_HAVE_IFACE_AIX=no}
| samba_cv_HAVE_IFACE_IFCONF=${samba_cv_HAVE_IFACE_IFCONF=yes}
| samba_cv_HAVE_IFACE_IFREQ=${samba_cv_HAVE_IFACE_IFREQ=yes}
| samba_cv_HAVE_IRIX_SPECIFIC_CAPABILITIES=${samba_cv_HAVE_IRIX_SPECIFIC_CAPABILITIES=no}
| 
| # db
| db_cv_path_ar=${db_cv_path_ar=/usr/bin/ar}
| db_cv_path_chmod=${db_cv_path_chmod=/bin/chmod}
| db_cv_path_cp=${db_cv_path_cp=/bin/cp}
| db_cv_path_ln=${db_cv_path_ln=/bin/ln}
| db_cv_path_mkdir=${db_cv_path_mkdir=/bin/mkdir}
| db_cv_path_ranlib=${db_cv_path_ranlib=/usr/bin/ranlib}
| db_cv_path_rm=${db_cv_path_rm=/bin/rm}
| db_cv_path_sh=${db_cv_path_sh=/bin/sh}
| db_cv_path_strip=${db_cv_path_strip=/usr/bin/strip}
| 
| # bash
| bash_cv_have_mbstate_t=${bash_cv_have_mbstate_t=yes}
| bash_cv_must_reinstall_sighandlers=${bash_cv_must_reinstall_sighandlers=no}
| bash_cv_func_strcoll_broken=${bash_cv_func_strcoll_broken=no}
| bash_cv_dup2_broken=${bash_cv_dup2_broken=no}
| bash_cv_opendir_not_robust=${bash_cv_opendir_not_robust=no}
| bash_cv_type_rlimit=${bash_cv_type_rlimit=rlim_t}
| bash_cv_getenv_redef=${bash_cv_getenv_redef=yes}
| bash_cv_ulimit_maxfds=${bash_cv_ulimit_maxfds=yes}
| bash_cv_getcwd_calls_popen=${bash_cv_getcwd_calls_popen=no}
| bash_cv_printf_a_format=${bash_cv_printf_a_format=yes}
| bash_cv_pgrp_pipe=${bash_cv_pgrp_pipe=no}
| bash_cv_job_control_missing=${bash_cv_job_control_missing=present}
| bash_cv_sys_named_pipes=${bash_cv_sys_named_pipes=present}
| bash_cv_unusable_rtsigs=${bash_cv_unusable_rtsigs=no}
| 
| # ccache
| hw_cv_func_snprintf_c99=${hw_cv_func_snprintf_c99=yes}
| hw_cv_func_vsnprintf_c99=${hw_cv_func_vsnprintf_c99=yes}
| 
| # coreutils
| ac_cv_func_chown_works=${ac_cv_func_chown_works=yes}
| ac_cv_func_utime_null=${ac_cv_func_utime_null=yes}
| gl_cv_func_fstatat_zero_flag=${gl_cv_func_fstatat_zero_flag=yes}
| gl_cv_func_link_follows_symlink=${gl_cv_func_link_follows_symlink=no}
| gl_cv_func_unlink_busy_text=${gl_cv_func_unlink_busy_text=yes}
| gl_cv_have_proc_uptime=${gl_cv_have_proc_uptime=yes}
| gl_cv_pipes_are_fifos=${gl_cv_pipes_are_fifos='yes (1)'}
| 
| # mysql
| ac_cv_sys_restartable_syscalls=${ac_cv_sys_restartable_syscalls=yes}
| ac_cv_conv_longlong_to_float=${ac_cv_conv_longlong_to_float=yes}
| 
| # TCL
| tcl_cv_api_serial=${tcl_cv_api_serial=termios}
| 
| # python
| ac_cv_have_long_long_format=yes
| 
| # apache
| ac_cv_o_nonblock_inherited=${ac_cv_o_nonblock_inherited=no}
| 
| # rsync
| rsync_cv_HAVE_C99_VSNPRINTF=${rsync_cv_HAVE_C99_VSNPRINTF=yes}
configure:2543: loading site script /home/ubuntu/yocto/poky/meta/site/common-glibc
| # general
| ac_cv_func_calloc_0_nonnull=${ac_cv_func_calloc_0_nonnull=yes}
| ac_cv_func_realloc_works=${ac_cv_func_realloc_works=yes}
| ac_cv_func_realloc_0_nonnull=${ac_cv_func_realloc_0_nonnull=yes}
| ac_cv_func_malloc_works=${ac_cv_func_malloc_works=yes}
| ac_cv_func_malloc_0_nonnull=${ac_cv_func_malloc_0_nonnull=yes}
| ac_cv_func_memcmp_working=${ac_cv_func_memcmp_working=yes}
| ac_cv_func_getpgrp_void=yes
| ac_cv_func_setpgrp_void=yes
| ac_cv_func_setgrent_void=yes
| ac_cv_func_getgrgid_r=${ac_cv_func_getgrgid_r=yes}
| ac_cv_func_getpwuid_r=${ac_cv_func_getpwuid_r=yes}
| ac_cv_func_posix_getpwuid_r=${ac_cv_func_posix_getpwuid_r=yes}
| ac_cv_func_posix_getgrgid_r=${ac_cv_func_posix_getgrgid_r=yes}
| ac_cv_type_uid_t={ac_cv_type_uid_t=yes}
| ac_cv_func_getaddrinfo=${ac_cv_func_getaddrinfo=yes}
| ac_cv_func_strtod=${ac_cv_func_strtod=yes}
| 
| # bash
| bash_cv_getcwd_malloc=${bash_cv_getcwd_malloc=yes}
| 
| # clamav
| clamav_av_func_working_snprintf_long=${clamav_av_func_working_snprintf_long=yes}
| clamav_av_have_in_port_t=${clamav_av_have_in_port_t=yes}
| clamav_av_have_in_addr_t=${clamav_av_have_in_addr_t=yes}
| ac_cv_func_mmap_fixed_mapped=${ac_cv_func_mmap_fixed_mapped=yes}
| 
| # coreutils
| fu_cv_sys_stat_statfs2_bsize=${fu_cv_sys_stat_statfs2_bsize=yes}
| gl_cv_func_getcwd_abort_bug=${gl_cv_func_getcwd_abort_bug=no}
| gl_cv_func_getcwd_null=${gl_cv_func_getcwd_null=yes}
| gl_cv_func_getcwd_path_max=${gl_cv_func_getcwd_path_max=yes}
| ac_cv_func_getgroups_works=${ac_cv_func_getgroups_works=yes}
| gl_cv_func_nanosleep=${gl_cv_func_nanosleep='no (mishandles large arguments)'}
| gl_cv_func_working_mkstemp=${gl_cv_func_working_mkstemp=yes}
| gl_cv_func_working_mktime=${gl_cv_func_working_mktime=yes}
| gl_cv_func_working_utimes=${gl_cv_func_working_utimes=yes}
| 
| # glib
| glib_cv_strlcpy=${glib_cv_strlcpy=no}
| ac_cv_func_printf_unix98=${ac_cv_func_printf_unix98=yes}
| ac_cv_func_snprintf_c99=${ac_cv_func_snprintf_c99=yes}
| ac_cv_func_vsnprintf_c99=${ac_cv_func_vsnprintf_c99=yes}
| glib_cv_compliant_posix_memalign=${glib_cv_compliant_posix_memalign=1}
| glib_cv_long_long_format=${glib_cv_long_long_format=ll}
| # glib-1.x requires this and pkgconfig-native / pkgconfig-nativesdk use
| # that to avoid a dependency loop.
| glib_cv___va_copy=${glib_cv___va_copy=yes}
| glib_cv_va_copy=${glib_cv_va_copy=yes}
| glib_cv_have_qsort_r=${glib_cv_have_qsort_r=yes}
| 
| #dbus-glib
| ac_cv_have_abstract_sockets=${ac_cv_have_abstract_sockets=yes}
| 
| # gnucash
| am_cv_scanf_lld=${am_cv_scanf_lld=yes}
| 
| # guile
| ac_cv_func_pthread_attr_getstack=${ac_cv_func_pthread_attr_getstack=yes}
| 
| #gcc-zlib
| ac_cv_func_getpagesize=${ac_cv_func_getpagesize=yes}
| ac_cv_func_memcpy=${ac_cv_func_memcpy=yes}
| ac_cv_func_strerror=${ac_cv_func_strerror=yes}
| 
| # squid
| ac_cv_af_unix_large_dgram=${ac_cv_af_unix_large_dgram=yes}
| ac_cv_func_setresuid=${ac_cv_func_setresuid=yes}
| ac_cv_func_va_copy=${ac_cv_func_va_copy=yes}
| ac_cv_func___va_copy=${ac_cv_func___va_copy=yes}
| ac_cv_epoll_works=${ac_cv_epoll_works=yes}
| 
| ac_cv_check_sjlj=ssjlj
| 
| # m4
| gt_cv_locale_fr=${gt_cv_locale_fr=fr_FR}
| gl_cv_func_btowc_eof=${gl_cv_func_btowc_eof=yes}
| gl_cv_func_wcrtomb_retval=${gl_cv_func_wcrtomb_retval=yes}
| gl_cv_func_wctob_works=${gl_cv_func_wctob_works=yes}
| gl_cv_func_mbrtowc_incomplete_state=${gl_cv_func_mbrtowc_incomplete_state=yes}
| gl_cv_func_mbrtowc_sanitycheck=${gl_cv_func_mbrtowc_sanitycheck=yes}
| gl_cv_func_mbrtowc_null_arg=${gl_cv_func_mbrtowc_null_arg=yes}
| gl_cv_func_mbrtowc_retval=${gl_cv_func_mbrtowc_retval=yes}
| gl_cv_func_mbrtowc_nul_retval=${gl_cv_func_mbrtowc_nul_retval=yes}
| 
| # va_copy and _va_copy
| ac_cv_va_copy=${ac_cv_va_copy=yes}
| ac_cv___va_copy=${ac_cv___va_copy=yes}
| ac_cv_func_va_copy=${ac_cv_func_va_copy=yes}
| ac_cv_func___va_copy=${ac_cv_func___va_copy=yes}
| 
| # Xorg
| xorg_cv_malloc0_returns_null=${xorg_cv_malloc0_returns_null=yes}
configure:2543: loading site script /home/ubuntu/yocto/poky/meta/site/x86_64-linux
| # general
| ac_cv_va_val_copy=${ac_cv_va_val_copy=no}
| ac_cv_func_lstat_dereferences_slashed_symlink=${ac_cv_func_lstat_dereferences_slashed_symlink=yes}
| ac_cv_func_lstat_empty_string_bug=${ac_cv_func_lstat_empty_string_bug=no}
| ac_cv_func_posix_getpwnam_r=${ac_cv_func_posix_getpwnam_r=yes}
| ac_cv_func_setvbuf_reversed=${ac_cv_func_setvbuf_reversed=no}
| ac_cv_func_stat_empty_string_bug=${ac_cv_func_stat_empty_string_bug=no}
| ac_cv_func_stat_ignores_trailing_slash=${ac_cv_func_stat_ignores_trailing_slash=no}
| ac_libnet_have_packet_socket=${ac_libnet_have_packet_socket=yes}
| ac_cv_linux_vers=${ac_cv_linux_vers=2}
| ac_cv_need_trio=${ac_cv_need_trio=no}
| ac_cv_sizeof_char=${ac_cv_sizeof_char=1}
| ac_cv_sizeof_int=${ac_cv_sizeof_int=4}
| ac_cv_sizeof_unsigned_int=${ac_cv_sizeof_unsigned_int=4}
| ac_cv_sizeof___int64=${ac_cv_sizeof___int64=0}
| ac_cv_sizeof_long=${ac_cv_sizeof_long=8}
| ac_cv_sizeof_unsigned_long=${ac_cv_sizeof_unsigned_long=8}
| ac_cv_sizeof_long_double=${ac_cv_sizeof_long_double=16}
| ac_cv_sizeof_long_int=${ac_cv_sizeof_long_int=8}
| ac_cv_sizeof_long_long=${ac_cv_sizeof_long_long=8}
| ac_cv_sizeof_short=${ac_cv_sizeof_short=2}
| ac_cv_sizeof_unsigned_short=${ac_cv_sizeof_unsigned_short=2}
| ac_cv_sizeof_short_int=${ac_cv_sizeof_short_int=2}
| ac_cv_sizeof_size_t=${ac_cv_sizeof_size_t=8}
| ac_cv_sizeof_uid_t=${ac_cv_sizeof_uid_t=4}
| ac_cv_sizeof_gid_t=${ac_cv_sizeof_gid_t=4}
| ac_cv_sizeof_dev_t=${ac_cv_sizeof_dev_t=8}
| ac_cv_sizeof_void_p=${ac_cv_sizeof_void_p=8}
| ac_cv_strerror_r_SUSv3=${ac_cv_strerror_r_SUSv3=no}
| db_cv_alignp_t=${db_cv_alignp_t='unsigned long long'}
| db_cv_align_t=${db_cv_align_t='unsigned long long'}
| db_cv_fcntl_f_setfd=${db_cv_fcntl_f_setfd=yes}
| db_cv_sprintf_count=${db_cv_sprintf_count=yes}
| 
| # glib
| glib_cv_hasinline=${glib_cv_hasinline=yes}
| glib_cv_has__inline=${glib_cv_has__inline=yes}
| glib_cv_has__inline__=${glib_cv_has__inline__=yes}
| glib_cv_long_long_format=${glib_cv_long_long_format=ll}
| glib_cv_rtldglobal_broken=${glib_cv_rtldglobal_broken=yes}
| glib_cv_sane_realloc=${glib_cv_sane_realloc=yes}
| glib_cv_sizeof_gmutex=${glib_cv_sizeof_gmutex=40}
| glib_cv_sizeof_intmax_t=${glib_cv_sizeof_intmax_t=8}
| glib_cv_sizeof_ptrdiff_t=${glib_cv_sizeof_ptrdiff_t=8}
| glib_cv_sizeof_size_t=${glib_cv_sizeof_size_t=8}
| glib_cv_sizeof_system_thread=${glib_cv_sizeof_system_thread=8}
| glib_cv_stack_grows=${glib_cv_stack_grows=no}
| glib_cv_sys_pthread_cond_timedwait_posix=${glib_cv_sys_pthread_cond_timedwait_posix=yes}
| glib_cv_sys_pthread_getspecific_posix=${glib_cv_sys_pthread_getspecific_posix=yes}
| glib_cv_sys_pthread_mutex_trylock_posix=${glib_cv_sys_pthread_mutex_trylock_posix=yes}
| glib_cv_uscore=${glib_cv_uscore=no}
| glib_cv_va_val_copy=${glib_cv_va_val_copy=no}
| ac_cv_alignof_guint32=4
| ac_cv_alignof_guint64=8
| ac_cv_alignof_unsigned_long=8
| 
| nano_cv_func_regexec_segv_emptystr=${nano_cv_func_regexec_segv_emptystr=no}
| samba_cv_HAVE_VA_COPY=${samba_cv_HAVE_VA_COPY=yes}
| screen_cv_sys_bcopy_overlap=${screen_cv_sys_bcopy_overlap=no}
| screen_cv_sys_fifo_broken_impl=${screen_cv_sys_fifo_broken_impl=yes}
| screen_cv_sys_fifo_usable=${screen_cv_sys_fifo_usable=yes}
| screen_cv_sys_memcpy_overlap=${screen_cv_sys_memcpy_overlap=no}
| screen_cv_sys_memmove_overlap=${screen_cv_sys_memmove_overlap=no}
| screen_cv_sys_select_broken_retval=${screen_cv_sys_select_broken_retval=no}
| screen_cv_sys_sockets_nofs=${screen_cv_sys_sockets_nofs=no}
| screen_cv_sys_sockets_usable=${screen_cv_sys_sockets_usable=yes}
| screen_cv_sys_terminfo_used=${screen_cv_sys_terminfo_used=yes}
| utils_cv_sys_open_max=${utils_cv_sys_open_max=1015}
| 
| # gettext
| am_cv_func_working_getline=${am_cv_func_working_getline=yes}
| 
| #gcc
| ac_cv_lib_m_sin=${ac_cv_lib_m_sin=yes}
| 
| # bash
| bash_cv_func_sigsetjmp=${bash_cv_func_sigsetjmp=present}
| 
| lf_cv_sane_realloc=yes
| as_cv_unaligned_access=${as_cv_unaligned_access=yes}
| 
| #unfs3
| nfsd_cv_broken_setfsuid=${nfsd_cv_broken_setfsuid=0}
| nfsd_cv_func_statfs=${nfsd_cv_func_statfs=statfs2_bsize}
| nfsd_cv_bsd_signals=${nfsd_cv_bsd_signals=yes}
| 
| #apr
| apr_cv_tcp_nodelay_with_cork=${apr_cv_tcp_nodelay_with_cork=yes}
| 
| # lftp
| lftp_cv_va_val_copy=${lftp_cv_va_val_copy=no}
| 
| # slrn
| slrn_cv_va_val_copy=${slrn_cv_va_val_copy=no}
| 
| # grub
| ac_cv_func___ashldi3=no
| ac_cv_func___ashrdi3=no
| ac_cv_func___bswapdi2=no
| ac_cv_func___bswapsi2=no
| ac_cv_func___lshrdi3=no
| ac_cv_func___trampoline_setup=no
| ac_cv_func___ucmpdi2=no
| ac_cv_func__restgpr_14_x=no
| 
| # cvs
| cvs_cv_func_printf_ptr=${cvs_cv_func_printf_ptr=yes}
| 
| # at-spi2-core
| ac_cv_alignof_char=1
| ac_cv_alignof_dbind_pointer=8
| ac_cv_alignof_dbind_struct=1
| ac_cv_alignof_dbus_bool_t=4
| ac_cv_alignof_dbus_int16_t=2
| ac_cv_alignof_dbus_int32_t=4
| ac_cv_alignof_dbus_int64_t=8
| ac_cv_alignof_double=8
configure:2543: loading site script /home/ubuntu/yocto/poky/meta/site/common
| # libelf
| mr_cv_target_elf=${mr_cv_target_elf=yes}
| 
| # Normally kernels have /dev/random enabled
| ac_cv_file__dev_random=${ac_cv_file__dev_random=yes}
| 
| # Avoid sudo to assume void for unsetenv in cross environment, or else it conflicts with
| # target stdlib.h prototype which follows POSIX compiliance. Mark for upstream.
| sudo_cv_func_unsetenv_void=no
| 
| # shadow dir info, to avoid searching build system
| shadow_cv_maildir=${localstatedir}/spool/mail
| shadow_cv_mailfile=Mailbox
| shadow_cv_utmpdir=${localstatedir}/run
| shadow_cv_logdir=${localstatedir}/log
| shadow_cv_passwd_dir=${bindir}
| 
| # python: deactivate a runtime check for ipv6-support in python >=2.7.1 that fails when cross-compiling
| ac_cv_buggy_getaddrinfo=no
| 
| ac_cv_path_SED=${ac_cv_path_SED=sed}
| 
| # General
| ac_cv_have_decl_sys_siglist=${ac_cv_have_decl_sys_siglist=no}
| 
| # bash
| bash_cv_under_sys_siglist=${bash_cv_under_sys_siglist=no}
| bash_cv_sys_siglist=${bash_cv_sys_siglist=no}
configure:3118: looking for aux files: ltmain.sh compile config.guess config.sub missing install-sh
configure:3131:  trying ../libtool-2.4.7/build-aux/
configure:3160:   ../libtool-2.4.7/build-aux/ltmain.sh found
configure:3160:   ../libtool-2.4.7/build-aux/compile found
configure:3160:   ../libtool-2.4.7/build-aux/config.guess found
configure:3160:   ../libtool-2.4.7/build-aux/config.sub found
configure:3160:   ../libtool-2.4.7/build-aux/missing found
configure:3142:   ../libtool-2.4.7/build-aux/install-sh found
configure:3333: checking for GNU M4 that supports accurate traces
configure:3388: result: /home/ubuntu/yocto/rpi-build/tmp/work/x86_64-linux/libtool-native/2.4.7-r0/recipe-sysroot-native/usr/bin/m4
configure:3391: checking whether /home/ubuntu/yocto/rpi-build/tmp/work/x86_64-linux/libtool-native/2.4.7-r0/recipe-sysroot-native/usr/bin/m4 accepts --gnu
configure:3402: result: yes
configure:3419: checking how m4 supports trace files
configure:3430: result: --debugfile
configure:3459: checking for a BSD-compatible install
configure:3532: result: /home/ubuntu/yocto/rpi-build/tmp/hosttools/install -c
configure:3543: checking whether build environment is sane
configure:3558: result: yes
configure:3708: checking for a race-free mkdir -p
configure:3752: result: /home/ubuntu/yocto/rpi-build/tmp/hosttools/mkdir -p
configure:3759: checking for gawk
configure:3780: found /home/ubuntu/yocto/rpi-build/tmp/hosttools/gawk
configure:3791: result: gawk
configure:3802: checking whether make sets $(MAKE)
configure:3825: result: yes
configure:3855: checking whether make supports nested variables
configure:3873: result: yes
configure:4021: checking whether make supports nested variables
configure:4039: result: yes
configure:4066: checking build system type
configure:4081: result: x86_64-pc-linux-gnu
configure:4101: checking host system type
configure:4115: result: x86_64-pc-linux-gnu
configure:4142: autobuild project... GNU Libtool
configure:4148: autobuild revision... 2.4.7
configure:4153: autobuild hostname... DESKTOP-CSPIOE3
configure:4157: autobuild mode... default
configure:4165: autobuild timestamp... 20250825T030208Z
configure:4225: checking for x86_64-linux-gcc
configure:4257: result: gcc 
configure:4655: checking for C compiler version
configure:4664: gcc  --version >&5
gcc (Ubuntu 11.4.0-1ubuntu1~22.04.2) 11.4.0
Copyright (C) 2021 Free Software Foundation, Inc.
This is free software; see the source for copying conditions.  There is NO
warranty; not even for MERCHANTABILITY or FITNESS FOR A PARTICULAR PURPOSE.

configure:4675: $? = 0
configure:4664: gcc  -v >&5
Using built-in specs.
COLLECT_GCC=gcc
COLLECT_LTO_WRAPPER=/usr/lib/gcc/x86_64-linux-gnu/11/lto-wrapper
OFFLOAD_TARGET_NAMES=nvptx-none:amdgcn-amdhsa
OFFLOAD_TARGET_DEFAULT=1
Target: x86_64-linux-gnu
Configured with: ../src/configure -v --with-pkgversion='Ubuntu 11.4.0-1ubuntu1~22.04.2' --with-bugurl=file:///usr/share/doc/gcc-11/README.Bugs --enable-languages=c,ada,c++,go,brig,d,fortran,objc,obj-c++,m2 --prefix=/usr --with-gcc-major-version-only --program-suffix=-11 --program-prefix=x86_64-linux-gnu- --enable-shared --enable-linker-build-id --libexecdir=/usr/lib --without-included-gettext --enable-threads=posix --libdir=/usr/lib --enable-nls --enable-bootstrap --enable-clocale=gnu --enable-libstdcxx-debug --enable-libstdcxx-time=yes --with-default-libstdcxx-abi=new --enable-gnu-unique-object --disable-vtable-verify --enable-plugin --enable-default-pie --with-system-zlib --enable-libphobos-checking=release --with-target-system-zlib=auto --enable-objc-gc=auto --enable-multiarch --disable-werror --enable-cet --with-arch-32=i686 --with-abi=m64 --with-multilib-list=m32,m64,mx32 --enable-multilib --with-tune=generic --enable-offload-targets=nvptx-none=/build/gcc-11-2Y5pKs/gcc-11-11.4.0/debian/tmp-nvptx/usr,amdgcn-amdhsa=/build/gcc-11-2Y5pKs/gcc-11-11.4.0/debian/tmp-gcn/usr --without-cuda-driver --enable-checking=release --build=x86_64-linux-gnu --host=x86_64-linux-gnu --target=x86_64-linux-gnu --with-build-config=bootstrap-lto-lean --enable-link-serialization=2
Thread model: posix
Supported LTO compression algorithms: zlib zstd
gcc version 11.4.0 (Ubuntu 11.4.0-1ubuntu1~22.04.2) 
... rest of stderr output deleted ...
configure:4675: $? = 0
configure:4664: gcc  -V >&5
gcc: error: unrecognized command-line option '-V'
gcc: fatal error: no input files
compilation terminated.
configure:4675: $? = 1
configure:4664: gcc  -qversion >&5
gcc: error: unrecognized command-line option '-qversion'; did you mean '--version'?
gcc: fatal error: no input files
compilation terminated.
configure:4675: $? = 1
configure:4664: gcc  -version >&5
gcc: error: unrecognized command-line option '-version'
gcc: fatal error: no input files
compilation terminated.
configure:4675: $? = 1
configure:4695: checking whether the C compiler works
configure:4717: gcc  -isystem/home/ubuntu/yocto/rpi-build/tmp/work/x86_64-linux/libtool-native/2.4.7-r0/recipe-sysroot-native/usr/include -O2 -pipe -isystem/home/ubuntu/yocto/rpi-build/tmp/work/x86_64-linux/libtool-native/2.4.7-r0/recipe-sysroot-native/usr/include -L/home/ubuntu/yocto/rpi-build/tmp/work/x86_64-linux/libtool-native/2.4.7-r0/recipe-sysroot-native/usr/lib                         -L/home/ubuntu/yocto/rpi-build/tmp/work/x86_64-linux/libtool-native/2.4.7-r0/recipe-sysroot-native/lib                         -Wl,--enable-new-dtags                         -Wl,-rpath-link,/home/ubuntu/yocto/rpi-build/tmp/work/x86_64-linux/libtool-native/2.4.7-r0/recipe-sysroot-native/usr/lib                         -Wl,-rpath-link,/home/ubuntu/yocto/rpi-build/tmp/work/x86_64-linux/libtool-native/2.4.7-r0/recipe-sysroot-native/lib                         -Wl,-rpath,/home/ubuntu/yocto/rpi-build/tmp/work/x86_64-linux/libtool-native/2.4.7-r0/recipe-sysroot-native/usr/lib                         -Wl,-rpath,/home/ubuntu/yocto/rpi-build/tmp/work/x86_64-linux/libtool-native/2.4.7-r0/recipe-sysroot-native/lib                         -Wl,-O1 -Wl,--allow-shlib-undefined -Wl,--dynamic-linker=/home/ubuntu/yocto/rpi-build/tmp/sysroots-uninative/x86_64-linux/lib/ld-linux-x86-64.so.2 conftest.c  >&5
configure:4721: $? = 0
configure:4771: result: yes
configure:4774: checking for C compiler default output file name
configure:4776: result: a.out
configure:4782: checking for suffix of executables
configure:4789: gcc  -o conftest -isystem/home/ubuntu/yocto/rpi-build/tmp/work/x86_64-linux/libtool-native/2.4.7-r0/recipe-sysroot-native/usr/include -O2 -pipe -isystem/home/ubuntu/yocto/rpi-build/tmp/work/x86_64-linux/libtool-native/2.4.7-r0/recipe-sysroot-native/usr/include -L/home/ubuntu/yocto/rpi-build/tmp/work/x86_64-linux/libtool-native/2.4.7-r0/recipe-sysroot-native/usr/lib                         -L/home/ubuntu/yocto/rpi-build/tmp/work/x86_64-linux/libtool-native/2.4.7-r0/recipe-sysroot-native/lib                         -Wl,--enable-new-dtags                         -Wl,-rpath-link,/home/ubuntu/yocto/rpi-build/tmp/work/x86_64-linux/libtool-native/2.4.7-r0/recipe-sysroot-native/usr/lib                         -Wl,-rpath-link,/home/ubuntu/yocto/rpi-build/tmp/work/x86_64-linux/libtool-native/2.4.7-r0/recipe-sysroot-native/lib                         -Wl,-rpath,/home/ubuntu/yocto/rpi-build/tmp/work/x86_64-linux/libtool-native/2.4.7-r0/recipe-sysroot-native/usr/lib                         -Wl,-rpath,/home/ubuntu/yocto/rpi-build/tmp/work/x86_64-linux/libtool-native/2.4.7-r0/recipe-sysroot-native/lib                         -Wl,-O1 -Wl,--allow-shlib-undefined -Wl,--dynamic-linker=/home/ubuntu/yocto/rpi-build/tmp/sysroots-uninative/x86_64-linux/lib/ld-linux-x86-64.so.2 conftest.c  >&5
configure:4793: $? = 0
configure:4816: result: 
configure:4838: checking whether we are cross compiling
configure:4846: gcc  -o conftest -isystem/home/ubuntu/yocto/rpi-build/tmp/work/x86_64-linux/libtool-native/2.4.7-r0/recipe-sysroot-native/usr/include -O2 -pipe -isystem/home/ubuntu/yocto/rpi-build/tmp/work/x86_64-linux/libtool-native/2.4.7-r0/recipe-sysroot-native/usr/include -L/home/ubuntu/yocto/rpi-build/tmp/work/x86_64-linux/libtool-native/2.4.7-r0/recipe-sysroot-native/usr/lib                         -L/home/ubuntu/yocto/rpi-build/tmp/work/x86_64-linux/libtool-native/2.4.7-r0/recipe-sysroot-native/lib                         -Wl,--enable-new-dtags                         -Wl,-rpath-link,/home/ubuntu/yocto/rpi-build/tmp/work/x86_64-linux/libtool-native/2.4.7-r0/recipe-sysroot-native/usr/lib                         -Wl,-rpath-link,/home/ubuntu/yocto/rpi-build/tmp/work/x86_64-linux/libtool-native/2.4.7-r0/recipe-sysroot-native/lib                         -Wl,-rpath,/home/ubuntu/yocto/rpi-build/tmp/work/x86_64-linux/libtool-native/2.4.7-r0/recipe-sysroot-native/usr/lib                         -Wl,-rpath,/home/ubuntu/yocto/rpi-build/tmp/work/x86_64-linux/libtool-native/2.4.7-r0/recipe-sysroot-native/lib                         -Wl,-O1 -Wl,--allow-shlib-undefined -Wl,--dynamic-linker=/home/ubuntu/yocto/rpi-build/tmp/sysroots-uninative/x86_64-linux/lib/ld-linux-x86-64.so.2 conftest.c  >&5
configure:4850: $? = 0
configure:4857: ./conftest
configure:4861: $? = 0
configure:4876: result: no
configure:4881: checking for suffix of object files
configure:4904: gcc  -c -isystem/home/ubuntu/yocto/rpi-build/tmp/work/x86_64-linux/libtool-native/2.4.7-r0/recipe-sysroot-native/usr/include -O2 -pipe -isystem/home/ubuntu/yocto/rpi-build/tmp/work/x86_64-linux/libtool-native/2.4.7-r0/recipe-sysroot-native/usr/include conftest.c >&5
configure:4908: $? = 0
configure:4930: result: o
configure:4934: checking whether the compiler supports GNU C
configure:4954: gcc  -c -isystem/home/ubuntu/yocto/rpi-build/tmp/work/x86_64-linux/libtool-native/2.4.7-r0/recipe-sysroot-native/usr/include -O2 -pipe -isystem/home/ubuntu/yocto/rpi-build/tmp/work/x86_64-linux/libtool-native/2.4.7-r0/recipe-sysroot-native/usr/include conftest.c >&5
configure:4954: $? = 0
configure:4964: result: yes
configure:4975: checking whether gcc  accepts -g
configure:4996: gcc  -c -g -isystem/home/ubuntu/yocto/rpi-build/tmp/work/x86_64-linux/libtool-native/2.4.7-r0/recipe-sysroot-native/usr/include conftest.c >&5
configure:4996: $? = 0
configure:5040: result: yes
configure:5060: checking for gcc  option to enable C11 features
configure:5075: gcc   -c -isystem/home/ubuntu/yocto/rpi-build/tmp/work/x86_64-linux/libtool-native/2.4.7-r0/recipe-sysroot-native/usr/include -O2 -pipe -isystem/home/ubuntu/yocto/rpi-build/tmp/work/x86_64-linux/libtool-native/2.4.7-r0/recipe-sysroot-native/usr/include conftest.c >&5
configure:5075: $? = 0
configure:5093: result: none needed
configure:5209: checking whether gcc  understands -c and -o together
configure:5232: gcc  -c conftest.c -o conftest2.o
configure:5235: $? = 0
configure:5232: gcc  -c conftest.c -o conftest2.o
configure:5235: $? = 0
configure:5247: result: yes
configure:5265: checking whether the compiler is clang
configure:5287: gcc  -c -isystem/home/ubuntu/yocto/rpi-build/tmp/work/x86_64-linux/libtool-native/2.4.7-r0/recipe-sysroot-native/usr/include -O2 -pipe -isystem/home/ubuntu/yocto/rpi-build/tmp/work/x86_64-linux/libtool-native/2.4.7-r0/recipe-sysroot-native/usr/include conftest.c >&5
configure:5287: $? = 0
configure:5296: result: no
configure:5300: checking for compiler option needed when checking for declarations
configure:5333: result: none
configure:5345: checking whether make supports the include directive
configure:5360: make -f confmf.GNU && cat confinc.out
this is the am__doit target
configure:5363: $? = 0
configure:5382: result: yes (GNU style)
configure:5408: checking dependency style of gcc 
configure:5520: result: none
configure:5541: checking how to run the C preprocessor
configure:5609: result: gcc  -E
configure:5623: gcc  -E -isystem/home/ubuntu/yocto/rpi-build/tmp/work/x86_64-linux/libtool-native/2.4.7-r0/recipe-sysroot-native/usr/include conftest.c
configure:5623: $? = 0
configure:5638: gcc  -E -isystem/home/ubuntu/yocto/rpi-build/tmp/work/x86_64-linux/libtool-native/2.4.7-r0/recipe-sysroot-native/usr/include conftest.c
conftest.c:11:10: fatal error: ac_nonexistent.h: No such file or directory
   11 | #include <ac_nonexistent.h>
      |          ^~~~~~~~~~~~~~~~~~
compilation terminated.
configure:5638: $? = 1
configure: failed program was:
| /* confdefs.h */
| #define PACKAGE_NAME "GNU Libtool"
| #define PACKAGE_TARNAME "libtool"
| #define PACKAGE_VERSION "2.4.7"
| #define PACKAGE_STRING "GNU Libtool 2.4.7"
| #define PACKAGE_BUGREPORT "bug-libtool@gnu.org"
| #define PACKAGE_URL "https://www.gnu.org/software/libtool/"
| #define PACKAGE "libtool"
| #define VERSION "2.4.7"
| /* end confdefs.h.  */
| #include <ac_nonexistent.h>
configure:5669: checking for grep that handles long lines and -e
configure:5733: result: grep
configure:5738: checking for egrep
configure:5806: result: grep -E
configure:5814: checking for Minix Amsterdam compiler
configure:5840: result: no
configure:5857: checking for x86_64-linux-ar
configure:5889: result: ar
configure:6109: checking how to run the C preprocessor
configure:6177: result: gcc  -E
configure:6191: gcc  -E -isystem/home/ubuntu/yocto/rpi-build/tmp/work/x86_64-linux/libtool-native/2.4.7-r0/recipe-sysroot-native/usr/include conftest.c
configure:6191: $? = 0
configure:6206: gcc  -E -isystem/home/ubuntu/yocto/rpi-build/tmp/work/x86_64-linux/libtool-native/2.4.7-r0/recipe-sysroot-native/usr/include conftest.c
conftest.c:11:10: fatal error: ac_nonexistent.h: No such file or directory
   11 | #include <ac_nonexistent.h>
      |          ^~~~~~~~~~~~~~~~~~
compilation terminated.
configure:6206: $? = 1
configure: failed program was:
| /* confdefs.h */
| #define PACKAGE_NAME "GNU Libtool"
| #define PACKAGE_TARNAME "libtool"
| #define PACKAGE_VERSION "2.4.7"
| #define PACKAGE_STRING "GNU Libtool 2.4.7"
| #define PACKAGE_BUGREPORT "bug-libtool@gnu.org"
| #define PACKAGE_URL "https://www.gnu.org/software/libtool/"
| #define PACKAGE "libtool"
| #define VERSION "2.4.7"
| /* end confdefs.h.  */
| #include <ac_nonexistent.h>
configure:6287: checking how to print strings
configure:6314: result: printf
configure:6335: checking for a sed that does not truncate output
configure:6405: result: sed
configure:6423: checking for fgrep
configure:6491: result: grep -F
configure:6527: checking for ld used by gcc 
configure:6595: result: ld 
configure:6602: checking if the linker (ld ) is GNU ld
configure:6618: result: yes
configure:6630: checking for BSD- or MS-compatible name lister (nm)
configure:6685: result: nm
configure:6825: checking the name lister (nm) interface
configure:6833: gcc  -c -isystem/home/ubuntu/yocto/rpi-build/tmp/work/x86_64-linux/libtool-native/2.4.7-r0/recipe-sysroot-native/usr/include -O2 -pipe -isystem/home/ubuntu/yocto/rpi-build/tmp/work/x86_64-linux/libtool-native/2.4.7-r0/recipe-sysroot-native/usr/include conftest.c >&5
configure:6836: nm "conftest.o"
configure:6839: output
0000000000000000 B some_variable
configure:6846: result: BSD nm
configure:6849: checking whether ln -s works
configure:6853: result: yes
configure:6861: checking the maximum length of command line arguments
configure:6993: result: 1572864
configure:7041: checking how to convert x86_64-pc-linux-gnu file names to x86_64-pc-linux-gnu format
configure:7082: result: func_convert_file_noop
configure:7089: checking how to convert x86_64-pc-linux-gnu file names to toolchain format
configure:7110: result: func_convert_file_noop
configure:7117: checking for ld  option to reload object files
configure:7125: result: -r
configure:7159: checking for x86_64-linux-file
configure:7194: result: no
configure:7204: checking for file
configure:7225: found /home/ubuntu/yocto/rpi-build/tmp/hosttools/file
configure:7236: result: file
configure:7267: checking for x86_64-linux-objdump
configure:7299: result: objdump
configure:7373: checking how to recognize dependent libraries
configure:7574: result: pass_all
configure:7619: checking for x86_64-linux-dlltool
configure:7654: result: no
configure:7664: checking for dlltool
configure:7699: result: no
configure:7726: checking how to associate runtime and link libraries
configure:7754: result: printf %s\n
configure:7770: checking for x86_64-linux-ar
configure:7802: result: ar
configure:7904: checking for archiver @FILE support
configure:7922: gcc  -c -isystem/home/ubuntu/yocto/rpi-build/tmp/work/x86_64-linux/libtool-native/2.4.7-r0/recipe-sysroot-native/usr/include -O2 -pipe -isystem/home/ubuntu/yocto/rpi-build/tmp/work/x86_64-linux/libtool-native/2.4.7-r0/recipe-sysroot-native/usr/include conftest.c >&5
configure:7922: $? = 0
configure:7926: ar cr libconftest.a @conftest.lst >&5
configure:7929: $? = 0
configure:7934: ar cr libconftest.a @conftest.lst >&5
/home/ubuntu/yocto/poky/scripts/native-intercept/ar: conftest.o: No such file or directory
configure:7937: $? = 1
configure:7949: result: @
configure:7967: checking for x86_64-linux-strip
configure:7999: result: strip
configure:8076: checking for x86_64-linux-ranlib
configure:8108: result: ranlib -D
configure:8255: checking command to parse nm output from gcc  object
configure:8409: gcc  -c -isystem/home/ubuntu/yocto/rpi-build/tmp/work/x86_64-linux/libtool-native/2.4.7-r0/recipe-sysroot-native/usr/include -O2 -pipe -isystem/home/ubuntu/yocto/rpi-build/tmp/work/x86_64-linux/libtool-native/2.4.7-r0/recipe-sysroot-native/usr/include conftest.c >&5
configure:8412: $? = 0
configure:8416: nm conftest.o \| sed -n -e 's/^.*[ ]\([ABCDGIRSTW][ABCDGIRSTW]*\)[ ][ ]*\([_A-Za-z][_A-Za-z0-9]*\)$/\1 \2 \2/p' | sed '/ __gnu_lto/d' \> conftest.nm
configure:8419: $? = 0
configure:8485: gcc  -o conftest -isystem/home/ubuntu/yocto/rpi-build/tmp/work/x86_64-linux/libtool-native/2.4.7-r0/recipe-sysroot-native/usr/include -O2 -pipe -isystem/home/ubuntu/yocto/rpi-build/tmp/work/x86_64-linux/libtool-native/2.4.7-r0/recipe-sysroot-native/usr/include -L/home/ubuntu/yocto/rpi-build/tmp/work/x86_64-linux/libtool-native/2.4.7-r0/recipe-sysroot-native/usr/lib                         -L/home/ubuntu/yocto/rpi-build/tmp/work/x86_64-linux/libtool-native/2.4.7-r0/recipe-sysroot-native/lib                         -Wl,--enable-new-dtags                         -Wl,-rpath-link,/home/ubuntu/yocto/rpi-build/tmp/work/x86_64-linux/libtool-native/2.4.7-r0/recipe-sysroot-native/usr/lib                         -Wl,-rpath-link,/home/ubuntu/yocto/rpi-build/tmp/work/x86_64-linux/libtool-native/2.4.7-r0/recipe-sysroot-native/lib                         -Wl,-rpath,/home/ubuntu/yocto/rpi-build/tmp/work/x86_64-linux/libtool-native/2.4.7-r0/recipe-sysroot-native/usr/lib                         -Wl,-rpath,/home/ubuntu/yocto/rpi-build/tmp/work/x86_64-linux/libtool-native/2.4.7-r0/recipe-sysroot-native/lib                         -Wl,-O1 -Wl,--allow-shlib-undefined -Wl,--dynamic-linker=/home/ubuntu/yocto/rpi-build/tmp/sysroots-uninative/x86_64-linux/lib/ld-linux-x86-64.so.2 conftest.c conftstm.o >&5
configure:8488: $? = 0
configure:8526: result: ok
configure:8573: checking for sysroot
configure:8608: result: /home/ubuntu/yocto/rpi-build/tmp/work/x86_64-linux/libtool-native/2.4.7-r0/recipe-sysroot-native
configure:8615: checking for a working dd
configure:8659: result: /home/ubuntu/yocto/rpi-build/tmp/hosttools/dd
configure:8663: checking how to truncate binary pipes
configure:8679: result: /home/ubuntu/yocto/rpi-build/tmp/hosttools/dd bs=4096 count=1
configure:8816: gcc  -c -isystem/home/ubuntu/yocto/rpi-build/tmp/work/x86_64-linux/libtool-native/2.4.7-r0/recipe-sysroot-native/usr/include -O2 -pipe -isystem/home/ubuntu/yocto/rpi-build/tmp/work/x86_64-linux/libtool-native/2.4.7-r0/recipe-sysroot-native/usr/include conftest.c >&5
configure:8819: $? = 0
configure:8971: checking for x86_64-linux-mt
configure:9006: result: no
configure:9016: checking for mt
configure:9051: result: no
configure:9071: checking if : is a manifest tool
configure:9078: : '-?'
configure:9086: result: no
configure:9811: checking for stdio.h
configure:9811: gcc  -c -isystem/home/ubuntu/yocto/rpi-build/tmp/work/x86_64-linux/libtool-native/2.4.7-r0/recipe-sysroot-native/usr/include -O2 -pipe -isystem/home/ubuntu/yocto/rpi-build/tmp/work/x86_64-linux/libtool-native/2.4.7-r0/recipe-sysroot-native/usr/include conftest.c >&5
configure:9811: $? = 0
configure:9811: result: yes
configure:9811: checking for stdlib.h
configure:9811: gcc  -c -isystem/home/ubuntu/yocto/rpi-build/tmp/work/x86_64-linux/libtool-native/2.4.7-r0/recipe-sysroot-native/usr/include -O2 -pipe -isystem/home/ubuntu/yocto/rpi-build/tmp/work/x86_64-linux/libtool-native/2.4.7-r0/recipe-sysroot-native/usr/include conftest.c >&5
configure:9811: $? = 0
configure:9811: result: yes
configure:9811: checking for string.h
configure:9811: gcc  -c -isystem/home/ubuntu/yocto/rpi-build/tmp/work/x86_64-linux/libtool-native/2.4.7-r0/recipe-sysroot-native/usr/include -O2 -pipe -isystem/home/ubuntu/yocto/rpi-build/tmp/work/x86_64-linux/libtool-native/2.4.7-r0/recipe-sysroot-native/usr/include conftest.c >&5
configure:9811: $? = 0
configure:9811: result: yes
configure:9811: checking for inttypes.h
configure:9811: gcc  -c -isystem/home/ubuntu/yocto/rpi-build/tmp/work/x86_64-linux/libtool-native/2.4.7-r0/recipe-sysroot-native/usr/include -O2 -pipe -isystem/home/ubuntu/yocto/rpi-build/tmp/work/x86_64-linux/libtool-native/2.4.7-r0/recipe-sysroot-native/usr/include conftest.c >&5
configure:9811: $? = 0
configure:9811: result: yes
configure:9811: checking for stdint.h
configure:9811: gcc  -c -isystem/home/ubuntu/yocto/rpi-build/tmp/work/x86_64-linux/libtool-native/2.4.7-r0/recipe-sysroot-native/usr/include -O2 -pipe -isystem/home/ubuntu/yocto/rpi-build/tmp/work/x86_64-linux/libtool-native/2.4.7-r0/recipe-sysroot-native/usr/include conftest.c >&5
configure:9811: $? = 0
configure:9811: result: yes
configure:9811: checking for strings.h
configure:9811: gcc  -c -isystem/home/ubuntu/yocto/rpi-build/tmp/work/x86_64-linux/libtool-native/2.4.7-r0/recipe-sysroot-native/usr/include -O2 -pipe -isystem/home/ubuntu/yocto/rpi-build/tmp/work/x86_64-linux/libtool-native/2.4.7-r0/recipe-sysroot-native/usr/include conftest.c >&5
configure:9811: $? = 0
configure:9811: result: yes
configure:9811: checking for sys/stat.h
configure:9811: gcc  -c -isystem/home/ubuntu/yocto/rpi-build/tmp/work/x86_64-linux/libtool-native/2.4.7-r0/recipe-sysroot-native/usr/include -O2 -pipe -isystem/home/ubuntu/yocto/rpi-build/tmp/work/x86_64-linux/libtool-native/2.4.7-r0/recipe-sysroot-native/usr/include conftest.c >&5
configure:9811: $? = 0
configure:9811: result: yes
configure:9811: checking for sys/types.h
configure:9811: gcc  -c -isystem/home/ubuntu/yocto/rpi-build/tmp/work/x86_64-linux/libtool-native/2.4.7-r0/recipe-sysroot-native/usr/include -O2 -pipe -isystem/home/ubuntu/yocto/rpi-build/tmp/work/x86_64-linux/libtool-native/2.4.7-r0/recipe-sysroot-native/usr/include conftest.c >&5
configure:9811: $? = 0
configure:9811: result: yes
configure:9811: checking for unistd.h
configure:9811: gcc  -c -isystem/home/ubuntu/yocto/rpi-build/tmp/work/x86_64-linux/libtool-native/2.4.7-r0/recipe-sysroot-native/usr/include -O2 -pipe -isystem/home/ubuntu/yocto/rpi-build/tmp/work/x86_64-linux/libtool-native/2.4.7-r0/recipe-sysroot-native/usr/include conftest.c >&5
configure:9811: $? = 0
configure:9811: result: yes
configure:9836: checking for dlfcn.h
configure:9836: gcc  -c -isystem/home/ubuntu/yocto/rpi-build/tmp/work/x86_64-linux/libtool-native/2.4.7-r0/recipe-sysroot-native/usr/include -O2 -pipe -isystem/home/ubuntu/yocto/rpi-build/tmp/work/x86_64-linux/libtool-native/2.4.7-r0/recipe-sysroot-native/usr/include conftest.c >&5
configure:9836: $? = 0
configure:9836: result: yes
configure:10422: checking for objdir
configure:10438: result: .libs
configure:10698: checking if gcc  supports -fno-rtti -fno-exceptions
configure:10717: gcc  -c -isystem/home/ubuntu/yocto/rpi-build/tmp/work/x86_64-linux/libtool-native/2.4.7-r0/recipe-sysroot-native/usr/include -O2 -pipe -isystem/home/ubuntu/yocto/rpi-build/tmp/work/x86_64-linux/libtool-native/2.4.7-r0/recipe-sysroot-native/usr/include -fno-rtti -fno-exceptions conftest.c >&5
cc1: warning: command-line option '-fno-rtti' is valid for C++/D/ObjC++ but not for C
configure:10721: $? = 0
configure:10734: result: no
configure:11092: checking for gcc  option to produce PIC
configure:11100: result: -fPIC -DPIC
configure:11108: checking if gcc  PIC flag -fPIC -DPIC works
configure:11127: gcc  -c -isystem/home/ubuntu/yocto/rpi-build/tmp/work/x86_64-linux/libtool-native/2.4.7-r0/recipe-sysroot-native/usr/include -O2 -pipe -isystem/home/ubuntu/yocto/rpi-build/tmp/work/x86_64-linux/libtool-native/2.4.7-r0/recipe-sysroot-native/usr/include -fPIC -DPIC -DPIC conftest.c >&5
configure:11131: $? = 0
configure:11144: result: yes
configure:11173: checking if gcc  static flag -static works
configure:11202: result: yes
configure:11217: checking if gcc  supports -c -o file.o
configure:11239: gcc  -c -isystem/home/ubuntu/yocto/rpi-build/tmp/work/x86_64-linux/libtool-native/2.4.7-r0/recipe-sysroot-native/usr/include -O2 -pipe -isystem/home/ubuntu/yocto/rpi-build/tmp/work/x86_64-linux/libtool-native/2.4.7-r0/recipe-sysroot-native/usr/include -o out/conftest2.o conftest.c >&5
configure:11243: $? = 0
configure:11265: result: yes
configure:11273: checking if gcc  supports -c -o file.o
configure:11321: result: yes
configure:11354: checking whether the gcc  linker (ld  -m elf_x86_64) supports shared libraries
configure:12622: result: yes
configure:12659: checking whether -lc should be explicitly linked in
configure:12668: gcc  -c -isystem/home/ubuntu/yocto/rpi-build/tmp/work/x86_64-linux/libtool-native/2.4.7-r0/recipe-sysroot-native/usr/include -O2 -pipe -isystem/home/ubuntu/yocto/rpi-build/tmp/work/x86_64-linux/libtool-native/2.4.7-r0/recipe-sysroot-native/usr/include conftest.c >&5
configure:12671: $? = 0
configure:12686: gcc  -shared  -fPIC -DPIC conftest.o  -v -Wl,-soname -Wl,conftest -o conftest 2\>\&1 \| grep  -lc  \>/dev/null 2\>\&1
configure:12689: $? = 0
configure:12703: result: no
configure:12863: checking dynamic linker characteristics
configure:13445: gcc  -o conftest -isystem/home/ubuntu/yocto/rpi-build/tmp/work/x86_64-linux/libtool-native/2.4.7-r0/recipe-sysroot-native/usr/include -O2 -pipe -isystem/home/ubuntu/yocto/rpi-build/tmp/work/x86_64-linux/libtool-native/2.4.7-r0/recipe-sysroot-native/usr/include -L/home/ubuntu/yocto/rpi-build/tmp/work/x86_64-linux/libtool-native/2.4.7-r0/recipe-sysroot-native/usr/lib                         -L/home/ubuntu/yocto/rpi-build/tmp/work/x86_64-linux/libtool-native/2.4.7-r0/recipe-sysroot-native/lib                         -Wl,--enable-new-dtags                         -Wl,-rpath-link,/home/ubuntu/yocto/rpi-build/tmp/work/x86_64-linux/libtool-native/2.4.7-r0/recipe-sysroot-native/usr/lib                         -Wl,-rpath-link,/home/ubuntu/yocto/rpi-build/tmp/work/x86_64-linux/libtool-native/2.4.7-r0/recipe-sysroot-native/lib                         -Wl,-rpath,/home/ubuntu/yocto/rpi-build/tmp/work/x86_64-linux/libtool-native/2.4.7-r0/recipe-sysroot-native/usr/lib                         -Wl,-rpath,/home/ubuntu/yocto/rpi-build/tmp/work/x86_64-linux/libtool-native/2.4.7-r0/recipe-sysroot-native/lib                         -Wl,-O1 -Wl,--allow-shlib-undefined -Wl,--dynamic-linker=/home/ubuntu/yocto/rpi-build/tmp/sysroots-uninative/x86_64-linux/lib/ld-linux-x86-64.so.2 -Wl,-rpath -Wl,/foo conftest.c  >&5
configure:13445: $? = 0
configure:13684: result: GNU/Linux ld.so
configure:13806: checking how to hardcode library paths into programs
configure:13831: result: immediate
configure:13933: checking for shl_load
configure:13933: gcc  -o conftest -isystem/home/ubuntu/yocto/rpi-build/tmp/work/x86_64-linux/libtool-native/2.4.7-r0/recipe-sysroot-native/usr/include -O2 -pipe -isystem/home/ubuntu/yocto/rpi-build/tmp/work/x86_64-linux/libtool-native/2.4.7-r0/recipe-sysroot-native/usr/include -L/home/ubuntu/yocto/rpi-build/tmp/work/x86_64-linux/libtool-native/2.4.7-r0/recipe-sysroot-native/usr/lib                         -L/home/ubuntu/yocto/rpi-build/tmp/work/x86_64-linux/libtool-native/2.4.7-r0/recipe-sysroot-native/lib                         -Wl,--enable-new-dtags                         -Wl,-rpath-link,/home/ubuntu/yocto/rpi-build/tmp/work/x86_64-linux/libtool-native/2.4.7-r0/recipe-sysroot-native/usr/lib                         -Wl,-rpath-link,/home/ubuntu/yocto/rpi-build/tmp/work/x86_64-linux/libtool-native/2.4.7-r0/recipe-sysroot-native/lib                         -Wl,-rpath,/home/ubuntu/yocto/rpi-build/tmp/work/x86_64-linux/libtool-native/2.4.7-r0/recipe-sysroot-native/usr/lib                         -Wl,-rpath,/home/ubuntu/yocto/rpi-build/tmp/work/x86_64-linux/libtool-native/2.4.7-r0/recipe-sysroot-native/lib                         -Wl,-O1 -Wl,--allow-shlib-undefined -Wl,--dynamic-linker=/home/ubuntu/yocto/rpi-build/tmp/sysroots-uninative/x86_64-linux/lib/ld-linux-x86-64.so.2 conftest.c  >&5
/home/ubuntu/yocto/rpi-build/tmp/hosttools/ld: /tmp/cctvEmMd.o: in function `main':
conftest.c:(.text.startup+0x9): undefined reference to `shl_load'
collect2: error: ld returned 1 exit status
configure:13933: $? = 1
configure: failed program was:
| /* confdefs.h */
| #define PACKAGE_NAME "GNU Libtool"
| #define PACKAGE_TARNAME "libtool"
| #define PACKAGE_VERSION "2.4.7"
| #define PACKAGE_STRING "GNU Libtool 2.4.7"
| #define PACKAGE_BUGREPORT "bug-libtool@gnu.org"
| #define PACKAGE_URL "https://www.gnu.org/software/libtool/"
| #define PACKAGE "libtool"
| #define VERSION "2.4.7"
| #define HAVE_STDIO_H 1
| #define HAVE_STDLIB_H 1
| #define HAVE_STRING_H 1
| #define HAVE_INTTYPES_H 1
| #define HAVE_STDINT_H 1
| #define HAVE_STRINGS_H 1
| #define HAVE_SYS_STAT_H 1
| #define HAVE_SYS_TYPES_H 1
| #define HAVE_UNISTD_H 1
| #define STDC_HEADERS 1
| #define HAVE_DLFCN_H 1
| #define LT_OBJDIR ".libs/"
| /* end confdefs.h.  */
| /* Define shl_load to an innocuous variant, in case <limits.h> declares shl_load.
|    For example, HP-UX 11i <limits.h> declares gettimeofday.  */
| #define shl_load innocuous_shl_load
| 
| /* System header to define __stub macros and hopefully few prototypes,
|    which can conflict with char shl_load (void); below.  */
| 
| #include <limits.h>
| #undef shl_load
| 
| /* Override any GCC internal prototype to avoid an error.
|    Use char because int might match the return type of a GCC
|    builtin and then its argument prototype would still apply.  */
| #ifdef __cplusplus
| extern "C"
| #endif
| char shl_load (void);
| /* The GNU C library defines this for functions which it implements
|     to always fail with ENOSYS.  Some functions are actually named
|     something starting with __ and the normal name is an alias.  */
| #if defined __stub_shl_load || defined __stub___shl_load
| choke me
| #endif
| 
| int
| main (void)
| {
| return shl_load ();
|   ;
|   return 0;
| }
configure:13933: result: no
configure:13938: checking for shl_load in -ldld
configure:13961: gcc  -o conftest -isystem/home/ubuntu/yocto/rpi-build/tmp/work/x86_64-linux/libtool-native/2.4.7-r0/recipe-sysroot-native/usr/include -O2 -pipe -isystem/home/ubuntu/yocto/rpi-build/tmp/work/x86_64-linux/libtool-native/2.4.7-r0/recipe-sysroot-native/usr/include -L/home/ubuntu/yocto/rpi-build/tmp/work/x86_64-linux/libtool-native/2.4.7-r0/recipe-sysroot-native/usr/lib                         -L/home/ubuntu/yocto/rpi-build/tmp/work/x86_64-linux/libtool-native/2.4.7-r0/recipe-sysroot-native/lib                         -Wl,--enable-new-dtags                         -Wl,-rpath-link,/home/ubuntu/yocto/rpi-build/tmp/work/x86_64-linux/libtool-native/2.4.7-r0/recipe-sysroot-native/usr/lib                         -Wl,-rpath-link,/home/ubuntu/yocto/rpi-build/tmp/work/x86_64-linux/libtool-native/2.4.7-r0/recipe-sysroot-native/lib                         -Wl,-rpath,/home/ubuntu/yocto/rpi-build/tmp/work/x86_64-linux/libtool-native/2.4.7-r0/recipe-sysroot-native/usr/lib                         -Wl,-rpath,/home/ubuntu/yocto/rpi-build/tmp/work/x86_64-linux/libtool-native/2.4.7-r0/recipe-sysroot-native/lib                         -Wl,-O1 -Wl,--allow-shlib-undefined -Wl,--dynamic-linker=/home/ubuntu/yocto/rpi-build/tmp/sysroots-uninative/x86_64-linux/lib/ld-linux-x86-64.so.2 conftest.c -ldld   >&5
/home/ubuntu/yocto/rpi-build/tmp/hosttools/ld: cannot find -ldld: No such file or directory
collect2: error: ld returned 1 exit status
configure:13961: $? = 1
configure: failed program was:
| /* confdefs.h */
| #define PACKAGE_NAME "GNU Libtool"
| #define PACKAGE_TARNAME "libtool"
| #define PACKAGE_VERSION "2.4.7"
| #define PACKAGE_STRING "GNU Libtool 2.4.7"
| #define PACKAGE_BUGREPORT "bug-libtool@gnu.org"
| #define PACKAGE_URL "https://www.gnu.org/software/libtool/"
| #define PACKAGE "libtool"
| #define VERSION "2.4.7"
| #define HAVE_STDIO_H 1
| #define HAVE_STDLIB_H 1
| #define HAVE_STRING_H 1
| #define HAVE_INTTYPES_H 1
| #define HAVE_STDINT_H 1
| #define HAVE_STRINGS_H 1
| #define HAVE_SYS_STAT_H 1
| #define HAVE_SYS_TYPES_H 1
| #define HAVE_UNISTD_H 1
| #define STDC_HEADERS 1
| #define HAVE_DLFCN_H 1
| #define LT_OBJDIR ".libs/"
| /* end confdefs.h.  */
| 
| /* Override any GCC internal prototype to avoid an error.
|    Use char because int might match the return type of a GCC
|    builtin and then its argument prototype would still apply.  */
| char shl_load (void);
| int
| main (void)
| {
| return shl_load ();
|   ;
|   return 0;
| }
configure:13971: result: no
configure:13977: checking for dlopen
configure:13977: gcc  -o conftest -isystem/home/ubuntu/yocto/rpi-build/tmp/work/x86_64-linux/libtool-native/2.4.7-r0/recipe-sysroot-native/usr/include -O2 -pipe -isystem/home/ubuntu/yocto/rpi-build/tmp/work/x86_64-linux/libtool-native/2.4.7-r0/recipe-sysroot-native/usr/include -L/home/ubuntu/yocto/rpi-build/tmp/work/x86_64-linux/libtool-native/2.4.7-r0/recipe-sysroot-native/usr/lib                         -L/home/ubuntu/yocto/rpi-build/tmp/work/x86_64-linux/libtool-native/2.4.7-r0/recipe-sysroot-native/lib                         -Wl,--enable-new-dtags                         -Wl,-rpath-link,/home/ubuntu/yocto/rpi-build/tmp/work/x86_64-linux/libtool-native/2.4.7-r0/recipe-sysroot-native/usr/lib                         -Wl,-rpath-link,/home/ubuntu/yocto/rpi-build/tmp/work/x86_64-linux/libtool-native/2.4.7-r0/recipe-sysroot-native/lib                         -Wl,-rpath,/home/ubuntu/yocto/rpi-build/tmp/work/x86_64-linux/libtool-native/2.4.7-r0/recipe-sysroot-native/usr/lib                         -Wl,-rpath,/home/ubuntu/yocto/rpi-build/tmp/work/x86_64-linux/libtool-native/2.4.7-r0/recipe-sysroot-native/lib                         -Wl,-O1 -Wl,--allow-shlib-undefined -Wl,--dynamic-linker=/home/ubuntu/yocto/rpi-build/tmp/sysroots-uninative/x86_64-linux/lib/ld-linux-x86-64.so.2 conftest.c  >&5
configure:13977: $? = 0
configure:13977: result: yes
configure:14135: checking whether a program can dlopen itself
configure:14216: gcc  -o conftest -isystem/home/ubuntu/yocto/rpi-build/tmp/work/x86_64-linux/libtool-native/2.4.7-r0/recipe-sysroot-native/usr/include -O2 -pipe -isystem/home/ubuntu/yocto/rpi-build/tmp/work/x86_64-linux/libtool-native/2.4.7-r0/recipe-sysroot-native/usr/include -DHAVE_DLFCN_H -L/home/ubuntu/yocto/rpi-build/tmp/work/x86_64-linux/libtool-native/2.4.7-r0/recipe-sysroot-native/usr/lib                         -L/home/ubuntu/yocto/rpi-build/tmp/work/x86_64-linux/libtool-native/2.4.7-r0/recipe-sysroot-native/lib                         -Wl,--enable-new-dtags                         -Wl,-rpath-link,/home/ubuntu/yocto/rpi-build/tmp/work/x86_64-linux/libtool-native/2.4.7-r0/recipe-sysroot-native/usr/lib                         -Wl,-rpath-link,/home/ubuntu/yocto/rpi-build/tmp/work/x86_64-linux/libtool-native/2.4.7-r0/recipe-sysroot-native/lib                         -Wl,-rpath,/home/ubuntu/yocto/rpi-build/tmp/work/x86_64-linux/libtool-native/2.4.7-r0/recipe-sysroot-native/usr/lib                         -Wl,-rpath,/home/ubuntu/yocto/rpi-build/tmp/work/x86_64-linux/libtool-native/2.4.7-r0/recipe-sysroot-native/lib                         -Wl,-O1 -Wl,--allow-shlib-undefined -Wl,--dynamic-linker=/home/ubuntu/yocto/rpi-build/tmp/sysroots-uninative/x86_64-linux/lib/ld-linux-x86-64.so.2 -Wl,--export-dynamic conftest.c   >&5
configure:14219: $? = 0
configure:14237: result: yes
configure:14242: checking whether a statically linked program can dlopen itself
configure:14323: gcc  -o conftest -isystem/home/ubuntu/yocto/rpi-build/tmp/work/x86_64-linux/libtool-native/2.4.7-r0/recipe-sysroot-native/usr/include -O2 -pipe -isystem/home/ubuntu/yocto/rpi-build/tmp/work/x86_64-linux/libtool-native/2.4.7-r0/recipe-sysroot-native/usr/include -DHAVE_DLFCN_H -L/home/ubuntu/yocto/rpi-build/tmp/work/x86_64-linux/libtool-native/2.4.7-r0/recipe-sysroot-native/usr/lib                         -L/home/ubuntu/yocto/rpi-build/tmp/work/x86_64-linux/libtool-native/2.4.7-r0/recipe-sysroot-native/lib                         -Wl,--enable-new-dtags                         -Wl,-rpath-link,/home/ubuntu/yocto/rpi-build/tmp/work/x86_64-linux/libtool-native/2.4.7-r0/recipe-sysroot-native/usr/lib                         -Wl,-rpath-link,/home/ubuntu/yocto/rpi-build/tmp/work/x86_64-linux/libtool-native/2.4.7-r0/recipe-sysroot-native/lib                         -Wl,-rpath,/home/ubuntu/yocto/rpi-build/tmp/work/x86_64-linux/libtool-native/2.4.7-r0/recipe-sysroot-native/usr/lib                         -Wl,-rpath,/home/ubuntu/yocto/rpi-build/tmp/work/x86_64-linux/libtool-native/2.4.7-r0/recipe-sysroot-native/lib                         -Wl,-O1 -Wl,--allow-shlib-undefined -Wl,--dynamic-linker=/home/ubuntu/yocto/rpi-build/tmp/sysroots-uninative/x86_64-linux/lib/ld-linux-x86-64.so.2 -Wl,--export-dynamic -static conftest.c   >&5
/home/ubuntu/yocto/rpi-build/tmp/hosttools/ld: /tmp/cc3hKHvH.o: in function `main':
conftest.c:(.text.startup+0xd): warning: Using 'dlopen' in statically linked applications requires at runtime the shared libraries from the glibc version used for linking
configure:14326: $? = 0
conftest: undefined symbol: _fnord
configure:14344: result: no
configure:14383: checking whether stripping libraries is possible
configure:14392: result: yes
configure:14434: checking if libtool supports shared libraries
configure:14436: result: yes
configure:14439: checking whether to build shared libraries
configure:14464: result: yes
configure:14467: checking whether to build static libraries
configure:14471: result: no
configure:14509: checking what extension is used for runtime loadable modules
configure:14522: result: .so
configure:14540: checking what variable specifies run-time module search path
configure:14548: result: LD_LIBRARY_PATH
configure:14556: checking for the default library search path
configure:14564: result: /home/ubuntu/yocto/rpi-build/tmp/work/x86_64-linux/libtool-native/2.4.7-r0/recipe-sysroot-native/usr/lib /home/ubuntu/yocto/rpi-build/tmp/work/x86_64-linux/libtool-native/2.4.7-r0/recipe-sysroot-native/usr/lib /lib /lib64 /usr/lib /usr/lib64
configure:14580: checking for gcc  options needed to detect all undeclared functions
configure:14602: gcc  -c -isystem/home/ubuntu/yocto/rpi-build/tmp/work/x86_64-linux/libtool-native/2.4.7-r0/recipe-sysroot-native/usr/include -O2 -pipe  -isystem/home/ubuntu/yocto/rpi-build/tmp/work/x86_64-linux/libtool-native/2.4.7-r0/recipe-sysroot-native/usr/include conftest.c >&5
conftest.c: In function 'main':
conftest.c:30:8: error: 'strchr' undeclared (first use in this function)
   30 | (void) strchr;
      |        ^~~~~~
conftest.c:1:1: note: 'strchr' is defined in header '<string.h>'; did you forget to '#include <string.h>'?
    1 | /* confdefs.h */
conftest.c:30:8: note: each undeclared identifier is reported only once for each function it appears in
   30 | (void) strchr;
      |        ^~~~~~
configure:14602: $? = 1
configure: failed program was:
| /* confdefs.h */
| #define PACKAGE_NAME "GNU Libtool"
| #define PACKAGE_TARNAME "libtool"
| #define PACKAGE_VERSION "2.4.7"
| #define PACKAGE_STRING "GNU Libtool 2.4.7"
| #define PACKAGE_BUGREPORT "bug-libtool@gnu.org"
| #define PACKAGE_URL "https://www.gnu.org/software/libtool/"
| #define PACKAGE "libtool"
| #define VERSION "2.4.7"
| #define HAVE_STDIO_H 1
| #define HAVE_STDLIB_H 1
| #define HAVE_STRING_H 1
| #define HAVE_INTTYPES_H 1
| #define HAVE_STDINT_H 1
| #define HAVE_STRINGS_H 1
| #define HAVE_SYS_STAT_H 1
| #define HAVE_SYS_TYPES_H 1
| #define HAVE_UNISTD_H 1
| #define STDC_HEADERS 1
| #define HAVE_DLFCN_H 1
| #define LT_OBJDIR ".libs/"
| #define LT_MODULE_EXT ".so"
| #define LT_MODULE_PATH_VAR "LD_LIBRARY_PATH"
| #define LT_DLSEARCH_PATH "/home/ubuntu/yocto/rpi-build/tmp/work/x86_64-linux/libtool-native/2.4.7-r0/recipe-sysroot-native/usr/lib:/home/ubuntu/yocto/rpi-build/tmp/work/x86_64-linux/libtool-native/2.4.7-r0/recipe-sysroot-native/usr/lib:/lib:/lib64:/usr/lib:/usr/lib64"
| /* end confdefs.h.  */
| 
| int
| main (void)
| {
| (void) strchr;
|   ;
|   return 0;
| }
configure:14629: gcc  -c -isystem/home/ubuntu/yocto/rpi-build/tmp/work/x86_64-linux/libtool-native/2.4.7-r0/recipe-sysroot-native/usr/include -O2 -pipe  -isystem/home/ubuntu/yocto/rpi-build/tmp/work/x86_64-linux/libtool-native/2.4.7-r0/recipe-sysroot-native/usr/include conftest.c >&5
configure:14629: $? = 0
configure:14646: result: none needed
configure:14673: checking for library containing dlopen
configure:14703: gcc  -o conftest -isystem/home/ubuntu/yocto/rpi-build/tmp/work/x86_64-linux/libtool-native/2.4.7-r0/recipe-sysroot-native/usr/include -O2 -pipe -isystem/home/ubuntu/yocto/rpi-build/tmp/work/x86_64-linux/libtool-native/2.4.7-r0/recipe-sysroot-native/usr/include -L/home/ubuntu/yocto/rpi-build/tmp/work/x86_64-linux/libtool-native/2.4.7-r0/recipe-sysroot-native/usr/lib                         -L/home/ubuntu/yocto/rpi-build/tmp/work/x86_64-linux/libtool-native/2.4.7-r0/recipe-sysroot-native/lib                         -Wl,--enable-new-dtags                         -Wl,-rpath-link,/home/ubuntu/yocto/rpi-build/tmp/work/x86_64-linux/libtool-native/2.4.7-r0/recipe-sysroot-native/usr/lib                         -Wl,-rpath-link,/home/ubuntu/yocto/rpi-build/tmp/work/x86_64-linux/libtool-native/2.4.7-r0/recipe-sysroot-native/lib                         -Wl,-rpath,/home/ubuntu/yocto/rpi-build/tmp/work/x86_64-linux/libtool-native/2.4.7-r0/recipe-sysroot-native/usr/lib                         -Wl,-rpath,/home/ubuntu/yocto/rpi-build/tmp/work/x86_64-linux/libtool-native/2.4.7-r0/recipe-sysroot-native/lib                         -Wl,-O1 -Wl,--allow-shlib-undefined -Wl,--dynamic-linker=/home/ubuntu/yocto/rpi-build/tmp/sysroots-uninative/x86_64-linux/lib/ld-linux-x86-64.so.2 conftest.c  >&5
configure:14703: $? = 0
configure:14723: result: none required
configure:14813: checking for dlerror
configure:14813: gcc  -o conftest -isystem/home/ubuntu/yocto/rpi-build/tmp/work/x86_64-linux/libtool-native/2.4.7-r0/recipe-sysroot-native/usr/include -O2 -pipe -isystem/home/ubuntu/yocto/rpi-build/tmp/work/x86_64-linux/libtool-native/2.4.7-r0/recipe-sysroot-native/usr/include -L/home/ubuntu/yocto/rpi-build/tmp/work/x86_64-linux/libtool-native/2.4.7-r0/recipe-sysroot-native/usr/lib                         -L/home/ubuntu/yocto/rpi-build/tmp/work/x86_64-linux/libtool-native/2.4.7-r0/recipe-sysroot-native/lib                         -Wl,--enable-new-dtags                         -Wl,-rpath-link,/home/ubuntu/yocto/rpi-build/tmp/work/x86_64-linux/libtool-native/2.4.7-r0/recipe-sysroot-native/usr/lib                         -Wl,-rpath-link,/home/ubuntu/yocto/rpi-build/tmp/work/x86_64-linux/libtool-native/2.4.7-r0/recipe-sysroot-native/lib                         -Wl,-rpath,/home/ubuntu/yocto/rpi-build/tmp/work/x86_64-linux/libtool-native/2.4.7-r0/recipe-sysroot-native/usr/lib                         -Wl,-rpath,/home/ubuntu/yocto/rpi-build/tmp/work/x86_64-linux/libtool-native/2.4.7-r0/recipe-sysroot-native/lib                         -Wl,-O1 -Wl,--allow-shlib-undefined -Wl,--dynamic-linker=/home/ubuntu/yocto/rpi-build/tmp/sysroots-uninative/x86_64-linux/lib/ld-linux-x86-64.so.2 conftest.c   >&5
configure:14813: $? = 0
configure:14813: result: yes
configure:14825: checking for shl_load
configure:14825: result: no
configure:14833: checking for shl_load in -ldld
configure:14866: result: no
configure:14912: checking for dld_link in -ldld
configure:14935: gcc  -o conftest -isystem/home/ubuntu/yocto/rpi-build/tmp/work/x86_64-linux/libtool-native/2.4.7-r0/recipe-sysroot-native/usr/include -O2 -pipe -isystem/home/ubuntu/yocto/rpi-build/tmp/work/x86_64-linux/libtool-native/2.4.7-r0/recipe-sysroot-native/usr/include -L/home/ubuntu/yocto/rpi-build/tmp/work/x86_64-linux/libtool-native/2.4.7-r0/recipe-sysroot-native/usr/lib                         -L/home/ubuntu/yocto/rpi-build/tmp/work/x86_64-linux/libtool-native/2.4.7-r0/recipe-sysroot-native/lib                         -Wl,--enable-new-dtags                         -Wl,-rpath-link,/home/ubuntu/yocto/rpi-build/tmp/work/x86_64-linux/libtool-native/2.4.7-r0/recipe-sysroot-native/usr/lib                         -Wl,-rpath-link,/home/ubuntu/yocto/rpi-build/tmp/work/x86_64-linux/libtool-native/2.4.7-r0/recipe-sysroot-native/lib                         -Wl,-rpath,/home/ubuntu/yocto/rpi-build/tmp/work/x86_64-linux/libtool-native/2.4.7-r0/recipe-sysroot-native/usr/lib                         -Wl,-rpath,/home/ubuntu/yocto/rpi-build/tmp/work/x86_64-linux/libtool-native/2.4.7-r0/recipe-sysroot-native/lib                         -Wl,-O1 -Wl,--allow-shlib-undefined -Wl,--dynamic-linker=/home/ubuntu/yocto/rpi-build/tmp/sysroots-uninative/x86_64-linux/lib/ld-linux-x86-64.so.2 conftest.c -ldld   >&5
/home/ubuntu/yocto/rpi-build/tmp/hosttools/ld: cannot find -ldld: No such file or directory
collect2: error: ld returned 1 exit status
configure:14935: $? = 1
configure: failed program was:
| /* confdefs.h */
| #define PACKAGE_NAME "GNU Libtool"
| #define PACKAGE_TARNAME "libtool"
| #define PACKAGE_VERSION "2.4.7"
| #define PACKAGE_STRING "GNU Libtool 2.4.7"
| #define PACKAGE_BUGREPORT "bug-libtool@gnu.org"
| #define PACKAGE_URL "https://www.gnu.org/software/libtool/"
| #define PACKAGE "libtool"
| #define VERSION "2.4.7"
| #define HAVE_STDIO_H 1
| #define HAVE_STDLIB_H 1
| #define HAVE_STRING_H 1
| #define HAVE_INTTYPES_H 1
| #define HAVE_STDINT_H 1
| #define HAVE_STRINGS_H 1
| #define HAVE_SYS_STAT_H 1
| #define HAVE_SYS_TYPES_H 1
| #define HAVE_UNISTD_H 1
| #define STDC_HEADERS 1
| #define HAVE_DLFCN_H 1
| #define LT_OBJDIR ".libs/"
| #define LT_MODULE_EXT ".so"
| #define LT_MODULE_PATH_VAR "LD_LIBRARY_PATH"
| #define LT_DLSEARCH_PATH "/home/ubuntu/yocto/rpi-build/tmp/work/x86_64-linux/libtool-native/2.4.7-r0/recipe-sysroot-native/usr/lib:/home/ubuntu/yocto/rpi-build/tmp/work/x86_64-linux/libtool-native/2.4.7-r0/recipe-sysroot-native/usr/lib:/lib:/lib64:/usr/lib:/usr/lib64"
| #define HAVE_LIBDL 1
| #define HAVE_DLERROR 1
| /* end confdefs.h.  */
| 
| /* Override any GCC internal prototype to avoid an error.
|    Use char because int might match the return type of a GCC
|    builtin and then its argument prototype would still apply.  */
| char dld_link (void);
| int
| main (void)
| {
| return dld_link ();
|   ;
|   return 0;
| }
configure:14945: result: no
configure:14981: checking for _ prefix in compiled symbols
configure:14992: gcc  -c -isystem/home/ubuntu/yocto/rpi-build/tmp/work/x86_64-linux/libtool-native/2.4.7-r0/recipe-sysroot-native/usr/include -O2 -pipe -isystem/home/ubuntu/yocto/rpi-build/tmp/work/x86_64-linux/libtool-native/2.4.7-r0/recipe-sysroot-native/usr/include conftest.c >&5
configure:14995: $? = 0
configure:14999: nm conftest.o \| sed -n -e 's/^.*[	 ]\([ABCDGIRSTW][ABCDGIRSTW]*\)[	 ][	 ]*\([_A-Za-z][_A-Za-z0-9]*\)$/\1 \2 \2/p' | sed '/ __gnu_lto/d' \> conftest.nm
configure:15002: $? = 0
configure:15024: result: no
configure:15142: checking whether deplibs are loaded by dlopen
configure:15240: result: yes
configure:15249: checking for argz.h
configure:15249: gcc  -c -isystem/home/ubuntu/yocto/rpi-build/tmp/work/x86_64-linux/libtool-native/2.4.7-r0/recipe-sysroot-native/usr/include -O2 -pipe -isystem/home/ubuntu/yocto/rpi-build/tmp/work/x86_64-linux/libtool-native/2.4.7-r0/recipe-sysroot-native/usr/include conftest.c >&5
configure:15249: $? = 0
configure:15249: result: yes
configure:15258: checking for error_t
configure:15258: gcc  -c -isystem/home/ubuntu/yocto/rpi-build/tmp/work/x86_64-linux/libtool-native/2.4.7-r0/recipe-sysroot-native/usr/include -O2 -pipe -isystem/home/ubuntu/yocto/rpi-build/tmp/work/x86_64-linux/libtool-native/2.4.7-r0/recipe-sysroot-native/usr/include conftest.c >&5
configure:15258: $? = 0
configure:15258: gcc  -c -isystem/home/ubuntu/yocto/rpi-build/tmp/work/x86_64-linux/libtool-native/2.4.7-r0/recipe-sysroot-native/usr/include -O2 -pipe -isystem/home/ubuntu/yocto/rpi-build/tmp/work/x86_64-linux/libtool-native/2.4.7-r0/recipe-sysroot-native/usr/include conftest.c >&5
conftest.c: In function 'main':
conftest.c:37:22: error: expected expression before ')' token
   37 | if (sizeof ((error_t)))
      |                      ^
configure:15258: $? = 1
configure: failed program was:
| /* confdefs.h */
| #define PACKAGE_NAME "GNU Libtool"
| #define PACKAGE_TARNAME "libtool"
| #define PACKAGE_VERSION "2.4.7"
| #define PACKAGE_STRING "GNU Libtool 2.4.7"
| #define PACKAGE_BUGREPORT "bug-libtool@gnu.org"
| #define PACKAGE_URL "https://www.gnu.org/software/libtool/"
| #define PACKAGE "libtool"
| #define VERSION "2.4.7"
| #define HAVE_STDIO_H 1
| #define HAVE_STDLIB_H 1
| #define HAVE_STRING_H 1
| #define HAVE_INTTYPES_H 1
| #define HAVE_STDINT_H 1
| #define HAVE_STRINGS_H 1
| #define HAVE_SYS_STAT_H 1
| #define HAVE_SYS_TYPES_H 1
| #define HAVE_UNISTD_H 1
| #define STDC_HEADERS 1
| #define HAVE_DLFCN_H 1
| #define LT_OBJDIR ".libs/"
| #define LT_MODULE_EXT ".so"
| #define LT_MODULE_PATH_VAR "LD_LIBRARY_PATH"
| #define LT_DLSEARCH_PATH "/home/ubuntu/yocto/rpi-build/tmp/work/x86_64-linux/libtool-native/2.4.7-r0/recipe-sysroot-native/usr/lib:/home/ubuntu/yocto/rpi-build/tmp/work/x86_64-linux/libtool-native/2.4.7-r0/recipe-sysroot-native/usr/lib:/lib:/lib64:/usr/lib:/usr/lib64"
| #define HAVE_LIBDL 1
| #define HAVE_DLERROR 1
| #define HAVE_LIBDLLOADER 1
| #define HAVE_ARGZ_H 1
| /* end confdefs.h.  */
| #if defined(HAVE_ARGZ_H)
| #  include <argz.h>
| #endif
| 
| int
| main (void)
| {
| if (sizeof ((error_t)))
| 	    return 0;
|   ;
|   return 0;
| }
configure:15258: result: yes
configure:15283: checking for argz_add
configure:15283: gcc  -o conftest -isystem/home/ubuntu/yocto/rpi-build/tmp/work/x86_64-linux/libtool-native/2.4.7-r0/recipe-sysroot-native/usr/include -O2 -pipe -isystem/home/ubuntu/yocto/rpi-build/tmp/work/x86_64-linux/libtool-native/2.4.7-r0/recipe-sysroot-native/usr/include -L/home/ubuntu/yocto/rpi-build/tmp/work/x86_64-linux/libtool-native/2.4.7-r0/recipe-sysroot-native/usr/lib                         -L/home/ubuntu/yocto/rpi-build/tmp/work/x86_64-linux/libtool-native/2.4.7-r0/recipe-sysroot-native/lib                         -Wl,--enable-new-dtags                         -Wl,-rpath-link,/home/ubuntu/yocto/rpi-build/tmp/work/x86_64-linux/libtool-native/2.4.7-r0/recipe-sysroot-native/usr/lib                         -Wl,-rpath-link,/home/ubuntu/yocto/rpi-build/tmp/work/x86_64-linux/libtool-native/2.4.7-r0/recipe-sysroot-native/lib                         -Wl,-rpath,/home/ubuntu/yocto/rpi-build/tmp/work/x86_64-linux/libtool-native/2.4.7-r0/recipe-sysroot-native/usr/lib                         -Wl,-rpath,/home/ubuntu/yocto/rpi-build/tmp/work/x86_64-linux/libtool-native/2.4.7-r0/recipe-sysroot-native/lib                         -Wl,-O1 -Wl,--allow-shlib-undefined -Wl,--dynamic-linker=/home/ubuntu/yocto/rpi-build/tmp/sysroots-uninative/x86_64-linux/lib/ld-linux-x86-64.so.2 conftest.c  >&5
configure:15283: $? = 0
configure:15283: result: yes
configure:15283: checking for argz_append
configure:15283: gcc  -o conftest -isystem/home/ubuntu/yocto/rpi-build/tmp/work/x86_64-linux/libtool-native/2.4.7-r0/recipe-sysroot-native/usr/include -O2 -pipe -isystem/home/ubuntu/yocto/rpi-build/tmp/work/x86_64-linux/libtool-native/2.4.7-r0/recipe-sysroot-native/usr/include -L/home/ubuntu/yocto/rpi-build/tmp/work/x86_64-linux/libtool-native/2.4.7-r0/recipe-sysroot-native/usr/lib                         -L/home/ubuntu/yocto/rpi-build/tmp/work/x86_64-linux/libtool-native/2.4.7-r0/recipe-sysroot-native/lib                         -Wl,--enable-new-dtags                         -Wl,-rpath-link,/home/ubuntu/yocto/rpi-build/tmp/work/x86_64-linux/libtool-native/2.4.7-r0/recipe-sysroot-native/usr/lib                         -Wl,-rpath-link,/home/ubuntu/yocto/rpi-build/tmp/work/x86_64-linux/libtool-native/2.4.7-r0/recipe-sysroot-native/lib                         -Wl,-rpath,/home/ubuntu/yocto/rpi-build/tmp/work/x86_64-linux/libtool-native/2.4.7-r0/recipe-sysroot-native/usr/lib                         -Wl,-rpath,/home/ubuntu/yocto/rpi-build/tmp/work/x86_64-linux/libtool-native/2.4.7-r0/recipe-sysroot-native/lib                         -Wl,-O1 -Wl,--allow-shlib-undefined -Wl,--dynamic-linker=/home/ubuntu/yocto/rpi-build/tmp/sysroots-uninative/x86_64-linux/lib/ld-linux-x86-64.so.2 conftest.c  >&5
configure:15283: $? = 0
configure:15283: result: yes
configure:15283: checking for argz_count
configure:15283: gcc  -o conftest -isystem/home/ubuntu/yocto/rpi-build/tmp/work/x86_64-linux/libtool-native/2.4.7-r0/recipe-sysroot-native/usr/include -O2 -pipe -isystem/home/ubuntu/yocto/rpi-build/tmp/work/x86_64-linux/libtool-native/2.4.7-r0/recipe-sysroot-native/usr/include -L/home/ubuntu/yocto/rpi-build/tmp/work/x86_64-linux/libtool-native/2.4.7-r0/recipe-sysroot-native/usr/lib                         -L/home/ubuntu/yocto/rpi-build/tmp/work/x86_64-linux/libtool-native/2.4.7-r0/recipe-sysroot-native/lib                         -Wl,--enable-new-dtags                         -Wl,-rpath-link,/home/ubuntu/yocto/rpi-build/tmp/work/x86_64-linux/libtool-native/2.4.7-r0/recipe-sysroot-native/usr/lib                         -Wl,-rpath-link,/home/ubuntu/yocto/rpi-build/tmp/work/x86_64-linux/libtool-native/2.4.7-r0/recipe-sysroot-native/lib                         -Wl,-rpath,/home/ubuntu/yocto/rpi-build/tmp/work/x86_64-linux/libtool-native/2.4.7-r0/recipe-sysroot-native/usr/lib                         -Wl,-rpath,/home/ubuntu/yocto/rpi-build/tmp/work/x86_64-linux/libtool-native/2.4.7-r0/recipe-sysroot-native/lib                         -Wl,-O1 -Wl,--allow-shlib-undefined -Wl,--dynamic-linker=/home/ubuntu/yocto/rpi-build/tmp/sysroots-uninative/x86_64-linux/lib/ld-linux-x86-64.so.2 conftest.c  >&5
configure:15283: $? = 0
configure:15283: result: yes
configure:15283: checking for argz_create_sep
configure:15283: gcc  -o conftest -isystem/home/ubuntu/yocto/rpi-build/tmp/work/x86_64-linux/libtool-native/2.4.7-r0/recipe-sysroot-native/usr/include -O2 -pipe -isystem/home/ubuntu/yocto/rpi-build/tmp/work/x86_64-linux/libtool-native/2.4.7-r0/recipe-sysroot-native/usr/include -L/home/ubuntu/yocto/rpi-build/tmp/work/x86_64-linux/libtool-native/2.4.7-r0/recipe-sysroot-native/usr/lib                         -L/home/ubuntu/yocto/rpi-build/tmp/work/x86_64-linux/libtool-native/2.4.7-r0/recipe-sysroot-native/lib                         -Wl,--enable-new-dtags                         -Wl,-rpath-link,/home/ubuntu/yocto/rpi-build/tmp/work/x86_64-linux/libtool-native/2.4.7-r0/recipe-sysroot-native/usr/lib                         -Wl,-rpath-link,/home/ubuntu/yocto/rpi-build/tmp/work/x86_64-linux/libtool-native/2.4.7-r0/recipe-sysroot-native/lib                         -Wl,-rpath,/home/ubuntu/yocto/rpi-build/tmp/work/x86_64-linux/libtool-native/2.4.7-r0/recipe-sysroot-native/usr/lib                         -Wl,-rpath,/home/ubuntu/yocto/rpi-build/tmp/work/x86_64-linux/libtool-native/2.4.7-r0/recipe-sysroot-native/lib                         -Wl,-O1 -Wl,--allow-shlib-undefined -Wl,--dynamic-linker=/home/ubuntu/yocto/rpi-build/tmp/sysroots-uninative/x86_64-linux/lib/ld-linux-x86-64.so.2 conftest.c  >&5
configure:15283: $? = 0
configure:15283: result: yes
configure:15283: checking for argz_insert
configure:15283: gcc  -o conftest -isystem/home/ubuntu/yocto/rpi-build/tmp/work/x86_64-linux/libtool-native/2.4.7-r0/recipe-sysroot-native/usr/include -O2 -pipe -isystem/home/ubuntu/yocto/rpi-build/tmp/work/x86_64-linux/libtool-native/2.4.7-r0/recipe-sysroot-native/usr/include -L/home/ubuntu/yocto/rpi-build/tmp/work/x86_64-linux/libtool-native/2.4.7-r0/recipe-sysroot-native/usr/lib                         -L/home/ubuntu/yocto/rpi-build/tmp/work/x86_64-linux/libtool-native/2.4.7-r0/recipe-sysroot-native/lib                         -Wl,--enable-new-dtags                         -Wl,-rpath-link,/home/ubuntu/yocto/rpi-build/tmp/work/x86_64-linux/libtool-native/2.4.7-r0/recipe-sysroot-native/usr/lib                         -Wl,-rpath-link,/home/ubuntu/yocto/rpi-build/tmp/work/x86_64-linux/libtool-native/2.4.7-r0/recipe-sysroot-native/lib                         -Wl,-rpath,/home/ubuntu/yocto/rpi-build/tmp/work/x86_64-linux/libtool-native/2.4.7-r0/recipe-sysroot-native/usr/lib                         -Wl,-rpath,/home/ubuntu/yocto/rpi-build/tmp/work/x86_64-linux/libtool-native/2.4.7-r0/recipe-sysroot-native/lib                         -Wl,-O1 -Wl,--allow-shlib-undefined -Wl,--dynamic-linker=/home/ubuntu/yocto/rpi-build/tmp/sysroots-uninative/x86_64-linux/lib/ld-linux-x86-64.so.2 conftest.c  >&5
configure:15283: $? = 0
configure:15283: result: yes
configure:15283: checking for argz_next
configure:15283: gcc  -o conftest -isystem/home/ubuntu/yocto/rpi-build/tmp/work/x86_64-linux/libtool-native/2.4.7-r0/recipe-sysroot-native/usr/include -O2 -pipe -isystem/home/ubuntu/yocto/rpi-build/tmp/work/x86_64-linux/libtool-native/2.4.7-r0/recipe-sysroot-native/usr/include -L/home/ubuntu/yocto/rpi-build/tmp/work/x86_64-linux/libtool-native/2.4.7-r0/recipe-sysroot-native/usr/lib                         -L/home/ubuntu/yocto/rpi-build/tmp/work/x86_64-linux/libtool-native/2.4.7-r0/recipe-sysroot-native/lib                         -Wl,--enable-new-dtags                         -Wl,-rpath-link,/home/ubuntu/yocto/rpi-build/tmp/work/x86_64-linux/libtool-native/2.4.7-r0/recipe-sysroot-native/usr/lib                         -Wl,-rpath-link,/home/ubuntu/yocto/rpi-build/tmp/work/x86_64-linux/libtool-native/2.4.7-r0/recipe-sysroot-native/lib                         -Wl,-rpath,/home/ubuntu/yocto/rpi-build/tmp/work/x86_64-linux/libtool-native/2.4.7-r0/recipe-sysroot-native/usr/lib                         -Wl,-rpath,/home/ubuntu/yocto/rpi-build/tmp/work/x86_64-linux/libtool-native/2.4.7-r0/recipe-sysroot-native/lib                         -Wl,-O1 -Wl,--allow-shlib-undefined -Wl,--dynamic-linker=/home/ubuntu/yocto/rpi-build/tmp/sysroots-uninative/x86_64-linux/lib/ld-linux-x86-64.so.2 conftest.c  >&5
configure:15283: $? = 0
configure:15283: result: yes
configure:15283: checking for argz_stringify
configure:15283: gcc  -o conftest -isystem/home/ubuntu/yocto/rpi-build/tmp/work/x86_64-linux/libtool-native/2.4.7-r0/recipe-sysroot-native/usr/include -O2 -pipe -isystem/home/ubuntu/yocto/rpi-build/tmp/work/x86_64-linux/libtool-native/2.4.7-r0/recipe-sysroot-native/usr/include -L/home/ubuntu/yocto/rpi-build/tmp/work/x86_64-linux/libtool-native/2.4.7-r0/recipe-sysroot-native/usr/lib                         -L/home/ubuntu/yocto/rpi-build/tmp/work/x86_64-linux/libtool-native/2.4.7-r0/recipe-sysroot-native/lib                         -Wl,--enable-new-dtags                         -Wl,-rpath-link,/home/ubuntu/yocto/rpi-build/tmp/work/x86_64-linux/libtool-native/2.4.7-r0/recipe-sysroot-native/usr/lib                         -Wl,-rpath-link,/home/ubuntu/yocto/rpi-build/tmp/work/x86_64-linux/libtool-native/2.4.7-r0/recipe-sysroot-native/lib                         -Wl,-rpath,/home/ubuntu/yocto/rpi-build/tmp/work/x86_64-linux/libtool-native/2.4.7-r0/recipe-sysroot-native/usr/lib                         -Wl,-rpath,/home/ubuntu/yocto/rpi-build/tmp/work/x86_64-linux/libtool-native/2.4.7-r0/recipe-sysroot-native/lib                         -Wl,-O1 -Wl,--allow-shlib-undefined -Wl,--dynamic-linker=/home/ubuntu/yocto/rpi-build/tmp/sysroots-uninative/x86_64-linux/lib/ld-linux-x86-64.so.2 conftest.c  >&5
configure:15283: $? = 0
configure:15283: result: yes
configure:15303: checking if argz actually works
configure:15335: result: yes
configure:15355: checking whether libtool supports -dlopen/-dlpreopen
configure:15368: result: yes
configure:15419: checking for unistd.h
configure:15419: result: yes
configure:15426: checking for dl.h
configure:15426: gcc  -c -isystem/home/ubuntu/yocto/rpi-build/tmp/work/x86_64-linux/libtool-native/2.4.7-r0/recipe-sysroot-native/usr/include -O2 -pipe -isystem/home/ubuntu/yocto/rpi-build/tmp/work/x86_64-linux/libtool-native/2.4.7-r0/recipe-sysroot-native/usr/include conftest.c >&5
conftest.c:70:10: fatal error: dl.h: No such file or directory
   70 | #include <dl.h>
      |          ^~~~~~
compilation terminated.
configure:15426: $? = 1
configure: failed program was:
| /* confdefs.h */
| #define PACKAGE_NAME "GNU Libtool"
| #define PACKAGE_TARNAME "libtool"
| #define PACKAGE_VERSION "2.4.7"
| #define PACKAGE_STRING "GNU Libtool 2.4.7"
| #define PACKAGE_BUGREPORT "bug-libtool@gnu.org"
| #define PACKAGE_URL "https://www.gnu.org/software/libtool/"
| #define PACKAGE "libtool"
| #define VERSION "2.4.7"
| #define HAVE_STDIO_H 1
| #define HAVE_STDLIB_H 1
| #define HAVE_STRING_H 1
| #define HAVE_INTTYPES_H 1
| #define HAVE_STDINT_H 1
| #define HAVE_STRINGS_H 1
| #define HAVE_SYS_STAT_H 1
| #define HAVE_SYS_TYPES_H 1
| #define HAVE_UNISTD_H 1
| #define STDC_HEADERS 1
| #define HAVE_DLFCN_H 1
| #define LT_OBJDIR ".libs/"
| #define LT_MODULE_EXT ".so"
| #define LT_MODULE_PATH_VAR "LD_LIBRARY_PATH"
| #define LT_DLSEARCH_PATH "/home/ubuntu/yocto/rpi-build/tmp/work/x86_64-linux/libtool-native/2.4.7-r0/recipe-sysroot-native/usr/lib:/home/ubuntu/yocto/rpi-build/tmp/work/x86_64-linux/libtool-native/2.4.7-r0/recipe-sysroot-native/usr/lib:/lib:/lib64:/usr/lib:/usr/lib64"
| #define HAVE_LIBDL 1
| #define HAVE_DLERROR 1
| #define HAVE_LIBDLLOADER 1
| #define HAVE_ARGZ_H 1
| #define HAVE_ERROR_T 1
| #define HAVE_ARGZ_ADD 1
| #define HAVE_ARGZ_APPEND 1
| #define HAVE_ARGZ_COUNT 1
| #define HAVE_ARGZ_CREATE_SEP 1
| #define HAVE_ARGZ_INSERT 1
| #define HAVE_ARGZ_NEXT 1
| #define HAVE_ARGZ_STRINGIFY 1
| #define HAVE_WORKING_ARGZ 1
| #define HAVE_PRELOADED_SYMBOLS 1
| #define HAVE_UNISTD_H 1
| /* end confdefs.h.  */
| #include <stddef.h>
| #ifdef HAVE_STDIO_H
| # include <stdio.h>
| #endif
| #ifdef HAVE_STDLIB_H
| # include <stdlib.h>
| #endif
| #ifdef HAVE_STRING_H
| # include <string.h>
| #endif
| #ifdef HAVE_INTTYPES_H
| # include <inttypes.h>
| #endif
| #ifdef HAVE_STDINT_H
| # include <stdint.h>
| #endif
| #ifdef HAVE_STRINGS_H
| # include <strings.h>
| #endif
| #ifdef HAVE_SYS_TYPES_H
| # include <sys/types.h>
| #endif
| #ifdef HAVE_SYS_STAT_H
| # include <sys/stat.h>
| #endif
| #ifdef HAVE_UNISTD_H
| # include <unistd.h>
| #endif
| 
| #include <dl.h>
configure:15426: result: no
configure:15433: checking for sys/dl.h
configure:15433: gcc  -c -isystem/home/ubuntu/yocto/rpi-build/tmp/work/x86_64-linux/libtool-native/2.4.7-r0/recipe-sysroot-native/usr/include -O2 -pipe -isystem/home/ubuntu/yocto/rpi-build/tmp/work/x86_64-linux/libtool-native/2.4.7-r0/recipe-sysroot-native/usr/include conftest.c >&5
conftest.c:70:10: fatal error: sys/dl.h: No such file or directory
   70 | #include <sys/dl.h>
      |          ^~~~~~~~~~
compilation terminated.
configure:15433: $? = 1
configure: failed program was:
| /* confdefs.h */
| #define PACKAGE_NAME "GNU Libtool"
| #define PACKAGE_TARNAME "libtool"
| #define PACKAGE_VERSION "2.4.7"
| #define PACKAGE_STRING "GNU Libtool 2.4.7"
| #define PACKAGE_BUGREPORT "bug-libtool@gnu.org"
| #define PACKAGE_URL "https://www.gnu.org/software/libtool/"
| #define PACKAGE "libtool"
| #define VERSION "2.4.7"
| #define HAVE_STDIO_H 1
| #define HAVE_STDLIB_H 1
| #define HAVE_STRING_H 1
| #define HAVE_INTTYPES_H 1
| #define HAVE_STDINT_H 1
| #define HAVE_STRINGS_H 1
| #define HAVE_SYS_STAT_H 1
| #define HAVE_SYS_TYPES_H 1
| #define HAVE_UNISTD_H 1
| #define STDC_HEADERS 1
| #define HAVE_DLFCN_H 1
| #define LT_OBJDIR ".libs/"
| #define LT_MODULE_EXT ".so"
| #define LT_MODULE_PATH_VAR "LD_LIBRARY_PATH"
| #define LT_DLSEARCH_PATH "/home/ubuntu/yocto/rpi-build/tmp/work/x86_64-linux/libtool-native/2.4.7-r0/recipe-sysroot-native/usr/lib:/home/ubuntu/yocto/rpi-build/tmp/work/x86_64-linux/libtool-native/2.4.7-r0/recipe-sysroot-native/usr/lib:/lib:/lib64:/usr/lib:/usr/lib64"
| #define HAVE_LIBDL 1
| #define HAVE_DLERROR 1
| #define HAVE_LIBDLLOADER 1
| #define HAVE_ARGZ_H 1
| #define HAVE_ERROR_T 1
| #define HAVE_ARGZ_ADD 1
| #define HAVE_ARGZ_APPEND 1
| #define HAVE_ARGZ_COUNT 1
| #define HAVE_ARGZ_CREATE_SEP 1
| #define HAVE_ARGZ_INSERT 1
| #define HAVE_ARGZ_NEXT 1
| #define HAVE_ARGZ_STRINGIFY 1
| #define HAVE_WORKING_ARGZ 1
| #define HAVE_PRELOADED_SYMBOLS 1
| #define HAVE_UNISTD_H 1
| /* end confdefs.h.  */
| #include <stddef.h>
| #ifdef HAVE_STDIO_H
| # include <stdio.h>
| #endif
| #ifdef HAVE_STDLIB_H
| # include <stdlib.h>
| #endif
| #ifdef HAVE_STRING_H
| # include <string.h>
| #endif
| #ifdef HAVE_INTTYPES_H
| # include <inttypes.h>
| #endif
| #ifdef HAVE_STDINT_H
| # include <stdint.h>
| #endif
| #ifdef HAVE_STRINGS_H
| # include <strings.h>
| #endif
| #ifdef HAVE_SYS_TYPES_H
| # include <sys/types.h>
| #endif
| #ifdef HAVE_SYS_STAT_H
| # include <sys/stat.h>
| #endif
| #ifdef HAVE_UNISTD_H
| # include <unistd.h>
| #endif
| 
| #include <sys/dl.h>
configure:15433: result: no
configure:15440: checking for dld.h
configure:15440: gcc  -c -isystem/home/ubuntu/yocto/rpi-build/tmp/work/x86_64-linux/libtool-native/2.4.7-r0/recipe-sysroot-native/usr/include -O2 -pipe -isystem/home/ubuntu/yocto/rpi-build/tmp/work/x86_64-linux/libtool-native/2.4.7-r0/recipe-sysroot-native/usr/include conftest.c >&5
conftest.c:70:10: fatal error: dld.h: No such file or directory
   70 | #include <dld.h>
      |          ^~~~~~~
compilation terminated.
configure:15440: $? = 1
configure: failed program was:
| /* confdefs.h */
| #define PACKAGE_NAME "GNU Libtool"
| #define PACKAGE_TARNAME "libtool"
| #define PACKAGE_VERSION "2.4.7"
| #define PACKAGE_STRING "GNU Libtool 2.4.7"
| #define PACKAGE_BUGREPORT "bug-libtool@gnu.org"
| #define PACKAGE_URL "https://www.gnu.org/software/libtool/"
| #define PACKAGE "libtool"
| #define VERSION "2.4.7"
| #define HAVE_STDIO_H 1
| #define HAVE_STDLIB_H 1
| #define HAVE_STRING_H 1
| #define HAVE_INTTYPES_H 1
| #define HAVE_STDINT_H 1
| #define HAVE_STRINGS_H 1
| #define HAVE_SYS_STAT_H 1
| #define HAVE_SYS_TYPES_H 1
| #define HAVE_UNISTD_H 1
| #define STDC_HEADERS 1
| #define HAVE_DLFCN_H 1
| #define LT_OBJDIR ".libs/"
| #define LT_MODULE_EXT ".so"
| #define LT_MODULE_PATH_VAR "LD_LIBRARY_PATH"
| #define LT_DLSEARCH_PATH "/home/ubuntu/yocto/rpi-build/tmp/work/x86_64-linux/libtool-native/2.4.7-r0/recipe-sysroot-native/usr/lib:/home/ubuntu/yocto/rpi-build/tmp/work/x86_64-linux/libtool-native/2.4.7-r0/recipe-sysroot-native/usr/lib:/lib:/lib64:/usr/lib:/usr/lib64"
| #define HAVE_LIBDL 1
| #define HAVE_DLERROR 1
| #define HAVE_LIBDLLOADER 1
| #define HAVE_ARGZ_H 1
| #define HAVE_ERROR_T 1
| #define HAVE_ARGZ_ADD 1
| #define HAVE_ARGZ_APPEND 1
| #define HAVE_ARGZ_COUNT 1
| #define HAVE_ARGZ_CREATE_SEP 1
| #define HAVE_ARGZ_INSERT 1
| #define HAVE_ARGZ_NEXT 1
| #define HAVE_ARGZ_STRINGIFY 1
| #define HAVE_WORKING_ARGZ 1
| #define HAVE_PRELOADED_SYMBOLS 1
| #define HAVE_UNISTD_H 1
| /* end confdefs.h.  */
| #include <stddef.h>
| #ifdef HAVE_STDIO_H
| # include <stdio.h>
| #endif
| #ifdef HAVE_STDLIB_H
| # include <stdlib.h>
| #endif
| #ifdef HAVE_STRING_H
| # include <string.h>
| #endif
| #ifdef HAVE_INTTYPES_H
| # include <inttypes.h>
| #endif
| #ifdef HAVE_STDINT_H
| # include <stdint.h>
| #endif
| #ifdef HAVE_STRINGS_H
| # include <strings.h>
| #endif
| #ifdef HAVE_SYS_TYPES_H
| # include <sys/types.h>
| #endif
| #ifdef HAVE_SYS_STAT_H
| # include <sys/stat.h>
| #endif
| #ifdef HAVE_UNISTD_H
| # include <unistd.h>
| #endif
| 
| #include <dld.h>
configure:15440: result: no
configure:15447: checking for mach-o/dyld.h
configure:15447: gcc  -c -isystem/home/ubuntu/yocto/rpi-build/tmp/work/x86_64-linux/libtool-native/2.4.7-r0/recipe-sysroot-native/usr/include -O2 -pipe -isystem/home/ubuntu/yocto/rpi-build/tmp/work/x86_64-linux/libtool-native/2.4.7-r0/recipe-sysroot-native/usr/include conftest.c >&5
conftest.c:70:10: fatal error: mach-o/dyld.h: No such file or directory
   70 | #include <mach-o/dyld.h>
      |          ^~~~~~~~~~~~~~~
compilation terminated.
configure:15447: $? = 1
configure: failed program was:
| /* confdefs.h */
| #define PACKAGE_NAME "GNU Libtool"
| #define PACKAGE_TARNAME "libtool"
| #define PACKAGE_VERSION "2.4.7"
| #define PACKAGE_STRING "GNU Libtool 2.4.7"
| #define PACKAGE_BUGREPORT "bug-libtool@gnu.org"
| #define PACKAGE_URL "https://www.gnu.org/software/libtool/"
| #define PACKAGE "libtool"
| #define VERSION "2.4.7"
| #define HAVE_STDIO_H 1
| #define HAVE_STDLIB_H 1
| #define HAVE_STRING_H 1
| #define HAVE_INTTYPES_H 1
| #define HAVE_STDINT_H 1
| #define HAVE_STRINGS_H 1
| #define HAVE_SYS_STAT_H 1
| #define HAVE_SYS_TYPES_H 1
| #define HAVE_UNISTD_H 1
| #define STDC_HEADERS 1
| #define HAVE_DLFCN_H 1
| #define LT_OBJDIR ".libs/"
| #define LT_MODULE_EXT ".so"
| #define LT_MODULE_PATH_VAR "LD_LIBRARY_PATH"
| #define LT_DLSEARCH_PATH "/home/ubuntu/yocto/rpi-build/tmp/work/x86_64-linux/libtool-native/2.4.7-r0/recipe-sysroot-native/usr/lib:/home/ubuntu/yocto/rpi-build/tmp/work/x86_64-linux/libtool-native/2.4.7-r0/recipe-sysroot-native/usr/lib:/lib:/lib64:/usr/lib:/usr/lib64"
| #define HAVE_LIBDL 1
| #define HAVE_DLERROR 1
| #define HAVE_LIBDLLOADER 1
| #define HAVE_ARGZ_H 1
| #define HAVE_ERROR_T 1
| #define HAVE_ARGZ_ADD 1
| #define HAVE_ARGZ_APPEND 1
| #define HAVE_ARGZ_COUNT 1
| #define HAVE_ARGZ_CREATE_SEP 1
| #define HAVE_ARGZ_INSERT 1
| #define HAVE_ARGZ_NEXT 1
| #define HAVE_ARGZ_STRINGIFY 1
| #define HAVE_WORKING_ARGZ 1
| #define HAVE_PRELOADED_SYMBOLS 1
| #define HAVE_UNISTD_H 1
| /* end confdefs.h.  */
| #include <stddef.h>
| #ifdef HAVE_STDIO_H
| # include <stdio.h>
| #endif
| #ifdef HAVE_STDLIB_H
| # include <stdlib.h>
| #endif
| #ifdef HAVE_STRING_H
| # include <string.h>
| #endif
| #ifdef HAVE_INTTYPES_H
| # include <inttypes.h>
| #endif
| #ifdef HAVE_STDINT_H
| # include <stdint.h>
| #endif
| #ifdef HAVE_STRINGS_H
| # include <strings.h>
| #endif
| #ifdef HAVE_SYS_TYPES_H
| # include <sys/types.h>
| #endif
| #ifdef HAVE_SYS_STAT_H
| # include <sys/stat.h>
| #endif
| #ifdef HAVE_UNISTD_H
| # include <unistd.h>
| #endif
| 
| #include <mach-o/dyld.h>
configure:15447: result: no
configure:15454: checking for dirent.h
configure:15454: gcc  -c -isystem/home/ubuntu/yocto/rpi-build/tmp/work/x86_64-linux/libtool-native/2.4.7-r0/recipe-sysroot-native/usr/include -O2 -pipe -isystem/home/ubuntu/yocto/rpi-build/tmp/work/x86_64-linux/libtool-native/2.4.7-r0/recipe-sysroot-native/usr/include conftest.c >&5
configure:15454: $? = 0
configure:15454: result: yes
configure:15467: checking for closedir
configure:15467: gcc  -o conftest -isystem/home/ubuntu/yocto/rpi-build/tmp/work/x86_64-linux/libtool-native/2.4.7-r0/recipe-sysroot-native/usr/include -O2 -pipe -isystem/home/ubuntu/yocto/rpi-build/tmp/work/x86_64-linux/libtool-native/2.4.7-r0/recipe-sysroot-native/usr/include -L/home/ubuntu/yocto/rpi-build/tmp/work/x86_64-linux/libtool-native/2.4.7-r0/recipe-sysroot-native/usr/lib                         -L/home/ubuntu/yocto/rpi-build/tmp/work/x86_64-linux/libtool-native/2.4.7-r0/recipe-sysroot-native/lib                         -Wl,--enable-new-dtags                         -Wl,-rpath-link,/home/ubuntu/yocto/rpi-build/tmp/work/x86_64-linux/libtool-native/2.4.7-r0/recipe-sysroot-native/usr/lib                         -Wl,-rpath-link,/home/ubuntu/yocto/rpi-build/tmp/work/x86_64-linux/libtool-native/2.4.7-r0/recipe-sysroot-native/lib                         -Wl,-rpath,/home/ubuntu/yocto/rpi-build/tmp/work/x86_64-linux/libtool-native/2.4.7-r0/recipe-sysroot-native/usr/lib                         -Wl,-rpath,/home/ubuntu/yocto/rpi-build/tmp/work/x86_64-linux/libtool-native/2.4.7-r0/recipe-sysroot-native/lib                         -Wl,-O1 -Wl,--allow-shlib-undefined -Wl,--dynamic-linker=/home/ubuntu/yocto/rpi-build/tmp/sysroots-uninative/x86_64-linux/lib/ld-linux-x86-64.so.2 conftest.c  >&5
configure:15467: $? = 0
configure:15467: result: yes
configure:15467: checking for opendir
configure:15467: gcc  -o conftest -isystem/home/ubuntu/yocto/rpi-build/tmp/work/x86_64-linux/libtool-native/2.4.7-r0/recipe-sysroot-native/usr/include -O2 -pipe -isystem/home/ubuntu/yocto/rpi-build/tmp/work/x86_64-linux/libtool-native/2.4.7-r0/recipe-sysroot-native/usr/include -L/home/ubuntu/yocto/rpi-build/tmp/work/x86_64-linux/libtool-native/2.4.7-r0/recipe-sysroot-native/usr/lib                         -L/home/ubuntu/yocto/rpi-build/tmp/work/x86_64-linux/libtool-native/2.4.7-r0/recipe-sysroot-native/lib                         -Wl,--enable-new-dtags                         -Wl,-rpath-link,/home/ubuntu/yocto/rpi-build/tmp/work/x86_64-linux/libtool-native/2.4.7-r0/recipe-sysroot-native/usr/lib                         -Wl,-rpath-link,/home/ubuntu/yocto/rpi-build/tmp/work/x86_64-linux/libtool-native/2.4.7-r0/recipe-sysroot-native/lib                         -Wl,-rpath,/home/ubuntu/yocto/rpi-build/tmp/work/x86_64-linux/libtool-native/2.4.7-r0/recipe-sysroot-native/usr/lib                         -Wl,-rpath,/home/ubuntu/yocto/rpi-build/tmp/work/x86_64-linux/libtool-native/2.4.7-r0/recipe-sysroot-native/lib                         -Wl,-O1 -Wl,--allow-shlib-undefined -Wl,--dynamic-linker=/home/ubuntu/yocto/rpi-build/tmp/sysroots-uninative/x86_64-linux/lib/ld-linux-x86-64.so.2 conftest.c  >&5
configure:15467: $? = 0
configure:15467: result: yes
configure:15467: checking for readdir
configure:15467: gcc  -o conftest -isystem/home/ubuntu/yocto/rpi-build/tmp/work/x86_64-linux/libtool-native/2.4.7-r0/recipe-sysroot-native/usr/include -O2 -pipe -isystem/home/ubuntu/yocto/rpi-build/tmp/work/x86_64-linux/libtool-native/2.4.7-r0/recipe-sysroot-native/usr/include -L/home/ubuntu/yocto/rpi-build/tmp/work/x86_64-linux/libtool-native/2.4.7-r0/recipe-sysroot-native/usr/lib                         -L/home/ubuntu/yocto/rpi-build/tmp/work/x86_64-linux/libtool-native/2.4.7-r0/recipe-sysroot-native/lib                         -Wl,--enable-new-dtags                         -Wl,-rpath-link,/home/ubuntu/yocto/rpi-build/tmp/work/x86_64-linux/libtool-native/2.4.7-r0/recipe-sysroot-native/usr/lib                         -Wl,-rpath-link,/home/ubuntu/yocto/rpi-build/tmp/work/x86_64-linux/libtool-native/2.4.7-r0/recipe-sysroot-native/lib                         -Wl,-rpath,/home/ubuntu/yocto/rpi-build/tmp/work/x86_64-linux/libtool-native/2.4.7-r0/recipe-sysroot-native/usr/lib                         -Wl,-rpath,/home/ubuntu/yocto/rpi-build/tmp/work/x86_64-linux/libtool-native/2.4.7-r0/recipe-sysroot-native/lib                         -Wl,-O1 -Wl,--allow-shlib-undefined -Wl,--dynamic-linker=/home/ubuntu/yocto/rpi-build/tmp/sysroots-uninative/x86_64-linux/lib/ld-linux-x86-64.so.2 conftest.c  >&5
configure:15467: $? = 0
configure:15467: result: yes
configure:15488: checking for strlcat
configure:15488: gcc  -o conftest -isystem/home/ubuntu/yocto/rpi-build/tmp/work/x86_64-linux/libtool-native/2.4.7-r0/recipe-sysroot-native/usr/include -O2 -pipe -isystem/home/ubuntu/yocto/rpi-build/tmp/work/x86_64-linux/libtool-native/2.4.7-r0/recipe-sysroot-native/usr/include -L/home/ubuntu/yocto/rpi-build/tmp/work/x86_64-linux/libtool-native/2.4.7-r0/recipe-sysroot-native/usr/lib                         -L/home/ubuntu/yocto/rpi-build/tmp/work/x86_64-linux/libtool-native/2.4.7-r0/recipe-sysroot-native/lib                         -Wl,--enable-new-dtags                         -Wl,-rpath-link,/home/ubuntu/yocto/rpi-build/tmp/work/x86_64-linux/libtool-native/2.4.7-r0/recipe-sysroot-native/usr/lib                         -Wl,-rpath-link,/home/ubuntu/yocto/rpi-build/tmp/work/x86_64-linux/libtool-native/2.4.7-r0/recipe-sysroot-native/lib                         -Wl,-rpath,/home/ubuntu/yocto/rpi-build/tmp/work/x86_64-linux/libtool-native/2.4.7-r0/recipe-sysroot-native/usr/lib                         -Wl,-rpath,/home/ubuntu/yocto/rpi-build/tmp/work/x86_64-linux/libtool-native/2.4.7-r0/recipe-sysroot-native/lib                         -Wl,-O1 -Wl,--allow-shlib-undefined -Wl,--dynamic-linker=/home/ubuntu/yocto/rpi-build/tmp/sysroots-uninative/x86_64-linux/lib/ld-linux-x86-64.so.2 conftest.c  >&5
/home/ubuntu/yocto/rpi-build/tmp/hosttools/ld: /tmp/cckmOrcv.o: in function `main':
conftest.c:(.text.startup+0x9): undefined reference to `strlcat'
collect2: error: ld returned 1 exit status
configure:15488: $? = 1
configure: failed program was:
| /* confdefs.h */
| #define PACKAGE_NAME "GNU Libtool"
| #define PACKAGE_TARNAME "libtool"
| #define PACKAGE_VERSION "2.4.7"
| #define PACKAGE_STRING "GNU Libtool 2.4.7"
| #define PACKAGE_BUGREPORT "bug-libtool@gnu.org"
| #define PACKAGE_URL "https://www.gnu.org/software/libtool/"
| #define PACKAGE "libtool"
| #define VERSION "2.4.7"
| #define HAVE_STDIO_H 1
| #define HAVE_STDLIB_H 1
| #define HAVE_STRING_H 1
| #define HAVE_INTTYPES_H 1
| #define HAVE_STDINT_H 1
| #define HAVE_STRINGS_H 1
| #define HAVE_SYS_STAT_H 1
| #define HAVE_SYS_TYPES_H 1
| #define HAVE_UNISTD_H 1
| #define STDC_HEADERS 1
| #define HAVE_DLFCN_H 1
| #define LT_OBJDIR ".libs/"
| #define LT_MODULE_EXT ".so"
| #define LT_MODULE_PATH_VAR "LD_LIBRARY_PATH"
| #define LT_DLSEARCH_PATH "/home/ubuntu/yocto/rpi-build/tmp/work/x86_64-linux/libtool-native/2.4.7-r0/recipe-sysroot-native/usr/lib:/home/ubuntu/yocto/rpi-build/tmp/work/x86_64-linux/libtool-native/2.4.7-r0/recipe-sysroot-native/usr/lib:/lib:/lib64:/usr/lib:/usr/lib64"
| #define HAVE_LIBDL 1
| #define HAVE_DLERROR 1
| #define HAVE_LIBDLLOADER 1
| #define HAVE_ARGZ_H 1
| #define HAVE_ERROR_T 1
| #define HAVE_ARGZ_ADD 1
| #define HAVE_ARGZ_APPEND 1
| #define HAVE_ARGZ_COUNT 1
| #define HAVE_ARGZ_CREATE_SEP 1
| #define HAVE_ARGZ_INSERT 1
| #define HAVE_ARGZ_NEXT 1
| #define HAVE_ARGZ_STRINGIFY 1
| #define HAVE_WORKING_ARGZ 1
| #define HAVE_PRELOADED_SYMBOLS 1
| #define HAVE_UNISTD_H 1
| #define HAVE_DIRENT_H 1
| #define HAVE_CLOSEDIR 1
| #define HAVE_OPENDIR 1
| #define HAVE_READDIR 1
| /* end confdefs.h.  */
| /* Define strlcat to an innocuous variant, in case <limits.h> declares strlcat.
|    For example, HP-UX 11i <limits.h> declares gettimeofday.  */
| #define strlcat innocuous_strlcat
| 
| /* System header to define __stub macros and hopefully few prototypes,
|    which can conflict with char strlcat (void); below.  */
| 
| #include <limits.h>
| #undef strlcat
| 
| /* Override any GCC internal prototype to avoid an error.
|    Use char because int might match the return type of a GCC
|    builtin and then its argument prototype would still apply.  */
| #ifdef __cplusplus
| extern "C"
| #endif
| char strlcat (void);
| /* The GNU C library defines this for functions which it implements
|     to always fail with ENOSYS.  Some functions are actually named
|     something starting with __ and the normal name is an alias.  */
| #if defined __stub_strlcat || defined __stub___strlcat
| choke me
| #endif
| 
| int
| main (void)
| {
| return strlcat ();
|   ;
|   return 0;
| }
configure:15488: result: no
configure:15488: checking for strlcpy
configure:15488: gcc  -o conftest -isystem/home/ubuntu/yocto/rpi-build/tmp/work/x86_64-linux/libtool-native/2.4.7-r0/recipe-sysroot-native/usr/include -O2 -pipe -isystem/home/ubuntu/yocto/rpi-build/tmp/work/x86_64-linux/libtool-native/2.4.7-r0/recipe-sysroot-native/usr/include -L/home/ubuntu/yocto/rpi-build/tmp/work/x86_64-linux/libtool-native/2.4.7-r0/recipe-sysroot-native/usr/lib                         -L/home/ubuntu/yocto/rpi-build/tmp/work/x86_64-linux/libtool-native/2.4.7-r0/recipe-sysroot-native/lib                         -Wl,--enable-new-dtags                         -Wl,-rpath-link,/home/ubuntu/yocto/rpi-build/tmp/work/x86_64-linux/libtool-native/2.4.7-r0/recipe-sysroot-native/usr/lib                         -Wl,-rpath-link,/home/ubuntu/yocto/rpi-build/tmp/work/x86_64-linux/libtool-native/2.4.7-r0/recipe-sysroot-native/lib                         -Wl,-rpath,/home/ubuntu/yocto/rpi-build/tmp/work/x86_64-linux/libtool-native/2.4.7-r0/recipe-sysroot-native/usr/lib                         -Wl,-rpath,/home/ubuntu/yocto/rpi-build/tmp/work/x86_64-linux/libtool-native/2.4.7-r0/recipe-sysroot-native/lib                         -Wl,-O1 -Wl,--allow-shlib-undefined -Wl,--dynamic-linker=/home/ubuntu/yocto/rpi-build/tmp/sysroots-uninative/x86_64-linux/lib/ld-linux-x86-64.so.2 conftest.c  >&5
/home/ubuntu/yocto/rpi-build/tmp/hosttools/ld: /tmp/cc94I2FK.o: in function `main':
conftest.c:(.text.startup+0x9): undefined reference to `strlcpy'
collect2: error: ld returned 1 exit status
configure:15488: $? = 1
configure: failed program was:
| /* confdefs.h */
| #define PACKAGE_NAME "GNU Libtool"
| #define PACKAGE_TARNAME "libtool"
| #define PACKAGE_VERSION "2.4.7"
| #define PACKAGE_STRING "GNU Libtool 2.4.7"
| #define PACKAGE_BUGREPORT "bug-libtool@gnu.org"
| #define PACKAGE_URL "https://www.gnu.org/software/libtool/"
| #define PACKAGE "libtool"
| #define VERSION "2.4.7"
| #define HAVE_STDIO_H 1
| #define HAVE_STDLIB_H 1
| #define HAVE_STRING_H 1
| #define HAVE_INTTYPES_H 1
| #define HAVE_STDINT_H 1
| #define HAVE_STRINGS_H 1
| #define HAVE_SYS_STAT_H 1
| #define HAVE_SYS_TYPES_H 1
| #define HAVE_UNISTD_H 1
| #define STDC_HEADERS 1
| #define HAVE_DLFCN_H 1
| #define LT_OBJDIR ".libs/"
| #define LT_MODULE_EXT ".so"
| #define LT_MODULE_PATH_VAR "LD_LIBRARY_PATH"
| #define LT_DLSEARCH_PATH "/home/ubuntu/yocto/rpi-build/tmp/work/x86_64-linux/libtool-native/2.4.7-r0/recipe-sysroot-native/usr/lib:/home/ubuntu/yocto/rpi-build/tmp/work/x86_64-linux/libtool-native/2.4.7-r0/recipe-sysroot-native/usr/lib:/lib:/lib64:/usr/lib:/usr/lib64"
| #define HAVE_LIBDL 1
| #define HAVE_DLERROR 1
| #define HAVE_LIBDLLOADER 1
| #define HAVE_ARGZ_H 1
| #define HAVE_ERROR_T 1
| #define HAVE_ARGZ_ADD 1
| #define HAVE_ARGZ_APPEND 1
| #define HAVE_ARGZ_COUNT 1
| #define HAVE_ARGZ_CREATE_SEP 1
| #define HAVE_ARGZ_INSERT 1
| #define HAVE_ARGZ_NEXT 1
| #define HAVE_ARGZ_STRINGIFY 1
| #define HAVE_WORKING_ARGZ 1
| #define HAVE_PRELOADED_SYMBOLS 1
| #define HAVE_UNISTD_H 1
| #define HAVE_DIRENT_H 1
| #define HAVE_CLOSEDIR 1
| #define HAVE_OPENDIR 1
| #define HAVE_READDIR 1
| /* end confdefs.h.  */
| /* Define strlcpy to an innocuous variant, in case <limits.h> declares strlcpy.
|    For example, HP-UX 11i <limits.h> declares gettimeofday.  */
| #define strlcpy innocuous_strlcpy
| 
| /* System header to define __stub macros and hopefully few prototypes,
|    which can conflict with char strlcpy (void); below.  */
| 
| #include <limits.h>
| #undef strlcpy
| 
| /* Override any GCC internal prototype to avoid an error.
|    Use char because int might match the return type of a GCC
|    builtin and then its argument prototype would still apply.  */
| #ifdef __cplusplus
| extern "C"
| #endif
| char strlcpy (void);
| /* The GNU C library defines this for functions which it implements
|     to always fail with ENOSYS.  Some functions are actually named
|     something starting with __ and the normal name is an alias.  */
| #if defined __stub_strlcpy || defined __stub___strlcpy
| choke me
| #endif
| 
| int
| main (void)
| {
| return strlcpy ();
|   ;
|   return 0;
| }
configure:15488: result: no
configure:15650: checking for C++ compiler version
configure:15659: g++  --version >&5
g++ (Ubuntu 11.4.0-1ubuntu1~22.04.2) 11.4.0
Copyright (C) 2021 Free Software Foundation, Inc.
This is free software; see the source for copying conditions.  There is NO
warranty; not even for MERCHANTABILITY or FITNESS FOR A PARTICULAR PURPOSE.

configure:15670: $? = 0
configure:15659: g++  -v >&5
Using built-in specs.
COLLECT_GCC=g++
COLLECT_LTO_WRAPPER=/usr/lib/gcc/x86_64-linux-gnu/11/lto-wrapper
OFFLOAD_TARGET_NAMES=nvptx-none:amdgcn-amdhsa
OFFLOAD_TARGET_DEFAULT=1
Target: x86_64-linux-gnu
Configured with: ../src/configure -v --with-pkgversion='Ubuntu 11.4.0-1ubuntu1~22.04.2' --with-bugurl=file:///usr/share/doc/gcc-11/README.Bugs --enable-languages=c,ada,c++,go,brig,d,fortran,objc,obj-c++,m2 --prefix=/usr --with-gcc-major-version-only --program-suffix=-11 --program-prefix=x86_64-linux-gnu- --enable-shared --enable-linker-build-id --libexecdir=/usr/lib --without-included-gettext --enable-threads=posix --libdir=/usr/lib --enable-nls --enable-bootstrap --enable-clocale=gnu --enable-libstdcxx-debug --enable-libstdcxx-time=yes --with-default-libstdcxx-abi=new --enable-gnu-unique-object --disable-vtable-verify --enable-plugin --enable-default-pie --with-system-zlib --enable-libphobos-checking=release --with-target-system-zlib=auto --enable-objc-gc=auto --enable-multiarch --disable-werror --enable-cet --with-arch-32=i686 --with-abi=m64 --with-multilib-list=m32,m64,mx32 --enable-multilib --with-tune=generic --enable-offload-targets=nvptx-none=/build/gcc-11-2Y5pKs/gcc-11-11.4.0/debian/tmp-nvptx/usr,amdgcn-amdhsa=/build/gcc-11-2Y5pKs/gcc-11-11.4.0/debian/tmp-gcn/usr --without-cuda-driver --enable-checking=release --build=x86_64-linux-gnu --host=x86_64-linux-gnu --target=x86_64-linux-gnu --with-build-config=bootstrap-lto-lean --enable-link-serialization=2
Thread model: posix
Supported LTO compression algorithms: zlib zstd
gcc version 11.4.0 (Ubuntu 11.4.0-1ubuntu1~22.04.2) 
... rest of stderr output deleted ...
configure:15670: $? = 0
configure:15659: g++  -V >&5
g++: error: unrecognized command-line option '-V'
g++: fatal error: no input files
compilation terminated.
configure:15670: $? = 1
configure:15659: g++  -qversion >&5
g++: error: unrecognized command-line option '-qversion'; did you mean '--version'?
g++: fatal error: no input files
compilation terminated.
configure:15670: $? = 1
configure:15674: checking whether the compiler supports GNU C++
configure:15694: g++  -c -isystem/home/ubuntu/yocto/rpi-build/tmp/work/x86_64-linux/libtool-native/2.4.7-r0/recipe-sysroot-native/usr/include -O2 -pipe -isystem/home/ubuntu/yocto/rpi-build/tmp/work/x86_64-linux/libtool-native/2.4.7-r0/recipe-sysroot-native/usr/include conftest.cpp >&5
configure:15694: $? = 0
configure:15704: result: yes
configure:15715: checking whether g++  accepts -g
configure:15736: g++  -c -g -isystem/home/ubuntu/yocto/rpi-build/tmp/work/x86_64-linux/libtool-native/2.4.7-r0/recipe-sysroot-native/usr/include conftest.cpp >&5
configure:15736: $? = 0
configure:15780: result: yes
configure:15800: checking for g++  option to enable C++11 features
configure:15815: g++   -c -isystem/home/ubuntu/yocto/rpi-build/tmp/work/x86_64-linux/libtool-native/2.4.7-r0/recipe-sysroot-native/usr/include -O2 -pipe -isystem/home/ubuntu/yocto/rpi-build/tmp/work/x86_64-linux/libtool-native/2.4.7-r0/recipe-sysroot-native/usr/include conftest.cpp >&5
conftest.cpp: In function 'int main(int, char**)':
conftest.cpp:213:25: warning: empty parentheses were disambiguated as a function declaration [-Wvexing-parse]
  213 |   cxx11test::delegate d2();
      |                         ^~
conftest.cpp:213:25: note: remove parentheses to default-initialize a variable
  213 |   cxx11test::delegate d2();
      |                         ^~
      |                         --
conftest.cpp:213:25: note: or replace parentheses with braces to value-initialize a variable
configure:15815: $? = 0
configure:15833: result: none needed
configure:15899: checking dependency style of g++ 
configure:16011: result: none
configure:16045: checking how to run the C++ preprocessor
configure:16067: g++  -E -isystem/home/ubuntu/yocto/rpi-build/tmp/work/x86_64-linux/libtool-native/2.4.7-r0/recipe-sysroot-native/usr/include conftest.cpp
configure:16067: $? = 0
configure:16082: g++  -E -isystem/home/ubuntu/yocto/rpi-build/tmp/work/x86_64-linux/libtool-native/2.4.7-r0/recipe-sysroot-native/usr/include conftest.cpp
conftest.cpp:47:10: fatal error: ac_nonexistent.h: No such file or directory
   47 | #include <ac_nonexistent.h>
      |          ^~~~~~~~~~~~~~~~~~
compilation terminated.
configure:16082: $? = 1
configure: failed program was:
| /* confdefs.h */
| #define PACKAGE_NAME "GNU Libtool"
| #define PACKAGE_TARNAME "libtool"
| #define PACKAGE_VERSION "2.4.7"
| #define PACKAGE_STRING "GNU Libtool 2.4.7"
| #define PACKAGE_BUGREPORT "bug-libtool@gnu.org"
| #define PACKAGE_URL "https://www.gnu.org/software/libtool/"
| #define PACKAGE "libtool"
| #define VERSION "2.4.7"
| #define HAVE_STDIO_H 1
| #define HAVE_STDLIB_H 1
| #define HAVE_STRING_H 1
| #define HAVE_INTTYPES_H 1
| #define HAVE_STDINT_H 1
| #define HAVE_STRINGS_H 1
| #define HAVE_SYS_STAT_H 1
| #define HAVE_SYS_TYPES_H 1
| #define HAVE_UNISTD_H 1
| #define STDC_HEADERS 1
| #define HAVE_DLFCN_H 1
| #define LT_OBJDIR ".libs/"
| #define LT_MODULE_EXT ".so"
| #define LT_MODULE_PATH_VAR "LD_LIBRARY_PATH"
| #define LT_DLSEARCH_PATH "/home/ubuntu/yocto/rpi-build/tmp/work/x86_64-linux/libtool-native/2.4.7-r0/recipe-sysroot-native/usr/lib:/home/ubuntu/yocto/rpi-build/tmp/work/x86_64-linux/libtool-native/2.4.7-r0/recipe-sysroot-native/usr/lib:/lib:/lib64:/usr/lib:/usr/lib64"
| #define HAVE_LIBDL 1
| #define HAVE_DLERROR 1
| #define HAVE_LIBDLLOADER 1
| #define HAVE_ARGZ_H 1
| #define HAVE_ERROR_T 1
| #define HAVE_ARGZ_ADD 1
| #define HAVE_ARGZ_APPEND 1
| #define HAVE_ARGZ_COUNT 1
| #define HAVE_ARGZ_CREATE_SEP 1
| #define HAVE_ARGZ_INSERT 1
| #define HAVE_ARGZ_NEXT 1
| #define HAVE_ARGZ_STRINGIFY 1
| #define HAVE_WORKING_ARGZ 1
| #define HAVE_PRELOADED_SYMBOLS 1
| #define HAVE_UNISTD_H 1
| #define HAVE_DIRENT_H 1
| #define HAVE_CLOSEDIR 1
| #define HAVE_OPENDIR 1
| #define HAVE_READDIR 1
| #define LT_LIBEXT "a"
| #define LT_LIBPREFIX "lib"
| /* end confdefs.h.  */
| #include <ac_nonexistent.h>
configure:16109: result: g++  -E
configure:16123: g++  -E -isystem/home/ubuntu/yocto/rpi-build/tmp/work/x86_64-linux/libtool-native/2.4.7-r0/recipe-sysroot-native/usr/include conftest.cpp
configure:16123: $? = 0
configure:16138: g++  -E -isystem/home/ubuntu/yocto/rpi-build/tmp/work/x86_64-linux/libtool-native/2.4.7-r0/recipe-sysroot-native/usr/include conftest.cpp
conftest.cpp:47:10: fatal error: ac_nonexistent.h: No such file or directory
   47 | #include <ac_nonexistent.h>
      |          ^~~~~~~~~~~~~~~~~~
compilation terminated.
configure:16138: $? = 1
configure: failed program was:
| /* confdefs.h */
| #define PACKAGE_NAME "GNU Libtool"
| #define PACKAGE_TARNAME "libtool"
| #define PACKAGE_VERSION "2.4.7"
| #define PACKAGE_STRING "GNU Libtool 2.4.7"
| #define PACKAGE_BUGREPORT "bug-libtool@gnu.org"
| #define PACKAGE_URL "https://www.gnu.org/software/libtool/"
| #define PACKAGE "libtool"
| #define VERSION "2.4.7"
| #define HAVE_STDIO_H 1
| #define HAVE_STDLIB_H 1
| #define HAVE_STRING_H 1
| #define HAVE_INTTYPES_H 1
| #define HAVE_STDINT_H 1
| #define HAVE_STRINGS_H 1
| #define HAVE_SYS_STAT_H 1
| #define HAVE_SYS_TYPES_H 1
| #define HAVE_UNISTD_H 1
| #define STDC_HEADERS 1
| #define HAVE_DLFCN_H 1
| #define LT_OBJDIR ".libs/"
| #define LT_MODULE_EXT ".so"
| #define LT_MODULE_PATH_VAR "LD_LIBRARY_PATH"
| #define LT_DLSEARCH_PATH "/home/ubuntu/yocto/rpi-build/tmp/work/x86_64-linux/libtool-native/2.4.7-r0/recipe-sysroot-native/usr/lib:/home/ubuntu/yocto/rpi-build/tmp/work/x86_64-linux/libtool-native/2.4.7-r0/recipe-sysroot-native/usr/lib:/lib:/lib64:/usr/lib:/usr/lib64"
| #define HAVE_LIBDL 1
| #define HAVE_DLERROR 1
| #define HAVE_LIBDLLOADER 1
| #define HAVE_ARGZ_H 1
| #define HAVE_ERROR_T 1
| #define HAVE_ARGZ_ADD 1
| #define HAVE_ARGZ_APPEND 1
| #define HAVE_ARGZ_COUNT 1
| #define HAVE_ARGZ_CREATE_SEP 1
| #define HAVE_ARGZ_INSERT 1
| #define HAVE_ARGZ_NEXT 1
| #define HAVE_ARGZ_STRINGIFY 1
| #define HAVE_WORKING_ARGZ 1
| #define HAVE_PRELOADED_SYMBOLS 1
| #define HAVE_UNISTD_H 1
| #define HAVE_DIRENT_H 1
| #define HAVE_CLOSEDIR 1
| #define HAVE_OPENDIR 1
| #define HAVE_READDIR 1
| #define LT_LIBEXT "a"
| #define LT_LIBPREFIX "lib"
| /* end confdefs.h.  */
| #include <ac_nonexistent.h>
configure:16303: checking for ld used by g++ 
configure:16371: result: ld  -m elf_x86_64
configure:16378: checking if the linker (ld  -m elf_x86_64) is GNU ld
configure:16394: result: yes
configure:16449: checking whether the g++  linker (ld  -m elf_x86_64) supports shared libraries
configure:17527: result: yes
configure:17563: g++  -c -isystem/home/ubuntu/yocto/rpi-build/tmp/work/x86_64-linux/libtool-native/2.4.7-r0/recipe-sysroot-native/usr/include -O2 -pipe -isystem/home/ubuntu/yocto/rpi-build/tmp/work/x86_64-linux/libtool-native/2.4.7-r0/recipe-sysroot-native/usr/include conftest.cpp >&5
configure:17566: $? = 0
configure:18047: checking for g++  option to produce PIC
configure:18055: result: -fPIC -DPIC
configure:18063: checking if g++  PIC flag -fPIC -DPIC works
configure:18082: g++  -c -isystem/home/ubuntu/yocto/rpi-build/tmp/work/x86_64-linux/libtool-native/2.4.7-r0/recipe-sysroot-native/usr/include -O2 -pipe -isystem/home/ubuntu/yocto/rpi-build/tmp/work/x86_64-linux/libtool-native/2.4.7-r0/recipe-sysroot-native/usr/include -fPIC -DPIC -DPIC conftest.cpp >&5
configure:18086: $? = 0
configure:18099: result: yes
configure:18122: checking if g++  static flag -static works
configure:18151: result: yes
configure:18163: checking if g++  supports -c -o file.o
configure:18185: g++  -c -isystem/home/ubuntu/yocto/rpi-build/tmp/work/x86_64-linux/libtool-native/2.4.7-r0/recipe-sysroot-native/usr/include -O2 -pipe -isystem/home/ubuntu/yocto/rpi-build/tmp/work/x86_64-linux/libtool-native/2.4.7-r0/recipe-sysroot-native/usr/include -o out/conftest2.o conftest.cpp >&5
configure:18189: $? = 0
configure:18211: result: yes
configure:18216: checking if g++  supports -c -o file.o
configure:18264: result: yes
configure:18294: checking whether the g++  linker (ld  -m elf_x86_64) supports shared libraries
configure:18334: result: yes
configure:18476: checking dynamic linker characteristics
configure:19224: result: GNU/Linux ld.so
configure:19289: checking how to hardcode library paths into programs
configure:19314: result: immediate
configure:19363: checking for x86_64-linux-g77
configure:19398: result: no
configure:19363: checking for x86_64-linux-xlf
configure:19398: result: no
configure:19363: checking for x86_64-linux-f77
configure:19398: result: no
configure:19363: checking for x86_64-linux-frt
configure:19398: result: no
configure:19363: checking for x86_64-linux-pgf77
configure:19398: result: no
configure:19363: checking for x86_64-linux-cf77
configure:19398: result: no
configure:19363: checking for x86_64-linux-fort77
configure:19398: result: no
configure:19363: checking for x86_64-linux-fl32
configure:19398: result: no
configure:19363: checking for x86_64-linux-af77
configure:19398: result: no
configure:19363: checking for x86_64-linux-xlf90
configure:19398: result: no
configure:19363: checking for x86_64-linux-f90
configure:19398: result: no
configure:19363: checking for x86_64-linux-pgf90
configure:19398: result: no
configure:19363: checking for x86_64-linux-pghpf
configure:19398: result: no
configure:19363: checking for x86_64-linux-epcf90
configure:19398: result: no
configure:19363: checking for x86_64-linux-gfortran
configure:19398: result: no
configure:19363: checking for x86_64-linux-g95
configure:19398: result: no
configure:19363: checking for x86_64-linux-xlf95
configure:19398: result: no
configure:19363: checking for x86_64-linux-f95
configure:19398: result: no
configure:19363: checking for x86_64-linux-fort
configure:19398: result: no
configure:19363: checking for x86_64-linux-ifort
configure:19398: result: no
configure:19363: checking for x86_64-linux-ifc
configure:19398: result: no
configure:19363: checking for x86_64-linux-efc
configure:19398: result: no
configure:19363: checking for x86_64-linux-pgfortran
configure:19398: result: no
configure:19363: checking for x86_64-linux-pgf95
configure:19398: result: no
configure:19363: checking for x86_64-linux-lf95
configure:19398: result: no
configure:19363: checking for x86_64-linux-ftn
configure:19398: result: no
configure:19363: checking for x86_64-linux-nagfor
configure:19398: result: no
configure:19412: checking for g77
configure:19447: result: no
configure:19412: checking for xlf
configure:19447: result: no
configure:19412: checking for f77
configure:19447: result: no
configure:19412: checking for frt
configure:19447: result: no
configure:19412: checking for pgf77
configure:19447: result: no
configure:19412: checking for cf77
configure:19447: result: no
configure:19412: checking for fort77
configure:19447: result: no
configure:19412: checking for fl32
configure:19447: result: no
configure:19412: checking for af77
configure:19447: result: no
configure:19412: checking for xlf90
configure:19447: result: no
configure:19412: checking for f90
configure:19447: result: no
configure:19412: checking for pgf90
configure:19447: result: no
configure:19412: checking for pghpf
configure:19447: result: no
configure:19412: checking for epcf90
configure:19447: result: no
configure:19412: checking for gfortran
configure:19447: result: no
configure:19412: checking for g95
configure:19447: result: no
configure:19412: checking for xlf95
configure:19447: result: no
configure:19412: checking for f95
configure:19447: result: no
configure:19412: checking for fort
configure:19447: result: no
configure:19412: checking for ifort
configure:19447: result: no
configure:19412: checking for ifc
configure:19447: result: no
configure:19412: checking for efc
configure:19447: result: no
configure:19412: checking for pgfortran
configure:19447: result: no
configure:19412: checking for pgf95
configure:19447: result: no
configure:19412: checking for lf95
configure:19447: result: no
configure:19412: checking for ftn
configure:19447: result: no
configure:19412: checking for nagfor
configure:19447: result: no
configure:19470: checking for Fortran 77 compiler version
configure:19479:  --version >&5
../libtool-2.4.7/configure: line 19481: --version: command not found
configure:19490: $? = 127
configure:19479:  -v >&5
../libtool-2.4.7/configure: line 19481: -v: command not found
configure:19490: $? = 127
configure:19479:  -V >&5
../libtool-2.4.7/configure: line 19481: -V: command not found
configure:19490: $? = 127
configure:19479:  -qversion >&5
../libtool-2.4.7/configure: line 19481: -qversion: command not found
configure:19490: $? = 127
configure:19499: checking whether the compiler supports GNU Fortran 77
configure:19513:  -c  conftest.F >&5
../libtool-2.4.7/configure: line 2119: -c: command not found
configure:19513: $? = 127
configure: failed program was:
|       program main
| #ifndef __GNUC__
|        choke me
| #endif
| 
|       end
configure:19523: result: no
configure:19531: checking whether  accepts -g
configure:19543:  -c -g conftest.f >&5
../libtool-2.4.7/configure: line 2119: -c: command not found
configure:19543: $? = 127
configure: failed program was:
|       program main
| 
|       end
configure:19552: result: no
configure:22549: checking for x86_64-linux-gfortran
configure:22581: result: gfortran 
configure:22656: checking for Fortran compiler version
configure:22665: gfortran  --version >&5
../libtool-2.4.7/configure: line 22667: gfortran: command not found
configure:22676: $? = 127
configure:22665: gfortran  -v >&5
../libtool-2.4.7/configure: line 22667: gfortran: command not found
configure:22676: $? = 127
configure:22665: gfortran  -V >&5
../libtool-2.4.7/configure: line 22667: gfortran: command not found
configure:22676: $? = 127
configure:22665: gfortran  -qversion >&5
../libtool-2.4.7/configure: line 22667: gfortran: command not found
configure:22676: $? = 127
configure:22685: checking whether the compiler supports GNU Fortran
configure:22699: gfortran  -c   conftest.F >&5
../libtool-2.4.7/configure: line 2205: gfortran: command not found
configure:22699: $? = 127
configure: failed program was:
|       program main
| #ifndef __GNUC__
|        choke me
| #endif
| 
|       end
configure:22709: result: no
configure:22717: checking whether gfortran  accepts -g
configure:22729: gfortran  -c -g  conftest.f >&5
../libtool-2.4.7/configure: line 2205: gfortran: command not found
configure:22729: $? = 127
configure: failed program was:
|       program main
| 
|       end
configure:22738: result: no
configure:22870: checking if libtool supports shared libraries
configure:22872: result: yes
configure:22875: checking whether to build shared libraries
configure:22899: result: yes
configure:22902: checking whether to build static libraries
configure:22906: result: no
configure:22940: gfortran  -c   conftest.f >&5
../libtool-2.4.7/configure: line 22941: gfortran: command not found
configure:22943: $? = 127
configure:23403: checking for gfortran  option to produce PIC
configure:23411: result: 
configure:23478: checking if gfortran  static flag  works
configure:23507: result: no
configure:23519: checking if gfortran  supports -c -o file.o
configure:23541: gfortran  -c  -o out/conftest2.o  conftest.f >&5
../libtool-2.4.7/configure: line 23542: gfortran: command not found
configure:23545: $? = 127
configure:23567: result: no
configure:23572: checking if gfortran  supports -c -o file.o
configure:23620: result: no
configure:23650: checking whether the gfortran  linker (ld  -m elf_x86_64) supports shared libraries
configure:24867: result: yes
configure:25009: checking dynamic linker characteristics
configure:25751: result: GNU/Linux ld.so
configure:25816: checking how to hardcode library paths into programs
configure:25841: result: immediate
configure:25877: checking for x86_64-linux-gccgo
configure:25912: result: no
configure:25922: checking for gccgo
configure:25957: result: no
configure:28124: checking for x86_64-linux-gcj
configure:28159: result: no
configure:28169: checking for gcj
configure:28204: result: no
configure:30372: checking for x86_64-linux-windres
configure:30407: result: no
configure:30417: checking for windres
configure:30452: result: no
configure:30592: checking for C compiler option to allow warnings
configure:30601: gcc  -isystem/home/ubuntu/yocto/rpi-build/tmp/work/x86_64-linux/libtool-native/2.4.7-r0/recipe-sysroot-native/usr/include -O2 -pipe -isystem/home/ubuntu/yocto/rpi-build/tmp/work/x86_64-linux/libtool-native/2.4.7-r0/recipe-sysroot-native/usr/include -c conftest.c 2>conftest1.err
configure:30604: $? = 0
configure:30607: gcc  -isystem/home/ubuntu/yocto/rpi-build/tmp/work/x86_64-linux/libtool-native/2.4.7-r0/recipe-sysroot-native/usr/include -O2 -pipe -isystem/home/ubuntu/yocto/rpi-build/tmp/work/x86_64-linux/libtool-native/2.4.7-r0/recipe-sysroot-native/usr/include -Wno-error -c conftest.c 2>conftest2.err
configure:30610: $? = 0
configure:30620: result: -Wno-error
configure:30630: checking for C++ compiler option to allow warnings
configure:30639: g++  -isystem/home/ubuntu/yocto/rpi-build/tmp/work/x86_64-linux/libtool-native/2.4.7-r0/recipe-sysroot-native/usr/include -O2 -pipe -isystem/home/ubuntu/yocto/rpi-build/tmp/work/x86_64-linux/libtool-native/2.4.7-r0/recipe-sysroot-native/usr/include -c conftest.cc 2>conftest1.err
configure:30642: $? = 0
configure:30645: g++  -isystem/home/ubuntu/yocto/rpi-build/tmp/work/x86_64-linux/libtool-native/2.4.7-r0/recipe-sysroot-native/usr/include -O2 -pipe -isystem/home/ubuntu/yocto/rpi-build/tmp/work/x86_64-linux/libtool-native/2.4.7-r0/recipe-sysroot-native/usr/include -Wno-error -c conftest.cc 2>conftest2.err
configure:30648: $? = 0
configure:30658: result: -Wno-error
configure:30701: gcc  -isystem/home/ubuntu/yocto/rpi-build/tmp/work/x86_64-linux/libtool-native/2.4.7-r0/recipe-sysroot-native/usr/include -O2 -pipe -isystem/home/ubuntu/yocto/rpi-build/tmp/work/x86_64-linux/libtool-native/2.4.7-r0/recipe-sysroot-native/usr/include -E conftest.c > conftest.out
configure:30704: $? = 0
configure:31007: creating ./config.status

## ---------------------- ##
## Running config.status. ##
## ---------------------- ##

This file was extended by GNU Libtool config.status 2.4.7, which was
generated by GNU Autoconf 2.71.  Invocation command line was

  CONFIG_FILES    = 
  CONFIG_HEADERS  = 
  CONFIG_LINKS    = 
  CONFIG_COMMANDS = 
  $ ./config.status 

on DESKTOP-CSPIOE3

config.status:1502: creating Makefile
config.status:1502: creating gnulib-tests/Makefile
config.status:1502: creating config.h
config.status:1728: linking ../libtool-2.4.7/GNUmakefile to GNUmakefile
config.status:1747: executing tests/atconfig commands
config.status:1747: executing depfiles commands
config.status:1747: executing libtool commands

## ---------------- ##
## Cache variables. ##
## ---------------- ##

ac_cv___va_copy=yes
ac_cv_af_unix_large_dgram=yes
ac_cv_alignof_char=1
ac_cv_alignof_dbind_pointer=8
ac_cv_alignof_dbind_struct=1
ac_cv_alignof_dbus_bool_t=4
ac_cv_alignof_dbus_int16_t=2
ac_cv_alignof_dbus_int32_t=4
ac_cv_alignof_dbus_int64_t=8
ac_cv_alignof_double=8
ac_cv_alignof_guint32=4
ac_cv_alignof_guint64=8
ac_cv_alignof_unsigned_long=8
ac_cv_buggy_getaddrinfo=no
ac_cv_build=x86_64-pc-linux-gnu
ac_cv_c_bigendian=no
ac_cv_c_compiler_gnu=yes
ac_cv_c_endian=little
ac_cv_c_littleendian=yes
ac_cv_c_undeclared_builtin_options='none needed'
ac_cv_check_sjlj=ssjlj
ac_cv_conv_longlong_to_float=yes
ac_cv_cxx_compiler_gnu=yes
ac_cv_env_CCC_set=
ac_cv_env_CCC_value=
ac_cv_env_CC_set=set
ac_cv_env_CC_value='gcc '
ac_cv_env_CFLAGS_set=set
ac_cv_env_CFLAGS_value='-isystem/home/ubuntu/yocto/rpi-build/tmp/work/x86_64-linux/libtool-native/2.4.7-r0/recipe-sysroot-native/usr/include -O2 -pipe'
ac_cv_env_CPPFLAGS_set=set
ac_cv_env_CPPFLAGS_value=-isystem/home/ubuntu/yocto/rpi-build/tmp/work/x86_64-linux/libtool-native/2.4.7-r0/recipe-sysroot-native/usr/include
ac_cv_env_CPP_set=set
ac_cv_env_CPP_value='gcc  -E'
ac_cv_env_CXXCPP_set=
ac_cv_env_CXXCPP_value=
ac_cv_env_CXXFLAGS_set=set
ac_cv_env_CXXFLAGS_value='-isystem/home/ubuntu/yocto/rpi-build/tmp/work/x86_64-linux/libtool-native/2.4.7-r0/recipe-sysroot-native/usr/include -O2 -pipe'
ac_cv_env_CXX_set=set
ac_cv_env_CXX_value='g++ '
ac_cv_env_F77_set=
ac_cv_env_F77_value=
ac_cv_env_FCFLAGS_set=
ac_cv_env_FCFLAGS_value=
ac_cv_env_FC_set=set
ac_cv_env_FC_value='gfortran '
ac_cv_env_FFLAGS_set=
ac_cv_env_FFLAGS_value=
ac_cv_env_LDFLAGS_set=set
ac_cv_env_LDFLAGS_value='-L/home/ubuntu/yocto/rpi-build/tmp/work/x86_64-linux/libtool-native/2.4.7-r0/recipe-sysroot-native/usr/lib                         -L/home/ubuntu/yocto/rpi-build/tmp/work/x86_64-linux/libtool-native/2.4.7-r0/recipe-sysroot-native/lib                         -Wl,--enable-new-dtags                         -Wl,-rpath-link,/home/ubuntu/yocto/rpi-build/tmp/work/x86_64-linux/libtool-native/2.4.7-r0/recipe-sysroot-native/usr/lib                         -Wl,-rpath-link,/home/ubuntu/yocto/rpi-build/tmp/work/x86_64-linux/libtool-native/2.4.7-r0/recipe-sysroot-native/lib                         -Wl,-rpath,/home/ubuntu/yocto/rpi-build/tmp/work/x86_64-linux/libtool-native/2.4.7-r0/recipe-sysroot-native/usr/lib                         -Wl,-rpath,/home/ubuntu/yocto/rpi-build/tmp/work/x86_64-linux/libtool-native/2.4.7-r0/recipe-sysroot-native/lib                         -Wl,-O1 -Wl,--allow-shlib-undefined -Wl,--dynamic-linker=/home/ubuntu/yocto/rpi-build/tmp/sysroots-uninative/x86_64-linux/lib/ld-linux-x86-64.so.2'
ac_cv_env_LIBS_set=
ac_cv_env_LIBS_value=
ac_cv_env_LT_SYS_LIBRARY_PATH_set=
ac_cv_env_LT_SYS_LIBRARY_PATH_value=
ac_cv_env_M4_set=
ac_cv_env_M4_value=
ac_cv_env_build_alias_set=set
ac_cv_env_build_alias_value=x86_64-linux
ac_cv_env_host_alias_set=set
ac_cv_env_host_alias_value=x86_64-linux
ac_cv_env_target_alias_set=set
ac_cv_env_target_alias_value=x86_64-linux
ac_cv_epoll_works=yes
ac_cv_f77_compiler_gnu=no
ac_cv_fc_compiler_gnu=no
ac_cv_file__dev_random=yes
ac_cv_file__dev_zero=yes
ac_cv_func___ashldi3=no
ac_cv_func___ashrdi3=no
ac_cv_func___bswapdi2=no
ac_cv_func___bswapsi2=no
ac_cv_func___lshrdi3=no
ac_cv_func___trampoline_setup=no
ac_cv_func___ucmpdi2=no
ac_cv_func___va_copy=yes
ac_cv_func__restgpr_14_x=no
ac_cv_func_argz_add=yes
ac_cv_func_argz_append=yes
ac_cv_func_argz_count=yes
ac_cv_func_argz_create_sep=yes
ac_cv_func_argz_insert=yes
ac_cv_func_argz_next=yes
ac_cv_func_argz_stringify=yes
ac_cv_func_calloc_0_nonnull=yes
ac_cv_func_chown_works=yes
ac_cv_func_closedir=yes
ac_cv_func_dlerror=yes
ac_cv_func_dlopen=yes
ac_cv_func_getaddrinfo=yes
ac_cv_func_getgrgid_r=yes
ac_cv_func_getgroups_works=yes
ac_cv_func_getpagesize=yes
ac_cv_func_getpgrp_void=yes
ac_cv_func_getpwuid_r=yes
ac_cv_func_lstat_dereferences_slashed_symlink=yes
ac_cv_func_lstat_empty_string_bug=no
ac_cv_func_malloc_0_nonnull=yes
ac_cv_func_malloc_works=yes
ac_cv_func_memcmp_working=yes
ac_cv_func_memcpy=yes
ac_cv_func_mmap_fixed_mapped=yes
ac_cv_func_opendir=yes
ac_cv_func_posix_getgrgid_r=yes
ac_cv_func_posix_getpwnam_r=yes
ac_cv_func_posix_getpwuid_r=yes
ac_cv_func_printf_unix98=yes
ac_cv_func_pthread_attr_getstack=yes
ac_cv_func_pthread_key_delete=yes
ac_cv_func_readdir=yes
ac_cv_func_realloc_0_nonnull=yes
ac_cv_func_realloc_works=yes
ac_cv_func_setgrent_void=yes
ac_cv_func_setpgrp_void=yes
ac_cv_func_setresuid=yes
ac_cv_func_setvbuf_reversed=no
ac_cv_func_shl_load=no
ac_cv_func_snprintf_c99=yes
ac_cv_func_stat_empty_string_bug=no
ac_cv_func_stat_ignores_trailing_slash=no
ac_cv_func_strerror=yes
ac_cv_func_strlcat=no
ac_cv_func_strlcpy=no
ac_cv_func_strtod=yes
ac_cv_func_utime_null=yes
ac_cv_func_va_copy=yes
ac_cv_func_vsnprintf_c99=yes
ac_cv_have_abstract_sockets=yes
ac_cv_have_decl_sys_siglist=no
ac_cv_have_long_long_format=yes
ac_cv_header_argz_h=yes
ac_cv_header_dirent_h=yes
ac_cv_header_dl_h=no
ac_cv_header_dld_h=no
ac_cv_header_dlfcn_h=yes
ac_cv_header_inttypes_h=yes
ac_cv_header_mach_o_dyld_h=no
ac_cv_header_stdint_h=yes
ac_cv_header_stdio_h=yes
ac_cv_header_stdlib_h=yes
ac_cv_header_string_h=yes
ac_cv_header_strings_h=yes
ac_cv_header_sys_dl_h=no
ac_cv_header_sys_stat_h=yes
ac_cv_header_sys_types_h=yes
ac_cv_header_unistd_h=yes
ac_cv_host=x86_64-pc-linux-gnu
ac_cv_lib_dld_dld_link=no
ac_cv_lib_dld_shl_load=no
ac_cv_lib_m_sin=yes
ac_cv_libnet_endianess=lil
ac_cv_linux_vers=2
ac_cv_need_trio=no
ac_cv_o_nonblock_inherited=no
ac_cv_objext=o
ac_cv_path_EGREP='grep -E'
ac_cv_path_FGREP='grep -F'
ac_cv_path_GREP=grep
ac_cv_path_M4=/home/ubuntu/yocto/rpi-build/tmp/work/x86_64-linux/libtool-native/2.4.7-r0/recipe-sysroot-native/usr/bin/m4
ac_cv_path_SED=sed
ac_cv_path_install='/home/ubuntu/yocto/rpi-build/tmp/hosttools/install -c'
ac_cv_path_lt_DD=/home/ubuntu/yocto/rpi-build/tmp/hosttools/dd
ac_cv_path_mkdir=/home/ubuntu/yocto/rpi-build/tmp/hosttools/mkdir
ac_cv_prog_AR=ar
ac_cv_prog_AWK=gawk
ac_cv_prog_CC='gcc '
ac_cv_prog_CPP='gcc  -E'
ac_cv_prog_CXXCPP='g++  -E'
ac_cv_prog_FC='gfortran '
ac_cv_prog_OBJDUMP=objdump
ac_cv_prog_RANLIB='ranlib -D'
ac_cv_prog_STRIP=strip
ac_cv_prog_ac_ct_FILECMD=file
ac_cv_prog_cc_c11=
ac_cv_prog_cc_g=yes
ac_cv_prog_cc_stdc=
ac_cv_prog_cxx_11=no
ac_cv_prog_cxx_cxx11=
ac_cv_prog_cxx_g=yes
ac_cv_prog_cxx_stdcxx=
ac_cv_prog_f77_g=no
ac_cv_prog_fc_g=no
ac_cv_prog_gnu_m4_debugfile=--debugfile
ac_cv_prog_gnu_m4_gnu=yes
ac_cv_prog_make_make_set=yes
ac_cv_search_dlopen='none required'
ac_cv_sizeof___int64=0
ac_cv_sizeof_char=1
ac_cv_sizeof_dev_t=8
ac_cv_sizeof_gid_t=4
ac_cv_sizeof_int=4
ac_cv_sizeof_long=8
ac_cv_sizeof_long_double=16
ac_cv_sizeof_long_int=8
ac_cv_sizeof_long_long=8
ac_cv_sizeof_pid_t=4
ac_cv_sizeof_short=2
ac_cv_sizeof_short_int=2
ac_cv_sizeof_size_t=8
ac_cv_sizeof_uid_t=4
ac_cv_sizeof_unsigned_int=4
ac_cv_sizeof_unsigned_long=8
ac_cv_sizeof_unsigned_short=2
ac_cv_sizeof_void_p=8
ac_cv_strerror_r_SUSv3=no
ac_cv_sys_restartable_syscalls=yes
ac_cv_type_error_t=yes
ac_cv_type_uid_t='{ac_cv_type_uid_t=yes}'
ac_cv_va_copy=yes
ac_cv_va_val_copy=no
am_cv_CC_dependencies_compiler_type=none
am_cv_CXX_dependencies_compiler_type=none
am_cv_func_iconv_works=yes
am_cv_func_working_getline=yes
am_cv_make_support_nested_variables=yes
am_cv_prog_cc_c_o=yes
am_cv_scanf_lld=yes
apr_cv_process_shared_works=no
apr_cv_tcp_nodelay_with_cork=yes
as_cv_unaligned_access=yes
bash_cv_dup2_broken=no
bash_cv_func_sigsetjmp=present
bash_cv_func_strcoll_broken=no
bash_cv_getcwd_calls_popen=no
bash_cv_getcwd_malloc=yes
bash_cv_getenv_redef=yes
bash_cv_have_mbstate_t=yes
bash_cv_job_control_missing=present
bash_cv_must_reinstall_sighandlers=no
bash_cv_opendir_not_robust=no
bash_cv_pgrp_pipe=no
bash_cv_printf_a_format=yes
bash_cv_sys_named_pipes=present
bash_cv_sys_siglist=no
bash_cv_type_rlimit=rlim_t
bash_cv_ulimit_maxfds=yes
bash_cv_under_sys_siglist=no
bash_cv_unusable_rtsigs=no
cvs_cv_func_printf_ptr=yes
db_cv_align_t='unsigned long long'
db_cv_alignp_t='unsigned long long'
db_cv_fcntl_f_setfd=yes
db_cv_path_ar=/usr/bin/ar
db_cv_path_chmod=/bin/chmod
db_cv_path_cp=/bin/cp
db_cv_path_ln=/bin/ln
db_cv_path_mkdir=/bin/mkdir
db_cv_path_ranlib=/usr/bin/ranlib
db_cv_path_rm=/bin/rm
db_cv_path_sh=/bin/sh
db_cv_path_strip=/usr/bin/strip
db_cv_sprintf_count=yes
fu_cv_sys_stat_statfs2_bsize=yes
gl_cv_c_amsterdam_compiler=no
gl_cv_cc_wallow=-Wno-error
gl_cv_compiler_check_decl_option=none
gl_cv_compiler_clang=no
gl_cv_cxx_wallow=-Wno-error
gl_cv_func_btowc_eof=yes
gl_cv_func_fstatat_zero_flag=yes
gl_cv_func_getcwd_abort_bug=no
gl_cv_func_getcwd_null=yes
gl_cv_func_getcwd_path_max=yes
gl_cv_func_link_follows_symlink=no
gl_cv_func_mbrtowc_incomplete_state=yes
gl_cv_func_mbrtowc_nul_retval=yes
gl_cv_func_mbrtowc_null_arg=yes
gl_cv_func_mbrtowc_retval=yes
gl_cv_func_mbrtowc_sanitycheck=yes
gl_cv_func_nanosleep='no (mishandles large arguments)'
gl_cv_func_sleep_works=yes
gl_cv_func_unlink_busy_text=yes
gl_cv_func_wcrtomb_retval=yes
gl_cv_func_wctob_works=yes
gl_cv_func_working_mkstemp=yes
gl_cv_func_working_mktime=yes
gl_cv_func_working_utimes=yes
gl_cv_have_proc_uptime=yes
gl_cv_header_working_fcntl_h=yes
gl_cv_pipes_are_fifos='yes (1)'
glib_cv___va_copy=yes
glib_cv_compliant_posix_memalign=1
glib_cv_has__inline=yes
glib_cv_has__inline__=yes
glib_cv_hasinline=yes
glib_cv_have_qsort_r=yes
glib_cv_long_long_format=ll
glib_cv_rtldglobal_broken=yes
glib_cv_sane_realloc=yes
glib_cv_sizeof_gmutex=40
glib_cv_sizeof_intmax_t=8
glib_cv_sizeof_ptrdiff_t=8
glib_cv_sizeof_size_t=8
glib_cv_sizeof_system_thread=8
glib_cv_stack_grows=no
glib_cv_strlcpy=no
glib_cv_sys_pthread_cond_timedwait_posix=yes
glib_cv_sys_pthread_getspecific_posix=yes
glib_cv_sys_pthread_mutex_trylock_posix=yes
glib_cv_uscore=no
glib_cv_va_copy=yes
glib_cv_va_val_copy=no
gt_cv_locale_fr=fr_FR
hw_cv_func_snprintf_c99=yes
hw_cv_func_vsnprintf_c99=yes
lf_cv_sane_realloc=yes
lftp_cv_va_val_copy=no
libltdl_cv_lib_dl_dlopen=yes
libltdl_cv_preloaded_symbols=yes
libltdl_cv_shlibext=.so
libltdl_cv_shrext=.so
lt_cv_ar_at_file=@
lt_cv_archive_cmds_need_lc=no
lt_cv_deplibs_check_method=pass_all
lt_cv_dlopen=dlopen
lt_cv_dlopen_libs=
lt_cv_dlopen_self=yes
lt_cv_dlopen_self_static=no
lt_cv_file_magic_cmd='$MAGIC_CMD'
lt_cv_file_magic_test_file=
lt_cv_ld_reload_flag=-r
lt_cv_module_path_var=LD_LIBRARY_PATH
lt_cv_nm_interface='BSD nm'
lt_cv_objdir=.libs
lt_cv_path_LD='ld '
lt_cv_path_LDCXX='ld  -m elf_x86_64'
lt_cv_path_NM=nm
lt_cv_path_mainfest_tool=no
lt_cv_prog_compiler_c_o=yes
lt_cv_prog_compiler_c_o_CXX=yes
lt_cv_prog_compiler_c_o_FC=no
lt_cv_prog_compiler_c_o_RC=yes
lt_cv_prog_compiler_pic='-fPIC -DPIC'
lt_cv_prog_compiler_pic_CXX='-fPIC -DPIC'
lt_cv_prog_compiler_pic_FC=
lt_cv_prog_compiler_pic_works=yes
lt_cv_prog_compiler_pic_works_CXX=yes
lt_cv_prog_compiler_rtti_exceptions=no
lt_cv_prog_compiler_static_works=yes
lt_cv_prog_compiler_static_works_CXX=yes
lt_cv_prog_compiler_static_works_FC=no
lt_cv_prog_gnu_ld=yes
lt_cv_prog_gnu_ldcxx=yes
lt_cv_sharedlib_from_linklib_cmd='printf %s\n'
lt_cv_shlibpath_overrides_runpath=yes
lt_cv_sys_argz_works=yes
lt_cv_sys_dlopen_deplibs=yes
lt_cv_sys_dlsearch_path='/home/ubuntu/yocto/rpi-build/tmp/work/x86_64-linux/libtool-native/2.4.7-r0/recipe-sysroot-native/usr/lib /home/ubuntu/yocto/rpi-build/tmp/work/x86_64-linux/libtool-native/2.4.7-r0/recipe-sysroot-native/usr/lib /lib /lib64 /usr/lib /usr/lib64'
lt_cv_sys_global_symbol_pipe='sed -n -e '\''s/^.*[	 ]\([ABCDGIRSTW][ABCDGIRSTW]*\)[	 ][	 ]*\([_A-Za-z][_A-Za-z0-9]*\)$/\1 \2 \2/p'\'' | sed '\''/ __gnu_lto/d'\'''
lt_cv_sys_global_symbol_to_c_name_address='sed -n -e '\''s/^: \(.*\) .*$/  {"\1", (void *) 0},/p'\'' -e '\''s/^[ABCDGIRSTW][ABCDGIRSTW]* .* \(.*\)$/  {"\1", (void *) \&\1},/p'\'''
lt_cv_sys_global_symbol_to_c_name_address_lib_prefix='sed -n -e '\''s/^: \(.*\) .*$/  {"\1", (void *) 0},/p'\'' -e '\''s/^[ABCDGIRSTW][ABCDGIRSTW]* .* \(lib.*\)$/  {"\1", (void *) \&\1},/p'\'' -e '\''s/^[ABCDGIRSTW][ABCDGIRSTW]* .* \(.*\)$/  {"lib\1", (void *) \&\1},/p'\'''
lt_cv_sys_global_symbol_to_cdecl='sed -n -e '\''s/^T .* \(.*\)$/extern int \1();/p'\'' -e '\''s/^[ABCDGIRSTW][ABCDGIRSTW]* .* \(.*\)$/extern char \1;/p'\'''
lt_cv_sys_global_symbol_to_import=
lt_cv_sys_lib_dlsearch_path_spec='/home/ubuntu/yocto/rpi-build/tmp/work/x86_64-linux/libtool-native/2.4.7-r0/recipe-sysroot-native/usr/lib /home/ubuntu/yocto/rpi-build/tmp/work/x86_64-linux/libtool-native/2.4.7-r0/recipe-sysroot-native/usr/lib /lib /lib64 /usr/lib /usr/lib64'
lt_cv_sys_max_cmd_len=1572864
lt_cv_sys_symbol_underscore=no
lt_cv_to_host_file_cmd=func_convert_file_noop
lt_cv_to_tool_file_cmd=func_convert_file_noop
lt_cv_truncate_bin='/home/ubuntu/yocto/rpi-build/tmp/hosttools/dd bs=4096 count=1'
mr_cv_target_elf=yes
nano_cv_func_regexec_segv_emptystr=no
nfsd_cv_broken_setfsuid=0
nfsd_cv_bsd_signals=yes
nfsd_cv_func_statfs=statfs2_bsize
rsync_cv_HAVE_C99_VSNPRINTF=yes
samba_cv_HAVE_IFACE_AIX=no
samba_cv_HAVE_IFACE_IFCONF=yes
samba_cv_HAVE_IFACE_IFREQ=yes
samba_cv_HAVE_IRIX_SPECIFIC_CAPABILITIES=no
samba_cv_HAVE_VA_COPY=yes
screen_cv_sys_bcopy_overlap=no
screen_cv_sys_fifo_broken_impl=yes
screen_cv_sys_fifo_usable=yes
screen_cv_sys_memcpy_overlap=no
screen_cv_sys_memmove_overlap=no
screen_cv_sys_select_broken_retval=no
screen_cv_sys_sockets_nofs=no
screen_cv_sys_sockets_usable=yes
screen_cv_sys_terminfo_used=yes
shadow_cv_logdir=/home/ubuntu/yocto/rpi-build/tmp/work/x86_64-linux/libtool-native/2.4.7-r0/recipe-sysroot-native/var/log
shadow_cv_maildir=/home/ubuntu/yocto/rpi-build/tmp/work/x86_64-linux/libtool-native/2.4.7-r0/recipe-sysroot-native/var/spool/mail
shadow_cv_mailfile=Mailbox
shadow_cv_passwd_dir=/home/ubuntu/yocto/rpi-build/tmp/work/x86_64-linux/libtool-native/2.4.7-r0/recipe-sysroot-native/usr/bin
shadow_cv_utmpdir=/home/ubuntu/yocto/rpi-build/tmp/work/x86_64-linux/libtool-native/2.4.7-r0/recipe-sysroot-native/var/run
slrn_cv_va_val_copy=no
sudo_cv_func_unsetenv_void=no
tcl_cv_api_serial=termios
utils_cv_sys_open_max=1015
xorg_cv_malloc0_returns_null=yes

## ----------------- ##
## Output variables. ##
## ----------------- ##

ACLOCAL='${SHELL} '\''/home/ubuntu/yocto/rpi-build/tmp/work/x86_64-linux/libtool-native/2.4.7-r0/libtool-2.4.7/build-aux/missing'\'' aclocal-1.16'
AMDEPBACKSLASH=''
AMDEP_FALSE=''
AMDEP_TRUE='#'
AMTAR='$${TAR-tar}'
AM_BACKSLASH='\'
AM_DEFAULT_V='$(AM_DEFAULT_VERBOSITY)'
AM_DEFAULT_VERBOSITY='1'
AM_V='$(V)'
AR='ar'
ARFLAGS='cr'
AS='as '
AUTOCONF='${SHELL} '\''/home/ubuntu/yocto/rpi-build/tmp/work/x86_64-linux/libtool-native/2.4.7-r0/libtool-2.4.7/build-aux/missing'\'' autoconf'
AUTOHEADER='${SHELL} '\''/home/ubuntu/yocto/rpi-build/tmp/work/x86_64-linux/libtool-native/2.4.7-r0/libtool-2.4.7/build-aux/missing'\'' autoheader'
AUTOM4TE='autom4te'
AUTOMAKE='${SHELL} '\''/home/ubuntu/yocto/rpi-build/tmp/work/x86_64-linux/libtool-native/2.4.7-r0/libtool-2.4.7/build-aux/missing'\'' automake-1.16'
AUTOTEST='$(AUTOM4TE) --language=autotest'
AWK='gawk'
CC='gcc '
CCDEPMODE='depmode=none'
CFLAGS='-isystem/home/ubuntu/yocto/rpi-build/tmp/work/x86_64-linux/libtool-native/2.4.7-r0/recipe-sysroot-native/usr/include -O2 -pipe'
CONFIG_INCLUDE='config.h'
CONFIG_STATUS_DEPENDENCIES='$(top_srcdir)/.version'
CONVENIENCE_LTDL_FALSE=''
CONVENIENCE_LTDL_TRUE='#'
CPP='gcc  -E'
CPPFLAGS='-isystem/home/ubuntu/yocto/rpi-build/tmp/work/x86_64-linux/libtool-native/2.4.7-r0/recipe-sysroot-native/usr/include'
CSCOPE='cscope'
CTAGS='ctags'
CXX='g++ '
CXXCPP='g++  -E'
CXXDEPMODE='depmode=none'
CXXFLAGS='-isystem/home/ubuntu/yocto/rpi-build/tmp/work/x86_64-linux/libtool-native/2.4.7-r0/recipe-sysroot-native/usr/include -O2 -pipe'
CYGPATH_W='echo'
DEFS='-DHAVE_CONFIG_H'
DEPDIR='.deps'
DLLTOOL='false'
DSYMUTIL=''
DUMPBIN=''
ECHO_C=''
ECHO_N='-n'
ECHO_T=''
EGREP='grep -E'
ETAGS='etags'
EXEEXT=''
F77=''
FC='gfortran '
FCFLAGS=''
FFLAGS=''
FGREP='grep -F'
FILECMD='file'
GCJ=''
GCJFLAGS='-g -O2'
GL_CFLAG_ALLOW_WARNINGS='-Wno-error'
GL_CFLAG_GNULIB_WARNINGS=' -Wno-cast-qual -Wno-conversion -Wno-float-equal -Wno-sign-compare -Wno-undef -Wno-unused-function -Wno-unused-parameter -Wno-float-conversion -Wimplicit-fallthrough -Wno-pedantic -Wno-sign-conversion -Wno-type-limits -Wno-unsuffixed-float-constants'
GL_COND_LIBTOOL_FALSE='#'
GL_COND_LIBTOOL_TRUE=''
GL_CXXFLAG_ALLOW_WARNINGS='-Wno-error'
GL_LIBOBJDEPS=''
GL_LIBOBJS=''
GL_LTLIBOBJS=''
GLtests_LIBOBJDEPS=''
GLtests_LIBOBJS=''
GLtests_LTLIBOBJS=''
GLtests_WITNESS='IN_LIBTOOL_GNULIB_TESTS'
GOC=''
GREP='grep'
HELP2MAN='${SHELL} '\''/home/ubuntu/yocto/rpi-build/tmp/work/x86_64-linux/libtool-native/2.4.7-r0/libtool-2.4.7/build-aux/missing'\'' help2man'
INSTALL_DATA='${INSTALL} -m 644'
INSTALL_LTDL_FALSE='#'
INSTALL_LTDL_TRUE=''
INSTALL_PROGRAM='${INSTALL}'
INSTALL_SCRIPT='${INSTALL}'
INSTALL_STRIP_PROGRAM='$(install_sh) -c -s'
LD='ld  -m elf_x86_64'
LDFLAGS='-L/home/ubuntu/yocto/rpi-build/tmp/work/x86_64-linux/libtool-native/2.4.7-r0/recipe-sysroot-native/usr/lib                         -L/home/ubuntu/yocto/rpi-build/tmp/work/x86_64-linux/libtool-native/2.4.7-r0/recipe-sysroot-native/lib                         -Wl,--enable-new-dtags                         -Wl,-rpath-link,/home/ubuntu/yocto/rpi-build/tmp/work/x86_64-linux/libtool-native/2.4.7-r0/recipe-sysroot-native/usr/lib                         -Wl,-rpath-link,/home/ubuntu/yocto/rpi-build/tmp/work/x86_64-linux/libtool-native/2.4.7-r0/recipe-sysroot-native/lib                         -Wl,-rpath,/home/ubuntu/yocto/rpi-build/tmp/work/x86_64-linux/libtool-native/2.4.7-r0/recipe-sysroot-native/usr/lib                         -Wl,-rpath,/home/ubuntu/yocto/rpi-build/tmp/work/x86_64-linux/libtool-native/2.4.7-r0/recipe-sysroot-native/lib                         -Wl,-O1 -Wl,--allow-shlib-undefined -Wl,--dynamic-linker=/home/ubuntu/yocto/rpi-build/tmp/sysroots-uninative/x86_64-linux/lib/ld-linux-x86-64.so.2'
LIBADD_DL=' '
LIBADD_DLD_LINK=''
LIBADD_DLOPEN=''
LIBADD_SHL_LOAD=''
LIBOBJS=' ${LIBOBJDIR}lt__strl$U.o'
LIBS=''
LIBTOOL='$(SHELL) $(top_builddir)/libtool'
LIPO=''
LN_S='ln -s'
LTDLOPEN='libltdl'
LTLIBOBJS=' ${LIBOBJDIR}lt__strl$U.lo'
LT_ARGZ_H=''
LT_CONFIG_H='config.h'
LT_DLLOADERS=' libltdl/dlopen.la'
LT_DLPREOPEN='-dlpreopen libltdl/dlopen.la '
LT_SYS_LIBRARY_PATH=''
M4='/home/ubuntu/yocto/rpi-build/tmp/work/x86_64-linux/libtool-native/2.4.7-r0/recipe-sysroot-native/usr/bin/m4'
M4_DEBUGFILE='--debugfile'
M4_GNU='--gnu'
MAKEINFO='${SHELL} '\''/home/ubuntu/yocto/rpi-build/tmp/work/x86_64-linux/libtool-native/2.4.7-r0/libtool-2.4.7/build-aux/missing'\'' makeinfo'
MANIFEST_TOOL=':'
MKDIR_P='/home/ubuntu/yocto/rpi-build/tmp/hosttools/mkdir -p'
NM='nm'
NMEDIT=''
OBJDUMP='objdump'
OBJEXT='o'
OTOOL64=''
OTOOL=''
PACKAGE='libtool'
PACKAGE_BUGREPORT='bug-libtool@gnu.org'
PACKAGE_NAME='GNU Libtool'
PACKAGE_STRING='GNU Libtool 2.4.7'
PACKAGE_TARNAME='libtool'
PACKAGE_URL='https://www.gnu.org/software/libtool/'
PACKAGE_VERSION='2.4.7'
PATH_SEPARATOR=':'
RANLIB='ranlib -D'
RC=''
SED='sed'
SET_MAKE=''
SHELL='/bin/bash'
STRIP='strip'
VERSION='2.4.7'
abs_aux_dir='/home/ubuntu/yocto/rpi-build/tmp/work/x86_64-linux/libtool-native/2.4.7-r0/libtool-2.4.7/build-aux'
ac_ct_AR=''
ac_ct_CC=''
ac_ct_CXX=''
ac_ct_DUMPBIN=''
ac_ct_F77=''
ac_ct_FC=''
aclocaldir='$(datadir)/aclocal'
am__EXEEXT_FALSE=''
am__EXEEXT_TRUE='#'
am__fastdepCC_FALSE=''
am__fastdepCC_TRUE='#'
am__fastdepCXX_FALSE=''
am__fastdepCXX_TRUE='#'
am__include='include'
am__isrc=' -I$(srcdir)'
am__leading_dot='.'
am__nodep=''
am__quote=''
am__tar='$${TAR-tar} chof - "$$tardir"'
am__untar='$${TAR-tar} xf -'
aux_dir='build-aux'
bindir='/home/ubuntu/yocto/rpi-build/tmp/work/x86_64-linux/libtool-native/2.4.7-r0/recipe-sysroot-native/usr/bin'
build='x86_64-pc-linux-gnu'
build_alias='x86_64-linux'
build_cpu='x86_64'
build_os='linux-gnu'
build_vendor='pc'
datadir='/home/ubuntu/yocto/rpi-build/tmp/work/x86_64-linux/libtool-native/2.4.7-r0/recipe-sysroot-native/usr/share'
datarootdir='${prefix}/share'
docdir='${datarootdir}/doc/${PACKAGE_TARNAME}'
dvidir='${docdir}'
exec_prefix='/home/ubuntu/yocto/rpi-build/tmp/work/x86_64-linux/libtool-native/2.4.7-r0/recipe-sysroot-native/usr'
host='x86_64-pc-linux-gnu'
host_alias='x86_64-linux'
host_cpu='x86_64'
host_os='linux-gnu'
host_vendor='pc'
htmldir='${docdir}'
includedir='/home/ubuntu/yocto/rpi-build/tmp/work/x86_64-linux/libtool-native/2.4.7-r0/recipe-sysroot-native/usr/include'
infodir='/home/ubuntu/yocto/rpi-build/tmp/work/x86_64-linux/libtool-native/2.4.7-r0/recipe-sysroot-native/usr/share/info'
install_sh='${SHELL} /home/ubuntu/yocto/rpi-build/tmp/work/x86_64-linux/libtool-native/2.4.7-r0/libtool-2.4.7/build-aux/install-sh'
libdir='/home/ubuntu/yocto/rpi-build/tmp/work/x86_64-linux/libtool-native/2.4.7-r0/recipe-sysroot-native/usr/lib'
libexecdir='/home/ubuntu/yocto/rpi-build/tmp/work/x86_64-linux/libtool-native/2.4.7-r0/recipe-sysroot-native/usr/libexec'
localedir='${datarootdir}/locale'
localstatedir='/home/ubuntu/yocto/rpi-build/tmp/work/x86_64-linux/libtool-native/2.4.7-r0/recipe-sysroot-native/var'
ltdl_dir='libltdl'
macro_dir='m4'
mandir='/home/ubuntu/yocto/rpi-build/tmp/work/x86_64-linux/libtool-native/2.4.7-r0/recipe-sysroot-native/usr/share/man'
mkdir_p='$(MKDIR_P)'
oldincludedir='/home/ubuntu/yocto/rpi-build/tmp/work/x86_64-linux/libtool-native/2.4.7-r0/recipe-sysroot-native/usr/include'
package_revision='UNKNOWN'
pdfdir='${docdir}'
pkgaux_scripts='compile config.guess config.sub depcomp install-sh missing'
pkgdatadir='$(datadir)/libtool'
prefix='/home/ubuntu/yocto/rpi-build/tmp/work/x86_64-linux/libtool-native/2.4.7-r0/recipe-sysroot-native/usr'
program_transform_name='s,x,x,'
psdir='${docdir}'
runstatedir='${localstatedir}/run'
sbindir='/home/ubuntu/yocto/rpi-build/tmp/work/x86_64-linux/libtool-native/2.4.7-r0/recipe-sysroot-native/usr/sbin'
sharedstatedir='/home/ubuntu/yocto/rpi-build/tmp/work/x86_64-linux/libtool-native/2.4.7-r0/recipe-sysroot-native/com'
sys_symbol_underscore='no'
sysconfdir='/home/ubuntu/yocto/rpi-build/tmp/work/x86_64-linux/libtool-native/2.4.7-r0/recipe-sysroot-native/etc'
target_alias='x86_64-linux'
to_host_file_cmd='func_convert_file_noop'
to_tool_file_cmd='func_convert_file_noop'
with_aix_soname='aix'

## ----------- ##
## confdefs.h. ##
## ----------- ##

/* confdefs.h */
#define PACKAGE_NAME "GNU Libtool"
#define PACKAGE_TARNAME "libtool"
#define PACKAGE_VERSION "2.4.7"
#define PACKAGE_STRING "GNU Libtool 2.4.7"
#define PACKAGE_BUGREPORT "bug-libtool@gnu.org"
#define PACKAGE_URL "https://www.gnu.org/software/libtool/"
#define PACKAGE "libtool"
#define VERSION "2.4.7"
#define HAVE_STDIO_H 1
#define HAVE_STDLIB_H 1
#define HAVE_STRING_H 1
#define HAVE_INTTYPES_H 1
#define HAVE_STDINT_H 1
#define HAVE_STRINGS_H 1
#define HAVE_SYS_STAT_H 1
#define HAVE_SYS_TYPES_H 1
#define HAVE_UNISTD_H 1
#define STDC_HEADERS 1
#define HAVE_DLFCN_H 1
#define LT_OBJDIR ".libs/"
#define LT_MODULE_EXT ".so"
#define LT_MODULE_PATH_VAR "LD_LIBRARY_PATH"
#define LT_DLSEARCH_PATH "/home/ubuntu/yocto/rpi-build/tmp/work/x86_64-linux/libtool-native/2.4.7-r0/recipe-sysroot-native/usr/lib:/home/ubuntu/yocto/rpi-build/tmp/work/x86_64-linux/libtool-native/2.4.7-r0/recipe-sysroot-native/usr/lib:/lib:/lib64:/usr/lib:/usr/lib64"
#define HAVE_LIBDL 1
#define HAVE_DLERROR 1
#define HAVE_LIBDLLOADER 1
#define HAVE_ARGZ_H 1
#define HAVE_ERROR_T 1
#define HAVE_ARGZ_ADD 1
#define HAVE_ARGZ_APPEND 1
#define HAVE_ARGZ_COUNT 1
#define HAVE_ARGZ_CREATE_SEP 1
#define HAVE_ARGZ_INSERT 1
#define HAVE_ARGZ_NEXT 1
#define HAVE_ARGZ_STRINGIFY 1
#define HAVE_WORKING_ARGZ 1
#define HAVE_PRELOADED_SYMBOLS 1
#define HAVE_UNISTD_H 1
#define HAVE_DIRENT_H 1
#define HAVE_CLOSEDIR 1
#define HAVE_OPENDIR 1
#define HAVE_READDIR 1
#define LT_LIBEXT "a"
#define LT_LIBPREFIX "lib"

configure: exit 0

## ---------------------- ##
## Running config.status. ##
## ---------------------- ##

This file was extended by GNU Libtool config.status 2.4.7, which was
generated by GNU Autoconf 2.71.  Invocation command line was

  CONFIG_FILES    = 
  CONFIG_HEADERS  = 
  CONFIG_LINKS    = 
  CONFIG_COMMANDS = 
  $ ./config.status 

on DESKTOP-CSPIOE3

config.status:1502: creating Makefile
config.status:1502: creating gnulib-tests/Makefile
config.status:1502: creating config.h
config.status:1668: config.h is unchanged
config.status:1728: linking ../libtool-2.4.7/GNUmakefile to GNUmakefile
config.status:1747: executing tests/atconfig commands
config.status:1747: executing depfiles commands
config.status:1747: executing libtool commands
