This file contains any messages produced by compilers while
running configure, to aid debugging if configure makes a mistake.

It was created by configure, which was
generated by GNU Autoconf 2.52.20210509.  Invocation command line was

  $ ../../git/configure --build=x86_64-linux --host=x86_64-linux --target=x86_64-linux --prefix=/home/ubuntu/yocto/rpi-build/tmp/work/x86_64-linux/ncurses-native/6.3+20220423-r0/recipe-sysroot-native/usr --exec_prefix=/home/ubuntu/yocto/rpi-build/tmp/work/x86_64-linux/ncurses-native/6.3+20220423-r0/recipe-sysroot-native/usr --bindir=/home/ubuntu/yocto/rpi-build/tmp/work/x86_64-linux/ncurses-native/6.3+20220423-r0/recipe-sysroot-native/usr/bin --sbindir=/home/ubuntu/yocto/rpi-build/tmp/work/x86_64-linux/ncurses-native/6.3+20220423-r0/recipe-sysroot-native/usr/sbin --libexecdir=/home/ubuntu/yocto/rpi-build/tmp/work/x86_64-linux/ncurses-native/6.3+20220423-r0/recipe-sysroot-native/usr/libexec --datadir=/home/ubuntu/yocto/rpi-build/tmp/work/x86_64-linux/ncurses-native/6.3+20220423-r0/recipe-sysroot-native/usr/share --sysconfdir=/home/ubuntu/yocto/rpi-build/tmp/work/x86_64-linux/ncurses-native/6.3+20220423-r0/recipe-sysroot-native/etc --sharedstatedir=/home/ubuntu/yocto/rpi-build/tmp/work/x86_64-linux/ncurses-native/6.3+20220423-r0/recipe-sysroot-native/com --localstatedir=/home/ubuntu/yocto/rpi-build/tmp/work/x86_64-linux/ncurses-native/6.3+20220423-r0/recipe-sysroot-native/var --libdir=/home/ubuntu/yocto/rpi-build/tmp/work/x86_64-linux/ncurses-native/6.3+20220423-r0/recipe-sysroot-native/usr/lib --includedir=/home/ubuntu/yocto/rpi-build/tmp/work/x86_64-linux/ncurses-native/6.3+20220423-r0/recipe-sysroot-native/usr/include --oldincludedir=/home/ubuntu/yocto/rpi-build/tmp/work/x86_64-linux/ncurses-native/6.3+20220423-r0/recipe-sysroot-native/usr/include --infodir=/home/ubuntu/yocto/rpi-build/tmp/work/x86_64-linux/ncurses-native/6.3+20220423-r0/recipe-sysroot-native/usr/share/info --mandir=/home/ubuntu/yocto/rpi-build/tmp/work/x86_64-linux/ncurses-native/6.3+20220423-r0/recipe-sysroot-native/usr/share/man --disable-silent-rules --disable-dependency-tracking --with-abi-version=5 --disable-static --without-debug --without-ada --without-gpm --enable-hard-tabs --enable-xmc-glitch --enable-colorfgbg --with-termpath=/home/ubuntu/yocto/rpi-build/tmp/work/x86_64-linux/ncurses-native/6.3+20220423-r0/recipe-sysroot-native/etc/termcap:/home/ubuntu/yocto/rpi-build/tmp/work/x86_64-linux/ncurses-native/6.3+20220423-r0/recipe-sysroot-native/usr/share/misc/termcap:/etc/termcap:/usr/share/misc/termcap --with-terminfo-dirs=/home/ubuntu/yocto/rpi-build/tmp/work/x86_64-linux/ncurses-native/6.3+20220423-r0/recipe-sysroot-native/etc/terminfo:/home/ubuntu/yocto/rpi-build/tmp/work/x86_64-linux/ncurses-native/6.3+20220423-r0/recipe-sysroot-native/usr/share/terminfo:/etc/terminfo:/usr/share/terminfo:/usr/share/misc/terminfo:/lib/terminfo --with-shared --disable-big-core --program-prefix= --with-ticlib --with-termlib=tinfo --enable-sigwinch --enable-pc-files --disable-rpath-hack --disable-lp64 --with-chtype=long --with-mmask-t=long --without-normal --with-manpage-format=normal --without-manpage-renames --disable-stripping

## ---------- ##
## Platform.  ##
## ---------- ##

hostname = DESKTOP-CSPIOE3
uname -m = x86_64
uname -r = 6.6.87.2-microsoft-standard-WSL2
uname -s = Linux
uname -v = #1 SMP PREEMPT_DYNAMIC Thu Jun  5 18:30:46 UTC 2025

/usr/bin/uname -p = x86_64
/bin/uname -X     = unknown

/bin/arch              = x86_64
/usr/bin/arch -k       = unknown
/usr/convex/getsysinfo = unknown
hostinfo               = unknown
/bin/machine           = unknown
/usr/bin/oslevel       = unknown
/bin/universe          = unknown

PATH = /home/ubuntu/yocto/poky/scripts/native-intercept:/home/ubuntu/yocto/rpi-build/tmp/sysroots-uninative/x86_64-linux/usr/bin:/home/ubuntu/yocto/poky/scripts:/home/ubuntu/yocto/rpi-build/tmp/work/x86_64-linux/ncurses-native/6.3+20220423-r0/recipe-sysroot-native/usr/bin/x86_64-linux:/home/ubuntu/yocto/rpi-build/tmp/work/x86_64-linux/ncurses-native/6.3+20220423-r0/recipe-sysroot-native/usr/bin:/home/ubuntu/yocto/rpi-build/tmp/work/x86_64-linux/ncurses-native/6.3+20220423-r0/recipe-sysroot-native/usr/sbin:/home/ubuntu/yocto/rpi-build/tmp/work/x86_64-linux/ncurses-native/6.3+20220423-r0/recipe-sysroot-native/usr/bin:/home/ubuntu/yocto/rpi-build/tmp/work/x86_64-linux/ncurses-native/6.3+20220423-r0/recipe-sysroot-native/sbin:/home/ubuntu/yocto/rpi-build/tmp/work/x86_64-linux/ncurses-native/6.3+20220423-r0/recipe-sysroot-native/bin:/home/ubuntu/yocto/poky/bitbake/bin:/home/ubuntu/yocto/rpi-build/tmp/hosttools

## ------------ ##
## Core tests.  ##
## ------------ ##

configure:1071: loading site script /home/ubuntu/yocto/poky/meta/site/endian-little
ac_cv_c_littleendian=${ac_cv_c_littleendian=yes}
ac_cv_c_bigendian=${ac_cv_c_bigendian=no}

# libnet
ac_cv_libnet_endianess=${ac_cv_libnet_endianess=lil}

# libmemcached
ac_cv_c_endian=little
configure:1071: loading site script /home/ubuntu/yocto/poky/meta/site/common-linux
# gettext - these add sleep delays otherwise
gl_cv_func_sleep_works=${gl_cv_func_sleep_works=yes}
gl_cv_header_working_fcntl_h=${gl_cv_header_working_fcntl_h=yes}
# the euc-jp tests in iconv.m4 break elfutils and libunistring depending on the
# host locales installed. Avoid this by skipping the tests, we're not on HP-UX!
am_cv_func_iconv_works=${am_cv_func_iconv_works=yes}

# apr
ac_cv_file__dev_zero=${ac_cv_file__dev_zero=yes}
ac_cv_sizeof_pid_t=${ac_cv_sizeof_pid_t=4}
ac_cv_func_pthread_key_delete=${ac_cv_func_pthread_key_delete=yes}
apr_cv_tcp_nodelay_with_cork=${apr_cv_tcp_nodelay_with_cork=yes}
apr_cv_process_shared_works=${apr_cv_process_shared_works=no}

# samba
samba_cv_HAVE_IFACE_AIX=${samba_cv_HAVE_IFACE_AIX=no}
samba_cv_HAVE_IFACE_IFCONF=${samba_cv_HAVE_IFACE_IFCONF=yes}
samba_cv_HAVE_IFACE_IFREQ=${samba_cv_HAVE_IFACE_IFREQ=yes}
samba_cv_HAVE_IRIX_SPECIFIC_CAPABILITIES=${samba_cv_HAVE_IRIX_SPECIFIC_CAPABILITIES=no}

# db
db_cv_path_ar=${db_cv_path_ar=/usr/bin/ar}
db_cv_path_chmod=${db_cv_path_chmod=/bin/chmod}
db_cv_path_cp=${db_cv_path_cp=/bin/cp}
db_cv_path_ln=${db_cv_path_ln=/bin/ln}
db_cv_path_mkdir=${db_cv_path_mkdir=/bin/mkdir}
db_cv_path_ranlib=${db_cv_path_ranlib=/usr/bin/ranlib}
db_cv_path_rm=${db_cv_path_rm=/bin/rm}
db_cv_path_sh=${db_cv_path_sh=/bin/sh}
db_cv_path_strip=${db_cv_path_strip=/usr/bin/strip}

# bash
bash_cv_have_mbstate_t=${bash_cv_have_mbstate_t=yes}
bash_cv_must_reinstall_sighandlers=${bash_cv_must_reinstall_sighandlers=no}
bash_cv_func_strcoll_broken=${bash_cv_func_strcoll_broken=no}
bash_cv_dup2_broken=${bash_cv_dup2_broken=no}
bash_cv_opendir_not_robust=${bash_cv_opendir_not_robust=no}
bash_cv_type_rlimit=${bash_cv_type_rlimit=rlim_t}
bash_cv_getenv_redef=${bash_cv_getenv_redef=yes}
bash_cv_ulimit_maxfds=${bash_cv_ulimit_maxfds=yes}
bash_cv_getcwd_calls_popen=${bash_cv_getcwd_calls_popen=no}
bash_cv_printf_a_format=${bash_cv_printf_a_format=yes}
bash_cv_pgrp_pipe=${bash_cv_pgrp_pipe=no}
bash_cv_job_control_missing=${bash_cv_job_control_missing=present}
bash_cv_sys_named_pipes=${bash_cv_sys_named_pipes=present}
bash_cv_unusable_rtsigs=${bash_cv_unusable_rtsigs=no}

# ccache
hw_cv_func_snprintf_c99=${hw_cv_func_snprintf_c99=yes}
hw_cv_func_vsnprintf_c99=${hw_cv_func_vsnprintf_c99=yes}

# coreutils
ac_cv_func_chown_works=${ac_cv_func_chown_works=yes}
ac_cv_func_utime_null=${ac_cv_func_utime_null=yes}
gl_cv_func_fstatat_zero_flag=${gl_cv_func_fstatat_zero_flag=yes}
gl_cv_func_link_follows_symlink=${gl_cv_func_link_follows_symlink=no}
gl_cv_func_unlink_busy_text=${gl_cv_func_unlink_busy_text=yes}
gl_cv_have_proc_uptime=${gl_cv_have_proc_uptime=yes}
gl_cv_pipes_are_fifos=${gl_cv_pipes_are_fifos='yes (1)'}

# mysql
ac_cv_sys_restartable_syscalls=${ac_cv_sys_restartable_syscalls=yes}
ac_cv_conv_longlong_to_float=${ac_cv_conv_longlong_to_float=yes}

# TCL
tcl_cv_api_serial=${tcl_cv_api_serial=termios}

# python
ac_cv_have_long_long_format=yes

# apache
ac_cv_o_nonblock_inherited=${ac_cv_o_nonblock_inherited=no}

# rsync
rsync_cv_HAVE_C99_VSNPRINTF=${rsync_cv_HAVE_C99_VSNPRINTF=yes}
configure:1071: loading site script /home/ubuntu/yocto/poky/meta/site/common-glibc
# general
ac_cv_func_calloc_0_nonnull=${ac_cv_func_calloc_0_nonnull=yes}
ac_cv_func_realloc_works=${ac_cv_func_realloc_works=yes}
ac_cv_func_realloc_0_nonnull=${ac_cv_func_realloc_0_nonnull=yes}
ac_cv_func_malloc_works=${ac_cv_func_malloc_works=yes}
ac_cv_func_malloc_0_nonnull=${ac_cv_func_malloc_0_nonnull=yes}
ac_cv_func_memcmp_working=${ac_cv_func_memcmp_working=yes}
ac_cv_func_getpgrp_void=yes
ac_cv_func_setpgrp_void=yes
ac_cv_func_setgrent_void=yes
ac_cv_func_getgrgid_r=${ac_cv_func_getgrgid_r=yes}
ac_cv_func_getpwuid_r=${ac_cv_func_getpwuid_r=yes}
ac_cv_func_posix_getpwuid_r=${ac_cv_func_posix_getpwuid_r=yes}
ac_cv_func_posix_getgrgid_r=${ac_cv_func_posix_getgrgid_r=yes}
ac_cv_type_uid_t={ac_cv_type_uid_t=yes}
ac_cv_func_getaddrinfo=${ac_cv_func_getaddrinfo=yes}
ac_cv_func_strtod=${ac_cv_func_strtod=yes}

# bash
bash_cv_getcwd_malloc=${bash_cv_getcwd_malloc=yes}

# clamav
clamav_av_func_working_snprintf_long=${clamav_av_func_working_snprintf_long=yes}
clamav_av_have_in_port_t=${clamav_av_have_in_port_t=yes}
clamav_av_have_in_addr_t=${clamav_av_have_in_addr_t=yes}
ac_cv_func_mmap_fixed_mapped=${ac_cv_func_mmap_fixed_mapped=yes}

# coreutils
fu_cv_sys_stat_statfs2_bsize=${fu_cv_sys_stat_statfs2_bsize=yes}
gl_cv_func_getcwd_abort_bug=${gl_cv_func_getcwd_abort_bug=no}
gl_cv_func_getcwd_null=${gl_cv_func_getcwd_null=yes}
gl_cv_func_getcwd_path_max=${gl_cv_func_getcwd_path_max=yes}
ac_cv_func_getgroups_works=${ac_cv_func_getgroups_works=yes}
gl_cv_func_nanosleep=${gl_cv_func_nanosleep='no (mishandles large arguments)'}
gl_cv_func_working_mkstemp=${gl_cv_func_working_mkstemp=yes}
gl_cv_func_working_mktime=${gl_cv_func_working_mktime=yes}
gl_cv_func_working_utimes=${gl_cv_func_working_utimes=yes}

# glib
glib_cv_strlcpy=${glib_cv_strlcpy=no}
ac_cv_func_printf_unix98=${ac_cv_func_printf_unix98=yes}
ac_cv_func_snprintf_c99=${ac_cv_func_snprintf_c99=yes}
ac_cv_func_vsnprintf_c99=${ac_cv_func_vsnprintf_c99=yes}
glib_cv_compliant_posix_memalign=${glib_cv_compliant_posix_memalign=1}
glib_cv_long_long_format=${glib_cv_long_long_format=ll}
# glib-1.x requires this and pkgconfig-native / pkgconfig-nativesdk use
# that to avoid a dependency loop.
glib_cv___va_copy=${glib_cv___va_copy=yes}
glib_cv_va_copy=${glib_cv_va_copy=yes}
glib_cv_have_qsort_r=${glib_cv_have_qsort_r=yes}

#dbus-glib
ac_cv_have_abstract_sockets=${ac_cv_have_abstract_sockets=yes}

# gnucash
am_cv_scanf_lld=${am_cv_scanf_lld=yes}

# guile
ac_cv_func_pthread_attr_getstack=${ac_cv_func_pthread_attr_getstack=yes}

#gcc-zlib
ac_cv_func_getpagesize=${ac_cv_func_getpagesize=yes}
ac_cv_func_memcpy=${ac_cv_func_memcpy=yes}
ac_cv_func_strerror=${ac_cv_func_strerror=yes}

# squid
ac_cv_af_unix_large_dgram=${ac_cv_af_unix_large_dgram=yes}
ac_cv_func_setresuid=${ac_cv_func_setresuid=yes}
ac_cv_func_va_copy=${ac_cv_func_va_copy=yes}
ac_cv_func___va_copy=${ac_cv_func___va_copy=yes}
ac_cv_epoll_works=${ac_cv_epoll_works=yes}

ac_cv_check_sjlj=ssjlj

# m4
gt_cv_locale_fr=${gt_cv_locale_fr=fr_FR}
gl_cv_func_btowc_eof=${gl_cv_func_btowc_eof=yes}
gl_cv_func_wcrtomb_retval=${gl_cv_func_wcrtomb_retval=yes}
gl_cv_func_wctob_works=${gl_cv_func_wctob_works=yes}
gl_cv_func_mbrtowc_incomplete_state=${gl_cv_func_mbrtowc_incomplete_state=yes}
gl_cv_func_mbrtowc_sanitycheck=${gl_cv_func_mbrtowc_sanitycheck=yes}
gl_cv_func_mbrtowc_null_arg=${gl_cv_func_mbrtowc_null_arg=yes}
gl_cv_func_mbrtowc_retval=${gl_cv_func_mbrtowc_retval=yes}
gl_cv_func_mbrtowc_nul_retval=${gl_cv_func_mbrtowc_nul_retval=yes}

# va_copy and _va_copy
ac_cv_va_copy=${ac_cv_va_copy=yes}
ac_cv___va_copy=${ac_cv___va_copy=yes}
ac_cv_func_va_copy=${ac_cv_func_va_copy=yes}
ac_cv_func___va_copy=${ac_cv_func___va_copy=yes}

# Xorg
xorg_cv_malloc0_returns_null=${xorg_cv_malloc0_returns_null=yes}
configure:1071: loading site script /home/ubuntu/yocto/poky/meta/site/x86_64-linux
# general
ac_cv_va_val_copy=${ac_cv_va_val_copy=no}
ac_cv_func_lstat_dereferences_slashed_symlink=${ac_cv_func_lstat_dereferences_slashed_symlink=yes}
ac_cv_func_lstat_empty_string_bug=${ac_cv_func_lstat_empty_string_bug=no}
ac_cv_func_posix_getpwnam_r=${ac_cv_func_posix_getpwnam_r=yes}
ac_cv_func_setvbuf_reversed=${ac_cv_func_setvbuf_reversed=no}
ac_cv_func_stat_empty_string_bug=${ac_cv_func_stat_empty_string_bug=no}
ac_cv_func_stat_ignores_trailing_slash=${ac_cv_func_stat_ignores_trailing_slash=no}
ac_libnet_have_packet_socket=${ac_libnet_have_packet_socket=yes}
ac_cv_linux_vers=${ac_cv_linux_vers=2}
ac_cv_need_trio=${ac_cv_need_trio=no}
ac_cv_sizeof_char=${ac_cv_sizeof_char=1}
ac_cv_sizeof_int=${ac_cv_sizeof_int=4}
ac_cv_sizeof_unsigned_int=${ac_cv_sizeof_unsigned_int=4}
ac_cv_sizeof___int64=${ac_cv_sizeof___int64=0}
ac_cv_sizeof_long=${ac_cv_sizeof_long=8}
ac_cv_sizeof_unsigned_long=${ac_cv_sizeof_unsigned_long=8}
ac_cv_sizeof_long_double=${ac_cv_sizeof_long_double=16}
ac_cv_sizeof_long_int=${ac_cv_sizeof_long_int=8}
ac_cv_sizeof_long_long=${ac_cv_sizeof_long_long=8}
ac_cv_sizeof_short=${ac_cv_sizeof_short=2}
ac_cv_sizeof_unsigned_short=${ac_cv_sizeof_unsigned_short=2}
ac_cv_sizeof_short_int=${ac_cv_sizeof_short_int=2}
ac_cv_sizeof_size_t=${ac_cv_sizeof_size_t=8}
ac_cv_sizeof_uid_t=${ac_cv_sizeof_uid_t=4}
ac_cv_sizeof_gid_t=${ac_cv_sizeof_gid_t=4}
ac_cv_sizeof_dev_t=${ac_cv_sizeof_dev_t=8}
ac_cv_sizeof_void_p=${ac_cv_sizeof_void_p=8}
ac_cv_strerror_r_SUSv3=${ac_cv_strerror_r_SUSv3=no}
db_cv_alignp_t=${db_cv_alignp_t='unsigned long long'}
db_cv_align_t=${db_cv_align_t='unsigned long long'}
db_cv_fcntl_f_setfd=${db_cv_fcntl_f_setfd=yes}
db_cv_sprintf_count=${db_cv_sprintf_count=yes}

# glib
glib_cv_hasinline=${glib_cv_hasinline=yes}
glib_cv_has__inline=${glib_cv_has__inline=yes}
glib_cv_has__inline__=${glib_cv_has__inline__=yes}
glib_cv_long_long_format=${glib_cv_long_long_format=ll}
glib_cv_rtldglobal_broken=${glib_cv_rtldglobal_broken=yes}
glib_cv_sane_realloc=${glib_cv_sane_realloc=yes}
glib_cv_sizeof_gmutex=${glib_cv_sizeof_gmutex=40}
glib_cv_sizeof_intmax_t=${glib_cv_sizeof_intmax_t=8}
glib_cv_sizeof_ptrdiff_t=${glib_cv_sizeof_ptrdiff_t=8}
glib_cv_sizeof_size_t=${glib_cv_sizeof_size_t=8}
glib_cv_sizeof_system_thread=${glib_cv_sizeof_system_thread=8}
glib_cv_stack_grows=${glib_cv_stack_grows=no}
glib_cv_sys_pthread_cond_timedwait_posix=${glib_cv_sys_pthread_cond_timedwait_posix=yes}
glib_cv_sys_pthread_getspecific_posix=${glib_cv_sys_pthread_getspecific_posix=yes}
glib_cv_sys_pthread_mutex_trylock_posix=${glib_cv_sys_pthread_mutex_trylock_posix=yes}
glib_cv_uscore=${glib_cv_uscore=no}
glib_cv_va_val_copy=${glib_cv_va_val_copy=no}
ac_cv_alignof_guint32=4
ac_cv_alignof_guint64=8
ac_cv_alignof_unsigned_long=8

nano_cv_func_regexec_segv_emptystr=${nano_cv_func_regexec_segv_emptystr=no}
samba_cv_HAVE_VA_COPY=${samba_cv_HAVE_VA_COPY=yes}
screen_cv_sys_bcopy_overlap=${screen_cv_sys_bcopy_overlap=no}
screen_cv_sys_fifo_broken_impl=${screen_cv_sys_fifo_broken_impl=yes}
screen_cv_sys_fifo_usable=${screen_cv_sys_fifo_usable=yes}
screen_cv_sys_memcpy_overlap=${screen_cv_sys_memcpy_overlap=no}
screen_cv_sys_memmove_overlap=${screen_cv_sys_memmove_overlap=no}
screen_cv_sys_select_broken_retval=${screen_cv_sys_select_broken_retval=no}
screen_cv_sys_sockets_nofs=${screen_cv_sys_sockets_nofs=no}
screen_cv_sys_sockets_usable=${screen_cv_sys_sockets_usable=yes}
screen_cv_sys_terminfo_used=${screen_cv_sys_terminfo_used=yes}
utils_cv_sys_open_max=${utils_cv_sys_open_max=1015}

# gettext
am_cv_func_working_getline=${am_cv_func_working_getline=yes}

#gcc
ac_cv_lib_m_sin=${ac_cv_lib_m_sin=yes}

# bash
bash_cv_func_sigsetjmp=${bash_cv_func_sigsetjmp=present}

lf_cv_sane_realloc=yes
as_cv_unaligned_access=${as_cv_unaligned_access=yes}

#unfs3
nfsd_cv_broken_setfsuid=${nfsd_cv_broken_setfsuid=0}
nfsd_cv_func_statfs=${nfsd_cv_func_statfs=statfs2_bsize}
nfsd_cv_bsd_signals=${nfsd_cv_bsd_signals=yes}

#apr
apr_cv_tcp_nodelay_with_cork=${apr_cv_tcp_nodelay_with_cork=yes}

# lftp
lftp_cv_va_val_copy=${lftp_cv_va_val_copy=no}

# slrn
slrn_cv_va_val_copy=${slrn_cv_va_val_copy=no}

# grub
ac_cv_func___ashldi3=no
ac_cv_func___ashrdi3=no
ac_cv_func___bswapdi2=no
ac_cv_func___bswapsi2=no
ac_cv_func___lshrdi3=no
ac_cv_func___trampoline_setup=no
ac_cv_func___ucmpdi2=no
ac_cv_func__restgpr_14_x=no

# cvs
cvs_cv_func_printf_ptr=${cvs_cv_func_printf_ptr=yes}

# at-spi2-core
ac_cv_alignof_char=1
ac_cv_alignof_dbind_pointer=8
ac_cv_alignof_dbind_struct=1
ac_cv_alignof_dbus_bool_t=4
ac_cv_alignof_dbus_int16_t=2
ac_cv_alignof_dbus_int32_t=4
ac_cv_alignof_dbus_int64_t=8
ac_cv_alignof_double=8
configure:1071: loading site script /home/ubuntu/yocto/poky/meta/site/common
# libelf
mr_cv_target_elf=${mr_cv_target_elf=yes}

# Normally kernels have /dev/random enabled
ac_cv_file__dev_random=${ac_cv_file__dev_random=yes}

# Avoid sudo to assume void for unsetenv in cross environment, or else it conflicts with
# target stdlib.h prototype which follows POSIX compiliance. Mark for upstream.
sudo_cv_func_unsetenv_void=no

# shadow dir info, to avoid searching build system
shadow_cv_maildir=${localstatedir}/spool/mail
shadow_cv_mailfile=Mailbox
shadow_cv_utmpdir=${localstatedir}/run
shadow_cv_logdir=${localstatedir}/log
shadow_cv_passwd_dir=${bindir}

# python: deactivate a runtime check for ipv6-support in python >=2.7.1 that fails when cross-compiling
ac_cv_buggy_getaddrinfo=no

ac_cv_path_SED=${ac_cv_path_SED=sed}

# General
ac_cv_have_decl_sys_siglist=${ac_cv_have_decl_sys_siglist=no}

# bash
bash_cv_under_sys_siglist=${bash_cv_under_sys_siglist=no}
bash_cv_sys_siglist=${bash_cv_sys_siglist=no}
configure:1170: PATH=".;."; conftest.sh
../../git/configure: 1171: conftest.sh: not found
configure:1173: $? = 127
configure:1190: checking for ggrep
configure:1216: result: no
configure:1190: checking for grep
configure:1205: found /home/ubuntu/yocto/rpi-build/tmp/hosttools/grep
configure:1213: result: grep
configure:1224: checking for egrep
configure:1280: result: grep -E
configure:1290: result: Configuring NCURSES 6.3 ABI 6 (Mon Aug 25 03:05:00 UTC 2025)
configure:1294: checking for package version
configure:1315: result: 6.3
configure:1318: checking for package patch date
configure:1335: result: 20220423
configure:1346: testing ABI VERSION 5:0:10 ...
configure:1350: testing VERSION_MAJOR 6 ...
configure:1354: testing VERSION_MINOR 3 ...
configure:1358: testing VERSION_PATCH 20220423 ...
configure:1430: WARNING: overriding ABI version 6 to 5
configure:1500: checking build system type
configure:1518: result: x86_64-pc-linux-gnu
configure:1525: checking host system type
configure:1539: result: x86_64-pc-linux-gnu
configure:1547: checking target system type
configure:1561: result: x86_64-pc-linux-gnu
configure:1593: result: Configuring for linux-gnu
configure:1618: checking for fgrep
configure:1674: result: grep -F
configure:1678: checking for prefix
configure:1690: result: /home/ubuntu/yocto/rpi-build/tmp/work/x86_64-linux/ncurses-native/6.3+20220423-r0/recipe-sysroot-native/usr
configure:1797: checking for x86_64-linux-gcc
configure:1820: result: gcc 
configure:1877: checking for C compiler version
configure:1880: gcc  --version </dev/null >&5
gcc (Ubuntu 11.4.0-1ubuntu1~22.04.2) 11.4.0
Copyright (C) 2021 Free Software Foundation, Inc.
This is free software; see the source for copying conditions.  There is NO
warranty; not even for MERCHANTABILITY or FITNESS FOR A PARTICULAR PURPOSE.

configure:1883: $? = 0
configure:1885: gcc  -v </dev/null >&5
Using built-in specs.
COLLECT_GCC=gcc
COLLECT_LTO_WRAPPER=/usr/lib/gcc/x86_64-linux-gnu/11/lto-wrapper
OFFLOAD_TARGET_NAMES=nvptx-none:amdgcn-amdhsa
OFFLOAD_TARGET_DEFAULT=1
Target: x86_64-linux-gnu
Configured with: ../src/configure -v --with-pkgversion='Ubuntu 11.4.0-1ubuntu1~22.04.2' --with-bugurl=file:///usr/share/doc/gcc-11/README.Bugs --enable-languages=c,ada,c++,go,brig,d,fortran,objc,obj-c++,m2 --prefix=/usr --with-gcc-major-version-only --program-suffix=-11 --program-prefix=x86_64-linux-gnu- --enable-shared --enable-linker-build-id --libexecdir=/usr/lib --without-included-gettext --enable-threads=posix --libdir=/usr/lib --enable-nls --enable-bootstrap --enable-clocale=gnu --enable-libstdcxx-debug --enable-libstdcxx-time=yes --with-default-libstdcxx-abi=new --enable-gnu-unique-object --disable-vtable-verify --enable-plugin --enable-default-pie --with-system-zlib --enable-libphobos-checking=release --with-target-system-zlib=auto --enable-objc-gc=auto --enable-multiarch --disable-werror --enable-cet --with-arch-32=i686 --with-abi=m64 --with-multilib-list=m32,m64,mx32 --enable-multilib --with-tune=generic --enable-offload-targets=nvptx-none=/build/gcc-11-2Y5pKs/gcc-11-11.4.0/debian/tmp-nvptx/usr,amdgcn-amdhsa=/build/gcc-11-2Y5pKs/gcc-11-11.4.0/debian/tmp-gcn/usr --without-cuda-driver --enable-checking=release --build=x86_64-linux-gnu --host=x86_64-linux-gnu --target=x86_64-linux-gnu --with-build-config=bootstrap-lto-lean --enable-link-serialization=2
Thread model: posix
Supported LTO compression algorithms: zlib zstd
gcc version 11.4.0 (Ubuntu 11.4.0-1ubuntu1~22.04.2) 
configure:1888: $? = 0
configure:1890: gcc  -V </dev/null >&5
gcc: error: unrecognized command-line option '-V'
gcc: fatal error: no input files
compilation terminated.
configure:1893: $? = 1
configure:1913: checking for C compiler default output
configure:1916: gcc  -isystem/home/ubuntu/yocto/rpi-build/tmp/work/x86_64-linux/ncurses-native/6.3+20220423-r0/recipe-sysroot-native/usr/include -D_GNU_SOURCE -O2 -pipe -isystem/home/ubuntu/yocto/rpi-build/tmp/work/x86_64-linux/ncurses-native/6.3+20220423-r0/recipe-sysroot-native/usr/include -D_GNU_SOURCE -L/home/ubuntu/yocto/rpi-build/tmp/work/x86_64-linux/ncurses-native/6.3+20220423-r0/recipe-sysroot-native/usr/lib                         -L/home/ubuntu/yocto/rpi-build/tmp/work/x86_64-linux/ncurses-native/6.3+20220423-r0/recipe-sysroot-native/lib                         -Wl,--enable-new-dtags                         -Wl,-rpath-link,/home/ubuntu/yocto/rpi-build/tmp/work/x86_64-linux/ncurses-native/6.3+20220423-r0/recipe-sysroot-native/usr/lib                         -Wl,-rpath-link,/home/ubuntu/yocto/rpi-build/tmp/work/x86_64-linux/ncurses-native/6.3+20220423-r0/recipe-sysroot-native/lib                         -Wl,-rpath,/home/ubuntu/yocto/rpi-build/tmp/work/x86_64-linux/ncurses-native/6.3+20220423-r0/recipe-sysroot-native/usr/lib                         -Wl,-rpath,/home/ubuntu/yocto/rpi-build/tmp/work/x86_64-linux/ncurses-native/6.3+20220423-r0/recipe-sysroot-native/lib                         -Wl,-O1 -Wl,--allow-shlib-undefined -Wl,--dynamic-linker=/home/ubuntu/yocto/rpi-build/tmp/sysroots-uninative/x86_64-linux/lib/ld-linux-x86-64.so.2 conftest.c  >&5
configure:1919: $? = 0
configure:1948: result: a.out
configure:1953: checking whether the C compiler works
configure:1959: ./a.out
configure:1962: $? = 0
configure:1977: result: yes
configure:1984: checking whether we are cross compiling
configure:1986: result: no
configure:1989: checking for executable suffix
configure:1991: gcc  -o conftest -isystem/home/ubuntu/yocto/rpi-build/tmp/work/x86_64-linux/ncurses-native/6.3+20220423-r0/recipe-sysroot-native/usr/include -D_GNU_SOURCE -O2 -pipe -isystem/home/ubuntu/yocto/rpi-build/tmp/work/x86_64-linux/ncurses-native/6.3+20220423-r0/recipe-sysroot-native/usr/include -D_GNU_SOURCE -L/home/ubuntu/yocto/rpi-build/tmp/work/x86_64-linux/ncurses-native/6.3+20220423-r0/recipe-sysroot-native/usr/lib                         -L/home/ubuntu/yocto/rpi-build/tmp/work/x86_64-linux/ncurses-native/6.3+20220423-r0/recipe-sysroot-native/lib                         -Wl,--enable-new-dtags                         -Wl,-rpath-link,/home/ubuntu/yocto/rpi-build/tmp/work/x86_64-linux/ncurses-native/6.3+20220423-r0/recipe-sysroot-native/usr/lib                         -Wl,-rpath-link,/home/ubuntu/yocto/rpi-build/tmp/work/x86_64-linux/ncurses-native/6.3+20220423-r0/recipe-sysroot-native/lib                         -Wl,-rpath,/home/ubuntu/yocto/rpi-build/tmp/work/x86_64-linux/ncurses-native/6.3+20220423-r0/recipe-sysroot-native/usr/lib                         -Wl,-rpath,/home/ubuntu/yocto/rpi-build/tmp/work/x86_64-linux/ncurses-native/6.3+20220423-r0/recipe-sysroot-native/lib                         -Wl,-O1 -Wl,--allow-shlib-undefined -Wl,--dynamic-linker=/home/ubuntu/yocto/rpi-build/tmp/sysroots-uninative/x86_64-linux/lib/ld-linux-x86-64.so.2 conftest.c  >&5
configure:1994: $? = 0
configure:2016: result: 
configure:2022: checking for object suffix
configure:2040: gcc  -c -isystem/home/ubuntu/yocto/rpi-build/tmp/work/x86_64-linux/ncurses-native/6.3+20220423-r0/recipe-sysroot-native/usr/include -D_GNU_SOURCE -O2 -pipe -isystem/home/ubuntu/yocto/rpi-build/tmp/work/x86_64-linux/ncurses-native/6.3+20220423-r0/recipe-sysroot-native/usr/include -D_GNU_SOURCE conftest.c >&5
configure:2043: $? = 0
configure:2062: result: o
configure:2066: checking whether we are using the GNU C compiler
configure:2087: gcc  -c -isystem/home/ubuntu/yocto/rpi-build/tmp/work/x86_64-linux/ncurses-native/6.3+20220423-r0/recipe-sysroot-native/usr/include -D_GNU_SOURCE -O2 -pipe -isystem/home/ubuntu/yocto/rpi-build/tmp/work/x86_64-linux/ncurses-native/6.3+20220423-r0/recipe-sysroot-native/usr/include -D_GNU_SOURCE conftest.c >&5
configure:2090: $? = 0
configure:2093: test -s conftest.o
configure:2096: $? = 0
configure:2108: result: yes
configure:2114: checking whether gcc  accepts -g
configure:2132: gcc  -c -g -isystem/home/ubuntu/yocto/rpi-build/tmp/work/x86_64-linux/ncurses-native/6.3+20220423-r0/recipe-sysroot-native/usr/include -D_GNU_SOURCE conftest.c >&5
configure:2135: $? = 0
configure:2138: test -s conftest.o
configure:2141: $? = 0
configure:2151: result: yes
configure:2178: gcc  -c -isystem/home/ubuntu/yocto/rpi-build/tmp/work/x86_64-linux/ncurses-native/6.3+20220423-r0/recipe-sysroot-native/usr/include -D_GNU_SOURCE -O2 -pipe -isystem/home/ubuntu/yocto/rpi-build/tmp/work/x86_64-linux/ncurses-native/6.3+20220423-r0/recipe-sysroot-native/usr/include -D_GNU_SOURCE conftest.c >&5
conftest.c:2:3: error: unknown type name 'choke'
    2 |   choke me
      |   ^~~~~
conftest.c:2:3: error: expected '=', ',', ';', 'asm' or '__attribute__' at end of input
configure:2181: $? = 1
configure: failed program was:
#ifndef __cplusplus
  choke me
#endif
configure:2282: checking version of gcc 
configure:2286: result: 11.4.0
configure:2295: checking if this is really Intel C compiler
configure:2317: gcc  -c -isystem/home/ubuntu/yocto/rpi-build/tmp/work/x86_64-linux/ncurses-native/6.3+20220423-r0/recipe-sysroot-native/usr/include -D_GNU_SOURCE -O2 -pipe -no-gcc -isystem/home/ubuntu/yocto/rpi-build/tmp/work/x86_64-linux/ncurses-native/6.3+20220423-r0/recipe-sysroot-native/usr/include -D_GNU_SOURCE conftest.c >&5
gcc: error: unrecognized command-line option '-no-gcc'
configure:2320: $? = 1
configure: failed program was:
#line 2300 "configure"
#include "confdefs.h"

int
main (void)
{

#ifdef __INTEL_COMPILER
#else
make an error
#endif

  ;
  return 0;
}
configure:2337: result: no
configure:2346: checking if this is really Clang C compiler
configure:2367: gcc  -c -isystem/home/ubuntu/yocto/rpi-build/tmp/work/x86_64-linux/ncurses-native/6.3+20220423-r0/recipe-sysroot-native/usr/include -D_GNU_SOURCE -O2 -pipe -isystem/home/ubuntu/yocto/rpi-build/tmp/work/x86_64-linux/ncurses-native/6.3+20220423-r0/recipe-sysroot-native/usr/include -D_GNU_SOURCE conftest.c >&5
configure: In function 'main':
configure:2358:1: error: unknown type name 'make'
configure:2358:9: error: expected '=', ',', ';', 'asm' or '__attribute__' before 'error'
configure:2370: $? = 1
configure: failed program was:
#line 2350 "configure"
#include "confdefs.h"

int
main (void)
{

#ifdef __clang__
#else
make an error
#endif

  ;
  return 0;
}
configure:2386: result: no
configure:2467: checking for gcc  option to accept ANSI C
configure:2524: gcc   -c -isystem/home/ubuntu/yocto/rpi-build/tmp/work/x86_64-linux/ncurses-native/6.3+20220423-r0/recipe-sysroot-native/usr/include -D_GNU_SOURCE -O2 -pipe -isystem/home/ubuntu/yocto/rpi-build/tmp/work/x86_64-linux/ncurses-native/6.3+20220423-r0/recipe-sysroot-native/usr/include -D_GNU_SOURCE conftest.c >&5
configure:2527: $? = 0
configure:2530: test -s conftest.o
configure:2533: $? = 0
configure:2550: result: none needed
configure:2561: checking $CFLAGS variable
configure:2565: result: broken
configure:2567: WARNING: your environment uses the CFLAGS variable to hold CPPFLAGS options
configure:2680: checking $CC variable
configure:2815: result: ok
configure:2826: checking how to run the C preprocessor
configure:2928: result: gcc  -E
configure:2943: gcc  -E -isystem/home/ubuntu/yocto/rpi-build/tmp/work/x86_64-linux/ncurses-native/6.3+20220423-r0/recipe-sysroot-native/usr/include -D_GNU_SOURCE conftest.c
configure:2949: $? = 0
configure:2976: gcc  -E -isystem/home/ubuntu/yocto/rpi-build/tmp/work/x86_64-linux/ncurses-native/6.3+20220423-r0/recipe-sysroot-native/usr/include -D_GNU_SOURCE conftest.c
configure:2973:10: fatal error: ac_nonexistent.h: No such file or directory
compilation terminated.
configure:2982: $? = 1
configure: failed program was:
#line 2972 "configure"
#include "confdefs.h"
#include <ac_nonexistent.h>
configure:3023: checking whether gcc  needs -traditional
configure:3058: result: no
configure:3065: checking whether gcc  understands -c and -o together
configure:3080: gcc  -isystem/home/ubuntu/yocto/rpi-build/tmp/work/x86_64-linux/ncurses-native/6.3+20220423-r0/recipe-sysroot-native/usr/include -O2 -pipe -isystem/home/ubuntu/yocto/rpi-build/tmp/work/x86_64-linux/ncurses-native/6.3+20220423-r0/recipe-sysroot-native/usr/include -D_GNU_SOURCE -c conftest.c -o conftest2.o >&5
configure:3083: $? = 0
configure:3085: gcc  -isystem/home/ubuntu/yocto/rpi-build/tmp/work/x86_64-linux/ncurses-native/6.3+20220423-r0/recipe-sysroot-native/usr/include -O2 -pipe -isystem/home/ubuntu/yocto/rpi-build/tmp/work/x86_64-linux/ncurses-native/6.3+20220423-r0/recipe-sysroot-native/usr/include -D_GNU_SOURCE -c conftest.c -o conftest2.o >&5
configure:3088: $? = 0
configure:3099: result: yes
configure:3116: checking for ldconfig
configure:3133: found /sbin/ldconfig
configure:3144: result: /sbin/ldconfig
configure:3155: checking if you want to ensure bool is consistent with C++
configure:3165: result: yes
configure:3183: checking for x86_64-linux-g++
configure:3206: result: g++ 
configure:3260: checking for C++ compiler version
configure:3263: g++  --version </dev/null >&5
g++ (Ubuntu 11.4.0-1ubuntu1~22.04.2) 11.4.0
Copyright (C) 2021 Free Software Foundation, Inc.
This is free software; see the source for copying conditions.  There is NO
warranty; not even for MERCHANTABILITY or FITNESS FOR A PARTICULAR PURPOSE.

configure:3266: $? = 0
configure:3268: g++  -v </dev/null >&5
Using built-in specs.
COLLECT_GCC=g++
COLLECT_LTO_WRAPPER=/usr/lib/gcc/x86_64-linux-gnu/11/lto-wrapper
OFFLOAD_TARGET_NAMES=nvptx-none:amdgcn-amdhsa
OFFLOAD_TARGET_DEFAULT=1
Target: x86_64-linux-gnu
Configured with: ../src/configure -v --with-pkgversion='Ubuntu 11.4.0-1ubuntu1~22.04.2' --with-bugurl=file:///usr/share/doc/gcc-11/README.Bugs --enable-languages=c,ada,c++,go,brig,d,fortran,objc,obj-c++,m2 --prefix=/usr --with-gcc-major-version-only --program-suffix=-11 --program-prefix=x86_64-linux-gnu- --enable-shared --enable-linker-build-id --libexecdir=/usr/lib --without-included-gettext --enable-threads=posix --libdir=/usr/lib --enable-nls --enable-bootstrap --enable-clocale=gnu --enable-libstdcxx-debug --enable-libstdcxx-time=yes --with-default-libstdcxx-abi=new --enable-gnu-unique-object --disable-vtable-verify --enable-plugin --enable-default-pie --with-system-zlib --enable-libphobos-checking=release --with-target-system-zlib=auto --enable-objc-gc=auto --enable-multiarch --disable-werror --enable-cet --with-arch-32=i686 --with-abi=m64 --with-multilib-list=m32,m64,mx32 --enable-multilib --with-tune=generic --enable-offload-targets=nvptx-none=/build/gcc-11-2Y5pKs/gcc-11-11.4.0/debian/tmp-nvptx/usr,amdgcn-amdhsa=/build/gcc-11-2Y5pKs/gcc-11-11.4.0/debian/tmp-gcn/usr --without-cuda-driver --enable-checking=release --build=x86_64-linux-gnu --host=x86_64-linux-gnu --target=x86_64-linux-gnu --with-build-config=bootstrap-lto-lean --enable-link-serialization=2
Thread model: posix
Supported LTO compression algorithms: zlib zstd
gcc version 11.4.0 (Ubuntu 11.4.0-1ubuntu1~22.04.2) 
configure:3271: $? = 0
configure:3273: g++  -V </dev/null >&5
g++: error: unrecognized command-line option '-V'
g++: fatal error: no input files
compilation terminated.
configure:3276: $? = 1
configure:3279: checking whether we are using the GNU C++ compiler
configure:3300: g++  -c -isystem/home/ubuntu/yocto/rpi-build/tmp/work/x86_64-linux/ncurses-native/6.3+20220423-r0/recipe-sysroot-native/usr/include -D_GNU_SOURCE -O2 -pipe -isystem/home/ubuntu/yocto/rpi-build/tmp/work/x86_64-linux/ncurses-native/6.3+20220423-r0/recipe-sysroot-native/usr/include -D_GNU_SOURCE conftest.cc >&5
configure:3303: $? = 0
configure:3306: test -s conftest.o
configure:3309: $? = 0
configure:3321: result: yes
configure:3327: checking whether g++  accepts -g
configure:3345: g++  -c -g -isystem/home/ubuntu/yocto/rpi-build/tmp/work/x86_64-linux/ncurses-native/6.3+20220423-r0/recipe-sysroot-native/usr/include -D_GNU_SOURCE conftest.cc >&5
configure:3348: $? = 0
configure:3351: test -s conftest.o
configure:3354: $? = 0
configure:3364: result: yes
configure:3404: g++  -c -isystem/home/ubuntu/yocto/rpi-build/tmp/work/x86_64-linux/ncurses-native/6.3+20220423-r0/recipe-sysroot-native/usr/include -D_GNU_SOURCE -O2 -pipe -isystem/home/ubuntu/yocto/rpi-build/tmp/work/x86_64-linux/ncurses-native/6.3+20220423-r0/recipe-sysroot-native/usr/include -D_GNU_SOURCE conftest.cc >&5
configure:3407: $? = 0
configure:3410: test -s conftest.o
configure:3413: $? = 0
configure:3435: g++  -c -isystem/home/ubuntu/yocto/rpi-build/tmp/work/x86_64-linux/ncurses-native/6.3+20220423-r0/recipe-sysroot-native/usr/include -D_GNU_SOURCE -O2 -pipe -isystem/home/ubuntu/yocto/rpi-build/tmp/work/x86_64-linux/ncurses-native/6.3+20220423-r0/recipe-sysroot-native/usr/include -D_GNU_SOURCE conftest.cc >&5
configure: In function 'int main()':
configure:3428:1: error: 'exit' was not declared in this scope
configure:3438: $? = 1
configure: failed program was:
#line 3423 "configure"
#include "confdefs.h"

int
main (void)
{
exit (42);
  ;
  return 0;
}
configure:3404: g++  -c -isystem/home/ubuntu/yocto/rpi-build/tmp/work/x86_64-linux/ncurses-native/6.3+20220423-r0/recipe-sysroot-native/usr/include -D_GNU_SOURCE -O2 -pipe -isystem/home/ubuntu/yocto/rpi-build/tmp/work/x86_64-linux/ncurses-native/6.3+20220423-r0/recipe-sysroot-native/usr/include -D_GNU_SOURCE conftest.cc >&5
configure:3407: $? = 0
configure:3410: test -s conftest.o
configure:3413: $? = 0
configure:3435: g++  -c -isystem/home/ubuntu/yocto/rpi-build/tmp/work/x86_64-linux/ncurses-native/6.3+20220423-r0/recipe-sysroot-native/usr/include -D_GNU_SOURCE -O2 -pipe -isystem/home/ubuntu/yocto/rpi-build/tmp/work/x86_64-linux/ncurses-native/6.3+20220423-r0/recipe-sysroot-native/usr/include -D_GNU_SOURCE conftest.cc >&5
configure:3438: $? = 0
configure:3441: test -s conftest.o
configure:3444: $? = 0
configure:3478: checking if g++  works
configure:3503: g++  -c -isystem/home/ubuntu/yocto/rpi-build/tmp/work/x86_64-linux/ncurses-native/6.3+20220423-r0/recipe-sysroot-native/usr/include -D_GNU_SOURCE -O2 -pipe -isystem/home/ubuntu/yocto/rpi-build/tmp/work/x86_64-linux/ncurses-native/6.3+20220423-r0/recipe-sysroot-native/usr/include -D_GNU_SOURCE  conftest.cc >&5
configure:3506: $? = 0
configure:3509: test -s conftest.o
configure:3512: $? = 0
configure:3523: result: yes
configure:3590: checking version of g++ 
configure:3598: result: 11.4.0
configure:3611: checking if you want to build C++ binding and demo
configure:3621: result: yes
configure:3624: checking if you want to build with Ada
configure:3626: result: no
configure:3629: checking if you want to install terminal database
configure:3639: result: yes
configure:3642: checking if you want to install manpages
configure:3652: result: yes
configure:3655: checking if you want to build programs such as tic
configure:3665: result: yes
configure:3693: checking if you want to build test-programs
configure:3703: result: yes
configure:3706: checking if you wish to install curses.h
configure:3716: result: yes
configure:3741: checking for mawk
configure:3767: result: no
configure:3741: checking for gawk
configure:3756: found /home/ubuntu/yocto/rpi-build/tmp/hosttools/gawk
configure:3764: result: gawk
configure:3790: checking for a BSD compatible install
configure:3839: result: /home/ubuntu/yocto/rpi-build/tmp/hosttools/install -c
configure:3864: checking for lint
configure:3890: result: no
configure:3864: checking for cppcheck
configure:3890: result: no
configure:3864: checking for splint
configure:3890: result: no
configure:3903: checking whether ln -s works
configure:3907: result: yes
configure:3914: checking if ln -s -f options work
configure:3926: result: yes
configure:3931: checking for long file names
configure:3970: result: yes
configure:3999: checking if you want to use pkg-config
configure:4009: result: yes
configure:4021: checking for x86_64-linux-pkg-config
configure:4052: result: no
configure:4061: checking for pkg-config
configure:4078: found /home/ubuntu/yocto/rpi-build/tmp/work/x86_64-linux/ncurses-native/6.3+20220423-r0/recipe-sysroot-native/usr/bin/pkg-config
configure:4090: result: /home/ubuntu/yocto/rpi-build/tmp/work/x86_64-linux/ncurses-native/6.3+20220423-r0/recipe-sysroot-native/usr/bin/pkg-config
configure:4153: checking for /home/ubuntu/yocto/rpi-build/tmp/work/x86_64-linux/ncurses-native/6.3+20220423-r0/recipe-sysroot-native/usr/bin/pkg-config library directory
configure:4185: result: /home/ubuntu/yocto/rpi-build/tmp/work/x86_64-linux/ncurses-native/6.3+20220423-r0/recipe-sysroot-native/usr/lib/pkgconfig
configure:4284: checking if we should install .pc files for /home/ubuntu/yocto/rpi-build/tmp/work/x86_64-linux/ncurses-native/6.3+20220423-r0/recipe-sysroot-native/usr/bin/pkg-config
configure:4298: result: yes
configure:4351: checking for suffix to add to pc-files
configure:4366: result: none
configure:4372: checking if we should assume mixed-case filenames
configure:4382: result: auto
configure:4386: checking if filesystem supports mixed-case filenames
configure:4413: result: yes
configure:4432: checking whether make sets ${MAKE}
configure:4452: result: yes
configure:4461: checking for ".PHONY" make-support
** making always.out 1
echo 1 > always.out
** making always 1
** making once.out 1
echo 1 > once.out
** making once 1
make: Nothing to be done for 'always'.
touch once
** making always.out 2
echo 2 > always.out
** making always 2
** making once.out 2
echo 2 > once.out
** making once 2
make: Nothing to be done for 'always'.
touch once
** making always.out 3
echo 3 > always.out
** making always 3
** making once.out 3
echo 3 > once.out
** making once 3
make: Nothing to be done for 'always'.
touch once
configure:4516: result: yes
configure:4527: checking for exctags
configure:4553: result: no
configure:4527: checking for ctags
configure:4553: result: no
configure:4564: checking for exetags
configure:4590: result: no
configure:4564: checking for etags
configure:4590: result: no
configure:4599: checking for ctags
configure:4623: result: no
configure:4633: checking for etags
configure:4657: result: no
configure:4680: checking for makeflags variable
configure:4718: result: 
configure:4724: checking for x86_64-linux-ranlib
configure:4747: result: ranlib -D
configure:4798: checking for x86_64-linux-ld
configure:4821: result: ld 
configure:4872: checking for x86_64-linux-ar
configure:4895: result: ar
configure:4946: checking for x86_64-linux-nm
configure:4969: result: nm
configure:5020: checking for x86_64-linux-ar
configure:5043: result: ar
configure:5091: checking for options to update archives
configure:5131: gcc  -c -isystem/home/ubuntu/yocto/rpi-build/tmp/work/x86_64-linux/ncurses-native/6.3+20220423-r0/recipe-sysroot-native/usr/include -O2 -pipe -isystem/home/ubuntu/yocto/rpi-build/tmp/work/x86_64-linux/ncurses-native/6.3+20220423-r0/recipe-sysroot-native/usr/include -D_GNU_SOURCE conftest.c >&5
configure:5134: $? = 0
ar  -curv conftest.a conftest.o
configure:5155: result: -curv
configure:5166: checking if you have specified an install-prefix
configure:5179: result: 
configure:5343: checking if libtool -version-number should be used
configure:5360: result: yes
configure:5409: checking if you want to build libraries with libtool
configure:5419: result: no
configure:5729: checking if you want to build shared libraries
configure:5739: result: yes
configure:5743: checking if you want to build static libraries
configure:5753: result: no
configure:5757: checking if you want to build debug libraries
configure:5767: result: no
configure:5771: checking if you want to build profiling libraries
configure:5781: result: no
configure:5789: checking if you want to build C++ shared libraries
configure:5799: result: no
configure:5806: checking for specified models
configure:5810: result:  shared
configure:5815: checking for default model
configure:5818: result: shared
configure:5832: checking if you want to have a library-prefix
configure:5842: result: auto
configure:5873: checking for PATH separator
configure:5880: result: :
configure:5885: checking if you want to build a separate terminfo library
configure:5895: result: tinfo
configure:5898: checking if you want to build a separate tic library
configure:5908: result: yes
configure:5921: checking for default loader flags
configure:5930: result: 
configure:5936: checking if rpath option should be used
configure:5946: result: no
configure:5949: checking if shared libraries should be relinked during install
configure:5959: result: yes
configure:6080: checking if release/abi version should be used for shared libs
configure:6106: result: auto
configure:6129: checking which gcc  option to use
configure:6148: gcc  -c -isystem/home/ubuntu/yocto/rpi-build/tmp/work/x86_64-linux/ncurses-native/6.3+20220423-r0/recipe-sysroot-native/usr/include -O2 -pipe -fPIC -isystem/home/ubuntu/yocto/rpi-build/tmp/work/x86_64-linux/ncurses-native/6.3+20220423-r0/recipe-sysroot-native/usr/include -D_GNU_SOURCE conftest.c >&5
configure:6151: $? = 0
configure:6154: test -s conftest.o
configure:6157: $? = 0
configure:6166: result: -fPIC
configure:6734: testing CC_SHARED_OPTS: -fPIC ...
configure:6738: testing MK_SHARED_LIB:  ${CC} ${LDFLAGS} ${CFLAGS} -shared -Wl,-soname,`basename $@ .${REL_VERSION}`.${ABI_VERSION},-stats,-lc -o $@ ...
configure:6796: checking if current CFLAGS link properly
configure:6811: gcc  -o conftest -isystem/home/ubuntu/yocto/rpi-build/tmp/work/x86_64-linux/ncurses-native/6.3+20220423-r0/recipe-sysroot-native/usr/include -O2 -pipe -isystem/home/ubuntu/yocto/rpi-build/tmp/work/x86_64-linux/ncurses-native/6.3+20220423-r0/recipe-sysroot-native/usr/include -D_GNU_SOURCE -L/home/ubuntu/yocto/rpi-build/tmp/work/x86_64-linux/ncurses-native/6.3+20220423-r0/recipe-sysroot-native/usr/lib                         -L/home/ubuntu/yocto/rpi-build/tmp/work/x86_64-linux/ncurses-native/6.3+20220423-r0/recipe-sysroot-native/lib                         -Wl,--enable-new-dtags                         -Wl,-rpath-link,/home/ubuntu/yocto/rpi-build/tmp/work/x86_64-linux/ncurses-native/6.3+20220423-r0/recipe-sysroot-native/usr/lib                         -Wl,-rpath-link,/home/ubuntu/yocto/rpi-build/tmp/work/x86_64-linux/ncurses-native/6.3+20220423-r0/recipe-sysroot-native/lib                         -Wl,-rpath,/home/ubuntu/yocto/rpi-build/tmp/work/x86_64-linux/ncurses-native/6.3+20220423-r0/recipe-sysroot-native/usr/lib                         -Wl,-rpath,/home/ubuntu/yocto/rpi-build/tmp/work/x86_64-linux/ncurses-native/6.3+20220423-r0/recipe-sysroot-native/lib                         -Wl,-O1 -Wl,--allow-shlib-undefined -Wl,--dynamic-linker=/home/ubuntu/yocto/rpi-build/tmp/sysroots-uninative/x86_64-linux/lib/ld-linux-x86-64.so.2 conftest.c  >&5
configure:6814: $? = 0
configure:6817: test -s conftest
configure:6820: $? = 0
configure:6829: result: yes
configure:6840: checking if versioned-symbols file should be used
configure:6869: result: no
configure:6990: checking if you want to link with the GPM mouse library
configure:7000: result: no
configure:7580: checking if you want to use PCRE2 for regular-expressions
configure:7589: result: no
configure:8080: checking if you want to disable library suffixes
configure:8097: result: no
configure:8366: checking if you want to disable extra LDFLAGS for package-scripts
configure:8383: result: no
configure:8391: checking if you wish to append extra suffix to header/library paths
configure:8410: result: 
configure:8414: checking if you wish to install ncurses overwriting curses
configure:8424: result: no
configure:8427: checking if external terminfo-database is used
configure:8437: result: yes
configure:8453: checking which terminfo source-file will be installed
configure:8461: result: ${top_srcdir}/misc/terminfo.src
configure:8464: checking whether to use hashed database instead of directory/tree
configure:8474: result: no
configure:8480: checking for list of fallback descriptions
configure:8490: result: 
configure:8514: checking for x86_64-linux-tic
configure:8540: result: no
configure:8549: checking for tic
configure:8575: result: no
configure:8587: checking for x86_64-linux-infocmp
configure:8613: result: no
configure:8622: checking for infocmp
configure:8648: result: no
configure:8988: checking if you want modern xterm or antique
configure:9002: result: xterm-new
configure:9015: checking if xterm backspace sends BS or DEL
configure:9036: result: BS
configure:9042: WARNING: expected --with-xterm-kbs=DEL for linux-gnu
configure:9052: checking for list of terminfo directories
configure:9115: result: /home/ubuntu/yocto/rpi-build/tmp/work/x86_64-linux/ncurses-native/6.3+20220423-r0/recipe-sysroot-native/etc/terminfo:/home/ubuntu/yocto/rpi-build/tmp/work/x86_64-linux/ncurses-native/6.3+20220423-r0/recipe-sysroot-native/usr/share/terminfo:/etc/terminfo:/usr/share/terminfo:/usr/share/misc/terminfo:/lib/terminfo
configure:9130: checking for default terminfo directory
configure:9175: result: /home/ubuntu/yocto/rpi-build/tmp/work/x86_64-linux/ncurses-native/6.3+20220423-r0/recipe-sysroot-native/usr/share/terminfo
configure:9186: checking if big-core option selected
configure:9232: result: no
configure:9242: checking if big-strings option selected
configure:9266: result: yes
configure:9273: checking if you want termcap-fallback support
configure:9283: result: no
configure:9417: checking if ~/.terminfo is wanted
configure:9427: result: yes
configure:9434: checking if you want to permit root to use ncurses environment variables
configure:9444: result: yes
configure:9451: checking if you want to permit setuid programs to access all files
configure:9461: result: yes
configure:9476: checking for unistd.h
configure:9486: gcc  -E -isystem/home/ubuntu/yocto/rpi-build/tmp/work/x86_64-linux/ncurses-native/6.3+20220423-r0/recipe-sysroot-native/usr/include -D_GNU_SOURCE conftest.c
configure:9492: $? = 0
configure:9511: result: yes
configure:9526: checking for remove
configure:9563: gcc  -o conftest -isystem/home/ubuntu/yocto/rpi-build/tmp/work/x86_64-linux/ncurses-native/6.3+20220423-r0/recipe-sysroot-native/usr/include -O2 -pipe -isystem/home/ubuntu/yocto/rpi-build/tmp/work/x86_64-linux/ncurses-native/6.3+20220423-r0/recipe-sysroot-native/usr/include -D_GNU_SOURCE -L/home/ubuntu/yocto/rpi-build/tmp/work/x86_64-linux/ncurses-native/6.3+20220423-r0/recipe-sysroot-native/usr/lib                         -L/home/ubuntu/yocto/rpi-build/tmp/work/x86_64-linux/ncurses-native/6.3+20220423-r0/recipe-sysroot-native/lib                         -Wl,--enable-new-dtags                         -Wl,-rpath-link,/home/ubuntu/yocto/rpi-build/tmp/work/x86_64-linux/ncurses-native/6.3+20220423-r0/recipe-sysroot-native/usr/lib                         -Wl,-rpath-link,/home/ubuntu/yocto/rpi-build/tmp/work/x86_64-linux/ncurses-native/6.3+20220423-r0/recipe-sysroot-native/lib                         -Wl,-rpath,/home/ubuntu/yocto/rpi-build/tmp/work/x86_64-linux/ncurses-native/6.3+20220423-r0/recipe-sysroot-native/usr/lib                         -Wl,-rpath,/home/ubuntu/yocto/rpi-build/tmp/work/x86_64-linux/ncurses-native/6.3+20220423-r0/recipe-sysroot-native/lib                         -Wl,-O1 -Wl,--allow-shlib-undefined -Wl,--dynamic-linker=/home/ubuntu/yocto/rpi-build/tmp/sysroots-uninative/x86_64-linux/lib/ld-linux-x86-64.so.2 conftest.c  >&5
configure:9566: $? = 0
configure:9569: test -s conftest
configure:9572: $? = 0
configure:9582: result: yes
configure:9526: checking for unlink
configure:9563: gcc  -o conftest -isystem/home/ubuntu/yocto/rpi-build/tmp/work/x86_64-linux/ncurses-native/6.3+20220423-r0/recipe-sysroot-native/usr/include -O2 -pipe -isystem/home/ubuntu/yocto/rpi-build/tmp/work/x86_64-linux/ncurses-native/6.3+20220423-r0/recipe-sysroot-native/usr/include -D_GNU_SOURCE -L/home/ubuntu/yocto/rpi-build/tmp/work/x86_64-linux/ncurses-native/6.3+20220423-r0/recipe-sysroot-native/usr/lib                         -L/home/ubuntu/yocto/rpi-build/tmp/work/x86_64-linux/ncurses-native/6.3+20220423-r0/recipe-sysroot-native/lib                         -Wl,--enable-new-dtags                         -Wl,-rpath-link,/home/ubuntu/yocto/rpi-build/tmp/work/x86_64-linux/ncurses-native/6.3+20220423-r0/recipe-sysroot-native/usr/lib                         -Wl,-rpath-link,/home/ubuntu/yocto/rpi-build/tmp/work/x86_64-linux/ncurses-native/6.3+20220423-r0/recipe-sysroot-native/lib                         -Wl,-rpath,/home/ubuntu/yocto/rpi-build/tmp/work/x86_64-linux/ncurses-native/6.3+20220423-r0/recipe-sysroot-native/usr/lib                         -Wl,-rpath,/home/ubuntu/yocto/rpi-build/tmp/work/x86_64-linux/ncurses-native/6.3+20220423-r0/recipe-sysroot-native/lib                         -Wl,-O1 -Wl,--allow-shlib-undefined -Wl,--dynamic-linker=/home/ubuntu/yocto/rpi-build/tmp/sysroots-uninative/x86_64-linux/lib/ld-linux-x86-64.so.2 conftest.c  >&5
configure:9566: $? = 0
configure:9569: test -s conftest
configure:9572: $? = 0
configure:9582: result: yes
configure:9666: checking if link/symlink functions work
configure:9717: gcc  -o conftest -isystem/home/ubuntu/yocto/rpi-build/tmp/work/x86_64-linux/ncurses-native/6.3+20220423-r0/recipe-sysroot-native/usr/include -O2 -pipe -isystem/home/ubuntu/yocto/rpi-build/tmp/work/x86_64-linux/ncurses-native/6.3+20220423-r0/recipe-sysroot-native/usr/include -D_GNU_SOURCE -L/home/ubuntu/yocto/rpi-build/tmp/work/x86_64-linux/ncurses-native/6.3+20220423-r0/recipe-sysroot-native/usr/lib                         -L/home/ubuntu/yocto/rpi-build/tmp/work/x86_64-linux/ncurses-native/6.3+20220423-r0/recipe-sysroot-native/lib                         -Wl,--enable-new-dtags                         -Wl,-rpath-link,/home/ubuntu/yocto/rpi-build/tmp/work/x86_64-linux/ncurses-native/6.3+20220423-r0/recipe-sysroot-native/usr/lib                         -Wl,-rpath-link,/home/ubuntu/yocto/rpi-build/tmp/work/x86_64-linux/ncurses-native/6.3+20220423-r0/recipe-sysroot-native/lib                         -Wl,-rpath,/home/ubuntu/yocto/rpi-build/tmp/work/x86_64-linux/ncurses-native/6.3+20220423-r0/recipe-sysroot-native/usr/lib                         -Wl,-rpath,/home/ubuntu/yocto/rpi-build/tmp/work/x86_64-linux/ncurses-native/6.3+20220423-r0/recipe-sysroot-native/lib                         -Wl,-O1 -Wl,--allow-shlib-undefined -Wl,--dynamic-linker=/home/ubuntu/yocto/rpi-build/tmp/sysroots-uninative/x86_64-linux/lib/ld-linux-x86-64.so.2 conftest.c  >&5
configure:9720: $? = 0
configure:9722: ./conftest
configure:9725: $? = 0
configure:9717: gcc  -o conftest -isystem/home/ubuntu/yocto/rpi-build/tmp/work/x86_64-linux/ncurses-native/6.3+20220423-r0/recipe-sysroot-native/usr/include -O2 -pipe -isystem/home/ubuntu/yocto/rpi-build/tmp/work/x86_64-linux/ncurses-native/6.3+20220423-r0/recipe-sysroot-native/usr/include -D_GNU_SOURCE -L/home/ubuntu/yocto/rpi-build/tmp/work/x86_64-linux/ncurses-native/6.3+20220423-r0/recipe-sysroot-native/usr/lib                         -L/home/ubuntu/yocto/rpi-build/tmp/work/x86_64-linux/ncurses-native/6.3+20220423-r0/recipe-sysroot-native/lib                         -Wl,--enable-new-dtags                         -Wl,-rpath-link,/home/ubuntu/yocto/rpi-build/tmp/work/x86_64-linux/ncurses-native/6.3+20220423-r0/recipe-sysroot-native/usr/lib                         -Wl,-rpath-link,/home/ubuntu/yocto/rpi-build/tmp/work/x86_64-linux/ncurses-native/6.3+20220423-r0/recipe-sysroot-native/lib                         -Wl,-rpath,/home/ubuntu/yocto/rpi-build/tmp/work/x86_64-linux/ncurses-native/6.3+20220423-r0/recipe-sysroot-native/usr/lib                         -Wl,-rpath,/home/ubuntu/yocto/rpi-build/tmp/work/x86_64-linux/ncurses-native/6.3+20220423-r0/recipe-sysroot-native/lib                         -Wl,-O1 -Wl,--allow-shlib-undefined -Wl,--dynamic-linker=/home/ubuntu/yocto/rpi-build/tmp/sysroots-uninative/x86_64-linux/lib/ld-linux-x86-64.so.2 conftest.c  >&5
configure:9720: $? = 0
configure:9722: ./conftest
configure:9725: $? = 0
configure:9743: result:  link symlink
configure:9763: checking if tic should use symbolic links
configure:9773: result: no
configure:9780: checking if tic should use hard links
configure:9787: result: yes
configure:9803: checking if you want broken-linker support code
configure:9813: result: no
configure:9827: checking if tputs should process BSD-style prefix padding
configure:9837: result: no
configure:9856: checking if the POSIX test-macros are already defined
configure:9882: gcc  -c -isystem/home/ubuntu/yocto/rpi-build/tmp/work/x86_64-linux/ncurses-native/6.3+20220423-r0/recipe-sysroot-native/usr/include -O2 -pipe -isystem/home/ubuntu/yocto/rpi-build/tmp/work/x86_64-linux/ncurses-native/6.3+20220423-r0/recipe-sysroot-native/usr/include -D_GNU_SOURCE conftest.c >&5
configure:9885: $? = 0
configure:9888: test -s conftest.o
configure:9891: $? = 0
configure:9902: result: no
configure:9947: checking if this is the GNU C library
configure:9973: gcc  -c -isystem/home/ubuntu/yocto/rpi-build/tmp/work/x86_64-linux/ncurses-native/6.3+20220423-r0/recipe-sysroot-native/usr/include -O2 -pipe -isystem/home/ubuntu/yocto/rpi-build/tmp/work/x86_64-linux/ncurses-native/6.3+20220423-r0/recipe-sysroot-native/usr/include -D_GNU_SOURCE conftest.c >&5
configure:9976: $? = 0
configure:9979: test -s conftest.o
configure:9982: $? = 0
configure:9993: result: yes
configure:10001: checking if _DEFAULT_SOURCE can be used as a basis
configure:10032: gcc  -c -isystem/home/ubuntu/yocto/rpi-build/tmp/work/x86_64-linux/ncurses-native/6.3+20220423-r0/recipe-sysroot-native/usr/include -O2 -pipe -isystem/home/ubuntu/yocto/rpi-build/tmp/work/x86_64-linux/ncurses-native/6.3+20220423-r0/recipe-sysroot-native/usr/include -D_GNU_SOURCE -D_DEFAULT_SOURCE conftest.c >&5
configure:10035: $? = 0
configure:10038: test -s conftest.o
configure:10041: $? = 0
configure:10053: result: yes
configure:10058: checking if _XOPEN_SOURCE=600 works with _DEFAULT_SOURCE
configure:10183: gcc  -c -isystem/home/ubuntu/yocto/rpi-build/tmp/work/x86_64-linux/ncurses-native/6.3+20220423-r0/recipe-sysroot-native/usr/include -O2 -pipe -isystem/home/ubuntu/yocto/rpi-build/tmp/work/x86_64-linux/ncurses-native/6.3+20220423-r0/recipe-sysroot-native/usr/include -D_GNU_SOURCE -D_DEFAULT_SOURCE -D_XOPEN_SOURCE=600 conftest.c >&5
configure:10186: $? = 0
configure:10189: test -s conftest.o
configure:10192: $? = 0
configure:10203: result: yes
configure:11411: checking if _XOPEN_SOURCE really is set
configure:11429: gcc  -c -isystem/home/ubuntu/yocto/rpi-build/tmp/work/x86_64-linux/ncurses-native/6.3+20220423-r0/recipe-sysroot-native/usr/include -O2 -pipe -isystem/home/ubuntu/yocto/rpi-build/tmp/work/x86_64-linux/ncurses-native/6.3+20220423-r0/recipe-sysroot-native/usr/include -D_GNU_SOURCE -D_DEFAULT_SOURCE -D_XOPEN_SOURCE=600 conftest.c >&5
configure:11432: $? = 0
configure:11435: test -s conftest.o
configure:11438: $? = 0
configure:11447: result: yes
configure:11467: gcc  -c -isystem/home/ubuntu/yocto/rpi-build/tmp/work/x86_64-linux/ncurses-native/6.3+20220423-r0/recipe-sysroot-native/usr/include -O2 -pipe -isystem/home/ubuntu/yocto/rpi-build/tmp/work/x86_64-linux/ncurses-native/6.3+20220423-r0/recipe-sysroot-native/usr/include -D_GNU_SOURCE -D_DEFAULT_SOURCE -D_XOPEN_SOURCE=600 conftest.c >&5
configure:11470: $? = 0
configure:11473: test -s conftest.o
configure:11476: $? = 0
configure:11733: checking if SIGWINCH is defined
configure:11755: gcc  -c -isystem/home/ubuntu/yocto/rpi-build/tmp/work/x86_64-linux/ncurses-native/6.3+20220423-r0/recipe-sysroot-native/usr/include -O2 -pipe -isystem/home/ubuntu/yocto/rpi-build/tmp/work/x86_64-linux/ncurses-native/6.3+20220423-r0/recipe-sysroot-native/usr/include -D_GNU_SOURCE -D_DEFAULT_SOURCE -D_XOPEN_SOURCE=600 conftest.c >&5
configure:11758: $? = 0
configure:11761: test -s conftest.o
configure:11764: $? = 0
configure:11812: result: yes
configure:11882: checking for nl_langinfo and CODESET
configure:11900: gcc  -o conftest -isystem/home/ubuntu/yocto/rpi-build/tmp/work/x86_64-linux/ncurses-native/6.3+20220423-r0/recipe-sysroot-native/usr/include -O2 -pipe -isystem/home/ubuntu/yocto/rpi-build/tmp/work/x86_64-linux/ncurses-native/6.3+20220423-r0/recipe-sysroot-native/usr/include -D_GNU_SOURCE -D_DEFAULT_SOURCE -D_XOPEN_SOURCE=600 -L/home/ubuntu/yocto/rpi-build/tmp/work/x86_64-linux/ncurses-native/6.3+20220423-r0/recipe-sysroot-native/usr/lib                         -L/home/ubuntu/yocto/rpi-build/tmp/work/x86_64-linux/ncurses-native/6.3+20220423-r0/recipe-sysroot-native/lib                         -Wl,--enable-new-dtags                         -Wl,-rpath-link,/home/ubuntu/yocto/rpi-build/tmp/work/x86_64-linux/ncurses-native/6.3+20220423-r0/recipe-sysroot-native/usr/lib                         -Wl,-rpath-link,/home/ubuntu/yocto/rpi-build/tmp/work/x86_64-linux/ncurses-native/6.3+20220423-r0/recipe-sysroot-native/lib                         -Wl,-rpath,/home/ubuntu/yocto/rpi-build/tmp/work/x86_64-linux/ncurses-native/6.3+20220423-r0/recipe-sysroot-native/usr/lib                         -Wl,-rpath,/home/ubuntu/yocto/rpi-build/tmp/work/x86_64-linux/ncurses-native/6.3+20220423-r0/recipe-sysroot-native/lib                         -Wl,-O1 -Wl,--allow-shlib-undefined -Wl,--dynamic-linker=/home/ubuntu/yocto/rpi-build/tmp/sysroots-uninative/x86_64-linux/lib/ld-linux-x86-64.so.2 conftest.c  >&5
configure:11903: $? = 0
configure:11906: test -s conftest
configure:11909: $? = 0
configure:11920: result: yes
configure:11934: checking if you want wide-character code
configure:11944: result: no
configure:13303: checking whether to enable _LP64 definition in curses.h
configure:13313: result: no
configure:13329: checking for special C compiler options needed for large files
configure:13403: result: no
configure:13409: checking for _FILE_OFFSET_BITS value needed for large files
configure:13437: gcc  -c -isystem/home/ubuntu/yocto/rpi-build/tmp/work/x86_64-linux/ncurses-native/6.3+20220423-r0/recipe-sysroot-native/usr/include -O2 -pipe -isystem/home/ubuntu/yocto/rpi-build/tmp/work/x86_64-linux/ncurses-native/6.3+20220423-r0/recipe-sysroot-native/usr/include -D_GNU_SOURCE -D_DEFAULT_SOURCE -D_XOPEN_SOURCE=600 conftest.c >&5
configure:13440: $? = 0
configure:13443: test -s conftest.o
configure:13446: $? = 0
configure:13496: result: no
configure:13506: checking for _LARGE_FILES value needed for large files
configure:13534: gcc  -c -isystem/home/ubuntu/yocto/rpi-build/tmp/work/x86_64-linux/ncurses-native/6.3+20220423-r0/recipe-sysroot-native/usr/include -O2 -pipe -isystem/home/ubuntu/yocto/rpi-build/tmp/work/x86_64-linux/ncurses-native/6.3+20220423-r0/recipe-sysroot-native/usr/include -D_GNU_SOURCE -D_DEFAULT_SOURCE -D_XOPEN_SOURCE=600 conftest.c >&5
configure:13537: $? = 0
configure:13540: test -s conftest.o
configure:13543: $? = 0
configure:13593: result: no
configure:13606: checking for _LARGEFILE_SOURCE value needed for large files
configure:13626: gcc  -c -isystem/home/ubuntu/yocto/rpi-build/tmp/work/x86_64-linux/ncurses-native/6.3+20220423-r0/recipe-sysroot-native/usr/include -O2 -pipe -isystem/home/ubuntu/yocto/rpi-build/tmp/work/x86_64-linux/ncurses-native/6.3+20220423-r0/recipe-sysroot-native/usr/include -D_GNU_SOURCE -D_DEFAULT_SOURCE -D_XOPEN_SOURCE=600 conftest.c >&5
configure:13629: $? = 0
configure:13632: test -s conftest.o
configure:13635: $? = 0
configure:13677: result: no
configure:13691: checking for fseeko
configure:13709: gcc  -o conftest -isystem/home/ubuntu/yocto/rpi-build/tmp/work/x86_64-linux/ncurses-native/6.3+20220423-r0/recipe-sysroot-native/usr/include -O2 -pipe -isystem/home/ubuntu/yocto/rpi-build/tmp/work/x86_64-linux/ncurses-native/6.3+20220423-r0/recipe-sysroot-native/usr/include -D_GNU_SOURCE -D_DEFAULT_SOURCE -D_XOPEN_SOURCE=600 -L/home/ubuntu/yocto/rpi-build/tmp/work/x86_64-linux/ncurses-native/6.3+20220423-r0/recipe-sysroot-native/usr/lib                         -L/home/ubuntu/yocto/rpi-build/tmp/work/x86_64-linux/ncurses-native/6.3+20220423-r0/recipe-sysroot-native/lib                         -Wl,--enable-new-dtags                         -Wl,-rpath-link,/home/ubuntu/yocto/rpi-build/tmp/work/x86_64-linux/ncurses-native/6.3+20220423-r0/recipe-sysroot-native/usr/lib                         -Wl,-rpath-link,/home/ubuntu/yocto/rpi-build/tmp/work/x86_64-linux/ncurses-native/6.3+20220423-r0/recipe-sysroot-native/lib                         -Wl,-rpath,/home/ubuntu/yocto/rpi-build/tmp/work/x86_64-linux/ncurses-native/6.3+20220423-r0/recipe-sysroot-native/usr/lib                         -Wl,-rpath,/home/ubuntu/yocto/rpi-build/tmp/work/x86_64-linux/ncurses-native/6.3+20220423-r0/recipe-sysroot-native/lib                         -Wl,-O1 -Wl,--allow-shlib-undefined -Wl,--dynamic-linker=/home/ubuntu/yocto/rpi-build/tmp/sysroots-uninative/x86_64-linux/lib/ld-linux-x86-64.so.2 conftest.c  >&5
configure:13712: $? = 0
configure:13715: test -s conftest
configure:13718: $? = 0
configure:13728: result: yes
configure:13767: checking whether to use struct dirent64
configure:13797: gcc  -c -isystem/home/ubuntu/yocto/rpi-build/tmp/work/x86_64-linux/ncurses-native/6.3+20220423-r0/recipe-sysroot-native/usr/include -O2 -pipe -isystem/home/ubuntu/yocto/rpi-build/tmp/work/x86_64-linux/ncurses-native/6.3+20220423-r0/recipe-sysroot-native/usr/include -D_GNU_SOURCE -D_DEFAULT_SOURCE -D_XOPEN_SOURCE=600 conftest.c >&5
configure: In function 'main':
configure:13785:28: error: conflicting types for 'readdir'; have 'struct dirent64 *(DIR *)'
In file included from configure:13778:
/usr/include/dirent.h:162:23: note: previous declaration of 'readdir' with type 'struct dirent *(DIR *)'
  162 | extern struct dirent *readdir (DIR *__dirp) __nonnull ((1));
      |                       ^~~~~~~
configure:13787:22: error: initialization of 'struct dirent *' from incompatible pointer type 'struct dirent64 *' [-Werror=incompatible-pointer-types]
configure:13788:13: error: invalid operands to binary - (have 'struct dirent64 *' and 'struct dirent *')
cc1: some warnings being treated as errors
configure:13800: $? = 1
configure: failed program was:
#line 13774 "configure"
#include "confdefs.h"

#pragma GCC diagnostic error "-Wincompatible-pointer-types"
#include <sys/types.h>
#include <dirent.h>

int
main (void)
{

		/* if transitional largefile support is setup, this is true */
		extern struct dirent64 * readdir(DIR *);
		struct dirent64 *x = readdir((DIR *)0);
		struct dirent *y = readdir((DIR *)0);
		int z = x - y;
		(void)z;

  ;
  return 0;
}
configure:13817: result: no
configure:13827: checking if you want tparm not to use X/Open fixed-parameter list
configure:13837: result: yes
configure:13844: checking if you want tic library to use explicit dependency on ncurses library
configure:13854: result: yes
configure:13861: checking if you want to enable wattr* macros
configure:13873: result: no
configure:13881: checking for X11 rgb file
configure:13953: result: /usr/share/X11/rgb.txt
configure:13967: checking for type of bool
configure:13977: result: auto
configure:13980: checking for alternate terminal capabilities file
configure:13996: result: Caps
configure:14000: checking for type of chtype
configure:14010: result: long
configure:14014: checking for type of ospeed
configure:14024: result: short
configure:14028: checking for type of mmask_t
configure:14038: result: long
configure:14042: checking for size CCHARW_MAX
configure:14052: result: 5
configure:14055: checking for ANSI C header files
configure:14069: gcc  -E -isystem/home/ubuntu/yocto/rpi-build/tmp/work/x86_64-linux/ncurses-native/6.3+20220423-r0/recipe-sysroot-native/usr/include -D_GNU_SOURCE -D_DEFAULT_SOURCE -D_XOPEN_SOURCE=600 conftest.c
configure:14075: $? = 0
configure:14162: gcc  -o conftest -isystem/home/ubuntu/yocto/rpi-build/tmp/work/x86_64-linux/ncurses-native/6.3+20220423-r0/recipe-sysroot-native/usr/include -O2 -pipe -isystem/home/ubuntu/yocto/rpi-build/tmp/work/x86_64-linux/ncurses-native/6.3+20220423-r0/recipe-sysroot-native/usr/include -D_GNU_SOURCE -D_DEFAULT_SOURCE -D_XOPEN_SOURCE=600 -L/home/ubuntu/yocto/rpi-build/tmp/work/x86_64-linux/ncurses-native/6.3+20220423-r0/recipe-sysroot-native/usr/lib                         -L/home/ubuntu/yocto/rpi-build/tmp/work/x86_64-linux/ncurses-native/6.3+20220423-r0/recipe-sysroot-native/lib                         -Wl,--enable-new-dtags                         -Wl,-rpath-link,/home/ubuntu/yocto/rpi-build/tmp/work/x86_64-linux/ncurses-native/6.3+20220423-r0/recipe-sysroot-native/usr/lib                         -Wl,-rpath-link,/home/ubuntu/yocto/rpi-build/tmp/work/x86_64-linux/ncurses-native/6.3+20220423-r0/recipe-sysroot-native/lib                         -Wl,-rpath,/home/ubuntu/yocto/rpi-build/tmp/work/x86_64-linux/ncurses-native/6.3+20220423-r0/recipe-sysroot-native/usr/lib                         -Wl,-rpath,/home/ubuntu/yocto/rpi-build/tmp/work/x86_64-linux/ncurses-native/6.3+20220423-r0/recipe-sysroot-native/lib                         -Wl,-O1 -Wl,--allow-shlib-undefined -Wl,--dynamic-linker=/home/ubuntu/yocto/rpi-build/tmp/sysroots-uninative/x86_64-linux/lib/ld-linux-x86-64.so.2 conftest.c  >&5
configure:14165: $? = 0
configure:14167: ./conftest
configure:14170: $? = 0
configure:14183: result: yes
configure:14199: checking for sys/types.h
configure:14211: gcc  -c -isystem/home/ubuntu/yocto/rpi-build/tmp/work/x86_64-linux/ncurses-native/6.3+20220423-r0/recipe-sysroot-native/usr/include -O2 -pipe -isystem/home/ubuntu/yocto/rpi-build/tmp/work/x86_64-linux/ncurses-native/6.3+20220423-r0/recipe-sysroot-native/usr/include -D_GNU_SOURCE -D_DEFAULT_SOURCE -D_XOPEN_SOURCE=600 conftest.c >&5
configure:14214: $? = 0
configure:14217: test -s conftest.o
configure:14220: $? = 0
configure:14230: result: yes
configure:14199: checking for sys/stat.h
configure:14211: gcc  -c -isystem/home/ubuntu/yocto/rpi-build/tmp/work/x86_64-linux/ncurses-native/6.3+20220423-r0/recipe-sysroot-native/usr/include -O2 -pipe -isystem/home/ubuntu/yocto/rpi-build/tmp/work/x86_64-linux/ncurses-native/6.3+20220423-r0/recipe-sysroot-native/usr/include -D_GNU_SOURCE -D_DEFAULT_SOURCE -D_XOPEN_SOURCE=600 conftest.c >&5
configure:14214: $? = 0
configure:14217: test -s conftest.o
configure:14220: $? = 0
configure:14230: result: yes
configure:14199: checking for stdlib.h
configure:14211: gcc  -c -isystem/home/ubuntu/yocto/rpi-build/tmp/work/x86_64-linux/ncurses-native/6.3+20220423-r0/recipe-sysroot-native/usr/include -O2 -pipe -isystem/home/ubuntu/yocto/rpi-build/tmp/work/x86_64-linux/ncurses-native/6.3+20220423-r0/recipe-sysroot-native/usr/include -D_GNU_SOURCE -D_DEFAULT_SOURCE -D_XOPEN_SOURCE=600 conftest.c >&5
configure:14214: $? = 0
configure:14217: test -s conftest.o
configure:14220: $? = 0
configure:14230: result: yes
configure:14199: checking for string.h
configure:14211: gcc  -c -isystem/home/ubuntu/yocto/rpi-build/tmp/work/x86_64-linux/ncurses-native/6.3+20220423-r0/recipe-sysroot-native/usr/include -O2 -pipe -isystem/home/ubuntu/yocto/rpi-build/tmp/work/x86_64-linux/ncurses-native/6.3+20220423-r0/recipe-sysroot-native/usr/include -D_GNU_SOURCE -D_DEFAULT_SOURCE -D_XOPEN_SOURCE=600 conftest.c >&5
configure:14214: $? = 0
configure:14217: test -s conftest.o
configure:14220: $? = 0
configure:14230: result: yes
configure:14199: checking for memory.h
configure:14211: gcc  -c -isystem/home/ubuntu/yocto/rpi-build/tmp/work/x86_64-linux/ncurses-native/6.3+20220423-r0/recipe-sysroot-native/usr/include -O2 -pipe -isystem/home/ubuntu/yocto/rpi-build/tmp/work/x86_64-linux/ncurses-native/6.3+20220423-r0/recipe-sysroot-native/usr/include -D_GNU_SOURCE -D_DEFAULT_SOURCE -D_XOPEN_SOURCE=600 conftest.c >&5
configure:14214: $? = 0
configure:14217: test -s conftest.o
configure:14220: $? = 0
configure:14230: result: yes
configure:14199: checking for strings.h
configure:14211: gcc  -c -isystem/home/ubuntu/yocto/rpi-build/tmp/work/x86_64-linux/ncurses-native/6.3+20220423-r0/recipe-sysroot-native/usr/include -O2 -pipe -isystem/home/ubuntu/yocto/rpi-build/tmp/work/x86_64-linux/ncurses-native/6.3+20220423-r0/recipe-sysroot-native/usr/include -D_GNU_SOURCE -D_DEFAULT_SOURCE -D_XOPEN_SOURCE=600 conftest.c >&5
configure:14214: $? = 0
configure:14217: test -s conftest.o
configure:14220: $? = 0
configure:14230: result: yes
configure:14199: checking for inttypes.h
configure:14211: gcc  -c -isystem/home/ubuntu/yocto/rpi-build/tmp/work/x86_64-linux/ncurses-native/6.3+20220423-r0/recipe-sysroot-native/usr/include -O2 -pipe -isystem/home/ubuntu/yocto/rpi-build/tmp/work/x86_64-linux/ncurses-native/6.3+20220423-r0/recipe-sysroot-native/usr/include -D_GNU_SOURCE -D_DEFAULT_SOURCE -D_XOPEN_SOURCE=600 conftest.c >&5
configure:14214: $? = 0
configure:14217: test -s conftest.o
configure:14220: $? = 0
configure:14230: result: yes
configure:14199: checking for stdint.h
configure:14211: gcc  -c -isystem/home/ubuntu/yocto/rpi-build/tmp/work/x86_64-linux/ncurses-native/6.3+20220423-r0/recipe-sysroot-native/usr/include -O2 -pipe -isystem/home/ubuntu/yocto/rpi-build/tmp/work/x86_64-linux/ncurses-native/6.3+20220423-r0/recipe-sysroot-native/usr/include -D_GNU_SOURCE -D_DEFAULT_SOURCE -D_XOPEN_SOURCE=600 conftest.c >&5
configure:14214: $? = 0
configure:14217: test -s conftest.o
configure:14220: $? = 0
configure:14230: result: yes
configure:14199: checking for unistd.h
configure:14230: result: yes
configure:14240: checking for signed char
configure:14261: gcc  -c -isystem/home/ubuntu/yocto/rpi-build/tmp/work/x86_64-linux/ncurses-native/6.3+20220423-r0/recipe-sysroot-native/usr/include -O2 -pipe -isystem/home/ubuntu/yocto/rpi-build/tmp/work/x86_64-linux/ncurses-native/6.3+20220423-r0/recipe-sysroot-native/usr/include -D_GNU_SOURCE -D_DEFAULT_SOURCE -D_XOPEN_SOURCE=600 conftest.c >&5
configure:14264: $? = 0
configure:14267: test -s conftest.o
configure:14270: $? = 0
configure:14280: result: yes
configure:14283: checking size of signed char
configure:14447: gcc  -o conftest -isystem/home/ubuntu/yocto/rpi-build/tmp/work/x86_64-linux/ncurses-native/6.3+20220423-r0/recipe-sysroot-native/usr/include -O2 -pipe -isystem/home/ubuntu/yocto/rpi-build/tmp/work/x86_64-linux/ncurses-native/6.3+20220423-r0/recipe-sysroot-native/usr/include -D_GNU_SOURCE -D_DEFAULT_SOURCE -D_XOPEN_SOURCE=600 -L/home/ubuntu/yocto/rpi-build/tmp/work/x86_64-linux/ncurses-native/6.3+20220423-r0/recipe-sysroot-native/usr/lib                         -L/home/ubuntu/yocto/rpi-build/tmp/work/x86_64-linux/ncurses-native/6.3+20220423-r0/recipe-sysroot-native/lib                         -Wl,--enable-new-dtags                         -Wl,-rpath-link,/home/ubuntu/yocto/rpi-build/tmp/work/x86_64-linux/ncurses-native/6.3+20220423-r0/recipe-sysroot-native/usr/lib                         -Wl,-rpath-link,/home/ubuntu/yocto/rpi-build/tmp/work/x86_64-linux/ncurses-native/6.3+20220423-r0/recipe-sysroot-native/lib                         -Wl,-rpath,/home/ubuntu/yocto/rpi-build/tmp/work/x86_64-linux/ncurses-native/6.3+20220423-r0/recipe-sysroot-native/usr/lib                         -Wl,-rpath,/home/ubuntu/yocto/rpi-build/tmp/work/x86_64-linux/ncurses-native/6.3+20220423-r0/recipe-sysroot-native/lib                         -Wl,-O1 -Wl,--allow-shlib-undefined -Wl,--dynamic-linker=/home/ubuntu/yocto/rpi-build/tmp/sysroots-uninative/x86_64-linux/lib/ld-linux-x86-64.so.2 conftest.c  >&5
configure:14450: $? = 0
configure:14452: ./conftest
configure:14455: $? = 0
configure:14471: result: 1
configure:14482: checking if you want to use signed Boolean array in term.h
configure:14492: result: no
configure:14497: checking for type of tparm args
configure:14507: result: long
configure:14511: checking if RCS identifiers should be compiled-in
configure:14521: result: no
configure:14530: checking format of man-pages
configure:14619: result: normal
configure:14626: checking for manpage renaming
configure:14668: result: no
configure:14671: checking if manpage aliases will be installed
configure:14682: result: yes
configure:14696: checking if manpage symlinks should be used
configure:14715: result: yes
configure:14719: checking for manpage tbl
configure:14730: result: no
configure:15064: checking if you want to build with function extensions
configure:15074: result: yes
configure:15134: checking if you want to build with SCREEN extensions
configure:15144: result: no
configure:15163: checking if you want to build with terminal-driver
configure:15173: result: no
configure:15194: checking for extended use of const keyword
configure:15204: result: no
configure:15212: checking if you want to use extended colors
configure:15222: result: no
configure:15265: checking if you want to use extended mouse encoding
configure:15275: result: no
configure:15305: checking if you want to use extended putwin/screendump
configure:15315: result: no
configure:15325: checking if you want $NCURSES_NO_PADDING code
configure:15335: result: yes
configure:15343: checking if you want SIGWINCH handler
configure:15353: result: yes
configure:15361: checking if you want user-definable terminal capabilities like termcap
configure:15371: result: yes
configure:15378: checking if you want to link with the pthread library
configure:15388: result: no
configure:15730: checking if you want reentrant code
configure:15740: result: no
configure:15840: checking if you want opaque curses-library structures
configure:15862: result: no
configure:15871: checking if you want opaque form-library structures
configure:15881: result: no
configure:15884: checking if you want opaque menu-library structures
configure:15894: result: no
configure:15897: checking if you want opaque panel-library structures
configure:15907: result: no
configure:15940: checking if you want all development code
configure:15950: result: no
configure:15954: checking if you want hard-tabs code
configure:15964: result: yes
configure:15972: checking if you want limited support for xmc
configure:15982: result: yes
configure:15992: checking if you do not want to assume colors are white-on-black
configure:16002: result: yes
configure:16010: checking if you want hashmap scrolling-optimization code
configure:16020: result: yes
configure:16028: checking if you want colorfgbg code
configure:16038: result: yes
configure:16046: checking if you want to use gcc -fvisibility option
configure:16056: result: no
configure:16393: checking if you want interop bindings
configure:16403: result: no
configure:16409: checking if you want experimental safe-sprintf code
configure:16419: result: no
configure:16444: checking if you want wgetch-events code
configure:16454: result: no
configure:16505: checking if you want to see long compiling messages
configure:16539: result: yes
configure:16552: checking if you want to install stripped executables
configure:16569: result: no
configure:16580: checking if install accepts -p option
configure:16611: result: yes
configure:16614: checking if install needs to be told about ownership
configure:16625: result: no
configure:16650: checking if you want to use C11 _Noreturn feature
configure:16667: result: no
configure:16882: checking if you want to turn on gcc warnings
configure:16899: result: no
configure:17151: checking for gcc  __attribute__ directives...
checking for gcc  __attribute__((scanf))
configure:17203: gcc  -c -isystem/home/ubuntu/yocto/rpi-build/tmp/work/x86_64-linux/ncurses-native/6.3+20220423-r0/recipe-sysroot-native/usr/include -O2 -pipe -isystem/home/ubuntu/yocto/rpi-build/tmp/work/x86_64-linux/ncurses-native/6.3+20220423-r0/recipe-sysroot-native/usr/include -D_GNU_SOURCE -D_DEFAULT_SOURCE -D_XOPEN_SOURCE=600 conftest.c >&5
configure:17206: $? = 0
checking for gcc  __attribute__((printf))
configure:17203: gcc  -c -isystem/home/ubuntu/yocto/rpi-build/tmp/work/x86_64-linux/ncurses-native/6.3+20220423-r0/recipe-sysroot-native/usr/include -O2 -pipe -isystem/home/ubuntu/yocto/rpi-build/tmp/work/x86_64-linux/ncurses-native/6.3+20220423-r0/recipe-sysroot-native/usr/include -D_GNU_SOURCE -D_DEFAULT_SOURCE -D_XOPEN_SOURCE=600 conftest.c >&5
configure:17206: $? = 0
checking for gcc  __attribute__((unused))
configure:17203: gcc  -c -isystem/home/ubuntu/yocto/rpi-build/tmp/work/x86_64-linux/ncurses-native/6.3+20220423-r0/recipe-sysroot-native/usr/include -O2 -pipe -isystem/home/ubuntu/yocto/rpi-build/tmp/work/x86_64-linux/ncurses-native/6.3+20220423-r0/recipe-sysroot-native/usr/include -D_GNU_SOURCE -D_DEFAULT_SOURCE -D_XOPEN_SOURCE=600 conftest.c >&5
configure:17206: $? = 0
checking for gcc  __attribute__((noreturn))
configure:17203: gcc  -c -isystem/home/ubuntu/yocto/rpi-build/tmp/work/x86_64-linux/ncurses-native/6.3+20220423-r0/recipe-sysroot-native/usr/include -O2 -pipe -isystem/home/ubuntu/yocto/rpi-build/tmp/work/x86_64-linux/ncurses-native/6.3+20220423-r0/recipe-sysroot-native/usr/include -D_GNU_SOURCE -D_DEFAULT_SOURCE -D_XOPEN_SOURCE=600 conftest.c >&5
configure:17206: $? = 0
configure:17566: checking if you want to work around bogus compiler/loader warnings
configure:17576: result: no
configure:17848: checking if you want to enable runtime assertions
configure:17858: result: no
configure:17874: checking if you want to use dmalloc for testing
configure:17896: result: no
configure:18111: checking if you want to use dbmalloc for testing
configure:18133: result: no
configure:18348: checking if you want to use valgrind for testing
configure:18370: result: no
configure:18483: checking if you want to perform memory-leak testing
configure:18494: result: no
configure:18546: checking whether to add trace feature to all models
configure:18556: result: no
configure:18670: checking if we want to use GNAT projects
configure:18687: result: yes
configure:18809: checking for gettimeofday
configure:18846: gcc  -o conftest -isystem/home/ubuntu/yocto/rpi-build/tmp/work/x86_64-linux/ncurses-native/6.3+20220423-r0/recipe-sysroot-native/usr/include -O2 -pipe -isystem/home/ubuntu/yocto/rpi-build/tmp/work/x86_64-linux/ncurses-native/6.3+20220423-r0/recipe-sysroot-native/usr/include -D_GNU_SOURCE -D_DEFAULT_SOURCE -D_XOPEN_SOURCE=600 -DNDEBUG -L/home/ubuntu/yocto/rpi-build/tmp/work/x86_64-linux/ncurses-native/6.3+20220423-r0/recipe-sysroot-native/usr/lib                         -L/home/ubuntu/yocto/rpi-build/tmp/work/x86_64-linux/ncurses-native/6.3+20220423-r0/recipe-sysroot-native/lib                         -Wl,--enable-new-dtags                         -Wl,-rpath-link,/home/ubuntu/yocto/rpi-build/tmp/work/x86_64-linux/ncurses-native/6.3+20220423-r0/recipe-sysroot-native/usr/lib                         -Wl,-rpath-link,/home/ubuntu/yocto/rpi-build/tmp/work/x86_64-linux/ncurses-native/6.3+20220423-r0/recipe-sysroot-native/lib                         -Wl,-rpath,/home/ubuntu/yocto/rpi-build/tmp/work/x86_64-linux/ncurses-native/6.3+20220423-r0/recipe-sysroot-native/usr/lib                         -Wl,-rpath,/home/ubuntu/yocto/rpi-build/tmp/work/x86_64-linux/ncurses-native/6.3+20220423-r0/recipe-sysroot-native/lib                         -Wl,-O1 -Wl,--allow-shlib-undefined -Wl,--dynamic-linker=/home/ubuntu/yocto/rpi-build/tmp/sysroots-uninative/x86_64-linux/lib/ld-linux-x86-64.so.2 conftest.c  >&5
configure:18849: $? = 0
configure:18852: test -s conftest
configure:18855: $? = 0
configure:18865: result: yes
configure:18952: checking if -lm needed for math functions
configure:18975: gcc  -o conftest -isystem/home/ubuntu/yocto/rpi-build/tmp/work/x86_64-linux/ncurses-native/6.3+20220423-r0/recipe-sysroot-native/usr/include -O2 -pipe -isystem/home/ubuntu/yocto/rpi-build/tmp/work/x86_64-linux/ncurses-native/6.3+20220423-r0/recipe-sysroot-native/usr/include -D_GNU_SOURCE -D_DEFAULT_SOURCE -D_XOPEN_SOURCE=600 -DNDEBUG -L/home/ubuntu/yocto/rpi-build/tmp/work/x86_64-linux/ncurses-native/6.3+20220423-r0/recipe-sysroot-native/usr/lib                         -L/home/ubuntu/yocto/rpi-build/tmp/work/x86_64-linux/ncurses-native/6.3+20220423-r0/recipe-sysroot-native/lib                         -Wl,--enable-new-dtags                         -Wl,-rpath-link,/home/ubuntu/yocto/rpi-build/tmp/work/x86_64-linux/ncurses-native/6.3+20220423-r0/recipe-sysroot-native/usr/lib                         -Wl,-rpath-link,/home/ubuntu/yocto/rpi-build/tmp/work/x86_64-linux/ncurses-native/6.3+20220423-r0/recipe-sysroot-native/lib                         -Wl,-rpath,/home/ubuntu/yocto/rpi-build/tmp/work/x86_64-linux/ncurses-native/6.3+20220423-r0/recipe-sysroot-native/usr/lib                         -Wl,-rpath,/home/ubuntu/yocto/rpi-build/tmp/work/x86_64-linux/ncurses-native/6.3+20220423-r0/recipe-sysroot-native/lib                         -Wl,-O1 -Wl,--allow-shlib-undefined -Wl,--dynamic-linker=/home/ubuntu/yocto/rpi-build/tmp/sysroots-uninative/x86_64-linux/lib/ld-linux-x86-64.so.2 conftest.c  >&5
/home/ubuntu/yocto/rpi-build/tmp/hosttools/ld: /tmp/ccb2PMdC.o: in function `main':
conftest.c:(.text.startup+0x20): undefined reference to `sin'
/home/ubuntu/yocto/rpi-build/tmp/hosttools/ld: conftest.c:(.text.startup+0x2b): undefined reference to `pow'
collect2: error: ld returned 1 exit status
configure:18978: $? = 1
configure: failed program was:
#line 18959 "configure"
#include "confdefs.h"

	#include <stdio.h>
	#include <stdlib.h>
	#include <math.h>

int
main (void)
{
double x = rand(); printf("result = %g\n", pow(sin(x),x))
  ;
  return 0;
}
configure:18994: result: yes
configure:19002: checking for ANSI C header files
configure:19130: result: yes
configure:19143: checking for dirent.h that defines DIR
configure:19164: gcc  -c -isystem/home/ubuntu/yocto/rpi-build/tmp/work/x86_64-linux/ncurses-native/6.3+20220423-r0/recipe-sysroot-native/usr/include -O2 -pipe -isystem/home/ubuntu/yocto/rpi-build/tmp/work/x86_64-linux/ncurses-native/6.3+20220423-r0/recipe-sysroot-native/usr/include -D_GNU_SOURCE -D_DEFAULT_SOURCE -D_XOPEN_SOURCE=600 -DNDEBUG conftest.c >&5
configure:19167: $? = 0
configure:19170: test -s conftest.o
configure:19173: $? = 0
configure:19183: result: yes
configure:19196: checking for opendir in -ldir
configure:19223: gcc  -o conftest -isystem/home/ubuntu/yocto/rpi-build/tmp/work/x86_64-linux/ncurses-native/6.3+20220423-r0/recipe-sysroot-native/usr/include -O2 -pipe -isystem/home/ubuntu/yocto/rpi-build/tmp/work/x86_64-linux/ncurses-native/6.3+20220423-r0/recipe-sysroot-native/usr/include -D_GNU_SOURCE -D_DEFAULT_SOURCE -D_XOPEN_SOURCE=600 -DNDEBUG -L/home/ubuntu/yocto/rpi-build/tmp/work/x86_64-linux/ncurses-native/6.3+20220423-r0/recipe-sysroot-native/usr/lib                         -L/home/ubuntu/yocto/rpi-build/tmp/work/x86_64-linux/ncurses-native/6.3+20220423-r0/recipe-sysroot-native/lib                         -Wl,--enable-new-dtags                         -Wl,-rpath-link,/home/ubuntu/yocto/rpi-build/tmp/work/x86_64-linux/ncurses-native/6.3+20220423-r0/recipe-sysroot-native/usr/lib                         -Wl,-rpath-link,/home/ubuntu/yocto/rpi-build/tmp/work/x86_64-linux/ncurses-native/6.3+20220423-r0/recipe-sysroot-native/lib                         -Wl,-rpath,/home/ubuntu/yocto/rpi-build/tmp/work/x86_64-linux/ncurses-native/6.3+20220423-r0/recipe-sysroot-native/usr/lib                         -Wl,-rpath,/home/ubuntu/yocto/rpi-build/tmp/work/x86_64-linux/ncurses-native/6.3+20220423-r0/recipe-sysroot-native/lib                         -Wl,-O1 -Wl,--allow-shlib-undefined -Wl,--dynamic-linker=/home/ubuntu/yocto/rpi-build/tmp/sysroots-uninative/x86_64-linux/lib/ld-linux-x86-64.so.2 conftest.c -ldir   >&5
/home/ubuntu/yocto/rpi-build/tmp/hosttools/ld: cannot find -ldir: No such file or directory
collect2: error: ld returned 1 exit status
configure:19226: $? = 1
configure: failed program was:
#line 19204 "configure"
#include "confdefs.h"

/* Override any gcc2 internal prototype to avoid an error.  */
#ifdef __cplusplus
extern "C"
#endif
/* We use char because int might match the return type of a gcc2
   builtin and then its argument prototype would still apply.  */
char opendir ();
int
main (void)
{
opendir ();
  ;
  return 0;
}
configure:19243: result: no
configure:19305: checking whether time.h and sys/time.h may both be included
configure:19327: gcc  -c -isystem/home/ubuntu/yocto/rpi-build/tmp/work/x86_64-linux/ncurses-native/6.3+20220423-r0/recipe-sysroot-native/usr/include -O2 -pipe -isystem/home/ubuntu/yocto/rpi-build/tmp/work/x86_64-linux/ncurses-native/6.3+20220423-r0/recipe-sysroot-native/usr/include -D_GNU_SOURCE -D_DEFAULT_SOURCE -D_XOPEN_SOURCE=600 -DNDEBUG conftest.c >&5
configure:19330: $? = 0
configure:19333: test -s conftest.o
configure:19336: $? = 0
configure:19346: result: yes
configure:19714: checking for regcomp
configure:19751: gcc  -o conftest -isystem/home/ubuntu/yocto/rpi-build/tmp/work/x86_64-linux/ncurses-native/6.3+20220423-r0/recipe-sysroot-native/usr/include -O2 -pipe -isystem/home/ubuntu/yocto/rpi-build/tmp/work/x86_64-linux/ncurses-native/6.3+20220423-r0/recipe-sysroot-native/usr/include -D_GNU_SOURCE -D_DEFAULT_SOURCE -D_XOPEN_SOURCE=600 -DNDEBUG -L/home/ubuntu/yocto/rpi-build/tmp/work/x86_64-linux/ncurses-native/6.3+20220423-r0/recipe-sysroot-native/usr/lib                         -L/home/ubuntu/yocto/rpi-build/tmp/work/x86_64-linux/ncurses-native/6.3+20220423-r0/recipe-sysroot-native/lib                         -Wl,--enable-new-dtags                         -Wl,-rpath-link,/home/ubuntu/yocto/rpi-build/tmp/work/x86_64-linux/ncurses-native/6.3+20220423-r0/recipe-sysroot-native/usr/lib                         -Wl,-rpath-link,/home/ubuntu/yocto/rpi-build/tmp/work/x86_64-linux/ncurses-native/6.3+20220423-r0/recipe-sysroot-native/lib                         -Wl,-rpath,/home/ubuntu/yocto/rpi-build/tmp/work/x86_64-linux/ncurses-native/6.3+20220423-r0/recipe-sysroot-native/usr/lib                         -Wl,-rpath,/home/ubuntu/yocto/rpi-build/tmp/work/x86_64-linux/ncurses-native/6.3+20220423-r0/recipe-sysroot-native/lib                         -Wl,-O1 -Wl,--allow-shlib-undefined -Wl,--dynamic-linker=/home/ubuntu/yocto/rpi-build/tmp/sysroots-uninative/x86_64-linux/lib/ld-linux-x86-64.so.2 conftest.c  >&5
configure:19754: $? = 0
configure:19757: test -s conftest
configure:19760: $? = 0
configure:19770: result: yes
configure:19999: checking for regular-expression headers
configure:20074: gcc  -o conftest -isystem/home/ubuntu/yocto/rpi-build/tmp/work/x86_64-linux/ncurses-native/6.3+20220423-r0/recipe-sysroot-native/usr/include -O2 -pipe -isystem/home/ubuntu/yocto/rpi-build/tmp/work/x86_64-linux/ncurses-native/6.3+20220423-r0/recipe-sysroot-native/usr/include -D_GNU_SOURCE -D_DEFAULT_SOURCE -D_XOPEN_SOURCE=600 -DNDEBUG -L/home/ubuntu/yocto/rpi-build/tmp/work/x86_64-linux/ncurses-native/6.3+20220423-r0/recipe-sysroot-native/usr/lib                         -L/home/ubuntu/yocto/rpi-build/tmp/work/x86_64-linux/ncurses-native/6.3+20220423-r0/recipe-sysroot-native/lib                         -Wl,--enable-new-dtags                         -Wl,-rpath-link,/home/ubuntu/yocto/rpi-build/tmp/work/x86_64-linux/ncurses-native/6.3+20220423-r0/recipe-sysroot-native/usr/lib                         -Wl,-rpath-link,/home/ubuntu/yocto/rpi-build/tmp/work/x86_64-linux/ncurses-native/6.3+20220423-r0/recipe-sysroot-native/lib                         -Wl,-rpath,/home/ubuntu/yocto/rpi-build/tmp/work/x86_64-linux/ncurses-native/6.3+20220423-r0/recipe-sysroot-native/usr/lib                         -Wl,-rpath,/home/ubuntu/yocto/rpi-build/tmp/work/x86_64-linux/ncurses-native/6.3+20220423-r0/recipe-sysroot-native/lib                         -Wl,-O1 -Wl,--allow-shlib-undefined -Wl,--dynamic-linker=/home/ubuntu/yocto/rpi-build/tmp/sysroots-uninative/x86_64-linux/lib/ld-linux-x86-64.so.2 conftest.c  >&5
configure:20077: $? = 0
configure:20080: test -s conftest
configure:20083: $? = 0
configure:20099: result: regex.h
configure:20140: checking for fcntl.h
configure:20150: gcc  -E -isystem/home/ubuntu/yocto/rpi-build/tmp/work/x86_64-linux/ncurses-native/6.3+20220423-r0/recipe-sysroot-native/usr/include -D_GNU_SOURCE -D_DEFAULT_SOURCE -D_XOPEN_SOURCE=600 -DNDEBUG conftest.c
configure:20156: $? = 0
configure:20175: result: yes
configure:20140: checking for getopt.h
configure:20150: gcc  -E -isystem/home/ubuntu/yocto/rpi-build/tmp/work/x86_64-linux/ncurses-native/6.3+20220423-r0/recipe-sysroot-native/usr/include -D_GNU_SOURCE -D_DEFAULT_SOURCE -D_XOPEN_SOURCE=600 -DNDEBUG conftest.c
configure:20156: $? = 0
configure:20175: result: yes
configure:20140: checking for limits.h
configure:20150: gcc  -E -isystem/home/ubuntu/yocto/rpi-build/tmp/work/x86_64-linux/ncurses-native/6.3+20220423-r0/recipe-sysroot-native/usr/include -D_GNU_SOURCE -D_DEFAULT_SOURCE -D_XOPEN_SOURCE=600 -DNDEBUG conftest.c
configure:20156: $? = 0
configure:20175: result: yes
configure:20140: checking for locale.h
configure:20150: gcc  -E -isystem/home/ubuntu/yocto/rpi-build/tmp/work/x86_64-linux/ncurses-native/6.3+20220423-r0/recipe-sysroot-native/usr/include -D_GNU_SOURCE -D_DEFAULT_SOURCE -D_XOPEN_SOURCE=600 -DNDEBUG conftest.c
configure:20156: $? = 0
configure:20175: result: yes
configure:20140: checking for math.h
configure:20150: gcc  -E -isystem/home/ubuntu/yocto/rpi-build/tmp/work/x86_64-linux/ncurses-native/6.3+20220423-r0/recipe-sysroot-native/usr/include -D_GNU_SOURCE -D_DEFAULT_SOURCE -D_XOPEN_SOURCE=600 -DNDEBUG conftest.c
configure:20156: $? = 0
configure:20175: result: yes
configure:20140: checking for poll.h
configure:20150: gcc  -E -isystem/home/ubuntu/yocto/rpi-build/tmp/work/x86_64-linux/ncurses-native/6.3+20220423-r0/recipe-sysroot-native/usr/include -D_GNU_SOURCE -D_DEFAULT_SOURCE -D_XOPEN_SOURCE=600 -DNDEBUG conftest.c
configure:20156: $? = 0
configure:20175: result: yes
configure:20140: checking for sys/ioctl.h
configure:20150: gcc  -E -isystem/home/ubuntu/yocto/rpi-build/tmp/work/x86_64-linux/ncurses-native/6.3+20220423-r0/recipe-sysroot-native/usr/include -D_GNU_SOURCE -D_DEFAULT_SOURCE -D_XOPEN_SOURCE=600 -DNDEBUG conftest.c
configure:20156: $? = 0
configure:20175: result: yes
configure:20140: checking for sys/param.h
configure:20150: gcc  -E -isystem/home/ubuntu/yocto/rpi-build/tmp/work/x86_64-linux/ncurses-native/6.3+20220423-r0/recipe-sysroot-native/usr/include -D_GNU_SOURCE -D_DEFAULT_SOURCE -D_XOPEN_SOURCE=600 -DNDEBUG conftest.c
configure:20156: $? = 0
configure:20175: result: yes
configure:20140: checking for sys/poll.h
configure:20150: gcc  -E -isystem/home/ubuntu/yocto/rpi-build/tmp/work/x86_64-linux/ncurses-native/6.3+20220423-r0/recipe-sysroot-native/usr/include -D_GNU_SOURCE -D_DEFAULT_SOURCE -D_XOPEN_SOURCE=600 -DNDEBUG conftest.c
configure:20156: $? = 0
configure:20175: result: yes
configure:20140: checking for sys/select.h
configure:20150: gcc  -E -isystem/home/ubuntu/yocto/rpi-build/tmp/work/x86_64-linux/ncurses-native/6.3+20220423-r0/recipe-sysroot-native/usr/include -D_GNU_SOURCE -D_DEFAULT_SOURCE -D_XOPEN_SOURCE=600 -DNDEBUG conftest.c
configure:20156: $? = 0
configure:20175: result: yes
configure:20140: checking for sys/time.h
configure:20150: gcc  -E -isystem/home/ubuntu/yocto/rpi-build/tmp/work/x86_64-linux/ncurses-native/6.3+20220423-r0/recipe-sysroot-native/usr/include -D_GNU_SOURCE -D_DEFAULT_SOURCE -D_XOPEN_SOURCE=600 -DNDEBUG conftest.c
configure:20156: $? = 0
configure:20175: result: yes
configure:20140: checking for sys/times.h
configure:20150: gcc  -E -isystem/home/ubuntu/yocto/rpi-build/tmp/work/x86_64-linux/ncurses-native/6.3+20220423-r0/recipe-sysroot-native/usr/include -D_GNU_SOURCE -D_DEFAULT_SOURCE -D_XOPEN_SOURCE=600 -DNDEBUG conftest.c
configure:20156: $? = 0
configure:20175: result: yes
configure:20140: checking for unistd.h
configure:20175: result: yes
configure:20140: checking for wctype.h
configure:20150: gcc  -E -isystem/home/ubuntu/yocto/rpi-build/tmp/work/x86_64-linux/ncurses-native/6.3+20220423-r0/recipe-sysroot-native/usr/include -D_GNU_SOURCE -D_DEFAULT_SOURCE -D_XOPEN_SOURCE=600 -DNDEBUG conftest.c
configure:20156: $? = 0
configure:20175: result: yes
configure:20188: checking for unistd.h
configure:20223: result: yes
configure:20188: checking for getopt.h
configure:20223: result: yes
configure:20233: checking for header declaring getopt variables
configure:20256: gcc  -c -isystem/home/ubuntu/yocto/rpi-build/tmp/work/x86_64-linux/ncurses-native/6.3+20220423-r0/recipe-sysroot-native/usr/include -O2 -pipe -isystem/home/ubuntu/yocto/rpi-build/tmp/work/x86_64-linux/ncurses-native/6.3+20220423-r0/recipe-sysroot-native/usr/include -D_GNU_SOURCE -D_DEFAULT_SOURCE -D_XOPEN_SOURCE=600 -DNDEBUG conftest.c >&5
configure: In function 'main':
configure:20249:9: error: 'optind' undeclared (first use in this function)
configure:20249:9: note: each undeclared identifier is reported only once for each function it appears in
configure:20249:27: error: 'optarg' undeclared (first use in this function)
configure:20259: $? = 1
configure: failed program was:
#line 20243 "configure"
#include "confdefs.h"

#include <stdio.h>
int
main (void)
{
int x = optind; char *y = optarg; (void)x; (void)y
  ;
  return 0;
}
configure:20256: gcc  -c -isystem/home/ubuntu/yocto/rpi-build/tmp/work/x86_64-linux/ncurses-native/6.3+20220423-r0/recipe-sysroot-native/usr/include -O2 -pipe -isystem/home/ubuntu/yocto/rpi-build/tmp/work/x86_64-linux/ncurses-native/6.3+20220423-r0/recipe-sysroot-native/usr/include -D_GNU_SOURCE -D_DEFAULT_SOURCE -D_XOPEN_SOURCE=600 -DNDEBUG conftest.c >&5
configure: In function 'main':
configure:20249:9: error: 'optind' undeclared (first use in this function)
configure:20249:9: note: each undeclared identifier is reported only once for each function it appears in
configure:20249:27: error: 'optarg' undeclared (first use in this function)
configure:20259: $? = 1
configure: failed program was:
#line 20243 "configure"
#include "confdefs.h"

#include <stdlib.h>
int
main (void)
{
int x = optind; char *y = optarg; (void)x; (void)y
  ;
  return 0;
}
configure:20256: gcc  -c -isystem/home/ubuntu/yocto/rpi-build/tmp/work/x86_64-linux/ncurses-native/6.3+20220423-r0/recipe-sysroot-native/usr/include -O2 -pipe -isystem/home/ubuntu/yocto/rpi-build/tmp/work/x86_64-linux/ncurses-native/6.3+20220423-r0/recipe-sysroot-native/usr/include -D_GNU_SOURCE -D_DEFAULT_SOURCE -D_XOPEN_SOURCE=600 -DNDEBUG conftest.c >&5
configure:20259: $? = 0
configure:20262: test -s conftest.o
configure:20265: $? = 0
configure:20277: result: unistd.h
configure:20294: checking if external environ is declared
configure:20317: gcc  -c -isystem/home/ubuntu/yocto/rpi-build/tmp/work/x86_64-linux/ncurses-native/6.3+20220423-r0/recipe-sysroot-native/usr/include -O2 -pipe -isystem/home/ubuntu/yocto/rpi-build/tmp/work/x86_64-linux/ncurses-native/6.3+20220423-r0/recipe-sysroot-native/usr/include -D_GNU_SOURCE -D_DEFAULT_SOURCE -D_XOPEN_SOURCE=600 -DNDEBUG conftest.c >&5
configure: In function 'main':
configure:20310:9: warning: cast from pointer to integer of different size [-Wpointer-to-int-cast]
configure:20320: $? = 0
configure:20323: test -s conftest.o
configure:20326: $? = 0
configure:20337: result: yes
configure:20352: checking if external environ exists
configure:20374: gcc  -o conftest -isystem/home/ubuntu/yocto/rpi-build/tmp/work/x86_64-linux/ncurses-native/6.3+20220423-r0/recipe-sysroot-native/usr/include -O2 -pipe -isystem/home/ubuntu/yocto/rpi-build/tmp/work/x86_64-linux/ncurses-native/6.3+20220423-r0/recipe-sysroot-native/usr/include -D_GNU_SOURCE -D_DEFAULT_SOURCE -D_XOPEN_SOURCE=600 -DNDEBUG -L/home/ubuntu/yocto/rpi-build/tmp/work/x86_64-linux/ncurses-native/6.3+20220423-r0/recipe-sysroot-native/usr/lib                         -L/home/ubuntu/yocto/rpi-build/tmp/work/x86_64-linux/ncurses-native/6.3+20220423-r0/recipe-sysroot-native/lib                         -Wl,--enable-new-dtags                         -Wl,-rpath-link,/home/ubuntu/yocto/rpi-build/tmp/work/x86_64-linux/ncurses-native/6.3+20220423-r0/recipe-sysroot-native/usr/lib                         -Wl,-rpath-link,/home/ubuntu/yocto/rpi-build/tmp/work/x86_64-linux/ncurses-native/6.3+20220423-r0/recipe-sysroot-native/lib                         -Wl,-rpath,/home/ubuntu/yocto/rpi-build/tmp/work/x86_64-linux/ncurses-native/6.3+20220423-r0/recipe-sysroot-native/usr/lib                         -Wl,-rpath,/home/ubuntu/yocto/rpi-build/tmp/work/x86_64-linux/ncurses-native/6.3+20220423-r0/recipe-sysroot-native/lib                         -Wl,-O1 -Wl,--allow-shlib-undefined -Wl,--dynamic-linker=/home/ubuntu/yocto/rpi-build/tmp/sysroots-uninative/x86_64-linux/lib/ld-linux-x86-64.so.2 conftest.c  >&5
configure:20377: $? = 0
configure:20380: test -s conftest
configure:20383: $? = 0
configure:20394: result: yes
configure:20407: checking for getenv
configure:20444: gcc  -o conftest -isystem/home/ubuntu/yocto/rpi-build/tmp/work/x86_64-linux/ncurses-native/6.3+20220423-r0/recipe-sysroot-native/usr/include -O2 -pipe -isystem/home/ubuntu/yocto/rpi-build/tmp/work/x86_64-linux/ncurses-native/6.3+20220423-r0/recipe-sysroot-native/usr/include -D_GNU_SOURCE -D_DEFAULT_SOURCE -D_XOPEN_SOURCE=600 -DNDEBUG -L/home/ubuntu/yocto/rpi-build/tmp/work/x86_64-linux/ncurses-native/6.3+20220423-r0/recipe-sysroot-native/usr/lib                         -L/home/ubuntu/yocto/rpi-build/tmp/work/x86_64-linux/ncurses-native/6.3+20220423-r0/recipe-sysroot-native/lib                         -Wl,--enable-new-dtags                         -Wl,-rpath-link,/home/ubuntu/yocto/rpi-build/tmp/work/x86_64-linux/ncurses-native/6.3+20220423-r0/recipe-sysroot-native/usr/lib                         -Wl,-rpath-link,/home/ubuntu/yocto/rpi-build/tmp/work/x86_64-linux/ncurses-native/6.3+20220423-r0/recipe-sysroot-native/lib                         -Wl,-rpath,/home/ubuntu/yocto/rpi-build/tmp/work/x86_64-linux/ncurses-native/6.3+20220423-r0/recipe-sysroot-native/usr/lib                         -Wl,-rpath,/home/ubuntu/yocto/rpi-build/tmp/work/x86_64-linux/ncurses-native/6.3+20220423-r0/recipe-sysroot-native/lib                         -Wl,-O1 -Wl,--allow-shlib-undefined -Wl,--dynamic-linker=/home/ubuntu/yocto/rpi-build/tmp/sysroots-uninative/x86_64-linux/lib/ld-linux-x86-64.so.2 conftest.c  >&5
configure:20447: $? = 0
configure:20450: test -s conftest
configure:20453: $? = 0
configure:20463: result: yes
configure:20469: checking for putenv
configure:20506: gcc  -o conftest -isystem/home/ubuntu/yocto/rpi-build/tmp/work/x86_64-linux/ncurses-native/6.3+20220423-r0/recipe-sysroot-native/usr/include -O2 -pipe -isystem/home/ubuntu/yocto/rpi-build/tmp/work/x86_64-linux/ncurses-native/6.3+20220423-r0/recipe-sysroot-native/usr/include -D_GNU_SOURCE -D_DEFAULT_SOURCE -D_XOPEN_SOURCE=600 -DNDEBUG -L/home/ubuntu/yocto/rpi-build/tmp/work/x86_64-linux/ncurses-native/6.3+20220423-r0/recipe-sysroot-native/usr/lib                         -L/home/ubuntu/yocto/rpi-build/tmp/work/x86_64-linux/ncurses-native/6.3+20220423-r0/recipe-sysroot-native/lib                         -Wl,--enable-new-dtags                         -Wl,-rpath-link,/home/ubuntu/yocto/rpi-build/tmp/work/x86_64-linux/ncurses-native/6.3+20220423-r0/recipe-sysroot-native/usr/lib                         -Wl,-rpath-link,/home/ubuntu/yocto/rpi-build/tmp/work/x86_64-linux/ncurses-native/6.3+20220423-r0/recipe-sysroot-native/lib                         -Wl,-rpath,/home/ubuntu/yocto/rpi-build/tmp/work/x86_64-linux/ncurses-native/6.3+20220423-r0/recipe-sysroot-native/usr/lib                         -Wl,-rpath,/home/ubuntu/yocto/rpi-build/tmp/work/x86_64-linux/ncurses-native/6.3+20220423-r0/recipe-sysroot-native/lib                         -Wl,-O1 -Wl,--allow-shlib-undefined -Wl,--dynamic-linker=/home/ubuntu/yocto/rpi-build/tmp/sysroots-uninative/x86_64-linux/lib/ld-linux-x86-64.so.2 conftest.c  >&5
configure:20509: $? = 0
configure:20512: test -s conftest
configure:20515: $? = 0
configure:20525: result: yes
configure:20469: checking for setenv
configure:20506: gcc  -o conftest -isystem/home/ubuntu/yocto/rpi-build/tmp/work/x86_64-linux/ncurses-native/6.3+20220423-r0/recipe-sysroot-native/usr/include -O2 -pipe -isystem/home/ubuntu/yocto/rpi-build/tmp/work/x86_64-linux/ncurses-native/6.3+20220423-r0/recipe-sysroot-native/usr/include -D_GNU_SOURCE -D_DEFAULT_SOURCE -D_XOPEN_SOURCE=600 -DNDEBUG -L/home/ubuntu/yocto/rpi-build/tmp/work/x86_64-linux/ncurses-native/6.3+20220423-r0/recipe-sysroot-native/usr/lib                         -L/home/ubuntu/yocto/rpi-build/tmp/work/x86_64-linux/ncurses-native/6.3+20220423-r0/recipe-sysroot-native/lib                         -Wl,--enable-new-dtags                         -Wl,-rpath-link,/home/ubuntu/yocto/rpi-build/tmp/work/x86_64-linux/ncurses-native/6.3+20220423-r0/recipe-sysroot-native/usr/lib                         -Wl,-rpath-link,/home/ubuntu/yocto/rpi-build/tmp/work/x86_64-linux/ncurses-native/6.3+20220423-r0/recipe-sysroot-native/lib                         -Wl,-rpath,/home/ubuntu/yocto/rpi-build/tmp/work/x86_64-linux/ncurses-native/6.3+20220423-r0/recipe-sysroot-native/usr/lib                         -Wl,-rpath,/home/ubuntu/yocto/rpi-build/tmp/work/x86_64-linux/ncurses-native/6.3+20220423-r0/recipe-sysroot-native/lib                         -Wl,-O1 -Wl,--allow-shlib-undefined -Wl,--dynamic-linker=/home/ubuntu/yocto/rpi-build/tmp/sysroots-uninative/x86_64-linux/lib/ld-linux-x86-64.so.2 conftest.c  >&5
configure:20509: $? = 0
configure:20512: test -s conftest
configure:20515: $? = 0
configure:20525: result: yes
configure:20469: checking for strdup
configure:20506: gcc  -o conftest -isystem/home/ubuntu/yocto/rpi-build/tmp/work/x86_64-linux/ncurses-native/6.3+20220423-r0/recipe-sysroot-native/usr/include -O2 -pipe -isystem/home/ubuntu/yocto/rpi-build/tmp/work/x86_64-linux/ncurses-native/6.3+20220423-r0/recipe-sysroot-native/usr/include -D_GNU_SOURCE -D_DEFAULT_SOURCE -D_XOPEN_SOURCE=600 -DNDEBUG -L/home/ubuntu/yocto/rpi-build/tmp/work/x86_64-linux/ncurses-native/6.3+20220423-r0/recipe-sysroot-native/usr/lib                         -L/home/ubuntu/yocto/rpi-build/tmp/work/x86_64-linux/ncurses-native/6.3+20220423-r0/recipe-sysroot-native/lib                         -Wl,--enable-new-dtags                         -Wl,-rpath-link,/home/ubuntu/yocto/rpi-build/tmp/work/x86_64-linux/ncurses-native/6.3+20220423-r0/recipe-sysroot-native/usr/lib                         -Wl,-rpath-link,/home/ubuntu/yocto/rpi-build/tmp/work/x86_64-linux/ncurses-native/6.3+20220423-r0/recipe-sysroot-native/lib                         -Wl,-rpath,/home/ubuntu/yocto/rpi-build/tmp/work/x86_64-linux/ncurses-native/6.3+20220423-r0/recipe-sysroot-native/usr/lib                         -Wl,-rpath,/home/ubuntu/yocto/rpi-build/tmp/work/x86_64-linux/ncurses-native/6.3+20220423-r0/recipe-sysroot-native/lib                         -Wl,-O1 -Wl,--allow-shlib-undefined -Wl,--dynamic-linker=/home/ubuntu/yocto/rpi-build/tmp/sysroots-uninative/x86_64-linux/lib/ld-linux-x86-64.so.2 conftest.c  >&5
configure:20486:6: warning: conflicting types for built-in function 'strdup'; expected 'char *(const char *)' [-Wbuiltin-declaration-mismatch]
configure:20509: $? = 0
configure:20512: test -s conftest
configure:20515: $? = 0
configure:20525: result: yes
configure:20535: checking if getenv returns consistent values
configure:20654: gcc  -o conftest -isystem/home/ubuntu/yocto/rpi-build/tmp/work/x86_64-linux/ncurses-native/6.3+20220423-r0/recipe-sysroot-native/usr/include -O2 -pipe -isystem/home/ubuntu/yocto/rpi-build/tmp/work/x86_64-linux/ncurses-native/6.3+20220423-r0/recipe-sysroot-native/usr/include -D_GNU_SOURCE -D_DEFAULT_SOURCE -D_XOPEN_SOURCE=600 -DNDEBUG -L/home/ubuntu/yocto/rpi-build/tmp/work/x86_64-linux/ncurses-native/6.3+20220423-r0/recipe-sysroot-native/usr/lib                         -L/home/ubuntu/yocto/rpi-build/tmp/work/x86_64-linux/ncurses-native/6.3+20220423-r0/recipe-sysroot-native/lib                         -Wl,--enable-new-dtags                         -Wl,-rpath-link,/home/ubuntu/yocto/rpi-build/tmp/work/x86_64-linux/ncurses-native/6.3+20220423-r0/recipe-sysroot-native/usr/lib                         -Wl,-rpath-link,/home/ubuntu/yocto/rpi-build/tmp/work/x86_64-linux/ncurses-native/6.3+20220423-r0/recipe-sysroot-native/lib                         -Wl,-rpath,/home/ubuntu/yocto/rpi-build/tmp/work/x86_64-linux/ncurses-native/6.3+20220423-r0/recipe-sysroot-native/usr/lib                         -Wl,-rpath,/home/ubuntu/yocto/rpi-build/tmp/work/x86_64-linux/ncurses-native/6.3+20220423-r0/recipe-sysroot-native/lib                         -Wl,-O1 -Wl,--allow-shlib-undefined -Wl,--dynamic-linker=/home/ubuntu/yocto/rpi-build/tmp/sysroots-uninative/x86_64-linux/lib/ld-linux-x86-64.so.2 conftest.c  >&5
configure:20657: $? = 0
configure:20659: ./conftest
configure:20662: $? = 0
configure:20675: result: yes
configure:20694: checking if sys/time.h works with sys/select.h
configure:20721: gcc  -c -isystem/home/ubuntu/yocto/rpi-build/tmp/work/x86_64-linux/ncurses-native/6.3+20220423-r0/recipe-sysroot-native/usr/include -O2 -pipe -isystem/home/ubuntu/yocto/rpi-build/tmp/work/x86_64-linux/ncurses-native/6.3+20220423-r0/recipe-sysroot-native/usr/include -D_GNU_SOURCE -D_DEFAULT_SOURCE -D_XOPEN_SOURCE=600 -DNDEBUG conftest.c >&5
configure:20724: $? = 0
configure:20727: test -s conftest.o
configure:20730: $? = 0
configure:20742: result: yes
configure:20757: checking for an ANSI C-conforming const
configure:20821: gcc  -c -isystem/home/ubuntu/yocto/rpi-build/tmp/work/x86_64-linux/ncurses-native/6.3+20220423-r0/recipe-sysroot-native/usr/include -O2 -pipe -isystem/home/ubuntu/yocto/rpi-build/tmp/work/x86_64-linux/ncurses-native/6.3+20220423-r0/recipe-sysroot-native/usr/include -D_GNU_SOURCE -D_DEFAULT_SOURCE -D_XOPEN_SOURCE=600 -DNDEBUG conftest.c >&5
configure:20824: $? = 0
configure:20827: test -s conftest.o
configure:20830: $? = 0
configure:20840: result: yes
configure:20850: checking for inline
configure:20867: gcc  -c -isystem/home/ubuntu/yocto/rpi-build/tmp/work/x86_64-linux/ncurses-native/6.3+20220423-r0/recipe-sysroot-native/usr/include -O2 -pipe -isystem/home/ubuntu/yocto/rpi-build/tmp/work/x86_64-linux/ncurses-native/6.3+20220423-r0/recipe-sysroot-native/usr/include -D_GNU_SOURCE -D_DEFAULT_SOURCE -D_XOPEN_SOURCE=600 -DNDEBUG conftest.c >&5
configure:20870: $? = 0
configure:20873: test -s conftest.o
configure:20876: $? = 0
configure:20887: result: inline
configure:20913: checking if gcc  supports options to tune inlining
configure:20934: gcc  -c -isystem/home/ubuntu/yocto/rpi-build/tmp/work/x86_64-linux/ncurses-native/6.3+20220423-r0/recipe-sysroot-native/usr/include -O2 -pipe --param max-inline-insns-single=1200 -isystem/home/ubuntu/yocto/rpi-build/tmp/work/x86_64-linux/ncurses-native/6.3+20220423-r0/recipe-sysroot-native/usr/include -D_GNU_SOURCE -D_DEFAULT_SOURCE -D_XOPEN_SOURCE=600 -DNDEBUG conftest.c >&5
configure:20937: $? = 0
configure:20940: test -s conftest.o
configure:20943: $? = 0
configure:20955: result: yes
configure:21061: checking for signal global datatype
configure:21097: gcc  -c -isystem/home/ubuntu/yocto/rpi-build/tmp/work/x86_64-linux/ncurses-native/6.3+20220423-r0/recipe-sysroot-native/usr/include -O2 -pipe --param max-inline-insns-single=1200 -isystem/home/ubuntu/yocto/rpi-build/tmp/work/x86_64-linux/ncurses-native/6.3+20220423-r0/recipe-sysroot-native/usr/include -D_GNU_SOURCE -D_DEFAULT_SOURCE -D_XOPEN_SOURCE=600 -DNDEBUG conftest.c >&5
configure:21100: $? = 0
configure:21103: test -s conftest.o
configure:21106: $? = 0
configure:21120: result: volatile sig_atomic_t
configure:21209: checking if unsigned literals are legal
configure:21228: gcc  -c -isystem/home/ubuntu/yocto/rpi-build/tmp/work/x86_64-linux/ncurses-native/6.3+20220423-r0/recipe-sysroot-native/usr/include -O2 -pipe --param max-inline-insns-single=1200 -isystem/home/ubuntu/yocto/rpi-build/tmp/work/x86_64-linux/ncurses-native/6.3+20220423-r0/recipe-sysroot-native/usr/include -D_GNU_SOURCE -D_DEFAULT_SOURCE -D_XOPEN_SOURCE=600 -DNDEBUG conftest.c >&5
configure:21231: $? = 0
configure:21234: test -s conftest.o
configure:21237: $? = 0
configure:21249: result: yes
configure:21265: checking if external errno is declared
configure:21290: gcc  -c -isystem/home/ubuntu/yocto/rpi-build/tmp/work/x86_64-linux/ncurses-native/6.3+20220423-r0/recipe-sysroot-native/usr/include -O2 -pipe --param max-inline-insns-single=1200 -isystem/home/ubuntu/yocto/rpi-build/tmp/work/x86_64-linux/ncurses-native/6.3+20220423-r0/recipe-sysroot-native/usr/include -D_GNU_SOURCE -D_DEFAULT_SOURCE -D_XOPEN_SOURCE=600 -DNDEBUG conftest.c >&5
configure:21293: $? = 0
configure:21296: test -s conftest.o
configure:21299: $? = 0
configure:21310: result: yes
configure:21325: checking if external errno exists
configure:21347: gcc  -o conftest -isystem/home/ubuntu/yocto/rpi-build/tmp/work/x86_64-linux/ncurses-native/6.3+20220423-r0/recipe-sysroot-native/usr/include -O2 -pipe --param max-inline-insns-single=1200 -isystem/home/ubuntu/yocto/rpi-build/tmp/work/x86_64-linux/ncurses-native/6.3+20220423-r0/recipe-sysroot-native/usr/include -D_GNU_SOURCE -D_DEFAULT_SOURCE -D_XOPEN_SOURCE=600 -DNDEBUG -L/home/ubuntu/yocto/rpi-build/tmp/work/x86_64-linux/ncurses-native/6.3+20220423-r0/recipe-sysroot-native/usr/lib                         -L/home/ubuntu/yocto/rpi-build/tmp/work/x86_64-linux/ncurses-native/6.3+20220423-r0/recipe-sysroot-native/lib                         -Wl,--enable-new-dtags                         -Wl,-rpath-link,/home/ubuntu/yocto/rpi-build/tmp/work/x86_64-linux/ncurses-native/6.3+20220423-r0/recipe-sysroot-native/usr/lib                         -Wl,-rpath-link,/home/ubuntu/yocto/rpi-build/tmp/work/x86_64-linux/ncurses-native/6.3+20220423-r0/recipe-sysroot-native/lib                         -Wl,-rpath,/home/ubuntu/yocto/rpi-build/tmp/work/x86_64-linux/ncurses-native/6.3+20220423-r0/recipe-sysroot-native/usr/lib                         -Wl,-rpath,/home/ubuntu/yocto/rpi-build/tmp/work/x86_64-linux/ncurses-native/6.3+20220423-r0/recipe-sysroot-native/lib                         -Wl,-O1 -Wl,--allow-shlib-undefined -Wl,--dynamic-linker=/home/ubuntu/yocto/rpi-build/tmp/sysroots-uninative/x86_64-linux/lib/ld-linux-x86-64.so.2 conftest.c  >&5
/home/ubuntu/yocto/rpi-build/tmp/hosttools/ld: errno: TLS definition in /lib/x86_64-linux-gnu/libc.so.6 section .tbss mismatches non-TLS reference in /tmp/ccdyvHFe.o
/home/ubuntu/yocto/rpi-build/tmp/hosttools/ld: /lib/x86_64-linux-gnu/libc.so.6: error adding symbols: bad value
collect2: error: ld returned 1 exit status
configure:21350: $? = 1
configure: failed program was:
#line 21332 "configure"
#include "confdefs.h"

#undef errno
extern int errno;

int
main (void)
{
errno = 2
  ;
  return 0;
}
configure:21367: result: no
configure:21380: checking if data-only library module links
configure:21391: gcc  -c -isystem/home/ubuntu/yocto/rpi-build/tmp/work/x86_64-linux/ncurses-native/6.3+20220423-r0/recipe-sysroot-native/usr/include -O2 -pipe --param max-inline-insns-single=1200 -isystem/home/ubuntu/yocto/rpi-build/tmp/work/x86_64-linux/ncurses-native/6.3+20220423-r0/recipe-sysroot-native/usr/include -D_GNU_SOURCE -D_DEFAULT_SOURCE -D_XOPEN_SOURCE=600 -DNDEBUG conftest.c >&5
configure:21394: $? = 0
configure:21414: gcc  -c -isystem/home/ubuntu/yocto/rpi-build/tmp/work/x86_64-linux/ncurses-native/6.3+20220423-r0/recipe-sysroot-native/usr/include -O2 -pipe --param max-inline-insns-single=1200 -isystem/home/ubuntu/yocto/rpi-build/tmp/work/x86_64-linux/ncurses-native/6.3+20220423-r0/recipe-sysroot-native/usr/include -D_GNU_SOURCE -D_DEFAULT_SOURCE -D_XOPEN_SOURCE=600 -DNDEBUG conftest.c >&5
configure:21417: $? = 0
configure:21441: gcc  -o conftest -isystem/home/ubuntu/yocto/rpi-build/tmp/work/x86_64-linux/ncurses-native/6.3+20220423-r0/recipe-sysroot-native/usr/include -O2 -pipe --param max-inline-insns-single=1200 -isystem/home/ubuntu/yocto/rpi-build/tmp/work/x86_64-linux/ncurses-native/6.3+20220423-r0/recipe-sysroot-native/usr/include -D_GNU_SOURCE -D_DEFAULT_SOURCE -D_XOPEN_SOURCE=600 -DNDEBUG -L/home/ubuntu/yocto/rpi-build/tmp/work/x86_64-linux/ncurses-native/6.3+20220423-r0/recipe-sysroot-native/usr/lib                         -L/home/ubuntu/yocto/rpi-build/tmp/work/x86_64-linux/ncurses-native/6.3+20220423-r0/recipe-sysroot-native/lib                         -Wl,--enable-new-dtags                         -Wl,-rpath-link,/home/ubuntu/yocto/rpi-build/tmp/work/x86_64-linux/ncurses-native/6.3+20220423-r0/recipe-sysroot-native/usr/lib                         -Wl,-rpath-link,/home/ubuntu/yocto/rpi-build/tmp/work/x86_64-linux/ncurses-native/6.3+20220423-r0/recipe-sysroot-native/lib                         -Wl,-rpath,/home/ubuntu/yocto/rpi-build/tmp/work/x86_64-linux/ncurses-native/6.3+20220423-r0/recipe-sysroot-native/usr/lib                         -Wl,-rpath,/home/ubuntu/yocto/rpi-build/tmp/work/x86_64-linux/ncurses-native/6.3+20220423-r0/recipe-sysroot-native/lib                         -Wl,-O1 -Wl,--allow-shlib-undefined -Wl,--dynamic-linker=/home/ubuntu/yocto/rpi-build/tmp/sysroots-uninative/x86_64-linux/lib/ld-linux-x86-64.so.2 conftest.c conftest.a  >&5
configure:21444: $? = 0
configure:21446: ./conftest
configure:21449: $? = 0
configure:21464: result: yes
configure:21507: checking for getcwd
configure:21544: gcc  -o conftest -isystem/home/ubuntu/yocto/rpi-build/tmp/work/x86_64-linux/ncurses-native/6.3+20220423-r0/recipe-sysroot-native/usr/include -O2 -pipe --param max-inline-insns-single=1200 -isystem/home/ubuntu/yocto/rpi-build/tmp/work/x86_64-linux/ncurses-native/6.3+20220423-r0/recipe-sysroot-native/usr/include -D_GNU_SOURCE -D_DEFAULT_SOURCE -D_XOPEN_SOURCE=600 -DNDEBUG -L/home/ubuntu/yocto/rpi-build/tmp/work/x86_64-linux/ncurses-native/6.3+20220423-r0/recipe-sysroot-native/usr/lib                         -L/home/ubuntu/yocto/rpi-build/tmp/work/x86_64-linux/ncurses-native/6.3+20220423-r0/recipe-sysroot-native/lib                         -Wl,--enable-new-dtags                         -Wl,-rpath-link,/home/ubuntu/yocto/rpi-build/tmp/work/x86_64-linux/ncurses-native/6.3+20220423-r0/recipe-sysroot-native/usr/lib                         -Wl,-rpath-link,/home/ubuntu/yocto/rpi-build/tmp/work/x86_64-linux/ncurses-native/6.3+20220423-r0/recipe-sysroot-native/lib                         -Wl,-rpath,/home/ubuntu/yocto/rpi-build/tmp/work/x86_64-linux/ncurses-native/6.3+20220423-r0/recipe-sysroot-native/usr/lib                         -Wl,-rpath,/home/ubuntu/yocto/rpi-build/tmp/work/x86_64-linux/ncurses-native/6.3+20220423-r0/recipe-sysroot-native/lib                         -Wl,-O1 -Wl,--allow-shlib-undefined -Wl,--dynamic-linker=/home/ubuntu/yocto/rpi-build/tmp/sysroots-uninative/x86_64-linux/lib/ld-linux-x86-64.so.2 conftest.c  >&5
configure:21547: $? = 0
configure:21550: test -s conftest
configure:21553: $? = 0
configure:21563: result: yes
configure:21507: checking for getegid
configure:21544: gcc  -o conftest -isystem/home/ubuntu/yocto/rpi-build/tmp/work/x86_64-linux/ncurses-native/6.3+20220423-r0/recipe-sysroot-native/usr/include -O2 -pipe --param max-inline-insns-single=1200 -isystem/home/ubuntu/yocto/rpi-build/tmp/work/x86_64-linux/ncurses-native/6.3+20220423-r0/recipe-sysroot-native/usr/include -D_GNU_SOURCE -D_DEFAULT_SOURCE -D_XOPEN_SOURCE=600 -DNDEBUG -L/home/ubuntu/yocto/rpi-build/tmp/work/x86_64-linux/ncurses-native/6.3+20220423-r0/recipe-sysroot-native/usr/lib                         -L/home/ubuntu/yocto/rpi-build/tmp/work/x86_64-linux/ncurses-native/6.3+20220423-r0/recipe-sysroot-native/lib                         -Wl,--enable-new-dtags                         -Wl,-rpath-link,/home/ubuntu/yocto/rpi-build/tmp/work/x86_64-linux/ncurses-native/6.3+20220423-r0/recipe-sysroot-native/usr/lib                         -Wl,-rpath-link,/home/ubuntu/yocto/rpi-build/tmp/work/x86_64-linux/ncurses-native/6.3+20220423-r0/recipe-sysroot-native/lib                         -Wl,-rpath,/home/ubuntu/yocto/rpi-build/tmp/work/x86_64-linux/ncurses-native/6.3+20220423-r0/recipe-sysroot-native/usr/lib                         -Wl,-rpath,/home/ubuntu/yocto/rpi-build/tmp/work/x86_64-linux/ncurses-native/6.3+20220423-r0/recipe-sysroot-native/lib                         -Wl,-O1 -Wl,--allow-shlib-undefined -Wl,--dynamic-linker=/home/ubuntu/yocto/rpi-build/tmp/sysroots-uninative/x86_64-linux/lib/ld-linux-x86-64.so.2 conftest.c  >&5
configure:21547: $? = 0
configure:21550: test -s conftest
configure:21553: $? = 0
configure:21563: result: yes
configure:21507: checking for geteuid
configure:21544: gcc  -o conftest -isystem/home/ubuntu/yocto/rpi-build/tmp/work/x86_64-linux/ncurses-native/6.3+20220423-r0/recipe-sysroot-native/usr/include -O2 -pipe --param max-inline-insns-single=1200 -isystem/home/ubuntu/yocto/rpi-build/tmp/work/x86_64-linux/ncurses-native/6.3+20220423-r0/recipe-sysroot-native/usr/include -D_GNU_SOURCE -D_DEFAULT_SOURCE -D_XOPEN_SOURCE=600 -DNDEBUG -L/home/ubuntu/yocto/rpi-build/tmp/work/x86_64-linux/ncurses-native/6.3+20220423-r0/recipe-sysroot-native/usr/lib                         -L/home/ubuntu/yocto/rpi-build/tmp/work/x86_64-linux/ncurses-native/6.3+20220423-r0/recipe-sysroot-native/lib                         -Wl,--enable-new-dtags                         -Wl,-rpath-link,/home/ubuntu/yocto/rpi-build/tmp/work/x86_64-linux/ncurses-native/6.3+20220423-r0/recipe-sysroot-native/usr/lib                         -Wl,-rpath-link,/home/ubuntu/yocto/rpi-build/tmp/work/x86_64-linux/ncurses-native/6.3+20220423-r0/recipe-sysroot-native/lib                         -Wl,-rpath,/home/ubuntu/yocto/rpi-build/tmp/work/x86_64-linux/ncurses-native/6.3+20220423-r0/recipe-sysroot-native/usr/lib                         -Wl,-rpath,/home/ubuntu/yocto/rpi-build/tmp/work/x86_64-linux/ncurses-native/6.3+20220423-r0/recipe-sysroot-native/lib                         -Wl,-O1 -Wl,--allow-shlib-undefined -Wl,--dynamic-linker=/home/ubuntu/yocto/rpi-build/tmp/sysroots-uninative/x86_64-linux/lib/ld-linux-x86-64.so.2 conftest.c  >&5
configure:21547: $? = 0
configure:21550: test -s conftest
configure:21553: $? = 0
configure:21563: result: yes
configure:21507: checking for getopt
configure:21544: gcc  -o conftest -isystem/home/ubuntu/yocto/rpi-build/tmp/work/x86_64-linux/ncurses-native/6.3+20220423-r0/recipe-sysroot-native/usr/include -O2 -pipe --param max-inline-insns-single=1200 -isystem/home/ubuntu/yocto/rpi-build/tmp/work/x86_64-linux/ncurses-native/6.3+20220423-r0/recipe-sysroot-native/usr/include -D_GNU_SOURCE -D_DEFAULT_SOURCE -D_XOPEN_SOURCE=600 -DNDEBUG -L/home/ubuntu/yocto/rpi-build/tmp/work/x86_64-linux/ncurses-native/6.3+20220423-r0/recipe-sysroot-native/usr/lib                         -L/home/ubuntu/yocto/rpi-build/tmp/work/x86_64-linux/ncurses-native/6.3+20220423-r0/recipe-sysroot-native/lib                         -Wl,--enable-new-dtags                         -Wl,-rpath-link,/home/ubuntu/yocto/rpi-build/tmp/work/x86_64-linux/ncurses-native/6.3+20220423-r0/recipe-sysroot-native/usr/lib                         -Wl,-rpath-link,/home/ubuntu/yocto/rpi-build/tmp/work/x86_64-linux/ncurses-native/6.3+20220423-r0/recipe-sysroot-native/lib                         -Wl,-rpath,/home/ubuntu/yocto/rpi-build/tmp/work/x86_64-linux/ncurses-native/6.3+20220423-r0/recipe-sysroot-native/usr/lib                         -Wl,-rpath,/home/ubuntu/yocto/rpi-build/tmp/work/x86_64-linux/ncurses-native/6.3+20220423-r0/recipe-sysroot-native/lib                         -Wl,-O1 -Wl,--allow-shlib-undefined -Wl,--dynamic-linker=/home/ubuntu/yocto/rpi-build/tmp/sysroots-uninative/x86_64-linux/lib/ld-linux-x86-64.so.2 conftest.c  >&5
configure:21547: $? = 0
configure:21550: test -s conftest
configure:21553: $? = 0
configure:21563: result: yes
configure:21507: checking for issetugid
configure:21544: gcc  -o conftest -isystem/home/ubuntu/yocto/rpi-build/tmp/work/x86_64-linux/ncurses-native/6.3+20220423-r0/recipe-sysroot-native/usr/include -O2 -pipe --param max-inline-insns-single=1200 -isystem/home/ubuntu/yocto/rpi-build/tmp/work/x86_64-linux/ncurses-native/6.3+20220423-r0/recipe-sysroot-native/usr/include -D_GNU_SOURCE -D_DEFAULT_SOURCE -D_XOPEN_SOURCE=600 -DNDEBUG -L/home/ubuntu/yocto/rpi-build/tmp/work/x86_64-linux/ncurses-native/6.3+20220423-r0/recipe-sysroot-native/usr/lib                         -L/home/ubuntu/yocto/rpi-build/tmp/work/x86_64-linux/ncurses-native/6.3+20220423-r0/recipe-sysroot-native/lib                         -Wl,--enable-new-dtags                         -Wl,-rpath-link,/home/ubuntu/yocto/rpi-build/tmp/work/x86_64-linux/ncurses-native/6.3+20220423-r0/recipe-sysroot-native/usr/lib                         -Wl,-rpath-link,/home/ubuntu/yocto/rpi-build/tmp/work/x86_64-linux/ncurses-native/6.3+20220423-r0/recipe-sysroot-native/lib                         -Wl,-rpath,/home/ubuntu/yocto/rpi-build/tmp/work/x86_64-linux/ncurses-native/6.3+20220423-r0/recipe-sysroot-native/usr/lib                         -Wl,-rpath,/home/ubuntu/yocto/rpi-build/tmp/work/x86_64-linux/ncurses-native/6.3+20220423-r0/recipe-sysroot-native/lib                         -Wl,-O1 -Wl,--allow-shlib-undefined -Wl,--dynamic-linker=/home/ubuntu/yocto/rpi-build/tmp/sysroots-uninative/x86_64-linux/lib/ld-linux-x86-64.so.2 conftest.c  >&5
/home/ubuntu/yocto/rpi-build/tmp/hosttools/ld: /tmp/ccbKM67e.o: in function `main':
conftest.c:(.text.startup+0x9): undefined reference to `issetugid'
collect2: error: ld returned 1 exit status
configure:21547: $? = 1
configure: failed program was:
#line 21513 "configure"
#include "confdefs.h"
#define issetugid autoconf_temporary
#include <limits.h>	/* least-intrusive standard header which defines gcc2 __stub macros */
#undef issetugid

#ifdef __cplusplus
extern "C"
#endif

/* We use char because int might match the return type of a gcc2
   builtin and then its argument prototype would still apply.  */
char issetugid (void);

int
main (void)
{

/* The GNU C library defines stubs for functions which it implements
    to always fail with ENOSYS.  Some functions are actually named
    something starting with __ and the normal name is an alias.  */
#if defined (__stub_issetugid) || defined (__stub___issetugid)
#error found stub for issetugid
#endif

	return issetugid ();
  ;
  return 0;
}
configure:21563: result: no
configure:21507: checking for localeconv
configure:21544: gcc  -o conftest -isystem/home/ubuntu/yocto/rpi-build/tmp/work/x86_64-linux/ncurses-native/6.3+20220423-r0/recipe-sysroot-native/usr/include -O2 -pipe --param max-inline-insns-single=1200 -isystem/home/ubuntu/yocto/rpi-build/tmp/work/x86_64-linux/ncurses-native/6.3+20220423-r0/recipe-sysroot-native/usr/include -D_GNU_SOURCE -D_DEFAULT_SOURCE -D_XOPEN_SOURCE=600 -DNDEBUG -L/home/ubuntu/yocto/rpi-build/tmp/work/x86_64-linux/ncurses-native/6.3+20220423-r0/recipe-sysroot-native/usr/lib                         -L/home/ubuntu/yocto/rpi-build/tmp/work/x86_64-linux/ncurses-native/6.3+20220423-r0/recipe-sysroot-native/lib                         -Wl,--enable-new-dtags                         -Wl,-rpath-link,/home/ubuntu/yocto/rpi-build/tmp/work/x86_64-linux/ncurses-native/6.3+20220423-r0/recipe-sysroot-native/usr/lib                         -Wl,-rpath-link,/home/ubuntu/yocto/rpi-build/tmp/work/x86_64-linux/ncurses-native/6.3+20220423-r0/recipe-sysroot-native/lib                         -Wl,-rpath,/home/ubuntu/yocto/rpi-build/tmp/work/x86_64-linux/ncurses-native/6.3+20220423-r0/recipe-sysroot-native/usr/lib                         -Wl,-rpath,/home/ubuntu/yocto/rpi-build/tmp/work/x86_64-linux/ncurses-native/6.3+20220423-r0/recipe-sysroot-native/lib                         -Wl,-O1 -Wl,--allow-shlib-undefined -Wl,--dynamic-linker=/home/ubuntu/yocto/rpi-build/tmp/sysroots-uninative/x86_64-linux/lib/ld-linux-x86-64.so.2 conftest.c  >&5
configure:21547: $? = 0
configure:21550: test -s conftest
configure:21553: $? = 0
configure:21563: result: yes
configure:21507: checking for poll
configure:21544: gcc  -o conftest -isystem/home/ubuntu/yocto/rpi-build/tmp/work/x86_64-linux/ncurses-native/6.3+20220423-r0/recipe-sysroot-native/usr/include -O2 -pipe --param max-inline-insns-single=1200 -isystem/home/ubuntu/yocto/rpi-build/tmp/work/x86_64-linux/ncurses-native/6.3+20220423-r0/recipe-sysroot-native/usr/include -D_GNU_SOURCE -D_DEFAULT_SOURCE -D_XOPEN_SOURCE=600 -DNDEBUG -L/home/ubuntu/yocto/rpi-build/tmp/work/x86_64-linux/ncurses-native/6.3+20220423-r0/recipe-sysroot-native/usr/lib                         -L/home/ubuntu/yocto/rpi-build/tmp/work/x86_64-linux/ncurses-native/6.3+20220423-r0/recipe-sysroot-native/lib                         -Wl,--enable-new-dtags                         -Wl,-rpath-link,/home/ubuntu/yocto/rpi-build/tmp/work/x86_64-linux/ncurses-native/6.3+20220423-r0/recipe-sysroot-native/usr/lib                         -Wl,-rpath-link,/home/ubuntu/yocto/rpi-build/tmp/work/x86_64-linux/ncurses-native/6.3+20220423-r0/recipe-sysroot-native/lib                         -Wl,-rpath,/home/ubuntu/yocto/rpi-build/tmp/work/x86_64-linux/ncurses-native/6.3+20220423-r0/recipe-sysroot-native/usr/lib                         -Wl,-rpath,/home/ubuntu/yocto/rpi-build/tmp/work/x86_64-linux/ncurses-native/6.3+20220423-r0/recipe-sysroot-native/lib                         -Wl,-O1 -Wl,--allow-shlib-undefined -Wl,--dynamic-linker=/home/ubuntu/yocto/rpi-build/tmp/sysroots-uninative/x86_64-linux/lib/ld-linux-x86-64.so.2 conftest.c  >&5
configure:21547: $? = 0
configure:21550: test -s conftest
configure:21553: $? = 0
configure:21563: result: yes
configure:21507: checking for putenv
configure:21563: result: yes
configure:21507: checking for remove
configure:21563: result: yes
configure:21507: checking for select
configure:21544: gcc  -o conftest -isystem/home/ubuntu/yocto/rpi-build/tmp/work/x86_64-linux/ncurses-native/6.3+20220423-r0/recipe-sysroot-native/usr/include -O2 -pipe --param max-inline-insns-single=1200 -isystem/home/ubuntu/yocto/rpi-build/tmp/work/x86_64-linux/ncurses-native/6.3+20220423-r0/recipe-sysroot-native/usr/include -D_GNU_SOURCE -D_DEFAULT_SOURCE -D_XOPEN_SOURCE=600 -DNDEBUG -L/home/ubuntu/yocto/rpi-build/tmp/work/x86_64-linux/ncurses-native/6.3+20220423-r0/recipe-sysroot-native/usr/lib                         -L/home/ubuntu/yocto/rpi-build/tmp/work/x86_64-linux/ncurses-native/6.3+20220423-r0/recipe-sysroot-native/lib                         -Wl,--enable-new-dtags                         -Wl,-rpath-link,/home/ubuntu/yocto/rpi-build/tmp/work/x86_64-linux/ncurses-native/6.3+20220423-r0/recipe-sysroot-native/usr/lib                         -Wl,-rpath-link,/home/ubuntu/yocto/rpi-build/tmp/work/x86_64-linux/ncurses-native/6.3+20220423-r0/recipe-sysroot-native/lib                         -Wl,-rpath,/home/ubuntu/yocto/rpi-build/tmp/work/x86_64-linux/ncurses-native/6.3+20220423-r0/recipe-sysroot-native/usr/lib                         -Wl,-rpath,/home/ubuntu/yocto/rpi-build/tmp/work/x86_64-linux/ncurses-native/6.3+20220423-r0/recipe-sysroot-native/lib                         -Wl,-O1 -Wl,--allow-shlib-undefined -Wl,--dynamic-linker=/home/ubuntu/yocto/rpi-build/tmp/sysroots-uninative/x86_64-linux/lib/ld-linux-x86-64.so.2 conftest.c  >&5
configure:21547: $? = 0
configure:21550: test -s conftest
configure:21553: $? = 0
configure:21563: result: yes
configure:21507: checking for setbuf
configure:21544: gcc  -o conftest -isystem/home/ubuntu/yocto/rpi-build/tmp/work/x86_64-linux/ncurses-native/6.3+20220423-r0/recipe-sysroot-native/usr/include -O2 -pipe --param max-inline-insns-single=1200 -isystem/home/ubuntu/yocto/rpi-build/tmp/work/x86_64-linux/ncurses-native/6.3+20220423-r0/recipe-sysroot-native/usr/include -D_GNU_SOURCE -D_DEFAULT_SOURCE -D_XOPEN_SOURCE=600 -DNDEBUG -L/home/ubuntu/yocto/rpi-build/tmp/work/x86_64-linux/ncurses-native/6.3+20220423-r0/recipe-sysroot-native/usr/lib                         -L/home/ubuntu/yocto/rpi-build/tmp/work/x86_64-linux/ncurses-native/6.3+20220423-r0/recipe-sysroot-native/lib                         -Wl,--enable-new-dtags                         -Wl,-rpath-link,/home/ubuntu/yocto/rpi-build/tmp/work/x86_64-linux/ncurses-native/6.3+20220423-r0/recipe-sysroot-native/usr/lib                         -Wl,-rpath-link,/home/ubuntu/yocto/rpi-build/tmp/work/x86_64-linux/ncurses-native/6.3+20220423-r0/recipe-sysroot-native/lib                         -Wl,-rpath,/home/ubuntu/yocto/rpi-build/tmp/work/x86_64-linux/ncurses-native/6.3+20220423-r0/recipe-sysroot-native/usr/lib                         -Wl,-rpath,/home/ubuntu/yocto/rpi-build/tmp/work/x86_64-linux/ncurses-native/6.3+20220423-r0/recipe-sysroot-native/lib                         -Wl,-O1 -Wl,--allow-shlib-undefined -Wl,--dynamic-linker=/home/ubuntu/yocto/rpi-build/tmp/sysroots-uninative/x86_64-linux/lib/ld-linux-x86-64.so.2 conftest.c  >&5
configure:21547: $? = 0
configure:21550: test -s conftest
configure:21553: $? = 0
configure:21563: result: yes
configure:21507: checking for setbuffer
configure:21544: gcc  -o conftest -isystem/home/ubuntu/yocto/rpi-build/tmp/work/x86_64-linux/ncurses-native/6.3+20220423-r0/recipe-sysroot-native/usr/include -O2 -pipe --param max-inline-insns-single=1200 -isystem/home/ubuntu/yocto/rpi-build/tmp/work/x86_64-linux/ncurses-native/6.3+20220423-r0/recipe-sysroot-native/usr/include -D_GNU_SOURCE -D_DEFAULT_SOURCE -D_XOPEN_SOURCE=600 -DNDEBUG -L/home/ubuntu/yocto/rpi-build/tmp/work/x86_64-linux/ncurses-native/6.3+20220423-r0/recipe-sysroot-native/usr/lib                         -L/home/ubuntu/yocto/rpi-build/tmp/work/x86_64-linux/ncurses-native/6.3+20220423-r0/recipe-sysroot-native/lib                         -Wl,--enable-new-dtags                         -Wl,-rpath-link,/home/ubuntu/yocto/rpi-build/tmp/work/x86_64-linux/ncurses-native/6.3+20220423-r0/recipe-sysroot-native/usr/lib                         -Wl,-rpath-link,/home/ubuntu/yocto/rpi-build/tmp/work/x86_64-linux/ncurses-native/6.3+20220423-r0/recipe-sysroot-native/lib                         -Wl,-rpath,/home/ubuntu/yocto/rpi-build/tmp/work/x86_64-linux/ncurses-native/6.3+20220423-r0/recipe-sysroot-native/usr/lib                         -Wl,-rpath,/home/ubuntu/yocto/rpi-build/tmp/work/x86_64-linux/ncurses-native/6.3+20220423-r0/recipe-sysroot-native/lib                         -Wl,-O1 -Wl,--allow-shlib-undefined -Wl,--dynamic-linker=/home/ubuntu/yocto/rpi-build/tmp/sysroots-uninative/x86_64-linux/lib/ld-linux-x86-64.so.2 conftest.c  >&5
configure:21547: $? = 0
configure:21550: test -s conftest
configure:21553: $? = 0
configure:21563: result: yes
configure:21507: checking for setenv
configure:21563: result: yes
configure:21507: checking for setfsuid
configure:21544: gcc  -o conftest -isystem/home/ubuntu/yocto/rpi-build/tmp/work/x86_64-linux/ncurses-native/6.3+20220423-r0/recipe-sysroot-native/usr/include -O2 -pipe --param max-inline-insns-single=1200 -isystem/home/ubuntu/yocto/rpi-build/tmp/work/x86_64-linux/ncurses-native/6.3+20220423-r0/recipe-sysroot-native/usr/include -D_GNU_SOURCE -D_DEFAULT_SOURCE -D_XOPEN_SOURCE=600 -DNDEBUG -L/home/ubuntu/yocto/rpi-build/tmp/work/x86_64-linux/ncurses-native/6.3+20220423-r0/recipe-sysroot-native/usr/lib                         -L/home/ubuntu/yocto/rpi-build/tmp/work/x86_64-linux/ncurses-native/6.3+20220423-r0/recipe-sysroot-native/lib                         -Wl,--enable-new-dtags                         -Wl,-rpath-link,/home/ubuntu/yocto/rpi-build/tmp/work/x86_64-linux/ncurses-native/6.3+20220423-r0/recipe-sysroot-native/usr/lib                         -Wl,-rpath-link,/home/ubuntu/yocto/rpi-build/tmp/work/x86_64-linux/ncurses-native/6.3+20220423-r0/recipe-sysroot-native/lib                         -Wl,-rpath,/home/ubuntu/yocto/rpi-build/tmp/work/x86_64-linux/ncurses-native/6.3+20220423-r0/recipe-sysroot-native/usr/lib                         -Wl,-rpath,/home/ubuntu/yocto/rpi-build/tmp/work/x86_64-linux/ncurses-native/6.3+20220423-r0/recipe-sysroot-native/lib                         -Wl,-O1 -Wl,--allow-shlib-undefined -Wl,--dynamic-linker=/home/ubuntu/yocto/rpi-build/tmp/sysroots-uninative/x86_64-linux/lib/ld-linux-x86-64.so.2 conftest.c  >&5
configure:21547: $? = 0
configure:21550: test -s conftest
configure:21553: $? = 0
configure:21563: result: yes
configure:21507: checking for setvbuf
configure:21544: gcc  -o conftest -isystem/home/ubuntu/yocto/rpi-build/tmp/work/x86_64-linux/ncurses-native/6.3+20220423-r0/recipe-sysroot-native/usr/include -O2 -pipe --param max-inline-insns-single=1200 -isystem/home/ubuntu/yocto/rpi-build/tmp/work/x86_64-linux/ncurses-native/6.3+20220423-r0/recipe-sysroot-native/usr/include -D_GNU_SOURCE -D_DEFAULT_SOURCE -D_XOPEN_SOURCE=600 -DNDEBUG -L/home/ubuntu/yocto/rpi-build/tmp/work/x86_64-linux/ncurses-native/6.3+20220423-r0/recipe-sysroot-native/usr/lib                         -L/home/ubuntu/yocto/rpi-build/tmp/work/x86_64-linux/ncurses-native/6.3+20220423-r0/recipe-sysroot-native/lib                         -Wl,--enable-new-dtags                         -Wl,-rpath-link,/home/ubuntu/yocto/rpi-build/tmp/work/x86_64-linux/ncurses-native/6.3+20220423-r0/recipe-sysroot-native/usr/lib                         -Wl,-rpath-link,/home/ubuntu/yocto/rpi-build/tmp/work/x86_64-linux/ncurses-native/6.3+20220423-r0/recipe-sysroot-native/lib                         -Wl,-rpath,/home/ubuntu/yocto/rpi-build/tmp/work/x86_64-linux/ncurses-native/6.3+20220423-r0/recipe-sysroot-native/usr/lib                         -Wl,-rpath,/home/ubuntu/yocto/rpi-build/tmp/work/x86_64-linux/ncurses-native/6.3+20220423-r0/recipe-sysroot-native/lib                         -Wl,-O1 -Wl,--allow-shlib-undefined -Wl,--dynamic-linker=/home/ubuntu/yocto/rpi-build/tmp/sysroots-uninative/x86_64-linux/lib/ld-linux-x86-64.so.2 conftest.c  >&5
configure:21547: $? = 0
configure:21550: test -s conftest
configure:21553: $? = 0
configure:21563: result: yes
configure:21507: checking for sigaction
configure:21544: gcc  -o conftest -isystem/home/ubuntu/yocto/rpi-build/tmp/work/x86_64-linux/ncurses-native/6.3+20220423-r0/recipe-sysroot-native/usr/include -O2 -pipe --param max-inline-insns-single=1200 -isystem/home/ubuntu/yocto/rpi-build/tmp/work/x86_64-linux/ncurses-native/6.3+20220423-r0/recipe-sysroot-native/usr/include -D_GNU_SOURCE -D_DEFAULT_SOURCE -D_XOPEN_SOURCE=600 -DNDEBUG -L/home/ubuntu/yocto/rpi-build/tmp/work/x86_64-linux/ncurses-native/6.3+20220423-r0/recipe-sysroot-native/usr/lib                         -L/home/ubuntu/yocto/rpi-build/tmp/work/x86_64-linux/ncurses-native/6.3+20220423-r0/recipe-sysroot-native/lib                         -Wl,--enable-new-dtags                         -Wl,-rpath-link,/home/ubuntu/yocto/rpi-build/tmp/work/x86_64-linux/ncurses-native/6.3+20220423-r0/recipe-sysroot-native/usr/lib                         -Wl,-rpath-link,/home/ubuntu/yocto/rpi-build/tmp/work/x86_64-linux/ncurses-native/6.3+20220423-r0/recipe-sysroot-native/lib                         -Wl,-rpath,/home/ubuntu/yocto/rpi-build/tmp/work/x86_64-linux/ncurses-native/6.3+20220423-r0/recipe-sysroot-native/usr/lib                         -Wl,-rpath,/home/ubuntu/yocto/rpi-build/tmp/work/x86_64-linux/ncurses-native/6.3+20220423-r0/recipe-sysroot-native/lib                         -Wl,-O1 -Wl,--allow-shlib-undefined -Wl,--dynamic-linker=/home/ubuntu/yocto/rpi-build/tmp/sysroots-uninative/x86_64-linux/lib/ld-linux-x86-64.so.2 conftest.c  >&5
configure:21547: $? = 0
configure:21550: test -s conftest
configure:21553: $? = 0
configure:21563: result: yes
configure:21507: checking for sigvec
configure:21544: gcc  -o conftest -isystem/home/ubuntu/yocto/rpi-build/tmp/work/x86_64-linux/ncurses-native/6.3+20220423-r0/recipe-sysroot-native/usr/include -O2 -pipe --param max-inline-insns-single=1200 -isystem/home/ubuntu/yocto/rpi-build/tmp/work/x86_64-linux/ncurses-native/6.3+20220423-r0/recipe-sysroot-native/usr/include -D_GNU_SOURCE -D_DEFAULT_SOURCE -D_XOPEN_SOURCE=600 -DNDEBUG -L/home/ubuntu/yocto/rpi-build/tmp/work/x86_64-linux/ncurses-native/6.3+20220423-r0/recipe-sysroot-native/usr/lib                         -L/home/ubuntu/yocto/rpi-build/tmp/work/x86_64-linux/ncurses-native/6.3+20220423-r0/recipe-sysroot-native/lib                         -Wl,--enable-new-dtags                         -Wl,-rpath-link,/home/ubuntu/yocto/rpi-build/tmp/work/x86_64-linux/ncurses-native/6.3+20220423-r0/recipe-sysroot-native/usr/lib                         -Wl,-rpath-link,/home/ubuntu/yocto/rpi-build/tmp/work/x86_64-linux/ncurses-native/6.3+20220423-r0/recipe-sysroot-native/lib                         -Wl,-rpath,/home/ubuntu/yocto/rpi-build/tmp/work/x86_64-linux/ncurses-native/6.3+20220423-r0/recipe-sysroot-native/usr/lib                         -Wl,-rpath,/home/ubuntu/yocto/rpi-build/tmp/work/x86_64-linux/ncurses-native/6.3+20220423-r0/recipe-sysroot-native/lib                         -Wl,-O1 -Wl,--allow-shlib-undefined -Wl,--dynamic-linker=/home/ubuntu/yocto/rpi-build/tmp/sysroots-uninative/x86_64-linux/lib/ld-linux-x86-64.so.2 conftest.c  >&5
/home/ubuntu/yocto/rpi-build/tmp/hosttools/ld: /tmp/ccuPMTDe.o: in function `main':
conftest.c:(.text.startup+0x9): undefined reference to `sigvec'
collect2: error: ld returned 1 exit status
configure:21547: $? = 1
configure: failed program was:
#line 21513 "configure"
#include "confdefs.h"
#define sigvec autoconf_temporary
#include <limits.h>	/* least-intrusive standard header which defines gcc2 __stub macros */
#undef sigvec

#ifdef __cplusplus
extern "C"
#endif

/* We use char because int might match the return type of a gcc2
   builtin and then its argument prototype would still apply.  */
char sigvec (void);

int
main (void)
{

/* The GNU C library defines stubs for functions which it implements
    to always fail with ENOSYS.  Some functions are actually named
    something starting with __ and the normal name is an alias.  */
#if defined (__stub_sigvec) || defined (__stub___sigvec)
#error found stub for sigvec
#endif

	return sigvec ();
  ;
  return 0;
}
configure:21563: result: no
configure:21507: checking for snprintf
configure:21544: gcc  -o conftest -isystem/home/ubuntu/yocto/rpi-build/tmp/work/x86_64-linux/ncurses-native/6.3+20220423-r0/recipe-sysroot-native/usr/include -O2 -pipe --param max-inline-insns-single=1200 -isystem/home/ubuntu/yocto/rpi-build/tmp/work/x86_64-linux/ncurses-native/6.3+20220423-r0/recipe-sysroot-native/usr/include -D_GNU_SOURCE -D_DEFAULT_SOURCE -D_XOPEN_SOURCE=600 -DNDEBUG -L/home/ubuntu/yocto/rpi-build/tmp/work/x86_64-linux/ncurses-native/6.3+20220423-r0/recipe-sysroot-native/usr/lib                         -L/home/ubuntu/yocto/rpi-build/tmp/work/x86_64-linux/ncurses-native/6.3+20220423-r0/recipe-sysroot-native/lib                         -Wl,--enable-new-dtags                         -Wl,-rpath-link,/home/ubuntu/yocto/rpi-build/tmp/work/x86_64-linux/ncurses-native/6.3+20220423-r0/recipe-sysroot-native/usr/lib                         -Wl,-rpath-link,/home/ubuntu/yocto/rpi-build/tmp/work/x86_64-linux/ncurses-native/6.3+20220423-r0/recipe-sysroot-native/lib                         -Wl,-rpath,/home/ubuntu/yocto/rpi-build/tmp/work/x86_64-linux/ncurses-native/6.3+20220423-r0/recipe-sysroot-native/usr/lib                         -Wl,-rpath,/home/ubuntu/yocto/rpi-build/tmp/work/x86_64-linux/ncurses-native/6.3+20220423-r0/recipe-sysroot-native/lib                         -Wl,-O1 -Wl,--allow-shlib-undefined -Wl,--dynamic-linker=/home/ubuntu/yocto/rpi-build/tmp/sysroots-uninative/x86_64-linux/lib/ld-linux-x86-64.so.2 conftest.c  >&5
configure:21524:6: warning: conflicting types for built-in function 'snprintf'; expected 'int(char *, long unsigned int,  const char *, ...)' [-Wbuiltin-declaration-mismatch]
configure:21516:1: note: 'snprintf' is declared in header '<stdio.h>'
configure:21547: $? = 0
configure:21550: test -s conftest
configure:21553: $? = 0
configure:21563: result: yes
configure:21507: checking for strdup
configure:21563: result: yes
configure:21507: checking for strstr
configure:21544: gcc  -o conftest -isystem/home/ubuntu/yocto/rpi-build/tmp/work/x86_64-linux/ncurses-native/6.3+20220423-r0/recipe-sysroot-native/usr/include -O2 -pipe --param max-inline-insns-single=1200 -isystem/home/ubuntu/yocto/rpi-build/tmp/work/x86_64-linux/ncurses-native/6.3+20220423-r0/recipe-sysroot-native/usr/include -D_GNU_SOURCE -D_DEFAULT_SOURCE -D_XOPEN_SOURCE=600 -DNDEBUG -L/home/ubuntu/yocto/rpi-build/tmp/work/x86_64-linux/ncurses-native/6.3+20220423-r0/recipe-sysroot-native/usr/lib                         -L/home/ubuntu/yocto/rpi-build/tmp/work/x86_64-linux/ncurses-native/6.3+20220423-r0/recipe-sysroot-native/lib                         -Wl,--enable-new-dtags                         -Wl,-rpath-link,/home/ubuntu/yocto/rpi-build/tmp/work/x86_64-linux/ncurses-native/6.3+20220423-r0/recipe-sysroot-native/usr/lib                         -Wl,-rpath-link,/home/ubuntu/yocto/rpi-build/tmp/work/x86_64-linux/ncurses-native/6.3+20220423-r0/recipe-sysroot-native/lib                         -Wl,-rpath,/home/ubuntu/yocto/rpi-build/tmp/work/x86_64-linux/ncurses-native/6.3+20220423-r0/recipe-sysroot-native/usr/lib                         -Wl,-rpath,/home/ubuntu/yocto/rpi-build/tmp/work/x86_64-linux/ncurses-native/6.3+20220423-r0/recipe-sysroot-native/lib                         -Wl,-O1 -Wl,--allow-shlib-undefined -Wl,--dynamic-linker=/home/ubuntu/yocto/rpi-build/tmp/sysroots-uninative/x86_64-linux/lib/ld-linux-x86-64.so.2 conftest.c  >&5
configure:21524:6: warning: conflicting types for built-in function 'strstr'; expected 'char *(const char *, const char *)' [-Wbuiltin-declaration-mismatch]
configure:21516:1: note: 'strstr' is declared in header '<string.h>'
configure:21547: $? = 0
configure:21550: test -s conftest
configure:21553: $? = 0
configure:21563: result: yes
configure:21507: checking for sysconf
configure:21544: gcc  -o conftest -isystem/home/ubuntu/yocto/rpi-build/tmp/work/x86_64-linux/ncurses-native/6.3+20220423-r0/recipe-sysroot-native/usr/include -O2 -pipe --param max-inline-insns-single=1200 -isystem/home/ubuntu/yocto/rpi-build/tmp/work/x86_64-linux/ncurses-native/6.3+20220423-r0/recipe-sysroot-native/usr/include -D_GNU_SOURCE -D_DEFAULT_SOURCE -D_XOPEN_SOURCE=600 -DNDEBUG -L/home/ubuntu/yocto/rpi-build/tmp/work/x86_64-linux/ncurses-native/6.3+20220423-r0/recipe-sysroot-native/usr/lib                         -L/home/ubuntu/yocto/rpi-build/tmp/work/x86_64-linux/ncurses-native/6.3+20220423-r0/recipe-sysroot-native/lib                         -Wl,--enable-new-dtags                         -Wl,-rpath-link,/home/ubuntu/yocto/rpi-build/tmp/work/x86_64-linux/ncurses-native/6.3+20220423-r0/recipe-sysroot-native/usr/lib                         -Wl,-rpath-link,/home/ubuntu/yocto/rpi-build/tmp/work/x86_64-linux/ncurses-native/6.3+20220423-r0/recipe-sysroot-native/lib                         -Wl,-rpath,/home/ubuntu/yocto/rpi-build/tmp/work/x86_64-linux/ncurses-native/6.3+20220423-r0/recipe-sysroot-native/usr/lib                         -Wl,-rpath,/home/ubuntu/yocto/rpi-build/tmp/work/x86_64-linux/ncurses-native/6.3+20220423-r0/recipe-sysroot-native/lib                         -Wl,-O1 -Wl,--allow-shlib-undefined -Wl,--dynamic-linker=/home/ubuntu/yocto/rpi-build/tmp/sysroots-uninative/x86_64-linux/lib/ld-linux-x86-64.so.2 conftest.c  >&5
configure:21547: $? = 0
configure:21550: test -s conftest
configure:21553: $? = 0
configure:21563: result: yes
configure:21507: checking for tcgetpgrp
configure:21544: gcc  -o conftest -isystem/home/ubuntu/yocto/rpi-build/tmp/work/x86_64-linux/ncurses-native/6.3+20220423-r0/recipe-sysroot-native/usr/include -O2 -pipe --param max-inline-insns-single=1200 -isystem/home/ubuntu/yocto/rpi-build/tmp/work/x86_64-linux/ncurses-native/6.3+20220423-r0/recipe-sysroot-native/usr/include -D_GNU_SOURCE -D_DEFAULT_SOURCE -D_XOPEN_SOURCE=600 -DNDEBUG -L/home/ubuntu/yocto/rpi-build/tmp/work/x86_64-linux/ncurses-native/6.3+20220423-r0/recipe-sysroot-native/usr/lib                         -L/home/ubuntu/yocto/rpi-build/tmp/work/x86_64-linux/ncurses-native/6.3+20220423-r0/recipe-sysroot-native/lib                         -Wl,--enable-new-dtags                         -Wl,-rpath-link,/home/ubuntu/yocto/rpi-build/tmp/work/x86_64-linux/ncurses-native/6.3+20220423-r0/recipe-sysroot-native/usr/lib                         -Wl,-rpath-link,/home/ubuntu/yocto/rpi-build/tmp/work/x86_64-linux/ncurses-native/6.3+20220423-r0/recipe-sysroot-native/lib                         -Wl,-rpath,/home/ubuntu/yocto/rpi-build/tmp/work/x86_64-linux/ncurses-native/6.3+20220423-r0/recipe-sysroot-native/usr/lib                         -Wl,-rpath,/home/ubuntu/yocto/rpi-build/tmp/work/x86_64-linux/ncurses-native/6.3+20220423-r0/recipe-sysroot-native/lib                         -Wl,-O1 -Wl,--allow-shlib-undefined -Wl,--dynamic-linker=/home/ubuntu/yocto/rpi-build/tmp/sysroots-uninative/x86_64-linux/lib/ld-linux-x86-64.so.2 conftest.c  >&5
configure:21547: $? = 0
configure:21550: test -s conftest
configure:21553: $? = 0
configure:21563: result: yes
configure:21507: checking for times
configure:21544: gcc  -o conftest -isystem/home/ubuntu/yocto/rpi-build/tmp/work/x86_64-linux/ncurses-native/6.3+20220423-r0/recipe-sysroot-native/usr/include -O2 -pipe --param max-inline-insns-single=1200 -isystem/home/ubuntu/yocto/rpi-build/tmp/work/x86_64-linux/ncurses-native/6.3+20220423-r0/recipe-sysroot-native/usr/include -D_GNU_SOURCE -D_DEFAULT_SOURCE -D_XOPEN_SOURCE=600 -DNDEBUG -L/home/ubuntu/yocto/rpi-build/tmp/work/x86_64-linux/ncurses-native/6.3+20220423-r0/recipe-sysroot-native/usr/lib                         -L/home/ubuntu/yocto/rpi-build/tmp/work/x86_64-linux/ncurses-native/6.3+20220423-r0/recipe-sysroot-native/lib                         -Wl,--enable-new-dtags                         -Wl,-rpath-link,/home/ubuntu/yocto/rpi-build/tmp/work/x86_64-linux/ncurses-native/6.3+20220423-r0/recipe-sysroot-native/usr/lib                         -Wl,-rpath-link,/home/ubuntu/yocto/rpi-build/tmp/work/x86_64-linux/ncurses-native/6.3+20220423-r0/recipe-sysroot-native/lib                         -Wl,-rpath,/home/ubuntu/yocto/rpi-build/tmp/work/x86_64-linux/ncurses-native/6.3+20220423-r0/recipe-sysroot-native/usr/lib                         -Wl,-rpath,/home/ubuntu/yocto/rpi-build/tmp/work/x86_64-linux/ncurses-native/6.3+20220423-r0/recipe-sysroot-native/lib                         -Wl,-O1 -Wl,--allow-shlib-undefined -Wl,--dynamic-linker=/home/ubuntu/yocto/rpi-build/tmp/sysroots-uninative/x86_64-linux/lib/ld-linux-x86-64.so.2 conftest.c  >&5
configure:21547: $? = 0
configure:21550: test -s conftest
configure:21553: $? = 0
configure:21563: result: yes
configure:21507: checking for tsearch
configure:21544: gcc  -o conftest -isystem/home/ubuntu/yocto/rpi-build/tmp/work/x86_64-linux/ncurses-native/6.3+20220423-r0/recipe-sysroot-native/usr/include -O2 -pipe --param max-inline-insns-single=1200 -isystem/home/ubuntu/yocto/rpi-build/tmp/work/x86_64-linux/ncurses-native/6.3+20220423-r0/recipe-sysroot-native/usr/include -D_GNU_SOURCE -D_DEFAULT_SOURCE -D_XOPEN_SOURCE=600 -DNDEBUG -L/home/ubuntu/yocto/rpi-build/tmp/work/x86_64-linux/ncurses-native/6.3+20220423-r0/recipe-sysroot-native/usr/lib                         -L/home/ubuntu/yocto/rpi-build/tmp/work/x86_64-linux/ncurses-native/6.3+20220423-r0/recipe-sysroot-native/lib                         -Wl,--enable-new-dtags                         -Wl,-rpath-link,/home/ubuntu/yocto/rpi-build/tmp/work/x86_64-linux/ncurses-native/6.3+20220423-r0/recipe-sysroot-native/usr/lib                         -Wl,-rpath-link,/home/ubuntu/yocto/rpi-build/tmp/work/x86_64-linux/ncurses-native/6.3+20220423-r0/recipe-sysroot-native/lib                         -Wl,-rpath,/home/ubuntu/yocto/rpi-build/tmp/work/x86_64-linux/ncurses-native/6.3+20220423-r0/recipe-sysroot-native/usr/lib                         -Wl,-rpath,/home/ubuntu/yocto/rpi-build/tmp/work/x86_64-linux/ncurses-native/6.3+20220423-r0/recipe-sysroot-native/lib                         -Wl,-O1 -Wl,--allow-shlib-undefined -Wl,--dynamic-linker=/home/ubuntu/yocto/rpi-build/tmp/sysroots-uninative/x86_64-linux/lib/ld-linux-x86-64.so.2 conftest.c  >&5
configure:21547: $? = 0
configure:21550: test -s conftest
configure:21553: $? = 0
configure:21563: result: yes
configure:21507: checking for vsnprintf
configure:21544: gcc  -o conftest -isystem/home/ubuntu/yocto/rpi-build/tmp/work/x86_64-linux/ncurses-native/6.3+20220423-r0/recipe-sysroot-native/usr/include -O2 -pipe --param max-inline-insns-single=1200 -isystem/home/ubuntu/yocto/rpi-build/tmp/work/x86_64-linux/ncurses-native/6.3+20220423-r0/recipe-sysroot-native/usr/include -D_GNU_SOURCE -D_DEFAULT_SOURCE -D_XOPEN_SOURCE=600 -DNDEBUG -L/home/ubuntu/yocto/rpi-build/tmp/work/x86_64-linux/ncurses-native/6.3+20220423-r0/recipe-sysroot-native/usr/lib                         -L/home/ubuntu/yocto/rpi-build/tmp/work/x86_64-linux/ncurses-native/6.3+20220423-r0/recipe-sysroot-native/lib                         -Wl,--enable-new-dtags                         -Wl,-rpath-link,/home/ubuntu/yocto/rpi-build/tmp/work/x86_64-linux/ncurses-native/6.3+20220423-r0/recipe-sysroot-native/usr/lib                         -Wl,-rpath-link,/home/ubuntu/yocto/rpi-build/tmp/work/x86_64-linux/ncurses-native/6.3+20220423-r0/recipe-sysroot-native/lib                         -Wl,-rpath,/home/ubuntu/yocto/rpi-build/tmp/work/x86_64-linux/ncurses-native/6.3+20220423-r0/recipe-sysroot-native/usr/lib                         -Wl,-rpath,/home/ubuntu/yocto/rpi-build/tmp/work/x86_64-linux/ncurses-native/6.3+20220423-r0/recipe-sysroot-native/lib                         -Wl,-O1 -Wl,--allow-shlib-undefined -Wl,--dynamic-linker=/home/ubuntu/yocto/rpi-build/tmp/sysroots-uninative/x86_64-linux/lib/ld-linux-x86-64.so.2 conftest.c  >&5
configure:21524:6: warning: conflicting types for built-in function 'vsnprintf'; expected 'int(char *, long unsigned int,  const char *, __va_list_tag *)' [-Wbuiltin-declaration-mismatch]
configure:21516:1: note: 'vsnprintf' is declared in header '<stdio.h>'
configure:21547: $? = 0
configure:21550: test -s conftest
configure:21553: $? = 0
configure:21563: result: yes
configure:21573: checking if _PATH_TTYS is defined in ttyent.h
configure:21595: gcc  -c -isystem/home/ubuntu/yocto/rpi-build/tmp/work/x86_64-linux/ncurses-native/6.3+20220423-r0/recipe-sysroot-native/usr/include -O2 -pipe --param max-inline-insns-single=1200 -isystem/home/ubuntu/yocto/rpi-build/tmp/work/x86_64-linux/ncurses-native/6.3+20220423-r0/recipe-sysroot-native/usr/include -D_GNU_SOURCE -D_DEFAULT_SOURCE -D_XOPEN_SOURCE=600 -DNDEBUG conftest.c >&5
configure:21598: $? = 0
configure:21601: test -s conftest.o
configure:21604: $? = 0
configure:21614: result: yes
configure:21636: checking if _PATH_TTYS file exists
configure:21657: gcc  -o conftest -isystem/home/ubuntu/yocto/rpi-build/tmp/work/x86_64-linux/ncurses-native/6.3+20220423-r0/recipe-sysroot-native/usr/include -O2 -pipe --param max-inline-insns-single=1200 -isystem/home/ubuntu/yocto/rpi-build/tmp/work/x86_64-linux/ncurses-native/6.3+20220423-r0/recipe-sysroot-native/usr/include -D_GNU_SOURCE -D_DEFAULT_SOURCE -D_XOPEN_SOURCE=600 -DNDEBUG -L/home/ubuntu/yocto/rpi-build/tmp/work/x86_64-linux/ncurses-native/6.3+20220423-r0/recipe-sysroot-native/usr/lib                         -L/home/ubuntu/yocto/rpi-build/tmp/work/x86_64-linux/ncurses-native/6.3+20220423-r0/recipe-sysroot-native/lib                         -Wl,--enable-new-dtags                         -Wl,-rpath-link,/home/ubuntu/yocto/rpi-build/tmp/work/x86_64-linux/ncurses-native/6.3+20220423-r0/recipe-sysroot-native/usr/lib                         -Wl,-rpath-link,/home/ubuntu/yocto/rpi-build/tmp/work/x86_64-linux/ncurses-native/6.3+20220423-r0/recipe-sysroot-native/lib                         -Wl,-rpath,/home/ubuntu/yocto/rpi-build/tmp/work/x86_64-linux/ncurses-native/6.3+20220423-r0/recipe-sysroot-native/usr/lib                         -Wl,-rpath,/home/ubuntu/yocto/rpi-build/tmp/work/x86_64-linux/ncurses-native/6.3+20220423-r0/recipe-sysroot-native/lib                         -Wl,-O1 -Wl,--allow-shlib-undefined -Wl,--dynamic-linker=/home/ubuntu/yocto/rpi-build/tmp/sysroots-uninative/x86_64-linux/lib/ld-linux-x86-64.so.2 conftest.c  >&5
configure:21660: $? = 0
configure:21662: ./conftest
configure:21665: $? = 1
configure: program exited with status 1
configure: failed program was:
#line 21646 "configure"
#include "confdefs.h"

#include <stdio.h>
#include <ttyent.h>
int main(void) {
	FILE *fp = fopen(_PATH_TTYS, "r");
	return (fp == 0);
}
configure:21677: result: no
configure:21880: checking for isascii
configure:21899: gcc  -o conftest -isystem/home/ubuntu/yocto/rpi-build/tmp/work/x86_64-linux/ncurses-native/6.3+20220423-r0/recipe-sysroot-native/usr/include -O2 -pipe --param max-inline-insns-single=1200 -isystem/home/ubuntu/yocto/rpi-build/tmp/work/x86_64-linux/ncurses-native/6.3+20220423-r0/recipe-sysroot-native/usr/include -D_GNU_SOURCE -D_DEFAULT_SOURCE -D_XOPEN_SOURCE=600 -DNDEBUG -L/home/ubuntu/yocto/rpi-build/tmp/work/x86_64-linux/ncurses-native/6.3+20220423-r0/recipe-sysroot-native/usr/lib                         -L/home/ubuntu/yocto/rpi-build/tmp/work/x86_64-linux/ncurses-native/6.3+20220423-r0/recipe-sysroot-native/lib                         -Wl,--enable-new-dtags                         -Wl,-rpath-link,/home/ubuntu/yocto/rpi-build/tmp/work/x86_64-linux/ncurses-native/6.3+20220423-r0/recipe-sysroot-native/usr/lib                         -Wl,-rpath-link,/home/ubuntu/yocto/rpi-build/tmp/work/x86_64-linux/ncurses-native/6.3+20220423-r0/recipe-sysroot-native/lib                         -Wl,-rpath,/home/ubuntu/yocto/rpi-build/tmp/work/x86_64-linux/ncurses-native/6.3+20220423-r0/recipe-sysroot-native/usr/lib                         -Wl,-rpath,/home/ubuntu/yocto/rpi-build/tmp/work/x86_64-linux/ncurses-native/6.3+20220423-r0/recipe-sysroot-native/lib                         -Wl,-O1 -Wl,--allow-shlib-undefined -Wl,--dynamic-linker=/home/ubuntu/yocto/rpi-build/tmp/sysroots-uninative/x86_64-linux/lib/ld-linux-x86-64.so.2 conftest.c  >&5
configure:21902: $? = 0
configure:21905: test -s conftest
configure:21908: $? = 0
configure:21919: result: yes
configure:21927: checking whether sigaction needs _POSIX_SOURCE
configure:21944: gcc  -c -isystem/home/ubuntu/yocto/rpi-build/tmp/work/x86_64-linux/ncurses-native/6.3+20220423-r0/recipe-sysroot-native/usr/include -O2 -pipe --param max-inline-insns-single=1200 -isystem/home/ubuntu/yocto/rpi-build/tmp/work/x86_64-linux/ncurses-native/6.3+20220423-r0/recipe-sysroot-native/usr/include -D_GNU_SOURCE -D_DEFAULT_SOURCE -D_XOPEN_SOURCE=600 -DNDEBUG conftest.c >&5
configure:21947: $? = 0
configure:21950: test -s conftest.o
configure:21953: $? = 0
configure:22001: result: no
configure:22005: checking if nanosleep really works
configure:22060: result: yes
configure:22077: checking for termio.h
configure:22087: gcc  -E -isystem/home/ubuntu/yocto/rpi-build/tmp/work/x86_64-linux/ncurses-native/6.3+20220423-r0/recipe-sysroot-native/usr/include -D_GNU_SOURCE -D_DEFAULT_SOURCE -D_XOPEN_SOURCE=600 -DNDEBUG conftest.c
configure:22093: $? = 0
configure:22112: result: yes
configure:22077: checking for termios.h
configure:22087: gcc  -E -isystem/home/ubuntu/yocto/rpi-build/tmp/work/x86_64-linux/ncurses-native/6.3+20220423-r0/recipe-sysroot-native/usr/include -D_GNU_SOURCE -D_DEFAULT_SOURCE -D_XOPEN_SOURCE=600 -DNDEBUG conftest.c
configure:22093: $? = 0
configure:22112: result: yes
configure:22077: checking for unistd.h
configure:22112: result: yes
configure:22077: checking for sys/ioctl.h
configure:22112: result: yes
configure:22077: checking for sys/termio.h
configure:22087: gcc  -E -isystem/home/ubuntu/yocto/rpi-build/tmp/work/x86_64-linux/ncurses-native/6.3+20220423-r0/recipe-sysroot-native/usr/include -D_GNU_SOURCE -D_DEFAULT_SOURCE -D_XOPEN_SOURCE=600 -DNDEBUG conftest.c
configure:22084:10: fatal error: sys/termio.h: No such file or directory
compilation terminated.
configure:22093: $? = 1
configure: failed program was:
#line 22083 "configure"
#include "confdefs.h"
#include <sys/termio.h>
configure:22112: result: no
configure:22129: checking whether termios.h needs _POSIX_SOURCE
configure:22144: gcc  -c -isystem/home/ubuntu/yocto/rpi-build/tmp/work/x86_64-linux/ncurses-native/6.3+20220423-r0/recipe-sysroot-native/usr/include -O2 -pipe --param max-inline-insns-single=1200 -isystem/home/ubuntu/yocto/rpi-build/tmp/work/x86_64-linux/ncurses-native/6.3+20220423-r0/recipe-sysroot-native/usr/include -D_GNU_SOURCE -D_DEFAULT_SOURCE -D_XOPEN_SOURCE=600 -DNDEBUG conftest.c >&5
configure:22147: $? = 0
configure:22150: test -s conftest.o
configure:22153: $? = 0
configure:22200: result: no
configure:22205: checking for tcgetattr
configure:22240: gcc  -o conftest -isystem/home/ubuntu/yocto/rpi-build/tmp/work/x86_64-linux/ncurses-native/6.3+20220423-r0/recipe-sysroot-native/usr/include -O2 -pipe --param max-inline-insns-single=1200 -isystem/home/ubuntu/yocto/rpi-build/tmp/work/x86_64-linux/ncurses-native/6.3+20220423-r0/recipe-sysroot-native/usr/include -D_GNU_SOURCE -D_DEFAULT_SOURCE -D_XOPEN_SOURCE=600 -DNDEBUG -L/home/ubuntu/yocto/rpi-build/tmp/work/x86_64-linux/ncurses-native/6.3+20220423-r0/recipe-sysroot-native/usr/lib                         -L/home/ubuntu/yocto/rpi-build/tmp/work/x86_64-linux/ncurses-native/6.3+20220423-r0/recipe-sysroot-native/lib                         -Wl,--enable-new-dtags                         -Wl,-rpath-link,/home/ubuntu/yocto/rpi-build/tmp/work/x86_64-linux/ncurses-native/6.3+20220423-r0/recipe-sysroot-native/usr/lib                         -Wl,-rpath-link,/home/ubuntu/yocto/rpi-build/tmp/work/x86_64-linux/ncurses-native/6.3+20220423-r0/recipe-sysroot-native/lib                         -Wl,-rpath,/home/ubuntu/yocto/rpi-build/tmp/work/x86_64-linux/ncurses-native/6.3+20220423-r0/recipe-sysroot-native/usr/lib                         -Wl,-rpath,/home/ubuntu/yocto/rpi-build/tmp/work/x86_64-linux/ncurses-native/6.3+20220423-r0/recipe-sysroot-native/lib                         -Wl,-O1 -Wl,--allow-shlib-undefined -Wl,--dynamic-linker=/home/ubuntu/yocto/rpi-build/tmp/sysroots-uninative/x86_64-linux/lib/ld-linux-x86-64.so.2 conftest.c  >&5
configure:22243: $? = 0
configure:22246: test -s conftest
configure:22249: $? = 0
configure:22259: result: yes
configure:22266: checking for vsscanf function or workaround
configure:22289: gcc  -o conftest -isystem/home/ubuntu/yocto/rpi-build/tmp/work/x86_64-linux/ncurses-native/6.3+20220423-r0/recipe-sysroot-native/usr/include -O2 -pipe --param max-inline-insns-single=1200 -isystem/home/ubuntu/yocto/rpi-build/tmp/work/x86_64-linux/ncurses-native/6.3+20220423-r0/recipe-sysroot-native/usr/include -D_GNU_SOURCE -D_DEFAULT_SOURCE -D_XOPEN_SOURCE=600 -DNDEBUG -L/home/ubuntu/yocto/rpi-build/tmp/work/x86_64-linux/ncurses-native/6.3+20220423-r0/recipe-sysroot-native/usr/lib                         -L/home/ubuntu/yocto/rpi-build/tmp/work/x86_64-linux/ncurses-native/6.3+20220423-r0/recipe-sysroot-native/lib                         -Wl,--enable-new-dtags                         -Wl,-rpath-link,/home/ubuntu/yocto/rpi-build/tmp/work/x86_64-linux/ncurses-native/6.3+20220423-r0/recipe-sysroot-native/usr/lib                         -Wl,-rpath-link,/home/ubuntu/yocto/rpi-build/tmp/work/x86_64-linux/ncurses-native/6.3+20220423-r0/recipe-sysroot-native/lib                         -Wl,-rpath,/home/ubuntu/yocto/rpi-build/tmp/work/x86_64-linux/ncurses-native/6.3+20220423-r0/recipe-sysroot-native/usr/lib                         -Wl,-rpath,/home/ubuntu/yocto/rpi-build/tmp/work/x86_64-linux/ncurses-native/6.3+20220423-r0/recipe-sysroot-native/lib                         -Wl,-O1 -Wl,--allow-shlib-undefined -Wl,--dynamic-linker=/home/ubuntu/yocto/rpi-build/tmp/sysroots-uninative/x86_64-linux/lib/ld-linux-x86-64.so.2 conftest.c  >&5
configure:22292: $? = 0
configure:22295: test -s conftest
configure:22298: $? = 0
configure:22391: result: vsscanf
configure:22417: checking for unistd.h
configure:22452: result: yes
configure:22462: checking for working mkstemp
configure:22514: gcc  -o conftest -isystem/home/ubuntu/yocto/rpi-build/tmp/work/x86_64-linux/ncurses-native/6.3+20220423-r0/recipe-sysroot-native/usr/include -O2 -pipe --param max-inline-insns-single=1200 -isystem/home/ubuntu/yocto/rpi-build/tmp/work/x86_64-linux/ncurses-native/6.3+20220423-r0/recipe-sysroot-native/usr/include -D_GNU_SOURCE -D_DEFAULT_SOURCE -D_XOPEN_SOURCE=600 -DNDEBUG -L/home/ubuntu/yocto/rpi-build/tmp/work/x86_64-linux/ncurses-native/6.3+20220423-r0/recipe-sysroot-native/usr/lib                         -L/home/ubuntu/yocto/rpi-build/tmp/work/x86_64-linux/ncurses-native/6.3+20220423-r0/recipe-sysroot-native/lib                         -Wl,--enable-new-dtags                         -Wl,-rpath-link,/home/ubuntu/yocto/rpi-build/tmp/work/x86_64-linux/ncurses-native/6.3+20220423-r0/recipe-sysroot-native/usr/lib                         -Wl,-rpath-link,/home/ubuntu/yocto/rpi-build/tmp/work/x86_64-linux/ncurses-native/6.3+20220423-r0/recipe-sysroot-native/lib                         -Wl,-rpath,/home/ubuntu/yocto/rpi-build/tmp/work/x86_64-linux/ncurses-native/6.3+20220423-r0/recipe-sysroot-native/usr/lib                         -Wl,-rpath,/home/ubuntu/yocto/rpi-build/tmp/work/x86_64-linux/ncurses-native/6.3+20220423-r0/recipe-sysroot-native/lib                         -Wl,-O1 -Wl,--allow-shlib-undefined -Wl,--dynamic-linker=/home/ubuntu/yocto/rpi-build/tmp/sysroots-uninative/x86_64-linux/lib/ld-linux-x86-64.so.2 conftest.c  >&5
configure:22517: $? = 0
configure:22519: ./conftest
configure:22522: $? = 0
configure:22537: result: yes
configure:22620: checking whether setvbuf arguments are reversed
configure:22669: result: no
configure:22680: checking for intptr_t
configure:22701: gcc  -c -isystem/home/ubuntu/yocto/rpi-build/tmp/work/x86_64-linux/ncurses-native/6.3+20220423-r0/recipe-sysroot-native/usr/include -O2 -pipe --param max-inline-insns-single=1200 -isystem/home/ubuntu/yocto/rpi-build/tmp/work/x86_64-linux/ncurses-native/6.3+20220423-r0/recipe-sysroot-native/usr/include -D_GNU_SOURCE -D_DEFAULT_SOURCE -D_XOPEN_SOURCE=600 -DNDEBUG conftest.c >&5
configure:22704: $? = 0
configure:22707: test -s conftest.o
configure:22710: $? = 0
configure:22720: result: yes
configure:22732: checking for ssize_t
configure:22753: gcc  -c -isystem/home/ubuntu/yocto/rpi-build/tmp/work/x86_64-linux/ncurses-native/6.3+20220423-r0/recipe-sysroot-native/usr/include -O2 -pipe --param max-inline-insns-single=1200 -isystem/home/ubuntu/yocto/rpi-build/tmp/work/x86_64-linux/ncurses-native/6.3+20220423-r0/recipe-sysroot-native/usr/include -D_GNU_SOURCE -D_DEFAULT_SOURCE -D_XOPEN_SOURCE=600 -DNDEBUG conftest.c >&5
configure:22756: $? = 0
configure:22759: test -s conftest.o
configure:22762: $? = 0
configure:22772: result: yes
configure:22784: checking for type sigaction_t
configure:22804: gcc  -c -isystem/home/ubuntu/yocto/rpi-build/tmp/work/x86_64-linux/ncurses-native/6.3+20220423-r0/recipe-sysroot-native/usr/include -O2 -pipe --param max-inline-insns-single=1200 -isystem/home/ubuntu/yocto/rpi-build/tmp/work/x86_64-linux/ncurses-native/6.3+20220423-r0/recipe-sysroot-native/usr/include -D_GNU_SOURCE -D_DEFAULT_SOURCE -D_XOPEN_SOURCE=600 -DNDEBUG conftest.c >&5
configure: In function 'main':
configure:22797:1: error: unknown type name 'sigaction_t'
configure:22807: $? = 1
configure: failed program was:
#line 22791 "configure"
#include "confdefs.h"

#include <signal.h>
int
main (void)
{
sigaction_t x
  ;
  return 0;
}
configure:22824: result: no
configure:22831: checking declaration of size-change
configure:22902: gcc  -c -isystem/home/ubuntu/yocto/rpi-build/tmp/work/x86_64-linux/ncurses-native/6.3+20220423-r0/recipe-sysroot-native/usr/include -O2 -pipe --param max-inline-insns-single=1200 -isystem/home/ubuntu/yocto/rpi-build/tmp/work/x86_64-linux/ncurses-native/6.3+20220423-r0/recipe-sysroot-native/usr/include -D_GNU_SOURCE -D_DEFAULT_SOURCE -D_XOPEN_SOURCE=600 -DNDEBUG conftest.c >&5
configure:22905: $? = 0
configure:22908: test -s conftest.o
configure:22911: $? = 0
size-change succeeded ()
configure:22930: result: yes
configure:22948: checking for memmove
configure:22985: gcc  -o conftest -isystem/home/ubuntu/yocto/rpi-build/tmp/work/x86_64-linux/ncurses-native/6.3+20220423-r0/recipe-sysroot-native/usr/include -O2 -pipe --param max-inline-insns-single=1200 -isystem/home/ubuntu/yocto/rpi-build/tmp/work/x86_64-linux/ncurses-native/6.3+20220423-r0/recipe-sysroot-native/usr/include -D_GNU_SOURCE -D_DEFAULT_SOURCE -D_XOPEN_SOURCE=600 -DNDEBUG -L/home/ubuntu/yocto/rpi-build/tmp/work/x86_64-linux/ncurses-native/6.3+20220423-r0/recipe-sysroot-native/usr/lib                         -L/home/ubuntu/yocto/rpi-build/tmp/work/x86_64-linux/ncurses-native/6.3+20220423-r0/recipe-sysroot-native/lib                         -Wl,--enable-new-dtags                         -Wl,-rpath-link,/home/ubuntu/yocto/rpi-build/tmp/work/x86_64-linux/ncurses-native/6.3+20220423-r0/recipe-sysroot-native/usr/lib                         -Wl,-rpath-link,/home/ubuntu/yocto/rpi-build/tmp/work/x86_64-linux/ncurses-native/6.3+20220423-r0/recipe-sysroot-native/lib                         -Wl,-rpath,/home/ubuntu/yocto/rpi-build/tmp/work/x86_64-linux/ncurses-native/6.3+20220423-r0/recipe-sysroot-native/usr/lib                         -Wl,-rpath,/home/ubuntu/yocto/rpi-build/tmp/work/x86_64-linux/ncurses-native/6.3+20220423-r0/recipe-sysroot-native/lib                         -Wl,-O1 -Wl,--allow-shlib-undefined -Wl,--dynamic-linker=/home/ubuntu/yocto/rpi-build/tmp/sysroots-uninative/x86_64-linux/lib/ld-linux-x86-64.so.2 conftest.c  >&5
configure:22965:6: warning: conflicting types for built-in function 'memmove'; expected 'void *(void *, const void *, long unsigned int)' [-Wbuiltin-declaration-mismatch]
configure:22957:1: note: 'memmove' is declared in header '<string.h>'
configure:22988: $? = 0
configure:22991: test -s conftest
configure:22994: $? = 0
configure:23004: result: yes
configure:23142: checking for posix_openpt
configure:23179: gcc  -o conftest -isystem/home/ubuntu/yocto/rpi-build/tmp/work/x86_64-linux/ncurses-native/6.3+20220423-r0/recipe-sysroot-native/usr/include -O2 -pipe --param max-inline-insns-single=1200 -isystem/home/ubuntu/yocto/rpi-build/tmp/work/x86_64-linux/ncurses-native/6.3+20220423-r0/recipe-sysroot-native/usr/include -D_GNU_SOURCE -D_DEFAULT_SOURCE -D_XOPEN_SOURCE=600 -DNDEBUG -L/home/ubuntu/yocto/rpi-build/tmp/work/x86_64-linux/ncurses-native/6.3+20220423-r0/recipe-sysroot-native/usr/lib                         -L/home/ubuntu/yocto/rpi-build/tmp/work/x86_64-linux/ncurses-native/6.3+20220423-r0/recipe-sysroot-native/lib                         -Wl,--enable-new-dtags                         -Wl,-rpath-link,/home/ubuntu/yocto/rpi-build/tmp/work/x86_64-linux/ncurses-native/6.3+20220423-r0/recipe-sysroot-native/usr/lib                         -Wl,-rpath-link,/home/ubuntu/yocto/rpi-build/tmp/work/x86_64-linux/ncurses-native/6.3+20220423-r0/recipe-sysroot-native/lib                         -Wl,-rpath,/home/ubuntu/yocto/rpi-build/tmp/work/x86_64-linux/ncurses-native/6.3+20220423-r0/recipe-sysroot-native/usr/lib                         -Wl,-rpath,/home/ubuntu/yocto/rpi-build/tmp/work/x86_64-linux/ncurses-native/6.3+20220423-r0/recipe-sysroot-native/lib                         -Wl,-O1 -Wl,--allow-shlib-undefined -Wl,--dynamic-linker=/home/ubuntu/yocto/rpi-build/tmp/sysroots-uninative/x86_64-linux/lib/ld-linux-x86-64.so.2 conftest.c  >&5
configure:23182: $? = 0
configure:23185: test -s conftest
configure:23188: $? = 0
configure:23198: result: yes
configure:23208: checking if poll really works
configure:23290: result: yes
configure:23297: checking for va_copy
configure:23321: gcc  -o conftest -isystem/home/ubuntu/yocto/rpi-build/tmp/work/x86_64-linux/ncurses-native/6.3+20220423-r0/recipe-sysroot-native/usr/include -O2 -pipe --param max-inline-insns-single=1200 -isystem/home/ubuntu/yocto/rpi-build/tmp/work/x86_64-linux/ncurses-native/6.3+20220423-r0/recipe-sysroot-native/usr/include -D_GNU_SOURCE -D_DEFAULT_SOURCE -D_XOPEN_SOURCE=600 -DNDEBUG -L/home/ubuntu/yocto/rpi-build/tmp/work/x86_64-linux/ncurses-native/6.3+20220423-r0/recipe-sysroot-native/usr/lib                         -L/home/ubuntu/yocto/rpi-build/tmp/work/x86_64-linux/ncurses-native/6.3+20220423-r0/recipe-sysroot-native/lib                         -Wl,--enable-new-dtags                         -Wl,-rpath-link,/home/ubuntu/yocto/rpi-build/tmp/work/x86_64-linux/ncurses-native/6.3+20220423-r0/recipe-sysroot-native/usr/lib                         -Wl,-rpath-link,/home/ubuntu/yocto/rpi-build/tmp/work/x86_64-linux/ncurses-native/6.3+20220423-r0/recipe-sysroot-native/lib                         -Wl,-rpath,/home/ubuntu/yocto/rpi-build/tmp/work/x86_64-linux/ncurses-native/6.3+20220423-r0/recipe-sysroot-native/usr/lib                         -Wl,-rpath,/home/ubuntu/yocto/rpi-build/tmp/work/x86_64-linux/ncurses-native/6.3+20220423-r0/recipe-sysroot-native/lib                         -Wl,-O1 -Wl,--allow-shlib-undefined -Wl,--dynamic-linker=/home/ubuntu/yocto/rpi-build/tmp/sysroots-uninative/x86_64-linux/lib/ld-linux-x86-64.so.2 conftest.c  >&5
configure:23324: $? = 0
configure:23327: test -s conftest
configure:23330: $? = 0
configure:23340: result: yes
configure:23570: checking for pid_t
configure:23591: gcc  -c -isystem/home/ubuntu/yocto/rpi-build/tmp/work/x86_64-linux/ncurses-native/6.3+20220423-r0/recipe-sysroot-native/usr/include -O2 -pipe --param max-inline-insns-single=1200 -isystem/home/ubuntu/yocto/rpi-build/tmp/work/x86_64-linux/ncurses-native/6.3+20220423-r0/recipe-sysroot-native/usr/include -D_GNU_SOURCE -D_DEFAULT_SOURCE -D_XOPEN_SOURCE=600 -DNDEBUG conftest.c >&5
configure:23594: $? = 0
configure:23597: test -s conftest.o
configure:23600: $? = 0
configure:23610: result: yes
configure:23625: checking for unistd.h
configure:23660: result: yes
configure:23625: checking for vfork.h
configure:23635: gcc  -E -isystem/home/ubuntu/yocto/rpi-build/tmp/work/x86_64-linux/ncurses-native/6.3+20220423-r0/recipe-sysroot-native/usr/include -D_GNU_SOURCE -D_DEFAULT_SOURCE -D_XOPEN_SOURCE=600 -DNDEBUG conftest.c
configure:23632:10: fatal error: vfork.h: No such file or directory
compilation terminated.
configure:23641: $? = 1
configure: failed program was:
#line 23631 "configure"
#include "confdefs.h"
#include <vfork.h>
configure:23660: result: no
configure:23673: checking for fork
configure:23710: gcc  -o conftest -isystem/home/ubuntu/yocto/rpi-build/tmp/work/x86_64-linux/ncurses-native/6.3+20220423-r0/recipe-sysroot-native/usr/include -O2 -pipe --param max-inline-insns-single=1200 -isystem/home/ubuntu/yocto/rpi-build/tmp/work/x86_64-linux/ncurses-native/6.3+20220423-r0/recipe-sysroot-native/usr/include -D_GNU_SOURCE -D_DEFAULT_SOURCE -D_XOPEN_SOURCE=600 -DNDEBUG -L/home/ubuntu/yocto/rpi-build/tmp/work/x86_64-linux/ncurses-native/6.3+20220423-r0/recipe-sysroot-native/usr/lib                         -L/home/ubuntu/yocto/rpi-build/tmp/work/x86_64-linux/ncurses-native/6.3+20220423-r0/recipe-sysroot-native/lib                         -Wl,--enable-new-dtags                         -Wl,-rpath-link,/home/ubuntu/yocto/rpi-build/tmp/work/x86_64-linux/ncurses-native/6.3+20220423-r0/recipe-sysroot-native/usr/lib                         -Wl,-rpath-link,/home/ubuntu/yocto/rpi-build/tmp/work/x86_64-linux/ncurses-native/6.3+20220423-r0/recipe-sysroot-native/lib                         -Wl,-rpath,/home/ubuntu/yocto/rpi-build/tmp/work/x86_64-linux/ncurses-native/6.3+20220423-r0/recipe-sysroot-native/usr/lib                         -Wl,-rpath,/home/ubuntu/yocto/rpi-build/tmp/work/x86_64-linux/ncurses-native/6.3+20220423-r0/recipe-sysroot-native/lib                         -Wl,-O1 -Wl,--allow-shlib-undefined -Wl,--dynamic-linker=/home/ubuntu/yocto/rpi-build/tmp/sysroots-uninative/x86_64-linux/lib/ld-linux-x86-64.so.2 conftest.c  >&5
configure:23690:6: warning: conflicting types for built-in function 'fork'; expected 'int(void)' [-Wbuiltin-declaration-mismatch]
configure:23713: $? = 0
configure:23716: test -s conftest
configure:23719: $? = 0
configure:23729: result: yes
configure:23673: checking for vfork
configure:23710: gcc  -o conftest -isystem/home/ubuntu/yocto/rpi-build/tmp/work/x86_64-linux/ncurses-native/6.3+20220423-r0/recipe-sysroot-native/usr/include -O2 -pipe --param max-inline-insns-single=1200 -isystem/home/ubuntu/yocto/rpi-build/tmp/work/x86_64-linux/ncurses-native/6.3+20220423-r0/recipe-sysroot-native/usr/include -D_GNU_SOURCE -D_DEFAULT_SOURCE -D_XOPEN_SOURCE=600 -DNDEBUG -L/home/ubuntu/yocto/rpi-build/tmp/work/x86_64-linux/ncurses-native/6.3+20220423-r0/recipe-sysroot-native/usr/lib                         -L/home/ubuntu/yocto/rpi-build/tmp/work/x86_64-linux/ncurses-native/6.3+20220423-r0/recipe-sysroot-native/lib                         -Wl,--enable-new-dtags                         -Wl,-rpath-link,/home/ubuntu/yocto/rpi-build/tmp/work/x86_64-linux/ncurses-native/6.3+20220423-r0/recipe-sysroot-native/usr/lib                         -Wl,-rpath-link,/home/ubuntu/yocto/rpi-build/tmp/work/x86_64-linux/ncurses-native/6.3+20220423-r0/recipe-sysroot-native/lib                         -Wl,-rpath,/home/ubuntu/yocto/rpi-build/tmp/work/x86_64-linux/ncurses-native/6.3+20220423-r0/recipe-sysroot-native/usr/lib                         -Wl,-rpath,/home/ubuntu/yocto/rpi-build/tmp/work/x86_64-linux/ncurses-native/6.3+20220423-r0/recipe-sysroot-native/lib                         -Wl,-O1 -Wl,--allow-shlib-undefined -Wl,--dynamic-linker=/home/ubuntu/yocto/rpi-build/tmp/sysroots-uninative/x86_64-linux/lib/ld-linux-x86-64.so.2 conftest.c  >&5
configure:23713: $? = 0
configure:23716: test -s conftest
configure:23719: $? = 0
configure:23729: result: yes
configure:23741: checking for working fork
configure:23784: result: yes
configure:23803: checking for working vfork
configure:23929: result: yes
configure:23960: checking if fopen accepts explicit binary mode
configure:24003: gcc  -o conftest -isystem/home/ubuntu/yocto/rpi-build/tmp/work/x86_64-linux/ncurses-native/6.3+20220423-r0/recipe-sysroot-native/usr/include -O2 -pipe --param max-inline-insns-single=1200 -isystem/home/ubuntu/yocto/rpi-build/tmp/work/x86_64-linux/ncurses-native/6.3+20220423-r0/recipe-sysroot-native/usr/include -D_GNU_SOURCE -D_DEFAULT_SOURCE -D_XOPEN_SOURCE=600 -DNDEBUG -L/home/ubuntu/yocto/rpi-build/tmp/work/x86_64-linux/ncurses-native/6.3+20220423-r0/recipe-sysroot-native/usr/lib                         -L/home/ubuntu/yocto/rpi-build/tmp/work/x86_64-linux/ncurses-native/6.3+20220423-r0/recipe-sysroot-native/lib                         -Wl,--enable-new-dtags                         -Wl,-rpath-link,/home/ubuntu/yocto/rpi-build/tmp/work/x86_64-linux/ncurses-native/6.3+20220423-r0/recipe-sysroot-native/usr/lib                         -Wl,-rpath-link,/home/ubuntu/yocto/rpi-build/tmp/work/x86_64-linux/ncurses-native/6.3+20220423-r0/recipe-sysroot-native/lib                         -Wl,-rpath,/home/ubuntu/yocto/rpi-build/tmp/work/x86_64-linux/ncurses-native/6.3+20220423-r0/recipe-sysroot-native/usr/lib                         -Wl,-rpath,/home/ubuntu/yocto/rpi-build/tmp/work/x86_64-linux/ncurses-native/6.3+20220423-r0/recipe-sysroot-native/lib                         -Wl,-O1 -Wl,--allow-shlib-undefined -Wl,--dynamic-linker=/home/ubuntu/yocto/rpi-build/tmp/sysroots-uninative/x86_64-linux/lib/ld-linux-x86-64.so.2 conftest.c  >&5
configure:24006: $? = 0
configure:24008: ./conftest
configure:24011: $? = 0
configure:24024: result: yes
configure:24033: checking for openpty in -lutil
configure:24060: gcc  -o conftest -isystem/home/ubuntu/yocto/rpi-build/tmp/work/x86_64-linux/ncurses-native/6.3+20220423-r0/recipe-sysroot-native/usr/include -O2 -pipe --param max-inline-insns-single=1200 -isystem/home/ubuntu/yocto/rpi-build/tmp/work/x86_64-linux/ncurses-native/6.3+20220423-r0/recipe-sysroot-native/usr/include -D_GNU_SOURCE -D_DEFAULT_SOURCE -D_XOPEN_SOURCE=600 -DNDEBUG -L/home/ubuntu/yocto/rpi-build/tmp/work/x86_64-linux/ncurses-native/6.3+20220423-r0/recipe-sysroot-native/usr/lib                         -L/home/ubuntu/yocto/rpi-build/tmp/work/x86_64-linux/ncurses-native/6.3+20220423-r0/recipe-sysroot-native/lib                         -Wl,--enable-new-dtags                         -Wl,-rpath-link,/home/ubuntu/yocto/rpi-build/tmp/work/x86_64-linux/ncurses-native/6.3+20220423-r0/recipe-sysroot-native/usr/lib                         -Wl,-rpath-link,/home/ubuntu/yocto/rpi-build/tmp/work/x86_64-linux/ncurses-native/6.3+20220423-r0/recipe-sysroot-native/lib                         -Wl,-rpath,/home/ubuntu/yocto/rpi-build/tmp/work/x86_64-linux/ncurses-native/6.3+20220423-r0/recipe-sysroot-native/usr/lib                         -Wl,-rpath,/home/ubuntu/yocto/rpi-build/tmp/work/x86_64-linux/ncurses-native/6.3+20220423-r0/recipe-sysroot-native/lib                         -Wl,-O1 -Wl,--allow-shlib-undefined -Wl,--dynamic-linker=/home/ubuntu/yocto/rpi-build/tmp/sysroots-uninative/x86_64-linux/lib/ld-linux-x86-64.so.2 conftest.c -lutil   >&5
configure:24063: $? = 0
configure:24066: test -s conftest
configure:24069: $? = 0
configure:24080: result: yes
configure:24088: checking for openpty header
configure:24132: gcc  -o conftest -isystem/home/ubuntu/yocto/rpi-build/tmp/work/x86_64-linux/ncurses-native/6.3+20220423-r0/recipe-sysroot-native/usr/include -O2 -pipe --param max-inline-insns-single=1200 -isystem/home/ubuntu/yocto/rpi-build/tmp/work/x86_64-linux/ncurses-native/6.3+20220423-r0/recipe-sysroot-native/usr/include -D_GNU_SOURCE -D_DEFAULT_SOURCE -D_XOPEN_SOURCE=600 -DNDEBUG -L/home/ubuntu/yocto/rpi-build/tmp/work/x86_64-linux/ncurses-native/6.3+20220423-r0/recipe-sysroot-native/usr/lib                         -L/home/ubuntu/yocto/rpi-build/tmp/work/x86_64-linux/ncurses-native/6.3+20220423-r0/recipe-sysroot-native/lib                         -Wl,--enable-new-dtags                         -Wl,-rpath-link,/home/ubuntu/yocto/rpi-build/tmp/work/x86_64-linux/ncurses-native/6.3+20220423-r0/recipe-sysroot-native/usr/lib                         -Wl,-rpath-link,/home/ubuntu/yocto/rpi-build/tmp/work/x86_64-linux/ncurses-native/6.3+20220423-r0/recipe-sysroot-native/lib                         -Wl,-rpath,/home/ubuntu/yocto/rpi-build/tmp/work/x86_64-linux/ncurses-native/6.3+20220423-r0/recipe-sysroot-native/usr/lib                         -Wl,-rpath,/home/ubuntu/yocto/rpi-build/tmp/work/x86_64-linux/ncurses-native/6.3+20220423-r0/recipe-sysroot-native/lib                         -Wl,-O1 -Wl,--allow-shlib-undefined -Wl,--dynamic-linker=/home/ubuntu/yocto/rpi-build/tmp/sysroots-uninative/x86_64-linux/lib/ld-linux-x86-64.so.2 conftest.c -lutil  >&5
configure:24135: $? = 0
configure:24138: test -s conftest
configure:24141: $? = 0
configure:24159: result: pty.h
configure:24801: checking if we should include stdbool.h
configure:24821: gcc  -c -isystem/home/ubuntu/yocto/rpi-build/tmp/work/x86_64-linux/ncurses-native/6.3+20220423-r0/recipe-sysroot-native/usr/include -O2 -pipe --param max-inline-insns-single=1200 -isystem/home/ubuntu/yocto/rpi-build/tmp/work/x86_64-linux/ncurses-native/6.3+20220423-r0/recipe-sysroot-native/usr/include -D_GNU_SOURCE -D_DEFAULT_SOURCE -D_XOPEN_SOURCE=600 -DNDEBUG conftest.c >&5
configure: In function 'main':
configure:24814:1: error: unknown type name 'bool'
configure:24810:1: note: 'bool' is defined in header '<stdbool.h>'; did you forget to '#include <stdbool.h>'?
configure:24814:12: error: 'false' undeclared (first use in this function)
configure:24814:12: note: 'false' is defined in header '<stdbool.h>'; did you forget to '#include <stdbool.h>'?
configure:24814:12: note: each undeclared identifier is reported only once for each function it appears in
configure:24824: $? = 1
configure: failed program was:
#line 24809 "configure"
#include "confdefs.h"

int
main (void)
{
bool foo = false
  ;
  return 0;
}
configure:24853: gcc  -c -isystem/home/ubuntu/yocto/rpi-build/tmp/work/x86_64-linux/ncurses-native/6.3+20220423-r0/recipe-sysroot-native/usr/include -O2 -pipe --param max-inline-insns-single=1200 -isystem/home/ubuntu/yocto/rpi-build/tmp/work/x86_64-linux/ncurses-native/6.3+20220423-r0/recipe-sysroot-native/usr/include -D_GNU_SOURCE -D_DEFAULT_SOURCE -D_XOPEN_SOURCE=600 -DNDEBUG conftest.c >&5
configure:24856: $? = 0
configure:24859: test -s conftest.o
configure:24862: $? = 0
configure:24876: result: yes
configure:24882: checking for builtin bool type
configure:24905: gcc  -c -isystem/home/ubuntu/yocto/rpi-build/tmp/work/x86_64-linux/ncurses-native/6.3+20220423-r0/recipe-sysroot-native/usr/include -O2 -pipe --param max-inline-insns-single=1200 -isystem/home/ubuntu/yocto/rpi-build/tmp/work/x86_64-linux/ncurses-native/6.3+20220423-r0/recipe-sysroot-native/usr/include -D_GNU_SOURCE -D_DEFAULT_SOURCE -D_XOPEN_SOURCE=600 -DNDEBUG conftest.c >&5
configure: In function 'main':
configure:24898:1: error: unknown type name 'bool'
configure:24894:1: note: 'bool' is defined in header '<stdbool.h>'; did you forget to '#include <stdbool.h>'?
configure:24898:10: error: 'false' undeclared (first use in this function)
configure:24898:10: note: 'false' is defined in header '<stdbool.h>'; did you forget to '#include <stdbool.h>'?
configure:24898:10: note: each undeclared identifier is reported only once for each function it appears in
configure:24908: $? = 1
configure: failed program was:
#line 24890 "configure"
#include "confdefs.h"

#include <stdio.h>
#include <sys/types.h>

int
main (void)
{
bool x = false
  ;
  return 0;
}
configure:24929: result: no
configure:24946: checking if we already have C++ library
configure:24963: g++  -o conftest -isystem/home/ubuntu/yocto/rpi-build/tmp/work/x86_64-linux/ncurses-native/6.3+20220423-r0/recipe-sysroot-native/usr/include -D_GNU_SOURCE -O2 -pipe -isystem/home/ubuntu/yocto/rpi-build/tmp/work/x86_64-linux/ncurses-native/6.3+20220423-r0/recipe-sysroot-native/usr/include -D_GNU_SOURCE -D_DEFAULT_SOURCE -D_XOPEN_SOURCE=600 -DNDEBUG -L/home/ubuntu/yocto/rpi-build/tmp/work/x86_64-linux/ncurses-native/6.3+20220423-r0/recipe-sysroot-native/usr/lib                         -L/home/ubuntu/yocto/rpi-build/tmp/work/x86_64-linux/ncurses-native/6.3+20220423-r0/recipe-sysroot-native/lib                         -Wl,--enable-new-dtags                         -Wl,-rpath-link,/home/ubuntu/yocto/rpi-build/tmp/work/x86_64-linux/ncurses-native/6.3+20220423-r0/recipe-sysroot-native/usr/lib                         -Wl,-rpath-link,/home/ubuntu/yocto/rpi-build/tmp/work/x86_64-linux/ncurses-native/6.3+20220423-r0/recipe-sysroot-native/lib                         -Wl,-rpath,/home/ubuntu/yocto/rpi-build/tmp/work/x86_64-linux/ncurses-native/6.3+20220423-r0/recipe-sysroot-native/usr/lib                         -Wl,-rpath,/home/ubuntu/yocto/rpi-build/tmp/work/x86_64-linux/ncurses-native/6.3+20220423-r0/recipe-sysroot-native/lib                         -Wl,-O1 -Wl,--allow-shlib-undefined -Wl,--dynamic-linker=/home/ubuntu/yocto/rpi-build/tmp/sysroots-uninative/x86_64-linux/lib/ld-linux-x86-64.so.2 conftest.cc   >&5
configure:24966: $? = 0
configure:24969: test -s conftest
configure:24972: $? = 0
configure:24981: result: yes
configure:25083: checking whether g++  understands -c and -o together
configure:25098: g++  -isystem/home/ubuntu/yocto/rpi-build/tmp/work/x86_64-linux/ncurses-native/6.3+20220423-r0/recipe-sysroot-native/usr/include -D_GNU_SOURCE -O2 -pipe -isystem/home/ubuntu/yocto/rpi-build/tmp/work/x86_64-linux/ncurses-native/6.3+20220423-r0/recipe-sysroot-native/usr/include -D_GNU_SOURCE -D_DEFAULT_SOURCE -D_XOPEN_SOURCE=600 -DNDEBUG -c conftest.cc -o conftest2.o >&5
configure:25101: $? = 0
configure:25103: g++  -isystem/home/ubuntu/yocto/rpi-build/tmp/work/x86_64-linux/ncurses-native/6.3+20220423-r0/recipe-sysroot-native/usr/include -D_GNU_SOURCE -O2 -pipe -isystem/home/ubuntu/yocto/rpi-build/tmp/work/x86_64-linux/ncurses-native/6.3+20220423-r0/recipe-sysroot-native/usr/include -D_GNU_SOURCE -D_DEFAULT_SOURCE -D_XOPEN_SOURCE=600 -DNDEBUG -c conftest.cc -o conftest2.o >&5
configure:25106: $? = 0
configure:25117: result: yes
configure:25293: checking how to run the C++ preprocessor
configure:25315: g++  -E -isystem/home/ubuntu/yocto/rpi-build/tmp/work/x86_64-linux/ncurses-native/6.3+20220423-r0/recipe-sysroot-native/usr/include -D_GNU_SOURCE -D_DEFAULT_SOURCE -D_XOPEN_SOURCE=600 -DNDEBUG conftest.cc
configure:25321: $? = 0
configure:25348: g++  -E -isystem/home/ubuntu/yocto/rpi-build/tmp/work/x86_64-linux/ncurses-native/6.3+20220423-r0/recipe-sysroot-native/usr/include -D_GNU_SOURCE -D_DEFAULT_SOURCE -D_XOPEN_SOURCE=600 -DNDEBUG conftest.cc
configure:25345:10: fatal error: ac_nonexistent.h: No such file or directory
compilation terminated.
configure:25354: $? = 1
configure: failed program was:
#line 25344 "configure"
#include "confdefs.h"
#include <ac_nonexistent.h>
configure:25391: result: g++  -E
configure:25406: g++  -E -isystem/home/ubuntu/yocto/rpi-build/tmp/work/x86_64-linux/ncurses-native/6.3+20220423-r0/recipe-sysroot-native/usr/include -D_GNU_SOURCE -D_DEFAULT_SOURCE -D_XOPEN_SOURCE=600 -DNDEBUG conftest.cc
configure:25412: $? = 0
configure:25439: g++  -E -isystem/home/ubuntu/yocto/rpi-build/tmp/work/x86_64-linux/ncurses-native/6.3+20220423-r0/recipe-sysroot-native/usr/include -D_GNU_SOURCE -D_DEFAULT_SOURCE -D_XOPEN_SOURCE=600 -DNDEBUG conftest.cc
configure:25436:10: fatal error: ac_nonexistent.h: No such file or directory
compilation terminated.
configure:25445: $? = 1
configure: failed program was:
#line 25435 "configure"
#include "confdefs.h"
#include <ac_nonexistent.h>
configure:25488: checking for typeinfo
configure:25498: g++  -E -isystem/home/ubuntu/yocto/rpi-build/tmp/work/x86_64-linux/ncurses-native/6.3+20220423-r0/recipe-sysroot-native/usr/include -D_GNU_SOURCE -D_DEFAULT_SOURCE -D_XOPEN_SOURCE=600 -DNDEBUG conftest.cc
configure:25504: $? = 0
configure:25523: result: yes
configure:25536: checking for iostream
configure:25546: g++  -E -isystem/home/ubuntu/yocto/rpi-build/tmp/work/x86_64-linux/ncurses-native/6.3+20220423-r0/recipe-sysroot-native/usr/include -D_GNU_SOURCE -D_DEFAULT_SOURCE -D_XOPEN_SOURCE=600 -DNDEBUG conftest.cc
configure:25552: $? = 0
configure:25571: result: yes
configure:25582: checking if iostream uses std-namespace
configure:25602: g++  -c -isystem/home/ubuntu/yocto/rpi-build/tmp/work/x86_64-linux/ncurses-native/6.3+20220423-r0/recipe-sysroot-native/usr/include -D_GNU_SOURCE -O2 -pipe -isystem/home/ubuntu/yocto/rpi-build/tmp/work/x86_64-linux/ncurses-native/6.3+20220423-r0/recipe-sysroot-native/usr/include -D_GNU_SOURCE -D_DEFAULT_SOURCE -D_XOPEN_SOURCE=600 -DNDEBUG conftest.cc >&5
configure:25605: $? = 0
configure:25608: test -s conftest.o
configure:25611: $? = 0
configure:25620: result: yes
configure:25631: checking if we should include stdbool.h
configure:25706: result: yes
configure:25712: checking for builtin bool type
configure:25735: g++  -c -isystem/home/ubuntu/yocto/rpi-build/tmp/work/x86_64-linux/ncurses-native/6.3+20220423-r0/recipe-sysroot-native/usr/include -D_GNU_SOURCE -O2 -pipe -isystem/home/ubuntu/yocto/rpi-build/tmp/work/x86_64-linux/ncurses-native/6.3+20220423-r0/recipe-sysroot-native/usr/include -D_GNU_SOURCE -D_DEFAULT_SOURCE -D_XOPEN_SOURCE=600 -DNDEBUG conftest.cc >&5
configure:25738: $? = 0
configure:25741: test -s conftest.o
configure:25744: $? = 0
configure:25757: result: yes
configure:25763: checking for bool
configure:25805: g++  -c -isystem/home/ubuntu/yocto/rpi-build/tmp/work/x86_64-linux/ncurses-native/6.3+20220423-r0/recipe-sysroot-native/usr/include -D_GNU_SOURCE -O2 -pipe -isystem/home/ubuntu/yocto/rpi-build/tmp/work/x86_64-linux/ncurses-native/6.3+20220423-r0/recipe-sysroot-native/usr/include -D_GNU_SOURCE -D_DEFAULT_SOURCE -D_XOPEN_SOURCE=600 -DNDEBUG conftest.cc >&5
configure:25808: $? = 0
configure:25811: test -s conftest.o
configure:25814: $? = 0
configure:25824: result: yes
configure:25827: checking size of bool
configure:26096: g++  -o conftest -isystem/home/ubuntu/yocto/rpi-build/tmp/work/x86_64-linux/ncurses-native/6.3+20220423-r0/recipe-sysroot-native/usr/include -D_GNU_SOURCE -O2 -pipe -isystem/home/ubuntu/yocto/rpi-build/tmp/work/x86_64-linux/ncurses-native/6.3+20220423-r0/recipe-sysroot-native/usr/include -D_GNU_SOURCE -D_DEFAULT_SOURCE -D_XOPEN_SOURCE=600 -DNDEBUG -L/home/ubuntu/yocto/rpi-build/tmp/work/x86_64-linux/ncurses-native/6.3+20220423-r0/recipe-sysroot-native/usr/lib                         -L/home/ubuntu/yocto/rpi-build/tmp/work/x86_64-linux/ncurses-native/6.3+20220423-r0/recipe-sysroot-native/lib                         -Wl,--enable-new-dtags                         -Wl,-rpath-link,/home/ubuntu/yocto/rpi-build/tmp/work/x86_64-linux/ncurses-native/6.3+20220423-r0/recipe-sysroot-native/usr/lib                         -Wl,-rpath-link,/home/ubuntu/yocto/rpi-build/tmp/work/x86_64-linux/ncurses-native/6.3+20220423-r0/recipe-sysroot-native/lib                         -Wl,-rpath,/home/ubuntu/yocto/rpi-build/tmp/work/x86_64-linux/ncurses-native/6.3+20220423-r0/recipe-sysroot-native/usr/lib                         -Wl,-rpath,/home/ubuntu/yocto/rpi-build/tmp/work/x86_64-linux/ncurses-native/6.3+20220423-r0/recipe-sysroot-native/lib                         -Wl,-O1 -Wl,--allow-shlib-undefined -Wl,--dynamic-linker=/home/ubuntu/yocto/rpi-build/tmp/sysroots-uninative/x86_64-linux/lib/ld-linux-x86-64.so.2 conftest.cc  >&5
configure:26099: $? = 0
configure:26101: ./conftest
configure:26104: $? = 0
configure:26120: result: 1
configure:26126: checking for type of bool
configure:26187: g++  -o conftest -isystem/home/ubuntu/yocto/rpi-build/tmp/work/x86_64-linux/ncurses-native/6.3+20220423-r0/recipe-sysroot-native/usr/include -D_GNU_SOURCE -O2 -pipe -isystem/home/ubuntu/yocto/rpi-build/tmp/work/x86_64-linux/ncurses-native/6.3+20220423-r0/recipe-sysroot-native/usr/include -D_GNU_SOURCE -D_DEFAULT_SOURCE -D_XOPEN_SOURCE=600 -DNDEBUG -L/home/ubuntu/yocto/rpi-build/tmp/work/x86_64-linux/ncurses-native/6.3+20220423-r0/recipe-sysroot-native/usr/lib                         -L/home/ubuntu/yocto/rpi-build/tmp/work/x86_64-linux/ncurses-native/6.3+20220423-r0/recipe-sysroot-native/lib                         -Wl,--enable-new-dtags                         -Wl,-rpath-link,/home/ubuntu/yocto/rpi-build/tmp/work/x86_64-linux/ncurses-native/6.3+20220423-r0/recipe-sysroot-native/usr/lib                         -Wl,-rpath-link,/home/ubuntu/yocto/rpi-build/tmp/work/x86_64-linux/ncurses-native/6.3+20220423-r0/recipe-sysroot-native/lib                         -Wl,-rpath,/home/ubuntu/yocto/rpi-build/tmp/work/x86_64-linux/ncurses-native/6.3+20220423-r0/recipe-sysroot-native/usr/lib                         -Wl,-rpath,/home/ubuntu/yocto/rpi-build/tmp/work/x86_64-linux/ncurses-native/6.3+20220423-r0/recipe-sysroot-native/lib                         -Wl,-O1 -Wl,--allow-shlib-undefined -Wl,--dynamic-linker=/home/ubuntu/yocto/rpi-build/tmp/sysroots-uninative/x86_64-linux/lib/ld-linux-x86-64.so.2 conftest.cc  >&5
configure:26190: $? = 0
configure:26192: ./conftest
configure:26195: $? = 0
configure:26212: result: unsigned char
configure:26224: checking for special defines needed for etip.h
configure:26256: g++  -c -isystem/home/ubuntu/yocto/rpi-build/tmp/work/x86_64-linux/ncurses-native/6.3+20220423-r0/recipe-sysroot-native/usr/include -D_GNU_SOURCE -O2 -pipe -I../../git/c++ -I../../git/menu -Iinclude -I../../git/include -isystem/home/ubuntu/yocto/rpi-build/tmp/work/x86_64-linux/ncurses-native/6.3+20220423-r0/recipe-sysroot-native/usr/include -D_GNU_SOURCE -D_DEFAULT_SOURCE -D_XOPEN_SOURCE=600 -DNDEBUG conftest.cc >&5
In file included from configure:26244:
../../git/c++/etip.h.in:117:10: fatal error: curses.h: No such file or directory
  117 | #include <curses.h>
      |          ^~~~~~~~~~
compilation terminated.
configure:26259: $? = 1
configure: failed program was:
#line 26242 "configure"
#include "confdefs.h"

#include <etip.h.in>

int
main (void)
{

  ;
  return 0;
}
configure:26256: g++  -c -isystem/home/ubuntu/yocto/rpi-build/tmp/work/x86_64-linux/ncurses-native/6.3+20220423-r0/recipe-sysroot-native/usr/include -D_GNU_SOURCE -O2 -pipe -I../../git/c++ -I../../git/menu -Iinclude -I../../git/include -DETIP_NEEDS_MATH_EXCEPTION -isystem/home/ubuntu/yocto/rpi-build/tmp/work/x86_64-linux/ncurses-native/6.3+20220423-r0/recipe-sysroot-native/usr/include -D_GNU_SOURCE -D_DEFAULT_SOURCE -D_XOPEN_SOURCE=600 -DNDEBUG conftest.cc >&5
In file included from configure:26244:
../../git/c++/etip.h.in:117:10: fatal error: curses.h: No such file or directory
  117 | #include <curses.h>
      |          ^~~~~~~~~~
compilation terminated.
configure:26259: $? = 1
configure: failed program was:
#line 26242 "configure"
#include "confdefs.h"

#include <etip.h.in>

int
main (void)
{

  ;
  return 0;
}
configure:26256: g++  -c -isystem/home/ubuntu/yocto/rpi-build/tmp/work/x86_64-linux/ncurses-native/6.3+20220423-r0/recipe-sysroot-native/usr/include -D_GNU_SOURCE -O2 -pipe -I../../git/c++ -I../../git/menu -Iinclude -I../../git/include -DETIP_NEEDS_MATH_H -isystem/home/ubuntu/yocto/rpi-build/tmp/work/x86_64-linux/ncurses-native/6.3+20220423-r0/recipe-sysroot-native/usr/include -D_GNU_SOURCE -D_DEFAULT_SOURCE -D_XOPEN_SOURCE=600 -DNDEBUG conftest.cc >&5
In file included from configure:26244:
../../git/c++/etip.h.in:117:10: fatal error: curses.h: No such file or directory
  117 | #include <curses.h>
      |          ^~~~~~~~~~
compilation terminated.
configure:26259: $? = 1
configure: failed program was:
#line 26242 "configure"
#include "confdefs.h"

#include <etip.h.in>

int
main (void)
{

  ;
  return 0;
}
configure:26256: g++  -c -isystem/home/ubuntu/yocto/rpi-build/tmp/work/x86_64-linux/ncurses-native/6.3+20220423-r0/recipe-sysroot-native/usr/include -D_GNU_SOURCE -O2 -pipe -I../../git/c++ -I../../git/menu -Iinclude -I../../git/include -DETIP_NEEDS_MATH_H -DETIP_NEEDS_MATH_EXCEPTION -isystem/home/ubuntu/yocto/rpi-build/tmp/work/x86_64-linux/ncurses-native/6.3+20220423-r0/recipe-sysroot-native/usr/include -D_GNU_SOURCE -D_DEFAULT_SOURCE -D_XOPEN_SOURCE=600 -DNDEBUG conftest.cc >&5
In file included from configure:26244:
../../git/c++/etip.h.in:117:10: fatal error: curses.h: No such file or directory
  117 | #include <curses.h>
      |          ^~~~~~~~~~
compilation terminated.
configure:26259: $? = 1
configure: failed program was:
#line 26242 "configure"
#include "confdefs.h"

#include <etip.h.in>

int
main (void)
{

  ;
  return 0;
}
configure:26286: result: none
configure:26291: checking if g++  accepts parameter initialization
configure:26327: g++  -o conftest -isystem/home/ubuntu/yocto/rpi-build/tmp/work/x86_64-linux/ncurses-native/6.3+20220423-r0/recipe-sysroot-native/usr/include -D_GNU_SOURCE -O2 -pipe -isystem/home/ubuntu/yocto/rpi-build/tmp/work/x86_64-linux/ncurses-native/6.3+20220423-r0/recipe-sysroot-native/usr/include -D_GNU_SOURCE -D_DEFAULT_SOURCE -D_XOPEN_SOURCE=600 -DNDEBUG -L/home/ubuntu/yocto/rpi-build/tmp/work/x86_64-linux/ncurses-native/6.3+20220423-r0/recipe-sysroot-native/usr/lib                         -L/home/ubuntu/yocto/rpi-build/tmp/work/x86_64-linux/ncurses-native/6.3+20220423-r0/recipe-sysroot-native/lib                         -Wl,--enable-new-dtags                         -Wl,-rpath-link,/home/ubuntu/yocto/rpi-build/tmp/work/x86_64-linux/ncurses-native/6.3+20220423-r0/recipe-sysroot-native/usr/lib                         -Wl,-rpath-link,/home/ubuntu/yocto/rpi-build/tmp/work/x86_64-linux/ncurses-native/6.3+20220423-r0/recipe-sysroot-native/lib                         -Wl,-rpath,/home/ubuntu/yocto/rpi-build/tmp/work/x86_64-linux/ncurses-native/6.3+20220423-r0/recipe-sysroot-native/usr/lib                         -Wl,-rpath,/home/ubuntu/yocto/rpi-build/tmp/work/x86_64-linux/ncurses-native/6.3+20220423-r0/recipe-sysroot-native/lib                         -Wl,-O1 -Wl,--allow-shlib-undefined -Wl,--dynamic-linker=/home/ubuntu/yocto/rpi-build/tmp/sysroots-uninative/x86_64-linux/lib/ld-linux-x86-64.so.2 conftest.cc  >&5
configure:26318:1: error: default argument given for parameter 1 of 'TEST::TEST(int)' [-fpermissive]
configure:26314:2: note: previous specification in 'TEST::TEST(int)' here
configure:26330: $? = 1
configure: program exited with status 1
configure: failed program was:
#line 26308 "configure"
#include "confdefs.h"

class TEST {
private:
	int value;
public:
	TEST(int x = 1);
	~TEST();
};

TEST::TEST(int x = 1)	// some compilers do not like second initializer
{
	value = x;
}
int main(void) { }

configure:26354: result: no
configure:26364: checking if g++  accepts static_cast
configure:26422: g++  -c -isystem/home/ubuntu/yocto/rpi-build/tmp/work/x86_64-linux/ncurses-native/6.3+20220423-r0/recipe-sysroot-native/usr/include -D_GNU_SOURCE -O2 -pipe -isystem/home/ubuntu/yocto/rpi-build/tmp/work/x86_64-linux/ncurses-native/6.3+20220423-r0/recipe-sysroot-native/usr/include -D_GNU_SOURCE -D_DEFAULT_SOURCE -D_XOPEN_SOURCE=600 -DNDEBUG conftest.cc >&5
configure:26425: $? = 0
configure:26428: test -s conftest.o
configure:26431: $? = 0
configure:26449: result: yes
configure:27892: checking for library subsets
configure:27946: result: ticlib termlib+ext_tinfo base+ext_funcs
configure:27977: checking default library suffix
configure:27988: result: 
configure:27991: checking default library-dependency suffix
configure:28074: result: .so
configure:28077: checking default object directory
configure:28093: result: obj_s
configure:28097: checking c++ library-dependency suffix
configure:28190: result: .a
configure:28455: checking where we will install curses.h
configure:28465: result: /home/ubuntu/yocto/rpi-build/tmp/work/x86_64-linux/ncurses-native/6.3+20220423-r0/recipe-sysroot-native/usr/include/ncurses
configure:28501: checking for desired basename for form library
configure:28521: result: form
configure:28524: checking for desired basename for menu library
configure:28544: result: menu
configure:28547: checking for desired basename for panel library
configure:28567: result: panel
configure:28570: checking for desired basename for cxx library
configure:28590: result: ncurses++
configure:28596: checking for src modules
configure:28665: result: ncurses progs panel menu form
configure:28837: checking for defines to add to ncurses5-config script
configure:28853: result:  -D_DEFAULT_SOURCE -D_XOPEN_SOURCE=600
configure:28941: checking for linker search path
configure:29030: result: /lib/x86_64-linux-gnu /usr/lib/x86_64-linux-gnu /lib64 /usr/lib64 /usr/local/lib /lib /usr/lib
configure:29120: creating ./config.status

## ----------------------- ##
## Running config.status.  ##
## ----------------------- ##

This file was extended by config.status 2.52.20210509, executed with
  CONFIG_FILES    = 
  CONFIG_HEADERS  = 
  CONFIG_LINKS    = 
  CONFIG_COMMANDS = 
  > "./config.status "
on DESKTOP-CSPIOE3

config.status:29956: creating include/MKterm.h.awk
config.status:29956: creating include/curses.head
config.status:29956: creating include/ncurses_dll.h
config.status:29956: creating include/termcap.h
config.status:29956: creating include/unctrl.h
config.status:29956: creating man/Makefile
config.status:29956: creating include/Makefile
config.status:29956: creating ncurses/Makefile
config.status:29956: creating progs/Makefile
config.status:29956: creating panel/Makefile
config.status:29956: creating menu/Makefile
config.status:29956: creating form/Makefile
config.status:29956: creating test/Makefile
config.status:29956: creating misc/Makefile
config.status:29956: creating c++/Makefile
config.status:29956: creating misc/run_tic.sh
config.status:29956: creating misc/ncurses-config
config.status:29956: creating man/ncurses5-config.1
config.status:29956: creating misc/gen-pkgconfig
config.status:29956: creating Makefile
config.status:30109: creating include/ncurses_cfg.h

## ----------------- ##
## Cache variables.  ##
## ----------------- ##

ac_cv___va_copy='yes'
ac_cv_af_unix_large_dgram='yes'
ac_cv_alignof_char='1'
ac_cv_alignof_dbind_pointer='8'
ac_cv_alignof_dbind_struct='1'
ac_cv_alignof_dbus_bool_t='4'
ac_cv_alignof_dbus_int16_t='2'
ac_cv_alignof_dbus_int32_t='4'
ac_cv_alignof_dbus_int64_t='8'
ac_cv_alignof_double='8'
ac_cv_alignof_guint32='4'
ac_cv_alignof_guint64='8'
ac_cv_alignof_unsigned_long='8'
ac_cv_buggy_getaddrinfo='no'
ac_cv_build='x86_64-pc-linux-gnu'
ac_cv_build_alias='x86_64-linux'
ac_cv_c_bigendian='no'
ac_cv_c_compiler_gnu='yes'
ac_cv_c_const='yes'
ac_cv_c_endian='little'
ac_cv_c_inline='inline'
ac_cv_c_littleendian='yes'
ac_cv_check_sjlj='ssjlj'
ac_cv_conv_longlong_to_float='yes'
ac_cv_cxx_compiler_gnu='yes'
ac_cv_env_CC_set='set'
ac_cv_env_CC_value='gcc '
ac_cv_env_CFLAGS_set='set'
ac_cv_env_CFLAGS_value='-isystem/home/ubuntu/yocto/rpi-build/tmp/work/x86_64-linux/ncurses-native/6.3+20220423-r0/recipe-sysroot-native/usr/include -D_GNU_SOURCE -O2 -pipe'
ac_cv_env_CPPFLAGS_set='set'
ac_cv_env_CPPFLAGS_value='-isystem/home/ubuntu/yocto/rpi-build/tmp/work/x86_64-linux/ncurses-native/6.3+20220423-r0/recipe-sysroot-native/usr/include -D_GNU_SOURCE'
ac_cv_env_CPP_set='set'
ac_cv_env_CPP_value='gcc  -E'
ac_cv_env_CXXCPP_set=''
ac_cv_env_CXXCPP_value=''
ac_cv_env_CXXFLAGS_set='set'
ac_cv_env_CXXFLAGS_value='-isystem/home/ubuntu/yocto/rpi-build/tmp/work/x86_64-linux/ncurses-native/6.3+20220423-r0/recipe-sysroot-native/usr/include -D_GNU_SOURCE -O2 -pipe'
ac_cv_env_CXX_set='set'
ac_cv_env_CXX_value='g++ '
ac_cv_env_LDFLAGS_set='set'
ac_cv_env_LDFLAGS_value='-L/home/ubuntu/yocto/rpi-build/tmp/work/x86_64-linux/ncurses-native/6.3+20220423-r0/recipe-sysroot-native/usr/lib                         -L/home/ubuntu/yocto/rpi-build/tmp/work/x86_64-linux/ncurses-native/6.3+20220423-r0/recipe-sysroot-native/lib                         -Wl,--enable-new-dtags                         -Wl,-rpath-link,/home/ubuntu/yocto/rpi-build/tmp/work/x86_64-linux/ncurses-native/6.3+20220423-r0/recipe-sysroot-native/usr/lib                         -Wl,-rpath-link,/home/ubuntu/yocto/rpi-build/tmp/work/x86_64-linux/ncurses-native/6.3+20220423-r0/recipe-sysroot-native/lib                         -Wl,-rpath,/home/ubuntu/yocto/rpi-build/tmp/work/x86_64-linux/ncurses-native/6.3+20220423-r0/recipe-sysroot-native/usr/lib                         -Wl,-rpath,/home/ubuntu/yocto/rpi-build/tmp/work/x86_64-linux/ncurses-native/6.3+20220423-r0/recipe-sysroot-native/lib                         -Wl,-O1 -Wl,--allow-shlib-undefined -Wl,--dynamic-linker=/home/ubuntu/yocto/rpi-build/tmp/sysroots-uninative/x86_64-linux/lib/ld-linux-x86-64.so.2'
ac_cv_env_build_alias_set='set'
ac_cv_env_build_alias_value='x86_64-linux'
ac_cv_env_host_alias_set='set'
ac_cv_env_host_alias_value='x86_64-linux'
ac_cv_env_target_alias_set='set'
ac_cv_env_target_alias_value='x86_64-linux'
ac_cv_epoll_works='yes'
ac_cv_file__dev_random='yes'
ac_cv_file__dev_zero='yes'
ac_cv_func___ashldi3='no'
ac_cv_func___ashrdi3='no'
ac_cv_func___bswapdi2='no'
ac_cv_func___bswapsi2='no'
ac_cv_func___lshrdi3='no'
ac_cv_func___trampoline_setup='no'
ac_cv_func___ucmpdi2='no'
ac_cv_func___va_copy='yes'
ac_cv_func__restgpr_14_x='no'
ac_cv_func_calloc_0_nonnull='yes'
ac_cv_func_chown_works='yes'
ac_cv_func_fork='yes'
ac_cv_func_fork_works='yes'
ac_cv_func_fseeko='yes'
ac_cv_func_getaddrinfo='yes'
ac_cv_func_getcwd='yes'
ac_cv_func_getegid='yes'
ac_cv_func_getenv='yes'
ac_cv_func_geteuid='yes'
ac_cv_func_getgrgid_r='yes'
ac_cv_func_getgroups_works='yes'
ac_cv_func_getopt='yes'
ac_cv_func_getpagesize='yes'
ac_cv_func_getpgrp_void='yes'
ac_cv_func_getpwuid_r='yes'
ac_cv_func_gettimeofday='yes'
ac_cv_func_issetugid='no'
ac_cv_func_link='yes'
ac_cv_func_localeconv='yes'
ac_cv_func_lstat_dereferences_slashed_symlink='yes'
ac_cv_func_lstat_empty_string_bug='no'
ac_cv_func_malloc_0_nonnull='yes'
ac_cv_func_malloc_works='yes'
ac_cv_func_memcmp_working='yes'
ac_cv_func_memcpy='yes'
ac_cv_func_memmove='yes'
ac_cv_func_mmap_fixed_mapped='yes'
ac_cv_func_poll='yes'
ac_cv_func_posix_getgrgid_r='yes'
ac_cv_func_posix_getpwnam_r='yes'
ac_cv_func_posix_getpwuid_r='yes'
ac_cv_func_posix_openpt='yes'
ac_cv_func_printf_unix98='yes'
ac_cv_func_pthread_attr_getstack='yes'
ac_cv_func_pthread_key_delete='yes'
ac_cv_func_putenv='yes'
ac_cv_func_realloc_0_nonnull='yes'
ac_cv_func_realloc_works='yes'
ac_cv_func_regcomp='yes'
ac_cv_func_remove='yes'
ac_cv_func_select='yes'
ac_cv_func_setbuf='yes'
ac_cv_func_setbuffer='yes'
ac_cv_func_setenv='yes'
ac_cv_func_setfsuid='yes'
ac_cv_func_setgrent_void='yes'
ac_cv_func_setpgrp_void='yes'
ac_cv_func_setresuid='yes'
ac_cv_func_setvbuf='yes'
ac_cv_func_setvbuf_reversed='no'
ac_cv_func_sigaction='yes'
ac_cv_func_sigvec='no'
ac_cv_func_snprintf='yes'
ac_cv_func_snprintf_c99='yes'
ac_cv_func_stat_empty_string_bug='no'
ac_cv_func_stat_ignores_trailing_slash='no'
ac_cv_func_strdup='yes'
ac_cv_func_strerror='yes'
ac_cv_func_strstr='yes'
ac_cv_func_strtod='yes'
ac_cv_func_symlink='yes'
ac_cv_func_sysconf='yes'
ac_cv_func_tcgetpgrp='yes'
ac_cv_func_times='yes'
ac_cv_func_tsearch='yes'
ac_cv_func_unlink='yes'
ac_cv_func_utime_null='yes'
ac_cv_func_va_copy='yes'
ac_cv_func_vfork='yes'
ac_cv_func_vfork_works='yes'
ac_cv_func_vsnprintf='yes'
ac_cv_func_vsnprintf_c99='yes'
ac_cv_have_abstract_sockets='yes'
ac_cv_have_decl_sys_siglist='no'
ac_cv_have_long_long_format='yes'
ac_cv_header_dirent_dirent_h='yes'
ac_cv_header_fcntl_h='yes'
ac_cv_header_getopt_h='yes'
ac_cv_header_inttypes_h='yes'
ac_cv_header_iostream='yes'
ac_cv_header_limits_h='yes'
ac_cv_header_locale_h='yes'
ac_cv_header_math_h='yes'
ac_cv_header_memory_h='yes'
ac_cv_header_poll_h='yes'
ac_cv_header_stdc='yes'
ac_cv_header_stdint_h='yes'
ac_cv_header_stdlib_h='yes'
ac_cv_header_string_h='yes'
ac_cv_header_strings_h='yes'
ac_cv_header_sys_ioctl_h='yes'
ac_cv_header_sys_param_h='yes'
ac_cv_header_sys_poll_h='yes'
ac_cv_header_sys_select_h='yes'
ac_cv_header_sys_stat_h='yes'
ac_cv_header_sys_termio_h='no'
ac_cv_header_sys_time_h='yes'
ac_cv_header_sys_times_h='yes'
ac_cv_header_sys_types_h='yes'
ac_cv_header_termio_h='yes'
ac_cv_header_termios_h='yes'
ac_cv_header_time='yes'
ac_cv_header_typeinfo='yes'
ac_cv_header_unistd_h='yes'
ac_cv_header_vfork_h='no'
ac_cv_header_wctype_h='yes'
ac_cv_host='x86_64-pc-linux-gnu'
ac_cv_host_alias='x86_64-linux'
ac_cv_lib_dir_opendir='no'
ac_cv_lib_m_sin='yes'
ac_cv_lib_util_openpty='yes'
ac_cv_libnet_endianess='lil'
ac_cv_linux_vers='2'
ac_cv_need_trio='no'
ac_cv_o_nonblock_inherited='no'
ac_cv_objext='o'
ac_cv_path_EGREP='grep -E'
ac_cv_path_FGREP='grep -F'
ac_cv_path_LDCONFIG='/sbin/ldconfig'
ac_cv_path_SED='sed'
ac_cv_path_ac_pt_PKG_CONFIG='/home/ubuntu/yocto/rpi-build/tmp/work/x86_64-linux/ncurses-native/6.3+20220423-r0/recipe-sysroot-native/usr/bin/pkg-config'
ac_cv_path_install='/home/ubuntu/yocto/rpi-build/tmp/hosttools/install -c'
ac_cv_prog_AR='ar'
ac_cv_prog_AWK='gawk'
ac_cv_prog_CC='gcc '
ac_cv_prog_CPP='gcc  -E'
ac_cv_prog_CXX='g++ '
ac_cv_prog_CXXCPP='g++  -E'
ac_cv_prog_GREP='grep'
ac_cv_prog_LD='ld '
ac_cv_prog_MAKE_LOWER_TAGS='no'
ac_cv_prog_MAKE_UPPER_TAGS='no'
ac_cv_prog_NM='nm'
ac_cv_prog_RANLIB='ranlib -D'
ac_cv_prog_cc_g='yes'
ac_cv_prog_cc_stdc=''
ac_cv_prog_cxx_g='yes'
ac_cv_prog_gcc_traditional='no'
ac_cv_prog_make_make_set='yes'
ac_cv_sizeof___int64='0'
ac_cv_sizeof_bool='1'
ac_cv_sizeof_char='1'
ac_cv_sizeof_dev_t='8'
ac_cv_sizeof_gid_t='4'
ac_cv_sizeof_int='4'
ac_cv_sizeof_long='8'
ac_cv_sizeof_long_double='16'
ac_cv_sizeof_long_int='8'
ac_cv_sizeof_long_long='8'
ac_cv_sizeof_pid_t='4'
ac_cv_sizeof_short='2'
ac_cv_sizeof_short_int='2'
ac_cv_sizeof_signed_char='1'
ac_cv_sizeof_size_t='8'
ac_cv_sizeof_uid_t='4'
ac_cv_sizeof_unsigned_int='4'
ac_cv_sizeof_unsigned_long='8'
ac_cv_sizeof_unsigned_short='2'
ac_cv_sizeof_void_p='8'
ac_cv_strerror_r_SUSv3='no'
ac_cv_sys_file_offset_bits='no'
ac_cv_sys_large_files='no'
ac_cv_sys_largefile_CC='no'
ac_cv_sys_largefile_source='no'
ac_cv_sys_long_file_names='yes'
ac_cv_sys_restartable_syscalls='yes'
ac_cv_target='x86_64-pc-linux-gnu'
ac_cv_target_alias='x86_64-linux'
ac_cv_type_bool='yes'
ac_cv_type_intptr_t='yes'
ac_cv_type_pid_t='yes'
ac_cv_type_signed_char='yes'
ac_cv_type_ssize_t='yes'
ac_cv_type_uid_t='{ac_cv_type_uid_t=yes}'
ac_cv_va_copy='yes'
ac_cv_va_val_copy='no'
am_cv_func_iconv_works='yes'
am_cv_func_working_getline='yes'
am_cv_langinfo_codeset='yes'
am_cv_scanf_lld='yes'
apr_cv_process_shared_works='no'
apr_cv_tcp_nodelay_with_cork='yes'
as_cv_unaligned_access='yes'
bash_cv_dup2_broken='no'
bash_cv_func_sigsetjmp='present'
bash_cv_func_strcoll_broken='no'
bash_cv_getcwd_calls_popen='no'
bash_cv_getcwd_malloc='yes'
bash_cv_getenv_redef='yes'
bash_cv_have_mbstate_t='yes'
bash_cv_job_control_missing='present'
bash_cv_must_reinstall_sighandlers='no'
bash_cv_opendir_not_robust='no'
bash_cv_pgrp_pipe='no'
bash_cv_printf_a_format='yes'
bash_cv_sys_named_pipes='present'
bash_cv_sys_siglist='no'
bash_cv_type_rlimit='rlim_t'
bash_cv_ulimit_maxfds='yes'
bash_cv_under_sys_siglist='no'
bash_cv_unusable_rtsigs='no'
cf_cv_1UL='1UL'
cf_cv_PATH_TTYS='no'
cf_cv_abi_version='5'
cf_cv_ar_flags='-curv'
cf_cv_builtin_bool='1'
cf_cv_c11_noreturn='no,'
cf_cv_cc_bool_type='0'
cf_cv_consistent_getenv='yes'
cf_cv_cpp_param_init='no'
cf_cv_cpp_static_cast='yes'
cf_cv_dcl_environ='yes'
cf_cv_dcl_errno='yes'
cf_cv_define_sigwinch='yes'
cf_cv_do_relink='yes'
cf_cv_do_reranlib='yes'
cf_cv_do_symlinks='yes'
cf_cv_enable_lp64='0'
cf_cv_enable_opaque='NCURSES_OPAQUE'
cf_cv_enable_reentrant='0'
cf_cv_enable_rpath='no'
cf_cv_fopen_bin_r='yes'
cf_cv_func_mkstemp='yes'
cf_cv_func_nanosleep='yes'
cf_cv_func_openpty='pty.h'
cf_cv_func_vsscanf='vsscanf'
cf_cv_gcc_inline='yes'
cf_cv_getopt_header='unistd.h'
cf_cv_gnu_dftsrc_219='yes'
cf_cv_gnu_library='yes'
cf_cv_gnu_library_219='yes'
cf_cv_have_PATH_TTYS='no'
cf_cv_have_environ='yes'
cf_cv_have_errno='no'
cf_cv_have_isascii='yes'
cf_cv_have_tcgetattr='yes'
cf_cv_have_va_copy='yes'
cf_cv_header_stdbool_h='1'
cf_cv_install_p='yes'
cf_cv_ld_searchpath='/lib/x86_64-linux-gnu /usr/lib/x86_64-linux-gnu /lib64 /usr/lib64 /usr/local/lib /lib /usr/lib'
cf_cv_lib_util='yes'
cf_cv_link_dataonly='yes'
cf_cv_link_funcs=' link symlink'
cf_cv_make_PHONY='yes'
cf_cv_makeflags=''
cf_cv_mixedcase='yes'
cf_cv_need_libm='yes'
cf_cv_posix_visible='no'
cf_cv_prog_CC_c_o='yes'
cf_cv_prog_CXX_c_o='yes'
cf_cv_regex_hdrs='regex.h'
cf_cv_rel_version='5.9'
cf_cv_rm_so_locs='no'
cf_cv_shared_soname='`basename $@ .${REL_VERSION}`.${ABI_VERSION}'
cf_cv_shlib_version='rel'
cf_cv_shlib_version_infix='no'
cf_cv_sig_atomic_t='volatile sig_atomic_t'
cf_cv_sizechange='yes'
cf_cv_src_modules='ncurses progs panel menu form'
cf_cv_struct_dirent64='no'
cf_cv_sys_time_select='yes'
cf_cv_system_name='linux-gnu'
cf_cv_timestamp='Mon Aug 25 03:05:00 UTC 2025'
cf_cv_type_of_bool='unsigned char'
cf_cv_type_sigaction='no'
cf_cv_typeof_chtype='unsigned long'
cf_cv_typeof_mmask_t='unsigned long'
cf_cv_unsigned_literals='yes'
cf_cv_working_poll='yes'
cvs_cv_func_printf_ptr='yes'
db_cv_align_t='unsigned long long'
db_cv_alignp_t='unsigned long long'
db_cv_fcntl_f_setfd='yes'
db_cv_path_ar='/usr/bin/ar'
db_cv_path_chmod='/bin/chmod'
db_cv_path_cp='/bin/cp'
db_cv_path_ln='/bin/ln'
db_cv_path_mkdir='/bin/mkdir'
db_cv_path_ranlib='/usr/bin/ranlib'
db_cv_path_rm='/bin/rm'
db_cv_path_sh='/bin/sh'
db_cv_path_strip='/usr/bin/strip'
db_cv_sprintf_count='yes'
fu_cv_sys_stat_statfs2_bsize='yes'
gl_cv_func_btowc_eof='yes'
gl_cv_func_fstatat_zero_flag='yes'
gl_cv_func_getcwd_abort_bug='no'
gl_cv_func_getcwd_null='yes'
gl_cv_func_getcwd_path_max='yes'
gl_cv_func_link_follows_symlink='no'
gl_cv_func_mbrtowc_incomplete_state='yes'
gl_cv_func_mbrtowc_nul_retval='yes'
gl_cv_func_mbrtowc_null_arg='yes'
gl_cv_func_mbrtowc_retval='yes'
gl_cv_func_mbrtowc_sanitycheck='yes'
gl_cv_func_nanosleep='no (mishandles large arguments)'
gl_cv_func_sleep_works='yes'
gl_cv_func_unlink_busy_text='yes'
gl_cv_func_wcrtomb_retval='yes'
gl_cv_func_wctob_works='yes'
gl_cv_func_working_mkstemp='yes'
gl_cv_func_working_mktime='yes'
gl_cv_func_working_utimes='yes'
gl_cv_have_proc_uptime='yes'
gl_cv_header_working_fcntl_h='yes'
gl_cv_pipes_are_fifos='yes (1)'
glib_cv___va_copy='yes'
glib_cv_compliant_posix_memalign='1'
glib_cv_has__inline='yes'
glib_cv_has__inline__='yes'
glib_cv_hasinline='yes'
glib_cv_have_qsort_r='yes'
glib_cv_long_long_format='ll'
glib_cv_rtldglobal_broken='yes'
glib_cv_sane_realloc='yes'
glib_cv_sizeof_gmutex='40'
glib_cv_sizeof_intmax_t='8'
glib_cv_sizeof_ptrdiff_t='8'
glib_cv_sizeof_size_t='8'
glib_cv_sizeof_system_thread='8'
glib_cv_stack_grows='no'
glib_cv_strlcpy='no'
glib_cv_sys_pthread_cond_timedwait_posix='yes'
glib_cv_sys_pthread_getspecific_posix='yes'
glib_cv_sys_pthread_mutex_trylock_posix='yes'
glib_cv_uscore='no'
glib_cv_va_copy='yes'
glib_cv_va_val_copy='no'
gt_cv_locale_fr='fr_FR'
hw_cv_func_snprintf_c99='yes'
hw_cv_func_vsnprintf_c99='yes'
lf_cv_sane_realloc='yes'
lftp_cv_va_val_copy='no'
lt_cv_sys_lib_dlsearch_path_spec='/home/ubuntu/yocto/rpi-build/tmp/work/x86_64-linux/ncurses-native/6.3+20220423-r0/recipe-sysroot-native/usr/lib /home/ubuntu/yocto/rpi-build/tmp/work/x86_64-linux/ncurses-native/6.3+20220423-r0/recipe-sysroot-native/usr/lib /lib /lib64 /usr/lib /usr/lib64'
mr_cv_target_elf='yes'
nano_cv_func_regexec_segv_emptystr='no'
nfsd_cv_broken_setfsuid='0'
nfsd_cv_bsd_signals='yes'
nfsd_cv_func_statfs='statfs2_bsize'
rsync_cv_HAVE_C99_VSNPRINTF='yes'
samba_cv_HAVE_IFACE_AIX='no'
samba_cv_HAVE_IFACE_IFCONF='yes'
samba_cv_HAVE_IFACE_IFREQ='yes'
samba_cv_HAVE_IRIX_SPECIFIC_CAPABILITIES='no'
samba_cv_HAVE_VA_COPY='yes'
screen_cv_sys_bcopy_overlap='no'
screen_cv_sys_fifo_broken_impl='yes'
screen_cv_sys_fifo_usable='yes'
screen_cv_sys_memcpy_overlap='no'
screen_cv_sys_memmove_overlap='no'
screen_cv_sys_select_broken_retval='no'
screen_cv_sys_sockets_nofs='no'
screen_cv_sys_sockets_usable='yes'
screen_cv_sys_terminfo_used='yes'
shadow_cv_logdir='/home/ubuntu/yocto/rpi-build/tmp/work/x86_64-linux/ncurses-native/6.3+20220423-r0/recipe-sysroot-native/var/log'
shadow_cv_maildir='/home/ubuntu/yocto/rpi-build/tmp/work/x86_64-linux/ncurses-native/6.3+20220423-r0/recipe-sysroot-native/var/spool/mail'
shadow_cv_mailfile='Mailbox'
shadow_cv_passwd_dir='/home/ubuntu/yocto/rpi-build/tmp/work/x86_64-linux/ncurses-native/6.3+20220423-r0/recipe-sysroot-native/usr/bin'
shadow_cv_utmpdir='/home/ubuntu/yocto/rpi-build/tmp/work/x86_64-linux/ncurses-native/6.3+20220423-r0/recipe-sysroot-native/var/run'
slrn_cv_va_val_copy='no'
sudo_cv_func_unsetenv_void='no'
tcl_cv_api_serial='termios'
utils_cv_sys_open_max='1015'
xorg_cv_malloc0_returns_null='yes'

## ------------ ##
## confdefs.h.  ##
## ------------ ##

#define PACKAGE "ncurses"
#define NCURSES_VERSION "6.3"
#define NCURSES_PATCHDATE 20220423
#define SYSTEM_NAME "linux-gnu"
#ifdef __cplusplus
#include <stdlib.h>
#endif
#define HAVE_LONG_FILE_NAMES 1
#define MIXEDCASE_FILENAMES 1
#define TERMINFO_DIRS "/home/ubuntu/yocto/rpi-build/tmp/work/x86_64-linux/ncurses-native/6.3+20220423-r0/recipe-sysroot-native/etc/terminfo:/home/ubuntu/yocto/rpi-build/tmp/work/x86_64-linux/ncurses-native/6.3+20220423-r0/recipe-sysroot-native/usr/share/terminfo:/etc/terminfo:/usr/share/terminfo:/usr/share/misc/terminfo:/lib/terminfo"
#define TERMINFO "/home/ubuntu/yocto/rpi-build/tmp/work/x86_64-linux/ncurses-native/6.3+20220423-r0/recipe-sysroot-native/usr/share/terminfo"
#define PURE_TERMINFO 1
#define USE_HOME_TERMINFO 1
#define USE_ROOT_ENVIRON 1
#define USE_ROOT_ACCESS 1
#define HAVE_UNISTD_H 1
#define HAVE_REMOVE 1
#define HAVE_UNLINK 1
#define HAVE_LINK 1
#define HAVE_SYMLINK 1
#define USE_LINKS 1
#define HAVE_LANGINFO_CODESET 1
#define HAVE_FSEEKO 1
#define RGB_PATH "/usr/share/X11/rgb.txt"
#define STDC_HEADERS 1
#define HAVE_SYS_TYPES_H 1
#define HAVE_SYS_STAT_H 1
#define HAVE_STDLIB_H 1
#define HAVE_STRING_H 1
#define HAVE_MEMORY_H 1
#define HAVE_STRINGS_H 1
#define HAVE_INTTYPES_H 1
#define HAVE_STDINT_H 1
#define HAVE_UNISTD_H 1
#define SIZEOF_SIGNED_CHAR 1
#define NCURSES_EXT_FUNCS 1
#define HAVE_ASSUME_DEFAULT_COLORS 1
#define HAVE_CURSES_VERSION 1
#define HAVE_HAS_KEY 1
#define HAVE_RESIZETERM 1
#define HAVE_RESIZE_TERM 1
#define HAVE_TERM_ENTRY_H 1
#define HAVE_USE_DEFAULT_COLORS 1
#define HAVE_USE_EXTENDED_NAMES 1
#define HAVE_USE_SCREEN 1
#define HAVE_USE_WINDOW 1
#define HAVE_WRESIZE 1
#define NCURSES_NO_PADDING 1
#define USE_SIGWINCH 1
#define NCURSES_WRAP_PREFIX "_nc_"
#define USE_HARD_TABS 1
#define USE_XMC_SUPPORT 1
#define USE_ASSUMED_COLOR 1
#define USE_HASHMAP 1
#define USE_COLORFGBG 1
#define GCC_SCANF 1
#define GCC_SCANF 1
#define GCC_SCANFLIKE(fmt,var) __attribute__((format(scanf,fmt,var)))
#define GCC_PRINTF 1
#define GCC_PRINTF 1
#define GCC_PRINTFLIKE(fmt,var) __attribute__((format(printf,fmt,var)))
#define GCC_UNUSED __attribute__((unused))
#define GCC_UNUSED __attribute__((unused))
#define GCC_NORETURN __attribute__((noreturn))
#define GCC_NORETURN __attribute__((noreturn))
#define HAVE_NC_ALLOC_H 1
#define HAVE_GETTIMEOFDAY 1
#define STDC_HEADERS 1
#define HAVE_DIRENT_H 1
#define TIME_WITH_SYS_TIME 1
#define HAVE_REGEX_H_FUNCS 1
#define HAVE_FCNTL_H 1
#define HAVE_GETOPT_H 1
#define HAVE_LIMITS_H 1
#define HAVE_LOCALE_H 1
#define HAVE_MATH_H 1
#define HAVE_POLL_H 1
#define HAVE_SYS_IOCTL_H 1
#define HAVE_SYS_PARAM_H 1
#define HAVE_SYS_POLL_H 1
#define HAVE_SYS_SELECT_H 1
#define HAVE_SYS_TIME_H 1
#define HAVE_SYS_TIMES_H 1
#define HAVE_UNISTD_H 1
#define HAVE_WCTYPE_H 1
#define HAVE_UNISTD_H 1
#define HAVE_GETOPT_H 1
#define HAVE_GETOPT_HEADER 1
#define HAVE_ENVIRON 1
#define HAVE_PUTENV 1
#define HAVE_SETENV 1
#define HAVE_STRDUP 1
#define HAVE_SYS_TIME_SELECT 1
#define SIG_ATOMIC_T volatile sig_atomic_t
#define HAVE_GETCWD 1
#define HAVE_GETEGID 1
#define HAVE_GETEUID 1
#define HAVE_GETOPT 1
#define HAVE_LOCALECONV 1
#define HAVE_POLL 1
#define HAVE_PUTENV 1
#define HAVE_REMOVE 1
#define HAVE_SELECT 1
#define HAVE_SETBUF 1
#define HAVE_SETBUFFER 1
#define HAVE_SETENV 1
#define HAVE_SETFSUID 1
#define HAVE_SETVBUF 1
#define HAVE_SIGACTION 1
#define HAVE_SNPRINTF 1
#define HAVE_STRDUP 1
#define HAVE_STRSTR 1
#define HAVE_SYSCONF 1
#define HAVE_TCGETPGRP 1
#define HAVE_TIMES 1
#define HAVE_TSEARCH 1
#define HAVE_VSNPRINTF 1
#define HAVE_ISASCII 1
#define HAVE_NANOSLEEP 1
#define HAVE_TERMIO_H 1
#define HAVE_TERMIOS_H 1
#define HAVE_UNISTD_H 1
#define HAVE_SYS_IOCTL_H 1
#define HAVE_TCGETATTR 1
#define HAVE_VSSCANF 1
#define HAVE_UNISTD_H 1
#define HAVE_MKSTEMP 1
#define HAVE_SIZECHANGE 1
#define HAVE_POSIX_OPENPT 1
#define HAVE_WORKING_POLL 1
#define HAVE_VA_COPY 1
#define HAVE_UNISTD_H 1
#define HAVE_FORK 1
#define HAVE_VFORK 1
#define HAVE_WORKING_VFORK 1
#define HAVE_WORKING_FORK 1
#define USE_FOPEN_BIN_R 1
#define USE_OPENPTY_HEADER <pty.h>
#define USE_XTERM_PTY 1
#define HAVE_TYPEINFO 1
#define HAVE_IOSTREAM 1
#define IOSTREAM_NAMESPACE 1
#define SIZEOF_BOOL 1
#define CPP_HAS_STATIC_CAST 1
#define HAVE_SLK_COLOR 1
#define HAVE_PANEL_H 1
#define HAVE_LIBPANEL 1
#define HAVE_MENU_H 1
#define HAVE_LIBMENU 1
#define HAVE_FORM_H 1
#define HAVE_LIBFORM 1
#define NCURSES_PATHSEP ':'
#define NCURSES_VERSION_STRING "6.3.20220423"
#define NCURSES_OSPEED_COMPAT 1
#define HAVE_CURSES_DATA_BOOLNAMES 1


configure: exit 0
